real_timestamp,real_datetime,simulation_time_s,relative_real_time_s
1762983398.363214,2025-11-12 22:36:38.363214,0.0,0.9046633243560791
1762983398.4145725,2025-11-12 22:36:38.414572,0.1442910641095092,0.956021785736084
1762983398.4657176,2025-11-12 22:36:38.465718,0.1452910641095092,1.007166862487793
1762983398.5161417,2025-11-12 22:36:38.516142,0.1452910641095092,1.0575909614562988
1762983398.5653722,2025-11-12 22:36:38.565372,2.0244473295301346,1.1068215370178223
1762983398.6141055,2025-11-12 22:36:38.614105,2.0254473295301345,1.1555547714233398
1762983398.664283,2025-11-12 22:36:38.664283,2.0254473295301345,1.2057323455810547
1762983398.7138386,2025-11-12 22:36:38.713839,3.4674162548767975,1.2552878856658936
1762983398.7625709,2025-11-12 22:36:38.762571,3.4684162548767974,1.3040201663970947
1762983398.812052,2025-11-12 22:36:38.812052,3.4684162548767974,1.353501319885254
1762983398.8617527,2025-11-12 22:36:38.861753,3.7618799717710605,1.4032020568847656
1762983398.9116614,2025-11-12 22:36:38.911661,3.7618799717710605,1.453110694885254
1762983398.9615364,2025-11-12 22:36:38.961536,4.445938751430661,1.5029857158660889
1762983399.011266,2025-11-12 22:36:39.011266,4.445938751430661,1.5527153015136719
1762983399.0613253,2025-11-12 22:36:39.061325,5.042850843298658,1.6027746200561523
1762983399.1112118,2025-11-12 22:36:39.111212,5.042850843298658,1.6526610851287842
1762983399.1615489,2025-11-12 22:36:39.161549,6.097234707364539,1.702998161315918
1762983399.2118409,2025-11-12 22:36:39.211841,6.098234707364539,1.7532901763916016
1762983399.2616277,2025-11-12 22:36:39.261628,6.098234707364539,1.803076982498169
1762983399.311272,2025-11-12 22:36:39.311272,7.651821579594499,1.8527212142944336
1762983399.3603442,2025-11-12 22:36:39.360344,7.651821579594499,1.9017934799194336
1762983399.409479,2025-11-12 22:36:39.409479,7.750382583056654,1.9509282112121582
1762983399.4583306,2025-11-12 22:36:39.458331,7.751382583056654,1.9997799396514893
1762983399.5074759,2025-11-12 22:36:39.507476,7.751382583056654,2.0489251613616943
1762983399.5578287,2025-11-12 22:36:39.557829,7.7791396076255035,2.099277973175049
1762983399.6079376,2025-11-12 22:36:39.607938,7.780139607625504,2.1493868827819824
1762983399.6588485,2025-11-12 22:36:39.658849,7.780139607625504,2.2002978324890137
1762983399.7087133,2025-11-12 22:36:39.708713,9.585597190365398,2.2501626014709473
1762983399.7579181,2025-11-12 22:36:39.757918,9.585597190365398,2.2993674278259277
1762983399.8077643,2025-11-12 22:36:39.807764,10.152582434998886,2.3492136001586914
1762983399.8571734,2025-11-12 22:36:39.857173,10.152582434998886,2.398622751235962
1762983399.908281,2025-11-12 22:36:39.908281,11.589244550352646,2.449730396270752
1762983399.9625998,2025-11-12 22:36:39.962600,11.590244550352645,2.504049062728882
1762983400.0120146,2025-11-12 22:36:40.012015,11.590244550352645,2.553463935852051
1762983400.0562325,2025-11-12 22:36:40.056232,11.591352824552814,2.597681760787964
1762983400.0963116,2025-11-12 22:36:40.096312,11.592352824552814,2.637760877609253
1762983400.1370847,2025-11-12 22:36:40.137085,11.592352824552814,2.6785340309143066
1762983400.1775753,2025-11-12 22:36:40.177575,12.18083788020298,2.719024658203125
1762983400.2175393,2025-11-12 22:36:40.217539,12.18083788020298,2.758988618850708
1762983400.2573063,2025-11-12 22:36:40.257306,13.459318852845557,2.798755645751953
1762983400.2967293,2025-11-12 22:36:40.296729,13.460318852845557,2.8381786346435547
1762983400.3364258,2025-11-12 22:36:40.336426,13.460318852845557,2.8778750896453857
1762983400.3844342,2025-11-12 22:36:40.384434,13.719077402789338,2.9258835315704346
1762983400.4328766,2025-11-12 22:36:40.432877,13.720077402789338,2.9743258953094482
1762983400.4819453,2025-11-12 22:36:40.481945,13.720077402789338,3.0233945846557617
1762983400.531199,2025-11-12 22:36:40.531199,16.624433385520128,3.072648286819458
1762983400.5793984,2025-11-12 22:36:40.579398,16.62543338552013,3.120847702026367
1762983400.6278052,2025-11-12 22:36:40.627805,16.62543338552013,3.1692545413970947
1762983400.6763165,2025-11-12 22:36:40.676316,18.94139591643647,3.2177658081054688
1762983400.7243376,2025-11-12 22:36:40.724338,18.94239591643647,3.26578688621521
1762983400.7725415,2025-11-12 22:36:40.772542,18.94239591643647,3.313990831375122
1762983400.8212416,2025-11-12 22:36:40.821242,18.97246353889954,3.3626909255981445
1762983400.8694606,2025-11-12 22:36:40.869461,18.97346353889954,3.41090989112854
1762983400.9180493,2025-11-12 22:36:40.918049,18.97346353889954,3.459498643875122
1762983400.9666662,2025-11-12 22:36:40.966666,18.998238744800936,3.508115530014038
1762983401.014707,2025-11-12 22:36:41.014707,18.999238744800937,3.5561563968658447
1762983401.0629926,2025-11-12 22:36:41.062993,18.999238744800937,3.6044418811798096
1762983401.1113677,2025-11-12 22:36:41.111368,19.777842851272734,3.6528170108795166
1762983401.1599088,2025-11-12 22:36:41.159909,19.777842851272734,3.7013580799102783
1762983401.2082348,2025-11-12 22:36:41.208235,22.577172552140482,3.7496840953826904
1762983401.2559552,2025-11-12 22:36:41.255955,22.578172552140483,3.7974045276641846
1762983401.3043215,2025-11-12 22:36:41.304322,22.578172552140483,3.845770835876465
1762983401.3527646,2025-11-12 22:36:41.352765,23.057152560682795,3.894213914871216
1762983401.4006958,2025-11-12 22:36:41.400696,23.058152560682796,3.9421451091766357
1762983401.4491858,2025-11-12 22:36:41.449186,23.058152560682796,3.9906351566314697
1762983401.4976175,2025-11-12 22:36:41.497617,23.301263648878496,4.039066791534424
1762983401.5458655,2025-11-12 22:36:41.545866,23.302263648878498,4.08731484413147
1762983401.5941815,2025-11-12 22:36:41.594182,23.302263648878498,4.13563084602356
1762983401.6421714,2025-11-12 22:36:41.642171,23.84964676738936,4.1836206912994385
1762983401.6903262,2025-11-12 22:36:41.690326,23.84964676738936,4.231775522232056
1762983401.7387424,2025-11-12 22:36:41.738742,23.879117584703806,4.280191659927368
1762983401.786513,2025-11-12 22:36:41.786513,23.880117584703807,4.327962398529053
1762983401.8348842,2025-11-12 22:36:41.834884,23.880117584703807,4.376333475112915
1762983401.8830197,2025-11-12 22:36:41.883020,24.129750102175503,4.424468994140625
1762983401.931453,2025-11-12 22:36:41.931453,24.129750102175503,4.472902297973633
1762983401.9797118,2025-11-12 22:36:41.979712,24.70580353996563,4.521161079406738
1762983402.027614,2025-11-12 22:36:42.027614,24.70580353996563,4.569063425064087
1762983402.0759706,2025-11-12 22:36:42.075971,25.390610083310282,4.617419958114624
1762983402.124186,2025-11-12 22:36:42.124186,25.390610083310282,4.665635347366333
1762983402.1649814,2025-11-12 22:36:42.164981,25.65598867162542,4.706430673599243
1762983402.2035394,2025-11-12 22:36:42.203539,25.65598867162542,4.744988679885864
1762983402.2423189,2025-11-12 22:36:42.242319,25.918479448098495,4.783768177032471
1762983402.2806544,2025-11-12 22:36:42.280654,25.919479448098496,4.82210373878479
1762983402.3194928,2025-11-12 22:36:42.319493,25.919479448098496,4.860942125320435
1762983402.358655,2025-11-12 22:36:42.358655,26.16537925461143,4.900104284286499
1762983402.3974974,2025-11-12 22:36:42.397497,26.16637925461143,4.938946723937988
1762983402.4363205,2025-11-12 22:36:42.436321,26.16637925461143,4.97776985168457
1762983402.4752903,2025-11-12 22:36:42.475290,26.780831340810348,5.0167396068573
1762983402.514055,2025-11-12 22:36:42.514055,26.780831340810348,5.055504322052002
1762983402.5533924,2025-11-12 22:36:42.553392,27.123014111967894,5.094841718673706
1762983402.5919843,2025-11-12 22:36:42.591984,27.124014111967895,5.13343358039856
1762983402.6306968,2025-11-12 22:36:42.630697,27.124014111967895,5.1721460819244385
1762983402.6696804,2025-11-12 22:36:42.669680,27.14473808323507,5.211129665374756
1762983402.7083254,2025-11-12 22:36:42.708325,27.14473808323507,5.249774694442749
1762983402.7470777,2025-11-12 22:36:42.747078,28.962295325843595,5.288527011871338
1762983402.7853327,2025-11-12 22:36:42.785333,28.963295325843596,5.326781988143921
1762983402.8240147,2025-11-12 22:36:42.824015,28.963295325843596,5.365463972091675
1762983402.862442,2025-11-12 22:36:42.862442,29.77524981548758,5.403891324996948
1762983402.90034,2025-11-12 22:36:42.900340,29.77624981548758,5.441789388656616
1762983402.939048,2025-11-12 22:36:42.939048,29.77624981548758,5.480497360229492
1762983402.9777853,2025-11-12 22:36:42.977785,30.803294689124126,5.519234657287598
1762983403.0159705,2025-11-12 22:36:43.015970,30.804294689124127,5.557419776916504
1762983403.054324,2025-11-12 22:36:43.054324,30.804294689124127,5.595773220062256
1762983403.0928895,2025-11-12 22:36:43.092890,31.008974456269765,5.634338855743408
1762983403.1311684,2025-11-12 22:36:43.131168,31.008974456269765,5.672617673873901
1762983403.1694744,2025-11-12 22:36:43.169474,35.907631821929186,5.710923671722412
1762983403.207599,2025-11-12 22:36:43.207599,35.907631821929186,5.749048233032227
1762983403.246001,2025-11-12 22:36:43.246001,37.87336281404495,5.787450313568115
1762983403.2840698,2025-11-12 22:36:43.284070,37.87436281404495,5.82551908493042
1762983403.322696,2025-11-12 22:36:43.322696,37.87436281404495,5.864145278930664
1762983403.3612072,2025-11-12 22:36:43.361207,38.002208015243035,5.902656555175781
1762983403.3991888,2025-11-12 22:36:43.399189,38.00320801524303,5.940638065338135
1762983403.437639,2025-11-12 22:36:43.437639,38.00320801524303,5.979088306427002
1762983403.4760318,2025-11-12 22:36:43.476032,38.406716359236185,6.017481088638306
1762983403.5142853,2025-11-12 22:36:43.514285,38.406716359236185,6.055734634399414
1762983403.5528202,2025-11-12 22:36:43.552820,39.68499759328452,6.094269514083862
1762983403.590945,2025-11-12 22:36:43.590945,39.68499759328452,6.132394313812256
1762983403.6293535,2025-11-12 22:36:43.629354,40.92698996736901,6.17080283164978
1762983403.667797,2025-11-12 22:36:43.667797,40.92698996736901,6.209246397018433
1762983403.7059119,2025-11-12 22:36:43.705912,43.682770136938274,6.247361183166504
1762983403.7439966,2025-11-12 22:36:43.743997,43.682770136938274,6.285445928573608
1762983403.782058,2025-11-12 22:36:43.782058,44.23113668542556,6.323507308959961
1762983403.8197458,2025-11-12 22:36:43.819746,44.23213668542556,6.361195087432861
1762983403.8578503,2025-11-12 22:36:43.857850,44.23213668542556,6.399299621582031
1762983403.896113,2025-11-12 22:36:43.896113,46.003303509839434,6.4375622272491455
1762983403.9338536,2025-11-12 22:36:43.933854,46.00430350983943,6.4753029346466064
1762983403.9719546,2025-11-12 22:36:43.971955,46.00430350983943,6.51340389251709
1762983404.010145,2025-11-12 22:36:44.010145,47.112892522156265,6.551594257354736
1762983404.0480876,2025-11-12 22:36:44.048088,47.112892522156265,6.589536905288696
1762983404.0862365,2025-11-12 22:36:44.086236,47.47439124028461,6.627685785293579
1762983404.1239138,2025-11-12 22:36:44.123914,47.47539124028461,6.665363073348999
1762983404.16213,2025-11-12 22:36:44.162130,47.47539124028461,6.703579425811768
1762983404.2001762,2025-11-12 22:36:44.200176,48.36010574141968,6.741625547409058
1762983404.2379303,2025-11-12 22:36:44.237930,48.36110574141968,6.779379606246948
1762983404.2758393,2025-11-12 22:36:44.275839,48.36110574141968,6.817288637161255
1762983404.3141158,2025-11-12 22:36:44.314116,50.50124398646085,6.855565071105957
1762983404.3519542,2025-11-12 22:36:44.351954,50.50224398646085,6.89340353012085
1762983404.3899906,2025-11-12 22:36:44.389991,50.50224398646085,6.9314398765563965
1762983404.4283552,2025-11-12 22:36:44.428355,52.37332942326077,6.969804525375366
1762983404.4661481,2025-11-12 22:36:44.466148,52.37432942326077,7.00759744644165
1762983404.5041084,2025-11-12 22:36:44.504108,52.37432942326077,7.045557737350464
1762983404.5423903,2025-11-12 22:36:44.542390,53.07710047902476,7.083839654922485
1762983404.5799003,2025-11-12 22:36:44.579900,53.078100479024755,7.121349573135376
1762983404.6179821,2025-11-12 22:36:44.617982,53.078100479024755,7.159431457519531
1762983404.6563177,2025-11-12 22:36:44.656318,53.966268037400575,7.197767019271851
1762983404.6940033,2025-11-12 22:36:44.694003,53.96726803740057,7.235452651977539
1762983404.732022,2025-11-12 22:36:44.732022,53.96726803740057,7.273471355438232
1762983404.7700193,2025-11-12 22:36:44.770019,54.00140396800649,7.311468601226807
1762983404.8076122,2025-11-12 22:36:44.807612,54.00240396800649,7.349061489105225
1762983404.8454993,2025-11-12 22:36:44.845499,54.00240396800649,7.386948585510254
1762983404.883746,2025-11-12 22:36:44.883746,54.27945255655232,7.425195217132568
1762983404.9215033,2025-11-12 22:36:44.921503,54.28045255655232,7.462952613830566
1762983404.9595144,2025-11-12 22:36:44.959514,54.28045255655232,7.5009636878967285
1762983404.997345,2025-11-12 22:36:44.997345,55.87599520916326,7.538794279098511
1762983405.0355096,2025-11-12 22:36:45.035510,55.87599520916326,7.576958894729614
1762983405.0735793,2025-11-12 22:36:45.073579,56.41096667716351,7.615028619766235
1762983405.1116467,2025-11-12 22:36:45.111647,56.41096667716351,7.653095960617065
1762983405.1498218,2025-11-12 22:36:45.149822,56.600926211076214,7.691271066665649
1762983405.1876822,2025-11-12 22:36:45.187682,56.600926211076214,7.729131460189819
1762983405.2256536,2025-11-12 22:36:45.225654,57.3967680447279,7.767102956771851
1762983405.2633965,2025-11-12 22:36:45.263397,57.3967680447279,7.804845809936523
1762983405.3012774,2025-11-12 22:36:45.301277,58.61092844033866,7.842726707458496
1762983405.3391185,2025-11-12 22:36:45.339118,58.61092844033866,7.880567789077759
1762983405.3771663,2025-11-12 22:36:45.377166,59.73327772713677,7.9186155796051025
1762983405.4145055,2025-11-12 22:36:45.414505,59.73427772713677,7.9559547901153564
1762983405.4523642,2025-11-12 22:36:45.452364,59.73427772713677,7.993813514709473
1762983405.4903247,2025-11-12 22:36:45.490325,60.0,8.031774044036865
1762983405.5280645,2025-11-12 22:36:45.528064,60.20280630204132,8.06951379776001
1762983405.5658636,2025-11-12 22:36:45.565864,60.20280630204132,8.10731291770935
1762983405.6037822,2025-11-12 22:36:45.603782,60.78077228219714,8.145231485366821
1762983405.6415799,2025-11-12 22:36:45.641580,60.78077228219714,8.183029174804688
1762983405.679575,2025-11-12 22:36:45.679575,61.490916066651806,8.22102427482605
1762983405.717778,2025-11-12 22:36:45.717778,61.490916066651806,8.259227275848389
1762983405.7561865,2025-11-12 22:36:45.756186,62.99798971521131,8.297635793685913
1762983405.7939336,2025-11-12 22:36:45.793934,62.99798971521131,8.33538293838501
1762983405.8318884,2025-11-12 22:36:45.831888,63.733915840564286,8.373337745666504
1762983405.8694606,2025-11-12 22:36:45.869461,63.733915840564286,8.41090989112854
1762983405.9069972,2025-11-12 22:36:45.906997,64.23356267211419,8.44844651222229
1762983405.9445324,2025-11-12 22:36:45.944532,64.23356267211419,8.485981702804565
1762983405.982465,2025-11-12 22:36:45.982465,64.90630646560017,8.523914337158203
1762983406.01993,2025-11-12 22:36:46.019930,64.90730646560017,8.561379194259644
1762983406.0573652,2025-11-12 22:36:46.057365,64.90730646560017,8.598814487457275
1762983406.094901,2025-11-12 22:36:46.094901,64.93632758758093,8.636350393295288
1762983406.13199,2025-11-12 22:36:46.131990,64.93732758758094,8.673439264297485
1762983406.1693208,2025-11-12 22:36:46.169321,64.93732758758094,8.71077013015747
1762983406.2067418,2025-11-12 22:36:46.206742,64.98078879011452,8.748191118240356
1762983406.2438774,2025-11-12 22:36:46.243877,64.98078879011452,8.785326719284058
1762983406.281502,2025-11-12 22:36:46.281502,66.1960992521529,8.822951316833496
1762983406.3188503,2025-11-12 22:36:46.318850,66.19709925215291,8.860299587249756
1762983406.3562763,2025-11-12 22:36:46.356276,66.19709925215291,8.897725582122803
1762983406.3937993,2025-11-12 22:36:46.393799,70.28174479933898,8.935248613357544
1762983406.4309583,2025-11-12 22:36:46.430958,70.28174479933898,8.972407579421997
1762983406.4682307,2025-11-12 22:36:46.468231,71.18113842079714,9.009680032730103
1762983406.505106,2025-11-12 22:36:46.505106,71.18213842079714,9.046555280685425
1762983406.5427876,2025-11-12 22:36:46.542788,71.18213842079714,9.084236860275269
1762983406.5805738,2025-11-12 22:36:46.580574,71.68135334826444,9.122023105621338
1762983406.6178646,2025-11-12 22:36:46.617865,71.68235334826444,9.159313917160034
1762983406.6554108,2025-11-12 22:36:46.655411,71.68235334826444,9.196860074996948
1762983406.6928627,2025-11-12 22:36:46.692863,71.86810373408628,9.234312057495117
1762983406.7298346,2025-11-12 22:36:46.729835,71.86910373408628,9.271283864974976
1762983406.7672336,2025-11-12 22:36:46.767234,71.86910373408628,9.308682918548584
1762983406.8044918,2025-11-12 22:36:46.804492,72.56573808381569,9.345941066741943
1762983406.841817,2025-11-12 22:36:46.841817,72.56573808381569,9.38326621055603
1762983406.8793173,2025-11-12 22:36:46.879317,76.58738833549415,9.420766592025757
1762983406.9162102,2025-11-12 22:36:46.916210,76.58838833549416,9.457659482955933
1762983406.9535022,2025-11-12 22:36:46.953502,76.58838833549416,9.494951486587524
1762983406.9909663,2025-11-12 22:36:46.990966,78.05934141720854,9.532415628433228
1762983407.028095,2025-11-12 22:36:47.028095,78.06034141720855,9.569544315338135
1762983407.0652854,2025-11-12 22:36:47.065285,78.06034141720855,9.60673475265503
1762983407.102811,2025-11-12 22:36:47.102811,78.8350389185185,9.64426040649414
1762983407.1399198,2025-11-12 22:36:47.139920,78.83603891851851,9.681369066238403
1762983407.177346,2025-11-12 22:36:47.177346,78.83603891851851,9.71879529953003
1762983407.214902,2025-11-12 22:36:47.214902,80.8032237694227,9.756351232528687
1762983407.2517967,2025-11-12 22:36:47.251797,80.8042237694227,9.793246030807495
1762983407.2889605,2025-11-12 22:36:47.288960,80.8042237694227,9.83040976524353
1762983407.3260372,2025-11-12 22:36:47.326037,81.06741867497348,9.867486476898193
1762983407.3628404,2025-11-12 22:36:47.362840,81.06841867497349,9.904289722442627
1762983407.4001544,2025-11-12 22:36:47.400154,81.06841867497349,9.941603660583496
1762983407.4374664,2025-11-12 22:36:47.437466,81.7884956115581,9.978915691375732
1762983407.4742064,2025-11-12 22:36:47.474206,81.78949561155811,10.015655755996704
1762983407.511231,2025-11-12 22:36:47.511231,81.78949561155811,10.052680253982544
1762983407.5487633,2025-11-12 22:36:47.548763,84.83483485230278,10.09021258354187
1762983407.5858135,2025-11-12 22:36:47.585814,84.83483485230278,10.127262830734253
1762983407.6230738,2025-11-12 22:36:47.623074,85.6970986979861,10.164523124694824
1762983407.6597595,2025-11-12 22:36:47.659760,85.69809869798611,10.20120882987976
1762983407.696881,2025-11-12 22:36:47.696881,85.69809869798611,10.238330364227295
1762983407.734043,2025-11-12 22:36:47.734043,86.31167822483422,10.275492191314697
1762983407.771022,2025-11-12 22:36:47.771022,86.31167822483422,10.312471389770508
1762983407.8082705,2025-11-12 22:36:47.808270,86.62540243925159,10.349719762802124
1762983407.8452327,2025-11-12 22:36:47.845233,86.62640243925159,10.386682033538818
1762983407.882476,2025-11-12 22:36:47.882476,86.62640243925159,10.423925399780273
1762983407.9199207,2025-11-12 22:36:47.919921,87.41946737353715,10.46136999130249
1762983407.9566882,2025-11-12 22:36:47.956688,87.42046737353715,10.498137474060059
1762983407.9938593,2025-11-12 22:36:47.993859,87.42046737353715,10.535308599472046
1762983408.031087,2025-11-12 22:36:48.031087,90.56873041983913,10.57253623008728
1762983408.0682418,2025-11-12 22:36:48.068242,90.56873041983913,10.609691143035889
1762983408.1052122,2025-11-12 22:36:48.105212,90.57445590866396,10.646661520004272
1762983408.141672,2025-11-12 22:36:48.141672,90.57545590866397,10.68312120437622
1762983408.1785302,2025-11-12 22:36:48.178530,90.57545590866397,10.719979524612427
1762983408.2157214,2025-11-12 22:36:48.215721,92.10533790714885,10.757170677185059
1762983408.2525206,2025-11-12 22:36:48.252521,92.10633790714886,10.793969869613647
1762983408.2896745,2025-11-12 22:36:48.289675,92.10633790714886,10.83112382888794
1762983408.3268423,2025-11-12 22:36:48.326842,93.82283949618764,10.86829161643982
1762983408.3642297,2025-11-12 22:36:48.364230,93.82283949618764,10.905678987503052
1762983408.401273,2025-11-12 22:36:48.401273,95.99597283922182,10.94272232055664
1762983408.4382572,2025-11-12 22:36:48.438257,95.99597283922182,10.979706525802612
1762983408.4753103,2025-11-12 22:36:48.475310,97.3449845634039,11.016759634017944
1762983408.512544,2025-11-12 22:36:48.512544,97.3449845634039,11.053993225097656
1762983408.549628,2025-11-12 22:36:48.549628,99.00119914802411,11.091077327728271
1762983408.5861099,2025-11-12 22:36:48.586110,99.00219914802412,11.127559185028076
1762983408.6231318,2025-11-12 22:36:48.623132,99.00219914802412,11.164581060409546
1762983408.659808,2025-11-12 22:36:48.659808,99.73241853125592,11.201257228851318
1762983408.6962342,2025-11-12 22:36:48.696234,99.73341853125592,11.237683534622192
1762983408.7332969,2025-11-12 22:36:48.733297,99.73341853125592,11.274746179580688
1762983408.7703438,2025-11-12 22:36:48.770344,100.5564899113317,11.311793088912964
1762983408.8068926,2025-11-12 22:36:48.806893,100.5574899113317,11.348341941833496
1762983408.8437529,2025-11-12 22:36:48.843753,100.5574899113317,11.385202169418335
1762983408.880512,2025-11-12 22:36:48.880512,101.11177378502498,11.421961307525635
1762983408.917315,2025-11-12 22:36:48.917315,101.11177378502498,11.45876431465149
1762983408.9542234,2025-11-12 22:36:48.954223,101.16953351817253,11.495672702789307
1762983408.9908602,2025-11-12 22:36:48.990860,101.16953351817253,11.532309532165527
1762983409.0276725,2025-11-12 22:36:49.027673,103.20983246649374,11.569121837615967
1762983409.0643363,2025-11-12 22:36:49.064336,103.20983246649374,11.605785608291626
1762983409.1011875,2025-11-12 22:36:49.101187,104.05380098766477,11.642636775970459
1762983409.13797,2025-11-12 22:36:49.137970,104.05380098766477,11.67941927909851
1762983409.1749005,2025-11-12 22:36:49.174901,104.27674383434294,11.716349840164185
1762983409.2116203,2025-11-12 22:36:49.211620,104.27674383434294,11.753069639205933
1762983409.248357,2025-11-12 22:36:49.248357,104.97937679788143,11.789806365966797
1762983409.2847118,2025-11-12 22:36:49.284712,104.98037679788143,11.82616114616394
1762983409.3213491,2025-11-12 22:36:49.321349,104.98037679788143,11.86279845237732
1762983409.3582041,2025-11-12 22:36:49.358204,105.64281977362127,11.899653434753418
1762983409.3946288,2025-11-12 22:36:49.394629,105.64281977362127,11.936078071594238
1762983409.4312987,2025-11-12 22:36:49.431299,106.08410373247379,11.972748041152954
1762983409.4674776,2025-11-12 22:36:49.467478,106.0851037324738,12.00892686843872
1762983409.503933,2025-11-12 22:36:49.503933,106.0851037324738,12.045382261276245
1762983409.54099,2025-11-12 22:36:49.540990,106.50887080932633,12.082439422607422
1762983409.5776575,2025-11-12 22:36:49.577657,106.50887080932633,12.119106769561768
1762983409.6142354,2025-11-12 22:36:49.614235,107.28209808902419,12.15568470954895
1762983409.6503813,2025-11-12 22:36:49.650381,107.2830980890242,12.1918306350708
1762983409.6866965,2025-11-12 22:36:49.686697,107.2830980890242,12.228145837783813
1762983409.7231147,2025-11-12 22:36:49.723115,108.2589073073407,12.264564037322998
1762983409.7593508,2025-11-12 22:36:49.759351,108.2589073073407,12.300800085067749
1762983409.795578,2025-11-12 22:36:49.795578,109.20682407352453,12.337027311325073
1762983409.8319156,2025-11-12 22:36:49.831916,109.20682407352453,12.373364925384521
1762983409.8683505,2025-11-12 22:36:49.868351,109.81958423664568,12.409799814224243
1762983409.9046206,2025-11-12 22:36:49.904621,109.81958423664568,12.446069955825806
1762983409.9409857,2025-11-12 22:36:49.940986,109.8479579749593,12.48243498802185
1762983409.9771388,2025-11-12 22:36:49.977139,109.8479579749593,12.518588066101074
1762983410.0137067,2025-11-12 22:36:50.013707,110.10880992421227,12.555155992507935
1762983410.050136,2025-11-12 22:36:50.050136,110.10880992421227,12.591585397720337
1762983410.0866785,2025-11-12 22:36:50.086679,110.30386572919734,12.628127813339233
1762983410.1227736,2025-11-12 22:36:50.122774,110.30386572919734,12.664222955703735
1762983410.1591122,2025-11-12 22:36:50.159112,111.18204422449962,12.7005615234375
1762983410.1949933,2025-11-12 22:36:50.194993,111.18304422449962,12.736442565917969
1762983410.2311225,2025-11-12 22:36:50.231122,111.18304422449962,12.772571802139282
1762983410.2673776,2025-11-12 22:36:50.267378,113.15538931952922,12.808826923370361
1762983410.3033018,2025-11-12 22:36:50.303302,113.15638931952923,12.844751119613647
1762983410.3395393,2025-11-12 22:36:50.339539,113.15638931952923,12.880988597869873
1762983410.37591,2025-11-12 22:36:50.375910,114.7570522385976,12.917359352111816
1762983410.4117322,2025-11-12 22:36:50.411732,114.7580522385976,12.953181505203247
1762983410.4479885,2025-11-12 22:36:50.447989,114.7580522385976,12.989437818527222
1762983410.4844155,2025-11-12 22:36:50.484416,116.35208225818087,13.025864839553833
1762983410.52038,2025-11-12 22:36:50.520380,116.35308225818088,13.061829328536987
1762983410.556566,2025-11-12 22:36:50.556566,116.35308225818088,13.098015308380127
1762983410.5929012,2025-11-12 22:36:50.592901,118.04728162305327,13.134350538253784
1762983410.6288495,2025-11-12 22:36:50.628850,118.04828162305327,13.17029881477356
1762983410.674294,2025-11-12 22:36:50.674294,118.04828162305327,13.21574330329895
1762983410.7191381,2025-11-12 22:36:50.719138,118.34204744624529,13.260587453842163
1762983410.7635143,2025-11-12 22:36:50.763514,118.3430474462453,13.3049635887146
1762983410.808521,2025-11-12 22:36:50.808521,118.3430474462453,13.34997034072876
1762983410.8537354,2025-11-12 22:36:50.853735,120.0,13.395184755325317
1762983410.8989515,2025-11-12 22:36:50.898952,120.18559400928036,13.440400838851929
1762983410.9445133,2025-11-12 22:36:50.944513,120.18559400928036,13.485962629318237
1762983410.989897,2025-11-12 22:36:50.989897,121.30373635023903,13.531346321105957
1762983411.0349965,2025-11-12 22:36:51.034997,121.30373635023903,13.576445817947388
1762983411.0802221,2025-11-12 22:36:51.080222,121.39063951977846,13.621671438217163
1762983411.1252239,2025-11-12 22:36:51.125224,121.39063951977846,13.666673183441162
1762983411.1703956,2025-11-12 22:36:51.170396,121.40747100800083,13.71184492111206
1762983411.2150452,2025-11-12 22:36:51.215045,121.40847100800083,13.756494522094727
1762983411.2599485,2025-11-12 22:36:51.259948,121.40847100800083,13.801397800445557
1762983411.3048213,2025-11-12 22:36:51.304821,121.42213801959855,13.846270561218262
1762983411.3492792,2025-11-12 22:36:51.349279,121.42313801959855,13.89072847366333
1762983411.3940785,2025-11-12 22:36:51.394078,121.42313801959855,13.935527801513672
1762983411.4391148,2025-11-12 22:36:51.439115,122.83103296166782,13.98056411743164
1762983411.4834986,2025-11-12 22:36:51.483499,122.83203296166782,14.024947881698608
1762983411.5284238,2025-11-12 22:36:51.528424,122.83203296166782,14.069873094558716
1762983411.5734484,2025-11-12 22:36:51.573448,123.11812750761833,14.114897727966309
1762983411.6175697,2025-11-12 22:36:51.617570,123.11912750761833,14.159018993377686
1762983411.6625574,2025-11-12 22:36:51.662557,123.11912750761833,14.204006671905518
1762983411.7075639,2025-11-12 22:36:51.707564,123.23408691280615,14.249013185501099
1762983411.7520945,2025-11-12 22:36:51.752095,123.23508691280615,14.293543815612793
1762983411.7968864,2025-11-12 22:36:51.796886,123.23508691280615,14.338335752487183
1762983411.8415895,2025-11-12 22:36:51.841589,124.21438852944904,14.383038759231567
1762983411.885638,2025-11-12 22:36:51.885638,124.21538852944904,14.427087306976318
1762983411.930502,2025-11-12 22:36:51.930502,124.21538852944904,14.471951246261597
1762983411.975473,2025-11-12 22:36:51.975473,124.63662783724057,14.516922235488892
1762983412.0202057,2025-11-12 22:36:52.020206,124.63662783724057,14.561655044555664
1762983412.0645747,2025-11-12 22:36:52.064575,124.70867756744607,14.606024026870728
1762983412.1090152,2025-11-12 22:36:52.109015,124.70867756744607,14.650464534759521
1762983412.1535382,2025-11-12 22:36:52.153538,124.88258524999601,14.694987535476685
1762983412.19799,2025-11-12 22:36:52.197990,124.88258524999601,14.739439249038696
1762983412.242524,2025-11-12 22:36:52.242524,125.63204969036684,14.783973217010498
1762983412.2863858,2025-11-12 22:36:52.286386,125.63304969036685,14.827835083007812
1762983412.3307347,2025-11-12 22:36:52.330735,125.63304969036685,14.872184038162231
1762983412.3756227,2025-11-12 22:36:52.375623,125.81614675791448,14.917072057723999
1762983412.4199154,2025-11-12 22:36:52.419915,125.81714675791449,14.96136474609375
1762983412.4643312,2025-11-12 22:36:52.464331,125.81714675791449,15.005780458450317
1762983412.5087793,2025-11-12 22:36:52.508779,126.13485787277905,15.050228595733643
1762983412.5538871,2025-11-12 22:36:52.553887,126.13485787277905,15.095336437225342
1762983412.5982428,2025-11-12 22:36:52.598243,127.37822982041826,15.139692068099976
1762983412.6421816,2025-11-12 22:36:52.642182,127.37922982041826,15.18363094329834
1762983412.6865945,2025-11-12 22:36:52.686594,127.37922982041826,15.228043794631958
1762983412.7309315,2025-11-12 22:36:52.730932,127.98465198673685,15.272380828857422
1762983412.771932,2025-11-12 22:36:52.771932,127.98465198673685,15.31338119506836
1762983412.8077996,2025-11-12 22:36:52.807800,128.37326258307303,15.349248886108398
1762983412.8432732,2025-11-12 22:36:52.843273,128.37426258307303,15.384722471237183
1762983412.8793864,2025-11-12 22:36:52.879386,128.37426258307303,15.420835733413696
1762983412.9152648,2025-11-12 22:36:52.915265,129.0152814097709,15.456714153289795
1762983412.950691,2025-11-12 22:36:52.950691,129.0162814097709,15.492140293121338
1762983412.9865434,2025-11-12 22:36:52.986543,129.0162814097709,15.527992725372314
1762983413.0224962,2025-11-12 22:36:53.022496,129.03919976424925,15.563945531845093
1762983413.0581145,2025-11-12 22:36:53.058115,129.04019976424925,15.599563837051392
1762983413.0940158,2025-11-12 22:36:53.094016,129.04019976424925,15.635465145111084
1762983413.1298978,2025-11-12 22:36:53.129898,129.52786786370845,15.67134714126587
1762983413.165715,2025-11-12 22:36:53.165715,129.52786786370845,15.707164287567139
1762983413.2014308,2025-11-12 22:36:53.201431,130.07418022456372,15.74288010597229
1762983413.2370324,2025-11-12 22:36:53.237032,130.07518022456372,15.778481721878052
1762983413.272853,2025-11-12 22:36:53.272853,130.07518022456372,15.814302206039429
1762983413.3086088,2025-11-12 22:36:53.308609,130.28248356942188,15.85005807876587
1762983413.3440733,2025-11-12 22:36:53.344073,130.2834835694219,15.885522603988647
1762983413.3799345,2025-11-12 22:36:53.379935,130.2834835694219,15.92138385772705
1762983413.4156225,2025-11-12 22:36:53.415622,130.39762699591492,15.957071781158447
1762983413.4512858,2025-11-12 22:36:53.451286,130.39762699591492,15.992735147476196
1762983413.486993,2025-11-12 22:36:53.486993,132.6983987375849,16.0284423828125
1762983413.5223455,2025-11-12 22:36:53.522346,132.69939873758491,16.0637948513031
1762983413.557953,2025-11-12 22:36:53.557953,132.69939873758491,16.09940218925476
1762983413.5935233,2025-11-12 22:36:53.593523,133.41198534925203,16.13497257232666
1762983413.629173,2025-11-12 22:36:53.629173,133.41198534925203,16.1706223487854
1762983413.6646461,2025-11-12 22:36:53.664646,133.6465577019151,16.206095457077026
1762983413.7000458,2025-11-12 22:36:53.700046,133.6465577019151,16.24149513244629
1762983413.7356703,2025-11-12 22:36:53.735670,134.57707069243236,16.277119636535645
1762983413.7709153,2025-11-12 22:36:53.770915,134.57807069243236,16.31236457824707
1762983413.806423,2025-11-12 22:36:53.806423,134.57807069243236,16.347872257232666
1762983413.8417528,2025-11-12 22:36:53.841753,136.27555660916272,16.383202075958252
1762983413.8771513,2025-11-12 22:36:53.877151,136.27555660916272,16.41860055923462
1762983413.912892,2025-11-12 22:36:53.912892,136.29659446972497,16.454341411590576
1762983413.9485776,2025-11-12 22:36:53.948578,136.29659446972497,16.49002695083618
1762983413.9841976,2025-11-12 22:36:53.984198,136.31462048737143,16.525646924972534
1762983414.0196857,2025-11-12 22:36:54.019686,136.31462048737143,16.561135053634644
1762983414.055269,2025-11-12 22:36:54.055269,136.47298539840946,16.596718311309814
1762983414.0907888,2025-11-12 22:36:54.090789,136.47298539840946,16.632238149642944
1762983414.1263363,2025-11-12 22:36:54.126336,137.74180067321393,16.66778564453125
1762983414.1617782,2025-11-12 22:36:54.161778,137.74180067321393,16.703227519989014
1762983414.1974177,2025-11-12 22:36:54.197418,137.91642504067735,16.738867044448853
1762983414.2324655,2025-11-12 22:36:54.232466,137.91742504067736,16.77391481399536
1762983414.2678225,2025-11-12 22:36:54.267823,137.91742504067736,16.809271812438965
1762983414.3034596,2025-11-12 22:36:54.303460,139.1358690013754,16.844908952713013
1762983414.338978,2025-11-12 22:36:54.338978,139.1358690013754,16.880427360534668
1762983414.3743196,2025-11-12 22:36:54.374320,140.26961883196208,16.91576886177063
1762983414.409608,2025-11-12 22:36:54.409608,140.26961883196208,16.951057195663452
1762983414.4448998,2025-11-12 22:36:54.444900,141.05642232060006,16.98634910583496
1762983414.4797711,2025-11-12 22:36:54.479771,141.05742232060007,17.021220445632935
1762983414.5154603,2025-11-12 22:36:54.515460,141.05742232060007,17.056909561157227
1762983414.5514653,2025-11-12 22:36:54.551465,141.3056528833811,17.092914581298828
1762983414.586688,2025-11-12 22:36:54.586688,141.3056528833811,17.128137350082397
1762983414.6221254,2025-11-12 22:36:54.622125,145.01860037570583,17.163574695587158
1762983414.6572974,2025-11-12 22:36:54.657297,145.01860037570583,17.19874668121338
1762983414.6924095,2025-11-12 22:36:54.692410,146.61715204739772,17.233858823776245
1762983414.7272234,2025-11-12 22:36:54.727223,146.61815204739773,17.268672704696655
1762983414.7625182,2025-11-12 22:36:54.762518,146.61815204739773,17.303967475891113
1762983414.7979827,2025-11-12 22:36:54.797983,147.34406185883375,17.33943200111389
1762983414.832845,2025-11-12 22:36:54.832845,147.34506185883376,17.37429428100586
1762983414.868223,2025-11-12 22:36:54.868223,147.34506185883376,17.409672260284424
1762983414.903505,2025-11-12 22:36:54.903505,147.5966287886273,17.44495439529419
1762983414.9385636,2025-11-12 22:36:54.938564,147.5966287886273,17.480012893676758
1762983414.9735768,2025-11-12 22:36:54.973577,148.64219261569826,17.515026092529297
1762983415.0083113,2025-11-12 22:36:55.008311,148.64319261569827,17.549760580062866
1762983415.0433168,2025-11-12 22:36:55.043317,148.64319261569827,17.584766149520874
1762983415.0786045,2025-11-12 22:36:55.078604,149.14455087211076,17.62005376815796
1762983415.1138835,2025-11-12 22:36:55.113883,149.14455087211076,17.655332803726196
1762983415.1491587,2025-11-12 22:36:55.149159,150.0022094665255,17.690608024597168
1762983415.1839807,2025-11-12 22:36:55.183981,150.0032094665255,17.725430011749268
1762983415.2193742,2025-11-12 22:36:55.219374,150.0032094665255,17.760823488235474
1762983415.2549195,2025-11-12 22:36:55.254920,150.38970570020138,17.796368837356567
1762983415.290088,2025-11-12 22:36:55.290088,150.38970570020138,17.8315372467041
1762983415.325443,2025-11-12 22:36:55.325443,151.3865230477569,17.866892337799072
1762983415.360589,2025-11-12 22:36:55.360589,151.3865230477569,17.90203833580017
1762983415.3959525,2025-11-12 22:36:55.395952,151.4471068563756,17.93740177154541
1762983415.4307697,2025-11-12 22:36:55.430770,151.4481068563756,17.972218990325928
1762983415.4659832,2025-11-12 22:36:55.465983,151.4481068563756,18.007432460784912
1762983415.501088,2025-11-12 22:36:55.501088,151.8017922801841,18.042537212371826
1762983415.5363572,2025-11-12 22:36:55.536357,151.8017922801841,18.07780647277832
1762983415.5718448,2025-11-12 22:36:55.571845,155.24079465431288,18.11329412460327
1762983415.6074076,2025-11-12 22:36:55.607408,155.24079465431288,18.14885687828064
1762983415.6431863,2025-11-12 22:36:55.643186,157.32451930932223,18.184635639190674
1762983415.6785817,2025-11-12 22:36:55.678582,157.32451930932223,18.220031023025513
1762983415.7141309,2025-11-12 22:36:55.714131,157.6903598728471,18.255580186843872
1762983415.7489378,2025-11-12 22:36:55.748938,157.6913598728471,18.29038715362549
1762983415.7840135,2025-11-12 22:36:55.784014,157.6913598728471,18.325462818145752
1762983415.819189,2025-11-12 22:36:55.819189,159.64591725163623,18.36063838005066
1762983415.8542533,2025-11-12 22:36:55.854253,159.64591725163623,18.395702600479126
1762983415.8891141,2025-11-12 22:36:55.889114,160.0175080681023,18.43056344985962
1762983415.9239147,2025-11-12 22:36:55.923915,160.0175080681023,18.4653639793396
1762983415.9589942,2025-11-12 22:36:55.958994,162.81912909279842,18.50044345855713
1762983415.9934905,2025-11-12 22:36:55.993490,162.82012909279842,18.534939765930176
1762983416.0283856,2025-11-12 22:36:56.028386,162.82012909279842,18.56983494758606
1762983416.0632575,2025-11-12 22:36:56.063257,164.1810903934405,18.60470676422119
1762983416.0980866,2025-11-12 22:36:56.098087,164.18209039344052,18.639535903930664
1762983416.1332216,2025-11-12 22:36:56.133222,164.18209039344052,18.674670934677124
1762983416.1680105,2025-11-12 22:36:56.168010,164.71923970359484,18.70945978164673
1762983416.2023654,2025-11-12 22:36:56.202365,164.72023970359484,18.743814706802368
1762983416.2380054,2025-11-12 22:36:56.238005,164.72023970359484,18.779454708099365
1762983416.2749395,2025-11-12 22:36:56.274940,165.01007086560153,18.816388845443726
1762983416.3118489,2025-11-12 22:36:56.311849,165.01107086560154,18.85329818725586
1762983416.3493576,2025-11-12 22:36:56.349358,165.01107086560154,18.890806913375854
1762983416.3855503,2025-11-12 22:36:56.385550,165.0185872900783,18.92699956893921
1762983416.4213538,2025-11-12 22:36:56.421354,165.0185872900783,18.96280312538147
1762983416.4579961,2025-11-12 22:36:56.457996,167.12822331724436,18.99944543838501
1762983416.4929478,2025-11-12 22:36:56.492948,167.12922331724437,19.03439712524414
1762983416.5281394,2025-11-12 22:36:56.528139,167.12922331724437,19.069588661193848
1762983416.5631998,2025-11-12 22:36:56.563200,167.16687738279524,19.10464906692505
1762983416.5982122,2025-11-12 22:36:56.598212,167.16687738279524,19.13966155052185
1762983416.6332495,2025-11-12 22:36:56.633250,168.87842615570074,19.17469882965088
1762983416.6681886,2025-11-12 22:36:56.668189,168.87942615570074,19.209637880325317
1762983416.7033353,2025-11-12 22:36:56.703335,168.87942615570074,19.244784593582153
1762983416.7391915,2025-11-12 22:36:56.739192,172.15390209918868,19.280640840530396
1762983416.7748754,2025-11-12 22:36:56.774875,172.15390209918868,19.316324710845947
1762983416.8106894,2025-11-12 22:36:56.810689,172.99852487138904,19.35213875770569
1762983416.8481216,2025-11-12 22:36:56.848122,172.99852487138904,19.389570951461792
1762983416.8844883,2025-11-12 22:36:56.884488,173.18668394760726,19.42593765258789
1762983416.9194694,2025-11-12 22:36:56.919469,173.18668394760726,19.46091866493225
1762983416.9544346,2025-11-12 22:36:56.954435,175.20998007520038,19.49588394165039
1762983416.9891908,2025-11-12 22:36:56.989191,175.20998007520038,19.530640125274658
1762983417.024191,2025-11-12 22:36:57.024191,178.8510312050767,19.565640211105347
1762983417.0586185,2025-11-12 22:36:57.058619,178.8520312050767,19.600067853927612
1762983417.0936785,2025-11-12 22:36:57.093678,178.8520312050767,19.635127782821655
1762983417.1287396,2025-11-12 22:36:57.128740,180.0,19.670188903808594
1762983417.162963,2025-11-12 22:36:57.162963,180.06850521633882,19.70441222190857
1762983417.1980577,2025-11-12 22:36:57.198058,180.06850521633882,19.73950695991516
1762983417.2327125,2025-11-12 22:36:57.232713,180.77955926428274,19.77416181564331
1762983417.2671695,2025-11-12 22:36:57.267169,180.77955926428274,19.808618783950806
1762983417.3020952,2025-11-12 22:36:57.302095,181.25432434622402,19.843544483184814
1762983417.3397293,2025-11-12 22:36:57.339729,181.25532434622403,19.881178617477417
1762983417.374563,2025-11-12 22:36:57.374563,181.25532434622403,19.916012287139893
1762983417.409367,2025-11-12 22:36:57.409367,181.68039665859445,19.95081639289856
1762983417.443634,2025-11-12 22:36:57.443634,181.68139665859445,19.98508334159851
1762983417.4783225,2025-11-12 22:36:57.478323,181.68139665859445,20.019771814346313
1762983417.5131001,2025-11-12 22:36:57.513100,181.91076846755158,20.0545494556427
1762983417.547852,2025-11-12 22:36:57.547852,181.91076846755158,20.089301347732544
1762983417.582458,2025-11-12 22:36:57.582458,183.03209584421046,20.123907327651978
1762983417.6166716,2025-11-12 22:36:57.616672,183.03309584421046,20.15812087059021
1762983417.6509671,2025-11-12 22:36:57.650967,183.03309584421046,20.192416429519653
1762983417.6854453,2025-11-12 22:36:57.685445,183.59940385349324,20.22689461708069
1762983417.7195618,2025-11-12 22:36:57.719562,183.60040385349325,20.261011123657227
1762983417.7539773,2025-11-12 22:36:57.753977,183.60040385349325,20.295426607131958
1762983417.7885716,2025-11-12 22:36:57.788572,183.81522260301892,20.330020904541016
1762983417.8226554,2025-11-12 22:36:57.822655,183.81622260301893,20.364104747772217
1762983417.8569515,2025-11-12 22:36:57.856951,183.81622260301893,20.39840078353882
1762983417.8913136,2025-11-12 22:36:57.891314,183.9255110441379,20.43276286125183
1762983417.9256964,2025-11-12 22:36:57.925696,183.9255110441379,20.467145681381226
1762983417.9599094,2025-11-12 22:36:57.959909,185.0219981773853,20.5013587474823
1762983417.9939992,2025-11-12 22:36:57.993999,185.0219981773853,20.53544855117798
1762983418.0280437,2025-11-12 22:36:58.028044,185.37307833434917,20.569493055343628
1762983418.0616686,2025-11-12 22:36:58.061669,185.37407833434918,20.60311794281006
1762983418.0956912,2025-11-12 22:36:58.095691,185.37407833434918,20.63714051246643
1762983418.129871,2025-11-12 22:36:58.129871,186.0658254394236,20.67132019996643
1762983418.1639628,2025-11-12 22:36:58.163963,186.0658254394236,20.70541214942932
1762983418.1978524,2025-11-12 22:36:58.197852,186.4593802399894,20.739301681518555
1762983418.2315361,2025-11-12 22:36:58.231536,186.4603802399894,20.772985458374023
1762983418.2654233,2025-11-12 22:36:58.265423,186.4603802399894,20.806872606277466
1762983418.2997189,2025-11-12 22:36:58.299719,188.51215264504464,20.84116816520691
1762983418.333362,2025-11-12 22:36:58.333362,188.51315264504464,20.87481141090393
1762983418.3675175,2025-11-12 22:36:58.367517,188.51315264504464,20.908966779708862
1762983418.401675,2025-11-12 22:36:58.401675,190.81152559883378,20.943124294281006
1762983418.435794,2025-11-12 22:36:58.435794,190.81152559883378,20.977243423461914
1762983418.4701178,2025-11-12 22:36:58.470118,190.82978426196956,21.01156711578369
1762983418.5041354,2025-11-12 22:36:58.504135,190.82978426196956,21.045584678649902
1762983418.5385475,2025-11-12 22:36:58.538548,191.0539946464489,21.079996824264526
1762983418.573011,2025-11-12 22:36:58.573011,191.0539946464489,21.114460229873657
1762983418.607133,2025-11-12 22:36:58.607133,191.45110580381947,21.148582220077515
1762983418.6408556,2025-11-12 22:36:58.640856,191.45210580381948,21.182304859161377
1762983418.675043,2025-11-12 22:36:58.675043,191.45210580381948,21.216492414474487
1762983418.7090185,2025-11-12 22:36:58.709018,195.79774351327367,21.250467777252197
1762983418.7429676,2025-11-12 22:36:58.742968,195.79774351327367,21.284416913986206
1762983418.7767684,2025-11-12 22:36:58.776768,197.32422163407625,21.318217754364014
1762983418.810169,2025-11-12 22:36:58.810169,197.32522163407626,21.35161828994751
1762983418.8439484,2025-11-12 22:36:58.843948,197.32522163407626,21.3853976726532
1762983418.8779228,2025-11-12 22:36:58.877923,197.7383677854182,21.419372081756592
1762983418.911603,2025-11-12 22:36:58.911603,197.7393677854182,21.453052282333374
1762983418.9453657,2025-11-12 22:36:58.945366,197.7393677854182,21.486814975738525
1762983418.9793015,2025-11-12 22:36:58.979301,197.97793267741227,21.520750761032104
1762983419.013073,2025-11-12 22:36:59.013073,197.97793267741227,21.554522275924683
1762983419.0470781,2025-11-12 22:36:59.047078,199.10018746962888,21.58852744102478
1762983419.0805762,2025-11-12 22:36:59.080576,199.10118746962888,21.62202548980713
1762983419.1144426,2025-11-12 22:36:59.114443,199.10118746962888,21.65589189529419
1762983419.1485162,2025-11-12 22:36:59.148516,200.91850286779035,21.68996548652649
1762983419.1823864,2025-11-12 22:36:59.182386,200.91850286779035,21.723835706710815
1762983419.2163134,2025-11-12 22:36:59.216313,203.60951118856593,21.757762670516968
1762983419.2498043,2025-11-12 22:36:59.249804,203.60951118856593,21.791253566741943
1762983419.2835078,2025-11-12 22:36:59.283508,204.0308767639393,21.824957132339478
1762983419.317019,2025-11-12 22:36:59.317019,204.0308767639393,21.858468294143677
1762983419.3506613,2025-11-12 22:36:59.350661,206.17128520697145,21.892110586166382
1762983419.384008,2025-11-12 22:36:59.384008,206.17228520697145,21.925457239151
1762983419.417696,2025-11-12 22:36:59.417696,206.17228520697145,21.959145307540894
1762983419.4511695,2025-11-12 22:36:59.451169,207.33318937704715,21.992618799209595
1762983419.4845638,2025-11-12 22:36:59.484564,207.33418937704715,22.026013135910034
1762983419.5181422,2025-11-12 22:36:59.518142,207.33418937704715,22.05959153175354
1762983419.5519915,2025-11-12 22:36:59.551991,207.99580487461702,22.093440771102905
1762983419.585609,2025-11-12 22:36:59.585609,207.99580487461702,22.127058267593384
1762983419.6192546,2025-11-12 22:36:59.619255,212.2299792394968,22.160703897476196
1762983419.6528158,2025-11-12 22:36:59.652816,212.2299792394968,22.194265127182007
1762983419.6867163,2025-11-12 22:36:59.686716,212.49738877530066,22.22816562652588
1762983419.720208,2025-11-12 22:36:59.720208,212.49838877530067,22.261657238006592
1762983419.7538579,2025-11-12 22:36:59.753858,212.49838877530067,22.295307159423828
1762983419.7874534,2025-11-12 22:36:59.787453,213.79006597529582,22.32890272140503
1762983419.8206983,2025-11-12 22:36:59.820698,213.79106597529582,22.362147569656372
1762983419.8541803,2025-11-12 22:36:59.854180,213.79106597529582,22.39562964439392
1762983419.8882234,2025-11-12 22:36:59.888223,213.87854777509992,22.429672718048096
1762983419.9218087,2025-11-12 22:36:59.921809,213.87854777509992,22.463258028030396
1762983419.9553368,2025-11-12 22:36:59.955337,214.0645089173101,22.49678611755371
1762983419.9888792,2025-11-12 22:36:59.988879,214.0645089173101,22.530328512191772
1762983420.0225854,2025-11-12 22:37:00.022585,216.48349057202563,22.564034700393677
1762983420.0558057,2025-11-12 22:37:00.055806,216.48449057202563,22.597254991531372
1762983420.0936522,2025-11-12 22:37:00.093652,216.48449057202563,22.635101556777954
1762983420.1301517,2025-11-12 22:37:00.130152,216.72297719043544,22.671601057052612
1762983420.1647968,2025-11-12 22:37:00.164797,216.72297719043544,22.70624613761902
1762983420.1990907,2025-11-12 22:37:00.199091,218.14641773812806,22.740540027618408
1762983420.233187,2025-11-12 22:37:00.233187,218.14741773812807,22.774636268615723
1762983420.2669141,2025-11-12 22:37:00.266914,218.14741773812807,22.808363437652588
1762983420.3007722,2025-11-12 22:37:00.300772,219.06323068166162,22.84222149848938
1762983420.3340445,2025-11-12 22:37:00.334044,219.06423068166163,22.87549376487732
1762983420.3676186,2025-11-12 22:37:00.367619,219.06423068166163,22.9090678691864
1762983420.4011326,2025-11-12 22:37:00.401133,220.90291352377812,22.94258189201355
1762983420.4345074,2025-11-12 22:37:00.434507,220.90291352377812,22.975956678390503
1762983420.468583,2025-11-12 22:37:00.468583,221.36195030835145,23.010032415390015
1762983420.5020301,2025-11-12 22:37:00.502030,221.36195030835145,23.043479442596436
1762983420.5357213,2025-11-12 22:37:00.535721,221.77789801997275,23.077170610427856
1762983420.5690703,2025-11-12 22:37:00.569070,221.77789801997275,23.110519647598267
1762983420.6024778,2025-11-12 22:37:00.602478,222.12210146791458,23.143927097320557
1762983420.6358256,2025-11-12 22:37:00.635826,222.12310146791458,23.17727494239807
1762983420.670369,2025-11-12 22:37:00.670369,222.12310146791458,23.2118182182312
1762983420.7042153,2025-11-12 22:37:00.704215,224.14266917946813,23.245664596557617
1762983420.7379751,2025-11-12 22:37:00.737975,224.14266917946813,23.27942442893982
1762983420.7721353,2025-11-12 22:37:00.772135,225.06896612920866,23.313584566116333
1762983420.8065085,2025-11-12 22:37:00.806509,225.06896612920866,23.347957849502563
1762983420.8408499,2025-11-12 22:37:00.840850,228.15478630023975,23.382299184799194
1762983420.874977,2025-11-12 22:37:00.874977,228.15478630023975,23.416426420211792
1762983420.9091203,2025-11-12 22:37:00.909120,230.33750257626096,23.45056962966919
1762983420.9433813,2025-11-12 22:37:00.943381,230.33750257626096,23.484830617904663
1762983420.9770145,2025-11-12 22:37:00.977015,230.48292840218969,23.518463850021362
1762983421.0102875,2025-11-12 22:37:01.010288,230.48292840218969,23.55173683166504
1762983421.0436928,2025-11-12 22:37:01.043693,231.28404054051148,23.585142135620117
1762983421.0767498,2025-11-12 22:37:01.076750,231.2850405405115,23.618199110031128
1762983421.1103618,2025-11-12 22:37:01.110362,231.2850405405115,23.651811122894287
1762983421.1435816,2025-11-12 22:37:01.143582,231.3941623710545,23.685030937194824
1762983421.1763072,2025-11-12 22:37:01.176307,231.3951623710545,23.717756509780884
1762983421.2100012,2025-11-12 22:37:01.210001,231.3951623710545,23.751450538635254
1762983421.2434828,2025-11-12 22:37:01.243483,231.43408664218745,23.784932136535645
1762983421.2763913,2025-11-12 22:37:01.276391,231.43508664218746,23.817840576171875
1762983421.3096664,2025-11-12 22:37:01.309666,231.43508664218746,23.851115703582764
1762983421.3429418,2025-11-12 22:37:01.342942,231.51009702767882,23.88439106941223
1762983421.375633,2025-11-12 22:37:01.375633,231.51109702767883,23.9170823097229
1762983421.4088132,2025-11-12 22:37:01.408813,231.51109702767883,23.950262546539307
1762983421.442094,2025-11-12 22:37:01.442094,233.52126969489805,23.983543395996094
1762983421.4749815,2025-11-12 22:37:01.474982,233.52226969489806,24.016430854797363
1762983421.5082695,2025-11-12 22:37:01.508270,233.52226969489806,24.049718856811523
1762983421.5418746,2025-11-12 22:37:01.541875,235.07298813656098,24.08332395553589
1762983421.5749102,2025-11-12 22:37:01.574910,235.07298813656098,24.11635947227478
1762983421.6080315,2025-11-12 22:37:01.608032,236.8361949686052,24.14948081970215
1762983421.6406634,2025-11-12 22:37:01.640663,236.83719496860522,24.18211269378662
1762983421.6736789,2025-11-12 22:37:01.673679,236.83719496860522,24.215128183364868
1762983421.7067332,2025-11-12 22:37:01.706733,237.2530711320419,24.24818253517151
1762983421.7394748,2025-11-12 22:37:01.739475,237.2540711320419,24.280924081802368
1762983421.7727814,2025-11-12 22:37:01.772781,237.2540711320419,24.3142306804657
1762983421.8063319,2025-11-12 22:37:01.806332,238.20806639496774,24.34778118133545
1762983421.8397934,2025-11-12 22:37:01.839793,238.20906639496775,24.381242752075195
1762983421.873486,2025-11-12 22:37:01.873486,238.20906639496775,24.41493535041809
1762983421.9071033,2025-11-12 22:37:01.907103,239.73088451455473,24.44855260848999
1762983421.9401972,2025-11-12 22:37:01.940197,239.73088451455473,24.48164653778076
1762983421.9735696,2025-11-12 22:37:01.973570,240.0,24.515018939971924
1762983422.006586,2025-11-12 22:37:02.006586,240.2057634147862,24.548035383224487
1762983422.0395615,2025-11-12 22:37:02.039562,240.2057634147862,24.581010818481445
1762983422.0727375,2025-11-12 22:37:02.072737,241.05155264013345,24.614186763763428
1762983422.1057348,2025-11-12 22:37:02.105735,241.05155264013345,24.647184133529663
1762983422.138738,2025-11-12 22:37:02.138738,241.30478700384555,24.680187225341797
1762983422.1715224,2025-11-12 22:37:02.171522,241.30478700384555,24.712971687316895
1762983422.2047791,2025-11-12 22:37:02.204779,241.39006526066765,24.746228456497192
1762983422.237326,2025-11-12 22:37:02.237326,241.39106526066766,24.778775215148926
1762983422.2701519,2025-11-12 22:37:02.270152,241.39106526066766,24.811601161956787
1762983422.3031754,2025-11-12 22:37:02.303175,241.700297886965,24.844624757766724
1762983422.3356338,2025-11-12 22:37:02.335634,241.701297886965,24.87708306312561
1762983422.3684983,2025-11-12 22:37:02.368498,241.701297886965,24.909947633743286
1762983422.4015813,2025-11-12 22:37:02.401581,243.91458027576502,24.94303059577942
1762983422.434474,2025-11-12 22:37:02.434474,243.91458027576502,24.97592329978943
1762983422.467438,2025-11-12 22:37:02.467438,244.74571868379394,25.00888729095459
1762983422.5002103,2025-11-12 22:37:02.500210,244.74571868379394,25.041659593582153
1762983422.5337625,2025-11-12 22:37:02.533762,247.3368822790259,25.075211763381958
1762983422.5667272,2025-11-12 22:37:02.566727,247.3368822790259,25.108176469802856
1762983422.5997078,2025-11-12 22:37:02.599708,247.9489459258359,25.141157150268555
1762983422.6325912,2025-11-12 22:37:02.632591,247.9489459258359,25.17404055595398
1762983422.6656647,2025-11-12 22:37:02.665665,248.27354480314636,25.20711398124695
1762983422.6986701,2025-11-12 22:37:02.698670,248.27354480314636,25.240119457244873
1762983422.7316427,2025-11-12 22:37:02.731643,249.8200767617951,25.273092031478882
1762983422.764045,2025-11-12 22:37:02.764045,249.8210767617951,25.30549430847168
1762983422.7967508,2025-11-12 22:37:02.796751,249.8210767617951,25.338200092315674
1762983422.829397,2025-11-12 22:37:02.829397,251.57899054512282,25.370846271514893
1762983422.862016,2025-11-12 22:37:02.862016,251.57899054512282,25.403465270996094
1762983422.8948376,2025-11-12 22:37:02.894838,251.59144958208086,25.43628692626953
1762983422.9270623,2025-11-12 22:37:02.927062,251.59244958208086,25.4685115814209
1762983422.959859,2025-11-12 22:37:02.959859,251.59244958208086,25.50130820274353
1762983422.9925272,2025-11-12 22:37:02.992527,252.7013603762238,25.533976554870605
1762983423.0248523,2025-11-12 22:37:03.024852,252.7023603762238,25.566301584243774
1762983423.0574906,2025-11-12 22:37:03.057491,252.7023603762238,25.598939895629883
1762983423.0904045,2025-11-12 22:37:03.090405,252.79752235358285,25.631853818893433
1762983423.1231692,2025-11-12 22:37:03.123169,252.79752235358285,25.664618492126465
1762983423.1559176,2025-11-12 22:37:03.155918,252.9198058116971,25.697366952896118
1762983423.1885087,2025-11-12 22:37:03.188509,252.9198058116971,25.729958057403564
1762983423.221118,2025-11-12 22:37:03.221118,255.08315144991636,25.762567281723022
1762983423.2531927,2025-11-12 22:37:03.253193,255.08415144991636,25.794641971588135
1762983423.2860894,2025-11-12 22:37:03.286089,255.08415144991636,25.82753872871399
1762983423.318865,2025-11-12 22:37:03.318865,255.1239979623311,25.86031436920166
1762983423.3513353,2025-11-12 22:37:03.351335,255.1239979623311,25.892784595489502
1762983423.3839285,2025-11-12 22:37:03.383929,255.39795250970937,25.92537784576416
1762983423.416636,2025-11-12 22:37:03.416636,255.39795250970937,25.958085298538208
1762983423.4496298,2025-11-12 22:37:03.449630,259.8340973603521,25.991079092025757
1762983423.4820886,2025-11-12 22:37:03.482089,259.83509736035205,26.0235378742218
1762983423.5146327,2025-11-12 22:37:03.514633,259.83509736035205,26.056082010269165
1762983423.5473163,2025-11-12 22:37:03.547316,260.3805736291009,26.088765621185303
1762983423.579712,2025-11-12 22:37:03.579712,260.3805736291009,26.121161222457886
1762983423.6121695,2025-11-12 22:37:03.612170,260.5033721745916,26.153618812561035
1762983423.644075,2025-11-12 22:37:03.644075,260.5043721745916,26.185524225234985
1762983423.6769993,2025-11-12 22:37:03.676999,260.5043721745916,26.218448638916016
1762983423.710182,2025-11-12 22:37:03.710182,260.6865542264589,26.251631259918213
1762983423.7431498,2025-11-12 22:37:03.743150,260.6865542264589,26.28459906578064
1762983423.776556,2025-11-12 22:37:03.776556,260.9628616167202,26.318005323410034
1762983423.8094254,2025-11-12 22:37:03.809425,260.9628616167202,26.350874662399292
1762983423.8422308,2025-11-12 22:37:03.842231,262.3254645161346,26.38368010520935
1762983423.876179,2025-11-12 22:37:03.876179,262.3264645161346,26.417628288269043
1762983423.9092083,2025-11-12 22:37:03.909208,262.3264645161346,26.450657606124878
1762983423.9437687,2025-11-12 22:37:03.943769,262.4339790515836,26.485218048095703
1762983423.976325,2025-11-12 22:37:03.976325,262.4339790515836,26.5177743434906
1762983424.008652,2025-11-12 22:37:04.008652,264.85045447230476,26.550101280212402
1762983424.0405178,2025-11-12 22:37:04.040518,264.85145447230474,26.58196711540222
1762983424.073167,2025-11-12 22:37:04.073167,264.85145447230474,26.61461639404297
1762983424.1071494,2025-11-12 22:37:04.107149,265.325715530513,26.648598670959473
1762983424.1412475,2025-11-12 22:37:04.141248,265.325715530513,26.68269681930542
1762983424.1744976,2025-11-12 22:37:04.174498,268.841113604918,26.715946912765503
1762983424.2068393,2025-11-12 22:37:04.206839,268.842113604918,26.74828863143921
1762983424.2392442,2025-11-12 22:37:04.239244,268.842113604918,26.780693531036377
1762983424.2716808,2025-11-12 22:37:04.271681,271.2404599396555,26.813130140304565
1762983424.3036952,2025-11-12 22:37:04.303695,271.2414599396555,26.845144510269165
1762983424.3362834,2025-11-12 22:37:04.336283,271.2414599396555,26.877732753753662
1762983424.3686874,2025-11-12 22:37:04.368687,271.5886333881451,26.910136699676514
1762983424.4010365,2025-11-12 22:37:04.401037,271.5886333881451,26.942485809326172
1762983424.4345398,2025-11-12 22:37:04.434540,271.8808726770062,26.97598910331726
1762983424.467113,2025-11-12 22:37:04.467113,271.8808726770062,27.008562326431274
1762983424.499639,2025-11-12 22:37:04.499639,272.529065796072,27.041088342666626
1762983424.5320039,2025-11-12 22:37:04.532004,272.530065796072,27.073453187942505
1762983424.5644462,2025-11-12 22:37:04.564446,272.530065796072,27.105895519256592
1762983424.5966837,2025-11-12 22:37:04.596684,272.63456981530425,27.13813304901123
1762983424.6289606,2025-11-12 22:37:04.628961,272.63456981530425,27.17040991783142
1762983424.6613393,2025-11-12 22:37:04.661339,273.6902668763235,27.202788591384888
1762983424.6931596,2025-11-12 22:37:04.693160,273.6912668763235,27.2346088886261
1762983424.7258954,2025-11-12 22:37:04.725895,273.6912668763235,27.26734471321106
1762983424.7586603,2025-11-12 22:37:04.758660,273.7306933380498,27.30010962486267
1762983424.7907722,2025-11-12 22:37:04.790772,273.7306933380498,27.332221508026123
1762983424.822901,2025-11-12 22:37:04.822901,273.74125506880364,27.36435031890869
1762983424.8555298,2025-11-12 22:37:04.855530,273.7422550688036,27.396979093551636
1762983424.8878617,2025-11-12 22:37:04.887862,273.7422550688036,27.4293110370636
1762983424.920441,2025-11-12 22:37:04.920441,277.79159958118396,27.46189022064209
1762983424.9527082,2025-11-12 22:37:04.952708,277.79159958118396,27.494157552719116
1762983424.9849806,2025-11-12 22:37:04.984981,278.14193730499966,27.526429891586304
1762983425.0197554,2025-11-12 22:37:05.019755,278.14193730499966,27.56120467185974
1762983425.053695,2025-11-12 22:37:05.053695,279.049691187655,27.595144271850586
1762983425.0870042,2025-11-12 22:37:05.087004,279.049691187655,27.628453493118286
1762983425.1207192,2025-11-12 22:37:05.120719,279.64724556404377,27.662168502807617
1762983425.1534054,2025-11-12 22:37:05.153405,279.64824556404375,27.694854736328125
1762983425.1861792,2025-11-12 22:37:05.186179,279.64824556404375,27.727628469467163
1762983425.2187016,2025-11-12 22:37:05.218702,280.0230754569109,27.760150909423828
1762983425.2509813,2025-11-12 22:37:05.250981,280.02407545691085,27.792430639266968
1762983425.283435,2025-11-12 22:37:05.283435,280.02407545691085,27.82488441467285
1762983425.315661,2025-11-12 22:37:05.315661,280.08810987703686,27.857110261917114
1762983425.3475716,2025-11-12 22:37:05.347572,280.08910987703683,27.889020919799805
1762983425.3796408,2025-11-12 22:37:05.379641,280.08910987703683,27.921090126037598
1762983425.4121966,2025-11-12 22:37:05.412197,282.5344731641671,27.953645944595337
1762983425.4446492,2025-11-12 22:37:05.444649,282.53547316416706,27.986098527908325
1762983425.476972,2025-11-12 22:37:05.476972,282.53547316416706,28.018421411514282
1762983425.5091639,2025-11-12 22:37:05.509164,286.03482624583535,28.050613164901733
1762983425.5415566,2025-11-12 22:37:05.541557,286.03482624583535,28.083005905151367
1762983425.5735483,2025-11-12 22:37:05.573548,289.5346238619846,28.114997625350952
1762983425.6055446,2025-11-12 22:37:05.605545,289.5346238619846,28.14699387550354
1762983425.637777,2025-11-12 22:37:05.637777,289.65268953647234,28.179226398468018
1762983425.6697056,2025-11-12 22:37:05.669706,289.65268953647234,28.21115493774414
1762983425.7019758,2025-11-12 22:37:05.701976,289.89500733185287,28.243425130844116
1762983425.7333846,2025-11-12 22:37:05.733385,289.89600733185284,28.274833917617798
1762983425.7651815,2025-11-12 22:37:05.765182,289.89600733185284,28.306630849838257
1762983425.7970011,2025-11-12 22:37:05.797001,290.85683658026767,28.33845043182373
1762983425.8286984,2025-11-12 22:37:05.828698,290.85683658026767,28.370147705078125
1762983425.8605993,2025-11-12 22:37:05.860599,294.766506650524,28.402048587799072
1762983425.8923383,2025-11-12 22:37:05.892338,294.766506650524,28.43378758430481
1762983425.924248,2025-11-12 22:37:05.924248,295.5493886167898,28.465697288513184
1762983425.95557,2025-11-12 22:37:05.955570,295.5503886167898,28.497019290924072
1762983425.987384,2025-11-12 22:37:05.987384,295.5503886167898,28.528833389282227
1762983426.01929,2025-11-12 22:37:06.019290,296.71474925221526,28.560739278793335
1762983426.051033,2025-11-12 22:37:06.051033,296.71474925221526,28.592482328414917
1762983426.0829494,2025-11-12 22:37:06.082949,297.798968900256,28.624398708343506
1762983426.1148171,2025-11-12 22:37:06.114817,297.798968900256,28.656266450881958
1762983426.1468868,2025-11-12 22:37:06.146887,298.09883960906166,28.68833613395691
1762983426.1789596,2025-11-12 22:37:06.178960,298.09883960906166,28.72040891647339
1762983426.2106674,2025-11-12 22:37:06.210667,298.8788576592021,28.752116680145264
1762983426.24236,2025-11-12 22:37:06.242360,298.8788576592021,28.783809423446655
1762983426.274127,2025-11-12 22:37:06.274127,299.24604641985184,28.815576314926147
1762983426.305699,2025-11-12 22:37:06.305699,299.2470464198518,28.847148418426514
1762983426.337446,2025-11-12 22:37:06.337446,299.2470464198518,28.87889528274536
1762983426.3693483,2025-11-12 22:37:06.369348,299.52891502376673,28.910797595977783
1762983426.4012525,2025-11-12 22:37:06.401253,299.52891502376673,28.942701816558838
1762983426.4329333,2025-11-12 22:37:06.432933,299.61378552902266,28.974382638931274
1762983426.464849,2025-11-12 22:37:06.464849,299.61378552902266,29.006298303604126
1762983426.4967103,2025-11-12 22:37:06.496710,299.9433828650132,29.038159608840942
1762983426.5283358,2025-11-12 22:37:06.528336,299.94438286501315,29.069785118103027
1762983426.5602908,2025-11-12 22:37:06.560291,299.94438286501315,29.10174012184143
1762983426.5919833,2025-11-12 22:37:06.591983,300.0,29.133432626724243
1762983426.6236532,2025-11-12 22:37:06.623653,304.040333854181,29.16510248184204
1762983426.6553574,2025-11-12 22:37:06.655357,304.04133385418095,29.19680666923523
1762983426.6871805,2025-11-12 22:37:06.687181,304.04133385418095,29.22862982749939
1762983426.718627,2025-11-12 22:37:06.718627,304.6343640020833,29.26007628440857
1762983426.7495623,2025-11-12 22:37:06.749562,304.6353640020833,29.291011571884155
1762983426.7811463,2025-11-12 22:37:06.781146,304.6353640020833,29.322595596313477
1762983426.8128657,2025-11-12 22:37:06.812866,305.6899470733373,29.354315042495728
1762983426.844309,2025-11-12 22:37:06.844309,305.6899470733373,29.38575839996338
1762983426.8756425,2025-11-12 22:37:06.875643,306.7212729704831,29.417091846466064
1762983426.9067223,2025-11-12 22:37:06.906722,306.72227297048306,29.448171615600586
1762983426.9383757,2025-11-12 22:37:06.938376,306.72227297048306,29.479825019836426
1762983426.9699214,2025-11-12 22:37:06.969921,309.5470012756991,29.51137065887451
1762983427.0010355,2025-11-12 22:37:07.001035,309.54800127569905,29.542484760284424
1762983427.032521,2025-11-12 22:37:07.032521,309.54800127569905,29.573970317840576
1762983427.06385,2025-11-12 22:37:07.063850,310.0420824154667,29.60529923439026
1762983427.094574,2025-11-12 22:37:07.094574,310.0430824154667,29.63602328300476
1762983427.125791,2025-11-12 22:37:07.125791,310.0430824154667,29.667240381240845
1762983427.1570122,2025-11-12 22:37:07.157012,310.40849648085066,29.698461532592773
1762983427.18786,2025-11-12 22:37:07.187860,310.40949648085063,29.72930932044983
1762983427.2190332,2025-11-12 22:37:07.219033,310.40949648085063,29.76048254966736
1762983427.2502158,2025-11-12 22:37:07.250216,310.8048652087868,29.791665077209473
1762983427.281474,2025-11-12 22:37:07.281474,310.8048652087868,29.82292342185974
1762983427.312623,2025-11-12 22:37:07.312623,311.185737924281,29.854072332382202
1762983427.3438978,2025-11-12 22:37:07.343898,311.185737924281,29.88534712791443
1762983427.375533,2025-11-12 22:37:07.375533,313.06393649241625,29.916982412338257
1762983427.4069881,2025-11-12 22:37:07.406988,313.06393649241625,29.948437452316284
1762983427.4381657,2025-11-12 22:37:07.438166,315.3035490916187,29.979614973068237
1762983427.4695115,2025-11-12 22:37:07.469512,315.3035490916187,30.010960817337036
1762983427.5007017,2025-11-12 22:37:07.500702,315.66424543867464,30.04215097427368
1762983427.531479,2025-11-12 22:37:07.531479,315.6652454386746,30.072928190231323
1762983427.562746,2025-11-12 22:37:07.562746,315.6652454386746,30.10419535636902
1762983427.595275,2025-11-12 22:37:07.595275,316.0712117815482,30.13672423362732
1762983427.6263328,2025-11-12 22:37:07.626333,316.07221178154816,30.167782068252563
1762983427.6580045,2025-11-12 22:37:07.658005,316.07221178154816,30.199453830718994
1762983427.689316,2025-11-12 22:37:07.689316,316.85696870258386,30.230765342712402
1762983427.7206159,2025-11-12 22:37:07.720616,316.85696870258386,30.262065172195435
1762983427.7519445,2025-11-12 22:37:07.751945,317.72205655541086,30.293393850326538
1762983427.7827232,2025-11-12 22:37:07.782723,317.72305655541084,30.324172496795654
1762983427.813868,2025-11-12 22:37:07.813868,317.72305655541084,30.35531735420227
1762983427.8451447,2025-11-12 22:37:07.845145,318.62830423796055,30.38659405708313
1762983427.8759365,2025-11-12 22:37:07.875937,318.6293042379605,30.417385816574097
1762983427.9089782,2025-11-12 22:37:07.908978,318.6293042379605,30.450427532196045
1762983427.9400387,2025-11-12 22:37:07.940039,318.90947158260303,30.48148798942566
1762983427.9707336,2025-11-12 22:37:07.970734,318.910471582603,30.51218295097351
1762983428.0016322,2025-11-12 22:37:08.001632,318.910471582603,30.543081521987915
1762983428.0326855,2025-11-12 22:37:08.032686,318.93005602445174,30.574134826660156
1762983428.0632453,2025-11-12 22:37:08.063245,318.9310560244517,30.604694604873657
1762983428.094398,2025-11-12 22:37:08.094398,318.9310560244517,30.635847330093384
1762983428.1253722,2025-11-12 22:37:08.125372,319.20945159145754,30.666821479797363
1762983428.1557994,2025-11-12 22:37:08.155799,319.2104515914575,30.697248697280884
1762983428.1869385,2025-11-12 22:37:08.186939,319.2104515914575,30.7283878326416
1762983428.2184544,2025-11-12 22:37:08.218454,319.28452814593567,30.7599036693573
1762983428.2500012,2025-11-12 22:37:08.250001,319.28452814593567,30.79145050048828
1762983428.2812495,2025-11-12 22:37:08.281250,320.085716665497,30.822698831558228
1762983428.312366,2025-11-12 22:37:08.312366,320.085716665497,30.85381531715393
1762983428.3433516,2025-11-12 22:37:08.343352,320.1592731855402,30.884800910949707
1762983428.3742185,2025-11-12 22:37:08.374218,320.1602731855402,30.91566777229309
1762983428.4051926,2025-11-12 22:37:08.405193,320.1602731855402,30.94664192199707
1762983428.4364276,2025-11-12 22:37:08.436428,320.23737505280593,30.977876901626587
1762983428.4670508,2025-11-12 22:37:08.467051,320.2383750528059,31.00850009918213
1762983428.4985101,2025-11-12 22:37:08.498510,320.2383750528059,31.03995943069458
1762983428.5309174,2025-11-12 22:37:08.530917,321.24628035819615,31.07236671447754
1762983428.562764,2025-11-12 22:37:08.562764,321.2472803581961,31.10421323776245
1762983428.5938776,2025-11-12 22:37:08.593878,321.2472803581961,31.135326862335205
1762983428.6252875,2025-11-12 22:37:08.625288,321.5899284503821,31.166736841201782
1762983428.6564112,2025-11-12 22:37:08.656411,321.5899284503821,31.19786047935486
1762983428.687277,2025-11-12 22:37:08.687277,323.1610343034482,31.228726387023926
1762983428.7176678,2025-11-12 22:37:08.717668,323.1620343034482,31.259117126464844
1762983428.7489526,2025-11-12 22:37:08.748953,323.1620343034482,31.290401935577393
1762983428.7799869,2025-11-12 22:37:08.779987,323.8407935886532,31.321436166763306
1762983428.8107111,2025-11-12 22:37:08.810711,323.8407935886532,31.352160453796387
1762983428.841915,2025-11-12 22:37:08.841915,325.8260090126733,31.38336420059204
1762983428.8723674,2025-11-12 22:37:08.872367,325.8270090126733,31.413816690444946
1762983428.9030788,2025-11-12 22:37:08.903079,325.8270090126733,31.444528102874756
1762983428.9340534,2025-11-12 22:37:08.934053,325.9934572431942,31.475502729415894
1762983428.9647808,2025-11-12 22:37:08.964781,325.9944572431942,31.506230115890503
1762983428.9954863,2025-11-12 22:37:08.995486,325.9944572431942,31.536935567855835
1762983429.0262673,2025-11-12 22:37:09.026267,326.68946769088734,31.567716598510742
1762983429.0567865,2025-11-12 22:37:09.056787,326.6904676908873,31.598235845565796
1762983429.0874972,2025-11-12 22:37:09.087497,326.6904676908873,31.628946542739868
1762983429.1182916,2025-11-12 22:37:09.118292,328.2741324756604,31.659740924835205
1762983429.1485455,2025-11-12 22:37:09.148546,328.27513247566037,31.68999481201172
1762983429.1790144,2025-11-12 22:37:09.179014,328.27513247566037,31.720463752746582
1762983429.2098136,2025-11-12 22:37:09.209814,328.3543744383031,31.7512629032135
1762983429.2400315,2025-11-12 22:37:09.240031,328.3553744383031,31.78148078918457
1762983429.2708921,2025-11-12 22:37:09.270892,328.3553744383031,31.812341451644897
1762983429.3018017,2025-11-12 22:37:09.301802,331.3347836907361,31.84325098991394
1762983429.3324318,2025-11-12 22:37:09.332432,331.3347836907361,31.873881101608276
1762983429.3632233,2025-11-12 22:37:09.363223,331.52502707253944,31.904672622680664
1762983429.39354,2025-11-12 22:37:09.393540,331.5260270725394,31.93498921394348
1762983429.424216,2025-11-12 22:37:09.424216,331.5260270725394,31.965665340423584
1762983429.4553335,2025-11-12 22:37:09.455333,333.022069694903,31.996782779693604
1762983429.485502,2025-11-12 22:37:09.485502,333.023069694903,32.0269513130188
1762983429.516224,2025-11-12 22:37:09.516224,333.023069694903,32.05767321586609
1762983429.5470483,2025-11-12 22:37:09.547048,337.2148568332732,32.08849763870239
1762983429.5780792,2025-11-12 22:37:09.578079,337.2148568332732,32.1195285320282
1762983429.6087146,2025-11-12 22:37:09.608715,338.9383044734347,32.150163888931274
1762983429.6388838,2025-11-12 22:37:09.638884,338.9393044734347,32.18033313751221
1762983429.6704323,2025-11-12 22:37:09.670432,338.9393044734347,32.21188163757324
1762983429.700968,2025-11-12 22:37:09.700968,339.3236493617331,32.242417335510254
1762983429.7314,2025-11-12 22:37:09.731400,339.3236493617331,32.272849321365356
1762983429.7618134,2025-11-12 22:37:09.761813,339.4366811538486,32.30326271057129
1762983429.7923443,2025-11-12 22:37:09.792344,339.4366811538486,32.33379364013672
1762983429.8226886,2025-11-12 22:37:09.822689,340.1589652228421,32.36413788795471
1762983429.85315,2025-11-12 22:37:09.853150,340.1589652228421,32.394599199295044
1762983429.883544,2025-11-12 22:37:09.883544,342.6766877420048,32.42499327659607
1762983429.914024,2025-11-12 22:37:09.914024,342.6766877420048,32.45547342300415
1762983429.9443564,2025-11-12 22:37:09.944356,343.02410494900926,32.48580574989319
1762983429.9743228,2025-11-12 22:37:09.974323,343.02510494900923,32.515772104263306
1762983430.0046213,2025-11-12 22:37:10.004621,343.02510494900923,32.54607057571411
1762983430.0355067,2025-11-12 22:37:10.035507,345.26614822545787,32.576956033706665
1762983430.0655134,2025-11-12 22:37:10.065513,345.26714822545785,32.60696268081665
1762983430.0959706,2025-11-12 22:37:10.095971,345.26714822545785,32.63741993904114
1762983430.126678,2025-11-12 22:37:10.126678,345.418927267941,32.6681272983551
1762983430.1579008,2025-11-12 22:37:10.157901,345.418927267941,32.699350118637085
1762983430.1883302,2025-11-12 22:37:10.188330,347.8322391872134,32.72977948188782
1762983430.2184162,2025-11-12 22:37:10.218416,347.8332391872134,32.759865522384644
1762983430.2490153,2025-11-12 22:37:10.249015,347.8332391872134,32.790464639663696
1762983430.279408,2025-11-12 22:37:10.279408,347.8645144198879,32.82085728645325
1762983430.3098283,2025-11-12 22:37:10.309828,347.8645144198879,32.851277589797974
1762983430.3401744,2025-11-12 22:37:10.340174,348.24441219237167,32.8816237449646
1762983430.36995,2025-11-12 22:37:10.369950,348.24541219237165,32.911399364471436
1762983430.400266,2025-11-12 22:37:10.400266,348.24541219237165,32.941715240478516
1762983430.430686,2025-11-12 22:37:10.430686,350.57836704866315,32.97213530540466
1762983430.4608178,2025-11-12 22:37:10.460818,350.57936704866313,33.00226712226868
1762983430.4913712,2025-11-12 22:37:10.491371,350.57936704866313,33.03282046318054
1762983430.5220697,2025-11-12 22:37:10.522070,352.20727467683287,33.06351900100708
1762983430.552173,2025-11-12 22:37:10.552173,352.20827467683284,33.0936222076416
1762983430.5826433,2025-11-12 22:37:10.582643,352.20827467683284,33.12409257888794
1762983430.6131148,2025-11-12 22:37:10.613115,354.58408523961793,33.15456414222717
1762983430.6430697,2025-11-12 22:37:10.643070,354.5850852396179,33.18451905250549
1762983430.6740303,2025-11-12 22:37:10.674030,354.5850852396179,33.215479612350464
1762983430.7045038,2025-11-12 22:37:10.704504,356.4211675811796,33.24595308303833
1762983430.734245,2025-11-12 22:37:10.734245,356.42216758117956,33.275694370269775
1762983430.764381,2025-11-12 22:37:10.764381,356.42216758117956,33.305830240249634
1762983430.794646,2025-11-12 22:37:10.794646,357.792316753481,33.336095333099365
1762983430.8244152,2025-11-12 22:37:10.824415,357.79331675348095,33.365864515304565
1762983430.8546278,2025-11-12 22:37:10.854628,357.79331675348095,33.396077156066895
1762983430.8847666,2025-11-12 22:37:10.884767,358.9621947136698,33.4262158870697
1762983430.9146109,2025-11-12 22:37:10.914611,358.9631947136698,33.45606017112732
1762983430.9448166,2025-11-12 22:37:10.944817,358.9631947136698,33.486265897750854
1762983430.9750266,2025-11-12 22:37:10.975027,359.15839801637264,33.51647591590881
1762983431.004828,2025-11-12 22:37:11.004828,359.1593980163726,33.54627728462219
1762983431.0347831,2025-11-12 22:37:11.034783,359.1593980163726,33.57623243331909
1762983431.0650702,2025-11-12 22:37:11.065070,359.7251557490971,33.6065194606781
1762983431.094778,2025-11-12 22:37:11.094778,359.7261557490971,33.63622736930847
1762983431.124851,2025-11-12 22:37:11.124851,359.7261557490971,33.66630029678345
1762983431.1549802,2025-11-12 22:37:11.154980,359.8970086267329,33.69642949104309
1762983431.1846786,2025-11-12 22:37:11.184679,359.89800862673286,33.7261278629303
1762983431.2146828,2025-11-12 22:37:11.214683,359.89800862673286,33.75613212585449
1762983431.2450047,2025-11-12 22:37:11.245005,360.0,33.78645396232605
1762983431.2746716,2025-11-12 22:37:11.274672,361.15165895706645,33.816120862960815
1762983431.3046312,2025-11-12 22:37:11.304631,361.15165895706645,33.84608054161072
1762983431.3345308,2025-11-12 22:37:11.334531,362.2536130423788,33.87598013877869
1762983431.3643506,2025-11-12 22:37:11.364351,362.2536130423788,33.905799865722656
1762983431.3943815,2025-11-12 22:37:11.394382,362.54474961848865,33.93583083152771
1762983431.4242427,2025-11-12 22:37:11.424243,362.54474961848865,33.96569204330444
1762983431.454284,2025-11-12 22:37:11.454284,362.61133203319184,33.9957332611084
1762983431.483986,2025-11-12 22:37:11.483986,362.6123320331918,34.02543520927429
1762983431.5138066,2025-11-12 22:37:11.513807,362.6123320331918,34.05525588989258
1762983431.5439763,2025-11-12 22:37:11.543976,365.91865344453413,34.08542561531067
1762983431.5740912,2025-11-12 22:37:11.574091,365.91865344453413,34.115540504455566
1762983431.6041481,2025-11-12 22:37:11.604148,367.57022999065043,34.14559745788574
1762983431.63367,2025-11-12 22:37:11.633670,367.5712299906504,34.175119400024414
1762983431.6636233,2025-11-12 22:37:11.663623,367.5712299906504,34.20507264137268
1762983431.6947527,2025-11-12 22:37:11.694753,368.367116626813,34.236202001571655
1762983431.7244647,2025-11-12 22:37:11.724465,368.368116626813,34.26591396331787
1762983431.7544475,2025-11-12 22:37:11.754447,368.368116626813,34.295896768569946
1762983431.7846684,2025-11-12 22:37:11.784668,369.1466448056057,34.326117753982544
1762983431.8145494,2025-11-12 22:37:11.814549,369.1466448056057,34.35599875450134
1762983431.844793,2025-11-12 22:37:11.844793,371.0524199137863,34.386242389678955
1762983431.8741553,2025-11-12 22:37:11.874155,371.0534199137863,34.41560459136963
1762983431.9040134,2025-11-12 22:37:11.904013,371.0534199137863,34.445462703704834
1762983431.9341438,2025-11-12 22:37:11.934144,371.6562926889123,34.47559309005737
1762983431.9636512,2025-11-12 22:37:11.963651,371.65729268891226,34.50510048866272
1762983431.993581,2025-11-12 22:37:11.993581,371.65729268891226,34.535030364990234
1762983432.0237744,2025-11-12 22:37:12.023774,372.1599944886756,34.565223693847656
1762983432.0540862,2025-11-12 22:37:12.054086,372.1599944886756,34.59553551673889
1762983432.0843294,2025-11-12 22:37:12.084329,372.5734955158092,34.625778675079346
1762983432.1141496,2025-11-12 22:37:12.114150,372.5744955158092,34.655598878860474
1762983432.1439056,2025-11-12 22:37:12.143906,372.5744955158092,34.68535494804382
1762983432.1744678,2025-11-12 22:37:12.174468,372.87185989814077,34.715917110443115
1762983432.2041872,2025-11-12 22:37:12.204187,372.87185989814077,34.74563646316528
1762983432.233931,2025-11-12 22:37:12.233931,372.896571226302,34.7753803730011
1762983432.2637928,2025-11-12 22:37:12.263793,372.896571226302,34.80524206161499
1762983432.2942266,2025-11-12 22:37:12.294227,373.9362700334964,34.835675954818726
1762983432.3234718,2025-11-12 22:37:12.323472,373.93727003349636,34.86492109298706
1762983432.353028,2025-11-12 22:37:12.353028,373.93727003349636,34.89447736740112
1762983432.382705,2025-11-12 22:37:12.382705,374.47529604717613,34.92415428161621
1762983432.4119325,2025-11-12 22:37:12.411932,374.4762960471761,34.95338177680969
1762983432.441348,2025-11-12 22:37:12.441348,374.4762960471761,34.982797384262085
1762983432.4710348,2025-11-12 22:37:12.471035,375.32067089807987,35.012484073638916
1762983432.5004432,2025-11-12 22:37:12.500443,375.32067089807987,35.041892528533936
1762983432.53058,2025-11-12 22:37:12.530580,375.3850191768384,35.07202935218811
1762983432.560485,2025-11-12 22:37:12.560485,375.3860191768384,35.10193419456482
1762983432.5900378,2025-11-12 22:37:12.590038,375.3860191768384,35.131487131118774
1762983432.619464,2025-11-12 22:37:12.619464,375.8234364586615,35.16091322898865
1762983432.648566,2025-11-12 22:37:12.648566,375.82443645866147,35.19001531600952
1762983432.6778004,2025-11-12 22:37:12.677800,375.82443645866147,35.2192497253418
1762983432.707444,2025-11-12 22:37:12.707444,375.97226611986525,35.24889326095581
1762983432.7365975,2025-11-12 22:37:12.736598,375.97326611986523,35.27804684638977
1762983432.7660968,2025-11-12 22:37:12.766097,375.97326611986523,35.30754613876343
1762983432.7956417,2025-11-12 22:37:12.795642,376.10594496940155,35.33709096908569
1762983432.8251865,2025-11-12 22:37:12.825186,376.10594496940155,35.36663579940796
1762983432.8544397,2025-11-12 22:37:12.854440,376.4058520893872,35.39588904380798
1762983432.8837454,2025-11-12 22:37:12.883745,376.4058520893872,35.42519474029541
1762983432.913208,2025-11-12 22:37:12.913208,378.171560148546,35.454657316207886
1762983432.942536,2025-11-12 22:37:12.942536,378.171560148546,35.48398542404175
1762983432.971891,2025-11-12 22:37:12.971891,378.67872134962545,35.51334023475647
1762983433.0010037,2025-11-12 22:37:13.001004,378.67872134962545,35.5424530506134
1762983433.0302262,2025-11-12 22:37:13.030226,379.19135218834674,35.571675539016724
1762983433.0590525,2025-11-12 22:37:13.059052,379.1923521883467,35.60050177574158
1762983433.0882792,2025-11-12 22:37:13.088279,379.1923521883467,35.62972855567932
1762983433.1177492,2025-11-12 22:37:13.117749,380.13924949442384,35.65919852256775
1762983433.1464763,2025-11-12 22:37:13.146476,380.1402494944238,35.687925577163696
1762983433.1754599,2025-11-12 22:37:13.175460,380.1402494944238,35.71690917015076
1762983433.204669,2025-11-12 22:37:13.204669,380.40520876246455,35.74611830711365
1762983433.2334478,2025-11-12 22:37:13.233448,380.40620876246453,35.77489709854126
1762983433.2625518,2025-11-12 22:37:13.262552,380.40620876246453,35.80400109291077
1762983433.2915587,2025-11-12 22:37:13.291559,380.4127140296961,35.83300805091858
1762983433.3206503,2025-11-12 22:37:13.320650,380.4127140296961,35.86209964752197
1762983433.3498406,2025-11-12 22:37:13.349841,381.16497816643096,35.891289949417114
1762983433.378973,2025-11-12 22:37:13.378973,381.16497816643096,35.920422315597534
1762983433.4083073,2025-11-12 22:37:13.408307,381.8599262066802,35.94975662231445
1762983433.43762,2025-11-12 22:37:13.437620,381.8599262066802,35.979069232940674
1762983433.4668536,2025-11-12 22:37:13.466854,382.90643836471213,36.00830292701721
1762983433.4955182,2025-11-12 22:37:13.495518,382.9074383647121,36.036967515945435
1762983433.524803,2025-11-12 22:37:13.524803,382.9074383647121,36.0662522315979
1762983433.5542004,2025-11-12 22:37:13.554200,383.4832559309062,36.09564971923828
1762983433.5830097,2025-11-12 22:37:13.583010,383.48425593090616,36.12445902824402
1762983433.612376,2025-11-12 22:37:13.612376,383.48425593090616,36.15382528305054
1762983433.6415682,2025-11-12 22:37:13.641568,384.6432537347697,36.18301749229431
1762983433.6702008,2025-11-12 22:37:13.670201,384.6442537347697,36.211650133132935
1762983433.6991894,2025-11-12 22:37:13.699189,384.6442537347697,36.240638732910156
1762983433.7284255,2025-11-12 22:37:13.728426,385.9578674499082,36.269874811172485
1762983433.7575758,2025-11-12 22:37:13.757576,385.9578674499082,36.29902505874634
1762983433.792971,2025-11-12 22:37:13.792971,386.2301679938153,36.3344202041626
1762983433.8289108,2025-11-12 22:37:13.828911,386.2311679938153,36.370360136032104
1762983433.8650765,2025-11-12 22:37:13.865077,386.2311679938153,36.40652585029602
1762983433.901873,2025-11-12 22:37:13.901873,386.9135079244825,36.44332242012024
1762983433.9385324,2025-11-12 22:37:13.938532,386.9135079244825,36.479981660842896
1762983433.9747245,2025-11-12 22:37:13.974725,387.56518094738385,36.51617383956909
1762983434.0106263,2025-11-12 22:37:14.010626,387.5661809473838,36.55207562446594
1762983434.0467029,2025-11-12 22:37:14.046703,387.5661809473838,36.588152170181274
1762983434.0829477,2025-11-12 22:37:14.082948,387.82015330994903,36.62439703941345
1762983434.1188142,2025-11-12 22:37:14.118814,387.821153309949,36.660263538360596
1762983434.1551297,2025-11-12 22:37:14.155130,387.821153309949,36.69657897949219
1762983434.1911402,2025-11-12 22:37:14.191140,388.35160032206403,36.73258948326111
1762983434.2270832,2025-11-12 22:37:14.227083,388.35160032206403,36.768532514572144
1762983434.2633765,2025-11-12 22:37:14.263376,389.1735072905978,36.80482578277588
1762983434.2993975,2025-11-12 22:37:14.299397,389.1735072905978,36.84084677696228
1762983434.3354168,2025-11-12 22:37:14.335417,391.5480127987186,36.87686610221863
1762983434.3710742,2025-11-12 22:37:14.371074,391.5490127987186,36.9125235080719
1762983434.4072316,2025-11-12 22:37:14.407232,391.5490127987186,36.94868087768555
1762983434.4431636,2025-11-12 22:37:14.443164,394.045476971252,36.98461294174194
1762983434.4881885,2025-11-12 22:37:14.488189,394.046476971252,37.029637813568115
1762983434.5246177,2025-11-12 22:37:14.524618,394.046476971252,37.06606698036194
1762983434.5611677,2025-11-12 22:37:14.561168,394.3673714898619,37.102617025375366
1762983434.6067998,2025-11-12 22:37:14.606800,394.3683714898619,37.14824914932251
1762983434.6431925,2025-11-12 22:37:14.643193,394.3683714898619,37.18464183807373
1762983434.6799393,2025-11-12 22:37:14.679939,395.4070033565428,37.22138857841492
1762983434.716061,2025-11-12 22:37:14.716061,395.4080033565428,37.25751042366028
1762983434.7521338,2025-11-12 22:37:14.752134,395.4080033565428,37.293583154678345
1762983434.7880044,2025-11-12 22:37:14.788004,395.4564009156687,37.32945370674133
1762983434.8233614,2025-11-12 22:37:14.823361,395.4574009156687,37.36481070518494
1762983434.8596923,2025-11-12 22:37:14.859692,395.4574009156687,37.40114164352417
1762983434.8956404,2025-11-12 22:37:14.895640,395.53064116081555,37.437089681625366
1762983434.9315712,2025-11-12 22:37:14.931571,395.53064116081555,37.47302055358887
1762983434.967519,2025-11-12 22:37:14.967519,396.24744948996823,37.508968353271484
1762983435.0029745,2025-11-12 22:37:15.002975,396.2484494899682,37.54442381858826
1762983435.038804,2025-11-12 22:37:15.038804,396.2484494899682,37.58025336265564
1762983435.074738,2025-11-12 22:37:15.074738,398.34647416723766,37.61618733406067
1762983435.1101794,2025-11-12 22:37:15.110179,398.34747416723764,37.651628732681274
1762983435.14613,2025-11-12 22:37:15.146130,398.34747416723764,37.68757939338684
1762983435.1824052,2025-11-12 22:37:15.182405,398.5201941011965,37.723854541778564
1762983435.218139,2025-11-12 22:37:15.218139,398.5211941011965,37.75958824157715
1762983435.2536466,2025-11-12 22:37:15.253647,398.5211941011965,37.795095920562744
1762983435.2903411,2025-11-12 22:37:15.290341,399.9727473265979,37.83179044723511
1762983435.3270113,2025-11-12 22:37:15.327011,399.9727473265979,37.8684606552124
1762983435.3632798,2025-11-12 22:37:15.363280,402.11841046366186,37.90472912788391
1762983435.3986878,2025-11-12 22:37:15.398688,402.11941046366184,37.94013714790344
1762983435.4342284,2025-11-12 22:37:15.434228,402.11941046366184,37.975677728652954
1762983435.4697113,2025-11-12 22:37:15.469711,402.4920892016757,38.01116061210632
1762983435.5047395,2025-11-12 22:37:15.504740,402.4930892016757,38.046188831329346
1762983435.5408952,2025-11-12 22:37:15.540895,402.4930892016757,38.08234453201294
1762983435.5769477,2025-11-12 22:37:15.576948,403.67155466131317,38.11839699745178
1762983435.61575,2025-11-12 22:37:15.615750,403.67155466131317,38.15719938278198
1762983435.6611786,2025-11-12 22:37:15.661179,405.5619713137289,38.20262789726257
1762983435.7305214,2025-11-12 22:37:15.730521,405.5619713137289,38.27197074890137
1762983435.7774482,2025-11-12 22:37:15.777448,406.0265724917258,38.31889748573303
1762983435.81332,2025-11-12 22:37:15.813320,406.0265724917258,38.354769229888916
1762983435.8495574,2025-11-12 22:37:15.849557,407.2348300053484,38.39100670814514
1762983435.8852813,2025-11-12 22:37:15.885281,407.2348300053484,38.42673063278198
1762983435.920684,2025-11-12 22:37:15.920684,408.56822121158797,38.46213340759277
1762983435.956478,2025-11-12 22:37:15.956478,408.56922121158794,38.49792742729187
1762983435.9920743,2025-11-12 22:37:15.992074,408.56922121158794,38.53352355957031
1762983436.0278013,2025-11-12 22:37:16.027801,409.4710475092618,38.56925058364868
1762983436.062995,2025-11-12 22:37:16.062995,409.47204750926176,38.6044442653656
1762983436.0982087,2025-11-12 22:37:16.098209,409.47204750926176,38.639657974243164
1762983436.133762,2025-11-12 22:37:16.133762,411.41091591882827,38.67521119117737
1762983436.169306,2025-11-12 22:37:16.169306,411.41091591882827,38.710755348205566
1762983436.2053447,2025-11-12 22:37:16.205345,413.6801085104821,38.74679398536682
1762983436.2407122,2025-11-12 22:37:16.240712,413.6811085104821,38.782161474227905
1762983436.276585,2025-11-12 22:37:16.276585,413.6811085104821,38.818034410476685
1762983436.3215158,2025-11-12 22:37:16.321516,416.9009567033113,38.86296510696411
1762983436.3617494,2025-11-12 22:37:16.361749,416.9009567033113,38.90319871902466
1762983436.3974555,2025-11-12 22:37:16.397455,417.74779762128685,38.938904762268066
1762983436.4332561,2025-11-12 22:37:16.433256,417.74779762128685,38.97470545768738
1762983436.4690647,2025-11-12 22:37:16.469065,417.9417172507054,39.0105140209198
1762983436.5044632,2025-11-12 22:37:16.504463,417.9417172507054,39.04591250419617
1762983436.539984,2025-11-12 22:37:16.539984,418.23019351694876,39.08143329620361
1762983436.5744517,2025-11-12 22:37:16.574452,418.23119351694874,39.11590099334717
1762983436.6095612,2025-11-12 22:37:16.609561,418.23119351694874,39.151010513305664
1762983436.6452308,2025-11-12 22:37:16.645231,418.4756065636236,39.18668007850647
1762983436.6804984,2025-11-12 22:37:16.680498,418.4756065636236,39.22194766998291
1762983436.7157242,2025-11-12 22:37:16.715724,419.31845482059026,39.25717353820801
1762983436.7505672,2025-11-12 22:37:16.750567,419.31945482059024,39.29201650619507
1762983436.78555,2025-11-12 22:37:16.785550,419.31945482059024,39.32699942588806
1762983436.820688,2025-11-12 22:37:16.820688,420.0,39.36213731765747
1762983436.855789,2025-11-12 22:37:16.855789,420.7362403221409,39.39723825454712
1762983436.8905096,2025-11-12 22:37:16.890510,420.73724032214085,39.4319589138031
1762983436.9256203,2025-11-12 22:37:16.925620,420.73724032214085,39.46706962585449
1762983436.96071,2025-11-12 22:37:16.960710,420.78978163737406,39.50215935707092
1762983436.9958553,2025-11-12 22:37:16.995855,420.78978163737406,39.537304639816284
1762983437.0307326,2025-11-12 22:37:17.030733,421.93434296519575,39.572181940078735
1762983437.065202,2025-11-12 22:37:17.065202,421.93534296519573,39.606651306152344
1762983437.1000867,2025-11-12 22:37:17.100087,421.93534296519573,39.64153599739075
1762983437.1353343,2025-11-12 22:37:17.135334,423.1971930599045,39.67678356170654
1762983437.1696126,2025-11-12 22:37:17.169613,423.1981930599045,39.71106195449829
1762983437.1981442,2025-11-12 22:37:17.198144,423.1981930599045,39.739593505859375
1762983437.2265577,2025-11-12 22:37:17.226558,423.6248754153328,39.768007040023804
1762983437.2547936,2025-11-12 22:37:17.254794,423.6248754153328,39.7962429523468
1762983437.2830787,2025-11-12 22:37:17.283079,424.348596870396,39.824527978897095
1762983437.3111525,2025-11-12 22:37:17.311152,424.348596870396,39.852601766586304
1762983437.3393185,2025-11-12 22:37:17.339319,424.5286787196459,39.880767822265625
1762983437.3675067,2025-11-12 22:37:17.367507,424.5286787196459,39.9089560508728
1762983437.3955975,2025-11-12 22:37:17.395597,425.837627485754,39.93704676628113
1762983437.423628,2025-11-12 22:37:17.423628,425.837627485754,39.96507740020752
1762983437.4519253,2025-11-12 22:37:17.451925,425.87918796886544,39.99337458610535
1762983437.479723,2025-11-12 22:37:17.479723,425.8801879688654,40.021172285079956
1762983437.5077345,2025-11-12 22:37:17.507735,425.8801879688654,40.04918384552002
1762983437.5358016,2025-11-12 22:37:17.535802,429.85420712007226,40.077250957489014
1762983437.5635233,2025-11-12 22:37:17.563523,429.85520712007224,40.10497260093689
1762983437.5914607,2025-11-12 22:37:17.591461,429.85520712007224,40.13291001319885
1762983437.6194675,2025-11-12 22:37:17.619467,431.5041740149988,40.160916805267334
1762983437.647067,2025-11-12 22:37:17.647067,431.5051740149988,40.18851637840271
1762983437.6748993,2025-11-12 22:37:17.674899,431.5051740149988,40.21634864807129
1762983437.7028818,2025-11-12 22:37:17.702882,432.49424181757865,40.2443311214447
1762983437.7303724,2025-11-12 22:37:17.730372,432.49524181757863,40.27182173728943
1762983437.7581868,2025-11-12 22:37:17.758187,432.49524181757863,40.299636125564575
1762983437.7861848,2025-11-12 22:37:17.786185,432.8055695851812,40.32763409614563
1762983437.8140187,2025-11-12 22:37:17.814019,432.8055695851812,40.35546803474426
1762983437.8421671,2025-11-12 22:37:17.842167,435.24584201010657,40.38361644744873
1762983437.8704996,2025-11-12 22:37:17.870500,435.24584201010657,40.411948919296265
1762983437.8985856,2025-11-12 22:37:17.898586,438.45078627827024,40.44003486633301
1762983437.9264185,2025-11-12 22:37:17.926419,438.45078627827024,40.467867851257324
1762983437.9543662,2025-11-12 22:37:17.954366,438.600593589718,40.49581551551819
1762983437.9822032,2025-11-12 22:37:17.982203,438.600593589718,40.52365255355835
1762983438.0100374,2025-11-12 22:37:18.010037,440.09561969968064,40.55148673057556
1762983438.0378656,2025-11-12 22:37:18.037866,440.09561969968064,40.579314947128296
1762983438.065863,2025-11-12 22:37:18.065863,441.94034243720165,40.60731220245361
1762983438.0932796,2025-11-12 22:37:18.093280,441.9413424372016,40.63472890853882
1762983438.1209803,2025-11-12 22:37:18.120980,441.9413424372016,40.66242957115173
1762983438.1488686,2025-11-12 22:37:18.148869,443.0183211389573,40.6903178691864
1762983438.1763186,2025-11-12 22:37:18.176319,443.01932113895725,40.71776795387268
1762983438.2040095,2025-11-12 22:37:18.204010,443.01932113895725,40.74545884132385
1762983438.2317615,2025-11-12 22:37:18.231761,444.2236540892516,40.773210763931274
1762983438.2596807,2025-11-12 22:37:18.259681,444.2236540892516,40.801130056381226
1762983438.2877104,2025-11-12 22:37:18.287710,444.81254708371677,40.8291597366333
1762983438.3154275,2025-11-12 22:37:18.315428,444.81254708371677,40.856876850128174
1762983438.3430948,2025-11-12 22:37:18.343095,447.3936272805524,40.884544134140015
1762983438.3708239,2025-11-12 22:37:18.370824,447.3936272805524,40.91227316856384
1762983438.3990219,2025-11-12 22:37:18.399022,450.94126860226663,40.940471172332764
1762983438.4266896,2025-11-12 22:37:18.426690,450.9422686022666,40.96813893318176
1762983438.4545736,2025-11-12 22:37:18.454574,450.9422686022666,40.99602293968201
1762983438.4824579,2025-11-12 22:37:18.482458,451.4231072908684,41.02390718460083
1762983438.509787,2025-11-12 22:37:18.509787,451.4241072908684,41.051236391067505
1762983438.5375588,2025-11-12 22:37:18.537559,451.4241072908684,41.07900810241699
1762983438.5652506,2025-11-12 22:37:18.565251,453.0461956015119,41.10669994354248
1762983438.5924907,2025-11-12 22:37:18.592491,453.0471956015119,41.13393998146057
1762983438.6200593,2025-11-12 22:37:18.620059,453.0471956015119,41.161508560180664
1762983438.6476414,2025-11-12 22:37:18.647641,453.6134532995202,41.189090728759766
1762983438.6760223,2025-11-12 22:37:18.676022,453.61445329952016,41.21747159957886
1762983438.7038963,2025-11-12 22:37:18.703896,453.61445329952016,41.24534559249878
1762983438.7318685,2025-11-12 22:37:18.731869,453.7934825480813,41.27331781387329
1762983438.7594883,2025-11-12 22:37:18.759488,453.79448254808125,41.30093765258789
1762983438.7870913,2025-11-12 22:37:18.787091,453.79448254808125,41.328540563583374
1762983438.8150263,2025-11-12 22:37:18.815026,454.18721763792564,41.356475591659546
1762983438.8428411,2025-11-12 22:37:18.842841,454.1882176379256,41.38429045677185
1762983438.871101,2025-11-12 22:37:18.871101,454.1882176379256,41.41255021095276
1762983438.8989077,2025-11-12 22:37:18.898908,454.32227027257784,41.440356969833374
1762983438.9265275,2025-11-12 22:37:18.926528,454.3232702725778,41.467976808547974
1762983438.9544659,2025-11-12 22:37:18.954466,454.3232702725778,41.49591517448425
1762983438.9822621,2025-11-12 22:37:18.982262,456.7179004715237,41.52371144294739
1762983439.0101223,2025-11-12 22:37:19.010122,456.7179004715237,41.55157160758972
1762983439.041771,2025-11-12 22:37:19.041771,459.92248096438976,41.58322024345398
1762983439.0720344,2025-11-12 22:37:19.072034,459.92348096438974,41.61348366737366
1762983439.0995963,2025-11-12 22:37:19.099596,459.92348096438974,41.641045570373535
1762983439.1272423,2025-11-12 22:37:19.127242,460.0493905949591,41.668691635131836
1762983439.15436,2025-11-12 22:37:19.154360,460.0503905949591,41.69580936431885
1762983439.1817114,2025-11-12 22:37:19.181711,460.0503905949591,41.72316074371338
1762983439.209173,2025-11-12 22:37:19.209173,460.9673804725317,41.750622272491455
1762983439.2362587,2025-11-12 22:37:19.236259,460.9683804725317,41.77770805358887
1762983439.2635972,2025-11-12 22:37:19.263597,460.9683804725317,41.80504655838013
1762983439.2908757,2025-11-12 22:37:19.290876,461.49200773172214,41.83232498168945
1762983439.317727,2025-11-12 22:37:19.317727,461.4930077317221,41.85917639732361
1762983439.3449757,2025-11-12 22:37:19.344976,461.4930077317221,41.88642501831055
1762983439.3724825,2025-11-12 22:37:19.372483,461.61767303587334,41.91393184661865
1762983439.3998134,2025-11-12 22:37:19.399813,461.61767303587334,41.94126272201538
1762983439.4271796,2025-11-12 22:37:19.427180,461.9679052287081,41.968628883361816
1762983439.4544585,2025-11-12 22:37:19.454458,461.9679052287081,41.9959077835083
1762983439.4817317,2025-11-12 22:37:19.481732,462.25321195264274,42.02318096160889
1762983439.5087051,2025-11-12 22:37:19.508705,462.2542119526427,42.05015444755554
1762983439.5361145,2025-11-12 22:37:19.536114,462.2542119526427,42.077563762664795
1762983439.5633447,2025-11-12 22:37:19.563345,463.637814989617,42.10479402542114
1762983439.5906696,2025-11-12 22:37:19.590670,463.637814989617,42.132118940353394
1762983439.6179113,2025-11-12 22:37:19.617911,463.64183200297674,42.15936064720154
1762983439.6450977,2025-11-12 22:37:19.645098,463.64183200297674,42.18654704093933
1762983439.672217,2025-11-12 22:37:19.672217,463.8523539231695,42.21366620063782
1762983439.6991408,2025-11-12 22:37:19.699141,463.8533539231695,42.24059009552002
1762983439.7261586,2025-11-12 22:37:19.726159,463.8533539231695,42.26760792732239
1762983439.7532825,2025-11-12 22:37:19.753283,464.4299838688308,42.294731855392456
1762983439.7801907,2025-11-12 22:37:19.780191,464.4299838688308,42.32164001464844
1762983439.8071704,2025-11-12 22:37:19.807170,464.4512429227491,42.34861969947815
1762983439.8337705,2025-11-12 22:37:19.833771,464.45224292274906,42.37521982192993
1762983439.8607614,2025-11-12 22:37:19.860761,464.45224292274906,42.40221071243286
1762983439.887991,2025-11-12 22:37:19.887991,465.4388325450833,42.42944025993347
1762983439.9150472,2025-11-12 22:37:19.915047,465.4388325450833,42.456496477127075
1762983439.9423032,2025-11-12 22:37:19.942303,466.3692920277568,42.483752489089966
1762983439.9692242,2025-11-12 22:37:19.969224,466.37029202775676,42.51067352294922
1762983439.9964533,2025-11-12 22:37:19.996453,466.37029202775676,42.53790259361267
1762983440.0236123,2025-11-12 22:37:20.023612,468.1731181119385,42.56506156921387
1762983440.0504198,2025-11-12 22:37:20.050420,468.17411811193847,42.59186911582947
1762983440.0773365,2025-11-12 22:37:20.077337,468.17411811193847,42.6187858581543
1762983440.1049113,2025-11-12 22:37:20.104911,468.4045532129469,42.646360635757446
1762983440.1323771,2025-11-12 22:37:20.132377,468.4045532129469,42.673826456069946
1762983440.1593313,2025-11-12 22:37:20.159331,468.73972056029277,42.700780630111694
1762983440.186301,2025-11-12 22:37:20.186301,468.73972056029277,42.727750301361084
1762983440.2135494,2025-11-12 22:37:20.213549,469.521348045103,42.75499868392944
1762983440.2401464,2025-11-12 22:37:20.240146,469.522348045103,42.7815957069397
1762983440.267211,2025-11-12 22:37:20.267211,469.522348045103,42.80866026878357
1762983440.2945015,2025-11-12 22:37:20.294502,469.8404873448378,42.83595085144043
1762983440.3212695,2025-11-12 22:37:20.321270,469.8414873448378,42.8627188205719
1762983440.3483694,2025-11-12 22:37:20.348369,469.8414873448378,42.88981866836548
1762983440.375037,2025-11-12 22:37:20.375037,470.72174420124736,42.91648626327515
1762983440.401898,2025-11-12 22:37:20.401898,470.72174420124736,42.943347215652466
1762983440.4287288,2025-11-12 22:37:20.428729,471.01060327202333,42.97017812728882
1762983440.4555664,2025-11-12 22:37:20.455566,471.01060327202333,42.997015714645386
1762983440.4825263,2025-11-12 22:37:20.482526,472.1611211032624,43.02397561073303
1762983440.5089552,2025-11-12 22:37:20.508955,472.1621211032624,43.05040454864502
1762983440.5358703,2025-11-12 22:37:20.535870,472.1621211032624,43.077319622039795
1762983440.5629432,2025-11-12 22:37:20.562943,473.72697628368775,43.104392528533936
1762983440.589628,2025-11-12 22:37:20.589628,473.72697628368775,43.1310772895813
1762983440.6164367,2025-11-12 22:37:20.616437,475.38065149618404,43.157886028289795
1762983440.6433783,2025-11-12 22:37:20.643378,475.38065149618404,43.18482756614685
1762983440.6701024,2025-11-12 22:37:20.670102,479.0156531614894,43.211551666259766
1762983440.696648,2025-11-12 22:37:20.696648,479.0156531614894,43.238097190856934
1762983440.7234247,2025-11-12 22:37:20.723425,479.80393994481966,43.26487398147583
1762983440.7502856,2025-11-12 22:37:20.750286,479.80393994481966,43.29173493385315
1762983440.7769938,2025-11-12 22:37:20.776994,480.0,43.318443059921265
1762983440.803421,2025-11-12 22:37:20.803421,480.47887258161495,43.3448703289032
1762983440.8301554,2025-11-12 22:37:20.830155,480.47887258161495,43.371604681015015
1762983440.8569455,2025-11-12 22:37:20.856946,482.414717454533,43.39839482307434
1762983440.8838706,2025-11-12 22:37:20.883871,482.414717454533,43.42531991004944
1762983440.9106402,2025-11-12 22:37:20.910640,483.880346779227,43.45208954811096
1762983440.9371202,2025-11-12 22:37:20.937120,483.881346779227,43.47856950759888
1762983440.9637039,2025-11-12 22:37:20.963704,483.881346779227,43.5051531791687
1762983440.9905427,2025-11-12 22:37:20.990543,484.72558423228173,43.531991958618164
1762983441.0172884,2025-11-12 22:37:21.017288,484.72558423228173,43.55873775482178
1762983441.0441403,2025-11-12 22:37:21.044140,485.20888610818406,43.58558964729309
1762983441.0706468,2025-11-12 22:37:21.070647,485.20888610818406,43.612096071243286
1762983441.097426,2025-11-12 22:37:21.097426,485.5430274873922,43.638875246047974
1762983441.1236448,2025-11-12 22:37:21.123645,485.54402748739216,43.66509413719177
1762983441.1503248,2025-11-12 22:37:21.150325,485.54402748739216,43.691774129867554
1762983441.1771042,2025-11-12 22:37:21.177104,485.65747270957684,43.71855354309082
1762983441.203358,2025-11-12 22:37:21.203358,485.6584727095768,43.74480724334717
1762983441.2300391,2025-11-12 22:37:21.230039,485.6584727095768,43.771488428115845
1762983441.2567532,2025-11-12 22:37:21.256753,487.305386877083,43.79820251464844
1762983441.2830105,2025-11-12 22:37:21.283010,487.30638687708296,43.82445979118347
1762983441.3095307,2025-11-12 22:37:21.309531,487.30638687708296,43.850980043411255
1762983441.336198,2025-11-12 22:37:21.336198,487.43103120372206,43.877647399902344
1762983441.3624232,2025-11-12 22:37:21.362423,487.43203120372203,43.9038724899292
1762983441.3889563,2025-11-12 22:37:21.388956,487.43203120372203,43.930405616760254
1762983441.415436,2025-11-12 22:37:21.415436,488.80644590233953,43.95688533782959
1762983441.4415607,2025-11-12 22:37:21.441561,488.8074459023395,43.983010053634644
1762983441.4680095,2025-11-12 22:37:21.468009,488.8074459023395,44.009458780288696
1762983441.4946933,2025-11-12 22:37:21.494693,489.59453492803726,44.03614258766174
1762983441.5212784,2025-11-12 22:37:21.521278,489.59453492803726,44.06272768974304
1762983441.5478249,2025-11-12 22:37:21.547825,492.94538132956086,44.089274168014526
1762983441.5738738,2025-11-12 22:37:21.573874,492.94638132956084,44.115323066711426
1762983441.6002514,2025-11-12 22:37:21.600251,492.94638132956084,44.141700744628906
1762983441.6271043,2025-11-12 22:37:21.627104,494.37694782177516,44.168553590774536
1762983441.6537836,2025-11-12 22:37:21.653784,494.37694782177516,44.19523286819458
1762983441.6803424,2025-11-12 22:37:21.680342,498.00830523452726,44.22179174423218
1762983441.7064686,2025-11-12 22:37:21.706469,498.00930523452723,44.247917890548706
1762983441.732848,2025-11-12 22:37:21.732848,498.00930523452723,44.27429723739624
1762983441.759148,2025-11-12 22:37:21.759148,498.1551754961288,44.300597190856934
1762983441.785083,2025-11-12 22:37:21.785083,498.15617549612875,44.3265323638916
1762983441.811418,2025-11-12 22:37:21.811418,498.15617549612875,44.35286736488342
1762983441.8423617,2025-11-12 22:37:21.842362,498.8490659004749,44.38381099700928
1762983441.875005,2025-11-12 22:37:21.875005,498.8500659004749,44.41645431518555
1762983441.9079018,2025-11-12 22:37:21.907902,498.8500659004749,44.4493510723114
1762983441.940997,2025-11-12 22:37:21.940997,499.69905003572256,44.48244619369507
1762983441.9735358,2025-11-12 22:37:21.973536,499.70005003572254,44.51498508453369
1762983442.006367,2025-11-12 22:37:22.006367,499.70005003572254,44.54781627655029
1762983442.039094,2025-11-12 22:37:22.039094,500.07192907012,44.58054327964783
1762983442.0720003,2025-11-12 22:37:22.072000,500.07192907012,44.613449573516846
1762983442.105084,2025-11-12 22:37:22.105084,500.7711596937669,44.646533250808716
1762983442.137319,2025-11-12 22:37:22.137319,500.77215969376687,44.67876839637756
1762983442.1701448,2025-11-12 22:37:22.170145,500.77215969376687,44.711594104766846
1762983442.2028015,2025-11-12 22:37:22.202801,501.21248842757865,44.744250774383545
1762983442.234868,2025-11-12 22:37:22.234868,501.2134884275786,44.77631735801697
1762983442.2674906,2025-11-12 22:37:22.267491,501.2134884275786,44.808939933776855
1762983442.300264,2025-11-12 22:37:22.300264,501.9640997545854,44.841713190078735
1762983442.332581,2025-11-12 22:37:22.332581,501.96509975458537,44.874030351638794
1762983442.365438,2025-11-12 22:37:22.365438,501.96509975458537,44.90688729286194
1762983442.398041,2025-11-12 22:37:22.398041,502.5489046240321,44.93949031829834
1762983442.430945,2025-11-12 22:37:22.430945,502.5489046240321,44.97239422798157
1762983442.4637692,2025-11-12 22:37:22.463769,503.14592767202674,45.005218505859375
1762983442.4967706,2025-11-12 22:37:22.496771,503.14592767202674,45.038219928741455
1762983442.5297291,2025-11-12 22:37:22.529729,503.5094822093674,45.0711784362793
1762983442.56186,2025-11-12 22:37:22.561860,503.51048220936735,45.10330939292908
1762983442.594258,2025-11-12 22:37:22.594258,503.51048220936735,45.13570737838745
1762983442.6267269,2025-11-12 22:37:22.626727,504.0193129075636,45.16817617416382
1762983442.658605,2025-11-12 22:37:22.658605,504.02031290756355,45.20005440711975
1762983442.690908,2025-11-12 22:37:22.690908,504.02031290756355,45.23235726356506
1762983442.7231252,2025-11-12 22:37:22.723125,505.5475732696033,45.26457452774048
1762983442.7554147,2025-11-12 22:37:22.755415,505.5475732696033,45.29686403274536
1762983442.7879224,2025-11-12 22:37:22.787922,506.6977300967322,45.32937169075012
1762983442.820515,2025-11-12 22:37:22.820515,506.6977300967322,45.36196422576904
1762983442.8530245,2025-11-12 22:37:22.853024,507.37559294584776,45.39447379112244
1762983442.885376,2025-11-12 22:37:22.885376,507.37559294584776,45.426825284957886
1762983442.9188619,2025-11-12 22:37:22.918862,508.4187749983346,45.4603111743927
1762983442.950704,2025-11-12 22:37:22.950704,508.4187749983346,45.49215340614319
1762983442.9828274,2025-11-12 22:37:22.982827,508.89288016636414,45.52427673339844
1762983443.014732,2025-11-12 22:37:23.014732,508.89288016636414,45.55618119239807
1762983443.046856,2025-11-12 22:37:23.046856,509.1209282884926,45.58830523490906
1762983443.078795,2025-11-12 22:37:23.078795,509.1209282884926,45.62024426460266
1762983443.1109982,2025-11-12 22:37:23.110998,509.1248114761938,45.65244746208191
1762983443.1428905,2025-11-12 22:37:23.142890,509.1248114761938,45.68433976173401
1762983443.1748967,2025-11-12 22:37:23.174897,509.45001717156987,45.71634602546692
1762983443.2064066,2025-11-12 22:37:23.206407,509.45101717156984,45.74785590171814
1762983443.2385888,2025-11-12 22:37:23.238589,509.45101717156984,45.78003811836243
1762983443.2707753,2025-11-12 22:37:23.270775,510.36172889988484,45.81222462654114
1762983443.3033724,2025-11-12 22:37:23.303372,510.36172889988484,45.84482169151306
1762983443.3352153,2025-11-12 22:37:23.335215,512.4959471270422,45.87666463851929
1762983443.367,2025-11-12 22:37:23.367000,512.4959471270422,45.90844941139221
1762983443.396561,2025-11-12 22:37:23.396561,514.264505339033,45.93801021575928
1762983443.4221635,2025-11-12 22:37:23.422163,514.264505339033,45.9636127948761
1762983443.4479148,2025-11-12 22:37:23.447915,514.9798167573545,45.98936414718628
1762983443.4735334,2025-11-12 22:37:23.473533,514.9798167573545,46.0149827003479
1762983443.4993029,2025-11-12 22:37:23.499303,519.3240194269065,46.04075217247009
1762983443.5246701,2025-11-12 22:37:23.524670,519.3250194269065,46.06611943244934
1762983443.5503297,2025-11-12 22:37:23.550330,519.3250194269065,46.09177899360657
1762983443.5759609,2025-11-12 22:37:23.575961,519.943137589902,46.11741018295288
1762983443.601252,2025-11-12 22:37:23.601252,519.944137589902,46.142701387405396
1762983443.6267548,2025-11-12 22:37:23.626755,519.944137589902,46.16820406913757
1762983443.6523662,2025-11-12 22:37:23.652366,521.7424867047655,46.19381546974182
1762983443.6774888,2025-11-12 22:37:23.677489,521.7434867047655,46.21893811225891
1762983443.703037,2025-11-12 22:37:23.703037,521.7434867047655,46.2444863319397
1762983443.7287662,2025-11-12 22:37:23.728766,522.2683673238664,46.27021551132202
1762983443.7540517,2025-11-12 22:37:23.754052,522.2693673238664,46.29550099372864
1762983443.7796671,2025-11-12 22:37:23.779667,522.2693673238664,46.32111644744873
1762983443.805258,2025-11-12 22:37:23.805258,523.6334115479507,46.346707344055176
1762983443.830384,2025-11-12 22:37:23.830384,523.6344115479507,46.37183332443237
1762983443.8560777,2025-11-12 22:37:23.856078,523.6344115479507,46.39752697944641
1762983443.8816776,2025-11-12 22:37:23.881678,528.0228005160267,46.42312693595886
1762983443.9071949,2025-11-12 22:37:23.907195,528.0228005160267,46.448644161224365
1762983443.9329202,2025-11-12 22:37:23.932920,528.3871283723232,46.474369525909424
1762983443.9581716,2025-11-12 22:37:23.958172,528.3881283723232,46.49962091445923
1762983443.9837537,2025-11-12 22:37:23.983754,528.3881283723232,46.52520298957825
1762983444.0094373,2025-11-12 22:37:24.009437,528.5738349194058,46.55088663101196
1762983444.0348034,2025-11-12 22:37:24.034803,528.5738349194058,46.576252698898315
1762983444.0604193,2025-11-12 22:37:24.060419,529.5415076567804,46.601868629455566
1762983444.0858862,2025-11-12 22:37:24.085886,529.5415076567804,46.62733554840088
1762983444.1113343,2025-11-12 22:37:24.111334,530.2985667396424,46.65278363227844
1762983444.1368325,2025-11-12 22:37:24.136832,530.2985667396424,46.67828178405762
1762983444.162407,2025-11-12 22:37:24.162407,530.7439511747746,46.703856229782104
1762983444.1877906,2025-11-12 22:37:24.187791,530.7439511747746,46.72923994064331
1762983444.213365,2025-11-12 22:37:24.213365,530.7474766239712,46.7548143863678
1762983444.2384646,2025-11-12 22:37:24.238465,530.7484766239712,46.779913902282715
1762983444.2637942,2025-11-12 22:37:24.263794,530.7484766239712,46.805243492126465
1762983444.2894285,2025-11-12 22:37:24.289428,531.2404011684305,46.83087778091431
1762983444.3145568,2025-11-12 22:37:24.314557,531.2414011684305,46.856006145477295
1762983444.3401198,2025-11-12 22:37:24.340120,531.2414011684305,46.881569147109985
1762983444.3655045,2025-11-12 22:37:24.365505,531.7952996764284,46.90695381164551
1762983444.390528,2025-11-12 22:37:24.390528,531.7962996764284,46.93197727203369
1762983444.4158263,2025-11-12 22:37:24.415826,531.7962996764284,46.95727562904358
1762983444.4566824,2025-11-12 22:37:24.456682,532.3149172896103,46.99813175201416
1762983444.4882493,2025-11-12 22:37:24.488249,532.3149172896103,47.029698610305786
1762983444.5199075,2025-11-12 22:37:24.519907,534.2899650073666,47.06135678291321
1762983444.5512753,2025-11-12 22:37:24.551275,534.2899650073666,47.092724561691284
1762983444.5825458,2025-11-12 22:37:24.582546,535.1680644670352,47.12399506568909
1762983444.6135283,2025-11-12 22:37:24.613528,535.1690644670351,47.154977560043335
1762983444.645014,2025-11-12 22:37:24.645014,535.1690644670351,47.186463356018066
1762983444.6762297,2025-11-12 22:37:24.676230,536.4916875208761,47.217679023742676
1762983444.707519,2025-11-12 22:37:24.707519,536.4916875208761,47.24896836280823
1762983444.738896,2025-11-12 22:37:24.738896,538.7735799086648,47.28034520149231
1762983444.7700493,2025-11-12 22:37:24.770049,538.7735799086648,47.31149864196777
1762983444.801628,2025-11-12 22:37:24.801628,540.0,47.343077421188354
1762983444.8326273,2025-11-12 22:37:24.832627,540.1549801199983,47.37407660484314
1762983444.8638842,2025-11-12 22:37:24.863884,540.1549801199983,47.405333518981934
1762983444.895119,2025-11-12 22:37:24.895119,540.8336368991726,47.43656826019287
1762983444.926377,2025-11-12 22:37:24.926377,540.8336368991726,47.46782636642456
1762983444.9579558,2025-11-12 22:37:24.957956,542.2031462806827,47.49940514564514
1762983444.9887092,2025-11-12 22:37:24.988709,542.2041462806827,47.53015851974487
1762983445.0199134,2025-11-12 22:37:25.019913,542.2041462806827,47.561362743377686
1762983445.0509667,2025-11-12 22:37:25.050967,543.2257852394389,47.59241604804993
1762983445.0820408,2025-11-12 22:37:25.082041,543.2257852394389,47.62349009513855
1762983445.1130981,2025-11-12 22:37:25.113098,544.2720293004578,47.654547452926636
1762983445.1437519,2025-11-12 22:37:25.143752,544.2730293004578,47.6852011680603
1762983445.1751482,2025-11-12 22:37:25.175148,544.2730293004578,47.71659755706787
1762983445.2067182,2025-11-12 22:37:25.206718,545.2654045495503,47.748167514801025
1762983445.2374876,2025-11-12 22:37:25.237488,545.2664045495503,47.77893686294556
1762983445.2685702,2025-11-12 22:37:25.268570,545.2664045495503,47.81001949310303
1762983445.2998805,2025-11-12 22:37:25.299881,545.7879637010177,47.84132981300354
1762983445.3310146,2025-11-12 22:37:25.331015,545.7879637010177,47.8724639415741
1762983445.3622603,2025-11-12 22:37:25.362260,546.7802234507224,47.90370965003967
1762983445.3929188,2025-11-12 22:37:25.392919,546.7812234507223,47.93436813354492
1762983445.423928,2025-11-12 22:37:25.423928,546.7812234507223,47.96537733078003
1762983445.455016,2025-11-12 22:37:25.455016,547.784614818829,47.99646520614624
1762983445.4860735,2025-11-12 22:37:25.486073,547.784614818829,48.027522802352905
1762983445.5172098,2025-11-12 22:37:25.517210,550.5511095001368,48.058659076690674
1762983445.548004,2025-11-12 22:37:25.548004,550.5521095001368,48.08945322036743
1762983445.5790102,2025-11-12 22:37:25.579010,550.5521095001368,48.12045955657959
1762983445.610244,2025-11-12 22:37:25.610244,552.0765449491078,48.15169334411621
1762983445.641318,2025-11-12 22:37:25.641318,552.0765449491078,48.182767391204834
1762983445.672361,2025-11-12 22:37:25.672361,553.9490898346562,48.213810205459595
1762983445.7031186,2025-11-12 22:37:25.703119,553.9500898346562,48.24456787109375
1762983445.7341473,2025-11-12 22:37:25.734147,553.9500898346562,48.275596618652344
1762983445.7653291,2025-11-12 22:37:25.765329,555.4079539859988,48.30677843093872
1762983445.7964318,2025-11-12 22:37:25.796432,555.4079539859988,48.337881088256836
1762983445.827811,2025-11-12 22:37:25.827811,557.0971164091878,48.36926031112671
1762983445.8585553,2025-11-12 22:37:25.858555,557.0981164091878,48.400004625320435
1762983445.8899996,2025-11-12 22:37:25.890000,557.0981164091878,48.4314489364624
1762983445.9215662,2025-11-12 22:37:25.921566,558.0271572285493,48.46301555633545
1762983445.9522932,2025-11-12 22:37:25.952293,558.0281572285493,48.4937424659729
1762983445.9832866,2025-11-12 22:37:25.983287,558.0281572285493,48.52473592758179
1762983446.023201,2025-11-12 22:37:26.023201,558.4570944844465,48.56465029716492
1762983446.0538218,2025-11-12 22:37:26.053822,558.4580944844465,48.59527111053467
1762983446.0850635,2025-11-12 22:37:26.085063,558.4580944844465,48.6265127658844
1762983446.1158044,2025-11-12 22:37:26.115804,558.7644124294115,48.65725374221802
1762983446.1460593,2025-11-12 22:37:26.146059,558.7654124294115,48.68750858306885
1762983446.1767476,2025-11-12 22:37:26.176748,558.7654124294115,48.718196868896484
1762983446.2076178,2025-11-12 22:37:26.207618,559.995482494316,48.749067068099976
1762983446.237941,2025-11-12 22:37:26.237941,559.996482494316,48.77939033508301
1762983446.2685719,2025-11-12 22:37:26.268572,559.996482494316,48.81002116203308
1762983446.29951,2025-11-12 22:37:26.299510,562.0664962482824,48.840959310531616
1762983446.3296876,2025-11-12 22:37:26.329688,562.0674962482824,48.87113690376282
1762983446.3602753,2025-11-12 22:37:26.360275,562.0674962482824,48.90172457695007
1762983446.3909907,2025-11-12 22:37:26.390991,562.8522999997494,48.93244004249573
1762983446.4213278,2025-11-12 22:37:26.421328,562.8532999997494,48.96277713775635
1762983446.4519036,2025-11-12 22:37:26.451904,562.8532999997494,48.99335289001465
1762983446.4826853,2025-11-12 22:37:26.482685,563.0172571545482,49.02413463592529
1762983446.5130355,2025-11-12 22:37:26.513036,563.0182571545482,49.054484844207764
1762983446.5439138,2025-11-12 22:37:26.543914,563.0182571545482,49.085363149642944
1762983446.5746598,2025-11-12 22:37:26.574660,564.8068706392337,49.116109132766724
1762983446.609158,2025-11-12 22:37:26.609158,564.8068706392337,49.1506073474884
1762983446.6401808,2025-11-12 22:37:26.640181,565.4695721854893,49.18163013458252
1762983446.671099,2025-11-12 22:37:26.671099,565.4695721854893,49.21254825592041
1762983446.7018602,2025-11-12 22:37:26.701860,566.0989986072096,49.24330949783325
1762983446.732504,2025-11-12 22:37:26.732504,566.0989986072096,49.2739531993866
1762983446.7627356,2025-11-12 22:37:26.762736,566.1454489736799,49.304184913635254
1762983446.787026,2025-11-12 22:37:26.787026,566.1464489736799,49.3284752368927
1762983446.8116553,2025-11-12 22:37:26.811655,566.1464489736799,49.35310459136963
1762983446.8370855,2025-11-12 22:37:26.837085,566.85937233778,49.37853479385376
1762983446.8615036,2025-11-12 22:37:26.861504,566.86037233778,49.402952909469604
1762983446.8864322,2025-11-12 22:37:26.886432,566.86037233778,49.427881479263306
1762983446.9113073,2025-11-12 22:37:26.911307,568.2248750136464,49.45275664329529
1762983446.9361935,2025-11-12 22:37:26.936193,568.2248750136464,49.47764277458191
1762983446.9609601,2025-11-12 22:37:26.960960,568.7740912345266,49.5024094581604
1762983446.9854057,2025-11-12 22:37:26.985406,568.7750912345266,49.52685499191284
1762983447.0100663,2025-11-12 22:37:27.010066,568.7750912345266,49.55151557922363
1762983447.034777,2025-11-12 22:37:27.034777,569.2128711392946,49.576226234436035
1762983447.0594866,2025-11-12 22:37:27.059487,569.2128711392946,49.60093593597412
1762983447.0841947,2025-11-12 22:37:27.084195,570.282439920304,49.62564396858215
1762983447.108447,2025-11-12 22:37:27.108447,570.283439920304,49.64989638328552
1762983447.133059,2025-11-12 22:37:27.133059,570.283439920304,49.67450833320618
1762983447.1578288,2025-11-12 22:37:27.157829,570.3023787720243,49.699278116226196
1762983447.1822133,2025-11-12 22:37:27.182213,570.3033787720243,49.72366261482239
1762983447.2071238,2025-11-12 22:37:27.207124,570.3033787720243,49.74857306480408
1762983447.2319753,2025-11-12 22:37:27.231975,571.0099567717399,49.77342462539673
1762983447.2565048,2025-11-12 22:37:27.256505,571.0099567717399,49.797954082489014
1762983447.2811484,2025-11-12 22:37:27.281148,573.9310843992517,49.82259774208069
1762983447.3053234,2025-11-12 22:37:27.305323,573.9320843992517,49.84677267074585
1762983447.3300807,2025-11-12 22:37:27.330081,573.9320843992517,49.871530055999756
1762983447.355023,2025-11-12 22:37:27.355023,575.103712269066,49.896472215652466
1762983447.3797963,2025-11-12 22:37:27.379796,575.103712269066,49.92124557495117
1762983447.4047058,2025-11-12 22:37:27.404706,575.6177492575102,49.946155071258545
1762983447.4292102,2025-11-12 22:37:27.429210,575.6177492575102,49.970659494400024
1762983447.4539187,2025-11-12 22:37:27.453919,576.7854166076852,49.995368003845215
1762983447.4781747,2025-11-12 22:37:27.478175,576.7864166076852,50.01962399482727
1762983447.5025756,2025-11-12 22:37:27.502576,576.7864166076852,50.04402494430542
1762983447.5271096,2025-11-12 22:37:27.527110,577.7142707277479,50.06855893135071
1762983447.5512118,2025-11-12 22:37:27.551212,577.7152707277479,50.09266114234924
1762983447.5758727,2025-11-12 22:37:27.575873,577.7152707277479,50.11732196807861
1762983447.6003444,2025-11-12 22:37:27.600344,577.9485882149614,50.141793727874756
1762983447.624725,2025-11-12 22:37:27.624725,577.9485882149614,50.16617441177368
1762983447.6494935,2025-11-12 22:37:27.649493,578.1814139006432,50.19094276428223
1762983447.6736183,2025-11-12 22:37:27.673618,578.1824139006432,50.215067625045776
1762983447.6979523,2025-11-12 22:37:27.697952,578.1824139006432,50.2394015789032
1762983447.7228014,2025-11-12 22:37:27.722801,580.353192595306,50.26425075531006
1762983447.746851,2025-11-12 22:37:27.746851,580.354192595306,50.28830027580261
1762983447.7712464,2025-11-12 22:37:27.771246,580.354192595306,50.31269574165344
1762983447.7958753,2025-11-12 22:37:27.795875,580.6666290978246,50.33732461929321
1762983447.820596,2025-11-12 22:37:27.820596,580.6666290978246,50.36204528808594
1762983447.8451755,2025-11-12 22:37:27.845176,580.744466082198,50.386624813079834
1762983447.869473,2025-11-12 22:37:27.869473,580.7454660821979,50.41092228889465
1762983447.893931,2025-11-12 22:37:27.893931,580.7454660821979,50.43538022041321
1762983447.9183936,2025-11-12 22:37:27.918394,582.5204167157457,50.459842920303345
1762983447.9425383,2025-11-12 22:37:27.942538,582.5214167157457,50.48398756980896
1762983447.9670796,2025-11-12 22:37:27.967080,582.5214167157457,50.5085289478302
1762983447.9914174,2025-11-12 22:37:27.991417,583.2610701968913,50.53286671638489
1762983448.0154018,2025-11-12 22:37:28.015402,583.2620701968913,50.55685114860535
1762983448.0397828,2025-11-12 22:37:28.039783,583.2620701968913,50.58123207092285
1762983448.0643814,2025-11-12 22:37:28.064381,583.7202655125225,50.605830669403076
1762983448.0889323,2025-11-12 22:37:28.088932,583.7212655125225,50.63038158416748
1762983448.1143162,2025-11-12 22:37:28.114316,583.7212655125225,50.655765533447266
1762983448.1387274,2025-11-12 22:37:28.138727,584.4367200559462,50.680176734924316
1762983448.1633499,2025-11-12 22:37:28.163350,584.4367200559462,50.70479917526245
1762983448.1892653,2025-11-12 22:37:28.189265,585.7712788362364,50.730714559555054
1762983448.2134898,2025-11-12 22:37:28.213490,585.7722788362364,50.75493907928467
1762983448.237646,2025-11-12 22:37:28.237646,585.7722788362364,50.77909541130066
1762983448.2621396,2025-11-12 22:37:28.262140,585.9558672899659,50.8035888671875
1762983448.2866135,2025-11-12 22:37:28.286613,585.9558672899659,50.828062772750854
1762983448.3110704,2025-11-12 22:37:28.311070,587.0144908861347,50.85251975059509
1762983448.3349776,2025-11-12 22:37:28.334978,587.0154908861347,50.87642693519592
1762983448.3591723,2025-11-12 22:37:28.359172,587.0154908861347,50.90062165260315
1762983448.3835416,2025-11-12 22:37:28.383542,588.2642877522635,50.92499089241028
1762983448.40748,2025-11-12 22:37:28.407480,588.2652877522635,50.94892930984497
1762983448.4316657,2025-11-12 22:37:28.431666,588.2652877522635,50.97311496734619
1762983448.4560678,2025-11-12 22:37:28.456068,589.9517058221696,50.997517108917236
1762983448.4803941,2025-11-12 22:37:28.480394,589.9517058221696,51.02184343338013
1762983448.5047715,2025-11-12 22:37:28.504771,590.2660887216826,51.046220779418945
1762983448.528982,2025-11-12 22:37:28.528982,590.2670887216826,51.07043123245239
1762983448.5533428,2025-11-12 22:37:28.553343,590.2670887216826,51.09479212760925
1762983448.5776777,2025-11-12 22:37:28.577678,591.2068420649265,51.11912703514099
1762983448.6019769,2025-11-12 22:37:28.601977,591.2068420649265,51.143426179885864
1762983448.6264036,2025-11-12 22:37:28.626404,591.4709559008876,51.16785287857056
1762983448.6513214,2025-11-12 22:37:28.651321,591.4709559008876,51.1927707195282
1762983448.6756892,2025-11-12 22:37:28.675689,592.294313534204,51.21713852882385
1762983448.6997948,2025-11-12 22:37:28.699795,592.295313534204,51.241244077682495
1762983448.7241137,2025-11-12 22:37:28.724114,592.295313534204,51.265563011169434
1762983448.7488358,2025-11-12 22:37:28.748836,592.4834941268088,51.29028511047363
1762983448.7728982,2025-11-12 22:37:28.772898,592.4844941268087,51.31434750556946
1762983448.7973957,2025-11-12 22:37:28.797396,592.4844941268087,51.338845014572144
1762983448.8218188,2025-11-12 22:37:28.821819,594.0430359386622,51.36326813697815
1762983448.8458626,2025-11-12 22:37:28.845863,594.0440359386622,51.387311935424805
1762983448.870063,2025-11-12 22:37:28.870063,594.0440359386622,51.41151237487793
1762983448.894364,2025-11-12 22:37:28.894364,596.0583230178244,51.435813426971436
1762983448.9184513,2025-11-12 22:37:28.918451,596.0593230178243,51.45990061759949
1762983448.9426177,2025-11-12 22:37:28.942618,596.0593230178243,51.4840669631958
1762983448.967068,2025-11-12 22:37:28.967068,596.4582687263614,51.508517265319824
1762983448.9910288,2025-11-12 22:37:28.991029,596.4592687263614,51.53247809410095
1762983449.0155144,2025-11-12 22:37:29.015514,596.4592687263614,51.55696368217468
1762983449.0396252,2025-11-12 22:37:29.039625,596.7097070275024,51.581074476242065
1762983449.063869,2025-11-12 22:37:29.063869,596.7097070275024,51.60531830787659
1762983449.0882857,2025-11-12 22:37:29.088286,600.0,51.62973499298096
1762983449.112401,2025-11-12 22:37:29.112401,600.0280832679992,51.65385031700134
1762983449.1366196,2025-11-12 22:37:29.136620,600.0290832679992,51.67806887626648
1762983449.1608107,2025-11-12 22:37:29.160811,600.0290832679992,51.70226001739502
1762983449.1848962,2025-11-12 22:37:29.184896,601.2546095447841,51.72634553909302
1762983449.2089229,2025-11-12 22:37:29.208923,601.2546095447841,51.75037217140198
1762983449.232973,2025-11-12 22:37:29.232973,603.1111803547274,51.77442240715027
1762983449.2567635,2025-11-12 22:37:29.256763,603.1121803547273,51.79821276664734
1762983449.280715,2025-11-12 22:37:29.280715,603.1121803547273,51.82216429710388
1762983449.304786,2025-11-12 22:37:29.304786,603.1421907191612,51.846235275268555
1762983449.3285465,2025-11-12 22:37:29.328547,603.1431907191612,51.86999583244324
1762983449.3524466,2025-11-12 22:37:29.352447,603.1431907191612,51.893895864486694
1762983449.3763704,2025-11-12 22:37:29.376370,605.4387272581229,51.91781973838806
1762983449.400387,2025-11-12 22:37:29.400387,605.4387272581229,51.9418363571167
1762983449.4243028,2025-11-12 22:37:29.424303,606.412784985479,51.96575212478638
1762983449.448297,2025-11-12 22:37:29.448297,606.412784985479,51.98974633216858
1762983449.4721885,2025-11-12 22:37:29.472188,606.7933562635463,52.01363778114319
1762983449.4957125,2025-11-12 22:37:29.495713,606.7943562635463,52.0371618270874
1762983449.5195434,2025-11-12 22:37:29.519543,606.7943562635463,52.06099271774292
1762983449.5436506,2025-11-12 22:37:29.543651,607.3585775731652,52.085099935531616
1762983449.567495,2025-11-12 22:37:29.567495,607.3585775731652,52.10894441604614
1762983449.591466,2025-11-12 22:37:29.591466,608.7923535277112,52.13291525840759
1762983449.615478,2025-11-12 22:37:29.615478,608.7933535277111,52.15692734718323
1762983449.6392553,2025-11-12 22:37:29.639255,608.7933535277111,52.18070459365845
1762983449.663496,2025-11-12 22:37:29.663496,610.3313886906814,52.20494532585144
1762983449.686838,2025-11-12 22:37:29.686838,610.3323886906813,52.22828722000122
1762983449.7104948,2025-11-12 22:37:29.710495,610.3323886906813,52.251944065093994
1762983449.7347343,2025-11-12 22:37:29.734734,610.5419873445243,52.27618360519409
1762983449.7582378,2025-11-12 22:37:29.758238,610.5419873445243,52.2996871471405
1762983449.7821205,2025-11-12 22:37:29.782120,611.5251834104639,52.323569774627686
1762983449.8054545,2025-11-12 22:37:29.805454,611.5261834104639,52.346903800964355
1762983449.8290186,2025-11-12 22:37:29.829019,611.5261834104639,52.37046790122986
1762983449.8526516,2025-11-12 22:37:29.852652,611.706261174092,52.39410090446472
1762983449.8758218,2025-11-12 22:37:29.875822,611.707261174092,52.41727113723755
1762983449.8994913,2025-11-12 22:37:29.899491,611.707261174092,52.440940618515015
1762983449.9231486,2025-11-12 22:37:29.923149,615.3200268935869,52.464597940444946
1762983449.9463284,2025-11-12 22:37:29.946328,615.3210268935869,52.48777770996094
1762983449.9699404,2025-11-12 22:37:29.969940,615.3210268935869,52.51138973236084
1762983449.9936109,2025-11-12 22:37:29.993611,615.9062525788025,52.53506016731262
1762983450.016667,2025-11-12 22:37:30.016667,615.9072525788025,52.55811619758606
1762983450.039999,2025-11-12 22:37:30.039999,615.9072525788025,52.5814483165741
1762983450.0635526,2025-11-12 22:37:30.063553,618.3497678561384,52.60500192642212
1762983450.0868099,2025-11-12 22:37:30.086810,618.3497678561384,52.62825918197632
1762983450.1103559,2025-11-12 22:37:30.110356,619.6526326782833,52.65180516242981
1762983450.1336513,2025-11-12 22:37:30.133651,619.6526326782833,52.675100564956665
1762983450.1572113,2025-11-12 22:37:30.157211,620.5846969214626,52.69866061210632
1762983450.1806445,2025-11-12 22:37:30.180645,620.5846969214626,52.7220938205719
1762983450.2044644,2025-11-12 22:37:30.204464,620.8884867383343,52.74591374397278
1762983450.2276373,2025-11-12 22:37:30.227637,620.8894867383343,52.769086599349976
1762983450.2514572,2025-11-12 22:37:30.251457,620.8894867383343,52.792906522750854
1762983450.2749767,2025-11-12 22:37:30.274977,621.6362851034371,52.816426038742065
1762983450.2987683,2025-11-12 22:37:30.298768,621.6372851034371,52.84021759033203
1762983450.3221233,2025-11-12 22:37:30.322123,621.6372851034371,52.86357259750366
1762983450.345658,2025-11-12 22:37:30.345658,621.7855043281452,52.887107372283936
1762983450.3694067,2025-11-12 22:37:30.369407,621.7855043281452,52.91085600852966
1762983450.392757,2025-11-12 22:37:30.392757,621.9341180241773,52.93420624732971
1762983450.4157581,2025-11-12 22:37:30.415758,621.9351180241773,52.957207441329956
1762983450.4391057,2025-11-12 22:37:30.439106,621.9351180241773,52.980555057525635
1762983450.4626567,2025-11-12 22:37:30.462657,623.1920183481392,53.00410604476929
1762983450.485573,2025-11-12 22:37:30.485573,623.1930183481392,53.02702236175537
1762983450.5090375,2025-11-12 22:37:30.509037,623.1930183481392,53.05048680305481
1762983450.5326521,2025-11-12 22:37:30.532652,623.6400096651373,53.07410144805908
1762983450.55558,2025-11-12 22:37:30.555580,623.6410096651373,53.09702920913696
1762983450.5789516,2025-11-12 22:37:30.578952,623.6410096651373,53.12040090560913
1762983450.602277,2025-11-12 22:37:30.602277,625.0318244819181,53.14372634887695
1762983450.6256862,2025-11-12 22:37:30.625686,625.0318244819181,53.16713547706604
1762983450.6494672,2025-11-12 22:37:30.649467,625.3069110174565,53.190916538238525
1762983450.672622,2025-11-12 22:37:30.672622,625.3069110174565,53.21407127380371
1762983450.6961453,2025-11-12 22:37:30.696145,626.5733201711514,53.23759460449219
1762983450.7191598,2025-11-12 22:37:30.719160,626.5743201711514,53.26060914993286
1762983450.7427342,2025-11-12 22:37:30.742734,626.5743201711514,53.284183502197266
1762983450.7663612,2025-11-12 22:37:30.766361,627.8408610392939,53.30781054496765
1762983450.78965,2025-11-12 22:37:30.789650,627.8408610392939,53.33109927177429
1762983450.8132634,2025-11-12 22:37:30.813263,628.2054182252893,53.35471272468567
1762983450.836374,2025-11-12 22:37:30.836374,628.2064182252893,53.37782335281372
1762983450.8599393,2025-11-12 22:37:30.859939,628.2064182252893,53.40138864517212
1762983450.8835068,2025-11-12 22:37:30.883507,628.3178989561566,53.42495608329773
1762983450.9070072,2025-11-12 22:37:30.907007,628.3178989561566,53.44845652580261
1762983450.9304876,2025-11-12 22:37:30.930488,628.8237500653407,53.47193694114685
1762983450.9537804,2025-11-12 22:37:30.953780,628.8237500653407,53.495229721069336
1762983450.977348,2025-11-12 22:37:30.977348,629.50173576488,53.518797397613525
1762983451.0005534,2025-11-12 22:37:31.000553,629.50173576488,53.54200267791748
1762983451.0237641,2025-11-12 22:37:31.023764,629.6070676306124,53.565213441848755
1762983451.0469315,2025-11-12 22:37:31.046932,629.6080676306124,53.58838081359863
1762983451.0707986,2025-11-12 22:37:31.070799,629.6080676306124,53.612247943878174
1762983451.0941143,2025-11-12 22:37:31.094114,629.81379819047,53.63556361198425
1762983451.1173232,2025-11-12 22:37:31.117323,629.81379819047,53.658772468566895
1762983451.1407762,2025-11-12 22:37:31.140776,629.8707316267181,53.682225465774536
1762983451.1640027,2025-11-12 22:37:31.164003,629.8707316267181,53.70545196533203
1762983451.1870317,2025-11-12 22:37:31.187032,630.7808255275593,53.72848105430603
1762983451.2103148,2025-11-12 22:37:31.210315,630.7808255275593,53.75176405906677
1762983451.233457,2025-11-12 22:37:31.233457,632.977935221842,53.774906396865845
1762983451.256581,2025-11-12 22:37:31.256581,632.977935221842,53.798030376434326
1762983451.279837,2025-11-12 22:37:31.279837,633.221993201748,53.82128620147705
1762983451.303412,2025-11-12 22:37:31.303412,633.221993201748,53.84486126899719
1762983451.326502,2025-11-12 22:37:31.326502,633.2573234658337,53.86795139312744
1762983451.3492854,2025-11-12 22:37:31.349285,633.2583234658337,53.89073467254639
1762983451.372245,2025-11-12 22:37:31.372245,633.2583234658337,53.91369438171387
1762983451.3952816,2025-11-12 22:37:31.395282,634.4744611968385,53.93673086166382
1762983451.418015,2025-11-12 22:37:31.418015,634.4754611968385,53.95946431159973
1762983451.4409385,2025-11-12 22:37:31.440938,634.4754611968385,53.98238778114319
1762983451.4641392,2025-11-12 22:37:31.464139,636.1613773015727,54.00558853149414
1762983451.4875424,2025-11-12 22:37:31.487542,636.1623773015726,54.02899169921875
1762983451.5113475,2025-11-12 22:37:31.511348,636.1623773015726,54.052796840667725
1762983451.5344863,2025-11-12 22:37:31.534486,639.4889967676946,54.07593560218811
1762983451.5573292,2025-11-12 22:37:31.557329,639.4889967676946,54.09877848625183
1762983451.5802855,2025-11-12 22:37:31.580286,640.4387898813295,54.121734857559204
1762983451.6028492,2025-11-12 22:37:31.602849,640.4387898813295,54.1442985534668
1762983451.6259074,2025-11-12 22:37:31.625907,640.8580139599223,54.167356729507446
1762983451.6485417,2025-11-12 22:37:31.648542,640.8590139599223,54.18999099731445
1762983451.6713712,2025-11-12 22:37:31.671371,640.8590139599223,54.212820529937744
1762983451.6963553,2025-11-12 22:37:31.696355,642.6773622325439,54.237804651260376
1762983451.718984,2025-11-12 22:37:31.718984,642.6783622325439,54.260433197021484
1762983451.7421618,2025-11-12 22:37:31.742162,642.6783622325439,54.28361105918884
1762983451.7649965,2025-11-12 22:37:31.764997,642.8030015414218,54.306445837020874
1762983451.7874186,2025-11-12 22:37:31.787419,642.8040015414218,54.32886791229248
1762983451.8102875,2025-11-12 22:37:31.810287,642.8040015414218,54.35173678398132
1762983451.833211,2025-11-12 22:37:31.833211,643.9827271597911,54.37466025352478
1762983451.8560529,2025-11-12 22:37:31.856053,643.9827271597911,54.397502183914185
1762983451.8788893,2025-11-12 22:37:31.878889,644.0828026096583,54.42033863067627
1762983451.9015698,2025-11-12 22:37:31.901570,644.0828026096583,54.44301915168762
1762983451.9247637,2025-11-12 22:37:31.924764,644.593137932004,54.46621298789978
1762983451.9472675,2025-11-12 22:37:31.947268,644.594137932004,54.48871684074402
1762983451.970107,2025-11-12 22:37:31.970107,644.594137932004,54.51155638694763
1762983451.9930553,2025-11-12 22:37:31.993055,645.2763800924446,54.534504652023315
1762983452.0166008,2025-11-12 22:37:32.016601,645.2773800924446,54.55805015563965
1762983452.0397885,2025-11-12 22:37:32.039788,645.2773800924446,54.58123779296875
1762983452.0627394,2025-11-12 22:37:32.062739,645.7510253140847,54.604188680648804
1762983452.084942,2025-11-12 22:37:32.084942,645.7520253140847,54.62639141082764
1762983452.1074927,2025-11-12 22:37:32.107493,645.7520253140847,54.64894199371338
1762983452.1303668,2025-11-12 22:37:32.130367,645.9356666540616,54.67181611061096
1762983452.1531496,2025-11-12 22:37:32.153150,645.9356666540616,54.69459891319275
1762983452.1758134,2025-11-12 22:37:32.175813,646.1992641850727,54.717262744903564
1762983452.1981006,2025-11-12 22:37:32.198101,646.2002641850727,54.7395498752594
1762983452.2208068,2025-11-12 22:37:32.220807,646.2002641850727,54.762256145477295
1762983452.243754,2025-11-12 22:37:32.243754,647.9148962800122,54.78520321846008
1762983452.2663617,2025-11-12 22:37:32.266362,647.9148962800122,54.80781102180481
1762983452.2894657,2025-11-12 22:37:32.289466,648.5358638411105,54.83091497421265
1762983452.3121262,2025-11-12 22:37:32.312126,648.5358638411105,54.853575468063354
1762983452.3353596,2025-11-12 22:37:32.335360,649.4032042900243,54.876808881759644
1762983452.3579335,2025-11-12 22:37:32.357934,649.4042042900243,54.89938282966614
1762983452.3804154,2025-11-12 22:37:32.380415,649.4042042900243,54.9218647480011
1762983452.4030445,2025-11-12 22:37:32.403044,649.6413434881607,54.944493770599365
1762983452.4252515,2025-11-12 22:37:32.425251,649.6423434881607,54.96670079231262
1762983452.4475555,2025-11-12 22:37:32.447556,649.6423434881607,54.98900485038757
1762983452.470269,2025-11-12 22:37:32.470269,650.8963817489243,55.01171827316284
1762983452.4924705,2025-11-12 22:37:32.492471,650.8973817489243,55.03391981124878
1762983452.5156298,2025-11-12 22:37:32.515630,650.8973817489243,55.05707907676697
1762983452.5391614,2025-11-12 22:37:32.539161,651.2970343444907,55.08061075210571
1762983452.5616088,2025-11-12 22:37:32.561609,651.2980343444907,55.103058099746704
1762983452.5840857,2025-11-12 22:37:32.584086,651.2980343444907,55.125535011291504
1762983452.6065567,2025-11-12 22:37:32.606557,652.1974974651789,55.148005962371826
1762983452.6286094,2025-11-12 22:37:32.628609,652.1984974651789,55.170058727264404
1762983452.6510267,2025-11-12 22:37:32.651027,652.1984974651789,55.19247603416443
1762983452.673428,2025-11-12 22:37:32.673428,654.5997599511395,55.21487736701965
1762983452.6957002,2025-11-12 22:37:32.695700,654.5997599511395,55.237149477005005
1762983452.7184172,2025-11-12 22:37:32.718417,659.783572339839,55.25986647605896
1762983452.740838,2025-11-12 22:37:32.740838,659.783572339839,55.28228735923767
1762983452.7633011,2025-11-12 22:37:32.763301,659.8308924308245,55.30475044250488
1762983452.7856443,2025-11-12 22:37:32.785644,659.8308924308245,55.32709360122681
1762983452.80801,2025-11-12 22:37:32.808010,660.0,55.349459409713745
1762983452.8298666,2025-11-12 22:37:32.829867,661.427624959214,55.37131595611572
1762983452.8523486,2025-11-12 22:37:32.852349,661.427624959214,55.393797874450684
1762983452.876627,2025-11-12 22:37:32.876627,663.3766547468116,55.418076276779175
1762983452.89901,2025-11-12 22:37:32.899010,663.3766547468116,55.44045925140381
1762983452.9216492,2025-11-12 22:37:32.921649,663.7616915957356,55.46309852600098
1762983452.9441075,2025-11-12 22:37:32.944108,663.7616915957356,55.485556840896606
1762983452.9665697,2025-11-12 22:37:32.966570,664.2448171435931,55.5080189704895
1762983452.988892,2025-11-12 22:37:32.988892,664.2448171435931,55.530341386795044
1762983453.011139,2025-11-12 22:37:33.011139,665.1129220835995,55.55258822441101
1762983453.0334706,2025-11-12 22:37:33.033471,665.1129220835995,55.57491993904114
1762983453.0558155,2025-11-12 22:37:33.055815,667.6242576934969,55.597264766693115
1762983453.078814,2025-11-12 22:37:33.078814,667.6252576934969,55.62026333808899
1762983453.1016607,2025-11-12 22:37:33.101661,667.6252576934969,55.643110036849976
1762983453.124026,2025-11-12 22:37:33.124026,668.134964313241,55.665475368499756
1762983453.14622,2025-11-12 22:37:33.146220,668.134964313241,55.68766927719116
1762983453.1683547,2025-11-12 22:37:33.168355,670.255479287494,55.70980405807495
1762983453.1902413,2025-11-12 22:37:33.190241,670.256479287494,55.731690645217896
1762983453.2124171,2025-11-12 22:37:33.212417,670.256479287494,55.75386643409729
1762983453.2344096,2025-11-12 22:37:33.234410,671.6766157591834,55.775858879089355
1762983453.256431,2025-11-12 22:37:33.256431,671.6766157591834,55.79788041114807
1762983453.2786367,2025-11-12 22:37:33.278637,671.8418124821912,55.82008600234985
1762983453.3018472,2025-11-12 22:37:33.301847,671.8418124821912,55.84329652786255
1762983453.323908,2025-11-12 22:37:33.323908,674.291505517655,55.865357398986816
1762983453.3459148,2025-11-12 22:37:33.345915,674.291505517655,55.88736414909363
1762983453.3678348,2025-11-12 22:37:33.367835,674.3068029820961,55.90928411483765
1762983453.389704,2025-11-12 22:37:33.389704,674.3068029820961,55.931153297424316
1762983453.411627,2025-11-12 22:37:33.411627,674.4636652934634,55.95307636260986
1762983453.4339566,2025-11-12 22:37:33.433957,674.4636652934634,55.97540593147278
1762983453.4561481,2025-11-12 22:37:33.456148,675.5567266557297,55.997597455978394
1762983453.4784424,2025-11-12 22:37:33.478442,675.5567266557297,56.0198917388916
1762983453.5010705,2025-11-12 22:37:33.501070,675.6155425812776,56.04251980781555
1762983453.5231724,2025-11-12 22:37:33.523172,675.6155425812776,56.064621686935425
1762983453.5451243,2025-11-12 22:37:33.545124,676.0927559554646,56.08657360076904
1762983453.5671046,2025-11-12 22:37:33.567105,676.0927559554646,56.108553886413574
1762983453.5891995,2025-11-12 22:37:33.589200,676.2319937225495,56.13064885139465
1762983453.611189,2025-11-12 22:37:33.611189,676.2319937225495,56.15263819694519
1762983453.633459,2025-11-12 22:37:33.633459,676.8535447343361,56.17490839958191
1762983453.6557481,2025-11-12 22:37:33.655748,676.8535447343361,56.19719743728638
1762983453.678169,2025-11-12 22:37:33.678169,678.6860033540963,56.21961832046509
1762983453.6999416,2025-11-12 22:37:33.699942,678.6870033540963,56.24139094352722
1762983453.7220228,2025-11-12 22:37:33.722023,678.6870033540963,56.26347208023071
1762983453.7441452,2025-11-12 22:37:33.744145,681.0513616084509,56.28559446334839
1762983453.7657917,2025-11-12 22:37:33.765792,681.0523616084508,56.30724096298218
1762983453.7879152,2025-11-12 22:37:33.787915,681.0523616084508,56.32936453819275
1762983453.8097923,2025-11-12 22:37:33.809792,681.0874755784669,56.35124158859253
1762983453.83121,2025-11-12 22:37:33.831210,681.0884755784668,56.37265920639038
1762983453.8531911,2025-11-12 22:37:33.853191,681.0884755784668,56.39464044570923
1762983453.8754025,2025-11-12 22:37:33.875402,681.1502575170794,56.41685175895691
1762983453.8973374,2025-11-12 22:37:33.897337,681.1512575170793,56.43878674507141
1762983453.9194021,2025-11-12 22:37:33.919402,681.1512575170793,56.460851430892944
1762983453.941397,2025-11-12 22:37:33.941397,682.9867468275573,56.4828462600708
1762983453.9637158,2025-11-12 22:37:33.963716,682.9867468275573,56.505165100097656
1762983453.9856837,2025-11-12 22:37:33.985684,683.0305051948949,56.527132987976074
1762983454.008012,2025-11-12 22:37:34.008012,683.0305051948949,56.549461364746094
1762983454.0311944,2025-11-12 22:37:34.031194,683.350146245071,56.572643756866455
1762983454.0527658,2025-11-12 22:37:34.052766,683.3511462450709,56.59421515464783
1762983454.0747547,2025-11-12 22:37:34.074755,683.3511462450709,56.616204023361206
1762983454.097393,2025-11-12 22:37:34.097393,683.4750710298198,56.63884234428406
1762983454.1189234,2025-11-12 22:37:34.118923,683.4760710298198,56.660372734069824
1762983454.1409113,2025-11-12 22:37:34.140911,683.4760710298198,56.68236064910889
1762983454.1629524,2025-11-12 22:37:34.162952,683.5705226972858,56.70440173149109
1762983454.1849306,2025-11-12 22:37:34.184931,683.5705226972858,56.72637987136841
1762983454.2068505,2025-11-12 22:37:34.206851,683.5985342735156,56.74829983711243
1762983454.2286015,2025-11-12 22:37:34.228601,683.5985342735156,56.77005076408386
1762983454.250712,2025-11-12 22:37:34.250712,684.6133009758538,56.79216122627258
1762983454.2724338,2025-11-12 22:37:34.272434,684.6143009758538,56.81388306617737
1762983454.2945414,2025-11-12 22:37:34.294541,684.6143009758538,56.83599066734314
1762983454.3168252,2025-11-12 22:37:34.316825,685.9782811778718,56.85827445983887
1762983454.3388696,2025-11-12 22:37:34.338870,685.9792811778718,56.88031888008118
1762983454.3609052,2025-11-12 22:37:34.360905,685.9792811778718,56.90235447883606
1762983454.3827744,2025-11-12 22:37:34.382774,687.1391031066152,56.92422366142273
1762983454.4043972,2025-11-12 22:37:34.404397,687.1401031066151,56.94584655761719
1762983454.4263449,2025-11-12 22:37:34.426345,687.1401031066151,56.96779417991638
1762983454.4484656,2025-11-12 22:37:34.448466,689.0074592454008,56.989914894104004
1762983454.4701328,2025-11-12 22:37:34.470133,689.0084592454008,57.011582136154175
1762983454.4922357,2025-11-12 22:37:34.492236,689.0084592454008,57.033684968948364
1762983454.5142992,2025-11-12 22:37:34.514299,690.0951796322726,57.055748462677
1762983454.5362613,2025-11-12 22:37:34.536261,690.0961796322725,57.07771062850952
1762983454.5581808,2025-11-12 22:37:34.558181,690.0961796322725,57.09963011741638
1762983454.5800574,2025-11-12 22:37:34.580057,690.5889874302793,57.121506690979004
1762983454.6020834,2025-11-12 22:37:34.602083,690.5889874302793,57.14353275299072
1762983454.624086,2025-11-12 22:37:34.624086,691.5861168757865,57.16553521156311
1762983454.6458821,2025-11-12 22:37:34.645882,691.5871168757865,57.187331438064575
1762983454.6680875,2025-11-12 22:37:34.668087,691.5871168757865,57.20953679084778
1762983454.6900754,2025-11-12 22:37:34.690075,695.079258783592,57.23152470588684
1762983454.7116222,2025-11-12 22:37:34.711622,695.080258783592,57.253071546554565
1762983454.7335644,2025-11-12 22:37:34.733564,695.080258783592,57.27501368522644
1762983454.7553089,2025-11-12 22:37:34.755309,696.1053736812466,57.29675817489624
1762983454.7765849,2025-11-12 22:37:34.776585,696.1063736812466,57.318034172058105
1762983454.7983437,2025-11-12 22:37:34.798344,696.1063736812466,57.33979296684265
1762983454.8202465,2025-11-12 22:37:34.820246,696.3838868952336,57.361695766448975
1762983454.842007,2025-11-12 22:37:34.842007,696.3838868952336,57.383456230163574
1762983454.8635879,2025-11-12 22:37:34.863588,696.445958164632,57.40503716468811
1762983454.8852077,2025-11-12 22:37:34.885208,696.445958164632,57.42665696144104
1762983454.9070666,2025-11-12 22:37:34.907067,699.1818832824914,57.44851589202881
1762983454.9290893,2025-11-12 22:37:34.929089,699.1818832824914,57.47053861618042
1762983454.9509447,2025-11-12 22:37:34.950945,700.0746906650643,57.4923939704895
1762983454.9729586,2025-11-12 22:37:34.972959,700.0746906650643,57.51440787315369
1762983454.9947643,2025-11-12 22:37:34.994764,700.5048810530599,57.536213636398315
1762983455.0164897,2025-11-12 22:37:35.016490,700.5048810530599,57.55793905258179
1762983455.0378587,2025-11-12 22:37:35.037859,701.4346440032526,57.5793080329895
1762983455.0592465,2025-11-12 22:37:35.059247,701.4346440032526,57.600695848464966
1762983455.0809197,2025-11-12 22:37:35.080920,702.2562101723614,57.622369050979614
1762983455.102197,2025-11-12 22:37:35.102197,702.2572101723614,57.643646240234375
1762983455.1235232,2025-11-12 22:37:35.123523,702.2572101723614,57.66497254371643
1762983455.144874,2025-11-12 22:37:35.144874,702.9947141407305,57.686323404312134
1762983455.1664515,2025-11-12 22:37:35.166451,702.9947141407305,57.70790076255798
1762983455.1877646,2025-11-12 22:37:35.187765,703.0574459131866,57.72921395301819
1762983455.2088397,2025-11-12 22:37:35.208840,703.0584459131866,57.75028896331787
1762983455.2301943,2025-11-12 22:37:35.230194,703.0584459131866,57.77164363861084
1762983455.2516515,2025-11-12 22:37:35.251652,703.4932066633572,57.79310083389282
1762983455.2725449,2025-11-12 22:37:35.272545,703.4942066633572,57.81399416923523
1762983455.2940583,2025-11-12 22:37:35.294058,703.4942066633572,57.83550763130188
1762983455.3154263,2025-11-12 22:37:35.315426,704.0253410871255,57.85687565803528
1762983455.3363001,2025-11-12 22:37:35.336300,704.0263410871255,57.8777494430542
1762983455.3581285,2025-11-12 22:37:35.358129,704.0263410871255,57.89957785606384
1762983455.3796115,2025-11-12 22:37:35.379611,704.2476953757506,57.92106080055237
1762983455.4010513,2025-11-12 22:37:35.401051,704.2476953757506,57.942500591278076
1762983455.4224925,2025-11-12 22:37:35.422493,706.3688362235803,57.96394181251526
1762983455.4439409,2025-11-12 22:37:35.443941,706.3688362235803,57.985390186309814
1762983455.465375,2025-11-12 22:37:35.465375,706.9206918103322,58.006824254989624
1762983455.486754,2025-11-12 22:37:35.486754,706.9206918103322,58.02820324897766
1762983455.5080261,2025-11-12 22:37:35.508026,708.0065428671932,58.04947543144226
1762983455.52956,2025-11-12 22:37:35.529560,708.0065428671932,58.071009397506714
1762983455.5515137,2025-11-12 22:37:35.551514,709.2567217503754,58.092962980270386
1762983455.572517,2025-11-12 22:37:35.572517,709.2567217503754,58.11396622657776
1762983455.593746,2025-11-12 22:37:35.593746,710.6165029532896,58.13519525527954
1762983455.614927,2025-11-12 22:37:35.614927,710.6165029532896,58.156376361846924
1762983455.636184,2025-11-12 22:37:35.636184,711.8934597649308,58.17763328552246
1762983455.6568336,2025-11-12 22:37:35.656834,711.8944597649307,58.198282957077026
1762983455.6778703,2025-11-12 22:37:35.677870,711.8944597649307,58.219319581985474
1762983455.6988523,2025-11-12 22:37:35.698852,713.2886273837773,58.24030160903931
1762983455.719906,2025-11-12 22:37:35.719906,713.2886273837773,58.26135540008545
1762983455.7407925,2025-11-12 22:37:35.740793,713.5784192725281,58.28224182128906
1762983455.7613542,2025-11-12 22:37:35.761354,713.5794192725281,58.30280351638794
1762983455.7823904,2025-11-12 22:37:35.782390,713.5794192725281,58.32383966445923
1762983455.8035362,2025-11-12 22:37:35.803536,717.3250836436874,58.344985485076904
1762983455.8243613,2025-11-12 22:37:35.824361,717.3260836436874,58.36581063270569
1762983455.8456185,2025-11-12 22:37:35.845618,717.3260836436874,58.387067794799805
1762983455.8669698,2025-11-12 22:37:35.866970,717.48879122498,58.408419132232666
1762983455.8882577,2025-11-12 22:37:35.888258,717.48879122498,58.429707050323486
1762983455.90948,2025-11-12 22:37:35.909480,719.9977536499038,58.450929403305054
1762983455.9305062,2025-11-12 22:37:35.930506,719.9977536499038,58.47195553779602
1762983455.9514856,2025-11-12 22:37:35.951486,720.0,58.49293494224548
1762983455.9725041,2025-11-12 22:37:35.972504,721.9258056358625,58.51395344734192
1762983455.99381,2025-11-12 22:37:35.993810,721.9258056358625,58.53525924682617
1762983456.0148156,2025-11-12 22:37:36.014816,723.8374593332111,58.556264877319336
1762983456.0352645,2025-11-12 22:37:36.035264,723.8384593332111,58.5767138004303
1762983456.0561502,2025-11-12 22:37:36.056150,723.8384593332111,58.597599506378174
1762983456.077002,2025-11-12 22:37:36.077002,723.8917162303528,58.61845135688782
1762983456.0979588,2025-11-12 22:37:36.097959,723.8917162303528,58.639408111572266
1762983456.1202455,2025-11-12 22:37:36.120245,723.9873663597217,58.66169476509094
1762983456.154097,2025-11-12 22:37:36.154097,723.9883663597217,58.6955463886261
1762983456.175024,2025-11-12 22:37:36.175024,723.9883663597217,58.71647334098816
1762983456.1971583,2025-11-12 22:37:36.197158,725.6643114740411,58.73860764503479
1762983456.2177958,2025-11-12 22:37:36.217796,725.6653114740411,58.75924515724182
1762983456.2388253,2025-11-12 22:37:36.238825,725.6653114740411,58.780274629592896
1762983456.2597592,2025-11-12 22:37:36.259759,726.2976189552784,58.80120849609375
1762983456.281009,2025-11-12 22:37:36.281009,726.2976189552784,58.822458267211914
1762983456.3022184,2025-11-12 22:37:36.302218,726.7600563863498,58.84366774559021
1762983456.3229601,2025-11-12 22:37:36.322960,726.7610563863498,58.86440944671631
1762983456.3437862,2025-11-12 22:37:36.343786,726.7610563863498,58.88523554801941
1762983456.3648686,2025-11-12 22:37:36.364869,730.9391403634356,58.906317949295044
1762983456.38538,2025-11-12 22:37:36.385380,730.9401403634356,58.92682933807373
1762983456.4062684,2025-11-12 22:37:36.406268,730.9401403634356,58.94771766662598
1762983456.4275591,2025-11-12 22:37:36.427559,730.9800852147625,58.969008445739746
1762983456.448511,2025-11-12 22:37:36.448511,730.9810852147625,58.98996019363403
1762983456.470027,2025-11-12 22:37:36.470027,730.9810852147625,59.011476278305054
1762983456.4912949,2025-11-12 22:37:36.491295,731.7382298031844,59.03274416923523
1762983456.511781,2025-11-12 22:37:36.511781,731.7392298031843,59.05323028564453
1762983456.53284,2025-11-12 22:37:36.532840,731.7392298031843,59.074289321899414
1762983456.5541615,2025-11-12 22:37:36.554162,732.3240480038553,59.09561085700989
1762983456.5744898,2025-11-12 22:37:36.574490,732.3250480038553,59.115939140319824
1762983456.5953295,2025-11-12 22:37:36.595330,732.3250480038553,59.136778831481934
1762983456.6161718,2025-11-12 22:37:36.616172,732.461246825316,59.15762114524841
1762983456.6364946,2025-11-12 22:37:36.636495,732.462246825316,59.17794394493103
1762983456.657471,2025-11-12 22:37:36.657471,732.462246825316,59.198920249938965
1762983456.6783442,2025-11-12 22:37:36.678344,732.9640848728519,59.21979355812073
1762983456.699029,2025-11-12 22:37:36.699029,732.9650848728519,59.24047827720642
1762983456.7199764,2025-11-12 22:37:36.719976,732.9650848728519,59.261425733566284
1762983456.7410543,2025-11-12 22:37:36.741054,734.1938795602567,59.282503604888916
1762983456.7620206,2025-11-12 22:37:36.762021,734.1938795602567,59.30346989631653
1762983456.782866,2025-11-12 22:37:36.782866,736.3336284523094,59.324315309524536
1762983456.803672,2025-11-12 22:37:36.803672,736.3336284523094,59.34512138366699
1762983456.8246157,2025-11-12 22:37:36.824616,736.3585562968145,59.36606502532959
1762983456.8453438,2025-11-12 22:37:36.845344,736.3585562968145,59.38679313659668
1762983456.866194,2025-11-12 22:37:36.866194,737.101964796228,59.40764331817627
1762983456.8868692,2025-11-12 22:37:36.886869,737.101964796228,59.4283185005188
1762983456.9074674,2025-11-12 22:37:36.907467,737.196689402053,59.44891667366028
1762983456.9278095,2025-11-12 22:37:36.927809,737.196689402053,59.4692587852478
1762983456.948352,2025-11-12 22:37:36.948352,738.8080965379106,59.48980140686035
1762983456.968408,2025-11-12 22:37:36.968408,738.8090965379106,59.509857416152954
1762983456.9889357,2025-11-12 22:37:36.988936,738.8090965379106,59.53038501739502
1762983457.0094929,2025-11-12 22:37:37.009493,738.897786348999,59.550942182540894
1762983457.0300035,2025-11-12 22:37:37.030004,738.897786348999,59.57145285606384
1762983457.050791,2025-11-12 22:37:37.050791,738.932577939073,59.59224033355713
1762983457.0715313,2025-11-12 22:37:37.071531,738.932577939073,59.61298060417175
1762983457.0920775,2025-11-12 22:37:37.092077,739.4174697729861,59.63352680206299
1762983457.1122398,2025-11-12 22:37:37.112240,739.4184697729861,59.65368914604187
1762983457.1328301,2025-11-12 22:37:37.132830,739.4184697729861,59.67427945137024
1762983457.1534503,2025-11-12 22:37:37.153450,740.7365024784657,59.694899559020996
1762983457.1741364,2025-11-12 22:37:37.174136,740.7365024784657,59.715585708618164
1762983457.1947172,2025-11-12 22:37:37.194717,741.1122243737362,59.73616647720337
1762983457.2149632,2025-11-12 22:37:37.214963,741.1132243737362,59.756412506103516
1762983457.235481,2025-11-12 22:37:37.235481,741.1132243737362,59.77693033218384
1762983457.25634,2025-11-12 22:37:37.256340,741.2514920728707,59.797789335250854
1762983457.27657,2025-11-12 22:37:37.276570,741.2524920728707,59.8180193901062
1762983457.2971337,2025-11-12 22:37:37.297134,741.2524920728707,59.83858299255371
1762983457.3175461,2025-11-12 22:37:37.317546,742.834152825358,59.85899543762207
1762983457.3376973,2025-11-12 22:37:37.337697,742.835152825358,59.879146575927734
1762983457.3580494,2025-11-12 22:37:37.358049,742.835152825358,59.89949870109558
1762983457.3783944,2025-11-12 22:37:37.378394,744.4788002922644,59.919843673706055
1762983457.3986876,2025-11-12 22:37:37.398688,744.4788002922644,59.94013690948486
1762983457.4189389,2025-11-12 22:37:37.418939,746.4157691256958,59.96038818359375
1762983457.4391975,2025-11-12 22:37:37.439198,746.4157691256958,59.98064684867859
1762983457.4595942,2025-11-12 22:37:37.459594,746.7778076756066,60.00104355812073
1762983457.4799404,2025-11-12 22:37:37.479940,746.7778076756066,60.0213897228241
1762983457.5002975,2025-11-12 22:37:37.500298,747.3308979329877,60.041746854782104
1762983457.5205886,2025-11-12 22:37:37.520589,747.3308979329877,60.0620379447937
1762983457.5409622,2025-11-12 22:37:37.540962,747.6124521448592,60.08241152763367
1762983457.5607605,2025-11-12 22:37:37.560760,747.6134521448591,60.10220980644226
1762983457.5810406,2025-11-12 22:37:37.581041,747.6134521448591,60.12248992919922
1762983457.6016512,2025-11-12 22:37:37.601651,748.4270383955192,60.14310050010681
1762983457.6215003,2025-11-12 22:37:37.621500,748.4280383955191,60.162949562072754
1762983457.6417234,2025-11-12 22:37:37.641723,748.4280383955191,60.18317270278931
1762983457.6621428,2025-11-12 22:37:37.662143,748.8276759253422,60.20359206199646
1762983457.6822972,2025-11-12 22:37:37.682297,748.8276759253422,60.22374653816223
1762983457.7027156,2025-11-12 22:37:37.702716,749.241168168808,60.24416494369507
1762983457.722545,2025-11-12 22:37:37.722545,749.242168168808,60.263994216918945
1762983457.7427342,2025-11-12 22:37:37.742734,749.242168168808,60.284183502197266
1762983457.7629166,2025-11-12 22:37:37.762917,750.7718938817317,60.30436587333679
1762983457.7831976,2025-11-12 22:37:37.783198,750.7718938817317,60.324646949768066
1762983457.803437,2025-11-12 22:37:37.803437,753.9022131915395,60.344886302948
1762983457.8232794,2025-11-12 22:37:37.823279,753.9032131915395,60.364728689193726
1762983457.843267,2025-11-12 22:37:37.843267,753.9032131915395,60.384716272354126
1762983457.8632567,2025-11-12 22:37:37.863257,754.7796205730184,60.40470600128174
1762983457.883245,2025-11-12 22:37:37.883245,754.7796205730184,60.424694299697876
1762983457.9035974,2025-11-12 22:37:37.903597,754.8902035130707,60.4450466632843
1762983457.9233894,2025-11-12 22:37:37.923389,754.8912035130706,60.46483874320984
1762983457.9435127,2025-11-12 22:37:37.943513,754.8912035130706,60.48496198654175
1762983457.9635983,2025-11-12 22:37:37.963598,755.947409783925,60.50504755973816
1762983457.983209,2025-11-12 22:37:37.983209,755.948409783925,60.524658203125
1762983458.0031855,2025-11-12 22:37:38.003186,755.948409783925,60.54463481903076
1762983458.0233972,2025-11-12 22:37:38.023397,756.5427258156278,60.56484651565552
1762983458.0433517,2025-11-12 22:37:38.043352,756.5427258156278,60.58480095863342
1762983458.063496,2025-11-12 22:37:38.063496,760.9681241113203,60.60494542121887
1762983458.0832279,2025-11-12 22:37:38.083228,760.9691241113203,60.6246771812439
1762983458.103375,2025-11-12 22:37:38.103375,760.9691241113203,60.644824266433716
1762983458.1235092,2025-11-12 22:37:38.123509,762.2388832773673,60.664958477020264
1762983458.1434226,2025-11-12 22:37:38.143423,762.2388832773673,60.68487191200256
1762983458.163618,2025-11-12 22:37:38.163618,764.0393975977529,60.70506739616394
1762983458.1833463,2025-11-12 22:37:38.183346,764.0403975977529,60.72479557991028
1762983458.2034225,2025-11-12 22:37:38.203423,764.0403975977529,60.744871854782104
1762983458.2233527,2025-11-12 22:37:38.223353,765.2476671538706,60.76480197906494
1762983458.2432215,2025-11-12 22:37:38.243222,765.2476671538706,60.78467082977295
1762983458.2632375,2025-11-12 22:37:38.263237,766.0147171093324,60.80468678474426
1762983458.2832396,2025-11-12 22:37:38.283240,766.0147171093324,60.82468891143799
1762983458.303078,2025-11-12 22:37:38.303078,768.2859817665382,60.84452724456787
1762983458.3229623,2025-11-12 22:37:38.322962,768.2859817665382,60.86441159248352
1762983458.3429203,2025-11-12 22:37:38.342920,770.0674962832173,60.88436961174011
1762983458.3626654,2025-11-12 22:37:38.362665,770.0684962832173,60.904114723205566
1762983458.3826327,2025-11-12 22:37:38.382633,770.0684962832173,60.92408204078674
1762983458.4025302,2025-11-12 22:37:38.402530,770.4118557853619,60.94397950172424
1762983458.4225621,2025-11-12 22:37:38.422562,770.4118557853619,60.964011430740356
1762983458.442277,2025-11-12 22:37:38.442277,770.5826819424318,60.983726263046265
1762983458.4623368,2025-11-12 22:37:38.462337,770.5826819424318,61.00378608703613
1762983458.4823618,2025-11-12 22:37:38.482362,771.0452760799451,61.02381110191345
1762983458.5018356,2025-11-12 22:37:38.501836,771.0462760799451,61.04328489303589
1762983458.5216327,2025-11-12 22:37:38.521633,771.0462760799451,61.06308197975159
1762983458.5416796,2025-11-12 22:37:38.541680,771.7814929303489,61.083128929138184
1762983458.5612147,2025-11-12 22:37:38.561215,771.7824929303489,61.10266399383545
1762983458.580979,2025-11-12 22:37:38.580979,771.7824929303489,61.12242841720581
1762983458.600842,2025-11-12 22:37:38.600842,771.8839466634961,61.14229130744934
1762983458.6205304,2025-11-12 22:37:38.620530,771.8839466634961,61.16197967529297
1762983458.6401975,2025-11-12 22:37:38.640198,772.3076459378563,61.18164682388306
1762983458.6598856,2025-11-12 22:37:38.659886,772.3076459378563,61.201334953308105
1762983458.680169,2025-11-12 22:37:38.680169,773.1630901059849,61.22161841392517
1762983458.6994278,2025-11-12 22:37:38.699428,773.1640901059849,61.24087715148926
1762983458.718954,2025-11-12 22:37:38.718954,773.1640901059849,61.2604033946991
1762983458.7385345,2025-11-12 22:37:38.738534,773.207642611207,61.27998375892639
1762983458.758112,2025-11-12 22:37:38.758112,773.207642611207,61.29956126213074
1762983458.7777698,2025-11-12 22:37:38.777770,774.8947646793632,61.31921911239624
1762983458.7972364,2025-11-12 22:37:38.797236,774.8947646793632,61.338685750961304
1762983458.8172712,2025-11-12 22:37:38.817271,775.9477834668442,61.358720541000366
1762983458.8368278,2025-11-12 22:37:38.836828,775.9477834668442,61.37827706336975
1762983458.856712,2025-11-12 22:37:38.856712,776.324151294132,61.3981614112854
1762983458.875982,2025-11-12 22:37:38.875982,776.325151294132,61.417431354522705
1762983458.8956826,2025-11-12 22:37:38.895683,776.325151294132,61.43713188171387
1762983458.9156945,2025-11-12 22:37:38.915694,776.6784305119088,61.457143783569336
1762983458.935039,2025-11-12 22:37:38.935039,776.6794305119088,61.4764883518219
1762983458.9546347,2025-11-12 22:37:38.954635,776.6794305119088,61.49608397483826
1762983458.974223,2025-11-12 22:37:38.974223,777.1132463814176,61.51567220687866
1762983458.9935172,2025-11-12 22:37:38.993517,777.1142463814176,61.534966468811035
1762983459.013107,2025-11-12 22:37:39.013107,777.1142463814176,61.554556369781494
1762983459.0327828,2025-11-12 22:37:39.032783,777.5067167590978,61.57423210144043
1762983459.0524282,2025-11-12 22:37:39.052428,777.5067167590978,61.59387755393982
1762983459.0719402,2025-11-12 22:37:39.071940,778.8870838292006,61.61338949203491
1762983459.091035,2025-11-12 22:37:39.091035,778.8880838292006,61.63248419761658
1762983459.1104136,2025-11-12 22:37:39.110414,778.8880838292006,61.65186285972595
1762983459.1299374,2025-11-12 22:37:39.129937,779.5823469617513,61.67138671875
1762983459.1490695,2025-11-12 22:37:39.149070,779.5833469617513,61.690518856048584
1762983459.1686735,2025-11-12 22:37:39.168674,779.5833469617513,61.71012282371521
1762983459.1882973,2025-11-12 22:37:39.188297,780.0,61.7297465801239
1762983459.2073867,2025-11-12 22:37:39.207387,780.3291658361125,61.748836040496826
1762983459.2264209,2025-11-12 22:37:39.226421,780.3301658361124,61.7678701877594
1762983459.24583,2025-11-12 22:37:39.245830,780.3301658361124,61.7872793674469
1762983459.265304,2025-11-12 22:37:39.265304,780.4902228922807,61.806753396987915
1762983459.2843664,2025-11-12 22:37:39.284366,780.4912228922807,61.82581567764282
1762983459.3037481,2025-11-12 22:37:39.303748,780.4912228922807,61.845197439193726
1762983459.3232548,2025-11-12 22:37:39.323255,782.9485032188514,61.86470413208008
1762983459.342707,2025-11-12 22:37:39.342707,782.9485032188514,61.884156227111816
1762983459.3622763,2025-11-12 22:37:39.362276,783.3423949505998,61.90372562408447
1762983459.3813627,2025-11-12 22:37:39.381363,783.3433949505998,61.92281198501587
1762983459.400723,2025-11-12 22:37:39.400723,783.3433949505998,61.94217228889465
1762983459.4204762,2025-11-12 22:37:39.420476,783.7392439626814,61.9619255065918
1762983459.4397304,2025-11-12 22:37:39.439730,783.7402439626813,61.98117971420288
1762983459.459471,2025-11-12 22:37:39.459471,783.7402439626813,62.00092029571533
1762983459.4793894,2025-11-12 22:37:39.479389,783.8105747145585,62.02083873748779
1762983459.4990597,2025-11-12 22:37:39.499060,783.8105747145585,62.04050898551941
1762983459.5187922,2025-11-12 22:37:39.518792,787.6936012968115,62.06024146080017
1762983459.5389566,2025-11-12 22:37:39.538957,787.6936012968115,62.080405950546265
1762983459.558638,2025-11-12 22:37:39.558638,788.3469468595322,62.1000874042511
1762983459.5780127,2025-11-12 22:37:39.578013,788.3469468595322,62.11946201324463
1762983459.597498,2025-11-12 22:37:39.597498,790.7874700379087,62.13894724845886
1762983459.616734,2025-11-12 22:37:39.616734,790.7884700379087,62.158183336257935
1762983459.6361191,2025-11-12 22:37:39.636119,790.7884700379087,62.177568435668945
1762983459.6555429,2025-11-12 22:37:39.655543,793.4132572019055,62.19699215888977
1762983459.674638,2025-11-12 22:37:39.674638,793.4142572019055,62.216087341308594
1762983459.6941853,2025-11-12 22:37:39.694185,793.4142572019055,62.235634565353394
1762983459.7136087,2025-11-12 22:37:39.713609,796.9115871477915,62.25505805015564
1762983459.7328286,2025-11-12 22:37:39.732829,796.9115871477915,62.27427792549133
1762983459.7523577,2025-11-12 22:37:39.752358,798.6023939554428,62.29380702972412
1762983459.7713773,2025-11-12 22:37:39.771377,798.6033939554428,62.31282663345337
1762983459.7906632,2025-11-12 22:37:39.790663,798.6033939554428,62.332112550735474
1762983459.8101442,2025-11-12 22:37:39.810144,801.1985883213044,62.35159349441528
1762983459.8294582,2025-11-12 22:37:39.829458,801.1985883213044,62.37090754508972
1762983459.8489106,2025-11-12 22:37:39.848911,803.753350947591,62.39035987854004
1762983459.8680692,2025-11-12 22:37:39.868069,803.754350947591,62.4095184803009
1762983459.887343,2025-11-12 22:37:39.887343,803.754350947591,62.428792238235474
1762983459.9065952,2025-11-12 22:37:39.906595,805.3696507397963,62.448044538497925
1762983459.9256957,2025-11-12 22:37:39.925696,805.3696507397963,62.46714496612549
1762983459.9447372,2025-11-12 22:37:39.944737,805.5141924857028,62.486186504364014
1762983459.9636528,2025-11-12 22:37:39.963653,805.5151924857028,62.50510215759277
1762983459.98287,2025-11-12 22:37:39.982870,805.5151924857028,62.5243194103241
1762983460.0019448,2025-11-12 22:37:40.001945,806.2559244683207,62.54339408874512
1762983460.0209932,2025-11-12 22:37:40.020993,806.2559244683207,62.56244254112244
1762983460.0401413,2025-11-12 22:37:40.040141,807.1130127963197,62.58159065246582
1762983460.0587604,2025-11-12 22:37:40.058760,807.1140127963197,62.60020971298218
1762983460.077966,2025-11-12 22:37:40.077966,807.1140127963197,62.619415283203125
1762983460.09777,2025-11-12 22:37:40.097770,812.0055355072208,62.63921928405762
1762983460.1179776,2025-11-12 22:37:40.117978,812.0055355072208,62.65942692756653
1762983460.1376169,2025-11-12 22:37:40.137617,813.5377742122819,62.67906618118286
1762983460.156674,2025-11-12 22:37:40.156674,813.5377742122819,62.69812321662903
1762983460.1757658,2025-11-12 22:37:40.175766,814.7515152934388,62.717215061187744
1762983460.1948075,2025-11-12 22:37:40.194808,814.7515152934388,62.73625683784485
1762983460.2139535,2025-11-12 22:37:40.213953,816.1244948388265,62.75540280342102
1762983460.2407734,2025-11-12 22:37:40.240773,816.1254948388265,62.782222747802734
1762983460.2615652,2025-11-12 22:37:40.261565,816.1254948388265,62.803014516830444
1762983460.2815623,2025-11-12 22:37:40.281562,816.5732502415833,62.82301163673401
1762983460.3004436,2025-11-12 22:37:40.300444,816.5742502415833,62.84189295768738
1762983460.319519,2025-11-12 22:37:40.319519,816.5742502415833,62.860968351364136
1762983460.3386726,2025-11-12 22:37:40.338673,819.4259833458957,62.88012194633484
1762983460.3577375,2025-11-12 22:37:40.357738,819.4259833458957,62.899186849594116
1762983460.377012,2025-11-12 22:37:40.377012,820.457406880441,62.918461322784424
1762983460.395753,2025-11-12 22:37:40.395753,820.458406880441,62.9372022151947
1762983460.4147627,2025-11-12 22:37:40.414763,820.458406880441,62.95621204376221
1762983460.43384,2025-11-12 22:37:40.433840,820.9725327512467,62.9752893447876
1762983460.452898,2025-11-12 22:37:40.452898,820.9725327512467,62.99434733390808
1762983460.4718683,2025-11-12 22:37:40.471868,821.5972208136963,63.013317584991455
1762983460.4908793,2025-11-12 22:37:40.490879,821.5982208136962,63.032328605651855
1762983460.5099013,2025-11-12 22:37:40.509901,821.5982208136962,63.051350593566895
1762983460.5291448,2025-11-12 22:37:40.529145,825.4970646527207,63.07059407234192
1762983460.547941,2025-11-12 22:37:40.547941,825.4980646527207,63.08939027786255
1762983460.567033,2025-11-12 22:37:40.567033,825.4980646527207,63.108482360839844
1762983460.5860698,2025-11-12 22:37:40.586070,826.2566260269132,63.12751913070679
1762983460.6049807,2025-11-12 22:37:40.604981,826.2566260269132,63.146430015563965
1762983460.623947,2025-11-12 22:37:40.623947,826.4403055483733,63.165396213531494
1762983460.6425953,2025-11-12 22:37:40.642595,826.4413055483733,63.18404459953308
1762983460.6616805,2025-11-12 22:37:40.661680,826.4413055483733,63.20312976837158
1762983460.6805382,2025-11-12 22:37:40.680538,826.6008910471347,63.22198748588562
1762983460.6994116,2025-11-12 22:37:40.699412,826.6008910471347,63.24086093902588
1762983460.7183619,2025-11-12 22:37:40.718362,827.7632172263465,63.25981116294861
1762983460.7369235,2025-11-12 22:37:40.736923,827.7642172263464,63.2783727645874
1762983460.7558873,2025-11-12 22:37:40.755887,827.7642172263464,63.29733657836914
1762983460.7747748,2025-11-12 22:37:40.774775,828.5905257828774,63.316224098205566
1762983460.7936175,2025-11-12 22:37:40.793617,828.5905257828774,63.33506679534912
1762983460.8125374,2025-11-12 22:37:40.812537,830.9636005225482,63.353986740112305
1762983460.8314373,2025-11-12 22:37:40.831437,830.9636005225482,63.372886657714844
1762983460.850321,2025-11-12 22:37:40.850321,831.1676774330846,63.391770362854004
1762983460.8693187,2025-11-12 22:37:40.869319,831.1676774330846,63.410768032073975
1762983460.8880725,2025-11-12 22:37:40.888072,831.6971912886518,63.429521799087524
1762983460.9064443,2025-11-12 22:37:40.906444,831.6981912886517,63.44789361953735
1762983460.9254918,2025-11-12 22:37:40.925492,831.6981912886517,63.466941118240356
1762983460.9443276,2025-11-12 22:37:40.944328,832.9989982570173,63.48577690124512
1762983460.9630656,2025-11-12 22:37:40.963066,832.9989982570173,63.504514932632446
1762983460.981775,2025-11-12 22:37:40.981775,833.0504021195197,63.52322435379028
1762983461.0001647,2025-11-12 22:37:41.000165,833.0514021195197,63.541614055633545
1762983461.018847,2025-11-12 22:37:41.018847,833.0514021195197,63.560296297073364
1762983461.0375624,2025-11-12 22:37:41.037562,833.1548990155216,63.57901167869568
1762983461.0563254,2025-11-12 22:37:41.056325,833.1548990155216,63.59777474403381
1762983461.0749118,2025-11-12 22:37:41.074912,833.9439139144232,63.616361141204834
1762983461.0935702,2025-11-12 22:37:41.093570,833.9439139144232,63.63501954078674
1762983461.11208,2025-11-12 22:37:41.112080,834.252791318103,63.65352940559387
1762983461.130699,2025-11-12 22:37:41.130699,834.252791318103,63.67214822769165
1762983461.149248,2025-11-12 22:37:41.149248,834.3658901376136,63.69069719314575
1762983461.167938,2025-11-12 22:37:41.167938,834.3658901376136,63.70938730239868
1762983461.186525,2025-11-12 22:37:41.186525,834.6692918771552,63.72797441482544
1762983461.204805,2025-11-12 22:37:41.204805,834.6702918771551,63.746254205703735
1762983461.2234652,2025-11-12 22:37:41.223465,834.6702918771551,63.76491451263428
1762983461.2419958,2025-11-12 22:37:41.241996,835.6693476820651,63.78344511985779
1762983461.2601337,2025-11-12 22:37:41.260134,835.6703476820651,63.80158305168152
1762983461.278612,2025-11-12 22:37:41.278612,835.6703476820651,63.82006120681763
1762983461.2971418,2025-11-12 22:37:41.297142,836.4166922367718,63.8385910987854
1762983461.3177564,2025-11-12 22:37:41.317756,836.4166922367718,63.85920572280884
1762983461.3373604,2025-11-12 22:37:41.337360,836.4984412232307,63.878809690475464
1762983461.355506,2025-11-12 22:37:41.355506,836.4994412232306,63.896955251693726
1762983461.3740246,2025-11-12 22:37:41.374025,836.4994412232306,63.91547393798828
1762983461.3926547,2025-11-12 22:37:41.392655,836.5740395544726,63.93410396575928
1762983461.4108522,2025-11-12 22:37:41.410852,836.5750395544726,63.95230150222778
1762983461.4294493,2025-11-12 22:37:41.429449,836.5750395544726,63.97089862823486
1762983461.448113,2025-11-12 22:37:41.448113,838.475348245209,63.98956227302551
1762983461.4664974,2025-11-12 22:37:41.466497,838.476348245209,64.00794672966003
1762983461.4848583,2025-11-12 22:37:41.484858,838.476348245209,64.02630758285522
1762983461.503432,2025-11-12 22:37:41.503432,839.5060373236504,64.04488134384155
1762983461.5214243,2025-11-12 22:37:41.521424,839.5070373236504,64.06287360191345
1762983461.539961,2025-11-12 22:37:41.539961,839.5070373236504,64.08141040802002
1762983461.5584884,2025-11-12 22:37:41.558488,839.6964320911854,64.09993767738342
1762983461.5766585,2025-11-12 22:37:41.576658,839.6974320911854,64.11810779571533
1762983461.5951085,2025-11-12 22:37:41.595109,839.6974320911854,64.1365578174591
1762983461.613485,2025-11-12 22:37:41.613485,840.0,64.15493440628052
1762983461.6316123,2025-11-12 22:37:41.631612,841.6757319967859,64.17306160926819
1762983461.6500638,2025-11-12 22:37:41.650064,841.6757319967859,64.19151306152344
1762983461.66848,2025-11-12 22:37:41.668480,841.6978236128278,64.20992922782898
1762983461.686894,2025-11-12 22:37:41.686894,841.6978236128278,64.22834324836731
1762983461.7052374,2025-11-12 22:37:41.705237,842.1568553221492,64.24668669700623
1762983461.7234735,2025-11-12 22:37:41.723474,842.1568553221492,64.26492285728455
1762983461.7417154,2025-11-12 22:37:41.741715,844.0382971016534,64.28316473960876
1762983461.7596726,2025-11-12 22:37:41.759673,844.0392971016533,64.30112195014954
1762983461.778112,2025-11-12 22:37:41.778112,844.0392971016533,64.31956124305725
1762983461.7965262,2025-11-12 22:37:41.796526,845.2771319627759,64.33797550201416
1762983461.8148842,2025-11-12 22:37:41.814884,845.2781319627759,64.3563334941864
1762983461.8332982,2025-11-12 22:37:41.833298,845.2781319627759,64.37474751472473
1762983461.851631,2025-11-12 22:37:41.851631,845.6108613326066,64.39308023452759
1762983461.8698516,2025-11-12 22:37:41.869852,845.6108613326066,64.41130089759827
1762983461.8881674,2025-11-12 22:37:41.888167,847.8298545881715,64.429616689682
1762983461.9064503,2025-11-12 22:37:41.906450,847.8298545881715,64.44789958000183
1762983461.9247353,2025-11-12 22:37:41.924735,848.7413518303042,64.46618461608887
1762983461.942579,2025-11-12 22:37:41.942579,848.7423518303042,64.48402833938599
1762983461.9608252,2025-11-12 22:37:41.960825,848.7423518303042,64.50227451324463
1762983461.9791853,2025-11-12 22:37:41.979185,850.7474932399174,64.52063465118408
1762983461.9972584,2025-11-12 22:37:41.997258,850.7484932399174,64.5387077331543
1762983462.015573,2025-11-12 22:37:42.015573,850.7484932399174,64.55702233314514
1762983462.0339282,2025-11-12 22:37:42.033928,852.9804904627139,64.57537746429443
1762983462.051924,2025-11-12 22:37:42.051924,852.9814904627139,64.59337329864502
1762983462.0702517,2025-11-12 22:37:42.070252,852.9814904627139,64.61170101165771
1762983462.0885956,2025-11-12 22:37:42.088596,853.5346483077071,64.63004493713379
1762983462.1068926,2025-11-12 22:37:42.106893,853.5346483077071,64.64834189414978
1762983462.1254113,2025-11-12 22:37:42.125411,854.660427305563,64.66686058044434
1762983462.1433587,2025-11-12 22:37:42.143359,854.6614273055629,64.68480801582336
1762983462.161693,2025-11-12 22:37:42.161693,854.6614273055629,64.70314240455627
1762983462.1799831,2025-11-12 22:37:42.179983,855.4467348707955,64.72143244743347
1762983462.1981483,2025-11-12 22:37:42.198148,855.4467348707955,64.73959755897522
1762983462.2181516,2025-11-12 22:37:42.218152,858.3423546572452,64.75960087776184
1762983462.2379248,2025-11-12 22:37:42.237925,858.3433546572452,64.77937412261963
1762983462.2592928,2025-11-12 22:37:42.259293,858.3433546572452,64.80074214935303
1762983462.2783535,2025-11-12 22:37:42.278353,859.9426383122193,64.81980276107788
1762983462.2971182,2025-11-12 22:37:42.297118,859.9426383122193,64.83856749534607
1762983462.3151662,2025-11-12 22:37:42.315166,861.2366032970436,64.85661554336548
1762983462.3331206,2025-11-12 22:37:42.333121,861.2366032970436,64.8745698928833
1762983462.3512833,2025-11-12 22:37:42.351283,862.9187859745936,64.89273262023926
1762983462.3694618,2025-11-12 22:37:42.369462,862.9187859745936,64.91091108322144
1762983462.387886,2025-11-12 22:37:42.387886,869.2167497503132,64.92933535575867
1762983462.4061594,2025-11-12 22:37:42.406159,869.2167497503132,64.94760870933533
1762983462.424146,2025-11-12 22:37:42.424146,869.5132185606268,64.96559524536133
1762983462.44166,2025-11-12 22:37:42.441660,869.5142185606268,64.98310923576355
1762983462.4598727,2025-11-12 22:37:42.459873,869.5142185606268,65.00132203102112
1762983462.4782243,2025-11-12 22:37:42.478224,869.7380681046375,65.01967358589172
1762983462.4959571,2025-11-12 22:37:42.495957,869.7390681046375,65.03740644454956
1762983462.5140915,2025-11-12 22:37:42.514091,869.7390681046375,65.0555408000946
1762983462.53233,2025-11-12 22:37:42.532330,871.1115758183212,65.07377934455872
1762983462.5501943,2025-11-12 22:37:42.550194,871.1115758183212,65.09164357185364
1762983462.568138,2025-11-12 22:37:42.568138,872.5826985327828,65.1095871925354
1762983462.586504,2025-11-12 22:37:42.586504,872.5826985327828,65.12795329093933
1762983462.604628,2025-11-12 22:37:42.604628,873.3048293043361,65.14607739448547
1762983462.6225052,2025-11-12 22:37:42.622505,873.3048293043361,65.16395449638367
1762983462.640601,2025-11-12 22:37:42.640601,873.9724565340277,65.1820502281189
1762983462.6584837,2025-11-12 22:37:42.658484,873.9734565340277,65.19993305206299
1762983462.6764898,2025-11-12 22:37:42.676490,873.9734565340277,65.21793913841248
1762983462.6943521,2025-11-12 22:37:42.694352,874.4895401490418,65.23580145835876
1762983462.712063,2025-11-12 22:37:42.712063,874.4895401490418,65.25351238250732
1762983462.729872,2025-11-12 22:37:42.729872,876.6325345038586,65.2713212966919
1762983462.7476234,2025-11-12 22:37:42.747623,876.6325345038586,65.2890727519989
1762983462.765478,2025-11-12 22:37:42.765478,878.2233070905866,65.30692720413208
1762983462.7828135,2025-11-12 22:37:42.782814,878.2243070905865,65.32426285743713
1762983462.8007386,2025-11-12 22:37:42.800739,878.2243070905865,65.34218788146973
1762983462.818493,2025-11-12 22:37:42.818493,879.1018146762632,65.35994219779968
1762983462.836433,2025-11-12 22:37:42.836433,879.1018146762632,65.37788224220276
1762983462.8544068,2025-11-12 22:37:42.854407,879.142760724683,65.39585614204407
1762983462.872185,2025-11-12 22:37:42.872185,879.142760724683,65.41363430023193
1762983462.890291,2025-11-12 22:37:42.890291,881.0475204465854,65.43174028396606
1762983462.9081068,2025-11-12 22:37:42.908107,881.0475204465854,65.44955611228943
1762983462.9259422,2025-11-12 22:37:42.925942,881.6608471182651,65.46739149093628
1762983462.9438238,2025-11-12 22:37:42.943824,881.6608471182651,65.48527312278748
1762983462.9615762,2025-11-12 22:37:42.961576,881.8712725490906,65.5030255317688
1762983462.9791536,2025-11-12 22:37:42.979154,881.8722725490906,65.52060294151306
1762983462.996938,2025-11-12 22:37:42.996938,881.8722725490906,65.53838729858398
1762983463.0148473,2025-11-12 22:37:43.014847,882.2270254543607,65.55629658699036
1762983463.032352,2025-11-12 22:37:43.032352,882.2280254543607,65.573801279068
1762983463.0501149,2025-11-12 22:37:43.050115,882.2280254543607,65.5915641784668
1762983463.0681422,2025-11-12 22:37:43.068142,883.4025224889604,65.60959148406982
1762983463.086009,2025-11-12 22:37:43.086009,883.4025224889604,65.62745833396912
1762983463.1039379,2025-11-12 22:37:43.103938,883.4080447871454,65.64538717269897
1762983463.1212804,2025-11-12 22:37:43.121280,883.4090447871454,65.66272974014282
1762983463.1389086,2025-11-12 22:37:43.138909,883.4090447871454,65.68035793304443
1762983463.1564145,2025-11-12 22:37:43.156415,883.5359288955334,65.69786381721497
1762983463.1740334,2025-11-12 22:37:43.174033,883.5359288955334,65.71548271179199
1762983463.1915042,2025-11-12 22:37:43.191504,883.8964019530058,65.7329535484314
1762983463.2085903,2025-11-12 22:37:43.208590,883.8974019530058,65.75003957748413
1762983463.2259676,2025-11-12 22:37:43.225968,883.8974019530058,65.76741695404053
1762983463.243471,2025-11-12 22:37:43.243471,886.0784642574139,65.78492021560669
1762983463.2605689,2025-11-12 22:37:43.260569,886.0794642574139,65.80201816558838
1762983463.2779932,2025-11-12 22:37:43.277993,886.0794642574139,65.81944251060486
1762983463.2956629,2025-11-12 22:37:43.295663,887.4522785770141,65.83711218833923
1762983463.3129358,2025-11-12 22:37:43.312936,887.4532785770141,65.85438513755798
1762983463.3305783,2025-11-12 22:37:43.330578,887.4532785770141,65.87202763557434
1762983463.3483074,2025-11-12 22:37:43.348307,890.9855818183621,65.88975667953491
1762983463.3658512,2025-11-12 22:37:43.365851,890.9855818183621,65.90730047225952
1762983463.3833585,2025-11-12 22:37:43.383358,891.7687165955837,65.92480778694153
1762983463.4010909,2025-11-12 22:37:43.401091,891.7687165955837,65.9425401687622
1762983463.4185271,2025-11-12 22:37:43.418527,892.6172744471099,65.95997643470764
1762983463.4357169,2025-11-12 22:37:43.435717,892.6182744471099,65.97716617584229
1762983463.45326,2025-11-12 22:37:43.453260,892.6182744471099,65.99470925331116
1762983463.4710848,2025-11-12 22:37:43.471085,893.4188464040814,66.01253414154053
1762983463.4887843,2025-11-12 22:37:43.488784,893.4188464040814,66.03023362159729
1762983463.5063112,2025-11-12 22:37:43.506311,894.1646082017002,66.04776048660278
1762983463.5238075,2025-11-12 22:37:43.523808,894.1646082017002,66.06525683403015
1762983463.541399,2025-11-12 22:37:43.541399,894.9455828837246,66.08284831047058
1762983463.5586975,2025-11-12 22:37:43.558697,894.9455828837246,66.1001467704773
1762983463.576084,2025-11-12 22:37:43.576084,896.6524547607968,66.1175332069397
1762983463.5929856,2025-11-12 22:37:43.592986,896.6534547607968,66.13443493843079
1762983463.6102264,2025-11-12 22:37:43.610226,896.6534547607968,66.15167570114136
1762983463.627511,2025-11-12 22:37:43.627511,899.7179387944665,66.16896033287048
1762983463.6448314,2025-11-12 22:37:43.644831,899.7179387944665,66.18628072738647
1762983463.6620622,2025-11-12 22:37:43.662062,900.0,66.20351147651672
1762983463.679011,2025-11-12 22:37:43.679011,900.2426956240029,66.22046041488647
1762983463.6962893,2025-11-12 22:37:43.696289,900.2426956240029,66.23773860931396
1762983463.7135742,2025-11-12 22:37:43.713574,901.2368539628462,66.25502347946167
1762983463.7307608,2025-11-12 22:37:43.730761,901.2368539628462,66.27221012115479
1762983463.748098,2025-11-12 22:37:43.748098,901.6046756696912,66.28954720497131
1762983463.765383,2025-11-12 22:37:43.765383,901.6046756696912,66.3068323135376
1762983463.782584,2025-11-12 22:37:43.782584,901.9640834679986,66.32403326034546
1762983463.7994967,2025-11-12 22:37:43.799497,901.9650834679986,66.34094595909119
1762983463.8168733,2025-11-12 22:37:43.816873,901.9650834679986,66.35832262039185
1762983463.83435,2025-11-12 22:37:43.834350,902.6699458463431,66.37579941749573
1762983463.8519433,2025-11-12 22:37:43.851943,902.6699458463431,66.39339256286621
1762983463.8693933,2025-11-12 22:37:43.869393,903.5524818789974,66.41084265708923
1762983463.886277,2025-11-12 22:37:43.886277,903.5534818789973,66.42772626876831
1762983463.9036987,2025-11-12 22:37:43.903699,903.5534818789973,66.44514799118042
1762983463.9209685,2025-11-12 22:37:43.920969,904.3509772797219,66.46241784095764
1762983463.9382262,2025-11-12 22:37:43.938226,904.3509772797219,66.47967553138733
1762983463.9554708,2025-11-12 22:37:43.955471,908.1051295277282,66.49692010879517
1762983463.9722602,2025-11-12 22:37:43.972260,908.1061295277282,66.5137095451355
1762983463.9893951,2025-11-12 22:37:43.989395,908.1061295277282,66.53084444999695
1762983464.006574,2025-11-12 22:37:44.006574,908.2830263732448,66.54802322387695
1762983464.023361,2025-11-12 22:37:44.023361,908.2840263732447,66.5648102760315
1762983464.040438,2025-11-12 22:37:44.040438,908.2840263732447,66.58188724517822
1762983464.057562,2025-11-12 22:37:44.057562,909.2954547629038,66.59901142120361
1762983464.0744169,2025-11-12 22:37:44.074417,909.2964547629037,66.61586618423462
1762983464.0917675,2025-11-12 22:37:44.091768,909.2964547629037,66.63321685791016
1762983464.1088572,2025-11-12 22:37:44.108857,914.5041158631778,66.65030646324158
1762983464.1256118,2025-11-12 22:37:44.125612,914.5051158631778,66.66706109046936
1762983464.1428514,2025-11-12 22:37:44.142851,914.5051158631778,66.68430066108704
1762983464.1599424,2025-11-12 22:37:44.159942,915.8364346194186,66.70139169692993
1762983464.176738,2025-11-12 22:37:44.176738,915.8374346194186,66.71818733215332
1762983464.194047,2025-11-12 22:37:44.194047,915.8374346194186,66.73549628257751
1762983464.2112408,2025-11-12 22:37:44.211241,916.6709345898173,66.752690076828
1762983464.2283635,2025-11-12 22:37:44.228364,916.6709345898173,66.76981282234192
1762983464.2457292,2025-11-12 22:37:44.245729,917.1303752483474,66.78717851638794
1762983464.262546,2025-11-12 22:37:44.262546,917.1313752483474,66.80399537086487
1762983464.2802603,2025-11-12 22:37:44.280260,917.1313752483474,66.82170963287354
1762983464.2976842,2025-11-12 22:37:44.297684,917.6447720469795,66.83913350105286
1762983464.314879,2025-11-12 22:37:44.314879,917.6447720469795,66.85632824897766
1762983464.3319855,2025-11-12 22:37:44.331985,920.4018511434084,66.8734347820282
1762983464.349076,2025-11-12 22:37:44.349076,920.4018511434084,66.89052534103394
1762983464.3660715,2025-11-12 22:37:44.366071,922.6587981736873,66.90752077102661
1762983464.3831375,2025-11-12 22:37:44.383137,922.6587981736873,66.9245867729187
1762983464.4001727,2025-11-12 22:37:44.400173,923.7664803368938,66.94162201881409
1762983464.4169636,2025-11-12 22:37:44.416964,923.7674803368938,66.9584128856659
1762983464.434331,2025-11-12 22:37:44.434331,923.7674803368938,66.97578024864197
1762983464.4514225,2025-11-12 22:37:44.451422,926.0566220889878,66.99287176132202
1762983464.4683049,2025-11-12 22:37:44.468305,926.0566220889878,67.0097541809082
1762983464.4851203,2025-11-12 22:37:44.485120,928.6490736343668,67.02656960487366
1762983464.5015607,2025-11-12 22:37:44.501561,928.6500736343668,67.04300999641418
1762983464.5183136,2025-11-12 22:37:44.518314,928.6500736343668,67.05976295471191
1762983464.535328,2025-11-12 22:37:44.535328,930.5221097739947,67.07677721977234
1762983464.5518413,2025-11-12 22:37:44.551841,930.5231097739946,67.09329056739807
1762983464.5685778,2025-11-12 22:37:44.568578,930.5231097739946,67.11002707481384
1762983464.5853996,2025-11-12 22:37:44.585400,931.0056707992169,67.12684893608093
1762983464.6022475,2025-11-12 22:37:44.602247,931.0056707992169,67.14369678497314
1762983464.619155,2025-11-12 22:37:44.619155,931.6299724517008,67.16060423851013
1762983464.6358805,2025-11-12 22:37:44.635880,931.6299724517008,67.17732977867126
1762983464.6525197,2025-11-12 22:37:44.652520,933.2191544240561,67.19396901130676
1762983464.6689115,2025-11-12 22:37:44.668911,933.2201544240561,67.21036076545715
1762983464.685619,2025-11-12 22:37:44.685619,933.2201544240561,67.22706842422485
1762983464.7022781,2025-11-12 22:37:44.702278,933.6853780541688,67.24372744560242
1762983464.7185817,2025-11-12 22:37:44.718582,933.6863780541688,67.26003098487854
1762983464.7353156,2025-11-12 22:37:44.735316,933.6863780541688,67.27676486968994
1762983464.7519498,2025-11-12 22:37:44.751950,935.0691308826135,67.29339909553528
1762983464.768366,2025-11-12 22:37:44.768366,935.0701308826135,67.30981540679932
1762983464.7850323,2025-11-12 22:37:44.785032,935.0701308826135,67.32648158073425
1762983464.8017569,2025-11-12 22:37:44.801757,935.7257925895594,67.34320616722107
1762983464.8182783,2025-11-12 22:37:44.818278,935.7257925895594,67.35972762107849
1762983464.8350308,2025-11-12 22:37:44.835031,936.1360812705074,67.37648010253906
1762983464.8515866,2025-11-12 22:37:44.851587,936.1370812705073,67.39303588867188
1762983464.8682911,2025-11-12 22:37:44.868291,936.1370812705073,67.40974044799805
1762983464.8849773,2025-11-12 22:37:44.884977,936.7451599274398,67.42642664909363
1762983464.9012449,2025-11-12 22:37:44.901245,936.7461599274397,67.4426941871643
1762983464.917758,2025-11-12 22:37:44.917758,936.7461599274397,67.45920729637146
1762983464.9343138,2025-11-12 22:37:44.934314,936.8690346176807,67.47576308250427
1762983464.9505212,2025-11-12 22:37:44.950521,936.8700346176806,67.49197053909302
1762983464.9669867,2025-11-12 22:37:44.966987,936.8700346176806,67.50843596458435
1762983464.9835374,2025-11-12 22:37:44.983537,937.3067596604925,67.524986743927
1762983465.000009,2025-11-12 22:37:45.000009,937.3067596604925,67.54145836830139
1762983465.0166116,2025-11-12 22:37:45.016612,937.8432355074214,67.55806088447571
1762983465.0327587,2025-11-12 22:37:45.032759,937.8442355074213,67.57420802116394
1762983465.0492735,2025-11-12 22:37:45.049273,937.8442355074213,67.59072279930115
1762983465.0659184,2025-11-12 22:37:45.065918,937.8615660669598,67.60736775398254
1762983465.0826056,2025-11-12 22:37:45.082606,937.8615660669598,67.62405490875244
1762983465.0991695,2025-11-12 22:37:45.099169,938.0503975359101,67.64061880111694
1762983465.1153474,2025-11-12 22:37:45.115347,938.05139753591,67.65679669380188
1762983465.1317968,2025-11-12 22:37:45.131797,938.05139753591,67.67324614524841
1762983465.1482294,2025-11-12 22:37:45.148229,938.3518176071653,67.68967866897583
1762983465.1646137,2025-11-12 22:37:45.164614,938.3518176071653,67.70606303215027
1762983465.1810126,2025-11-12 22:37:45.181013,940.3029294577194,67.72246193885803
1762983465.1974123,2025-11-12 22:37:45.197412,940.3029294577194,67.73886156082153
1762983465.213817,2025-11-12 22:37:45.213817,941.1934967349198,67.7552661895752
1762983465.2299297,2025-11-12 22:37:45.229930,941.1944967349198,67.77137899398804
1762983465.24634,2025-11-12 22:37:45.246340,941.1944967349198,67.7877893447876
1762983465.2628663,2025-11-12 22:37:45.262866,941.5319738489864,67.8043155670166
1762983465.2794023,2025-11-12 22:37:45.279402,941.5319738489864,67.82085156440735
1762983465.2957668,2025-11-12 22:37:45.295767,947.6184952113747,67.83721613883972
1762983465.3117096,2025-11-12 22:37:45.311710,947.6194952113747,67.85315895080566
1762983465.327969,2025-11-12 22:37:45.327969,947.6194952113747,67.86941838264465
1762983465.3445125,2025-11-12 22:37:45.344512,947.9167942448548,67.88596177101135
1762983465.3607998,2025-11-12 22:37:45.360800,947.9167942448548,67.9022490978241
1762983465.3771605,2025-11-12 22:37:45.377161,948.6379054745126,67.9186098575592
1762983465.3934212,2025-11-12 22:37:45.393421,948.6379054745126,67.93487048149109
1762983465.4096289,2025-11-12 22:37:45.409629,949.9831338471982,67.95107817649841
1762983465.4255466,2025-11-12 22:37:45.425547,949.9841338471982,67.96699595451355
1762983465.441775,2025-11-12 22:37:45.441775,949.9841338471982,67.98322439193726
1762983465.4583225,2025-11-12 22:37:45.458323,951.1585857357907,67.9997718334198
1762983465.4747317,2025-11-12 22:37:45.474732,951.1585857357907,68.01618099212646
1762983465.4910176,2025-11-12 22:37:45.491018,951.726868672279,68.03246688842773
1762983465.5073166,2025-11-12 22:37:45.507317,951.726868672279,68.04876589775085
1762983465.5237362,2025-11-12 22:37:45.523736,953.2274418311642,68.065185546875
1762983465.5396125,2025-11-12 22:37:45.539613,953.2284418311642,68.08106184005737
1762983465.5558233,2025-11-12 22:37:45.555823,953.2284418311642,68.09727263450623
1762983465.5720415,2025-11-12 22:37:45.572042,953.8925733533831,68.11349081993103
1762983465.5882392,2025-11-12 22:37:45.588239,953.8925733533831,68.12968850135803
1762983465.6045697,2025-11-12 22:37:45.604570,955.1494726009154,68.1460189819336
1762983465.6205256,2025-11-12 22:37:45.620526,955.1504726009154,68.16197490692139
1762983465.6367178,2025-11-12 22:37:45.636718,955.1504726009154,68.17816710472107
1762983465.652857,2025-11-12 22:37:45.652857,955.8255199036663,68.19430637359619
1762983465.669176,2025-11-12 22:37:45.669176,955.8255199036663,68.21062541007996
1762983465.6855266,2025-11-12 22:37:45.685527,959.3831846260101,68.22697591781616
1762983465.7014256,2025-11-12 22:37:45.701426,959.3841846260101,68.24287486076355
1762983465.7196987,2025-11-12 22:37:45.719699,959.3841846260101,68.26114797592163
1762983465.7360325,2025-11-12 22:37:45.736032,960.0,68.2774817943573
1762983465.7519834,2025-11-12 22:37:45.751983,960.642599460212,68.29343271255493
1762983465.7682788,2025-11-12 22:37:45.768279,960.642599460212,68.30972814559937
1762983465.7858758,2025-11-12 22:37:45.785876,960.7384247327259,68.32732510566711
1762983465.801632,2025-11-12 22:37:45.801632,960.7394247327259,68.34308123588562
1762983465.8177595,2025-11-12 22:37:45.817760,960.7394247327259,68.35920882225037
1762983465.8342385,2025-11-12 22:37:45.834239,960.8770779353133,68.37568783760071
1762983465.8499625,2025-11-12 22:37:45.849962,960.8780779353133,68.39141178131104
1762983465.8660278,2025-11-12 22:37:45.866028,960.8780779353133,68.40747714042664
1762983465.8821027,2025-11-12 22:37:45.882103,964.2737295785147,68.4235520362854
1762983465.8981142,2025-11-12 22:37:45.898114,964.2737295785147,68.43956351280212
1762983465.9140332,2025-11-12 22:37:45.914033,964.5340927344674,68.45548248291016
1762983465.9296274,2025-11-12 22:37:45.929627,964.5350927344674,68.47107672691345
1762983465.945596,2025-11-12 22:37:45.945596,964.5350927344674,68.48704528808594
1762983465.9615798,2025-11-12 22:37:45.961580,964.5605764001665,68.50302910804749
1762983465.9775236,2025-11-12 22:37:45.977524,964.5605764001665,68.51897287368774
1762983465.9935536,2025-11-12 22:37:45.993554,964.8525660678998,68.53500294685364
1762983466.0094857,2025-11-12 22:37:46.009486,964.8525660678998,68.55093502998352
1762983466.0253673,2025-11-12 22:37:46.025367,965.5060831142263,68.56681656837463
1762983466.0409358,2025-11-12 22:37:46.040936,965.5070831142262,68.58238506317139
1762983466.056822,2025-11-12 22:37:46.056822,965.5070831142262,68.59827136993408
1762983466.0727289,2025-11-12 22:37:46.072729,968.5461552764958,68.61417818069458
1762983466.088333,2025-11-12 22:37:46.088333,968.5471552764958,68.62978219985962
1762983466.1043255,2025-11-12 22:37:46.104326,968.5471552764958,68.6457748413086
1762983466.120137,2025-11-12 22:37:46.120137,969.0555317877267,68.66158628463745
1762983466.135966,2025-11-12 22:37:46.135966,969.0555317877267,68.67741537094116
1762983466.1518385,2025-11-12 22:37:46.151839,970.341096454928,68.69328784942627
1762983466.1673758,2025-11-12 22:37:46.167376,970.342096454928,68.70882511138916
1762983466.183212,2025-11-12 22:37:46.183212,970.342096454928,68.72466135025024
1762983466.1992116,2025-11-12 22:37:46.199212,972.1390501998713,68.74066090583801
1762983466.2147384,2025-11-12 22:37:46.214738,972.1400501998713,68.75618767738342
1762983466.230762,2025-11-12 22:37:46.230762,972.1400501998713,68.77221131324768
1762983466.2466588,2025-11-12 22:37:46.246659,972.232440443306,68.78810811042786
1762983466.2620938,2025-11-12 22:37:46.262094,972.233440443306,68.80354309082031
1762983466.2779396,2025-11-12 22:37:46.277940,972.233440443306,68.81938886642456
1762983466.2939157,2025-11-12 22:37:46.293916,973.1789119544209,68.83536505699158
1762983466.3098338,2025-11-12 22:37:46.309834,973.1789119544209,68.8512830734253
1762983466.3256364,2025-11-12 22:37:46.325636,978.6478652381803,68.86708569526672
1762983466.3413365,2025-11-12 22:37:46.341336,978.6478652381803,68.88278579711914
1762983466.3570802,2025-11-12 22:37:46.357080,979.445475489581,68.89852952957153
1762983466.3724673,2025-11-12 22:37:46.372467,979.446475489581,68.91391658782959
1762983466.3881278,2025-11-12 22:37:46.388128,979.446475489581,68.92957711219788
1762983466.4039328,2025-11-12 22:37:46.403933,980.2100889788962,68.9453821182251
1762983466.419313,2025-11-12 22:37:46.419313,980.2110889788962,68.96076226234436
1762983466.435091,2025-11-12 22:37:46.435091,980.2110889788962,68.97654032707214
1762983466.4509838,2025-11-12 22:37:46.450984,980.635811702127,68.99243307113647
1762983466.4667742,2025-11-12 22:37:46.466774,980.635811702127,69.00822353363037
1762983466.4825928,2025-11-12 22:37:46.482593,983.5565366128774,69.0240421295166
1762983466.4983704,2025-11-12 22:37:46.498370,983.5565366128774,69.03981971740723
1762983466.514044,2025-11-12 22:37:46.514044,987.0498242501136,69.05549335479736
1762983466.529948,2025-11-12 22:37:46.529948,987.0498242501136,69.07139730453491
1762983466.5459285,2025-11-12 22:37:46.545928,987.1587130372819,69.08737778663635
1762983466.5616338,2025-11-12 22:37:46.561634,987.1587130372819,69.10308313369751
1762983466.5774012,2025-11-12 22:37:46.577401,987.9635381133264,69.11885046958923
1762983466.5931711,2025-11-12 22:37:46.593171,987.9635381133264,69.13462042808533
1762983466.6089542,2025-11-12 22:37:46.608954,988.507626234154,69.15040349960327
1762983466.6246145,2025-11-12 22:37:46.624614,988.507626234154,69.16606378555298
1762983466.6402848,2025-11-12 22:37:46.640285,989.6212897085887,69.18173408508301
1762983466.655691,2025-11-12 22:37:46.655691,989.6222897085887,69.19714021682739
1762983466.67132,2025-11-12 22:37:46.671320,989.6222897085887,69.21276926994324
1762983466.6870294,2025-11-12 22:37:46.687029,989.7475863484859,69.22847867012024
1762983466.7026434,2025-11-12 22:37:46.702643,989.7475863484859,69.2440927028656
1762983466.7182565,2025-11-12 22:37:46.718256,990.0559260492616,69.25970578193665
1762983466.7338235,2025-11-12 22:37:46.733824,990.0559260492616,69.27527284622192
1762983466.7495236,2025-11-12 22:37:46.749524,990.3827001951204,69.29097294807434
1762983466.7650294,2025-11-12 22:37:46.765029,990.3827001951204,69.30647873878479
1762983466.7806175,2025-11-12 22:37:46.780617,991.0360747750383,69.32206678390503
1762983466.7958925,2025-11-12 22:37:46.795892,991.0370747750383,69.33734178543091
1762983466.811465,2025-11-12 22:37:46.811465,991.0370747750383,69.3529143333435
1762983466.8271804,2025-11-12 22:37:46.827180,992.6124785451664,69.36862969398499
1762983466.8425152,2025-11-12 22:37:46.842515,992.6134785451663,69.38396453857422
1762983466.8581505,2025-11-12 22:37:46.858150,992.6134785451663,69.39959979057312
1762983466.8738341,2025-11-12 22:37:46.873834,994.5633334844357,69.41528344154358
1762983466.8891706,2025-11-12 22:37:46.889171,994.5643334844357,69.43061995506287
1762983466.9046848,2025-11-12 22:37:46.904685,994.5643334844357,69.44613409042358
1762983466.920279,2025-11-12 22:37:46.920279,996.1070943368906,69.46172833442688
1762983466.935392,2025-11-12 22:37:46.935392,996.1080943368905,69.47684121131897
1762983466.9509501,2025-11-12 22:37:46.950950,996.1080943368905,69.49239945411682
1762983466.9664893,2025-11-12 22:37:46.966489,997.2365994363241,69.50793862342834
1762983466.98191,2025-11-12 22:37:46.981910,997.2365994363241,69.52335929870605
1762983466.9974086,2025-11-12 22:37:46.997409,997.3278299828748,69.53885793685913
1762983467.012842,2025-11-12 22:37:47.012842,997.3278299828748,69.55429124832153
1762983467.0283806,2025-11-12 22:37:47.028381,997.8216625977442,69.5698299407959
1762983467.0438848,2025-11-12 22:37:47.043885,997.8216625977442,69.5853340625763
1762983467.0593855,2025-11-12 22:37:47.059386,998.926398464029,69.60083484649658
1762983467.0744855,2025-11-12 22:37:47.074486,998.927398464029,69.6159348487854
1762983467.089897,2025-11-12 22:37:47.089897,998.927398464029,69.63134622573853
1762983467.1053174,2025-11-12 22:37:47.105317,999.2748895322069,69.64676666259766
1762983467.1206648,2025-11-12 22:37:47.120665,999.2748895322069,69.66211414337158
1762983467.1361592,2025-11-12 22:37:47.136159,999.9837970512556,69.67760848999023
1762983467.1514323,2025-11-12 22:37:47.151432,999.9837970512556,69.69288158416748
1762983467.1668375,2025-11-12 22:37:47.166837,1002.3385006408853,69.70828676223755
1762983467.1821194,2025-11-12 22:37:47.182119,1002.3385006408853,69.72356867790222
1762983467.1976004,2025-11-12 22:37:47.197600,1002.4619765167492,69.73904967308044
1762983467.2130053,2025-11-12 22:37:47.213005,1002.4619765167492,69.75445461273193
1762983467.2284145,2025-11-12 22:37:47.228415,1004.38528069442,69.76986384391785
1762983467.243485,2025-11-12 22:37:47.243485,1004.38628069442,69.78493428230286
1762983467.2587526,2025-11-12 22:37:47.258753,1004.38628069442,69.80020189285278
1762983467.2741036,2025-11-12 22:37:47.274104,1004.4971396930385,69.8155529499054
1762983467.2890997,2025-11-12 22:37:47.289100,1004.4981396930385,69.83054900169373
1762983467.3044534,2025-11-12 22:37:47.304453,1004.4981396930385,69.84590268135071
1762983467.3198013,2025-11-12 22:37:47.319801,1004.9854937620455,69.86125063896179
1762983467.33479,2025-11-12 22:37:47.334790,1004.9864937620455,69.87623929977417
1762983467.350162,2025-11-12 22:37:47.350162,1004.9864937620455,69.89161133766174
1762983467.3655689,2025-11-12 22:37:47.365569,1007.3434795582366,69.90701818466187
1762983467.3804648,2025-11-12 22:37:47.380465,1007.3444795582366,69.92191410064697
1762983467.3957825,2025-11-12 22:37:47.395782,1007.3444795582366,69.93723177909851
1762983467.4111037,2025-11-12 22:37:47.411104,1007.5681243130325,69.95255303382874
1762983467.426037,2025-11-12 22:37:47.426037,1007.5691243130325,69.96748638153076
1762983467.4412284,2025-11-12 22:37:47.441228,1007.5691243130325,69.98267769813538
1762983467.4566238,2025-11-12 22:37:47.456624,1008.30364182558,69.9980731010437
1762983467.4718935,2025-11-12 22:37:47.471894,1008.30364182558,70.01334285736084
1762983467.487248,2025-11-12 22:37:47.487248,1008.8425309595439,70.02869725227356
1762983467.502396,2025-11-12 22:37:47.502396,1008.8425309595439,70.04384541511536
1762983467.517642,2025-11-12 22:37:47.517642,1011.0313167922725,70.05909132957458
1762983467.5326355,2025-11-12 22:37:47.532635,1011.0323167922725,70.07408475875854
1762983467.5477743,2025-11-12 22:37:47.547774,1011.0323167922725,70.08922362327576
1762983467.5629816,2025-11-12 22:37:47.562982,1015.8677504166693,70.10443091392517
1762983467.5780797,2025-11-12 22:37:47.578080,1015.8677504166693,70.11952900886536
1762983467.5932553,2025-11-12 22:37:47.593255,1016.2082603794908,70.13470458984375
1762983467.608002,2025-11-12 22:37:47.608002,1016.2092603794907,70.14945125579834
1762983467.6230664,2025-11-12 22:37:47.623066,1016.2092603794907,70.16451573371887
1762983467.6382616,2025-11-12 22:37:47.638262,1016.8864727270386,70.17971086502075
1762983467.6529875,2025-11-12 22:37:47.652987,1016.8874727270386,70.19443678855896
1762983467.668016,2025-11-12 22:37:47.668016,1016.8874727270386,70.20946526527405
1762983467.6831748,2025-11-12 22:37:47.683175,1019.1403167067361,70.2246241569519
1762983467.697898,2025-11-12 22:37:47.697898,1019.1413167067361,70.23934721946716
1762983467.7130253,2025-11-12 22:37:47.713025,1019.1413167067361,70.25447463989258
1762983467.7282114,2025-11-12 22:37:47.728211,1019.9273256047481,70.26966071128845
1762983467.7429292,2025-11-12 22:37:47.742929,1019.9283256047481,70.28437852859497
1762983467.7580168,2025-11-12 22:37:47.758017,1019.9283256047481,70.29946613311768
1762983467.7731783,2025-11-12 22:37:47.773178,1020.0,70.3146276473999
1762983467.7879958,2025-11-12 22:37:47.787996,1020.1689194963238,70.32944512367249
1762983467.8031895,2025-11-12 22:37:47.803190,1020.1689194963238,70.34463882446289
1762983467.818389,2025-11-12 22:37:47.818389,1021.5946298094249,70.3598382472992
1762983467.8335147,2025-11-12 22:37:47.833515,1021.5946298094249,70.37496399879456
1762983467.8486288,2025-11-12 22:37:47.848629,1022.0057447967653,70.39007806777954
1762983467.8636189,2025-11-12 22:37:47.863619,1022.0057447967653,70.4050681591034
1762983467.8785927,2025-11-12 22:37:47.878593,1022.6712269520013,70.42004203796387
1762983467.8932042,2025-11-12 22:37:47.893204,1022.6722269520013,70.4346535205841
1762983467.9081292,2025-11-12 22:37:47.908129,1022.6722269520013,70.44957852363586
1762983467.923087,2025-11-12 22:37:47.923087,1022.6798257230911,70.46453619003296
1762983467.9380305,2025-11-12 22:37:47.938030,1022.6798257230911,70.47947978973389
1762983467.9531226,2025-11-12 22:37:47.953123,1027.1866942196343,70.4945719242096
1762983467.9680963,2025-11-12 22:37:47.968096,1027.1866942196343,70.50954556465149
1762983467.982988,2025-11-12 22:37:47.982988,1028.2575426047122,70.52443742752075
1762983467.9978561,2025-11-12 22:37:47.997856,1028.2575426047122,70.5393054485321
1762983468.012818,2025-11-12 22:37:48.012818,1030.8587068894374,70.55426740646362
1762983468.0277174,2025-11-12 22:37:48.027717,1030.8587068894374,70.56916666030884
1762983468.0427084,2025-11-12 22:37:48.042708,1034.3223739605405,70.584157705307
1762983468.0573978,2025-11-12 22:37:48.057398,1034.3233739605405,70.59884715080261
1762983468.0722263,2025-11-12 22:37:48.072226,1034.3233739605405,70.61367559432983
1762983468.0871508,2025-11-12 22:37:48.087151,1034.6337118829067,70.62860012054443
1762983468.1020222,2025-11-12 22:37:48.102022,1034.6337118829067,70.6434714794159
1762983468.116878,2025-11-12 22:37:48.116878,1035.4114065173526,70.65832734107971
1762983468.1314654,2025-11-12 22:37:48.131465,1035.4124065173526,70.67291474342346
1762983468.1463661,2025-11-12 22:37:48.146366,1035.4124065173526,70.68781542778015
1762983468.1611755,2025-11-12 22:37:48.161175,1035.9916737443914,70.70262479782104
1762983468.1759381,2025-11-12 22:37:48.175938,1035.9916737443914,70.71738743782043
1762983468.1906998,2025-11-12 22:37:48.190700,1037.4181870215778,70.73214912414551
1762983468.2051768,2025-11-12 22:37:48.205177,1037.4191870215777,70.74662613868713
1762983468.219975,2025-11-12 22:37:48.219975,1037.4191870215777,70.76142430305481
1762983468.234984,2025-11-12 22:37:48.234984,1039.2657911712633,70.77643322944641
1762983468.249895,2025-11-12 22:37:48.249895,1039.2657911712633,70.79134440422058
1762983468.26474,2025-11-12 22:37:48.264740,1039.525287760621,70.80618929862976
1762983468.2791526,2025-11-12 22:37:48.279153,1039.526287760621,70.82060194015503
1762983468.293872,2025-11-12 22:37:48.293872,1039.526287760621,70.8353214263916
1762983468.3087544,2025-11-12 22:37:48.308754,1039.8462711002653,70.8502037525177
1762983468.3231611,2025-11-12 22:37:48.323161,1039.8472711002653,70.86461043357849
1762983468.3379266,2025-11-12 22:37:48.337927,1039.8472711002653,70.87937593460083
1762983468.3526528,2025-11-12 22:37:48.352653,1041.0713366243665,70.89410209655762
1762983468.367081,2025-11-12 22:37:48.367081,1041.0723366243665,70.90853023529053
1762983468.3817132,2025-11-12 22:37:48.381713,1041.0723366243665,70.92316246032715
1762983468.3965216,2025-11-12 22:37:48.396522,1041.601758084729,70.93797087669373
1762983468.411113,2025-11-12 22:37:48.411113,1041.601758084729,70.95256233215332
1762983468.4259794,2025-11-12 22:37:48.425979,1041.741251828721,70.96742868423462
1762983468.4403434,2025-11-12 22:37:48.440343,1041.742251828721,70.98179268836975
1762983468.4552414,2025-11-12 22:37:48.455241,1041.742251828721,70.99669075012207
1762983468.4700174,2025-11-12 22:37:48.470017,1041.9585507286326,71.01146674156189
1762983468.4846907,2025-11-12 22:37:48.484691,1041.9585507286326,71.02613997459412
1762983468.4994867,2025-11-12 22:37:48.499487,1042.7814634043739,71.04093599319458
1762983468.5138109,2025-11-12 22:37:48.513811,1042.7824634043739,71.055260181427
1762983468.5287244,2025-11-12 22:37:48.528724,1042.7824634043739,71.07017374038696
1762983468.5434813,2025-11-12 22:37:48.543481,1043.693997319551,71.08493065834045
1762983468.5581977,2025-11-12 22:37:48.558198,1043.693997319551,71.0996470451355
1762983468.572968,2025-11-12 22:37:48.572968,1046.9146640372765,71.11441731452942
1762983468.5877688,2025-11-12 22:37:48.587769,1046.9146640372765,71.12921810150146
1762983468.6028562,2025-11-12 22:37:48.602856,1047.675618977147,71.14430546760559
1762983468.6176617,2025-11-12 22:37:48.617662,1047.675618977147,71.15911102294922
1762983468.6324673,2025-11-12 22:37:48.632467,1048.6146174998432,71.17391657829285
1762983468.6472263,2025-11-12 22:37:48.647226,1048.6146174998432,71.18867564201355
1762983468.6619327,2025-11-12 22:37:48.661933,1048.7757899885075,71.20338201522827
1762983468.676646,2025-11-12 22:37:48.676646,1048.7757899885075,71.21809530258179
1762983468.6912673,2025-11-12 22:37:48.691267,1049.3098875110647,71.23271656036377
1762983468.7057767,2025-11-12 22:37:48.705777,1049.3098875110647,71.24722599983215
1762983468.7203915,2025-11-12 22:37:48.720392,1049.6381017473407,71.2618408203125
1762983468.7346387,2025-11-12 22:37:48.734639,1049.6391017473406,71.27608799934387
1762983468.7491984,2025-11-12 22:37:48.749198,1049.6391017473406,71.29064774513245
1762983468.7637002,2025-11-12 22:37:48.763700,1050.82693256545,71.3051495552063
1762983468.7782466,2025-11-12 22:37:48.778247,1050.82693256545,71.31969594955444
1762983468.7929206,2025-11-12 22:37:48.792921,1051.1376202508081,71.33436989784241
1762983468.8073902,2025-11-12 22:37:48.807390,1051.1376202508081,71.34883952140808
1762983468.8219488,2025-11-12 22:37:48.821949,1051.3789281674294,71.36339807510376
1762983468.8364909,2025-11-12 22:37:48.836491,1051.3789281674294,71.37794017791748
1762983468.8510313,2025-11-12 22:37:48.851031,1051.8372948075792,71.39248061180115
1762983468.8651564,2025-11-12 22:37:48.865156,1051.8382948075791,71.40660572052002
1762983468.87986,2025-11-12 22:37:48.879860,1051.8382948075791,71.42130923271179
1762983468.8942637,2025-11-12 22:37:48.894264,1052.4732095721656,71.43571305274963
1762983468.9082484,2025-11-12 22:37:48.908248,1052.4742095721656,71.44969773292542
1762983468.9226394,2025-11-12 22:37:48.922639,1052.4742095721656,71.46408867835999
1762983468.9372013,2025-11-12 22:37:48.937201,1052.886296106219,71.47865056991577
1762983468.951687,2025-11-12 22:37:48.951687,1052.887296106219,71.49313640594482
1762983468.9664223,2025-11-12 22:37:48.966422,1052.887296106219,71.50787162780762
1762983468.9812303,2025-11-12 22:37:48.981230,1053.8170208998374,71.52267956733704
1762983468.9958966,2025-11-12 22:37:48.995897,1053.8180208998374,71.53734588623047
1762983469.0103388,2025-11-12 22:37:49.010339,1053.8180208998374,71.55178809165955
1762983469.0248227,2025-11-12 22:37:49.024823,1054.0169408058152,71.56627202033997
1762983469.0392773,2025-11-12 22:37:49.039277,1054.0169408058152,71.58072662353516
1762983469.0536985,2025-11-12 22:37:49.053699,1056.1364570760102,71.59514784812927
1762983469.0676193,2025-11-12 22:37:49.067619,1056.1374570760102,71.60906863212585
1762983469.0820649,2025-11-12 22:37:49.082065,1056.1374570760102,71.62351417541504
1762983469.0964406,2025-11-12 22:37:49.096441,1057.3211874262026,71.63788986206055
1762983469.1105683,2025-11-12 22:37:49.110568,1057.3221874262026,71.65201759338379
1762983469.1248775,2025-11-12 22:37:49.124877,1057.3221874262026,71.66632676124573
1762983469.1391263,2025-11-12 22:37:49.139126,1058.0863962207823,71.68057560920715
1762983469.1530569,2025-11-12 22:37:49.153057,1058.0873962207822,71.69450616836548
1762983469.1673188,2025-11-12 22:37:49.167319,1058.0873962207822,71.70876812934875
1762983469.1815333,2025-11-12 22:37:49.181533,1058.1463185072582,71.72298264503479
1762983469.1954753,2025-11-12 22:37:49.195475,1058.1473185072582,71.73692464828491
1762983469.2096946,2025-11-12 22:37:49.209695,1058.1473185072582,71.75114393234253
1762983469.2240381,2025-11-12 22:37:49.224038,1058.5408535269507,71.76548743247986
1762983469.2383428,2025-11-12 22:37:49.238343,1058.5408535269507,71.7797920703888
1762983469.2526543,2025-11-12 22:37:49.252654,1059.7123829198638,71.79410362243652
1762983469.2665448,2025-11-12 22:37:49.266545,1059.7133829198638,71.80799412727356
1762983469.2806563,2025-11-12 22:37:49.280656,1059.7133829198638,71.82210564613342
1762983469.2947488,2025-11-12 22:37:49.294749,1060.7482014895938,71.83619809150696
1762983469.3085845,2025-11-12 22:37:49.308584,1060.7492014895938,71.8500337600708
1762983469.3227887,2025-11-12 22:37:49.322789,1060.7492014895938,71.86423802375793
1762983469.3369408,2025-11-12 22:37:49.336941,1062.4192711005144,71.87839007377625
1762983469.350885,2025-11-12 22:37:49.350885,1062.4202711005144,71.89233422279358
1762983469.3651507,2025-11-12 22:37:49.365151,1062.4202711005144,71.90659999847412
1762983469.3793797,2025-11-12 22:37:49.379380,1064.6403549523773,71.92082905769348
1762983469.3932383,2025-11-12 22:37:49.393238,1064.6413549523772,71.93468761444092
1762983469.4072607,2025-11-12 22:37:49.407261,1064.6413549523772,71.9487099647522
1762983469.4213424,2025-11-12 22:37:49.421342,1065.0192263823885,71.96279168128967
1762983469.43518,2025-11-12 22:37:49.435180,1065.0202263823885,71.97662925720215
1762983469.4493582,2025-11-12 22:37:49.449358,1065.0202263823885,71.99080753326416
1762983469.4634244,2025-11-12 22:37:49.463424,1065.6999128861148,72.004873752594
1762983469.4775252,2025-11-12 22:37:49.477525,1065.6999128861148,72.0189745426178
1762983469.4915786,2025-11-12 22:37:49.491579,1066.1004525599938,72.03302788734436
1762983469.5052707,2025-11-12 22:37:49.505271,1066.1014525599937,72.04672002792358
1762983469.5193517,2025-11-12 22:37:49.519352,1066.1014525599937,72.06080102920532
1762983469.5336452,2025-11-12 22:37:49.533645,1066.237329274409,72.07509446144104
1762983469.5474033,2025-11-12 22:37:49.547403,1066.238329274409,72.08885264396667
1762983469.561369,2025-11-12 22:37:49.561369,1066.238329274409,72.10281825065613
1762983469.5759625,2025-11-12 22:37:49.575963,1066.3882883265217,72.11741185188293
1762983469.590154,2025-11-12 22:37:49.590154,1066.3892883265216,72.1316032409668
1762983469.6042068,2025-11-12 22:37:49.604207,1066.3892883265216,72.1456561088562
1762983469.6184723,2025-11-12 22:37:49.618472,1066.6846337444385,72.15992164611816
1762983469.6325843,2025-11-12 22:37:49.632584,1066.6846337444385,72.17403364181519
1762983469.6466742,2025-11-12 22:37:49.646674,1066.7767805727663,72.18812346458435
1762983469.6607964,2025-11-12 22:37:49.660796,1066.7767805727663,72.20224571228027
1762983469.6749315,2025-11-12 22:37:49.674932,1067.550759427007,72.21638083457947
1762983469.688891,2025-11-12 22:37:49.688891,1067.550759427007,72.23034024238586
1762983469.703102,2025-11-12 22:37:49.703102,1068.7645214613385,72.24455142021179
1762983469.7171955,2025-11-12 22:37:49.717196,1068.7645214613385,72.25864481925964
1762983469.7316794,2025-11-12 22:37:49.731679,1069.5925096764204,72.27312874794006
1762983469.745812,2025-11-12 22:37:49.745812,1069.5925096764204,72.28726124763489
1762983469.7598755,2025-11-12 22:37:49.759876,1070.746952107814,72.30132484436035
1762983469.7738957,2025-11-12 22:37:49.773896,1070.746952107814,72.31534504890442
1762983469.7879658,2025-11-12 22:37:49.787966,1071.0034559879884,72.32941508293152
1762983469.8015263,2025-11-12 22:37:49.801526,1071.0044559879884,72.34297561645508
1762983469.8155897,2025-11-12 22:37:49.815590,1071.0044559879884,72.35703897476196
1762983469.8295577,2025-11-12 22:37:49.829558,1071.225855250992,72.3710069656372
1762983469.8434694,2025-11-12 22:37:49.843469,1071.225855250992,72.38491868972778
1762983469.8573937,2025-11-12 22:37:49.857394,1072.064201279113,72.39884305000305
1762983469.8709676,2025-11-12 22:37:49.870968,1072.065201279113,72.41241693496704
1762983469.8850827,2025-11-12 22:37:49.885083,1072.065201279113,72.42653203010559
1762983469.8990703,2025-11-12 22:37:49.899070,1074.220831418565,72.44051957130432
1762983469.9129014,2025-11-12 22:37:49.912901,1074.220831418565,72.45435070991516
1762983469.9267607,2025-11-12 22:37:49.926761,1074.7694706301845,72.46820998191833
1762983469.940429,2025-11-12 22:37:49.940429,1074.7704706301845,72.48187828063965
1762983469.9543343,2025-11-12 22:37:49.954334,1074.7704706301845,72.49578356742859
1762983469.96827,2025-11-12 22:37:49.968270,1074.773716274502,72.50971937179565
1762983469.9822607,2025-11-12 22:37:49.982261,1074.773716274502,72.52371001243591
1762983469.9962738,2025-11-12 22:37:49.996274,1074.7939716410337,72.53772306442261
1762983470.0101666,2025-11-12 22:37:50.010167,1074.7939716410337,72.55161595344543
1762983470.0249448,2025-11-12 22:37:50.024945,1075.158253433845,72.56639409065247
1762983470.0423522,2025-11-12 22:37:50.042352,1075.159253433845,72.58380150794983
1762983470.056918,2025-11-12 22:37:50.056918,1075.159253433845,72.59836721420288
1762983470.0707111,2025-11-12 22:37:50.070711,1076.1137378811095,72.61216044425964
1762983470.084495,2025-11-12 22:37:50.084495,1076.1137378811095,72.62594437599182
1762983470.098263,2025-11-12 22:37:50.098263,1076.2020942746822,72.6397123336792
1762983470.111551,2025-11-12 22:37:50.111551,1076.2030942746821,72.65300035476685
1762983470.1253035,2025-11-12 22:37:50.125304,1076.2030942746821,72.66675281524658
1762983470.138953,2025-11-12 22:37:50.138953,1076.4563549095894,72.68040227890015
1762983470.152247,2025-11-12 22:37:50.152247,1076.4573549095894,72.69369626045227
1762983470.1658041,2025-11-12 22:37:50.165804,1076.4573549095894,72.70725345611572
1762983470.1795022,2025-11-12 22:37:50.179502,1077.597949505748,72.72095155715942
1762983470.193238,2025-11-12 22:37:50.193238,1077.597949505748,72.73468732833862
1762983470.2068918,2025-11-12 22:37:50.206892,1080.0,72.74834108352661
1762983470.2202356,2025-11-12 22:37:50.220236,1081.79711768061,72.76168489456177
1762983470.2334814,2025-11-12 22:37:50.233481,1081.79811768061,72.77493071556091
1762983470.246988,2025-11-12 22:37:50.246988,1081.79811768061,72.7884373664856
1762983470.2606845,2025-11-12 22:37:50.260684,1082.214259912575,72.80213379859924
1762983470.2740269,2025-11-12 22:37:50.274027,1082.215259912575,72.81547617912292
1762983470.2876565,2025-11-12 22:37:50.287657,1082.215259912575,72.82910585403442
1762983470.3017237,2025-11-12 22:37:50.301724,1083.133402167559,72.84317302703857
1762983470.3151793,2025-11-12 22:37:50.315179,1083.134402167559,72.85662865638733
1762983470.3289082,2025-11-12 22:37:50.328908,1083.134402167559,72.87035751342773
1762983470.3426602,2025-11-12 22:37:50.342660,1083.8641055010937,72.88410949707031
1762983470.3560338,2025-11-12 22:37:50.356034,1083.8651055010937,72.89748311042786
1762983470.36971,2025-11-12 22:37:50.369710,1083.8651055010937,72.91115927696228
1762983470.383473,2025-11-12 22:37:50.383473,1083.8875018513245,72.9249222278595
1762983470.39711,2025-11-12 22:37:50.397110,1083.8875018513245,72.93855929374695
1762983470.410618,2025-11-12 22:37:50.410618,1084.287732301657,72.9520673751831
1762983470.4241095,2025-11-12 22:37:50.424109,1084.287732301657,72.96555876731873
1762983470.437706,2025-11-12 22:37:50.437706,1084.4379056095013,72.97915530204773
1762983470.4514053,2025-11-12 22:37:50.451405,1084.4379056095013,72.99285459518433
1762983470.465184,2025-11-12 22:37:50.465184,1084.7266838546311,73.00663328170776
1762983470.478861,2025-11-12 22:37:50.478861,1084.7266838546311,73.0203104019165
1762983470.4924462,2025-11-12 22:37:50.492446,1086.196277145558,73.03389549255371
1762983470.505771,2025-11-12 22:37:50.505771,1086.197277145558,73.04722023010254
1762983470.5193198,2025-11-12 22:37:50.519320,1086.197277145558,73.06076908111572
1762983470.5329475,2025-11-12 22:37:50.532948,1087.3394765700066,73.07439684867859
1762983470.5460224,2025-11-12 22:37:50.546022,1087.3404765700066,73.08747172355652
1762983470.5594838,2025-11-12 22:37:50.559484,1087.3404765700066,73.10093307495117
1762983470.5730803,2025-11-12 22:37:50.573080,1087.3813646838325,73.11452960968018
1762983470.5861604,2025-11-12 22:37:50.586160,1087.3823646838325,73.12760972976685
1762983470.5996683,2025-11-12 22:37:50.599668,1087.3823646838325,73.14111757278442
1762983470.6131744,2025-11-12 22:37:50.613174,1087.461897227063,73.15462374687195
1762983470.6266072,2025-11-12 22:37:50.626607,1087.461897227063,73.16805648803711
1762983470.6400511,2025-11-12 22:37:50.640051,1088.7526240631869,73.18150043487549
1762983470.6534772,2025-11-12 22:37:50.653477,1088.7526240631869,73.19492650032043
1762983470.6668901,2025-11-12 22:37:50.666890,1088.8615572855288,73.20833945274353
1762983470.6802862,2025-11-12 22:37:50.680286,1088.8615572855288,73.22173547744751
1762983470.6936219,2025-11-12 22:37:50.693622,1089.2428469674194,73.23507118225098
1762983470.7068808,2025-11-12 22:37:50.706881,1089.2428469674194,73.24833011627197
1762983470.720269,2025-11-12 22:37:50.720269,1089.5566507651085,73.26171827316284
1762983470.7336533,2025-11-12 22:37:50.733653,1089.5566507651085,73.27510261535645
1762983470.7470465,2025-11-12 22:37:50.747046,1089.6076983143469,73.28849577903748
1762983470.7603467,2025-11-12 22:37:50.760347,1089.6076983143469,73.30179595947266
1762983470.7736516,2025-11-12 22:37:50.773652,1089.6393644084833,73.31510090827942
1762983470.7866242,2025-11-12 22:37:50.786624,1089.6403644084833,73.32807350158691
1762983470.7999146,2025-11-12 22:37:50.799915,1089.6403644084833,73.34136390686035
1762983470.8132591,2025-11-12 22:37:50.813259,1089.7890655842918,73.35470843315125
1762983470.826354,2025-11-12 22:37:50.826354,1089.7900655842918,73.36780333518982
1762983470.8397398,2025-11-12 22:37:50.839740,1089.7900655842918,73.3811891078949
1762983470.8531134,2025-11-12 22:37:50.853113,1090.2987705508208,73.39456272125244
1762983470.8663883,2025-11-12 22:37:50.866388,1090.2987705508208,73.40783762931824
1762983470.8797727,2025-11-12 22:37:50.879773,1093.012422363806,73.42122197151184
1762983470.892765,2025-11-12 22:37:50.892765,1093.013422363806,73.4342143535614
1762983470.9060824,2025-11-12 22:37:50.906082,1093.013422363806,73.44753170013428
1762983470.9193447,2025-11-12 22:37:50.919345,1094.0295785241458,73.46079397201538
1762983470.9325585,2025-11-12 22:37:50.932559,1094.0295785241458,73.47400784492493
1762983470.9459221,2025-11-12 22:37:50.945922,1094.3067308920843,73.48737144470215
1762983470.9595635,2025-11-12 22:37:50.959563,1094.3067308920843,73.50101280212402
1762983470.9730802,2025-11-12 22:37:50.973080,1095.4450538704205,73.51452946662903
1762983470.9860024,2025-11-12 22:37:50.986002,1095.4460538704204,73.52745175361633
1762983470.999402,2025-11-12 22:37:50.999402,1095.4460538704204,73.540851354599
1762983471.0127068,2025-11-12 22:37:51.012707,1095.764754013631,73.55415606498718
1762983471.0260203,2025-11-12 22:37:51.026020,1095.764754013631,73.5674695968628
1762983471.0392926,2025-11-12 22:37:51.039293,1096.4888512767966,73.58074188232422
1762983471.0524275,2025-11-12 22:37:51.052428,1096.4888512767966,73.59387683868408
1762983471.0655966,2025-11-12 22:37:51.065597,1096.8772051511867,73.60704588890076
1762983471.0784025,2025-11-12 22:37:51.078403,1096.8782051511866,73.61985182762146
1762983471.0914762,2025-11-12 22:37:51.091476,1096.8782051511866,73.6329255104065
1762983471.1046338,2025-11-12 22:37:51.104634,1099.8467027752567,73.64608311653137
1762983471.1177375,2025-11-12 22:37:51.117738,1099.8467027752567,73.65918684005737
1762983471.1307824,2025-11-12 22:37:51.130782,1100.2811269595293,73.67223167419434
1762983471.1434703,2025-11-12 22:37:51.143470,1100.2821269595293,73.68491959571838
1762983471.1565354,2025-11-12 22:37:51.156535,1100.2821269595293,73.69798469543457
1762983471.1696107,2025-11-12 22:37:51.169611,1101.9085394689719,73.71106004714966
1762983471.182722,2025-11-12 22:37:51.182722,1101.9085394689719,73.72417140007019
1762983471.1957412,2025-11-12 22:37:51.195741,1102.9335100057942,73.73719048500061
1762983471.2087345,2025-11-12 22:37:51.208735,1102.9335100057942,73.75018382072449
1762983471.2217398,2025-11-12 22:37:51.221740,1104.787095381759,73.76318907737732
1762983471.2343683,2025-11-12 22:37:51.234368,1104.788095381759,73.77581763267517
1762983471.24731,2025-11-12 22:37:51.247310,1104.788095381759,73.78875923156738
1762983471.2603047,2025-11-12 22:37:51.260305,1105.7189068697196,73.80175399780273
1762983471.2732632,2025-11-12 22:37:51.273263,1105.7189068697196,73.81471252441406
1762983471.2862809,2025-11-12 22:37:51.286281,1107.7620935207074,73.82773017883301
1762983471.2989273,2025-11-12 22:37:51.298927,1107.7630935207073,73.84037661552429
1762983471.3118718,2025-11-12 22:37:51.311872,1107.7630935207073,73.85332107543945
1762983471.3249989,2025-11-12 22:37:51.324999,1108.2815613532155,73.8664481639862
1762983471.3379805,2025-11-12 22:37:51.337981,1108.2815613532155,73.8794298171997
1762983471.350986,2025-11-12 22:37:51.350986,1109.417883894247,73.89243531227112
1762983471.3640857,2025-11-12 22:37:51.364086,1109.417883894247,73.90553498268127
1762983471.3770692,2025-11-12 22:37:51.377069,1110.3871460685323,73.91851854324341
1762983471.389662,2025-11-12 22:37:51.389662,1110.3881460685323,73.9311113357544
1762983471.4026358,2025-11-12 22:37:51.402636,1110.3881460685323,73.94408512115479
1762983471.4155507,2025-11-12 22:37:51.415551,1111.1373583461877,73.95700001716614
1762983471.4280598,2025-11-12 22:37:51.428060,1111.1383583461877,73.96950912475586
1762983471.440974,2025-11-12 22:37:51.440974,1111.1383583461877,73.98242330551147
1762983471.4541018,2025-11-12 22:37:51.454102,1111.9684810148265,73.99555110931396
1762983471.4666827,2025-11-12 22:37:51.466683,1111.9694810148264,74.008131980896
1762983471.4795556,2025-11-12 22:37:51.479556,1111.9694810148264,74.02100491523743
1762983471.4924576,2025-11-12 22:37:51.492458,1112.7358389026542,74.03390693664551
1762983471.5052853,2025-11-12 22:37:51.505285,1112.7358389026542,74.04673457145691
1762983471.5182004,2025-11-12 22:37:51.518200,1113.2363359161793,74.05964970588684
1762983471.5308688,2025-11-12 22:37:51.530869,1113.2373359161793,74.0723180770874
1762983471.5436304,2025-11-12 22:37:51.543630,1113.2373359161793,74.08507966995239
1762983471.556363,2025-11-12 22:37:51.556363,1115.522254545289,74.09781241416931
1762983471.5687606,2025-11-12 22:37:51.568761,1115.5232545452889,74.11020994186401
1762983471.5816736,2025-11-12 22:37:51.581674,1115.5232545452889,74.12312293052673
1762983471.5944583,2025-11-12 22:37:51.594458,1116.5239109343554,74.1359076499939
1762983471.6074834,2025-11-12 22:37:51.607483,1116.5239109343554,74.1489326953888
1762983471.6208823,2025-11-12 22:37:51.620882,1117.3204717982726,74.16233158111572
1762983471.6336913,2025-11-12 22:37:51.633691,1117.3214717982726,74.17514061927795
1762983471.6468244,2025-11-12 22:37:51.646824,1117.3214717982726,74.18827366828918
1762983471.660026,2025-11-12 22:37:51.660026,1117.3759200878646,74.2014753818512
1762983471.6731691,2025-11-12 22:37:51.673169,1117.3759200878646,74.21461844444275
1762983471.6863728,2025-11-12 22:37:51.686373,1118.0862706296764,74.2278220653534
1762983471.6988337,2025-11-12 22:37:51.698834,1118.0872706296764,74.24028301239014
1762983471.7117176,2025-11-12 22:37:51.711718,1118.0872706296764,74.2531669139862
1762983471.7244697,2025-11-12 22:37:51.724470,1118.2788203843172,74.26591897010803
1762983471.737262,2025-11-12 22:37:51.737262,1118.2788203843172,74.27871131896973
1762983471.7500584,2025-11-12 22:37:51.750058,1118.5209215240686,74.29150772094727
1762983471.762702,2025-11-12 22:37:51.762702,1118.5209215240686,74.3041512966156
1762983471.7753232,2025-11-12 22:37:51.775323,1119.0911650572918,74.3167724609375
1762983471.7876766,2025-11-12 22:37:51.787677,1119.0921650572918,74.32912588119507
1762983471.80035,2025-11-12 22:37:51.800350,1119.0921650572918,74.34179925918579
1762983471.812954,2025-11-12 22:37:51.812954,1119.8807280335006,74.35440325737
1762983471.8255355,2025-11-12 22:37:51.825536,1119.8807280335006,74.36698484420776
1762983471.838165,2025-11-12 22:37:51.838165,1120.1689597674958,74.37961435317993
1762983471.850825,2025-11-12 22:37:51.850825,1120.1689597674958,74.39227437973022
1762983471.86349,2025-11-12 22:37:51.863490,1120.4849513050497,74.40493941307068
1762983471.876133,2025-11-12 22:37:51.876133,1120.4849513050497,74.41758227348328
1762983471.8888645,2025-11-12 22:37:51.888865,1121.240285299504,74.4303138256073
1762983471.9011767,2025-11-12 22:37:51.901177,1121.241285299504,74.44262599945068
1762983471.9137669,2025-11-12 22:37:51.913767,1121.241285299504,74.4552161693573
1762983471.9263644,2025-11-12 22:37:51.926364,1121.8812842904106,74.46781373023987
1762983471.9386811,2025-11-12 22:37:51.938681,1121.8822842904106,74.48013043403625
1762983471.9512992,2025-11-12 22:37:51.951299,1121.8822842904106,74.49274849891663
1762983471.9640095,2025-11-12 22:37:51.964010,1122.3976041181663,74.50545883178711
1762983471.9765713,2025-11-12 22:37:51.976571,1122.3976041181663,74.51802062988281
1762983471.989123,2025-11-12 22:37:51.989123,1122.507143932872,74.5305724143982
1762983472.001211,2025-11-12 22:37:52.001211,1122.508143932872,74.54266023635864
1762983472.0137358,2025-11-12 22:37:52.013736,1122.508143932872,74.55518507957458
1762983472.02662,2025-11-12 22:37:52.026620,1122.9747147688543,74.56806921958923
1762983472.0391364,2025-11-12 22:37:52.039136,1122.9747147688543,74.58058571815491
1762983472.051717,2025-11-12 22:37:52.051717,1124.0372495355862,74.59316635131836
1762983472.063999,2025-11-12 22:37:52.063999,1124.0382495355861,74.6054482460022
1762983472.076533,2025-11-12 22:37:52.076533,1124.0382495355861,74.61798238754272
1762983472.0889795,2025-11-12 22:37:52.088979,1124.8229483730988,74.63042879104614
1762983472.1014357,2025-11-12 22:37:52.101436,1124.8229483730988,74.6428849697113
1762983472.1140625,2025-11-12 22:37:52.114063,1125.6098628944053,74.6555118560791
1762983472.1265028,2025-11-12 22:37:52.126503,1125.6098628944053,74.66795206069946
1762983472.1389613,2025-11-12 22:37:52.138961,1127.4665968950155,74.68041062355042
1762983472.1514,2025-11-12 22:37:52.151400,1127.4665968950155,74.6928493976593
1762983472.1637704,2025-11-12 22:37:52.163770,1128.7509234682777,74.70521974563599
1762983472.1760573,2025-11-12 22:37:52.176057,1128.7509234682777,74.71750664710999
1762983472.1885145,2025-11-12 22:37:52.188514,1129.9048029620324,74.72996377944946
1762983472.200916,2025-11-12 22:37:52.200916,1129.9048029620324,74.74236536026001
1762983472.2132704,2025-11-12 22:37:52.213270,1129.9356887161855,74.7547197341919
1762983472.2256186,2025-11-12 22:37:52.225619,1129.9356887161855,74.76706790924072
1762983472.238136,2025-11-12 22:37:52.238136,1130.304042966939,74.77958536148071
1762983472.250188,2025-11-12 22:37:52.250188,1130.305042966939,74.7916374206543
1762983472.2625086,2025-11-12 22:37:52.262509,1130.305042966939,74.80395793914795
1762983472.2749276,2025-11-12 22:37:52.274928,1131.4510443078245,74.81637692451477
1762983472.2869532,2025-11-12 22:37:52.286953,1131.4520443078245,74.82840251922607
1762983472.299295,2025-11-12 22:37:52.299295,1131.4520443078245,74.84074425697327
1762983472.3116808,2025-11-12 22:37:52.311681,1131.620377905655,74.85313010215759
1762983472.3236775,2025-11-12 22:37:52.323678,1131.621377905655,74.86512684822083
1762983472.3358603,2025-11-12 22:37:52.335860,1131.621377905655,74.87730956077576
1762983472.348213,2025-11-12 22:37:52.348213,1134.0676771912856,74.88966226577759
1762983472.3604116,2025-11-12 22:37:52.360412,1134.0676771912856,74.90186095237732
1762983472.3727098,2025-11-12 22:37:52.372710,1134.220742756164,74.91415905952454
1762983472.385009,2025-11-12 22:37:52.385009,1134.220742756164,74.92645835876465
1762983472.397331,2025-11-12 22:37:52.397331,1136.333711661572,74.93878030776978
1762983472.4096155,2025-11-12 22:37:52.409616,1136.333711661572,74.95106482505798
1762983472.421858,2025-11-12 22:37:52.421858,1136.5774002705984,74.96330738067627
1762983472.4336958,2025-11-12 22:37:52.433696,1136.5784002705984,74.97514510154724
1762983472.445857,2025-11-12 22:37:52.445857,1136.5784002705984,74.98730635643005
1762983472.4582531,2025-11-12 22:37:52.458253,1138.4199673931712,74.99970245361328
1762983472.470489,2025-11-12 22:37:52.470489,1138.4199673931712,75.01193833351135
1762983472.4826622,2025-11-12 22:37:52.482662,1140.0,75.02411150932312
1762983472.4945188,2025-11-12 22:37:52.494519,1140.305354361242,75.03596806526184
1762983472.5063348,2025-11-12 22:37:52.506335,1140.306354361242,75.04778409004211
1762983472.5187454,2025-11-12 22:37:52.518745,1140.306354361242,75.06019473075867
1762983472.5312994,2025-11-12 22:37:52.531299,1140.7140216577282,75.07274866104126
1762983472.5434055,2025-11-12 22:37:52.543406,1140.7150216577281,75.0848548412323
1762983472.555846,2025-11-12 22:37:52.555846,1140.7150216577281,75.09729528427124
1762983472.5682304,2025-11-12 22:37:52.568230,1142.9085811378861,75.10967969894409
1762983472.580546,2025-11-12 22:37:52.580546,1142.9085811378861,75.12199521064758
1762983472.59284,2025-11-12 22:37:52.592840,1143.0826581260758,75.13428926467896
1762983472.605054,2025-11-12 22:37:52.605054,1143.0826581260758,75.14650321006775
1762983472.6173203,2025-11-12 22:37:52.617320,1144.973859089789,75.15876960754395
1762983472.6296575,2025-11-12 22:37:52.629658,1144.973859089789,75.17110681533813
1762983472.641848,2025-11-12 22:37:52.641848,1145.4546964707788,75.18329739570618
1762983472.6539223,2025-11-12 22:37:52.653922,1145.4546964707788,75.19537162780762
1762983472.6659143,2025-11-12 22:37:52.665914,1146.0340108097143,75.20736360549927
1762983472.6775985,2025-11-12 22:37:52.677598,1146.0350108097143,75.2190477848053
1762983472.689549,2025-11-12 22:37:52.689549,1146.0350108097143,75.23099827766418
1762983472.7017305,2025-11-12 22:37:52.701730,1146.1594150664307,75.24317979812622
1762983472.7134907,2025-11-12 22:37:52.713491,1146.1604150664307,75.25494003295898
1762983472.7255437,2025-11-12 22:37:52.725544,1146.1604150664307,75.26699304580688
1762983472.7376034,2025-11-12 22:37:52.737603,1147.078222123367,75.279052734375
1762983472.7492843,2025-11-12 22:37:52.749284,1147.079222123367,75.29073357582092
1762983472.7612615,2025-11-12 22:37:52.761261,1147.079222123367,75.30271077156067
1762983472.773255,2025-11-12 22:37:52.773255,1147.3925984311916,75.31470441818237
1762983472.7853003,2025-11-12 22:37:52.785300,1147.3925984311916,75.32674956321716
1762983472.7973578,2025-11-12 22:37:52.797358,1148.4918488276703,75.33880710601807
1762983472.809378,2025-11-12 22:37:52.809378,1148.4918488276703,75.35082721710205
1762983472.821387,2025-11-12 22:37:52.821387,1150.0982311334005,75.3628363609314
1762983472.8330343,2025-11-12 22:37:52.833034,1150.0992311334005,75.37448358535767
1762983472.845043,2025-11-12 22:37:52.845043,1150.0992311334005,75.38649225234985
1762983472.8570957,2025-11-12 22:37:52.857096,1151.023774596757,75.39854502677917
1762983472.8692253,2025-11-12 22:37:52.869225,1151.023774596757,75.41067457199097
1762983472.881263,2025-11-12 22:37:52.881263,1151.031993085725,75.4227123260498
1762983472.893186,2025-11-12 22:37:52.893186,1151.031993085725,75.4346354007721
1762983472.9051476,2025-11-12 22:37:52.905148,1154.0755559930535,75.44659686088562
1762983472.9170144,2025-11-12 22:37:52.917014,1154.0755559930535,75.45846366882324
1762983472.9289153,2025-11-12 22:37:52.928915,1156.5973071544945,75.47036457061768
1762983472.9405296,2025-11-12 22:37:52.940530,1156.5983071544945,75.48197889328003
1762983472.9525137,2025-11-12 22:37:52.952514,1156.5983071544945,75.49396300315857
1762983472.9644532,2025-11-12 22:37:52.964453,1157.6271454964617,75.50590252876282
1762983472.9759872,2025-11-12 22:37:52.975987,1157.6281454964617,75.51743650436401
1762983472.987758,2025-11-12 22:37:52.987758,1157.6281454964617,75.52920722961426
1762983472.9996288,2025-11-12 22:37:52.999629,1158.1043854007928,75.54107809066772
1762983473.0110855,2025-11-12 22:37:53.011086,1158.1053854007928,75.55253481864929
1762983473.0230067,2025-11-12 22:37:53.023007,1158.1053854007928,75.56445598602295
1762983473.0351505,2025-11-12 22:37:53.035151,1158.9297249064416,75.57659983634949
1762983473.0473037,2025-11-12 22:37:53.047304,1158.9297249064416,75.58875298500061
1762983473.0593657,2025-11-12 22:37:53.059366,1161.0737012881557,75.60081505775452
1762983473.0713153,2025-11-12 22:37:53.071315,1161.0737012881557,75.61276459693909
1762983473.0832524,2025-11-12 22:37:53.083252,1161.689015222971,75.62470173835754
1762983473.0947754,2025-11-12 22:37:53.094775,1161.690015222971,75.6362247467041
1762983473.1066344,2025-11-12 22:37:53.106634,1161.690015222971,75.64808368682861
1762983473.118569,2025-11-12 22:37:53.118569,1163.1995958213568,75.6600182056427
1762983473.130451,2025-11-12 22:37:53.130451,1163.1995958213568,75.67190027236938
1762983473.1424341,2025-11-12 22:37:53.142434,1164.1122902784625,75.68388342857361
1762983473.1539454,2025-11-12 22:37:53.153945,1164.1132902784625,75.69539475440979
1762983473.165701,2025-11-12 22:37:53.165701,1164.1132902784625,75.70715022087097
1762983473.1775482,2025-11-12 22:37:53.177548,1164.660954895215,75.71899747848511
1762983473.1893415,2025-11-12 22:37:53.189342,1164.660954895215,75.73079085350037
1762983473.2011065,2025-11-12 22:37:53.201107,1167.3719076442073,75.74255585670471
1762983473.2127922,2025-11-12 22:37:53.212792,1167.3719076442073,75.75424146652222
1762983473.224543,2025-11-12 22:37:53.224543,1167.8968844370845,75.7659924030304
1762983473.2362626,2025-11-12 22:37:53.236263,1167.8968844370845,75.77771186828613
1762983473.2478917,2025-11-12 22:37:53.247892,1168.8277283604928,75.78934097290039
1762983473.2595603,2025-11-12 22:37:53.259560,1168.8277283604928,75.80100965499878
1762983473.2712522,2025-11-12 22:37:53.271252,1168.8824742286995,75.81270146369934
1762983473.2825212,2025-11-12 22:37:53.282521,1168.8834742286995,75.82397055625916
1762983473.2941449,2025-11-12 22:37:53.294145,1168.8834742286995,75.8355941772461
1762983473.3058145,2025-11-12 22:37:53.305815,1169.5187948010105,75.8472638130188
1762983473.3174436,2025-11-12 22:37:53.317444,1169.5187948010105,75.85889291763306
1762983473.3290381,2025-11-12 22:37:53.329038,1169.5569269115354,75.87048745155334
1762983473.340588,2025-11-12 22:37:53.340588,1169.5569269115354,75.88203740119934
1762983473.3522038,2025-11-12 22:37:53.352204,1170.7747717139448,75.89365315437317
1762983473.363734,2025-11-12 22:37:53.363734,1170.7747717139448,75.9051833152771
1762983473.3752944,2025-11-12 22:37:53.375294,1170.7753621292518,75.91674375534058
1762983473.3865118,2025-11-12 22:37:53.386512,1170.7763621292518,75.92796111106873
1762983473.3982012,2025-11-12 22:37:53.398201,1170.7763621292518,75.9396505355835
1762983473.410026,2025-11-12 22:37:53.410026,1170.8183380741657,75.9514753818512
1762983473.421377,2025-11-12 22:37:53.421377,1170.8193380741657,75.96282625198364
1762983473.432896,2025-11-12 22:37:53.432896,1170.8193380741657,75.97434520721436
1762983473.4446363,2025-11-12 22:37:53.444636,1170.9361374269936,75.98608565330505
1762983473.4559755,2025-11-12 22:37:53.455976,1170.9371374269936,75.99742484092712
1762983473.4676614,2025-11-12 22:37:53.467661,1170.9371374269936,76.00911068916321
1762983473.4793952,2025-11-12 22:37:53.479395,1171.0864661327769,76.02084445953369
1762983473.4906487,2025-11-12 22:37:53.490649,1171.0874661327769,76.03209805488586
1762983473.5021727,2025-11-12 22:37:53.502173,1171.0874661327769,76.04362201690674
1762983473.5137782,2025-11-12 22:37:53.513778,1171.7959019859074,76.05522751808167
1762983473.5255523,2025-11-12 22:37:53.525552,1171.7959019859074,76.06700158119202
1762983473.5370965,2025-11-12 22:37:53.537097,1172.2364064650637,76.07854580879211
1762983473.548184,2025-11-12 22:37:53.548184,1172.2374064650637,76.08963322639465
1762983473.559725,2025-11-12 22:37:53.559725,1172.2374064650637,76.10117435455322
1762983473.5712614,2025-11-12 22:37:53.571261,1172.5523553871594,76.11271071434021
1762983473.582722,2025-11-12 22:37:53.582722,1172.5533553871594,76.12417125701904
1762983473.5941954,2025-11-12 22:37:53.594195,1172.5533553871594,76.13564467430115
1762983473.6060765,2025-11-12 22:37:53.606076,1176.6642697419743,76.14752578735352
1762983473.6176865,2025-11-12 22:37:53.617687,1176.6652697419743,76.15913581848145
1762983473.6290882,2025-11-12 22:37:53.629088,1176.6652697419743,76.17053747177124
1762983473.6406677,2025-11-12 22:37:53.640668,1179.0611646315547,76.18211698532104
1762983473.6519418,2025-11-12 22:37:53.651942,1179.0621646315547,76.19339108467102
1762983473.6634674,2025-11-12 22:37:53.663467,1179.0621646315547,76.20491671562195
1762983473.6750503,2025-11-12 22:37:53.675050,1180.124976557062,76.21649956703186
1762983473.6867607,2025-11-12 22:37:53.686761,1180.124976557062,76.22820997238159
1762983473.6984813,2025-11-12 22:37:53.698481,1181.7449041330547,76.23993062973022
1762983473.7099385,2025-11-12 22:37:53.709939,1181.7449041330547,76.25138783454895
1762983473.721532,2025-11-12 22:37:53.721532,1183.4580836912144,76.26298141479492
1762983473.732728,2025-11-12 22:37:53.732728,1183.4590836912143,76.27417731285095
1762983473.744098,2025-11-12 22:37:53.744098,1183.4590836912143,76.28554725646973
1762983473.7556849,2025-11-12 22:37:53.755685,1183.73935096766,76.29713416099548
1762983473.7668715,2025-11-12 22:37:53.766871,1183.7403509676599,76.30832076072693
1762983473.77841,2025-11-12 22:37:53.778410,1183.7403509676599,76.31985926628113
1762983473.7897353,2025-11-12 22:37:53.789735,1185.391101884342,76.33118462562561
1762983473.800649,2025-11-12 22:37:53.800649,1185.392101884342,76.34209823608398
1762983473.8118927,2025-11-12 22:37:53.811893,1185.392101884342,76.35334205627441
1762983473.823074,2025-11-12 22:37:53.823074,1185.6652908954845,76.36452341079712
1762983473.8339708,2025-11-12 22:37:53.833971,1185.6662908954845,76.37542009353638
1762983473.8452365,2025-11-12 22:37:53.845237,1185.6662908954845,76.38668584823608
1762983473.8566544,2025-11-12 22:37:53.856654,1186.4916416619794,76.39810371398926
1762983473.8679261,2025-11-12 22:37:53.867926,1186.4916416619794,76.40937542915344
1762983473.8795056,2025-11-12 22:37:53.879506,1186.9343679344654,76.42095494270325
1762983473.890668,2025-11-12 22:37:53.890668,1186.9353679344654,76.43211722373962
1762983473.9020696,2025-11-12 22:37:53.902070,1186.9353679344654,76.44351887702942
1762983473.913483,2025-11-12 22:37:53.913483,1187.1071264016207,76.45493221282959
1762983473.9245508,2025-11-12 22:37:53.924551,1187.1081264016207,76.46600008010864
1762983473.9357164,2025-11-12 22:37:53.935716,1187.1081264016207,76.47716569900513
1762983473.9469864,2025-11-12 22:37:53.946986,1188.6070573571756,76.48843574523926
1762983473.958,2025-11-12 22:37:53.958000,1188.6080573571755,76.49944925308228
1762983473.969356,2025-11-12 22:37:53.969356,1188.6080573571755,76.51080536842346
1762983473.980881,2025-11-12 22:37:53.980881,1191.0880716040326,76.52233028411865
1762983473.9917493,2025-11-12 22:37:53.991749,1191.0890716040326,76.533198595047
1762983474.0029538,2025-11-12 22:37:54.002954,1191.0890716040326,76.54440307617188
1762983474.0142348,2025-11-12 22:37:54.014235,1191.4645099286233,76.55568408966064
1762983474.0255835,2025-11-12 22:37:54.025584,1191.4645099286233,76.56703281402588
1762983474.0369256,2025-11-12 22:37:54.036926,1193.5827965514175,76.5783748626709
1762983474.0482557,2025-11-12 22:37:54.048256,1193.5827965514175,76.58970499038696
1762983474.0609975,2025-11-12 22:37:54.060997,1194.0078361367914,76.60244679450989
1762983474.0723019,2025-11-12 22:37:54.072302,1194.0078361367914,76.61375117301941
1762983474.083399,2025-11-12 22:37:54.083399,1195.079481409922,76.62484836578369
1762983474.0941174,2025-11-12 22:37:54.094117,1195.080481409922,76.63556671142578
1762983474.1051927,2025-11-12 22:37:54.105193,1195.080481409922,76.64664196968079
1762983474.11638,2025-11-12 22:37:54.116380,1200.0,76.65782928466797
1762983474.1271703,2025-11-12 22:37:54.127170,1200.549677654177,76.66861963272095
1762983474.1381643,2025-11-12 22:37:54.138164,1200.549677654177,76.67961359024048
1762983474.150375,2025-11-12 22:37:54.150375,1202.0283975938485,76.69182419776917
1762983474.169101,2025-11-12 22:37:54.169101,1202.0293975938484,76.71055030822754
1762983474.188427,2025-11-12 22:37:54.188427,1202.0293975938484,76.72987627983093
1762983474.1996648,2025-11-12 22:37:54.199665,1202.085674238345,76.74111413955688
1762983474.2106764,2025-11-12 22:37:54.210676,1202.085674238345,76.75212574005127
1762983474.221739,2025-11-12 22:37:54.221739,1202.6563784444972,76.76318836212158
1762983474.2323766,2025-11-12 22:37:54.232377,1202.6573784444972,76.77382588386536
1762983474.24333,2025-11-12 22:37:54.243330,1202.6573784444972,76.78477931022644
1762983474.2579577,2025-11-12 22:37:54.257958,1203.1284694639962,76.79940700531006
1762983474.2686648,2025-11-12 22:37:54.268665,1203.1294694639962,76.81011414527893
1762983474.27964,2025-11-12 22:37:54.279640,1203.1294694639962,76.82108926773071
1762983474.290749,2025-11-12 22:37:54.290749,1203.4765129029463,76.83219838142395
1762983474.3016877,2025-11-12 22:37:54.301688,1203.4765129029463,76.84313702583313
1762983474.3127291,2025-11-12 22:37:54.312729,1205.1700693838377,76.8541784286499
1762983474.323381,2025-11-12 22:37:54.323381,1205.1710693838377,76.86483025550842
1762983474.3343518,2025-11-12 22:37:54.334352,1205.1710693838377,76.87580108642578
1762983474.34542,2025-11-12 22:37:54.345420,1205.7517113203046,76.88686919212341
1762983474.3563554,2025-11-12 22:37:54.356355,1205.7517113203046,76.89780473709106
1762983474.3672738,2025-11-12 22:37:54.367274,1206.953154988436,76.90872311592102
1762983474.3778012,2025-11-12 22:37:54.377801,1206.954154988436,76.91925048828125
1762983474.388728,2025-11-12 22:37:54.388728,1206.954154988436,76.93017721176147
1762983474.399602,2025-11-12 22:37:54.399602,1207.960824265164,76.94105124473572
1762983474.4104133,2025-11-12 22:37:54.410413,1207.960824265164,76.95186257362366
1762983474.4212725,2025-11-12 22:37:54.421273,1208.6927035117062,76.962721824646
1762983474.4321027,2025-11-12 22:37:54.432103,1208.6927035117062,76.97355198860168
1762983474.442951,2025-11-12 22:37:54.442951,1208.7503656994602,76.98440027236938
1762983474.4534733,2025-11-12 22:37:54.453473,1208.7513656994602,76.99492263793945
1762983474.4642591,2025-11-12 22:37:54.464259,1208.7513656994602,77.00570845603943
1762983474.4750948,2025-11-12 22:37:54.475095,1209.8682686113975,77.01654410362244
1762983474.4855747,2025-11-12 22:37:54.485575,1209.8692686113975,77.02702403068542
1762983474.496351,2025-11-12 22:37:54.496351,1209.8692686113975,77.03780031204224
1762983474.5071368,2025-11-12 22:37:54.507137,1212.08819674452,77.04858613014221
1762983474.5175803,2025-11-12 22:37:54.517580,1212.08919674452,77.0590295791626
1762983474.5284684,2025-11-12 22:37:54.528468,1212.08919674452,77.06991767883301
1762983474.5392482,2025-11-12 22:37:54.539248,1212.2771797581856,77.0806975364685
1762983474.549741,2025-11-12 22:37:54.549741,1212.2781797581856,77.09119033813477
1762983474.5604334,2025-11-12 22:37:54.560433,1212.2781797581856,77.10188269615173
1762983474.5711603,2025-11-12 22:37:54.571160,1213.306483598847,77.11260962486267
1762983474.581585,2025-11-12 22:37:54.581585,1213.307483598847,77.12303423881531
1762983474.5922415,2025-11-12 22:37:54.592242,1213.307483598847,77.13369083404541
1762983474.6029136,2025-11-12 22:37:54.602914,1213.9748198294424,77.14436292648315
1762983474.613593,2025-11-12 22:37:54.613593,1213.9748198294424,77.15504240989685
1762983474.6243114,2025-11-12 22:37:54.624311,1214.3918281767662,77.16576075553894
1762983474.6349387,2025-11-12 22:37:54.634939,1214.3918281767662,77.17638802528381
1762983474.6456587,2025-11-12 22:37:54.645659,1215.631175060894,77.18710803985596
1762983474.6560693,2025-11-12 22:37:54.656069,1215.632175060894,77.19751858711243
1762983474.666674,2025-11-12 22:37:54.666674,1215.632175060894,77.20812320709229
1762983474.6773605,2025-11-12 22:37:54.677361,1219.328044999527,77.21880984306335
1762983474.6877358,2025-11-12 22:37:54.687736,1219.329044999527,77.22918510437012
1762983474.6983857,2025-11-12 22:37:54.698386,1219.329044999527,77.23983502388
1762983474.7090678,2025-11-12 22:37:54.709068,1219.3499478069396,77.25051712989807
1762983474.7196653,2025-11-12 22:37:54.719665,1219.3499478069396,77.26111459732056
1762983474.7303424,2025-11-12 22:37:54.730342,1221.625947040336,77.27179169654846
1762983474.7409267,2025-11-12 22:37:54.740927,1221.625947040336,77.2823760509491
1762983474.7515564,2025-11-12 22:37:54.751556,1222.1092201460208,77.29300570487976
1762983474.7618616,2025-11-12 22:37:54.761862,1222.1102201460208,77.30331087112427
1762983474.7725508,2025-11-12 22:37:54.772551,1222.1102201460208,77.3140001296997
1762983474.783306,2025-11-12 22:37:54.783306,1223.9040745407005,77.32475519180298
1762983474.79355,2025-11-12 22:37:54.793550,1223.9050745407005,77.33499932289124
1762983474.8040576,2025-11-12 22:37:54.804058,1223.9050745407005,77.3455069065094
1762983474.8146608,2025-11-12 22:37:54.814661,1224.096096660391,77.35611009597778
1762983474.8248703,2025-11-12 22:37:54.824870,1224.097096660391,77.36631965637207
1762983474.8353963,2025-11-12 22:37:54.835396,1224.097096660391,77.37684559822083
1762983474.846001,2025-11-12 22:37:54.846001,1225.356962940186,77.38745021820068
1762983474.856541,2025-11-12 22:37:54.856541,1225.356962940186,77.3979902267456
1762983474.8671722,2025-11-12 22:37:54.867172,1225.4619862782931,77.40862154960632
1762983474.8776667,2025-11-12 22:37:54.877667,1225.4619862782931,77.41911602020264
1762983474.8881862,2025-11-12 22:37:54.888186,1225.870872480684,77.42963552474976
1762983474.8986819,2025-11-12 22:37:54.898682,1225.870872480684,77.44013118743896
1762983474.9092867,2025-11-12 22:37:54.909287,1229.3743909847474,77.4507360458374
1762983474.9194813,2025-11-12 22:37:54.919481,1229.3753909847474,77.4609305858612
1762983474.9300005,2025-11-12 22:37:54.930001,1229.3753909847474,77.47144985198975
1762983474.9404798,2025-11-12 22:37:54.940480,1230.443295467593,77.481929063797
1762983474.9505954,2025-11-12 22:37:54.950595,1230.444295467593,77.49204468727112
1762983474.961105,2025-11-12 22:37:54.961105,1230.444295467593,77.5025544166565
1762983474.9716775,2025-11-12 22:37:54.971678,1231.9782000999755,77.51312685012817
1762983474.9818296,2025-11-12 22:37:54.981830,1231.9792000999755,77.5232789516449
1762983474.9922965,2025-11-12 22:37:54.992296,1231.9792000999755,77.53374576568604
1762983475.002801,2025-11-12 22:37:55.002801,1232.596806629342,77.54425024986267
1762983475.0132089,2025-11-12 22:37:55.013209,1232.596806629342,77.55465817451477
1762983475.0235956,2025-11-12 22:37:55.023596,1233.2338891616369,77.56504487991333
1762983475.033943,2025-11-12 22:37:55.033943,1233.2338891616369,77.57539224624634
1762983475.0443347,2025-11-12 22:37:55.044335,1233.9123943502734,77.58578395843506
1762983475.0544384,2025-11-12 22:37:55.054438,1233.9133943502734,77.59588766098022
1762983475.0647402,2025-11-12 22:37:55.064740,1233.9133943502734,77.60618948936462
1762983475.0752108,2025-11-12 22:37:55.075211,1235.3958839509435,77.61666011810303
1762983475.0855918,2025-11-12 22:37:55.085592,1235.3958839509435,77.62704110145569
1762983475.0959167,2025-11-12 22:37:55.095917,1236.680523962701,77.63736605644226
1762983475.1061988,2025-11-12 22:37:55.106199,1236.680523962701,77.6476480960846
1762983475.1165953,2025-11-12 22:37:55.116595,1236.8959078261278,77.6580445766449
1762983475.1268759,2025-11-12 22:37:55.126876,1236.8959078261278,77.66832518577576
1762983475.1371412,2025-11-12 22:37:55.137141,1237.47680617508,77.67859053611755
1762983475.1473243,2025-11-12 22:37:55.147324,1237.47680617508,77.68877363204956
1762983475.1575634,2025-11-12 22:37:55.157563,1238.2577444993028,77.69901275634766
1762983475.167786,2025-11-12 22:37:55.167786,1238.2577444993028,77.70923519134521
1762983475.1780565,2025-11-12 22:37:55.178056,1239.1050425320914,77.71950578689575
1762983475.18802,2025-11-12 22:37:55.188020,1239.1060425320914,77.7294692993164
1762983475.198312,2025-11-12 22:37:55.198312,1239.1060425320914,77.73976135253906
1762983475.2085502,2025-11-12 22:37:55.208550,1241.719205507239,77.74999952316284
1762983475.218468,2025-11-12 22:37:55.218468,1241.720205507239,77.75991725921631
1762983475.2286801,2025-11-12 22:37:55.228680,1241.720205507239,77.77012944221497
1762983475.238974,2025-11-12 22:37:55.238974,1243.5502080712758,77.78042340278625
1762983475.2489164,2025-11-12 22:37:55.248916,1243.5512080712758,77.79036569595337
1762983475.2591553,2025-11-12 22:37:55.259155,1243.5512080712758,77.80060458183289
1762983475.2694354,2025-11-12 22:37:55.269435,1243.7125872885858,77.81088471412659
1762983475.2795706,2025-11-12 22:37:55.279571,1243.7125872885858,77.8210198879242
1762983475.2897866,2025-11-12 22:37:55.289787,1244.1843856785274,77.83123588562012
1762983475.299723,2025-11-12 22:37:55.299723,1244.1853856785274,77.84117221832275
1762983475.3098576,2025-11-12 22:37:55.309858,1244.1853856785274,77.8513069152832
1762983475.3201091,2025-11-12 22:37:55.320109,1244.2997656699508,77.86155843734741
1762983475.3302603,2025-11-12 22:37:55.330260,1244.2997656699508,77.87170958518982
1762983475.3404253,2025-11-12 22:37:55.340425,1244.3263394672194,77.88187456130981
1762983475.3501587,2025-11-12 22:37:55.350159,1244.3273394672194,77.89160799980164
1762983475.360243,2025-11-12 22:37:55.360243,1244.3273394672194,77.9016923904419
1762983475.370412,2025-11-12 22:37:55.370412,1244.403853496814,77.91186141967773
1762983475.380473,2025-11-12 22:37:55.380473,1244.403853496814,77.92192220687866
1762983475.3907137,2025-11-12 22:37:55.390714,1244.6059274974484,77.93216300010681
1762983475.4008534,2025-11-12 22:37:55.400853,1244.6059274974484,77.94230270385742
1762983475.4109771,2025-11-12 22:37:55.410977,1246.05869153832,77.95242643356323
1762983475.4210758,2025-11-12 22:37:55.421076,1246.05869153832,77.96252512931824
1762983475.431315,2025-11-12 22:37:55.431315,1247.1589694831848,77.97276425361633
1762983475.441472,2025-11-12 22:37:55.441472,1247.1589694831848,77.98292136192322
1762983475.4516227,2025-11-12 22:37:55.451623,1248.7578185425964,77.99307203292847
1762983475.4617395,2025-11-12 22:37:55.461740,1248.7578185425964,78.00318884849548
1762983475.47186,2025-11-12 22:37:55.471860,1249.0982032041604,78.01330924034119
1762983475.481628,2025-11-12 22:37:55.481628,1249.0992032041604,78.02307724952698
1762983475.4917014,2025-11-12 22:37:55.491701,1249.0992032041604,78.0331506729126
1762983475.5018191,2025-11-12 22:37:55.501819,1249.2672267905714,78.04326844215393
1762983475.5115058,2025-11-12 22:37:55.511506,1249.2682267905714,78.05295515060425
1762983475.5215597,2025-11-12 22:37:55.521560,1249.2682267905714,78.06300902366638
1762983475.5317883,2025-11-12 22:37:55.531788,1252.8463650306908,78.073237657547
1762983475.5415313,2025-11-12 22:37:55.541531,1252.8473650306908,78.08298063278198
1762983475.551516,2025-11-12 22:37:55.551516,1252.8473650306908,78.09296536445618
1762983475.5615053,2025-11-12 22:37:55.561505,1254.5952081993619,78.10295462608337
1762983475.571108,2025-11-12 22:37:55.571108,1254.5962081993619,78.11255741119385
1762983475.581008,2025-11-12 22:37:55.581008,1254.5962081993619,78.12245726585388
1762983475.5910146,2025-11-12 22:37:55.591015,1257.5285680958302,78.13246393203735
1762983475.601018,2025-11-12 22:37:55.601018,1257.5285680958302,78.14246726036072
1762983475.611036,2025-11-12 22:37:55.611036,1257.5475338894298,78.15248537063599
1762983475.6210003,2025-11-12 22:37:55.621000,1257.5475338894298,78.16244959831238
1762983475.6309583,2025-11-12 22:37:55.630958,1258.0526218053828,78.17240762710571
1762983475.6408062,2025-11-12 22:37:55.640806,1258.0526218053828,78.1822555065155
1762983475.6507614,2025-11-12 22:37:55.650761,1259.0571925833851,78.19221067428589
1762983475.6603472,2025-11-12 22:37:55.660347,1259.058192583385,78.20179653167725
1762983475.6702356,2025-11-12 22:37:55.670236,1259.058192583385,78.21168494224548
1762983475.6801238,2025-11-12 22:37:55.680124,1260.0,78.22157311439514
1762983475.689694,2025-11-12 22:37:55.689694,1260.3892812998877,78.23114323616028
1762983475.6992576,2025-11-12 22:37:55.699258,1260.3902812998876,78.24070692062378
1762983475.709201,2025-11-12 22:37:55.709201,1260.3902812998876,78.25065040588379
1762983475.7191024,2025-11-12 22:37:55.719102,1262.8271206021698,78.2605516910553
1762983475.72869,2025-11-12 22:37:55.728690,1262.8281206021697,78.27013921737671
1762983475.7385223,2025-11-12 22:37:55.738522,1262.8281206021697,78.27997159957886
1762983475.7484524,2025-11-12 22:37:55.748452,1263.5987306265536,78.28990173339844
1762983475.7582808,2025-11-12 22:37:55.758281,1263.5987306265536,78.29973006248474
1762983475.7681258,2025-11-12 22:37:55.768126,1264.0943268085298,78.30957508087158
1762983475.777638,2025-11-12 22:37:55.777638,1264.0953268085298,78.319087266922
1762983475.7874935,2025-11-12 22:37:55.787493,1264.0953268085298,78.32894277572632
1762983475.79741,2025-11-12 22:37:55.797410,1264.0996650492018,78.33885931968689
1762983475.8071694,2025-11-12 22:37:55.807169,1264.0996650492018,78.34861874580383
1762983475.8170028,2025-11-12 22:37:55.817003,1265.7286081782122,78.3584520816803
1762983475.8267858,2025-11-12 22:37:55.826786,1265.7286081782122,78.36823511123657
1762983475.83657,2025-11-12 22:37:55.836570,1269.7548041054383,78.37801933288574
1762983475.8463619,2025-11-12 22:37:55.846362,1269.7548041054383,78.38781118392944
1762983475.8561115,2025-11-12 22:37:55.856112,1272.132613320682,78.39756083488464
1762983475.8657916,2025-11-12 22:37:55.865792,1272.132613320682,78.40724086761475
1762983475.8754783,2025-11-12 22:37:55.875478,1273.2181174158407,78.41692757606506
1762983475.8849373,2025-11-12 22:37:55.884937,1273.2191174158406,78.42638659477234
1762983475.8946671,2025-11-12 22:37:55.894667,1273.2191174158406,78.43611645698547
1762983475.9044244,2025-11-12 22:37:55.904424,1273.6373906142273,78.4458737373352
1762983475.9138448,2025-11-12 22:37:55.913845,1273.6383906142273,78.45529413223267
1762983475.9235845,2025-11-12 22:37:55.923584,1273.6383906142273,78.46503376960754
1762983475.9332733,2025-11-12 22:37:55.933273,1273.910710000947,78.47472262382507
1762983475.9429076,2025-11-12 22:37:55.942908,1273.910710000947,78.48435688018799
1762983475.9526758,2025-11-12 22:37:55.952676,1275.4024523790638,78.49412512779236
1762983475.9621089,2025-11-12 22:37:55.962109,1275.4034523790638,78.50355815887451
1762983475.9718893,2025-11-12 22:37:55.971889,1275.4034523790638,78.51333856582642
1762983475.9815907,2025-11-12 22:37:55.981591,1278.1424479729078,78.52304005622864
1762983475.9910047,2025-11-12 22:37:55.991005,1278.1434479729078,78.53245401382446
1762983476.0007143,2025-11-12 22:37:56.000714,1278.1434479729078,78.54216361045837
1762983476.0103652,2025-11-12 22:37:56.010365,1281.3695095007702,78.55181455612183
1762983476.0200195,2025-11-12 22:37:56.020020,1281.3695095007702,78.56146883964539
1762983476.029703,2025-11-12 22:37:56.029703,1281.5626178810426,78.5711522102356
1762983476.0393183,2025-11-12 22:37:56.039318,1281.5626178810426,78.58076763153076
1762983476.0489545,2025-11-12 22:37:56.048954,1282.4429449983384,78.59040379524231
1762983476.058561,2025-11-12 22:37:56.058561,1282.4429449983384,78.60001039505005
1762983476.0681832,2025-11-12 22:37:56.068183,1283.16267903522,78.60963249206543
1762983476.0778277,2025-11-12 22:37:56.077828,1283.16267903522,78.61927700042725
1762983476.087521,2025-11-12 22:37:56.087521,1283.7202908932716,78.62897038459778
1762983476.096885,2025-11-12 22:37:56.096885,1283.7212908932715,78.63833427429199
1762983476.1066701,2025-11-12 22:37:56.106670,1283.7212908932715,78.64811944961548
1762983476.1176896,2025-11-12 22:37:56.117690,1285.3021170058355,78.65913891792297
1762983476.1273339,2025-11-12 22:37:56.127334,1285.3031170058355,78.66878318786621
1762983476.1373045,2025-11-12 22:37:56.137305,1285.3031170058355,78.67875385284424
1762983476.1472085,2025-11-12 22:37:56.147208,1288.0475947230377,78.68865776062012
1762983476.1569226,2025-11-12 22:37:56.156923,1288.0475947230377,78.69837188720703
1762983476.1665268,2025-11-12 22:37:56.166527,1289.3372155485852,78.70797610282898
1762983476.175792,2025-11-12 22:37:56.175792,1289.3382155485851,78.71724128723145
1762983476.1853597,2025-11-12 22:37:56.185360,1289.3382155485851,78.72680902481079
1762983476.1949944,2025-11-12 22:37:56.194994,1290.542208408056,78.73644375801086
1762983476.2043128,2025-11-12 22:37:56.204313,1290.543208408056,78.74576210975647
1762983476.2138739,2025-11-12 22:37:56.213874,1290.543208408056,78.7553231716156
1762983476.2234547,2025-11-12 22:37:56.223455,1291.715375675054,78.7649040222168
1762983476.232713,2025-11-12 22:37:56.232713,1291.716375675054,78.77416229248047
1762983476.2422533,2025-11-12 22:37:56.242253,1291.716375675054,78.78370261192322
1762983476.2519708,2025-11-12 22:37:56.251971,1292.7754117981715,78.79342007637024
1762983476.261155,2025-11-12 22:37:56.261155,1292.7764117981715,78.80260419845581
1762983476.2706547,2025-11-12 22:37:56.270655,1292.7764117981715,78.81210398674011
1762983476.2803447,2025-11-12 22:37:56.280345,1293.5449088097173,78.82179403305054
1762983476.2899609,2025-11-12 22:37:56.289961,1293.5449088097173,78.83141016960144
1762983476.2995188,2025-11-12 22:37:56.299519,1293.8298156740168,78.84096813201904
1762983476.30902,2025-11-12 22:37:56.309020,1293.8298156740168,78.85046935081482
1762983476.3186219,2025-11-12 22:37:56.318622,1295.3415690395148,78.86007118225098
1762983476.3294413,2025-11-12 22:37:56.329441,1295.3415690395148,78.8708906173706
1762983476.3393455,2025-11-12 22:37:56.339345,1295.4683727563545,78.88079476356506
1762983476.348502,2025-11-12 22:37:56.348502,1295.4693727563545,78.88995122909546
1762983476.3580558,2025-11-12 22:37:56.358056,1295.4693727563545,78.89950513839722
1762983476.3675563,2025-11-12 22:37:56.367556,1296.5008832200983,78.90900564193726
1762983476.3770092,2025-11-12 22:37:56.377009,1296.5008832200983,78.91845846176147
1762983476.3864508,2025-11-12 22:37:56.386451,1296.990252868899,78.92790007591248
1762983476.3956866,2025-11-12 22:37:56.395687,1296.991252868899,78.93713593482971
1762983476.4051185,2025-11-12 22:37:56.405118,1296.991252868899,78.94656777381897
1762983476.414558,2025-11-12 22:37:56.414558,1297.8111482917964,78.95600724220276
1762983476.4236033,2025-11-12 22:37:56.423603,1297.8121482917963,78.9650526046753
1762983476.4330368,2025-11-12 22:37:56.433037,1297.8121482917963,78.9744861125946
1762983476.4425015,2025-11-12 22:37:56.442502,1298.8367973658228,78.98395085334778
1762983476.4519,2025-11-12 22:37:56.451900,1298.8367973658228,78.99334931373596
1762983476.4613974,2025-11-12 22:37:56.461397,1299.488655837856,79.00284671783447
1762983476.4707327,2025-11-12 22:37:56.470733,1299.488655837856,79.0121819972992
1762983476.4801607,2025-11-12 22:37:56.480161,1303.3096556698326,79.02161002159119
1762983476.4895382,2025-11-12 22:37:56.489538,1303.3096556698326,79.03098750114441
1762983476.4989107,2025-11-12 22:37:56.498911,1303.583031303023,79.04035997390747
1762983476.508053,2025-11-12 22:37:56.508053,1303.584031303023,79.0495023727417
1762983476.5173764,2025-11-12 22:37:56.517376,1303.584031303023,79.05882573127747
1762983476.526911,2025-11-12 22:37:56.526911,1303.5952742763943,79.06836032867432
1762983476.535852,2025-11-12 22:37:56.535852,1303.5962742763943,79.0773012638092
1762983476.545133,2025-11-12 22:37:56.545133,1303.5962742763943,79.08658242225647
1762983476.5544155,2025-11-12 22:37:56.554415,1306.7021166387196,79.09586477279663
1762983476.563336,2025-11-12 22:37:56.563336,1306.7031166387196,79.10478520393372
1762983476.5726256,2025-11-12 22:37:56.572626,1306.7031166387196,79.11407494544983
1762983476.5818784,2025-11-12 22:37:56.581878,1307.076094302598,79.12332773208618
1762983476.5906556,2025-11-12 22:37:56.590656,1307.077094302598,79.13210487365723
1762983476.6019304,2025-11-12 22:37:56.601930,1307.077094302598,79.14337968826294
1762983476.612097,2025-11-12 22:37:56.612097,1307.4019249721598,79.15354633331299
1762983476.621421,2025-11-12 22:37:56.621421,1307.4019249721598,79.16287040710449
1762983476.6305683,2025-11-12 22:37:56.630568,1307.939024497082,79.1720175743103
1762983476.6393754,2025-11-12 22:37:56.639375,1307.940024497082,79.18082475662231
1762983476.648488,2025-11-12 22:37:56.648488,1307.940024497082,79.18993735313416
1762983476.6575646,2025-11-12 22:37:56.657565,1308.8428105714866,79.19901394844055
1762983476.6666703,2025-11-12 22:37:56.666670,1308.8428105714866,79.2081196308136
1762983476.6757784,2025-11-12 22:37:56.675778,1313.119725454902,79.21722769737244
1762983476.6848469,2025-11-12 22:37:56.684847,1313.119725454902,79.22629618644714
1762983476.6940439,2025-11-12 22:37:56.694044,1314.349100466537,79.23549318313599
1762983476.7028098,2025-11-12 22:37:56.702810,1314.350100466537,79.24425911903381
1762983476.7118437,2025-11-12 22:37:56.711844,1314.350100466537,79.25329303741455
1762983476.721011,2025-11-12 22:37:56.721011,1314.7322957185204,79.262460231781
1762983476.729776,2025-11-12 22:37:56.729776,1314.7332957185204,79.27122521400452
1762983476.7388709,2025-11-12 22:37:56.738871,1314.7332957185204,79.2803201675415
1762983476.7479327,2025-11-12 22:37:56.747933,1315.4973434430192,79.289381980896
1762983476.7566535,2025-11-12 22:37:56.756654,1315.4983434430192,79.29810285568237
1762983476.7657206,2025-11-12 22:37:56.765721,1315.4983434430192,79.3071699142456
1762983476.77489,2025-11-12 22:37:56.774890,1316.0927932898164,79.31633925437927
1762983476.7839468,2025-11-12 22:37:56.783947,1316.0927932898164,79.3253960609436
1762983476.7929847,2025-11-12 22:37:56.792985,1316.7891197464444,79.33443403244019
1762983476.8017178,2025-11-12 22:37:56.801718,1316.7901197464444,79.3431670665741
1762983476.8107207,2025-11-12 22:37:56.810721,1316.7901197464444,79.35216999053955
1762983476.8197443,2025-11-12 22:37:56.819744,1317.3297316051876,79.36119365692139
1762983476.8288217,2025-11-12 22:37:56.828822,1317.3297316051876,79.37027096748352
1762983476.837995,2025-11-12 22:37:56.837995,1317.5131952491108,79.37944436073303
1762983476.846701,2025-11-12 22:37:56.846701,1317.5141952491108,79.38815021514893
1762983476.8556054,2025-11-12 22:37:56.855605,1317.5141952491108,79.39705467224121
1762983476.8646643,2025-11-12 22:37:56.864664,1318.0165224981765,79.40611362457275
1762983476.8735616,2025-11-12 22:37:56.873562,1318.0165224981765,79.41501092910767
1762983476.88252,2025-11-12 22:37:56.882520,1318.5093266529007,79.42396926879883
1762983476.891072,2025-11-12 22:37:56.891072,1318.5103266529006,79.4325213432312
1762983476.9000626,2025-11-12 22:37:56.900063,1318.5103266529006,79.44151186943054
1762983476.909151,2025-11-12 22:37:56.909151,1318.7333698835955,79.4506003856659
1762983476.9179444,2025-11-12 22:37:56.917944,1318.7343698835955,79.45939373970032
1762983476.9269276,2025-11-12 22:37:56.926928,1318.7343698835955,79.4683768749237
1762983476.935882,2025-11-12 22:37:56.935882,1320.0,79.4773313999176
1762983476.9445412,2025-11-12 22:37:56.944541,1320.431194699744,79.48599052429199
1762983476.9531534,2025-11-12 22:37:56.953153,1320.432194699744,79.4946026802063
1762983476.9619775,2025-11-12 22:37:56.961977,1320.432194699744,79.50342679023743
1762983476.9708936,2025-11-12 22:37:56.970894,1320.8774676213195,79.51234292984009
1762983476.979458,2025-11-12 22:37:56.979458,1320.8784676213195,79.52090740203857
1762983476.9883566,2025-11-12 22:37:56.988357,1320.8784676213195,79.52980589866638
1762983476.997229,2025-11-12 22:37:56.997229,1321.0417367771845,79.53867840766907
1762983477.0060892,2025-11-12 22:37:57.006089,1321.0417367771845,79.54753851890564
1762983477.014963,2025-11-12 22:37:57.014963,1321.878464116024,79.55641222000122
1762983477.0234532,2025-11-12 22:37:57.023453,1321.8794641160239,79.5649025440216
1762983477.0322528,2025-11-12 22:37:57.032253,1321.8794641160239,79.57370209693909
1762983477.0410955,2025-11-12 22:37:57.041095,1323.7417845381137,79.58254480361938
1762983477.0499227,2025-11-12 22:37:57.049923,1323.7417845381137,79.59137201309204
1762983477.0586684,2025-11-12 22:37:57.058668,1325.258465858081,79.60011768341064
1762983477.067134,2025-11-12 22:37:57.067134,1325.259465858081,79.6085832118988
1762983477.0758913,2025-11-12 22:37:57.075891,1325.259465858081,79.61734056472778
1762983477.0847013,2025-11-12 22:37:57.084701,1326.231433468101,79.62615060806274
1762983477.093175,2025-11-12 22:37:57.093175,1326.232433468101,79.63462424278259
1762983477.1018827,2025-11-12 22:37:57.101883,1326.232433468101,79.64333200454712
1762983477.1106625,2025-11-12 22:37:57.110662,1327.544618666854,79.65211176872253
1762983477.1193907,2025-11-12 22:37:57.119391,1327.544618666854,79.66084003448486
1762983477.1281428,2025-11-12 22:37:57.128143,1327.9542643675975,79.6695921421051
1762983477.1365988,2025-11-12 22:37:57.136599,1327.9552643675975,79.6780481338501
1762983477.1452785,2025-11-12 22:37:57.145278,1327.9552643675975,79.68672776222229
1762983477.1539855,2025-11-12 22:37:57.153986,1328.1082450927777,79.69543480873108
1762983477.1623783,2025-11-12 22:37:57.162378,1328.1092450927777,79.70382761955261
1762983477.171104,2025-11-12 22:37:57.171104,1328.1092450927777,79.71255326271057
1762983477.1797905,2025-11-12 22:37:57.179790,1328.4026291205976,79.72123980522156
1762983477.1884487,2025-11-12 22:37:57.188449,1328.4026291205976,79.72989797592163
1762983477.1971912,2025-11-12 22:37:57.197191,1328.8324181371327,79.7386405467987
1762983477.2055125,2025-11-12 22:37:57.205513,1328.8334181371326,79.74696183204651
1762983477.214196,2025-11-12 22:37:57.214196,1328.8334181371326,79.75564527511597
1762983477.2228823,2025-11-12 22:37:57.222882,1329.1597198315535,79.76433157920837
1762983477.2315469,2025-11-12 22:37:57.231547,1329.1597198315535,79.77299618721008
1762983477.2401628,2025-11-12 22:37:57.240163,1329.790383234728,79.78161215782166
1762983477.2484167,2025-11-12 22:37:57.248417,1329.791383234728,79.78986597061157
1762983477.2570794,2025-11-12 22:37:57.257079,1329.791383234728,79.79852867126465
1762983477.2657971,2025-11-12 22:37:57.265797,1329.9517643784077,79.8072464466095
1762983477.2743855,2025-11-12 22:37:57.274385,1329.9517643784077,79.8158347606659
1762983477.2829237,2025-11-12 22:37:57.282924,1330.0913273944416,79.82437300682068
1762983477.2911947,2025-11-12 22:37:57.291195,1330.0923273944416,79.83264398574829
1762983477.2997503,2025-11-12 22:37:57.299750,1330.0923273944416,79.84119963645935
1762983477.3083768,2025-11-12 22:37:57.308377,1330.3826479004981,79.8498260974884
1762983477.316982,2025-11-12 22:37:57.316982,1330.3826479004981,79.85843133926392
1762983477.3255584,2025-11-12 22:37:57.325558,1330.6014305890865,79.86700773239136
1762983477.33376,2025-11-12 22:37:57.333760,1330.6024305890865,79.87520933151245
1762983477.3422697,2025-11-12 22:37:57.342270,1330.6024305890865,79.88371896743774
1762983477.3508818,2025-11-12 22:37:57.350882,1332.2194079901867,79.89233112335205
1762983477.3591022,2025-11-12 22:37:57.359102,1332.2204079901867,79.9005515575409
1762983477.3676484,2025-11-12 22:37:57.367648,1332.2204079901867,79.90909767150879
1762983477.3762112,2025-11-12 22:37:57.376211,1332.9906395829546,79.91766047477722
1762983477.3846781,2025-11-12 22:37:57.384678,1332.9906395829546,79.92612743377686
1762983477.3932054,2025-11-12 22:37:57.393205,1333.2117991322878,79.934654712677
1762983477.4016774,2025-11-12 22:37:57.401677,1333.2117991322878,79.9431266784668
1762983477.4101622,2025-11-12 22:37:57.410162,1333.7725454936685,79.95161151885986
1762983477.4185812,2025-11-12 22:37:57.418581,1333.7725454936685,79.9600305557251
1762983477.4270642,2025-11-12 22:37:57.427064,1335.8276110834486,79.96851348876953
1762983477.4354818,2025-11-12 22:37:57.435482,1335.8276110834486,79.97693109512329
1762983477.4439495,2025-11-12 22:37:57.443949,1336.6894423893827,79.98539876937866
1762983477.4522164,2025-11-12 22:37:57.452216,1336.6904423893827,79.99366569519043
1762983477.460699,2025-11-12 22:37:57.460699,1336.6904423893827,80.00214838981628
1762983477.4691954,2025-11-12 22:37:57.469195,1337.4966864755738,80.01064467430115
1762983477.4776144,2025-11-12 22:37:57.477614,1337.4966864755738,80.01906371116638
1762983477.4861648,2025-11-12 22:37:57.486165,1337.9931459109862,80.0276141166687
1762983477.4943774,2025-11-12 22:37:57.494377,1337.9941459109862,80.03582668304443
1762983477.5027184,2025-11-12 22:37:57.502718,1337.9941459109862,80.0441677570343
1762983477.5112176,2025-11-12 22:37:57.511218,1338.2110997505824,80.05266690254211
1762983477.5216436,2025-11-12 22:37:57.521644,1338.2120997505824,80.06309294700623
1762983477.5302663,2025-11-12 22:37:57.530266,1338.2120997505824,80.07171559333801
1762983477.5387845,2025-11-12 22:37:57.538785,1339.193009821016,80.08023381233215
1762983477.5469713,2025-11-12 22:37:57.546971,1339.194009821016,80.08842062950134
1762983477.555514,2025-11-12 22:37:57.555514,1339.194009821016,80.09696340560913
1762983477.5642183,2025-11-12 22:37:57.564218,1339.2732977499045,80.10566759109497
1762983477.572585,2025-11-12 22:37:57.572585,1339.2742977499045,80.11403441429138
1762983477.5811298,2025-11-12 22:37:57.581130,1339.2742977499045,80.1225790977478
1762983477.5897572,2025-11-12 22:37:57.589757,1340.815965017948,80.13120651245117
1762983477.5982265,2025-11-12 22:37:57.598227,1340.815965017948,80.1396758556366
1762983477.606647,2025-11-12 22:37:57.606647,1340.875210746847,80.1480963230133
1762983477.61486,2025-11-12 22:37:57.614860,1340.876210746847,80.1563093662262
1762983477.6232162,2025-11-12 22:37:57.623216,1340.876210746847,80.16466546058655
1762983477.6316345,2025-11-12 22:37:57.631634,1342.247000061357,80.17308378219604
1762983477.6396418,2025-11-12 22:37:57.639642,1342.248000061357,80.18109107017517
1762983477.6479783,2025-11-12 22:37:57.647978,1342.248000061357,80.18942761421204
1762983477.6563,2025-11-12 22:37:57.656300,1342.7292854343098,80.197749376297
1762983477.6642811,2025-11-12 22:37:57.664281,1342.7302854343097,80.20573043823242
1762983477.6725802,2025-11-12 22:37:57.672580,1342.7302854343097,80.21402955055237
1762983477.6810079,2025-11-12 22:37:57.681008,1343.876283983592,80.22245717048645
1762983477.6890109,2025-11-12 22:37:57.689011,1343.877283983592,80.23046016693115
1762983477.6973896,2025-11-12 22:37:57.697390,1343.877283983592,80.23883891105652
1762983477.705694,2025-11-12 22:37:57.705694,1344.7703373199938,80.2471432685852
1762983477.713637,2025-11-12 22:37:57.713637,1344.7713373199938,80.25508642196655
1762983477.7219512,2025-11-12 22:37:57.721951,1344.7713373199938,80.26340055465698
1762983477.7302039,2025-11-12 22:37:57.730204,1344.9086523364467,80.271653175354
1762983477.7384815,2025-11-12 22:37:57.738482,1344.9086523364467,80.27993083000183
1762983477.7466266,2025-11-12 22:37:57.746627,1345.6819301144767,80.28807592391968
1762983477.7549188,2025-11-12 22:37:57.754919,1345.6819301144767,80.29636812210083
1762983477.7633564,2025-11-12 22:37:57.763356,1345.7589921137042,80.30480575561523
1762983477.7717435,2025-11-12 22:37:57.771744,1345.7589921137042,80.31319284439087
1762983477.7801917,2025-11-12 22:37:57.780192,1346.0350332883597,80.32164096832275
1762983477.7880535,2025-11-12 22:37:57.788054,1346.0360332883597,80.32950282096863
1762983477.796316,2025-11-12 22:37:57.796316,1346.0360332883597,80.33776521682739
1762983477.8046508,2025-11-12 22:37:57.804651,1346.5157645113088,80.3461000919342
1762983477.8129725,2025-11-12 22:37:57.812973,1346.5157645113088,80.35442185401917
1762983477.8211665,2025-11-12 22:37:57.821167,1346.852176385769,80.36261582374573
1762983477.8290503,2025-11-12 22:37:57.829050,1346.853176385769,80.37049961090088
1762983477.8371558,2025-11-12 22:37:57.837156,1346.853176385769,80.3786051273346
1762983477.8452568,2025-11-12 22:37:57.845257,1347.9361740465079,80.38670611381531
1762983477.8529978,2025-11-12 22:37:57.852998,1347.9371740465078,80.39444708824158
1762983477.8612273,2025-11-12 22:37:57.861227,1347.9371740465078,80.40267658233643
1762983477.8694477,2025-11-12 22:37:57.869448,1352.2663436424662,80.41089701652527
1762983477.877339,2025-11-12 22:37:57.877339,1352.2673436424661,80.41878819465637
1762983477.8856437,2025-11-12 22:37:57.885644,1352.2673436424661,80.42709302902222
1762983477.8938012,2025-11-12 22:37:57.893801,1352.7077388470932,80.43525052070618
1762983477.9018474,2025-11-12 22:37:57.901847,1352.7077388470932,80.4432966709137
1762983477.9101398,2025-11-12 22:37:57.910140,1354.5315903891822,80.45158910751343
1762983477.922257,2025-11-12 22:37:57.922257,1354.5315903891822,80.4637062549591
1762983477.9373362,2025-11-12 22:37:57.937336,1354.7866108306405,80.47878551483154
1762983477.9529145,2025-11-12 22:37:57.952914,1354.7866108306405,80.49436378479004
1762983477.9684043,2025-11-12 22:37:57.968404,1356.0221805604508,80.50985360145569
1762983477.983323,2025-11-12 22:37:57.983323,1356.0231805604508,80.52477240562439
1762983477.9976373,2025-11-12 22:37:57.997637,1356.0231805604508,80.53908658027649
1762983478.0059667,2025-11-12 22:37:58.005967,1356.4494624828149,80.54741597175598
1762983478.01373,2025-11-12 22:37:58.013730,1356.4504624828148,80.55517935752869
1762983478.0219295,2025-11-12 22:37:58.021930,1356.4504624828148,80.56337881088257
1762983478.0300248,2025-11-12 22:37:58.030025,1357.2159620082014,80.57147407531738
1762983478.037978,2025-11-12 22:37:58.037978,1357.2159620082014,80.57942724227905
1762983478.0458763,2025-11-12 22:37:58.045876,1357.308717152501,80.58732557296753
1762983478.0537941,2025-11-12 22:37:58.053794,1357.308717152501,80.59524345397949
1762983478.0617647,2025-11-12 22:37:58.061765,1359.065224652101,80.60321402549744
1762983478.0694704,2025-11-12 22:37:58.069470,1359.066224652101,80.610919713974
1762983478.07747,2025-11-12 22:37:58.077470,1359.066224652101,80.6189193725586
1762983478.085703,2025-11-12 22:37:58.085703,1359.299473562372,80.62715220451355
1762983478.0935566,2025-11-12 22:37:58.093557,1359.300473562372,80.63500595092773
1762983478.103683,2025-11-12 22:37:58.103683,1359.300473562372,80.64513230323792
1762983478.1139472,2025-11-12 22:37:58.113947,1359.922074210687,80.65539646148682
1762983478.1234355,2025-11-12 22:37:58.123435,1359.923074210687,80.66488480567932
1762983478.133394,2025-11-12 22:37:58.133394,1359.923074210687,80.67484331130981
1762983478.1433327,2025-11-12 22:37:58.143333,1360.2649812164682,80.68478202819824
1762983478.1531553,2025-11-12 22:37:58.153155,1360.2649812164682,80.69460463523865
1762983478.1629407,2025-11-12 22:37:58.162941,1361.9267811699006,80.70439004898071
1762983478.1726274,2025-11-12 22:37:58.172627,1361.9267811699006,80.71407675743103
1762983478.1823637,2025-11-12 22:37:58.182364,1362.8247280061494,80.7238130569458
1762983478.1920707,2025-11-12 22:37:58.192071,1362.8247280061494,80.73352003097534
1762983478.2018154,2025-11-12 22:37:58.201815,1363.7797204187784,80.74326467514038
1762983478.2114384,2025-11-12 22:37:58.211438,1363.7797204187784,80.75288772583008
1762983478.2211857,2025-11-12 22:37:58.221186,1365.1851917432396,80.76263499259949
1762983478.230402,2025-11-12 22:37:58.230402,1365.1861917432395,80.77185130119324
1762983478.2400627,2025-11-12 22:37:58.240063,1365.1861917432395,80.78151202201843
1762983478.2497728,2025-11-12 22:37:58.249773,1365.4794239724438,80.7912220954895
1762983478.2589557,2025-11-12 22:37:58.258956,1365.4804239724438,80.80040502548218
1762983478.268551,2025-11-12 22:37:58.268551,1365.4804239724438,80.8100004196167
1762983478.278283,2025-11-12 22:37:58.278283,1365.5394374617795,80.81973242759705
1762983478.2875633,2025-11-12 22:37:58.287563,1365.5404374617794,80.82901263237
1762983478.2971914,2025-11-12 22:37:58.297191,1365.5404374617794,80.83864068984985
1762983478.3068032,2025-11-12 22:37:58.306803,1367.302932405055,80.84825253486633
1762983478.3163888,2025-11-12 22:37:58.316389,1367.302932405055,80.85783815383911
1762983478.3260376,2025-11-12 22:37:58.326038,1367.6821526666886,80.86748695373535
1762983478.3351698,2025-11-12 22:37:58.335170,1367.6831526666886,80.87661910057068
1762983478.344703,2025-11-12 22:37:58.344703,1367.6831526666886,80.88615226745605
1762983478.3542948,2025-11-12 22:37:58.354295,1369.354909186529,80.89574408531189
1762983478.3638103,2025-11-12 22:37:58.363810,1369.354909186529,80.90525960922241
1762983478.3732884,2025-11-12 22:37:58.373288,1372.493113638557,80.91473770141602
1762983478.382328,2025-11-12 22:37:58.382328,1372.4941136385569,80.92377734184265
1762983478.3917727,2025-11-12 22:37:58.391773,1372.4941136385569,80.93322205543518
1762983478.4012809,2025-11-12 22:37:58.401281,1373.4851824818656,80.94273018836975
1762983478.4103954,2025-11-12 22:37:58.410395,1373.4861824818656,80.95184469223022
1762983478.4197893,2025-11-12 22:37:58.419789,1373.4861824818656,80.9612386226654
1762983478.4292448,2025-11-12 22:37:58.429245,1373.5942074692964,80.970694065094
1762983478.4382346,2025-11-12 22:37:58.438235,1373.5952074692964,80.9796838760376
1762983478.447722,2025-11-12 22:37:58.447722,1373.5952074692964,80.98917126655579
1762983478.457211,2025-11-12 22:37:58.457211,1375.5182679851512,80.99866032600403
1762983478.4662707,2025-11-12 22:37:58.466271,1375.5192679851511,81.00771999359131
1762983478.475629,2025-11-12 22:37:58.475629,1375.5192679851511,81.0170783996582
1762983478.4850411,2025-11-12 22:37:58.485041,1376.5218286460533,81.0264904499054
1762983478.494401,2025-11-12 22:37:58.494401,1376.5218286460533,81.03585028648376
1762983478.5037704,2025-11-12 22:37:58.503770,1376.8040578869004,81.0452196598053
1762983478.5127676,2025-11-12 22:37:58.512768,1376.8050578869004,81.05421686172485
1762983478.5221288,2025-11-12 22:37:58.522129,1376.8050578869004,81.0635781288147
1762983478.5317428,2025-11-12 22:37:58.531743,1377.0370902081124,81.07319211959839
1762983478.5408,2025-11-12 22:37:58.540800,1377.0380902081124,81.08224940299988
1762983478.5500634,2025-11-12 22:37:58.550063,1377.0380902081124,81.09151268005371
1762983478.55948,2025-11-12 22:37:58.559480,1377.7458004986488,81.1009292602539
1762983478.5688207,2025-11-12 22:37:58.568821,1377.7458004986488,81.11027002334595
1762983478.5782187,2025-11-12 22:37:58.578219,1377.8754148277753,81.11966800689697
1762983478.5871794,2025-11-12 22:37:58.587179,1377.8764148277753,81.12862873077393
1762983478.5965688,2025-11-12 22:37:58.596569,1377.8764148277753,81.1380181312561
1762983478.6059165,2025-11-12 22:37:58.605917,1380.0,81.14736580848694
1762983478.614959,2025-11-12 22:37:58.614959,1380.240088990151,81.15640830993652
1762983478.623887,2025-11-12 22:37:58.623887,1380.241088990151,81.16533637046814
1762983478.6332047,2025-11-12 22:37:58.633205,1380.241088990151,81.17465400695801
1762983478.6425195,2025-11-12 22:37:58.642519,1381.470618634644,81.18396878242493
1762983478.6518614,2025-11-12 22:37:58.651861,1381.470618634644,81.19331073760986
1762983478.6612082,2025-11-12 22:37:58.661208,1383.1814371108605,81.20265746116638
1762983478.6701424,2025-11-12 22:37:58.670142,1383.1824371108605,81.21159172058105
1762983478.6794174,2025-11-12 22:37:58.679417,1383.1824371108605,81.22086668014526
1762983478.6887393,2025-11-12 22:37:58.688739,1383.6656541112375,81.23018860816956
1762983478.6979659,2025-11-12 22:37:58.697966,1383.6656541112375,81.2394151687622
1762983478.707226,2025-11-12 22:37:58.707226,1386.2320915452747,81.24867534637451
1762983478.7160954,2025-11-12 22:37:58.716095,1386.2330915452746,81.25754475593567
1762983478.7253208,2025-11-12 22:37:58.725321,1386.2330915452746,81.26677012443542
1762983478.7344928,2025-11-12 22:37:58.734493,1386.3759096878164,81.27594208717346
1762983478.743608,2025-11-12 22:37:58.743608,1386.3759096878164,81.28505730628967
1762983478.7527936,2025-11-12 22:37:58.752794,1387.6355715791367,81.29424285888672
1762983478.7619107,2025-11-12 22:37:58.761911,1387.6355715791367,81.30335998535156
1762983478.7710989,2025-11-12 22:37:58.771099,1387.929411270373,81.31254816055298
1762983478.779855,2025-11-12 22:37:58.779855,1387.930411270373,81.32130432128906
1762983478.7889538,2025-11-12 22:37:58.788954,1387.930411270373,81.33040308952332
1762983478.798124,2025-11-12 22:37:58.798124,1387.9330495076858,81.3395733833313
1762983478.8069181,2025-11-12 22:37:58.806918,1387.9340495076858,81.34836745262146
1762983478.816067,2025-11-12 22:37:58.816067,1387.9340495076858,81.35751628875732
1762983478.8252034,2025-11-12 22:37:58.825203,1388.0618964214186,81.36665272712708
1762983478.8342965,2025-11-12 22:37:58.834296,1388.0618964214186,81.37574577331543
1762983478.8434358,2025-11-12 22:37:58.843436,1388.286971895568,81.38488507270813
1762983478.8525643,2025-11-12 22:37:58.852564,1388.286971895568,81.39401364326477
1762983478.8616617,2025-11-12 22:37:58.861662,1389.7281249230077,81.40311098098755
1762983478.870348,2025-11-12 22:37:58.870348,1389.7291249230077,81.41179728507996
1762983478.8793685,2025-11-12 22:37:58.879369,1389.7291249230077,81.42081785202026
1762983478.8884373,2025-11-12 22:37:58.888437,1390.2030204335572,81.42988657951355
1762983478.8970575,2025-11-12 22:37:58.897058,1390.2040204335572,81.43850684165955
1762983478.9060602,2025-11-12 22:37:58.906060,1390.2040204335572,81.44750952720642
1762983478.915094,2025-11-12 22:37:58.915094,1390.8608596257416,81.45654320716858
1762983478.9241002,2025-11-12 22:37:58.924100,1390.8608596257416,81.46554946899414
1762983478.9331353,2025-11-12 22:37:58.933135,1391.8116947809538,81.47458457946777
1762983478.9420714,2025-11-12 22:37:58.942071,1391.8116947809538,81.48352074623108
1762983478.951097,2025-11-12 22:37:58.951097,1392.1232056812269,81.49254631996155
1762983478.9597678,2025-11-12 22:37:58.959768,1392.1242056812268,81.50121712684631
1762983478.968649,2025-11-12 22:37:58.968649,1392.1242056812268,81.51009821891785
1762983478.9776697,2025-11-12 22:37:58.977670,1393.1405152130253,81.51911902427673
1762983478.9865978,2025-11-12 22:37:58.986598,1393.1405152130253,81.52804708480835
1762983478.9955127,2025-11-12 22:37:58.995513,1394.2539526439004,81.53696203231812
1762983479.0043578,2025-11-12 22:37:59.004358,1394.2539526439004,81.5458071231842
1762983479.0133138,2025-11-12 22:37:59.013314,1396.796943862916,81.55476307868958
1762983479.0221415,2025-11-12 22:37:59.022141,1396.796943862916,81.56359076499939
1762983479.0309894,2025-11-12 22:37:59.030989,1397.4958411863813,81.57243871688843
1762983479.0398529,2025-11-12 22:37:59.039853,1397.4958411863813,81.58130216598511
1762983479.0487096,2025-11-12 22:37:59.048710,1399.4288379443153,81.59015893936157
1762983479.0574925,2025-11-12 22:37:59.057492,1399.4288379443153,81.59894180297852
1762983479.0663698,2025-11-12 22:37:59.066370,1402.8631285488195,81.60781908035278
1762983479.074764,2025-11-12 22:37:59.074764,1402.8641285488195,81.61621332168579
1762983479.0835335,2025-11-12 22:37:59.083534,1402.8641285488195,81.6249828338623
1762983479.092348,2025-11-12 22:37:59.092348,1404.3280134705226,81.63379740715027
1762983479.1007955,2025-11-12 22:37:59.100796,1404.3290134705226,81.64224481582642
1762983479.1088572,2025-11-12 22:37:59.108857,1404.3290134705226,81.65030646324158
1762983479.1159286,2025-11-12 22:37:59.115929,1404.874797651327,81.65737795829773
1762983479.1230078,2025-11-12 22:37:59.123008,1404.874797651327,81.66445708274841
1762983479.1301484,2025-11-12 22:37:59.130148,1405.1922241319298,81.6715977191925
1762983479.1369736,2025-11-12 22:37:59.136974,1405.1932241319298,81.67842292785645
1762983479.1440492,2025-11-12 22:37:59.144049,1405.1932241319298,81.68549847602844
1762983479.1511104,2025-11-12 22:37:59.151110,1405.2950676826692,81.6925597190857
1762983479.1578562,2025-11-12 22:37:59.157856,1405.2960676826692,81.6993055343628
1762983479.1649666,2025-11-12 22:37:59.164967,1405.2960676826692,81.70641589164734
1762983479.1720247,2025-11-12 22:37:59.172025,1407.0730829199058,81.71347403526306
1762983479.1787524,2025-11-12 22:37:59.178752,1407.0740829199058,81.72020173072815
1762983479.185756,2025-11-12 22:37:59.185756,1407.0740829199058,81.72720527648926
1762983479.192787,2025-11-12 22:37:59.192787,1407.2118853453662,81.73423624038696
1762983479.1997843,2025-11-12 22:37:59.199784,1407.2118853453662,81.74123358726501
1762983479.2068403,2025-11-12 22:37:59.206840,1408.0317594607725,81.74828958511353
1762983479.2138422,2025-11-12 22:37:59.213842,1408.0317594607725,81.75529146194458
1762983479.2208524,2025-11-12 22:37:59.220852,1408.6367688835107,81.7623016834259
1762983479.2278023,2025-11-12 22:37:59.227802,1408.6367688835107,81.76925158500671
1762983479.2347252,2025-11-12 22:37:59.234725,1408.6826520173074,81.77617454528809
1762983479.2416542,2025-11-12 22:37:59.241654,1408.6826520173074,81.78310346603394
1762983479.248635,2025-11-12 22:37:59.248635,1408.923880327908,81.79008436203003
1762983479.255576,2025-11-12 22:37:59.255576,1408.923880327908,81.79702520370483
1762983479.2625508,2025-11-12 22:37:59.262551,1410.6549017672999,81.80400013923645
1762983479.2694561,2025-11-12 22:37:59.269456,1410.6549017672999,81.81090545654297
1762983479.2763789,2025-11-12 22:37:59.276379,1411.4285209156114,81.81782817840576
1762983479.2832446,2025-11-12 22:37:59.283245,1411.4285209156114,81.82469391822815
1762983479.2902377,2025-11-12 22:37:59.290238,1414.0107488153953,81.83168697357178
1762983479.2971296,2025-11-12 22:37:59.297130,1414.0107488153953,81.83857893943787
1762983479.3039966,2025-11-12 22:37:59.303997,1416.3964327769536,81.84544587135315
1762983479.310524,2025-11-12 22:37:59.310524,1416.3974327769536,81.85197329521179
1762983479.317367,2025-11-12 22:37:59.317367,1416.3974327769536,81.85881638526917
1762983479.3242495,2025-11-12 22:37:59.324250,1416.4951791665292,81.86569881439209
1762983479.3307967,2025-11-12 22:37:59.330797,1416.4961791665291,81.8722460269928
1762983479.337682,2025-11-12 22:37:59.337682,1416.4961791665291,81.87913131713867
1762983479.3445196,2025-11-12 22:37:59.344520,1417.6287457341382,81.88596892356873
1762983479.3513274,2025-11-12 22:37:59.351327,1417.6287457341382,81.89277672767639
1762983479.3581355,2025-11-12 22:37:59.358135,1417.67234050556,81.89958477020264
1762983479.3646493,2025-11-12 22:37:59.364649,1417.67334050556,81.90609860420227
1762983479.3714504,2025-11-12 22:37:59.371450,1417.67334050556,81.91289973258972
1762983479.378284,2025-11-12 22:37:59.378284,1418.2216758180298,81.91973328590393
1762983479.3850605,2025-11-12 22:37:59.385061,1418.2216758180298,81.92650985717773
1762983479.391917,2025-11-12 22:37:59.391917,1418.8046688886825,81.93336629867554
1762983479.3987136,2025-11-12 22:37:59.398714,1418.8046688886825,81.94016289710999
1762983479.4054956,2025-11-12 22:37:59.405496,1421.9482687194995,81.94694495201111
1762983479.411985,2025-11-12 22:37:59.411985,1421.9492687194995,81.9534342288971
1762983479.4187393,2025-11-12 22:37:59.418739,1421.9492687194995,81.96018862724304
1762983479.4254978,2025-11-12 22:37:59.425498,1422.8529211933705,81.96694707870483
1762983479.432225,2025-11-12 22:37:59.432225,1422.8529211933705,81.97367429733276
1762983479.439021,2025-11-12 22:37:59.439021,1423.0636429745953,81.98047041893005
1762983479.4457335,2025-11-12 22:37:59.445734,1423.0636429745953,81.98718285560608
1762983479.4524999,2025-11-12 22:37:59.452500,1423.7764772951746,81.99394917488098
1762983479.4589427,2025-11-12 22:37:59.458943,1423.7774772951745,82.00039196014404
1762983479.4656196,2025-11-12 22:37:59.465620,1423.7774772951745,82.00706887245178
1762983479.4723494,2025-11-12 22:37:59.472349,1424.5142639247263,82.01379871368408
1762983479.4787693,2025-11-12 22:37:59.478769,1424.5152639247262,82.02021861076355
1762983479.4855123,2025-11-12 22:37:59.485512,1424.5152639247262,82.0269615650177
1762983479.4922187,2025-11-12 22:37:59.492219,1424.733757378754,82.03366804122925
1762983479.4988754,2025-11-12 22:37:59.498875,1424.733757378754,82.04032468795776
1762983479.5055175,2025-11-12 22:37:59.505517,1425.1796248058274,82.04696679115295
1762983479.5121381,2025-11-12 22:37:59.512138,1425.1796248058274,82.05358743667603
1762983479.5188098,2025-11-12 22:37:59.518810,1427.2792252807972,82.06025910377502
1762983479.5252533,2025-11-12 22:37:59.525253,1427.2802252807971,82.06670260429382
1762983479.5319147,2025-11-12 22:37:59.531915,1427.2802252807971,82.07336401939392
1762983479.538562,2025-11-12 22:37:59.538562,1431.2676394822345,82.08001136779785
1762983479.5451922,2025-11-12 22:37:59.545192,1431.2676394822345,82.08664155006409
1762983479.5518255,2025-11-12 22:37:59.551826,1432.7676236926004,82.09327483177185
1762983479.5584183,2025-11-12 22:37:59.558418,1432.7676236926004,82.09986758232117
1762983479.565012,2025-11-12 22:37:59.565012,1432.834299433738,82.1064612865448
1762983479.5713103,2025-11-12 22:37:59.571310,1432.8352994337379,82.11275959014893
1762983479.5779467,2025-11-12 22:37:59.577947,1432.8352994337379,82.11939597129822
1762983479.5845397,2025-11-12 22:37:59.584540,1435.1974488131482,82.12598896026611
1762983479.5908313,2025-11-12 22:37:59.590831,1435.1984488131482,82.13228058815002
1762983479.5974367,2025-11-12 22:37:59.597437,1435.1984488131482,82.13888597488403
1762983479.604007,2025-11-12 22:37:59.604007,1435.8107861203189,82.14545631408691
1762983479.6105344,2025-11-12 22:37:59.610534,1435.8107861203189,82.15198373794556
1762983479.6171129,2025-11-12 22:37:59.617113,1437.606891253684,82.15856218338013
1762983479.623683,2025-11-12 22:37:59.623683,1437.606891253684,82.16513228416443
1762983479.6302931,2025-11-12 22:37:59.630293,1437.8014228985655,82.17174243927002
1762983479.636585,2025-11-12 22:37:59.636585,1437.8024228985655,82.17803430557251
1762983479.643055,2025-11-12 22:37:59.643055,1437.8024228985655,82.18450427055359
1762983479.6496115,2025-11-12 22:37:59.649611,1437.9612215872094,82.19106078147888
1762983479.6557887,2025-11-12 22:37:59.655789,1437.9622215872093,82.19723796844482
1762983479.6622899,2025-11-12 22:37:59.662290,1437.9622215872093,82.20373916625977
1762983479.66882,2025-11-12 22:37:59.668820,1440.0,82.21026921272278
1762983479.6750011,2025-11-12 22:37:59.675001,1440.3327526049702,82.21645045280457
1762983479.681446,2025-11-12 22:37:59.681446,1440.3327526049702,82.22289538383484
1762983479.687982,2025-11-12 22:37:59.687982,1440.6689576939211,82.22943139076233
1762983479.6944382,2025-11-12 22:37:59.694438,1440.6689576939211,82.23588752746582
1762983479.7009041,2025-11-12 22:37:59.700904,1440.7129675005258,82.24235343933105
1762983479.707312,2025-11-12 22:37:59.707312,1440.7129675005258,82.24876141548157
1762983479.7137358,2025-11-12 22:37:59.713736,1441.4082132822411,82.2551851272583
1762983479.7198591,2025-11-12 22:37:59.719859,1441.4092132822411,82.26130843162537
1762983479.726227,2025-11-12 22:37:59.726227,1441.4092132822411,82.26767635345459
1762983479.7326758,2025-11-12 22:37:59.732676,1446.0719089610145,82.27412509918213
1762983479.739051,2025-11-12 22:37:59.739051,1446.0719089610145,82.2805004119873
1762983479.7454476,2025-11-12 22:37:59.745448,1447.8767418857794,82.28689694404602
1762983479.7517939,2025-11-12 22:37:59.751794,1447.8767418857794,82.29324316978455
1762983479.7581856,2025-11-12 22:37:59.758186,1448.3814191802173,82.29963493347168
1762983479.7642376,2025-11-12 22:37:59.764238,1448.3824191802173,82.3056869506836
1762983479.7705948,2025-11-12 22:37:59.770595,1448.3824191802173,82.31204414367676
1762983479.7770128,2025-11-12 22:37:59.777013,1453.3538074464361,82.31846213340759
1762983479.7833657,2025-11-12 22:37:59.783366,1453.3538074464361,82.32481503486633
1762983479.7897382,2025-11-12 22:37:59.789738,1454.9467334085575,82.33118748664856
1762983479.7960687,2025-11-12 22:37:59.796069,1454.9467334085575,82.33751797676086
1762983479.8024533,2025-11-12 22:37:59.802453,1456.792310624827,82.34390258789062
1762983479.8084903,2025-11-12 22:37:59.808490,1456.793310624827,82.34993958473206
1762983479.814766,2025-11-12 22:37:59.814766,1456.793310624827,82.35621523857117
1762983479.8210964,2025-11-12 22:37:59.821096,1457.8310711639622,82.36254572868347
1762983479.8270912,2025-11-12 22:37:59.827091,1457.8320711639622,82.3685405254364
1762983479.833376,2025-11-12 22:37:59.833376,1457.8320711639622,82.37482523918152
1762983479.839729,2025-11-12 22:37:59.839729,1458.3325759147,82.38117837905884
1762983479.8460188,2025-11-12 22:37:59.846019,1458.3325759147,82.38746809959412
1762983479.852355,2025-11-12 22:37:59.852355,1460.6939532826866,82.39380431175232
1762983479.8585799,2025-11-12 22:37:59.858580,1460.6939532826866,82.40002918243408
1762983479.8649046,2025-11-12 22:37:59.864905,1461.3300194724939,82.40635395050049
1762983479.870848,2025-11-12 22:37:59.870848,1461.3310194724938,82.41229724884033
1762983479.8771307,2025-11-12 22:37:59.877131,1461.3310194724938,82.41858005523682
1762983479.8833787,2025-11-12 22:37:59.883379,1464.0578974450625,82.42482805252075
1762983479.8895912,2025-11-12 22:37:59.889591,1464.0578974450625,82.4310405254364
1762983479.895861,2025-11-12 22:37:59.895861,1464.8612860799767,82.43731021881104
1762983479.9017444,2025-11-12 22:37:59.901744,1464.8622860799767,82.44319367408752
1762983479.9079914,2025-11-12 22:37:59.907991,1464.8622860799767,82.44944071769714
1762983479.914229,2025-11-12 22:37:59.914229,1467.2676492287287,82.4556782245636
1762983479.9204214,2025-11-12 22:37:59.920421,1467.2676492287287,82.4618706703186
1762983479.9266193,2025-11-12 22:37:59.926619,1467.9161221338954,82.46806859970093
1762983479.9325147,2025-11-12 22:37:59.932515,1467.9171221338954,82.47396397590637
1762983479.9387329,2025-11-12 22:37:59.938733,1467.9171221338954,82.48018217086792
1762983479.944902,2025-11-12 22:37:59.944902,1468.472678982544,82.48635125160217
1762983479.9510496,2025-11-12 22:37:59.951050,1468.472678982544,82.4924988746643
1762983479.9572587,2025-11-12 22:37:59.957259,1469.3610683878783,82.49870800971985
1762983479.963162,2025-11-12 22:37:59.963162,1469.3620683878783,82.5046112537384
1762983479.969347,2025-11-12 22:37:59.969347,1469.3620683878783,82.51079630851746
1762983479.9755533,2025-11-12 22:37:59.975553,1469.7427834726207,82.51700258255005
1762983479.9816697,2025-11-12 22:37:59.981670,1469.7427834726207,82.52311897277832
1762983479.9879801,2025-11-12 22:37:59.987980,1469.9045939661296,82.52942943572998
1762983479.9942343,2025-11-12 22:37:59.994234,1469.9045939661296,82.53568363189697
1762983480.0003226,2025-11-12 22:38:00.000323,1470.7945652220249,82.54177188873291
1762983480.006444,2025-11-12 22:38:00.006444,1470.7945652220249,82.54789328575134
1762983480.0126235,2025-11-12 22:38:00.012624,1472.698125380071,82.55407285690308
1762983480.018419,2025-11-12 22:38:00.018419,1472.6991253800709,82.55986833572388
1762983480.0245407,2025-11-12 22:38:00.024541,1472.6991253800709,82.56598997116089
1762983480.0306137,2025-11-12 22:38:00.030614,1473.0235456640762,82.57206296920776
1762983480.0366492,2025-11-12 22:38:00.036649,1473.0235456640762,82.57809853553772
1762983480.0426652,2025-11-12 22:38:00.042665,1475.026184785554,82.58411455154419
1762983480.0484085,2025-11-12 22:38:00.048409,1475.027184785554,82.58985781669617
1762983480.054431,2025-11-12 22:38:00.054431,1475.027184785554,82.59588027000427
1762983480.0605156,2025-11-12 22:38:00.060516,1476.5732535329762,82.60196495056152
1762983480.0662858,2025-11-12 22:38:00.066286,1476.5742535329762,82.60773515701294
1762983480.0723195,2025-11-12 22:38:00.072320,1476.5742535329762,82.61376881599426
1762983480.078485,2025-11-12 22:38:00.078485,1478.0679167447774,82.61993432044983
1762983480.0846033,2025-11-12 22:38:00.084603,1478.0679167447774,82.62605261802673
1762983480.0908074,2025-11-12 22:38:00.090807,1478.6042827414883,82.63225674629211
1762983480.096665,2025-11-12 22:38:00.096665,1478.6052827414883,82.63811421394348
1762983480.1028202,2025-11-12 22:38:00.102820,1478.6052827414883,82.64426946640015
1762983480.1089978,2025-11-12 22:38:00.108998,1485.2941216049428,82.65044713020325
1762983480.1148164,2025-11-12 22:38:00.114816,1485.2951216049428,82.65626573562622
1762983480.1208274,2025-11-12 22:38:00.120827,1485.2951216049428,82.66227674484253
1762983480.1268706,2025-11-12 22:38:00.126871,1486.8589602009833,82.66831994056702
1762983480.1328614,2025-11-12 22:38:00.132861,1486.8589602009833,82.6743106842041
1762983480.1388466,2025-11-12 22:38:00.138847,1487.7161540572683,82.68029594421387
1762983480.1445253,2025-11-12 22:38:00.144525,1487.7171540572683,82.68597459793091
1762983480.1504366,2025-11-12 22:38:00.150437,1487.7171540572683,82.69188594818115
1762983480.156413,2025-11-12 22:38:00.156413,1487.836639455242,82.69786238670349
1762983480.1623175,2025-11-12 22:38:00.162318,1487.836639455242,82.70376682281494
1762983480.168283,2025-11-12 22:38:00.168283,1488.6895223626407,82.70973229408264
1762983480.1741257,2025-11-12 22:38:00.174126,1488.6895223626407,82.7155749797821
1762983480.1800392,2025-11-12 22:38:00.180039,1488.7040079751894,82.72148847579956
1762983480.1856863,2025-11-12 22:38:00.185686,1488.7050079751893,82.72713565826416
1762983480.1915772,2025-11-12 22:38:00.191577,1488.7050079751893,82.7330265045166
1762983480.1974921,2025-11-12 22:38:00.197492,1491.028927519,82.73894143104553
1762983480.2033887,2025-11-12 22:38:00.203389,1491.028927519,82.74483799934387
1762983480.209289,2025-11-12 22:38:00.209289,1491.4394512869126,82.75073838233948
1762983480.2148402,2025-11-12 22:38:00.214840,1491.4404512869125,82.7562894821167
1762983480.2206922,2025-11-12 22:38:00.220692,1491.4404512869125,82.76214146614075
1762983480.2266378,2025-11-12 22:38:00.226638,1491.8988629913747,82.76808714866638
1762983480.232449,2025-11-12 22:38:00.232449,1491.8988629913747,82.7738983631134
1762983480.2383277,2025-11-12 22:38:00.238328,1492.699335241955,82.77977705001831
1762983480.2439656,2025-11-12 22:38:00.243966,1492.700335241955,82.78541493415833
1762983480.2498932,2025-11-12 22:38:00.249893,1492.700335241955,82.79134249687195
1762983480.255747,2025-11-12 22:38:00.255747,1493.713966815385,82.79719638824463
1762983480.2615595,2025-11-12 22:38:00.261559,1493.713966815385,82.80300879478455
1762983480.267384,2025-11-12 22:38:00.267384,1494.5879815728204,82.808833360672
1762983480.2731404,2025-11-12 22:38:00.273140,1494.5879815728204,82.81458973884583
1762983480.2789185,2025-11-12 22:38:00.278919,1495.2514247522695,82.82036781311035
1762983480.2843926,2025-11-12 22:38:00.284393,1495.2524247522695,82.82584190368652
1762983480.2900987,2025-11-12 22:38:00.290099,1495.2524247522695,82.83154797554016
1762983480.2958639,2025-11-12 22:38:00.295864,1496.2575177708125,82.83731317520142
1762983480.301594,2025-11-12 22:38:00.301594,1496.2575177708125,82.84304332733154
1762983480.3073585,2025-11-12 22:38:00.307359,1498.1357653702019,82.84880781173706
1762983480.3130782,2025-11-12 22:38:00.313078,1498.1357653702019,82.8545274734497
1762983480.3188438,2025-11-12 22:38:00.318844,1498.7267340048854,82.86029314994812
1762983480.3245285,2025-11-12 22:38:00.324528,1498.7267340048854,82.86597776412964
1762983480.3302705,2025-11-12 22:38:00.330271,1499.4200399538142,82.87171983718872
1762983480.3356848,2025-11-12 22:38:00.335685,1499.4210399538142,82.87713408470154
1762983480.3413644,2025-11-12 22:38:00.341364,1499.4210399538142,82.8828136920929
1762983480.3470464,2025-11-12 22:38:00.347046,1500.0,82.88849568367004
1762983480.352435,2025-11-12 22:38:00.352435,1501.0825987263102,82.8938844203949
1762983480.358067,2025-11-12 22:38:00.358067,1501.0825987263102,82.89951634407043
1762983480.3637166,2025-11-12 22:38:00.363717,1501.0860106097666,82.90516591072083
1762983480.369046,2025-11-12 22:38:00.369046,1501.0870106097666,82.91049528121948
1762983480.3746276,2025-11-12 22:38:00.374628,1501.0870106097666,82.91607689857483
1762983480.380276,2025-11-12 22:38:00.380276,1501.2612101858033,82.92172527313232
1762983480.3855848,2025-11-12 22:38:00.385585,1501.2622101858033,82.92703413963318
1762983480.3911572,2025-11-12 22:38:00.391157,1501.2622101858033,82.93260645866394
1762983480.3968244,2025-11-12 22:38:00.396824,1501.6542971225274,82.93827366828918
1762983480.4021075,2025-11-12 22:38:00.402107,1501.6552971225274,82.9435567855835
1762983480.4077232,2025-11-12 22:38:00.407723,1501.6552971225274,82.94917249679565
1762983480.4133124,2025-11-12 22:38:00.413312,1501.895015953168,82.95476174354553
1762983480.4186182,2025-11-12 22:38:00.418618,1501.896015953168,82.96006751060486
1762983480.424195,2025-11-12 22:38:00.424195,1501.896015953168,82.96564435958862
1762983480.4297602,2025-11-12 22:38:00.429760,1504.1584759981824,82.97120952606201
1762983480.4350388,2025-11-12 22:38:00.435039,1504.1594759981824,82.97648811340332
1762983480.4405508,2025-11-12 22:38:00.440551,1504.1594759981824,82.98200011253357
1762983480.4461138,2025-11-12 22:38:00.446114,1504.3188985644083,82.98756313323975
1762983480.4516816,2025-11-12 22:38:00.451682,1504.3188985644083,82.9931309223175
1762983480.4572756,2025-11-12 22:38:00.457276,1504.4330607731688,82.99872493743896
1762983480.4625137,2025-11-12 22:38:00.462514,1504.4340607731688,83.00396299362183
1762983480.4680247,2025-11-12 22:38:00.468025,1504.4340607731688,83.00947403907776
1762983480.4736083,2025-11-12 22:38:00.473608,1504.8146154748035,83.01505756378174
1762983480.4791405,2025-11-12 22:38:00.479141,1504.8146154748035,83.02058982849121
1762983480.4846687,2025-11-12 22:38:00.484669,1505.5251952323806,83.02611804008484
1762983480.489852,2025-11-12 22:38:00.489852,1505.5261952323806,83.0313012599945
1762983480.4953184,2025-11-12 22:38:00.495318,1505.5261952323806,83.03676772117615
1762983480.5008156,2025-11-12 22:38:00.500816,1507.2482546779552,83.04226493835449
1762983480.5060225,2025-11-12 22:38:00.506022,1507.2492546779552,83.04747176170349
1762983480.5114572,2025-11-12 22:38:00.511457,1507.2492546779552,83.05290651321411
1762983480.5169423,2025-11-12 22:38:00.516942,1512.6860832803854,83.05839157104492
1762983480.5220547,2025-11-12 22:38:00.522055,1512.6870832803854,83.0635039806366
1762983480.5276697,2025-11-12 22:38:00.527670,1512.6870832803854,83.06911897659302
1762983480.533164,2025-11-12 22:38:00.533164,1514.5957461454925,83.07461333274841
1762983480.538589,2025-11-12 22:38:00.538589,1514.5957461454925,83.08003830909729
1762983480.5440304,2025-11-12 22:38:00.544030,1515.5343786049864,83.08547973632812
1762983480.5491352,2025-11-12 22:38:00.549135,1515.5353786049864,83.09058451652527
1762983480.5545547,2025-11-12 22:38:00.554555,1515.5353786049864,83.09600400924683
1762983480.559993,2025-11-12 22:38:00.559993,1515.5727056945045,83.10144233703613
1762983480.5653577,2025-11-12 22:38:00.565358,1515.5727056945045,83.1068069934845
1762983480.5707595,2025-11-12 22:38:00.570760,1515.638273535426,83.1122088432312
1762983480.5758545,2025-11-12 22:38:00.575855,1515.639273535426,83.1173038482666
1762983480.5811787,2025-11-12 22:38:00.581179,1515.639273535426,83.12262797355652
1762983480.586569,2025-11-12 22:38:00.586569,1516.634517188032,83.12801837921143
1762983480.5918958,2025-11-12 22:38:00.591896,1516.634517188032,83.13334512710571
1762983480.5972517,2025-11-12 22:38:00.597252,1518.3486619929238,83.13870096206665
1762983480.6025794,2025-11-12 22:38:00.602579,1518.3486619929238,83.14402866363525
1762983480.607905,2025-11-12 22:38:00.607905,1518.6572441654716,83.14935421943665
1762983480.6129122,2025-11-12 22:38:00.612912,1518.6582441654716,83.15436148643494
1762983480.6182146,2025-11-12 22:38:00.618215,1518.6582441654716,83.15966391563416
1762983480.6235332,2025-11-12 22:38:00.623533,1522.1381021384009,83.16498255729675
1762983480.628598,2025-11-12 22:38:00.628598,1522.1391021384009,83.17004728317261
1762983480.633897,2025-11-12 22:38:00.633897,1522.1391021384009,83.17534637451172
1762983480.6392024,2025-11-12 22:38:00.639202,1522.9374708778007,83.18065166473389
1762983480.6442165,2025-11-12 22:38:00.644217,1522.9384708778007,83.18566584587097
1762983480.6495504,2025-11-12 22:38:00.649550,1522.9384708778007,83.19099974632263
1762983480.6548548,2025-11-12 22:38:00.654855,1523.7902498642686,83.19630408287048
1762983480.6598425,2025-11-12 22:38:00.659842,1523.7912498642686,83.20129179954529
1762983480.6651,2025-11-12 22:38:00.665100,1523.7912498642686,83.20654940605164
1762983480.670351,2025-11-12 22:38:00.670351,1524.7542139142442,83.21180033683777
1762983480.675287,2025-11-12 22:38:00.675287,1524.7552139142442,83.21673631668091
1762983480.6805203,2025-11-12 22:38:00.680520,1524.7552139142442,83.22196960449219
1762983480.6857579,2025-11-12 22:38:00.685758,1524.8320827031755,83.22720718383789
1762983480.6906831,2025-11-12 22:38:00.690683,1524.8330827031755,83.23213243484497
1762983480.6959178,2025-11-12 22:38:00.695918,1524.8330827031755,83.23736715316772
1762983480.701154,2025-11-12 22:38:00.701154,1525.0188800281796,83.24260330200195
1762983480.7063615,2025-11-12 22:38:00.706362,1525.0188800281796,83.24781084060669
1762983480.7116427,2025-11-12 22:38:00.711643,1527.7707613731714,83.25309205055237
1762983480.7168198,2025-11-12 22:38:00.716820,1527.7707613731714,83.25826907157898
1762983480.7220623,2025-11-12 22:38:00.722062,1528.081773779873,83.26351165771484
1762983480.7272623,2025-11-12 22:38:00.727262,1528.081773779873,83.26871156692505
1762983480.732473,2025-11-12 22:38:00.732473,1528.168741205848,83.27392220497131
1762983480.7375994,2025-11-12 22:38:00.737599,1528.168741205848,83.27904868125916
1762983480.7427387,2025-11-12 22:38:00.742739,1528.5006245027612,83.28418803215027
1762983480.7478874,2025-11-12 22:38:00.747887,1528.5006245027612,83.28933668136597
1762983480.75301,2025-11-12 22:38:00.753010,1529.7957853258747,83.29445934295654
1762983480.7581263,2025-11-12 22:38:00.758126,1529.7957853258747,83.29957556724548
1762983480.7632234,2025-11-12 22:38:00.763223,1530.1006930049093,83.3046727180481
1762983480.768345,2025-11-12 22:38:00.768345,1530.1006930049093,83.30979442596436
1762983480.7734473,2025-11-12 22:38:00.773447,1530.3371518988113,83.31489658355713
1762983480.7782538,2025-11-12 22:38:00.778254,1530.3381518988112,83.31970310211182
1762983480.7833502,2025-11-12 22:38:00.783350,1530.3381518988112,83.32479953765869
1762983480.7884579,2025-11-12 22:38:00.788458,1530.6616769511463,83.32990717887878
1762983480.7935169,2025-11-12 22:38:00.793517,1530.6616769511463,83.33496618270874
1762983480.7986026,2025-11-12 22:38:00.798603,1531.3164145512364,83.34005188941956
1762983480.803367,2025-11-12 22:38:00.803367,1531.3174145512364,83.34481620788574
1762983480.8084044,2025-11-12 22:38:00.808404,1531.3174145512364,83.34985375404358
1762983480.8134813,2025-11-12 22:38:00.813481,1532.6541057855293,83.35493063926697
1762983480.8182304,2025-11-12 22:38:00.818230,1532.6551057855293,83.35967969894409
1762983480.8232627,2025-11-12 22:38:00.823263,1532.6551057855293,83.36471199989319
1762983480.8283598,2025-11-12 22:38:00.828360,1533.0126724680063,83.3698091506958
1762983480.8333738,2025-11-12 22:38:00.833374,1533.0126724680063,83.3748230934143
1762983480.838441,2025-11-12 22:38:00.838441,1535.080261502588,83.37989020347595
1762983480.8431737,2025-11-12 22:38:00.843174,1535.081261502588,83.3846230506897
1762983480.8481977,2025-11-12 22:38:00.848198,1535.081261502588,83.38964700698853
1762983480.8532364,2025-11-12 22:38:00.853236,1538.805075745297,83.39468574523926
1762983480.857993,2025-11-12 22:38:00.857993,1538.806075745297,83.39944219589233
1762983480.8629973,2025-11-12 22:38:00.862997,1538.806075745297,83.40444660186768
1762983480.868005,2025-11-12 22:38:00.868005,1540.5311394438158,83.40945434570312
1762983480.8726795,2025-11-12 22:38:00.872679,1540.5321394438158,83.41412878036499
1762983480.8776407,2025-11-12 22:38:00.877641,1540.5321394438158,83.41909003257751
1762983480.8826287,2025-11-12 22:38:00.882629,1540.6092366027058,83.4240779876709
1762983480.887324,2025-11-12 22:38:00.887324,1540.6102366027058,83.42877340316772
1762983480.8922706,2025-11-12 22:38:00.892271,1540.6102366027058,83.43371987342834
1762983480.8972332,2025-11-12 22:38:00.897233,1540.9882427106409,83.43868255615234
1762983480.9018612,2025-11-12 22:38:00.901861,1540.9892427106408,83.44331049919128
1762983480.906777,2025-11-12 22:38:00.906777,1540.9892427106408,83.4482262134552
1762983480.9117522,2025-11-12 22:38:00.911752,1543.5890423430867,83.45320153236389
1762983480.9164252,2025-11-12 22:38:00.916425,1543.5900423430867,83.45787453651428
1762983480.921325,2025-11-12 22:38:00.921325,1543.5900423430867,83.4627742767334
1762983480.9262726,2025-11-12 22:38:00.926273,1545.5507676888758,83.46772193908691
1762983480.9311867,2025-11-12 22:38:00.931187,1545.5507676888758,83.47263598442078
1762983480.936126,2025-11-12 22:38:00.936126,1545.6937761808333,83.47757530212402
1762983480.9409778,2025-11-12 22:38:00.940978,1545.6937761808333,83.48242712020874
1762983480.9458952,2025-11-12 22:38:00.945895,1546.2775746297416,83.48734450340271
1762983480.950769,2025-11-12 22:38:00.950769,1546.2775746297416,83.4922182559967
1762983480.9556952,2025-11-12 22:38:00.955695,1546.7300408156382,83.4971444606781
1762983480.9602427,2025-11-12 22:38:00.960243,1546.7310408156382,83.50169205665588
1762983480.9651031,2025-11-12 22:38:00.965103,1546.7310408156382,83.50655245780945
1762983480.9699633,2025-11-12 22:38:00.969963,1548.1062647101426,83.51141262054443
1762983480.9745305,2025-11-12 22:38:00.974530,1548.1072647101425,83.5159797668457
1762983480.9793532,2025-11-12 22:38:00.979353,1548.1072647101425,83.52080249786377
1762983480.984243,2025-11-12 22:38:00.984243,1548.135394536192,83.52569222450256
1762983480.988779,2025-11-12 22:38:00.988779,1548.136394536192,83.53022837638855
1762983480.9935894,2025-11-12 22:38:00.993589,1548.136394536192,83.5350387096405
1762983480.9984176,2025-11-12 22:38:00.998418,1548.5144275180455,83.53986692428589
1762983481.0029094,2025-11-12 22:38:01.002909,1548.5154275180455,83.54435873031616
1762983481.0077217,2025-11-12 22:38:01.007722,1548.5154275180455,83.54917097091675
1762983481.0125525,2025-11-12 22:38:01.012552,1549.899840630358,83.5540018081665
1762983481.0173175,2025-11-12 22:38:01.017318,1549.899840630358,83.55876684188843
1762983481.0220912,2025-11-12 22:38:01.022091,1552.0790598324247,83.5635404586792
1762983481.0265458,2025-11-12 22:38:01.026546,1552.0800598324247,83.56799507141113
1762983481.0312984,2025-11-12 22:38:01.031298,1552.0800598324247,83.57274770736694
1762983481.0360951,2025-11-12 22:38:01.036095,1552.1205344824627,83.57754445075989
1762983481.0408697,2025-11-12 22:38:01.040870,1552.1205344824627,83.58231902122498
1762983481.045618,2025-11-12 22:38:01.045618,1553.0081246212592,83.58706736564636
1762983481.0501027,2025-11-12 22:38:01.050103,1553.0091246212592,83.59155201911926
1762983481.0548363,2025-11-12 22:38:01.054836,1553.0091246212592,83.59628558158875
1762983481.0596073,2025-11-12 22:38:01.059607,1554.0976043834773,83.60105657577515
1762983481.064296,2025-11-12 22:38:01.064296,1554.0976043834773,83.60574531555176
1762983481.0689929,2025-11-12 22:38:01.068993,1556.160518193987,83.61044216156006
1762983481.0736895,2025-11-12 22:38:01.073689,1556.160518193987,83.61513876914978
1762983481.0784094,2025-11-12 22:38:01.078409,1556.7131722700053,83.61985874176025
1762983481.0827985,2025-11-12 22:38:01.082798,1556.7141722700053,83.62424778938293
1762983481.087471,2025-11-12 22:38:01.087471,1556.7141722700053,83.62892031669617
1762983481.0921483,2025-11-12 22:38:01.092148,1560.0,83.63359761238098
1762983481.0965686,2025-11-12 22:38:01.096569,1560.3269325499448,83.63801789283752
1762983481.1012132,2025-11-12 22:38:01.101213,1560.3269325499448,83.642662525177
1762983481.1058626,2025-11-12 22:38:01.105863,1560.5468634977194,83.64731192588806
1762983481.1104753,2025-11-12 22:38:01.110475,1560.5468634977194,83.65192461013794
1762983481.1151419,2025-11-12 22:38:01.115142,1560.6687629372248,83.6565911769867
1762983481.1200914,2025-11-12 22:38:01.120091,1560.6687629372248,83.66154074668884
1762983481.1250322,2025-11-12 22:38:01.125032,1560.8080773084348,83.66648149490356
1762983481.1296518,2025-11-12 22:38:01.129652,1560.8090773084348,83.67110109329224
1762983481.1344876,2025-11-12 22:38:01.134488,1560.8090773084348,83.67593693733215
1762983481.1391315,2025-11-12 22:38:01.139132,1561.6917164006861,83.6805808544159
1762983481.1437073,2025-11-12 22:38:01.143707,1561.6917164006861,83.68515658378601
1762983481.148316,2025-11-12 22:38:01.148316,1561.8223269203284,83.68976521492004
1762983481.152598,2025-11-12 22:38:01.152598,1561.8233269203283,83.69404721260071
1762983481.1571403,2025-11-12 22:38:01.157140,1561.8233269203283,83.69858956336975
1762983481.1617546,2025-11-12 22:38:01.161755,1562.1323865974111,83.70320391654968
1762983481.166043,2025-11-12 22:38:01.166043,1562.1333865974111,83.70749235153198
1762983481.1706135,2025-11-12 22:38:01.170614,1562.1333865974111,83.71206283569336
1762983481.1751716,2025-11-12 22:38:01.175172,1562.3509178671088,83.71662092208862
1762983481.1796803,2025-11-12 22:38:01.179680,1562.3509178671088,83.72112965583801
1762983481.1842427,2025-11-12 22:38:01.184243,1562.4077990256526,83.7256920337677
1762983481.188771,2025-11-12 22:38:01.188771,1562.4077990256526,83.73022031784058
1762983481.1932654,2025-11-12 22:38:01.193265,1565.688105305676,83.73471474647522
1762983481.1974993,2025-11-12 22:38:01.197499,1565.6891053056759,83.7389485836029
1762983481.2019725,2025-11-12 22:38:01.201972,1565.6891053056759,83.74342179298401
1762983481.2064877,2025-11-12 22:38:01.206488,1566.0959613327573,83.74793696403503
1762983481.2109282,2025-11-12 22:38:01.210928,1566.0959613327573,83.7523775100708
1762983481.2154171,2025-11-12 22:38:01.215417,1569.4206356610202,83.75686645507812
1762983481.2198431,2025-11-12 22:38:01.219843,1569.4206356610202,83.76129245758057
1762983481.2242894,2025-11-12 22:38:01.224289,1570.7052186116914,83.76573872566223
1762983481.2284544,2025-11-12 22:38:01.228454,1570.7062186116914,83.76990365982056
1762983481.2328613,2025-11-12 22:38:01.232861,1570.7062186116914,83.77431058883667
1762983481.2373424,2025-11-12 22:38:01.237342,1570.9533841671434,83.77879166603088
1762983481.2414854,2025-11-12 22:38:01.241485,1570.9543841671434,83.78293466567993
1762983481.2459195,2025-11-12 22:38:01.245919,1570.9543841671434,83.78736877441406
1762983481.2503917,2025-11-12 22:38:01.250392,1573.649703642138,83.79184103012085
1762983481.2547958,2025-11-12 22:38:01.254796,1573.649703642138,83.79624509811401
1762983481.2592561,2025-11-12 22:38:01.259256,1573.6590996453174,83.80070543289185
1762983481.263368,2025-11-12 22:38:01.263368,1573.6600996453174,83.80481719970703
1762983481.2677662,2025-11-12 22:38:01.267766,1573.6600996453174,83.8092155456543
1762983481.2721686,2025-11-12 22:38:01.272169,1577.6574880010305,83.81361794471741
1762983481.2762647,2025-11-12 22:38:01.276265,1577.6584880010305,83.81771397590637
1762983481.280639,2025-11-12 22:38:01.280639,1577.6584880010305,83.82208824157715
1762983481.2850242,2025-11-12 22:38:01.285024,1577.6902843374444,83.82647347450256
1762983481.2890766,2025-11-12 22:38:01.289077,1577.6912843374444,83.83052587509155
1762983481.2934473,2025-11-12 22:38:01.293447,1577.6912843374444,83.83489656448364
1762983481.2978337,2025-11-12 22:38:01.297834,1577.982393993116,83.83928298950195
1762983481.3019316,2025-11-12 22:38:01.301932,1577.983393993116,83.84338092803955
1762983481.3062904,2025-11-12 22:38:01.306290,1577.983393993116,83.84773969650269
1762983481.3106325,2025-11-12 22:38:01.310632,1578.7852605035869,83.85208177566528
1762983481.3146617,2025-11-12 22:38:01.314662,1578.7862605035868,83.8561110496521
1762983481.3189943,2025-11-12 22:38:01.318994,1578.7862605035868,83.86044359207153
1762983481.32335,2025-11-12 22:38:01.323350,1578.794480639711,83.86479926109314
1762983481.3273523,2025-11-12 22:38:01.327352,1578.795480639711,83.86880159378052
1762983481.3316793,2025-11-12 22:38:01.331679,1578.795480639711,83.87312865257263
1762983481.336005,2025-11-12 22:38:01.336005,1580.2414248526532,83.87745428085327
1762983481.3400345,2025-11-12 22:38:01.340034,1580.2424248526531,83.88148379325867
1762983481.3443282,2025-11-12 22:38:01.344328,1580.2424248526531,83.8857774734497
1762983481.3486376,2025-11-12 22:38:01.348638,1580.3298782072138,83.89008688926697
1762983481.3528936,2025-11-12 22:38:01.352894,1580.3298782072138,83.89434289932251
1762983481.3571901,2025-11-12 22:38:01.357190,1582.0286192902756,83.8986394405365
1762983481.361455,2025-11-12 22:38:01.361455,1582.0286192902756,83.90290427207947
1762983481.3657236,2025-11-12 22:38:01.365724,1582.0643546150127,83.9071729183197
1762983481.3696935,2025-11-12 22:38:01.369694,1582.0653546150127,83.91114282608032
1762983481.3739166,2025-11-12 22:38:01.373917,1582.0653546150127,83.91536593437195
1762983481.3782136,2025-11-12 22:38:01.378214,1582.8154651009424,83.9196629524231
1762983481.3821945,2025-11-12 22:38:01.382195,1582.8164651009424,83.92364382743835
1762983481.3864036,2025-11-12 22:38:01.386404,1582.8164651009424,83.92785286903381
1762983481.3906543,2025-11-12 22:38:01.390654,1583.050474993714,83.93210363388062
1762983481.3945692,2025-11-12 22:38:01.394569,1583.051474993714,83.93601846694946
1762983481.398803,2025-11-12 22:38:01.398803,1583.051474993714,83.94025230407715
1762983481.4030204,2025-11-12 22:38:01.403020,1583.3912260678446,83.94446969032288
1762983481.4069395,2025-11-12 22:38:01.406940,1583.3922260678446,83.94838881492615
1762983481.4111207,2025-11-12 22:38:01.411121,1583.3922260678446,83.95256996154785
1762983481.4153252,2025-11-12 22:38:01.415325,1584.0655209015083,83.95677447319031
1762983481.4194782,2025-11-12 22:38:01.419478,1584.0655209015083,83.96092748641968
1762983481.4236505,2025-11-12 22:38:01.423651,1584.5297460220115,83.96509981155396
1762983481.4278114,2025-11-12 22:38:01.427811,1584.5297460220115,83.96926069259644
1762983481.4319766,2025-11-12 22:38:01.431977,1585.027293621919,83.97342586517334
1762983481.4358683,2025-11-12 22:38:01.435868,1585.028293621919,83.97731757164001
1762983481.4399905,2025-11-12 22:38:01.439991,1585.028293621919,83.98143982887268
1762983481.4441648,2025-11-12 22:38:01.444165,1586.086965459777,83.98561406135559
1762983481.4482899,2025-11-12 22:38:01.448290,1586.086965459777,83.9897391796112
1762983481.452487,2025-11-12 22:38:01.452487,1586.304178367968,83.99393630027771
1762983481.4563162,2025-11-12 22:38:01.456316,1586.305178367968,83.99776554107666
1762983481.4604404,2025-11-12 22:38:01.460440,1586.305178367968,84.00188970565796
1762983481.4645574,2025-11-12 22:38:01.464557,1586.5044617571466,84.00600671768188
1762983481.4683623,2025-11-12 22:38:01.468362,1586.5054617571466,84.00981163978577
1762983481.4724488,2025-11-12 22:38:01.472449,1586.5054617571466,84.01389813423157
1762983481.476548,2025-11-12 22:38:01.476548,1587.6577224568523,84.01799726486206
1762983481.4806113,2025-11-12 22:38:01.480611,1587.6577224568523,84.02206063270569
1762983481.4846697,2025-11-12 22:38:01.484670,1588.0100680103046,84.02611899375916
1762983481.4884503,2025-11-12 22:38:01.488450,1588.0110680103046,84.02989959716797
1762983481.492473,2025-11-12 22:38:01.492473,1588.0110680103046,84.03392219543457
1762983481.4965494,2025-11-12 22:38:01.496549,1590.7124620489876,84.03799867630005
1762983481.5003347,2025-11-12 22:38:01.500335,1590.7134620489876,84.04178404808044
1762983481.5043848,2025-11-12 22:38:01.504385,1590.7134620489876,84.04583406448364
1762983481.508451,2025-11-12 22:38:01.508451,1591.2680062963784,84.04990029335022
1762983481.5121648,2025-11-12 22:38:01.512165,1591.2690062963784,84.05361413955688
1762983481.5161963,2025-11-12 22:38:01.516196,1591.2690062963784,84.05764555931091
1762983481.5202396,2025-11-12 22:38:01.520240,1591.9105005100391,84.0616888999939
1762983481.5242572,2025-11-12 22:38:01.524257,1591.9105005100391,84.06570649147034
1762983481.5284367,2025-11-12 22:38:01.528437,1591.9339434038043,84.06988596916199
1762983481.532443,2025-11-12 22:38:01.532443,1591.9339434038043,84.07389235496521
1762983481.53647,2025-11-12 22:38:01.536470,1591.9548152402342,84.07791924476624
1762983481.5404458,2025-11-12 22:38:01.540446,1591.9548152402342,84.08189511299133
1762983481.5444405,2025-11-12 22:38:01.544441,1592.0654874313302,84.08588981628418
1762983481.548129,2025-11-12 22:38:01.548129,1592.0664874313302,84.08957839012146
1762983481.552076,2025-11-12 22:38:01.552076,1592.0664874313302,84.09352540969849
1762983481.5560603,2025-11-12 22:38:01.556060,1593.0479930104614,84.09750962257385
1762983481.5600014,2025-11-12 22:38:01.560001,1593.0479930104614,84.1014506816864
1762983481.5639548,2025-11-12 22:38:01.563955,1594.1402557297574,84.10540413856506
1762983481.5675838,2025-11-12 22:38:01.567584,1594.1412557297574,84.10903310775757
1762983481.571514,2025-11-12 22:38:01.571514,1594.1412557297574,84.11296319961548
1762983481.5754478,2025-11-12 22:38:01.575448,1597.1809342833067,84.11689710617065
1762983481.5793364,2025-11-12 22:38:01.579336,1597.1809342833067,84.1207857131958
1762983481.5832646,2025-11-12 22:38:01.583265,1597.7473949531495,84.12471389770508
1762983481.5868833,2025-11-12 22:38:01.586883,1597.7483949531495,84.12833261489868
1762983481.5907679,2025-11-12 22:38:01.590768,1597.7483949531495,84.13221716880798
1762983481.594679,2025-11-12 22:38:01.594679,1598.9772688682212,84.13612842559814
1762983481.5982897,2025-11-12 22:38:01.598290,1598.9782688682212,84.13973903656006
1762983481.6021473,2025-11-12 22:38:01.602147,1598.9782688682212,84.14359664916992
1762983481.6060574,2025-11-12 22:38:01.606057,1599.3982570456137,84.14750671386719
1762983481.609673,2025-11-12 22:38:01.609673,1599.3992570456137,84.15112233161926
1762983481.6135604,2025-11-12 22:38:01.613560,1599.3992570456137,84.15500974655151
1762983481.6174383,2025-11-12 22:38:01.617438,1599.4752049766353,84.1588876247406
1762983481.6210434,2025-11-12 22:38:01.621043,1599.4762049766352,84.1624927520752
1762983481.624887,2025-11-12 22:38:01.624887,1599.4762049766352,84.16633629798889
1762983481.6287599,2025-11-12 22:38:01.628760,1600.02025194147,84.17020916938782
1762983481.6322997,2025-11-12 22:38:01.632300,1600.02125194147,84.17374897003174
1762983481.636096,2025-11-12 22:38:01.636096,1600.02125194147,84.17754530906677
1762983481.639926,2025-11-12 22:38:01.639926,1601.2296538911007,84.18137526512146
1762983481.6436915,2025-11-12 22:38:01.643692,1601.2296538911007,84.18514084815979
1762983481.6475015,2025-11-12 22:38:01.647501,1602.8604371238464,84.18895077705383
1762983481.6510391,2025-11-12 22:38:01.651039,1602.8614371238464,84.19248843193054
1762983481.6548388,2025-11-12 22:38:01.654839,1602.8614371238464,84.19628810882568
1762983481.6586566,2025-11-12 22:38:01.658657,1605.8966496217258,84.20010590553284
1762983481.662427,2025-11-12 22:38:01.662427,1605.8966496217258,84.20387625694275
1762983481.6662374,2025-11-12 22:38:01.666237,1607.6814708251056,84.20768666267395
1762983481.669724,2025-11-12 22:38:01.669724,1607.6824708251056,84.21117329597473
1762983481.6734672,2025-11-12 22:38:01.673467,1607.6824708251056,84.21491646766663
1762983481.6772468,2025-11-12 22:38:01.677247,1608.5106998210217,84.21869611740112
1762983481.6809707,2025-11-12 22:38:01.680971,1608.5106998210217,84.22241997718811
1762983481.684725,2025-11-12 22:38:01.684725,1609.3100211459046,84.22617435455322
1762983481.688175,2025-11-12 22:38:01.688175,1609.3110211459045,84.22962427139282
1762983481.6919143,2025-11-12 22:38:01.691914,1609.3110211459045,84.23336362838745
1762983481.6956482,2025-11-12 22:38:01.695648,1610.0053611079834,84.23709750175476
1762983481.6990988,2025-11-12 22:38:01.699099,1610.0063611079834,84.2405481338501
1762983481.7027764,2025-11-12 22:38:01.702776,1610.0063611079834,84.24422574043274
1762983481.7065074,2025-11-12 22:38:01.706507,1610.6546952843419,84.2479567527771
1762983481.7101789,2025-11-12 22:38:01.710179,1610.6546952843419,84.25162816047668
1762983481.7138774,2025-11-12 22:38:01.713877,1611.7956668416798,84.25532674789429
1762983481.7175322,2025-11-12 22:38:01.717532,1611.7956668416798,84.25898146629333
1762983481.721247,2025-11-12 22:38:01.721247,1612.652996204677,84.26269626617432
1762983481.7248843,2025-11-12 22:38:01.724884,1612.652996204677,84.26633358001709
1762983481.7285676,2025-11-12 22:38:01.728568,1614.599039142147,84.27001690864563
1762983481.7319605,2025-11-12 22:38:01.731961,1614.600039142147,84.27340984344482
1762983481.7355654,2025-11-12 22:38:01.735565,1614.600039142147,84.27701473236084
1762983481.739277,2025-11-12 22:38:01.739277,1615.197010980459,84.28072619438171
1762983481.7426467,2025-11-12 22:38:01.742647,1615.198010980459,84.28409600257874
1762983481.7462788,2025-11-12 22:38:01.746279,1615.198010980459,84.28772807121277
1762983481.7499325,2025-11-12 22:38:01.749933,1615.834108528566,84.2913818359375
1762983481.7532666,2025-11-12 22:38:01.753267,1615.835108528566,84.29471588134766
1762983481.7568793,2025-11-12 22:38:01.756879,1615.835108528566,84.29832863807678
1762983481.760513,2025-11-12 22:38:01.760513,1617.6183719681153,84.30196237564087
1762983481.7638483,2025-11-12 22:38:01.763848,1617.6193719681153,84.30529761314392
1762983481.7674286,2025-11-12 22:38:01.767429,1617.6193719681153,84.30887794494629
1762983481.771047,2025-11-12 22:38:01.771047,1618.7442617307565,84.31249642372131
1762983481.774363,2025-11-12 22:38:01.774363,1618.7452617307565,84.31581234931946
1762983481.7779365,2025-11-12 22:38:01.777936,1618.7452617307565,84.31938576698303
1762983481.781555,2025-11-12 22:38:01.781555,1619.4875470779095,84.32300424575806
1762983481.7851157,2025-11-12 22:38:01.785116,1619.4875470779095,84.32656502723694
1762983481.7887108,2025-11-12 22:38:01.788711,1620.0,84.33016014099121
1762983481.7920263,2025-11-12 22:38:01.792026,1620.3163914349552,84.3334755897522
1762983481.7953255,2025-11-12 22:38:01.795326,1620.3173914349552,84.3367748260498
1762983481.7988777,2025-11-12 22:38:01.798878,1620.3173914349552,84.34032702445984
1762983481.8024392,2025-11-12 22:38:01.802439,1621.9547641774777,84.34388852119446
1762983481.805982,2025-11-12 22:38:01.805982,1621.9547641774777,84.34743142127991
1762983481.8095474,2025-11-12 22:38:01.809547,1622.8896823364266,84.35099673271179
1762983481.8130448,2025-11-12 22:38:01.813045,1622.8896823364266,84.35449409484863
1762983481.8165734,2025-11-12 22:38:01.816573,1623.1896399832658,84.35802268981934
1762983481.8200684,2025-11-12 22:38:01.820068,1623.1896399832658,84.36151766777039
1762983481.8236015,2025-11-12 22:38:01.823601,1623.5610562076563,84.36505079269409
1762983481.8268301,2025-11-12 22:38:01.826830,1623.5620562076563,84.36827945709229
1762983481.8303058,2025-11-12 22:38:01.830306,1623.5620562076563,84.37175512313843
1762983481.8338099,2025-11-12 22:38:01.833810,1624.488926133216,84.37525916099548
1762983481.8372803,2025-11-12 22:38:01.837280,1624.488926133216,84.37872958183289
1762983481.8407552,2025-11-12 22:38:01.840755,1624.535858521038,84.38220453262329
1762983481.8442316,2025-11-12 22:38:01.844232,1624.535858521038,84.38568091392517
1762983481.8477278,2025-11-12 22:38:01.847728,1625.14756648071,84.38917708396912
1762983481.8512144,2025-11-12 22:38:01.851214,1625.14756648071,84.3926637172699
1762983481.8546731,2025-11-12 22:38:01.854673,1627.3723284981108,84.39612245559692
1762983481.8578103,2025-11-12 22:38:01.857810,1627.3733284981108,84.39925956726074
1762983481.8612218,2025-11-12 22:38:01.861222,1627.3733284981108,84.4026710987091
1762983481.8646908,2025-11-12 22:38:01.864691,1627.6364813020566,84.40614008903503
1762983481.8678231,2025-11-12 22:38:01.867823,1627.6374813020566,84.40927243232727
1762983481.871202,2025-11-12 22:38:01.871202,1627.6374813020566,84.4126513004303
1762983481.8746388,2025-11-12 22:38:01.874639,1628.2237489822762,84.41608810424805
1762983481.8780236,2025-11-12 22:38:01.878024,1628.2237489822762,84.41947293281555
1762983481.8814373,2025-11-12 22:38:01.881437,1629.4260717740235,84.42288661003113
1762983481.8845537,2025-11-12 22:38:01.884554,1629.4270717740235,84.42600297927856
1762983481.8879197,2025-11-12 22:38:01.887920,1629.4270717740235,84.42936897277832
1762983481.8913217,2025-11-12 22:38:01.891322,1632.0230786400168,84.43277096748352
1762983481.8944266,2025-11-12 22:38:01.894427,1632.0240786400168,84.43587589263916
1762983481.897746,2025-11-12 22:38:01.897746,1632.0240786400168,84.43919539451599
1762983481.9011376,2025-11-12 22:38:01.901138,1633.2147053798758,84.44258689880371
1762983481.9044757,2025-11-12 22:38:01.904476,1633.2147053798758,84.44592499732971
1762983481.9078248,2025-11-12 22:38:01.907825,1634.1977514234522,84.44927406311035
1762983481.9111285,2025-11-12 22:38:01.911129,1634.1977514234522,84.45257782936096
1762983481.914481,2025-11-12 22:38:01.914481,1634.6820892404933,84.45593023300171
1762983481.9175394,2025-11-12 22:38:01.917539,1634.6830892404932,84.45898866653442
1762983481.920825,2025-11-12 22:38:01.920825,1634.6830892404932,84.46227431297302
1762983481.9241877,2025-11-12 22:38:01.924188,1635.257203250085,84.46563696861267
1762983481.9272256,2025-11-12 22:38:01.927226,1635.258203250085,84.46867489814758
1762983481.9305067,2025-11-12 22:38:01.930507,1635.258203250085,84.47195601463318
1762983481.933809,2025-11-12 22:38:01.933809,1636.2842773273721,84.47525835037231
1762983481.9368138,2025-11-12 22:38:01.936814,1636.2852773273721,84.47826313972473
1762983481.9401069,2025-11-12 22:38:01.940107,1636.2852773273721,84.48155617713928
1762983481.9433784,2025-11-12 22:38:01.943378,1636.724830724882,84.48482775688171
1762983481.9466386,2025-11-12 22:38:01.946639,1636.724830724882,84.48808789253235
1762983481.9499023,2025-11-12 22:38:01.949902,1638.2613494898158,84.49135160446167
1762983481.9528668,2025-11-12 22:38:01.952867,1638.2623494898157,84.49431610107422
1762983481.9560966,2025-11-12 22:38:01.956097,1638.2623494898157,84.49754595756531
1762983481.959334,2025-11-12 22:38:01.959334,1638.2695738360976,84.50078320503235
1762983481.9625413,2025-11-12 22:38:01.962541,1638.2695738360976,84.503990650177
1762983481.9657815,2025-11-12 22:38:01.965781,1639.6615548095972,84.50723075866699
1762983481.9689667,2025-11-12 22:38:01.968967,1639.6615548095972,84.51041603088379
1762983481.9721932,2025-11-12 22:38:01.972193,1641.0165317562655,84.51364254951477
1762983481.9754019,2025-11-12 22:38:01.975402,1641.0165317562655,84.51685118675232
1762983481.9786093,2025-11-12 22:38:01.978609,1641.3824493654747,84.52005863189697
1762983481.9815063,2025-11-12 22:38:01.981506,1641.3834493654747,84.52295565605164
1762983481.984663,2025-11-12 22:38:01.984663,1641.3834493654747,84.52611231803894
1762983481.9878168,2025-11-12 22:38:01.987817,1641.3975231900238,84.5292661190033
1762983481.9909446,2025-11-12 22:38:01.990945,1641.3975231900238,84.53239393234253
1762983481.994141,2025-11-12 22:38:01.994141,1641.8102527812557,84.53559041023254
1762983481.9970298,2025-11-12 22:38:01.997030,1641.8112527812557,84.53847908973694
1762983482.0001743,2025-11-12 22:38:02.000174,1641.8112527812557,84.54162359237671
1762983482.0033283,2025-11-12 22:38:02.003328,1642.6998670601906,84.54477763175964
1762983482.0064435,2025-11-12 22:38:02.006444,1642.6998670601906,84.54789280891418
1762983482.0095773,2025-11-12 22:38:02.009577,1644.2460817078133,84.5510265827179
1762983482.0124197,2025-11-12 22:38:02.012420,1644.2470817078133,84.55386900901794
1762983482.0155263,2025-11-12 22:38:02.015526,1644.2470817078133,84.55697560310364
1762983482.0186524,2025-11-12 22:38:02.018652,1646.2891235584257,84.56010174751282
1762983482.0214946,2025-11-12 22:38:02.021495,1646.2901235584256,84.56294393539429
1762983482.0245893,2025-11-12 22:38:02.024589,1646.2901235584256,84.56603860855103
1762983482.0277047,2025-11-12 22:38:02.027705,1646.523028761353,84.56915402412415
1762983482.03052,2025-11-12 22:38:02.030520,1646.524028761353,84.57196927070618
1762983482.0335763,2025-11-12 22:38:02.033576,1646.524028761353,84.57502555847168
1762983482.0366724,2025-11-12 22:38:02.036672,1646.608300019017,84.57812166213989
1762983482.0394688,2025-11-12 22:38:02.039469,1646.609300019017,84.58091807365417
1762983482.0425143,2025-11-12 22:38:02.042514,1646.609300019017,84.58396363258362
1762983482.045593,2025-11-12 22:38:02.045593,1646.7360039900316,84.58704233169556
1762983482.0483825,2025-11-12 22:38:02.048383,1646.7370039900316,84.58983182907104
1762983482.0514228,2025-11-12 22:38:02.051423,1646.7370039900316,84.59287214279175
1762983482.0544994,2025-11-12 22:38:02.054499,1651.2502646503547,84.59594869613647
1762983482.0572596,2025-11-12 22:38:02.057260,1651.2512646503546,84.59870886802673
1762983482.0602934,2025-11-12 22:38:02.060293,1651.2512646503546,84.6017427444458
1762983482.063343,2025-11-12 22:38:02.063343,1652.2871329880325,84.60479235649109
1762983482.0661123,2025-11-12 22:38:02.066112,1652.2881329880324,84.60756158828735
1762983482.0691195,2025-11-12 22:38:02.069119,1652.2881329880324,84.61056876182556
1762983482.07214,2025-11-12 22:38:02.072140,1652.424517330291,84.6135892868042
1762983482.0751061,2025-11-12 22:38:02.075106,1652.424517330291,84.6165554523468
1762983482.0781076,2025-11-12 22:38:02.078108,1653.598171932741,84.61955690383911
1762983482.0808036,2025-11-12 22:38:02.080804,1653.599171932741,84.62225294113159
1762983482.083742,2025-11-12 22:38:02.083742,1653.599171932741,84.62519121170044
1762983482.0867357,2025-11-12 22:38:02.086736,1656.8040785316962,84.62818503379822
1762983482.0894232,2025-11-12 22:38:02.089423,1656.8050785316962,84.63087248802185
1762983482.092388,2025-11-12 22:38:02.092388,1656.8050785316962,84.63383722305298
1762983482.0953646,2025-11-12 22:38:02.095365,1657.7391369342656,84.63681387901306
1762983482.0980258,2025-11-12 22:38:02.098026,1657.7401369342656,84.639475107193
1762983482.100942,2025-11-12 22:38:02.100942,1657.7401369342656,84.64239120483398
1762983482.1039138,2025-11-12 22:38:02.103914,1658.0038476714997,84.64536309242249
1762983482.106844,2025-11-12 22:38:02.106844,1658.0038476714997,84.64829325675964
1762983482.109781,2025-11-12 22:38:02.109781,1661.2843203776893,84.6512303352356
1762983482.1124067,2025-11-12 22:38:02.112407,1661.2853203776892,84.65385603904724
1762983482.115301,2025-11-12 22:38:02.115301,1661.2853203776892,84.65675020217896
1762983482.1182232,2025-11-12 22:38:02.118223,1662.4901394775054,84.659672498703
1762983482.1208425,2025-11-12 22:38:02.120842,1662.4911394775054,84.66229176521301
1762983482.1237342,2025-11-12 22:38:02.123734,1662.4911394775054,84.66518354415894
1762983482.1266506,2025-11-12 22:38:02.126651,1662.6922363881692,84.6680998802185
1762983482.1292703,2025-11-12 22:38:02.129270,1662.6932363881692,84.67071962356567
1762983482.1321166,2025-11-12 22:38:02.132117,1662.6932363881692,84.67356586456299
1762983482.134991,2025-11-12 22:38:02.134991,1664.145602311785,84.67644023895264
1762983482.137818,2025-11-12 22:38:02.137818,1664.145602311785,84.67926740646362
1762983482.1407049,2025-11-12 22:38:02.140705,1664.8471338236259,84.68215417861938
1762983482.1432867,2025-11-12 22:38:02.143287,1664.8481338236259,84.68473601341248
1762983482.1461434,2025-11-12 22:38:02.146143,1664.8481338236259,84.68759274482727
1762983482.1490064,2025-11-12 22:38:02.149006,1665.7005506725272,84.69045567512512
1762983482.1518016,2025-11-12 22:38:02.151802,1665.7005506725272,84.69325089454651
1762983482.1546545,2025-11-12 22:38:02.154655,1666.155921458239,84.69610381126404
1762983482.1574423,2025-11-12 22:38:02.157442,1666.155921458239,84.69889163970947
1762983482.160257,2025-11-12 22:38:02.160257,1666.5037096150672,84.70170640945435
1762983482.1630275,2025-11-12 22:38:02.163028,1666.5037096150672,84.7044768333435
1762983482.1658463,2025-11-12 22:38:02.165846,1667.0491897902627,84.70729565620422
1762983482.1683369,2025-11-12 22:38:02.168337,1667.0501897902627,84.70978617668152
1762983482.1710796,2025-11-12 22:38:02.171080,1667.0501897902627,84.7125289440155
1762983482.173907,2025-11-12 22:38:02.173907,1667.7965866887682,84.71535634994507
1762983482.1766715,2025-11-12 22:38:02.176672,1667.7965866887682,84.71812081336975
1762983482.1794515,2025-11-12 22:38:02.179451,1668.4154486513721,84.72090077400208
1762983482.1819322,2025-11-12 22:38:02.181932,1668.416448651372,84.72338151931763
1762983482.1846862,2025-11-12 22:38:02.184686,1668.416448651372,84.72613549232483
1762983482.1874976,2025-11-12 22:38:02.187498,1670.4273485312697,84.7289469242096
1762983482.1899853,2025-11-12 22:38:02.189985,1670.4283485312696,84.73143458366394
1762983482.1927161,2025-11-12 22:38:02.192716,1670.4283485312696,84.73416543006897
1762983482.1954947,2025-11-12 22:38:02.195495,1670.504451565336,84.73694396018982
1762983482.1979606,2025-11-12 22:38:02.197961,1670.505451565336,84.73940992355347
1762983482.2006605,2025-11-12 22:38:02.200660,1670.505451565336,84.74210977554321
1762983482.2033854,2025-11-12 22:38:02.203385,1670.7263325545275,84.74483466148376
1762983482.2058365,2025-11-12 22:38:02.205837,1670.7273325545275,84.74728584289551
1762983482.2085338,2025-11-12 22:38:02.208534,1670.7273325545275,84.74998307228088
1762983482.2113311,2025-11-12 22:38:02.211331,1673.499004873583,84.75278043746948
1762983482.2138376,2025-11-12 22:38:02.213838,1673.500004873583,84.75528693199158
1762983482.2165935,2025-11-12 22:38:02.216594,1673.500004873583,84.75804281234741
1762983482.2193334,2025-11-12 22:38:02.219333,1674.4351363108453,84.76078271865845
1762983482.2218053,2025-11-12 22:38:02.221805,1674.4361363108453,84.76325464248657
1762983482.2245286,2025-11-12 22:38:02.224529,1674.4361363108453,84.76597785949707
1762983482.2272565,2025-11-12 22:38:02.227257,1675.3962408191153,84.76870584487915
1762983482.2296584,2025-11-12 22:38:02.229658,1675.3972408191153,84.77110767364502
1762983482.232312,2025-11-12 22:38:02.232312,1675.3972408191153,84.77376127243042
1762983482.2349803,2025-11-12 22:38:02.234980,1676.3898174842977,84.77642965316772
1762983482.2376132,2025-11-12 22:38:02.237613,1676.3898174842977,84.77906250953674
1762983482.2402601,2025-11-12 22:38:02.240260,1676.6688637982973,84.78170943260193
1762983482.242846,2025-11-12 22:38:02.242846,1676.6688637982973,84.78429532051086
1762983482.2455091,2025-11-12 22:38:02.245509,1677.1708605471288,84.78695845603943
1762983482.2481065,2025-11-12 22:38:02.248106,1677.1708605471288,84.78955578804016
1762983482.2507272,2025-11-12 22:38:02.250727,1677.4067707636686,84.79217648506165
1762983482.2532992,2025-11-12 22:38:02.253299,1677.4067707636686,84.794748544693
1762983482.255913,2025-11-12 22:38:02.255913,1677.5716256389778,84.79736232757568
1762983482.2584553,2025-11-12 22:38:02.258455,1677.5716256389778,84.79990458488464
1762983482.261062,2025-11-12 22:38:02.261062,1680.0,84.80251121520996
1762983482.2633758,2025-11-12 22:38:02.263376,1682.1291746254997,84.80482506752014
1762983482.2656753,2025-11-12 22:38:02.265675,1682.1301746254996,84.80712461471558
1762983482.268216,2025-11-12 22:38:02.268216,1682.1301746254996,84.80966520309448
1762983482.2707806,2025-11-12 22:38:02.270781,1683.4910265854687,84.81222987174988
1762983482.2730544,2025-11-12 22:38:02.273054,1683.4920265854687,84.81450366973877
1762983482.275602,2025-11-12 22:38:02.275602,1683.4920265854687,84.81705141067505
1762983482.2781768,2025-11-12 22:38:02.278177,1685.6041262641797,84.81962609291077
1762983482.2804623,2025-11-12 22:38:02.280462,1685.6051262641797,84.82191157341003
1762983482.2829537,2025-11-12 22:38:02.282954,1685.6051262641797,84.82440304756165
1762983482.2855086,2025-11-12 22:38:02.285509,1685.6055905680332,84.8269579410553
1762983482.2880013,2025-11-12 22:38:02.288001,1685.6055905680332,84.8294506072998
1762983482.2905185,2025-11-12 22:38:02.290519,1686.8245788163742,84.83196783065796
1762983482.2929828,2025-11-12 22:38:02.292983,1686.8245788163742,84.83443212509155
1762983482.2955008,2025-11-12 22:38:02.295501,1687.1916823297895,84.83695006370544
1762983482.2979655,2025-11-12 22:38:02.297966,1687.1916823297895,84.8394148349762
1762983482.3004699,2025-11-12 22:38:02.300470,1687.8806596649779,84.84191918373108
1762983482.3028996,2025-11-12 22:38:02.302900,1687.8806596649779,84.8443489074707
1762983482.3053937,2025-11-12 22:38:02.305394,1689.0053636776515,84.84684300422668
1762983482.307578,2025-11-12 22:38:02.307578,1689.0063636776515,84.84902739524841
1762983482.3100293,2025-11-12 22:38:02.310029,1689.0063636776515,84.85147857666016
1762983482.3125107,2025-11-12 22:38:02.312511,1689.0370472282277,84.85396003723145
1762983482.3146713,2025-11-12 22:38:02.314671,1689.0380472282277,84.85612058639526
1762983482.317089,2025-11-12 22:38:02.317089,1689.0380472282277,84.85853838920593
1762983482.319543,2025-11-12 22:38:02.319543,1689.5002886830691,84.86099219322205
1762983482.3217142,2025-11-12 22:38:02.321714,1689.501288683069,84.86316347122192
1762983482.3241405,2025-11-12 22:38:02.324141,1689.501288683069,84.86558985710144
1762983482.32656,2025-11-12 22:38:02.326560,1690.3074906788063,84.86800932884216
1762983482.328706,2025-11-12 22:38:02.328706,1690.3084906788063,84.87015533447266
1762983482.3310943,2025-11-12 22:38:02.331094,1690.3084906788063,84.87254357337952
1762983482.3335268,2025-11-12 22:38:02.333527,1692.3819702933579,84.87497615814209
1762983482.3358915,2025-11-12 22:38:02.335891,1692.3819702933579,84.87734079360962
1762983482.338273,2025-11-12 22:38:02.338273,1693.1018864372243,84.87972235679626
1762983482.3406334,2025-11-12 22:38:02.340633,1693.1018864372243,84.88208270072937
1762983482.343044,2025-11-12 22:38:02.343044,1693.4840011601232,84.88449335098267
1762983482.3451498,2025-11-12 22:38:02.345150,1693.4850011601231,84.88659906387329
1762983482.347473,2025-11-12 22:38:02.347473,1693.4850011601231,84.88892221450806
1762983482.349866,2025-11-12 22:38:02.349866,1694.4097382058426,84.8913152217865
1762983482.3522058,2025-11-12 22:38:02.352206,1694.4097382058426,84.8936550617218
1762983482.3545594,2025-11-12 22:38:02.354559,1695.2858757875135,84.89600872993469
1762983482.3568568,2025-11-12 22:38:02.356857,1695.2858757875135,84.89830613136292
1762983482.3591814,2025-11-12 22:38:02.359181,1695.6315949146128,84.90063071250916
1762983482.3614836,2025-11-12 22:38:02.361484,1695.6315949146128,84.90293288230896
1762983482.3637896,2025-11-12 22:38:02.363790,1696.4257824117512,84.90523886680603
1762983482.3660526,2025-11-12 22:38:02.366053,1696.4257824117512,84.90750193595886
1762983482.3683496,2025-11-12 22:38:02.368350,1696.74891603473,84.90979886054993
1762983482.370584,2025-11-12 22:38:02.370584,1696.74891603473,84.91203331947327
1762983482.372864,2025-11-12 22:38:02.372864,1696.7602732700577,84.91431331634521
1762983482.374859,2025-11-12 22:38:02.374859,1696.7612732700577,84.91630840301514
1762983482.377088,2025-11-12 22:38:02.377088,1696.7612732700577,84.91853737831116
1762983482.3793323,2025-11-12 22:38:02.379332,1697.132388922652,84.92078161239624
1762983482.381322,2025-11-12 22:38:02.381322,1697.1333889226519,84.92277121543884
1762983482.3835309,2025-11-12 22:38:02.383531,1697.1333889226519,84.92498016357422
1762983482.3857963,2025-11-12 22:38:02.385796,1697.222785125291,84.92724561691284
1762983482.3880002,2025-11-12 22:38:02.388000,1697.222785125291,84.92944955825806
1762983482.3902292,2025-11-12 22:38:02.390229,1697.8998449065161,84.93167853355408
1762983482.3924057,2025-11-12 22:38:02.392406,1697.8998449065161,84.9338550567627
1762983482.39461,2025-11-12 22:38:02.394610,1698.595292538132,84.93605923652649
1762983482.396508,2025-11-12 22:38:02.396508,1698.596292538132,84.93795728683472
1762983482.3986697,2025-11-12 22:38:02.398670,1698.596292538132,84.94011902809143
1762983482.4008448,2025-11-12 22:38:02.400845,1700.637221996877,84.94229412078857
1762983482.402715,2025-11-12 22:38:02.402715,1700.638221996877,84.94416427612305
1762983482.4048836,2025-11-12 22:38:02.404884,1700.638221996877,84.94633293151855
1762983482.4070802,2025-11-12 22:38:02.407080,1702.015177741353,84.94852948188782
1762983482.408965,2025-11-12 22:38:02.408965,1702.016177741353,84.9504144191742
1762983482.4111054,2025-11-12 22:38:02.411105,1702.016177741353,84.95255470275879
1762983482.4132874,2025-11-12 22:38:02.413287,1703.398987085407,84.95473670959473
1762983482.4154265,2025-11-12 22:38:02.415426,1703.398987085407,84.95687580108643
1762983482.41757,2025-11-12 22:38:02.417570,1707.9692171089175,84.95901942253113
1762983482.419421,2025-11-12 22:38:02.419421,1707.9702171089175,84.9608702659607
1762983482.4215336,2025-11-12 22:38:02.421534,1707.9702171089175,84.96298289299011
1762983482.4236822,2025-11-12 22:38:02.423682,1708.276663845057,84.96513152122498
1762983482.4257793,2025-11-12 22:38:02.425779,1708.276663845057,84.96722865104675
1762983482.4279017,2025-11-12 22:38:02.427902,1708.7430509627895,84.96935105323792
1762983482.4297283,2025-11-12 22:38:02.429728,1708.7440509627895,84.97117757797241
1762983482.4317985,2025-11-12 22:38:02.431798,1708.7440509627895,84.97324776649475
1762983482.4339018,2025-11-12 22:38:02.433902,1709.0051395332123,84.97535109519958
1762983482.4357064,2025-11-12 22:38:02.435706,1709.0061395332123,84.9771556854248
1762983482.437762,2025-11-12 22:38:02.437762,1709.0061395332123,84.97921133041382
1762983482.439849,2025-11-12 22:38:02.439849,1709.1132670022748,84.9812982082367
1762983482.441644,2025-11-12 22:38:02.441644,1709.1142670022748,84.98309326171875
1762983482.4436984,2025-11-12 22:38:02.443698,1709.1142670022748,84.98514771461487
1762983482.4457798,2025-11-12 22:38:02.445780,1709.8373459393388,84.98722910881042
1762983482.4475522,2025-11-12 22:38:02.447552,1709.8383459393388,84.98900151252747
1762983482.44959,2025-11-12 22:38:02.449590,1709.8383459393388,84.99103927612305
1762983482.4516299,2025-11-12 22:38:02.451630,1710.5534105299064,84.99307918548584
1762983482.453394,2025-11-12 22:38:02.453394,1710.5544105299064,84.99484324455261
1762983482.4554088,2025-11-12 22:38:02.455409,1710.5544105299064,84.9968581199646
1762983482.457476,2025-11-12 22:38:02.457476,1710.6923564741346,84.99892520904541
1762983482.4592319,2025-11-12 22:38:02.459232,1710.6933564741346,85.0006811618805
1762983482.461263,2025-11-12 22:38:02.461263,1710.6933564741346,85.00271224975586
1762983482.4632876,2025-11-12 22:38:02.463288,1713.250363185367,85.00473690032959
1762983482.4650764,2025-11-12 22:38:02.465076,1713.251363185367,85.00652575492859
1762983482.4670644,2025-11-12 22:38:02.467064,1713.251363185367,85.00851368904114
1762983482.4690826,2025-11-12 22:38:02.469083,1717.0902249622673,85.01053190231323
1762983482.4707906,2025-11-12 22:38:02.470791,1717.0912249622672,85.01223993301392
1762983482.472744,2025-11-12 22:38:02.472744,1717.0912249622672,85.0141932964325
1762983482.474742,2025-11-12 22:38:02.474742,1717.1609756314406,85.01619124412537
1762983482.4767058,2025-11-12 22:38:02.476706,1717.1609756314406,85.01815509796143
1762983482.4786916,2025-11-12 22:38:02.478692,1717.1641516716354,85.02014088630676
1762983482.4803648,2025-11-12 22:38:02.480365,1717.1651516716354,85.0218141078949
1762983482.4822884,2025-11-12 22:38:02.482288,1717.1651516716354,85.02373766899109
1762983482.4842608,2025-11-12 22:38:02.484261,1717.2279409206851,85.025710105896
1762983482.4861684,2025-11-12 22:38:02.486168,1717.2279409206851,85.02761769294739
1762983482.4881048,2025-11-12 22:38:02.488105,1718.5437038357325,85.02955412864685
1762983482.489967,2025-11-12 22:38:02.489967,1718.5437038357325,85.03141641616821
1762983482.4918847,2025-11-12 22:38:02.491885,1720.457776016103,85.03333401679993
1762983482.4937594,2025-11-12 22:38:02.493759,1720.457776016103,85.0352087020874
1762983482.4956665,2025-11-12 22:38:02.495667,1720.5262332400403,85.03711581230164
1762983482.4973092,2025-11-12 22:38:02.497309,1720.5272332400402,85.03875851631165
1762983482.4991832,2025-11-12 22:38:02.499183,1720.5272332400402,85.04063248634338
1762983482.5011096,2025-11-12 22:38:02.501110,1720.5352359316917,85.04255890846252
1762983482.5027077,2025-11-12 22:38:02.502708,1720.5362359316916,85.04415702819824
1762983482.5045874,2025-11-12 22:38:02.504587,1720.5362359316916,85.04603672027588
1762983482.5064723,2025-11-12 22:38:02.506472,1721.307310837022,85.04792165756226
1762983482.5080667,2025-11-12 22:38:02.508067,1721.308310837022,85.04951596260071
1762983482.509922,2025-11-12 22:38:02.509922,1721.308310837022,85.05137133598328
1762983482.511821,2025-11-12 22:38:02.511821,1721.7118434531853,85.05327033996582
1762983482.513682,2025-11-12 22:38:02.513682,1721.7118434531853,85.05513119697571
1762983482.5155516,2025-11-12 22:38:02.515552,1721.7307591338047,85.05700087547302
1762983482.517374,2025-11-12 22:38:02.517374,1721.7307591338047,85.05882334709167
1762983482.5192122,2025-11-12 22:38:02.519212,1721.73959731992,85.06066155433655
1762983482.521032,2025-11-12 22:38:02.521032,1721.73959731992,85.06248140335083
1762983482.5228398,2025-11-12 22:38:02.522840,1721.9770418574424,85.06428909301758
1762983482.5243793,2025-11-12 22:38:02.524379,1721.9780418574423,85.06582856178284
1762983482.5262754,2025-11-12 22:38:02.526275,1721.9780418574423,85.06772470474243
1762983482.5281293,2025-11-12 22:38:02.528129,1722.2003226547608,85.06957864761353
1762983482.5296335,2025-11-12 22:38:02.529634,1722.2013226547608,85.07108283042908
1762983482.531388,2025-11-12 22:38:02.531388,1722.2013226547608,85.07283735275269
1762983482.5331655,2025-11-12 22:38:02.533165,1722.5503953557923,85.07461476325989
1762983482.534663,2025-11-12 22:38:02.534663,1722.5513953557922,85.07611227035522
1762983482.536412,2025-11-12 22:38:02.536412,1722.5513953557922,85.07786130905151
1762983482.5381892,2025-11-12 22:38:02.538189,1723.3503836030077,85.07963848114014
1762983482.5396593,2025-11-12 22:38:02.539659,1723.3513836030077,85.08110857009888
1762983482.5414188,2025-11-12 22:38:02.541419,1723.3513836030077,85.08286809921265
1762983482.5431726,2025-11-12 22:38:02.543173,1723.639906966511,85.08462190628052
1762983482.5448945,2025-11-12 22:38:02.544894,1723.639906966511,85.08634376525879
1762983482.5466397,2025-11-12 22:38:02.546640,1723.9058491428682,85.08808898925781
1762983482.5483487,2025-11-12 22:38:02.548349,1723.9058491428682,85.08979797363281
1762983482.5500798,2025-11-12 22:38:02.550080,1724.1425198426753,85.09152913093567
1762983482.5517473,2025-11-12 22:38:02.551747,1724.1425198426753,85.0931966304779
1762983482.5534656,2025-11-12 22:38:02.553466,1726.3228963573385,85.09491491317749
1762983482.5551388,2025-11-12 22:38:02.555139,1726.3228963573385,85.09658813476562
1762983482.5568533,2025-11-12 22:38:02.556853,1726.595481412731,85.09830260276794
1762983482.5582595,2025-11-12 22:38:02.558259,1726.596481412731,85.09970879554749
1762983482.5599117,2025-11-12 22:38:02.559912,1726.596481412731,85.10136103630066
1762983482.5615819,2025-11-12 22:38:02.561582,1727.4059046231205,85.10303115844727
1762983482.5632164,2025-11-12 22:38:02.563216,1727.4059046231205,85.10466575622559
1762983482.5648956,2025-11-12 22:38:02.564896,1728.0085411294715,85.1063449382782
1762983482.5665014,2025-11-12 22:38:02.566501,1728.0085411294715,85.10795068740845
1762983482.5681553,2025-11-12 22:38:02.568155,1728.4111178479397,85.10960459709167
1762983482.5695007,2025-11-12 22:38:02.569501,1728.4121178479397,85.11094999313354
1762983482.5711024,2025-11-12 22:38:02.571102,1728.4121178479397,85.11255168914795
1762983482.572747,2025-11-12 22:38:02.572747,1728.9332743653347,85.11419630050659
1762983482.574103,2025-11-12 22:38:02.574103,1728.9342743653347,85.11555242538452
1762983482.575681,2025-11-12 22:38:02.575681,1728.9342743653347,85.11713027954102
1762983482.5772994,2025-11-12 22:38:02.577299,1728.9493948498764,85.11874866485596
1762983482.5786142,2025-11-12 22:38:02.578614,1728.9503948498764,85.1200635433197
1762983482.5801759,2025-11-12 22:38:02.580176,1728.9503948498764,85.12162518501282
1762983482.5817556,2025-11-12 22:38:02.581756,1729.1540207244936,85.12320494651794
1762983482.5830479,2025-11-12 22:38:02.583048,1729.1550207244936,85.12449717521667
1762983482.5846028,2025-11-12 22:38:02.584603,1729.1550207244936,85.12605214118958
1762983482.5861735,2025-11-12 22:38:02.586174,1730.1760583421592,85.1276228427887
1762983482.5874608,2025-11-12 22:38:02.587461,1730.1770583421592,85.12891006469727
1762983482.588996,2025-11-12 22:38:02.588996,1730.1770583421592,85.1304452419281
1762983482.5905652,2025-11-12 22:38:02.590565,1731.6093912776073,85.13201451301575
1762983482.5918357,2025-11-12 22:38:02.591836,1731.6103912776073,85.13328504562378
1762983482.5933475,2025-11-12 22:38:02.593348,1731.6103912776073,85.13479685783386
1762983482.5949078,2025-11-12 22:38:02.594908,1731.8557648446558,85.1363570690155
1762983482.5964081,2025-11-12 22:38:02.596408,1731.8557648446558,85.13785743713379
1762983482.597938,2025-11-12 22:38:02.597938,1732.0499925230365,85.13938736915588
1762983482.5994184,2025-11-12 22:38:02.599418,1732.0499925230365,85.14086771011353
1762983482.6009324,2025-11-12 22:38:02.600932,1734.4111880451378,85.14238166809082
1762983482.6021512,2025-11-12 22:38:02.602151,1734.4121880451378,85.14360046386719
1762983482.6036322,2025-11-12 22:38:02.603632,1734.4121880451378,85.14508152008057
1762983482.605146,2025-11-12 22:38:02.605146,1734.5140851759195,85.14659523963928
1762983482.6063504,2025-11-12 22:38:02.606350,1734.5150851759195,85.1477997303009
1762983482.6077917,2025-11-12 22:38:02.607792,1734.5150851759195,85.14924097061157
1762983482.6093018,2025-11-12 22:38:02.609302,1736.098149926174,85.1507511138916
1762983482.610502,2025-11-12 22:38:02.610502,1736.099149926174,85.1519513130188
1762983482.6119573,2025-11-12 22:38:02.611957,1736.099149926174,85.15340662002563
1762983482.613419,2025-11-12 22:38:02.613419,1738.2023097000192,85.1548683643341
1762983482.6145964,2025-11-12 22:38:02.614596,1738.2033097000192,85.15604567527771
1762983482.6160362,2025-11-12 22:38:02.616036,1738.2033097000192,85.1574854850769
1762983482.6174924,2025-11-12 22:38:02.617492,1738.3604837600403,85.15894174575806
1762983482.618648,2025-11-12 22:38:02.618648,1738.3614837600403,85.16009736061096
1762983482.6200886,2025-11-12 22:38:02.620089,1738.3614837600403,85.1615378856659
1762983482.6215055,2025-11-12 22:38:02.621505,1740.0,85.1629548072815
1762983482.622686,2025-11-12 22:38:02.622686,1740.1500919000216,85.16413521766663
1762983482.6238499,2025-11-12 22:38:02.623850,1740.1510919000216,85.1652991771698
1762983482.625242,2025-11-12 22:38:02.625242,1740.1510919000216,85.16669130325317
1762983482.6266615,2025-11-12 22:38:02.626662,1740.3126775278593,85.16811084747314
1762983482.6280544,2025-11-12 22:38:02.628054,1740.3126775278593,85.16950368881226
1762983482.6294584,2025-11-12 22:38:02.629458,1740.356741191583,85.17090773582458
1762983482.6308115,2025-11-12 22:38:02.630811,1740.356741191583,85.17226076126099
1762983482.6322148,2025-11-12 22:38:02.632215,1740.6939404663688,85.17366409301758
1762983482.6335714,2025-11-12 22:38:02.633571,1740.6939404663688,85.17502069473267
1762983482.6349506,2025-11-12 22:38:02.634951,1741.116027856836,85.17639994621277
1762983482.636058,2025-11-12 22:38:02.636058,1741.1170278568359,85.1775074005127
1762983482.6373897,2025-11-12 22:38:02.637390,1741.1170278568359,85.17883896827698
1762983482.638742,2025-11-12 22:38:02.638742,1742.006505138908,85.18019127845764
1762983482.6400576,2025-11-12 22:38:02.640058,1742.006505138908,85.18150687217712
1762983482.6413996,2025-11-12 22:38:02.641400,1742.5908369464735,85.18284893035889
1762983482.6426897,2025-11-12 22:38:02.642690,1742.5908369464735,85.1841390132904
1762983482.6440272,2025-11-12 22:38:02.644027,1744.1680838339498,85.18547654151917
1762983482.6450536,2025-11-12 22:38:02.645054,1744.1690838339498,85.1865029335022
1762983482.6463113,2025-11-12 22:38:02.646311,1744.1690838339498,85.18776059150696
1762983482.647619,2025-11-12 22:38:02.647619,1745.2610129625664,85.18906831741333
1762983482.6486626,2025-11-12 22:38:02.648663,1745.2620129625664,85.19011187553406
1762983482.6499257,2025-11-12 22:38:02.649926,1745.2620129625664,85.19137501716614
1762983482.651219,2025-11-12 22:38:02.651219,1745.387930820373,85.19266819953918
1762983482.6524704,2025-11-12 22:38:02.652470,1745.387930820373,85.19391965866089
1762983482.6537597,2025-11-12 22:38:02.653760,1745.614038507772,85.19520902633667
1762983482.6547453,2025-11-12 22:38:02.654745,1745.615038507772,85.19619464874268
1762983482.6559858,2025-11-12 22:38:02.655986,1745.615038507772,85.19743514060974
1762983482.6572497,2025-11-12 22:38:02.657250,1746.9851011689223,85.19869899749756
1762983482.658231,2025-11-12 22:38:02.658231,1746.9861011689222,85.19968032836914
1762983482.6594555,2025-11-12 22:38:02.659456,1746.9861011689222,85.2009048461914
1762983482.660717,2025-11-12 22:38:02.660717,1747.1083260169282,85.20216631889343
1762983482.661685,2025-11-12 22:38:02.661685,1747.1093260169282,85.20313429832458
1762983482.6628697,2025-11-12 22:38:02.662870,1747.1093260169282,85.20431900024414
1762983482.6641138,2025-11-12 22:38:02.664114,1750.1582055187848,85.20556306838989
1762983482.6650617,2025-11-12 22:38:02.665062,1750.1592055187848,85.2065110206604
1762983482.6662407,2025-11-12 22:38:02.666241,1750.1592055187848,85.20769000053406
1762983482.667459,2025-11-12 22:38:02.667459,1751.8271807250978,85.20890831947327
1762983482.6684058,2025-11-12 22:38:02.668406,1751.8281807250978,85.20985507965088
1762983482.6695554,2025-11-12 22:38:02.669555,1751.8281807250978,85.2110047340393
1762983482.6707482,2025-11-12 22:38:02.670748,1752.075432599628,85.21219754219055
1762983482.6716585,2025-11-12 22:38:02.671659,1752.0764325996279,85.21310782432556
1762983482.672815,2025-11-12 22:38:02.672815,1752.0764325996279,85.21426439285278
1762983482.6740067,2025-11-12 22:38:02.674007,1752.4124609680846,85.21545600891113
1762983482.6749017,2025-11-12 22:38:02.674902,1752.4134609680846,85.21635103225708
1762983482.6760385,2025-11-12 22:38:02.676039,1752.4134609680846,85.21748781204224
1762983482.6772158,2025-11-12 22:38:02.677216,1752.7029802743662,85.21866512298584
1762983482.6783292,2025-11-12 22:38:02.678329,1752.7029802743662,85.21977853775024
1762983482.6794796,2025-11-12 22:38:02.679480,1753.2526230484093,85.22092890739441
1762983482.680585,2025-11-12 22:38:02.680585,1753.2526230484093,85.22203421592712
1762983482.6817293,2025-11-12 22:38:02.681729,1753.5384929519987,85.22317862510681
1762983482.6825912,2025-11-12 22:38:02.682591,1753.5394929519987,85.22404050827026
1762983482.6836905,2025-11-12 22:38:02.683691,1753.5394929519987,85.2251398563385
1762983482.6848335,2025-11-12 22:38:02.684834,1753.5712878838076,85.22628283500671
1762983482.6856694,2025-11-12 22:38:02.685669,1753.5722878838076,85.22711873054504
1762983482.6867347,2025-11-12 22:38:02.686735,1753.5722878838076,85.22818398475647
1762983482.6878552,2025-11-12 22:38:02.687855,1753.8613289853276,85.22930455207825
1762983482.6886766,2025-11-12 22:38:02.688677,1753.8623289853276,85.23012590408325
1762983482.6897407,2025-11-12 22:38:02.689741,1753.8623289853276,85.23118996620178
1762983482.6908355,2025-11-12 22:38:02.690835,1754.0779920152077,85.23228478431702
1762983482.6918776,2025-11-12 22:38:02.691878,1754.0779920152077,85.23332691192627
1762983482.6929364,2025-11-12 22:38:02.692936,1754.508658302784,85.23438572883606
1762983482.6939538,2025-11-12 22:38:02.693954,1754.508658302784,85.23540306091309
1762983482.6949968,2025-11-12 22:38:02.694997,1755.1142796288682,85.23644614219666
1762983482.6957624,2025-11-12 22:38:02.695762,1755.1152796288682,85.23721170425415
1762983482.6967666,2025-11-12 22:38:02.696767,1755.1152796288682,85.23821592330933
1762983482.6977925,2025-11-12 22:38:02.697793,1757.1882339646377,85.2392418384552
1762983482.698546,2025-11-12 22:38:02.698546,1757.1892339646377,85.23999524116516
1762983482.6995375,2025-11-12 22:38:02.699538,1757.1892339646377,85.24098682403564
1762983482.7005725,2025-11-12 22:38:02.700572,1758.2657385093198,85.24202179908752
1762983482.701539,2025-11-12 22:38:02.701539,1758.2657385093198,85.2429883480072
1762983482.7025464,2025-11-12 22:38:02.702546,1759.221503781604,85.2439956665039
1762983482.703495,2025-11-12 22:38:02.703495,1759.221503781604,85.24494433403015
1762983482.704495,2025-11-12 22:38:02.704495,1761.2205016032906,85.2459442615509
1762983482.7054436,2025-11-12 22:38:02.705444,1761.2205016032906,85.24689292907715
1762983482.7064064,2025-11-12 22:38:02.706406,1761.7091311383952,85.24785566329956
1762983482.7070987,2025-11-12 22:38:02.707099,1761.7101311383951,85.24854803085327
1762983482.7080235,2025-11-12 22:38:02.708024,1761.7101311383951,85.2494728565216
1762983482.7089803,2025-11-12 22:38:02.708980,1762.2644206201624,85.25042963027954
1762983482.7096572,2025-11-12 22:38:02.709657,1762.2654206201623,85.25110650062561
1762983482.7105787,2025-11-12 22:38:02.710579,1762.2654206201623,85.25202798843384
1762983482.7115195,2025-11-12 22:38:02.711519,1762.54478963171,85.25296878814697
1762983482.7124302,2025-11-12 22:38:02.712430,1762.54478963171,85.25387954711914
1762983482.7133455,2025-11-12 22:38:02.713346,1764.3179358221314,85.25479483604431
1762983482.7142313,2025-11-12 22:38:02.714231,1764.3179358221314,85.25568056106567
1762983482.715136,2025-11-12 22:38:02.715136,1766.4164435471857,85.25658535957336
1762983482.7157629,2025-11-12 22:38:02.715763,1766.4174435471857,85.25721216201782
1762983482.7166345,2025-11-12 22:38:02.716635,1766.4174435471857,85.25808382034302
1762983482.7175307,2025-11-12 22:38:02.717531,1768.8336423000062,85.25898003578186
1762983482.718375,2025-11-12 22:38:02.718375,1768.8336423000062,85.25982427597046
1762983482.7192445,2025-11-12 22:38:02.719244,1769.7623257594485,85.26069378852844
1762983482.7198532,2025-11-12 22:38:02.719853,1769.7633257594484,85.26130247116089
1762983482.72069,2025-11-12 22:38:02.720690,1769.7633257594484,85.26213932037354
1762983482.7215533,2025-11-12 22:38:02.721553,1769.8831815337112,85.26300263404846
1762983482.7221377,2025-11-12 22:38:02.722138,1769.8841815337112,85.26358699798584
1762983482.722957,2025-11-12 22:38:02.722957,1769.8841815337112,85.26440620422363
1762983482.7238111,2025-11-12 22:38:02.723811,1769.9581946375529,85.26526045799255
1762983482.724385,2025-11-12 22:38:02.724385,1769.9591946375529,85.26583433151245
1762983482.7251832,2025-11-12 22:38:02.725183,1769.9591946375529,85.26663255691528
1762983482.726014,2025-11-12 22:38:02.726014,1771.555380445968,85.26746320724487
1762983482.7265685,2025-11-12 22:38:02.726568,1771.556380445968,85.26801776885986
1762983482.727338,2025-11-12 22:38:02.727338,1771.556380445968,85.2687873840332
1762983482.728152,2025-11-12 22:38:02.728152,1773.7222643629057,85.26960134506226
1762983482.7286932,2025-11-12 22:38:02.728693,1773.7232643629056,85.27014255523682
1762983482.7294557,2025-11-12 22:38:02.729456,1773.7232643629056,85.27090501785278
1762983482.7302618,2025-11-12 22:38:02.730262,1774.4821260496733,85.27171111106873
1762983482.73078,2025-11-12 22:38:02.730780,1774.4831260496733,85.27222919464111
1762983482.7315314,2025-11-12 22:38:02.731531,1774.4831260496733,85.27298069000244
1762983482.7323322,2025-11-12 22:38:02.732332,1777.0174938300322,85.27378153800964
1762983482.7328367,2025-11-12 22:38:02.732837,1777.0184938300322,85.27428603172302
1762983482.7335823,2025-11-12 22:38:02.733582,1777.0184938300322,85.27503156661987
1762983482.7343538,2025-11-12 22:38:02.734354,1779.6878565337622,85.27580308914185
1762983482.7350786,2025-11-12 22:38:02.735079,1779.6878565337622,85.27652788162231
1762983482.7358391,2025-11-12 22:38:02.735839,1781.0933381079058,85.27728843688965
1762983482.7363105,2025-11-12 22:38:02.736310,1781.0943381079057,85.27775979042053
1762983482.7370167,2025-11-12 22:38:02.737017,1781.0943381079057,85.27846598625183
1762983482.7377563,2025-11-12 22:38:02.737756,1781.5562383511676,85.2792055606842
1762983482.7382097,2025-11-12 22:38:02.738210,1781.5572383511676,85.27965903282166
1762983482.738902,2025-11-12 22:38:02.738902,1781.5572383511676,85.28035140037537
1762983482.7396197,2025-11-12 22:38:02.739620,1782.1656731469152,85.28106904029846
1762983482.7403064,2025-11-12 22:38:02.740306,1782.1656731469152,85.28175568580627
1762983482.7410111,2025-11-12 22:38:02.741011,1782.5993588518143,85.2824604511261
1762983482.7414377,2025-11-12 22:38:02.741438,1782.6003588518142,85.28288698196411
1762983482.742093,2025-11-12 22:38:02.742093,1782.6003588518142,85.28354239463806
1762983482.7427769,2025-11-12 22:38:02.742777,1783.1036224806849,85.28422617912292
1762983482.7434187,2025-11-12 22:38:02.743419,1783.1036224806849,85.28486800193787
1762983482.7441115,2025-11-12 22:38:02.744112,1783.7409856593945,85.28556084632874
1762983482.7447348,2025-11-12 22:38:02.744735,1783.7409856593945,85.2861840724945
1762983482.7453938,2025-11-12 22:38:02.745394,1783.75824410618,85.28684306144714
1762983482.745773,2025-11-12 22:38:02.745773,1783.75924410618,85.2872223854065
1762983482.746382,2025-11-12 22:38:02.746382,1783.75924410618,85.28783130645752
1762983482.747028,2025-11-12 22:38:02.747028,1783.8944586928528,85.28847742080688
1762983482.7473965,2025-11-12 22:38:02.747396,1783.8954586928528,85.2888457775116
1762983482.748007,2025-11-12 22:38:02.748007,1783.8954586928528,85.28945636749268
1762983482.7486284,2025-11-12 22:38:02.748628,1784.0784003546369,85.29007768630981
1762983482.7489786,2025-11-12 22:38:02.748979,1784.0794003546368,85.29042792320251
1762983482.7495575,2025-11-12 22:38:02.749557,1784.0794003546368,85.29100680351257
1762983482.7501698,2025-11-12 22:38:02.750170,1784.914991117164,85.2916190624237
1762983482.7507348,2025-11-12 22:38:02.750735,1784.914991117164,85.29218411445618
1762983482.7513254,2025-11-12 22:38:02.751325,1786.9676689364164,85.29277467727661
1762983482.7518804,2025-11-12 22:38:02.751880,1786.9676689364164,85.29332971572876
1762983482.7524617,2025-11-12 22:38:02.752462,1788.210368061124,85.29391098022461
1762983482.7527661,2025-11-12 22:38:02.752766,1788.211368061124,85.29421544075012
1762983482.7533078,2025-11-12 22:38:02.753308,1788.211368061124,85.29475712776184
1762983482.7538798,2025-11-12 22:38:02.753880,1788.372293232652,85.2953290939331
1762983482.7541683,2025-11-12 22:38:02.754168,1788.373293232652,85.29561758041382
1762983482.754687,2025-11-12 22:38:02.754687,1788.373293232652,85.29613637924194
1762983482.755233,2025-11-12 22:38:02.755233,1788.984199530927,85.29668235778809
1762983482.7555037,2025-11-12 22:38:02.755504,1788.985199530927,85.29695296287537
1762983482.756021,2025-11-12 22:38:02.756021,1788.985199530927,85.29747033119202
1762983482.7565548,2025-11-12 22:38:02.756555,1789.9711922658753,85.29800415039062
1762983482.7568135,2025-11-12 22:38:02.756814,1789.9721922658753,85.29826283454895
1762983482.7572954,2025-11-12 22:38:02.757295,1789.9721922658753,85.29874467849731
1762983482.7578037,2025-11-12 22:38:02.757804,1790.1164389171745,85.29925298690796
1762983482.7580414,2025-11-12 22:38:02.758041,1790.1174389171745,85.29949069023132
1762983482.758506,2025-11-12 22:38:02.758506,1790.1174389171745,85.29995536804199
1762983482.7590091,2025-11-12 22:38:02.759009,1790.1994823801606,85.3004584312439
1762983482.7592332,2025-11-12 22:38:02.759233,1790.2004823801606,85.30068254470825
1762983482.7596843,2025-11-12 22:38:02.759684,1790.2004823801606,85.30113363265991
1762983482.7601738,2025-11-12 22:38:02.760174,1791.1463310967808,85.30162310600281
1762983482.760383,2025-11-12 22:38:02.760383,1791.1473310967808,85.30183219909668
1762983482.760825,2025-11-12 22:38:02.760825,1791.1473310967808,85.30227422714233
1762983482.7612886,2025-11-12 22:38:02.761289,1791.4147706637264,85.30273795127869
1762983482.761716,2025-11-12 22:38:02.761716,1791.4147706637264,85.30316519737244
1762983482.7621675,2025-11-12 22:38:02.762167,1792.4505698702515,85.30361676216125
1762983482.7625735,2025-11-12 22:38:02.762573,1792.4505698702515,85.30402278900146
1762983482.763005,2025-11-12 22:38:02.763005,1792.6387603457094,85.30445432662964
1762983482.7633917,2025-11-12 22:38:02.763392,1792.6387603457094,85.30484104156494
1762983482.763813,2025-11-12 22:38:02.763813,1794.5760439573905,85.30526232719421
1762983482.76397,2025-11-12 22:38:02.763970,1794.5770439573905,85.30541920661926
1762983482.7643414,2025-11-12 22:38:02.764341,1794.5770439573905,85.3057906627655
1762983482.764748,2025-11-12 22:38:02.764748,1794.9467313623702,85.30619740486145
1762983482.7651021,2025-11-12 22:38:02.765102,1794.9467313623702,85.30655145645142
1762983482.7654822,2025-11-12 22:38:02.765482,1795.505975122766,85.3069314956665
1762983482.765819,2025-11-12 22:38:02.765819,1795.505975122766,85.30726838111877
1762983482.7661896,2025-11-12 22:38:02.766190,1796.3044078350667,85.3076388835907
1762983482.7662888,2025-11-12 22:38:02.766289,1796.3054078350667,85.3077380657196
1762983482.7666109,2025-11-12 22:38:02.766611,1796.3054078350667,85.30806016921997
1762983482.7669635,2025-11-12 22:38:02.766963,1798.4790216167562,85.30841279029846
1762983482.767044,2025-11-12 22:38:02.767044,1798.4800216167562,85.3084933757782
1762983482.7673454,2025-11-12 22:38:02.767345,1798.4800216167562,85.30879473686218
1762983482.7676878,2025-11-12 22:38:02.767688,1800.0,85.30913710594177
