msg_id,sender,receiver,payload_size_B,time_send_ms,time_receive_ms,actual_delay_ms,online_predicted_delay_ms,cluster_predicted_delay_ms,weighted_predicted_delay_ms,sender_average_outgoing_delay_ms,sender_average_incoming_delay_ms,sender_num_messages_sent_simultaneously,receiver_average_outgoing_delay_ms,receiver_average_incoming_delay_ms,receiver_num_messages_sent_simultaneously,network_average_delay_ms,network_num_messages_in_transit,network_num_busy_links,network_num_network_nodes,network_num_messages_sent_simultaneously
msg_0,node49,node0,317,187460,187462.0,2.0,,,,,,49,,,0,,49,49,50,49
msg_1,node49,node1,317,187460,187462.0,2.0,,,,2.0,,49,,,0,2.0,48,48,50,49
msg_2,node49,node2,317,187460,187464.0,4.0,,,,2.3333333333333335,,49,,,0,2.3333333333333335,46,46,50,49
msg_3,node49,node3,317,187460,187464.0,4.0,,,,2.8,,49,,,0,2.8,44,44,50,49
msg_4,node49,node4,317,187460,,,,,,7.848806366047746,,49,,,0,7.848806366047746,520,20,50,49
msg_5,node49,node5,317,187460,,,,,,7.848806366047746,,49,,,0,7.848806366047746,520,20,50,49
msg_6,node49,node6,317,187460,187464.0,4.0,,,,3.0,,49,,,0,3.0,43,43,50,49
msg_7,node49,node7,317,187460,187465.0,5.0,,,,3.0,,49,,,0,3.0,43,43,50,49
msg_8,node49,node8,317,187460,187466.0,6.0,,,,3.375,,49,,,0,3.375,41,41,50,49
msg_9,node49,node9,317,187460,187466.0,6.0,,,,3.6666666666666665,,49,,,0,3.6666666666666665,40,40,50,49
msg_10,node49,node10,319,187460,187463.0,3.0,,,,2.0,,49,,,0,2.0,47,47,50,49
msg_11,node49,node11,319,187460,,,,,,7.848806366047746,,49,,,0,7.848806366047746,520,20,50,49
msg_12,node49,node12,319,187460,,,,,,7.848806366047746,,49,,,0,7.848806366047746,520,20,50,49
msg_13,node49,node13,319,187460,187466.0,6.0,,,,3.6666666666666665,,49,,,0,3.6666666666666665,40,40,50,49
msg_14,node49,node14,319,187460,187463.0,3.0,,,,2.3333333333333335,,49,,,0,2.3333333333333335,46,46,50,49
msg_15,node49,node15,319,187460,187467.0,7.0,,,,4.090909090909091,,49,,,0,4.090909090909091,38,38,50,49
msg_16,node49,node16,319,187460,,,,,,7.848806366047746,,49,,,0,7.848806366047746,520,20,50,49
msg_17,node49,node17,319,187460,187468.0,8.0,,,,4.714285714285714,,49,,,0,4.714285714285714,35,35,50,49
msg_18,node49,node18,319,187460,,,,,,7.848806366047746,,49,,,0,7.848806366047746,520,20,50,49
msg_19,node49,node19,319,187460,,,,,,7.848806366047746,,49,,,0,7.848806366047746,520,20,50,49
msg_20,node49,node20,319,187460,187469.0,9.0,,,,5.125,,49,,,0,5.125,33,33,50,49
msg_21,node49,node21,319,187460,187467.0,7.0,,,,4.333333333333333,,49,,,0,4.333333333333333,37,37,50,49
msg_22,node49,node22,319,187460,,,,,,7.848806366047746,,49,,,0,7.848806366047746,520,20,50,49
msg_23,node49,node23,319,187460,,,,,,7.848806366047746,,49,,,0,7.848806366047746,520,20,50,49
msg_24,node49,node24,319,187460,187469.0,9.0,,,,5.352941176470588,,49,,,0,5.352941176470588,32,32,50,49
msg_25,node49,node25,319,187460,187469.0,9.0,,,,5.352941176470588,,49,,,0,5.352941176470588,32,32,50,49
msg_26,node49,node26,319,187460,,,,,,7.848806366047746,,49,,,0,7.848806366047746,520,20,50,49
msg_27,node49,node27,319,187460,187470.0,10.0,,,,5.7368421052631575,,49,,,0,5.7368421052631575,30,30,50,49
msg_28,node49,node28,319,187460,,,,,,7.848806366047746,,49,,,0,7.848806366047746,520,20,50,49
msg_29,node49,node29,319,187460,,,,,,7.848806366047746,,49,,,0,7.848806366047746,520,20,50,49
msg_30,node49,node30,319,187460,,,,,,7.848806366047746,,49,,,0,7.848806366047746,520,20,50,49
msg_31,node49,node31,319,187460,187467.0,7.0,,,,4.333333333333333,,49,,,0,4.333333333333333,37,37,50,49
msg_32,node49,node32,319,187460,187468.0,8.0,,,,4.714285714285714,,49,,,0,4.714285714285714,35,35,50,49
msg_33,node49,node33,319,187460,187470.0,10.0,,,,5.7368421052631575,,49,,,0,5.7368421052631575,30,30,50,49
msg_34,node49,node34,319,187460,,,,,,7.848806366047746,,49,,,0,7.848806366047746,520,20,50,49
msg_35,node49,node35,319,187460,187470.0,10.0,,,,6.142857142857143,,49,,,0,6.142857142857143,28,28,50,49
msg_36,node49,node36,319,187460,187470.0,10.0,,,,6.318181818181818,,49,,,0,6.318181818181818,27,27,50,49
msg_37,node49,node37,319,187460,187471.0,11.0,,,,6.318181818181818,,49,,,0,6.318181818181818,27,27,50,49
msg_38,node49,node38,319,187460,,,,,,7.848806366047746,,49,,,0,7.848806366047746,520,20,50,49
msg_39,node49,node39,319,187460,,,,,,7.848806366047746,,49,,,0,7.848806366047746,520,20,50,49
msg_40,node49,node40,319,187460,187471.0,11.0,,,,6.666666666666667,,49,,,0,6.666666666666667,25,25,50,49
msg_41,node49,node41,319,187460,187471.0,11.0,,,,6.666666666666667,,49,,,0,6.666666666666667,25,25,50,49
msg_42,node49,node42,319,187460,,,,,,7.848806366047746,,49,,,0,7.848806366047746,520,20,50,49
msg_43,node49,node43,319,187460,,,,,,7.848806366047746,,49,,,0,7.848806366047746,520,20,50,49
msg_44,node49,node44,319,187460,187472.0,12.0,,,,7.0,,49,,,0,7.0,23,23,50,49
msg_45,node49,node45,319,187460,187472.0,12.0,,,,7.185185185185185,,49,,,0,7.185185185185185,22,22,50,49
msg_46,node49,node46,319,187460,187472.0,12.0,,,,7.185185185185185,,49,,,0,7.185185185185185,22,22,50,49
msg_47,node49,node47,319,187460,,,,,,7.848806366047746,,49,,,0,7.848806366047746,520,20,50,49
msg_48,node49,node48,319,187460,,,,,,7.848806366047746,,49,,,0,7.848806366047746,520,20,50,49
msg_49,node49,node0,318,364652,364655.0,3.0,,,,7.517241379310345,,49,,2.0,0,7.517241379310345,69,49,50,49
msg_50,node49,node1,318,364652,364655.0,3.0,,,,7.366666666666666,,49,,2.0,0,7.366666666666666,68,48,50,49
msg_51,node49,node2,318,364652,364656.0,4.0,,,,7.225806451612903,,49,,4.0,0,7.225806451612903,67,47,50,49
msg_52,node49,node3,318,364652,364656.0,4.0,,,,7.225806451612903,,49,,4.0,0,7.225806451612903,67,47,50,49
msg_53,node49,node4,318,364652,,,,,,7.848806366047746,,49,,,0,7.848806366047746,520,20,50,49
msg_54,node49,node5,318,364652,,,,,,7.848806366047746,,49,,,0,7.848806366047746,520,20,50,49
msg_55,node49,node6,318,364652,364657.0,5.0,,,,6.9411764705882355,,49,,4.0,0,6.9411764705882355,64,44,50,49
msg_56,node49,node7,318,364652,364658.0,6.0,,,,6.833333333333333,,49,,5.0,0,6.833333333333333,62,42,50,49
msg_57,node49,node8,318,364652,364658.0,6.0,,,,6.8108108108108105,,49,,6.0,0,6.8108108108108105,61,41,50,49
msg_58,node49,node9,318,364652,364658.0,6.0,,,,6.7894736842105265,,49,,6.0,0,6.7894736842105265,60,40,50,49
msg_59,node49,node10,319,364652,364656.0,4.0,,,,7.03030303030303,,49,,3.0,0,7.03030303030303,65,45,50,49
msg_60,node49,node11,319,364652,,,,,,7.848806366047746,,49,,,0,7.848806366047746,520,20,50,49
msg_61,node49,node12,319,364652,,,,,,7.848806366047746,,49,,,0,7.848806366047746,520,20,50,49
msg_62,node49,node13,319,364652,364659.0,7.0,,,,6.769230769230769,,49,,6.0,0,6.769230769230769,59,39,50,49
msg_63,node49,node14,319,364652,364657.0,5.0,,,,6.9411764705882355,,49,,3.0,0,6.9411764705882355,64,44,50,49
msg_64,node49,node15,319,364652,364660.0,8.0,,,,6.780487804878049,,49,,7.0,0,6.780487804878049,57,37,50,49
msg_65,node49,node16,319,364652,,,,,,7.848806366047746,,49,,,0,7.848806366047746,520,20,50,49
msg_66,node49,node17,319,364652,364660.0,8.0,,,,6.809523809523809,,49,,8.0,0,6.809523809523809,56,36,50,49
msg_67,node49,node18,319,364652,,,,,,7.848806366047746,,49,,,0,7.848806366047746,520,20,50,49
msg_68,node49,node19,319,364652,,,,,,7.848806366047746,,49,,,0,7.848806366047746,520,20,50,49
msg_69,node49,node20,319,364652,364660.0,8.0,,,,6.809523809523809,,49,,9.0,0,6.809523809523809,56,36,50,49
msg_70,node49,node21,319,364652,364659.0,7.0,,,,6.769230769230769,,49,,7.0,0,6.769230769230769,59,39,50,49
msg_71,node49,node22,319,364652,,,,,,7.848806366047746,,49,,,0,7.848806366047746,520,20,50,49
msg_72,node49,node23,319,364652,,,,,,7.848806366047746,,49,,,0,7.848806366047746,520,20,50,49
msg_73,node49,node24,319,364652,364661.0,9.0,,,,6.863636363636363,,49,,9.0,0,6.863636363636363,54,34,50,49
msg_74,node49,node25,319,364652,364661.0,9.0,,,,6.863636363636363,,49,,9.0,0,6.863636363636363,54,34,50,49
msg_75,node49,node26,319,364652,,,,,,7.848806366047746,,49,,,0,7.848806366047746,520,20,50,49
msg_76,node49,node27,319,364652,364661.0,9.0,,,,6.956521739130435,,49,,10.0,0,6.956521739130435,52,32,50,49
msg_77,node49,node28,319,364652,,,,,,7.848806366047746,,49,,,0,7.848806366047746,520,20,50,49
msg_78,node49,node29,319,364652,,,,,,7.848806366047746,,49,,,0,7.848806366047746,520,20,50,49
msg_79,node49,node30,319,364652,,,,,,7.848806366047746,,49,,,0,7.848806366047746,520,20,50,49
msg_80,node49,node31,319,364652,364661.0,9.0,,,,7.0,,49,,7.0,0,7.0,51,31,50,49
msg_81,node49,node32,319,364652,364662.0,10.0,,,,7.0,,49,,8.0,0,7.0,51,31,50,49
msg_82,node49,node33,319,364652,364663.0,11.0,,,,7.1020408163265305,,49,,10.0,0,7.1020408163265305,49,29,50,49
msg_83,node49,node34,319,364652,,,,,,7.848806366047746,,49,,,0,7.848806366047746,520,20,50,49
msg_84,node49,node35,319,364652,364663.0,11.0,,,,7.1020408163265305,,49,,10.0,0,7.1020408163265305,49,29,50,49
msg_85,node49,node36,319,364652,364663.0,11.0,,,,7.254901960784314,,49,,10.0,0,7.254901960784314,47,27,50,49
msg_86,node49,node37,319,364652,364664.0,12.0,,,,7.326923076923077,,49,,11.0,0,7.326923076923077,46,26,50,49
msg_87,node49,node38,319,364652,,,,,,7.848806366047746,,49,,,0,7.848806366047746,520,20,50,49
msg_88,node49,node39,319,364652,,,,,,7.848806366047746,,49,,,0,7.848806366047746,520,20,50,49
msg_89,node49,node40,319,364652,364664.0,12.0,,,,7.326923076923077,,49,,11.0,0,7.326923076923077,46,26,50,49
msg_90,node49,node41,319,364652,364664.0,12.0,,,,7.5,,49,,11.0,0,7.5,44,24,50,49
msg_91,node49,node42,319,364652,,,,,,7.848806366047746,,49,,,0,7.848806366047746,520,20,50,49
msg_92,node49,node43,319,364652,,,,,,7.848806366047746,,49,,,0,7.848806366047746,520,20,50,49
msg_93,node49,node44,319,364652,364665.0,13.0,,,,7.581818181818182,,49,,12.0,0,7.581818181818182,43,23,50,49
msg_94,node49,node45,319,364652,364665.0,13.0,,,,7.678571428571429,,49,,12.0,0,7.678571428571429,42,22,50,49
msg_95,node49,node46,319,364652,364665.0,13.0,,,,7.771929824561403,,49,,12.0,0,7.771929824561403,41,21,50,49
msg_96,node49,node47,319,364652,,,,,,7.848806366047746,,49,,,0,7.848806366047746,520,20,50,49
msg_97,node49,node48,319,364652,,,,,,7.848806366047746,,49,,,0,7.848806366047746,520,20,50,49
msg_98,node49,node0,318,368146,368148.0,2.0,,,,7.862068965517241,,49,,2.5,0,7.862068965517241,89,49,50,49
msg_99,node49,node1,318,368146,368148.0,2.0,,,,7.762711864406779,,49,,2.5,0,7.762711864406779,88,48,50,49
msg_100,node49,node2,319,368146,368149.0,3.0,,,,7.666666666666667,,49,,4.0,0,7.666666666666667,87,47,50,49
msg_101,node49,node3,319,368146,368149.0,3.0,,,,7.590163934426229,,49,,4.0,0,7.590163934426229,86,46,50,49
msg_102,node49,node4,319,368146,,,,,,7.848806366047746,,49,,,0,7.848806366047746,520,20,50,49
msg_103,node49,node5,319,368146,,,,,,7.848806366047746,,49,,,0,7.848806366047746,520,20,50,49
msg_104,node49,node6,319,368146,368151.0,5.0,,,,7.390625,,49,,4.5,0,7.390625,83,43,50,49
msg_105,node49,node7,319,368146,368151.0,5.0,,,,7.390625,,49,,5.5,0,7.390625,83,43,50,49
msg_106,node49,node8,319,368146,368151.0,5.0,,,,7.318181818181818,,49,,6.0,0,7.318181818181818,81,41,50,49
msg_107,node49,node9,319,368146,368151.0,5.0,,,,7.2835820895522385,,49,,6.0,0,7.2835820895522385,80,40,50,49
msg_108,node49,node10,320,368146,368149.0,3.0,,,,7.590163934426229,,49,,3.5,0,7.590163934426229,86,46,50,49
msg_109,node49,node11,320,368146,,,,,,7.848806366047746,,49,,,0,7.848806366047746,520,20,50,49
msg_110,node49,node12,320,368146,,,,,,7.848806366047746,,49,,,0,7.848806366047746,520,20,50,49
msg_111,node49,node13,320,368146,368152.0,6.0,,,,7.2835820895522385,,49,,6.5,0,7.2835820895522385,80,40,50,49
msg_112,node49,node14,320,368146,368150.0,4.0,,,,7.444444444444445,,49,,4.0,0,7.444444444444445,84,44,50,49
msg_113,node49,node15,320,368146,368153.0,7.0,,,,7.231884057971015,,49,,7.5,0,7.231884057971015,78,38,50,49
msg_114,node49,node16,320,368146,,,,,,7.848806366047746,,49,,,0,7.848806366047746,520,20,50,49
msg_115,node49,node17,320,368146,368153.0,7.0,,,,7.211267605633803,,49,,8.0,0,7.211267605633803,76,36,50,49
msg_116,node49,node18,320,368146,,,,,,7.848806366047746,,49,,,0,7.848806366047746,520,20,50,49
msg_117,node49,node19,320,368146,,,,,,7.848806366047746,,49,,,0,7.848806366047746,520,20,50,49
msg_118,node49,node20,320,368146,368153.0,7.0,,,,7.208333333333333,,49,,8.5,0,7.208333333333333,75,35,50,49
msg_119,node49,node21,320,368146,368152.0,6.0,,,,7.231884057971015,,49,,7.0,0,7.231884057971015,78,38,50,49
msg_120,node49,node22,320,368146,,,,,,7.848806366047746,,49,,,0,7.848806366047746,520,20,50,49
msg_121,node49,node23,320,368146,,,,,,7.848806366047746,,49,,,0,7.848806366047746,520,20,50,49
msg_122,node49,node24,320,368146,368154.0,8.0,,,,7.205479452054795,,49,,9.0,0,7.205479452054795,74,34,50,49
msg_123,node49,node25,320,368146,368154.0,8.0,,,,7.205479452054795,,49,,9.0,0,7.205479452054795,74,34,50,49
msg_124,node49,node26,320,368146,,,,,,7.848806366047746,,49,,,0,7.848806366047746,520,20,50,49
msg_125,node49,node27,320,368146,368154.0,8.0,,,,7.226666666666667,,49,,9.5,0,7.226666666666667,72,32,50,49
msg_126,node49,node28,320,368146,,,,,,7.848806366047746,,49,,,0,7.848806366047746,520,20,50,49
msg_127,node49,node29,320,368146,,,,,,7.848806366047746,,49,,,0,7.848806366047746,520,20,50,49
msg_128,node49,node30,320,368146,,,,,,7.848806366047746,,49,,,0,7.848806366047746,520,20,50,49
msg_129,node49,node31,320,368146,368154.0,8.0,,,,7.2368421052631575,,49,,8.0,0,7.2368421052631575,71,31,50,49
msg_130,node49,node32,320,368146,368155.0,9.0,,,,7.2368421052631575,,49,,9.0,0,7.2368421052631575,71,31,50,49
msg_131,node49,node33,320,368146,368156.0,10.0,,,,7.269230769230769,,49,,10.5,0,7.269230769230769,69,29,50,49
msg_132,node49,node34,320,368146,,,,,,7.848806366047746,,49,,,0,7.848806366047746,520,20,50,49
msg_133,node49,node35,320,368146,368156.0,10.0,,,,7.30379746835443,,49,,10.5,0,7.30379746835443,68,28,50,49
msg_134,node49,node36,320,368146,368156.0,10.0,,,,7.3375,,49,,10.5,0,7.3375,67,27,50,49
msg_135,node49,node37,320,368146,368157.0,11.0,,,,7.37037037037037,,49,,11.5,0,7.37037037037037,66,26,50,49
msg_136,node49,node38,320,368146,,,,,,7.848806366047746,,49,,,0,7.848806366047746,520,20,50,49
msg_137,node49,node39,320,368146,,,,,,7.848806366047746,,49,,,0,7.848806366047746,520,20,50,49
msg_138,node49,node40,320,368146,368157.0,11.0,,,,7.414634146341464,,49,,11.5,0,7.414634146341464,65,25,50,49
msg_139,node49,node41,320,368146,368157.0,11.0,,,,7.414634146341464,,49,,11.5,0,7.414634146341464,65,25,50,49
msg_140,node49,node42,320,368146,,,,,,7.848806366047746,,49,,,0,7.848806366047746,520,20,50,49
msg_141,node49,node43,320,368146,,,,,,7.848806366047746,,49,,,0,7.848806366047746,520,20,50,49
msg_142,node49,node44,320,368146,368158.0,12.0,,,,7.5,,49,,12.5,0,7.5,63,23,50,49
msg_143,node49,node45,320,368146,368158.0,12.0,,,,7.552941176470588,,49,,12.5,0,7.552941176470588,62,22,50,49
msg_144,node49,node46,320,368146,368158.0,12.0,,,,7.604651162790698,,49,,12.5,0,7.604651162790698,61,21,50,49
msg_145,node49,node47,320,368146,,,,,,7.848806366047746,,49,,,0,7.848806366047746,520,20,50,49
msg_146,node49,node48,320,368146,,,,,,7.848806366047746,,49,,,0,7.848806366047746,520,20,50,49
msg_147,node49,node0,319,373466,373469.0,3.0,,,,7.655172413793103,,49,,2.3333333333333335,0,7.655172413793103,109,49,50,49
msg_148,node49,node1,319,373466,373469.0,3.0,,,,7.6022727272727275,,49,,2.3333333333333335,0,7.6022727272727275,108,48,50,49
msg_149,node49,node2,319,373466,373470.0,4.0,,,,7.6022727272727275,,49,,3.6666666666666665,0,7.6022727272727275,108,48,50,49
msg_150,node49,node3,319,373466,373470.0,4.0,,,,7.511111111111111,,49,,3.6666666666666665,0,7.511111111111111,106,46,50,49
msg_151,node49,node4,319,373466,,,,,,7.848806366047746,,49,,,0,7.848806366047746,520,20,50,49
msg_152,node49,node5,319,373466,,,,,,7.848806366047746,,49,,,0,7.848806366047746,520,20,50,49
msg_153,node49,node6,319,373466,373472.0,6.0,,,,7.445652173913044,,49,,4.666666666666667,0,7.445652173913044,104,44,50,49
msg_154,node49,node7,319,373466,373472.0,6.0,,,,7.404255319148936,,49,,5.333333333333333,0,7.404255319148936,102,42,50,49
msg_155,node49,node8,319,373466,373472.0,6.0,,,,7.389473684210526,,49,,5.666666666666667,0,7.389473684210526,101,41,50,49
msg_156,node49,node9,319,373466,373473.0,7.0,,,,7.375,,49,,5.666666666666667,0,7.375,100,40,50,49
msg_157,node49,node10,320,373466,373471.0,5.0,,,,7.472527472527473,,49,,3.3333333333333335,0,7.472527472527473,105,45,50,49
msg_158,node49,node11,320,373466,,,,,,7.848806366047746,,49,,,0,7.848806366047746,520,20,50,49
msg_159,node49,node12,320,373466,,,,,,7.848806366047746,,49,,,0,7.848806366047746,520,20,50,49
msg_160,node49,node13,320,373466,373473.0,7.0,,,,7.371134020618556,,49,,6.333333333333333,0,7.371134020618556,99,39,50,49
msg_161,node49,node14,320,373466,373471.0,5.0,,,,7.445652173913044,,49,,4.0,0,7.445652173913044,104,44,50,49
msg_162,node49,node15,320,373466,373473.0,7.0,,,,7.36734693877551,,49,,7.333333333333333,0,7.36734693877551,98,38,50,49
msg_163,node49,node16,320,373466,,,,,,7.848806366047746,,49,,,0,7.848806366047746,520,20,50,49
msg_164,node49,node17,320,373466,373473.0,7.0,,,,7.363636363636363,,49,,7.666666666666667,0,7.363636363636363,97,37,50,49
msg_165,node49,node18,320,373466,,,,,,7.848806366047746,,49,,,0,7.848806366047746,520,20,50,49
msg_166,node49,node19,320,373466,,,,,,7.848806366047746,,49,,,0,7.848806366047746,520,20,50,49
msg_167,node49,node20,320,373466,373475.0,9.0,,,,7.372549019607843,,49,,8.0,0,7.372549019607843,94,34,50,49
msg_168,node49,node21,320,373466,373474.0,8.0,,,,7.363636363636363,,49,,6.666666666666667,0,7.363636363636363,97,37,50,49
msg_169,node49,node22,320,373466,,,,,,7.848806366047746,,49,,,0,7.848806366047746,520,20,50,49
msg_170,node49,node23,320,373466,,,,,,7.848806366047746,,49,,,0,7.848806366047746,520,20,50,49
msg_171,node49,node24,320,373466,373475.0,9.0,,,,7.388349514563107,,49,,8.666666666666666,0,7.388349514563107,93,33,50,49
msg_172,node49,node25,320,373466,373476.0,10.0,,,,7.428571428571429,,49,,8.666666666666666,0,7.428571428571429,91,31,50,49
msg_173,node49,node26,320,373466,,,,,,7.848806366047746,,49,,,0,7.848806366047746,520,20,50,49
msg_174,node49,node27,320,373466,373476.0,10.0,,,,7.452830188679245,,49,,9.0,0,7.452830188679245,90,30,50,49
msg_175,node49,node28,320,373466,,,,,,7.848806366047746,,49,,,0,7.848806366047746,520,20,50,49
msg_176,node49,node29,320,373466,,,,,,7.848806366047746,,49,,,0,7.848806366047746,520,20,50,49
msg_177,node49,node30,320,373466,,,,,,7.848806366047746,,49,,,0,7.848806366047746,520,20,50,49
msg_178,node49,node31,320,373466,373474.0,8.0,,,,7.366336633663367,,49,,8.0,0,7.366336633663367,95,35,50,49
msg_179,node49,node32,320,373466,373476.0,10.0,,,,7.388349514563107,,49,,9.0,0,7.388349514563107,93,33,50,49
msg_180,node49,node33,320,373466,373477.0,11.0,,,,7.4766355140186915,,49,,10.333333333333334,0,7.4766355140186915,89,29,50,49
msg_181,node49,node34,320,373466,,,,,,7.848806366047746,,49,,,0,7.848806366047746,520,20,50,49
msg_182,node49,node35,320,373466,373477.0,11.0,,,,7.5092592592592595,,49,,10.333333333333334,0,7.5092592592592595,88,28,50,49
msg_183,node49,node36,320,373466,373477.0,11.0,,,,7.5092592592592595,,49,,10.333333333333334,0,7.5092592592592595,88,28,50,49
msg_184,node49,node37,320,373466,373478.0,12.0,,,,7.572727272727272,,49,,11.333333333333334,0,7.572727272727272,86,26,50,49
msg_185,node49,node38,320,373466,,,,,,7.848806366047746,,49,,,0,7.848806366047746,520,20,50,49
msg_186,node49,node39,320,373466,,,,,,7.848806366047746,,49,,,0,7.848806366047746,520,20,50,49
msg_187,node49,node40,320,373466,373478.0,12.0,,,,7.612612612612613,,49,,11.333333333333334,0,7.612612612612613,85,25,50,49
msg_188,node49,node41,320,373466,373478.0,12.0,,,,7.612612612612613,,49,,11.333333333333334,0,7.612612612612613,85,25,50,49
msg_189,node49,node42,320,373466,,,,,,7.848806366047746,,49,,,0,7.848806366047746,520,20,50,49
msg_190,node49,node43,320,373466,,,,,,7.848806366047746,,49,,,0,7.848806366047746,520,20,50,49
msg_191,node49,node44,320,373466,373479.0,13.0,,,,7.6902654867256635,,49,,12.333333333333334,0,7.6902654867256635,83,23,50,49
msg_192,node49,node45,320,373466,373479.0,13.0,,,,7.7368421052631575,,49,,12.333333333333334,0,7.7368421052631575,82,22,50,49
msg_193,node49,node46,320,373466,373479.0,13.0,,,,7.782608695652174,,49,,12.333333333333334,0,7.782608695652174,81,21,50,49
msg_194,node49,node47,320,373466,,,,,,7.848806366047746,,49,,,0,7.848806366047746,520,20,50,49
msg_195,node49,node48,320,373466,,,,,,7.848806366047746,,49,,,0,7.848806366047746,520,20,50,49
msg_196,node49,node0,319,481758,481761.0,3.0,,,,7.827586206896552,,49,,2.5,0,7.827586206896552,129,49,50,49
msg_197,node49,node1,319,481758,481761.0,3.0,,,,7.786324786324786,,49,,2.5,0,7.786324786324786,128,48,50,49
msg_198,node49,node2,319,481758,481761.0,3.0,,,,7.745762711864407,,49,,3.75,0,7.745762711864407,127,47,50,49
msg_199,node49,node3,319,481758,481761.0,3.0,,,,7.666666666666667,,49,,3.75,0,7.666666666666667,125,45,50,49
msg_200,node49,node4,319,481758,,,,,,7.848806366047746,,49,,,0,7.848806366047746,520,20,50,49
msg_201,node49,node5,319,481758,,,,,,7.848806366047746,,49,,,0,7.848806366047746,520,20,50,49
msg_202,node49,node6,319,481758,481762.0,4.0,,,,7.628099173553719,,49,,5.0,0,7.628099173553719,124,44,50,49
msg_203,node49,node7,319,481758,481762.0,4.0,,,,7.628099173553719,,49,,5.5,0,7.628099173553719,124,44,50,49
msg_204,node49,node8,319,481758,481763.0,5.0,,,,7.540322580645161,,49,,5.75,0,7.540322580645161,121,41,50,49
msg_205,node49,node9,319,481758,481763.0,5.0,,,,7.540322580645161,,49,,6.0,0,7.540322580645161,121,41,50,49
msg_206,node49,node10,320,481758,481761.0,3.0,,,,7.745762711864407,,49,,3.75,0,7.745762711864407,127,47,50,49
msg_207,node49,node11,320,481758,,,,,,7.848806366047746,,49,,,0,7.848806366047746,520,20,50,49
msg_208,node49,node12,320,481758,,,,,,7.848806366047746,,49,,,0,7.848806366047746,520,20,50,49
msg_209,node49,node13,320,481758,481764.0,6.0,,,,7.5,,49,,6.5,0,7.5,119,39,50,49
msg_210,node49,node14,320,481758,481762.0,4.0,,,,7.569105691056911,,49,,4.25,0,7.569105691056911,122,42,50,49
msg_211,node49,node15,320,481758,481764.0,6.0,,,,7.488188976377953,,49,,7.25,0,7.488188976377953,118,38,50,49
msg_212,node49,node16,320,481758,,,,,,7.848806366047746,,49,,,0,7.848806366047746,520,20,50,49
msg_213,node49,node17,320,481758,481765.0,7.0,,,,7.465116279069767,,49,,7.5,0,7.465116279069767,116,36,50,49
msg_214,node49,node18,320,481758,,,,,,7.848806366047746,,49,,,0,7.848806366047746,520,20,50,49
msg_215,node49,node19,320,481758,,,,,,7.848806366047746,,49,,,0,7.848806366047746,520,20,50,49
msg_216,node49,node20,320,481758,481765.0,7.0,,,,7.461538461538462,,49,,8.25,0,7.461538461538462,115,35,50,49
msg_217,node49,node21,320,481758,481764.0,6.0,,,,7.488188976377953,,49,,7.0,0,7.488188976377953,118,38,50,49
msg_218,node49,node22,320,481758,,,,,,7.848806366047746,,49,,,0,7.848806366047746,520,20,50,49
msg_219,node49,node23,320,481758,,,,,,7.848806366047746,,49,,,0,7.848806366047746,520,20,50,49
msg_220,node49,node24,320,481758,481767.0,9.0,,,,7.454545454545454,,49,,8.75,0,7.454545454545454,113,33,50,49
msg_221,node49,node25,320,481758,481767.0,9.0,,,,7.470149253731344,,49,,9.0,0,7.470149253731344,111,31,50,49
msg_222,node49,node26,320,481758,,,,,,7.848806366047746,,49,,,0,7.848806366047746,520,20,50,49
msg_223,node49,node27,320,481758,481767.0,9.0,,,,7.481481481481482,,49,,9.25,0,7.481481481481482,110,30,50,49
msg_224,node49,node28,320,481758,,,,,,7.848806366047746,,49,,,0,7.848806366047746,520,20,50,49
msg_225,node49,node29,320,481758,,,,,,7.848806366047746,,49,,,0,7.848806366047746,520,20,50,49
msg_226,node49,node30,320,481758,,,,,,7.848806366047746,,49,,,0,7.848806366047746,520,20,50,49
msg_227,node49,node31,320,481758,481765.0,7.0,,,,7.458015267175573,,49,,8.0,0,7.458015267175573,114,34,50,49
msg_228,node49,node32,320,481758,481766.0,8.0,,,,7.454545454545454,,49,,9.25,0,7.454545454545454,113,33,50,49
msg_229,node49,node33,320,481758,481768.0,10.0,,,,7.492647058823529,,49,,10.5,0,7.492647058823529,109,29,50,49
msg_230,node49,node34,320,481758,,,,,,7.848806366047746,,49,,,0,7.848806366047746,520,20,50,49
msg_231,node49,node35,320,481758,481768.0,10.0,,,,7.492647058823529,,49,,10.5,0,7.492647058823529,109,29,50,49
msg_232,node49,node36,320,481758,481768.0,10.0,,,,7.528985507246377,,49,,10.5,0,7.528985507246377,107,27,50,49
msg_233,node49,node37,320,481758,481768.0,10.0,,,,7.546762589928058,,49,,11.5,0,7.546762589928058,106,26,50,49
msg_234,node49,node38,320,481758,,,,,,7.848806366047746,,49,,,0,7.848806366047746,520,20,50,49
msg_235,node49,node39,320,481758,,,,,,7.848806366047746,,49,,,0,7.848806366047746,520,20,50,49
msg_236,node49,node40,320,481758,481769.0,11.0,,,,7.546762589928058,,49,,11.5,0,7.546762589928058,106,26,50,49
msg_237,node49,node41,320,481758,481769.0,11.0,,,,7.588652482269503,,49,,11.5,0,7.588652482269503,104,24,50,49
msg_238,node49,node42,320,481758,,,,,,7.848806366047746,,49,,,0,7.848806366047746,520,20,50,49
msg_239,node49,node43,320,481758,,,,,,7.848806366047746,,49,,,0,7.848806366047746,520,20,50,49
msg_240,node49,node44,320,481758,481769.0,11.0,,,,7.612676056338028,,49,,12.5,0,7.612676056338028,103,23,50,49
msg_241,node49,node45,320,481758,481770.0,12.0,,,,7.636363636363637,,49,,12.5,0,7.636363636363637,102,22,50,49
msg_242,node49,node46,320,481758,481770.0,12.0,,,,7.636363636363637,,49,,12.5,0,7.636363636363637,102,22,50,49
msg_243,node49,node47,320,481758,,,,,,7.848806366047746,,49,,,0,7.848806366047746,520,20,50,49
msg_244,node49,node48,320,481758,,,,,,7.848806366047746,,49,,,0,7.848806366047746,520,20,50,49
msg_245,node49,node0,319,561658,561661.0,3.0,,,,7.696551724137931,,49,,2.6,0,7.696551724137931,149,49,50,49
msg_246,node49,node1,319,561658,561661.0,3.0,,,,7.664383561643835,,49,,2.6,0,7.664383561643835,148,48,50,49
msg_247,node49,node2,319,561658,561662.0,4.0,,,,7.63265306122449,,49,,3.6,0,7.63265306122449,147,47,50,49
msg_248,node49,node3,319,561658,561662.0,4.0,,,,7.63265306122449,,49,,3.6,0,7.63265306122449,147,47,50,49
msg_249,node49,node4,319,561658,,,,,,7.848806366047746,,49,,,0,7.848806366047746,520,20,50,49
msg_250,node49,node5,319,561658,,,,,,7.848806366047746,,49,,,0,7.848806366047746,520,20,50,49
msg_251,node49,node6,319,561658,561663.0,5.0,,,,7.56,,49,,4.8,0,7.56,144,44,50,49
msg_252,node49,node7,319,561658,561664.0,6.0,,,,7.526315789473684,,49,,5.2,0,7.526315789473684,142,42,50,49
msg_253,node49,node8,319,561658,561664.0,6.0,,,,7.516339869281046,,49,,5.6,0,7.516339869281046,141,41,50,49
msg_254,node49,node9,319,561658,561664.0,6.0,,,,7.516339869281046,,49,,5.8,0,7.516339869281046,141,41,50,49
msg_255,node49,node10,320,561658,561662.0,4.0,,,,7.583892617449664,,49,,3.6,0,7.583892617449664,145,45,50,49
msg_256,node49,node11,320,561658,,,,,,7.848806366047746,,49,,,0,7.848806366047746,520,20,50,49
msg_257,node49,node12,320,561658,,,,,,7.848806366047746,,49,,,0,7.848806366047746,520,20,50,49
msg_258,node49,node13,320,561658,561665.0,7.0,,,,7.496774193548387,,49,,6.4,0,7.496774193548387,139,39,50,49
msg_259,node49,node14,320,561658,561663.0,5.0,,,,7.56,,49,,4.2,0,7.56,144,44,50,49
msg_260,node49,node15,320,561658,561666.0,8.0,,,,7.493589743589744,,49,,7.0,0,7.493589743589744,138,38,50,49
msg_261,node49,node16,320,561658,,,,,,7.848806366047746,,49,,,0,7.848806366047746,520,20,50,49
msg_262,node49,node17,320,561658,561666.0,8.0,,,,7.493670886075949,,49,,7.4,0,7.493670886075949,136,36,50,49
msg_263,node49,node18,320,561658,,,,,,7.848806366047746,,49,,,0,7.848806366047746,520,20,50,49
msg_264,node49,node19,320,561658,,,,,,7.848806366047746,,49,,,0,7.848806366047746,520,20,50,49
msg_265,node49,node20,320,561658,561666.0,8.0,,,,7.49685534591195,,49,,8.0,0,7.49685534591195,135,35,50,49
msg_266,node49,node21,320,561658,561665.0,7.0,,,,7.493589743589744,,49,,6.8,0,7.493589743589744,138,38,50,49
msg_267,node49,node22,320,561658,,,,,,7.848806366047746,,49,,,0,7.848806366047746,520,20,50,49
msg_268,node49,node23,320,561658,,,,,,7.848806366047746,,49,,,0,7.848806366047746,520,20,50,49
msg_269,node49,node24,320,561658,561667.0,9.0,,,,7.5,,49,,8.8,0,7.5,134,34,50,49
msg_270,node49,node25,320,561658,561667.0,9.0,,,,7.509316770186335,,49,,9.0,0,7.509316770186335,133,33,50,49
msg_271,node49,node26,320,561658,,,,,,7.848806366047746,,49,,,0,7.848806366047746,520,20,50,49
msg_272,node49,node27,320,561658,561667.0,9.0,,,,7.509316770186335,,49,,9.2,0,7.509316770186335,133,33,50,49
msg_273,node49,node28,320,561658,,,,,,7.848806366047746,,49,,,0,7.848806366047746,520,20,50,49
msg_274,node49,node29,320,561658,,,,,,7.848806366047746,,49,,,0,7.848806366047746,520,20,50,49
msg_275,node49,node30,320,561658,,,,,,7.848806366047746,,49,,,0,7.848806366047746,520,20,50,49
msg_276,node49,node31,320,561658,561667.0,9.0,,,,7.52760736196319,,49,,7.8,0,7.52760736196319,131,31,50,49
msg_277,node49,node32,320,561658,561668.0,10.0,,,,7.536585365853658,,49,,9.0,0,7.536585365853658,130,30,50,49
msg_278,node49,node33,320,561658,561669.0,11.0,,,,7.536585365853658,,49,,10.4,0,7.536585365853658,130,30,50,49
msg_279,node49,node34,320,561658,,,,,,7.848806366047746,,49,,,0,7.848806366047746,520,20,50,49
msg_280,node49,node35,320,561658,561669.0,11.0,,,,7.572289156626506,,49,,10.4,0,7.572289156626506,128,28,50,49
msg_281,node49,node36,320,561658,561669.0,11.0,,,,7.592814371257485,,49,,10.4,0,7.592814371257485,127,27,50,49
msg_282,node49,node37,320,561658,561670.0,12.0,,,,7.613095238095238,,49,,11.2,0,7.613095238095238,126,26,50,49
msg_283,node49,node38,320,561658,,,,,,7.848806366047746,,49,,,0,7.848806366047746,520,20,50,49
msg_284,node49,node39,320,561658,,,,,,7.848806366047746,,49,,,0,7.848806366047746,520,20,50,49
msg_285,node49,node40,320,561658,561670.0,12.0,,,,7.6390532544378695,,49,,11.4,0,7.6390532544378695,125,25,50,49
msg_286,node49,node41,320,561658,561670.0,12.0,,,,7.6647058823529415,,49,,11.4,0,7.6647058823529415,124,24,50,49
msg_287,node49,node42,320,561658,,,,,,7.848806366047746,,49,,,0,7.848806366047746,520,20,50,49
msg_288,node49,node43,320,561658,,,,,,7.848806366047746,,49,,,0,7.848806366047746,520,20,50,49
msg_289,node49,node44,320,561658,561671.0,13.0,,,,7.6647058823529415,,49,,12.2,0,7.6647058823529415,124,24,50,49
msg_290,node49,node45,320,561658,561671.0,13.0,,,,7.72093023255814,,49,,12.4,0,7.72093023255814,122,22,50,49
msg_291,node49,node46,320,561658,561671.0,13.0,,,,7.7514450867052025,,49,,12.4,0,7.7514450867052025,121,21,50,49
msg_292,node49,node47,320,561658,,,,,,7.848806366047746,,49,,,0,7.848806366047746,520,20,50,49
msg_293,node49,node48,320,561658,,,,,,7.848806366047746,,49,,,0,7.848806366047746,520,20,50,49
msg_294,node49,node0,319,628129,628132.0,3.0,,,,7.781609195402299,,49,,2.6666666666666665,0,7.781609195402299,169,49,50,49
msg_295,node49,node1,319,628129,628132.0,3.0,,,,7.781609195402299,,49,,2.6666666666666665,0,7.781609195402299,169,49,50,49
msg_296,node49,node2,319,628129,628133.0,4.0,,,,7.7272727272727275,,49,,3.6666666666666665,0,7.7272727272727275,167,47,50,49
msg_297,node49,node3,319,628129,628133.0,4.0,,,,7.706214689265536,,49,,3.6666666666666665,0,7.706214689265536,166,46,50,49
msg_298,node49,node4,319,628129,,,,,,7.848806366047746,,49,,,0,7.848806366047746,520,20,50,49
msg_299,node49,node5,319,628129,,,,,,7.848806366047746,,49,,,0,7.848806366047746,520,20,50,49
msg_300,node49,node6,319,628129,628134.0,5.0,,,,7.706214689265536,,49,,4.833333333333333,0,7.706214689265536,166,46,50,49
msg_301,node49,node7,319,628129,628134.0,5.0,,,,7.65,,49,,5.333333333333333,0,7.65,163,43,50,49
msg_302,node49,node8,319,628129,628135.0,6.0,,,,7.6353591160221,,49,,5.666666666666667,0,7.6353591160221,162,42,50,49
msg_303,node49,node9,319,628129,628135.0,6.0,,,,7.6353591160221,,49,,5.833333333333333,0,7.6353591160221,162,42,50,49
msg_304,node49,node10,320,628129,628133.0,4.0,,,,7.706214689265536,,49,,3.6666666666666665,0,7.706214689265536,166,46,50,49
msg_305,node49,node11,320,628129,,,,,,7.848806366047746,,49,,,0,7.848806366047746,520,20,50,49
msg_306,node49,node12,320,628129,,,,,,7.848806366047746,,49,,,0,7.848806366047746,520,20,50,49
msg_307,node49,node13,320,628129,628135.0,6.0,,,,7.6353591160221,,49,,6.5,0,7.6353591160221,162,42,50,49
msg_308,node49,node14,320,628129,628135.0,6.0,,,,7.608695652173913,,49,,4.333333333333333,0,7.608695652173913,159,39,50,49
msg_309,node49,node15,320,628129,628137.0,8.0,,,,7.596774193548387,,49,,7.166666666666667,0,7.596774193548387,157,37,50,49
msg_310,node49,node16,320,628129,,,,,,7.848806366047746,,49,,,0,7.848806366047746,520,20,50,49
msg_311,node49,node17,320,628129,628137.0,8.0,,,,7.598930481283422,,49,,7.5,0,7.598930481283422,156,36,50,49
msg_312,node49,node18,320,628129,,,,,,7.848806366047746,,49,,,0,7.848806366047746,520,20,50,49
msg_313,node49,node19,320,628129,,,,,,7.848806366047746,,49,,,0,7.848806366047746,520,20,50,49
msg_314,node49,node20,320,628129,628137.0,8.0,,,,7.601063829787234,,49,,8.0,0,7.601063829787234,155,35,50,49
msg_315,node49,node21,320,628129,628136.0,7.0,,,,7.608695652173913,,49,,6.833333333333333,0,7.608695652173913,159,39,50,49
msg_316,node49,node22,320,628129,,,,,,7.848806366047746,,49,,,0,7.848806366047746,520,20,50,49
msg_317,node49,node23,320,628129,,,,,,7.848806366047746,,49,,,0,7.848806366047746,520,20,50,49
msg_318,node49,node24,320,628129,628139.0,10.0,,,,7.612565445026178,,49,,8.833333333333334,0,7.612565445026178,152,32,50,49
msg_319,node49,node25,320,628129,628139.0,10.0,,,,7.612565445026178,,49,,9.0,0,7.612565445026178,152,32,50,49
msg_320,node49,node26,320,628129,,,,,,7.848806366047746,,49,,,0,7.848806366047746,520,20,50,49
msg_321,node49,node27,320,628129,628139.0,10.0,,,,7.637305699481865,,49,,9.166666666666666,0,7.637305699481865,150,30,50,49
msg_322,node49,node28,320,628129,,,,,,7.848806366047746,,49,,,0,7.848806366047746,520,20,50,49
msg_323,node49,node29,320,628129,,,,,,7.848806366047746,,49,,,0,7.848806366047746,520,20,50,49
msg_324,node49,node30,320,628129,,,,,,7.848806366047746,,49,,,0,7.848806366047746,520,20,50,49
msg_325,node49,node31,320,628129,628137.0,8.0,,,,7.601063829787234,,49,,8.0,0,7.601063829787234,155,35,50,49
msg_326,node49,node32,320,628129,628138.0,9.0,,,,7.605263157894737,,49,,9.166666666666666,0,7.605263157894737,153,33,50,49
msg_327,node49,node33,320,628129,628140.0,11.0,,,,7.649484536082475,,49,,10.5,0,7.649484536082475,149,29,50,49
msg_328,node49,node34,320,628129,,,,,,7.848806366047746,,49,,,0,7.848806366047746,520,20,50,49
msg_329,node49,node35,320,628129,628141.0,12.0,,,,7.649484536082475,,49,,10.5,0,7.649484536082475,149,29,50,49
msg_330,node49,node36,320,628129,628141.0,12.0,,,,7.649484536082475,,49,,10.5,0,7.649484536082475,149,29,50,49
msg_331,node49,node37,320,628129,628141.0,12.0,,,,7.710659898477157,,49,,11.333333333333334,0,7.710659898477157,146,26,50,49
msg_332,node49,node38,320,628129,,,,,,7.848806366047746,,49,,,0,7.848806366047746,520,20,50,49
msg_333,node49,node39,320,628129,,,,,,7.848806366047746,,49,,,0,7.848806366047746,520,20,50,49
msg_334,node49,node40,320,628129,628141.0,12.0,,,,7.732323232323233,,49,,11.5,0,7.732323232323233,145,25,50,49
msg_335,node49,node41,320,628129,628143.0,14.0,,,,7.7537688442211055,,49,,11.5,0,7.7537688442211055,144,24,50,49
msg_336,node49,node42,320,628129,,,,,,7.848806366047746,,49,,,0,7.848806366047746,520,20,50,49
msg_337,node49,node43,320,628129,,,,,,7.848806366047746,,49,,,0,7.848806366047746,520,20,50,49
msg_338,node49,node44,320,628129,628143.0,14.0,,,,7.7537688442211055,,49,,12.333333333333334,0,7.7537688442211055,144,24,50,49
msg_339,node49,node45,320,628129,628143.0,14.0,,,,7.8159203980099505,,49,,12.5,0,7.8159203980099505,142,22,50,49
msg_340,node49,node46,320,628129,628144.0,15.0,,,,7.846534653465347,,49,,12.5,0,7.846534653465347,141,21,50,49
msg_341,node49,node47,320,628129,,,,,,7.848806366047746,,49,,,0,7.848806366047746,520,20,50,49
msg_342,node49,node48,320,628129,,,,,,7.848806366047746,,49,,,0,7.848806366047746,520,20,50,49
msg_343,node49,node0,319,650231,650233.0,2.0,,,,7.8817733990147785,,49,,2.7142857142857144,0,7.8817733990147785,189,49,50,49
msg_344,node49,node1,319,650231,650234.0,3.0,,,,7.852941176470588,,49,,2.7142857142857144,0,7.852941176470588,188,48,50,49
msg_345,node49,node2,319,650231,650234.0,3.0,,,,7.852941176470588,,49,,3.7142857142857144,0,7.852941176470588,188,48,50,49
msg_346,node49,node3,319,650231,650235.0,4.0,,,,7.852941176470588,,49,,3.7142857142857144,0,7.852941176470588,188,48,50,49
msg_347,node49,node4,319,650231,,,,,,7.848806366047746,,49,,,0,7.848806366047746,520,20,50,49
msg_348,node49,node5,319,650231,,,,,,7.848806366047746,,49,,,0,7.848806366047746,520,20,50,49
msg_349,node49,node6,319,650231,650236.0,5.0,,,,7.769230769230769,,49,,4.857142857142857,0,7.769230769230769,184,44,50,49
msg_350,node49,node7,319,650231,650236.0,5.0,,,,7.755980861244019,,49,,5.285714285714286,0,7.755980861244019,183,43,50,49
msg_351,node49,node8,319,650231,650237.0,6.0,,,,7.742857142857143,,49,,5.714285714285714,0,7.742857142857143,182,42,50,49
msg_352,node49,node9,319,650231,650237.0,6.0,,,,7.721698113207547,,49,,5.857142857142857,0,7.721698113207547,180,40,50,49
msg_353,node49,node10,320,650231,650235.0,4.0,,,,7.78743961352657,,49,,3.7142857142857144,0,7.78743961352657,185,45,50,49
msg_354,node49,node11,320,650231,,,,,,7.848806366047746,,49,,,0,7.848806366047746,520,20,50,49
msg_355,node49,node12,320,650231,,,,,,7.848806366047746,,49,,,0,7.848806366047746,520,20,50,49
msg_356,node49,node13,320,650231,650238.0,7.0,,,,7.713615023474178,,49,,6.428571428571429,0,7.713615023474178,179,39,50,49
msg_357,node49,node14,320,650231,650236.0,5.0,,,,7.742857142857143,,49,,4.571428571428571,0,7.742857142857143,182,42,50,49
msg_358,node49,node15,320,650231,650240.0,9.0,,,,7.714285714285714,,49,,7.285714285714286,0,7.714285714285714,175,35,50,49
msg_359,node49,node16,320,650231,,,,,,7.848806366047746,,49,,,0,7.848806366047746,520,20,50,49
msg_360,node49,node17,320,650231,650240.0,9.0,,,,7.720183486238532,,49,,7.571428571428571,0,7.720183486238532,174,34,50,49
msg_361,node49,node18,320,650231,,,,,,7.848806366047746,,49,,,0,7.848806366047746,520,20,50,49
msg_362,node49,node19,320,650231,,,,,,7.848806366047746,,49,,,0,7.848806366047746,520,20,50,49
msg_363,node49,node20,320,650231,650241.0,10.0,,,,7.720183486238532,,49,,8.0,0,7.720183486238532,174,34,50,49
msg_364,node49,node21,320,650231,650238.0,7.0,,,,7.710280373831775,,49,,6.857142857142857,0,7.710280373831775,178,38,50,49
msg_365,node49,node22,320,650231,,,,,,7.848806366047746,,49,,,0,7.848806366047746,520,20,50,49
msg_366,node49,node23,320,650231,,,,,,7.848806366047746,,49,,,0,7.848806366047746,520,20,50,49
msg_367,node49,node24,320,650231,650241.0,10.0,,,,7.736363636363636,,49,,9.0,0,7.736363636363636,172,32,50,49
msg_368,node49,node25,320,650231,650241.0,10.0,,,,7.746606334841629,,49,,9.142857142857142,0,7.746606334841629,171,31,50,49
msg_369,node49,node26,320,650231,,,,,,7.848806366047746,,49,,,0,7.848806366047746,520,20,50,49
msg_370,node49,node27,320,650231,650242.0,11.0,,,,7.756756756756757,,49,,9.285714285714286,0,7.756756756756757,170,30,50,49
msg_371,node49,node28,320,650231,,,,,,7.848806366047746,,49,,,0,7.848806366047746,520,20,50,49
msg_372,node49,node29,320,650231,,,,,,7.848806366047746,,49,,,0,7.848806366047746,520,20,50,49
msg_373,node49,node30,320,650231,,,,,,7.848806366047746,,49,,,0,7.848806366047746,520,20,50,49
msg_374,node49,node31,320,650231,650239.0,8.0,,,,7.710280373831775,,49,,8.0,0,7.710280373831775,178,38,50,49
msg_375,node49,node32,320,650231,650240.0,9.0,,,,7.708333333333333,,49,,9.142857142857142,0,7.708333333333333,176,36,50,49
msg_376,node49,node33,320,650231,650242.0,11.0,,,,7.756756756756757,,49,,10.571428571428571,0,7.756756756756757,170,30,50,49
msg_377,node49,node34,320,650231,,,,,,7.848806366047746,,49,,,0,7.848806366047746,520,20,50,49
msg_378,node49,node35,320,650231,650242.0,11.0,,,,7.785714285714286,,49,,10.714285714285714,0,7.785714285714286,168,28,50,49
msg_379,node49,node36,320,650231,650243.0,12.0,,,,7.8,,49,,10.714285714285714,0,7.8,167,27,50,49
msg_380,node49,node37,320,650231,650243.0,12.0,,,,7.8,,49,,11.428571428571429,0,7.8,167,27,50,49
msg_381,node49,node38,320,650231,,,,,,7.848806366047746,,49,,,0,7.848806366047746,520,20,50,49
msg_382,node49,node39,320,650231,,,,,,7.848806366047746,,49,,,0,7.848806366047746,520,20,50,49
msg_383,node49,node40,320,650231,650243.0,12.0,,,,7.8370044052863435,,49,,11.571428571428571,0,7.8370044052863435,165,25,50,49
msg_384,node49,node41,320,650231,650243.0,12.0,,,,7.855263157894737,,49,,11.857142857142858,0,7.855263157894737,164,24,50,49
msg_385,node49,node42,320,650231,,,,,,7.848806366047746,,49,,,0,7.848806366047746,520,20,50,49
msg_386,node49,node43,320,650231,,,,,,7.848806366047746,,49,,,0,7.848806366047746,520,20,50,49
msg_387,node49,node44,320,650231,650244.0,13.0,,,,7.855263157894737,,49,,12.571428571428571,0,7.855263157894737,164,24,50,49
msg_388,node49,node45,320,650231,650244.0,13.0,,,,7.895652173913043,,49,,12.714285714285714,0,7.895652173913043,162,22,50,49
msg_389,node49,node46,320,650231,650244.0,13.0,,,,7.917748917748917,,49,,12.857142857142858,0,7.917748917748917,161,21,50,49
msg_390,node49,node47,320,650231,,,,,,7.848806366047746,,49,,,0,7.848806366047746,520,20,50,49
msg_391,node49,node48,320,650231,,,,,,7.848806366047746,,49,,,0,7.848806366047746,520,20,50,49
msg_392,node49,node0,319,706108,706110.0,2.0,,,,7.939655172413793,,49,,2.625,0,7.939655172413793,209,49,50,49
msg_393,node49,node1,319,706108,706110.0,2.0,,,,7.939655172413793,,49,,2.75,0,7.939655172413793,209,49,50,49
msg_394,node49,node2,319,706108,706111.0,3.0,,,,7.888888888888889,,49,,3.625,0,7.888888888888889,207,47,50,49
msg_395,node49,node3,319,706108,706111.0,3.0,,,,7.868085106382979,,49,,3.75,0,7.868085106382979,206,46,50,49
msg_396,node49,node4,319,706108,,,,,,7.848806366047746,,49,,,0,7.848806366047746,520,20,50,49
msg_397,node49,node5,319,706108,,,,,,7.848806366047746,,49,,,0,7.848806366047746,520,20,50,49
msg_398,node49,node6,319,706108,706112.0,4.0,,,,7.8474576271186445,,49,,4.875,0,7.8474576271186445,205,45,50,49
msg_399,node49,node7,319,706108,706112.0,4.0,,,,7.810924369747899,,49,,5.25,0,7.810924369747899,203,43,50,49
msg_400,node49,node8,319,706108,706113.0,5.0,,,,7.794979079497908,,49,,5.75,0,7.794979079497908,202,42,50,49
msg_401,node49,node9,319,706108,706113.0,5.0,,,,7.783333333333333,,49,,5.875,0,7.783333333333333,201,41,50,49
msg_402,node49,node10,320,706108,706111.0,3.0,,,,7.8474576271186445,,49,,3.75,0,7.8474576271186445,205,45,50,49
msg_403,node49,node11,320,706108,,,,,,7.848806366047746,,49,,,0,7.848806366047746,520,20,50,49
msg_404,node49,node12,320,706108,,,,,,7.848806366047746,,49,,,0,7.848806366047746,520,20,50,49
msg_405,node49,node13,320,706108,706113.0,5.0,,,,7.771784232365145,,49,,6.5,0,7.771784232365145,200,40,50,49
msg_406,node49,node14,320,706108,706114.0,6.0,,,,7.760330578512397,,49,,4.625,0,7.760330578512397,199,39,50,49
msg_407,node49,node15,320,706108,706115.0,7.0,,,,7.753086419753086,,49,,7.5,0,7.753086419753086,198,38,50,49
msg_408,node49,node16,320,706108,,,,,,7.848806366047746,,49,,,0,7.848806366047746,520,20,50,49
msg_409,node49,node17,320,706108,706116.0,8.0,,,,7.739837398373984,,49,,7.75,0,7.739837398373984,195,35,50,49
msg_410,node49,node18,320,706108,,,,,,7.848806366047746,,49,,,0,7.848806366047746,520,20,50,49
msg_411,node49,node19,320,706108,,,,,,7.848806366047746,,49,,,0,7.848806366047746,520,20,50,49
msg_412,node49,node20,320,706108,706116.0,8.0,,,,7.7408906882591095,,49,,8.25,0,7.7408906882591095,194,34,50,49
msg_413,node49,node21,320,706108,706114.0,6.0,,,,7.753086419753086,,49,,6.875,0,7.753086419753086,198,38,50,49
msg_414,node49,node22,320,706108,,,,,,7.848806366047746,,49,,,0,7.848806366047746,520,20,50,49
msg_415,node49,node23,320,706108,,,,,,7.848806366047746,,49,,,0,7.848806366047746,520,20,50,49
msg_416,node49,node24,320,706108,706117.0,9.0,,,,7.741935483870968,,49,,9.125,0,7.741935483870968,193,33,50,49
msg_417,node49,node25,320,706108,706117.0,9.0,,,,7.746987951807229,,49,,9.25,0,7.746987951807229,192,32,50,49
msg_418,node49,node26,320,706108,,,,,,7.848806366047746,,49,,,0,7.848806366047746,520,20,50,49
msg_419,node49,node27,320,706108,706117.0,9.0,,,,7.746987951807229,,49,,9.5,0,7.746987951807229,192,32,50,49
msg_420,node49,node28,320,706108,,,,,,7.848806366047746,,49,,,0,7.848806366047746,520,20,50,49
msg_421,node49,node29,320,706108,,,,,,7.848806366047746,,49,,,0,7.848806366047746,520,20,50,49
msg_422,node49,node30,320,706108,,,,,,7.848806366047746,,49,,,0,7.848806366047746,520,20,50,49
msg_423,node49,node31,320,706108,706115.0,7.0,,,,7.753086419753086,,49,,8.0,0,7.753086419753086,198,38,50,49
msg_424,node49,node32,320,706108,706117.0,9.0,,,,7.746987951807229,,49,,9.125,0,7.746987951807229,192,32,50,49
msg_425,node49,node33,320,706108,706118.0,10.0,,,,7.761904761904762,,49,,10.625,0,7.761904761904762,189,29,50,49
msg_426,node49,node34,320,706108,,,,,,7.848806366047746,,49,,,0,7.848806366047746,520,20,50,49
msg_427,node49,node35,320,706108,706118.0,10.0,,,,7.770750988142293,,49,,10.75,0,7.770750988142293,188,28,50,49
msg_428,node49,node36,320,706108,706119.0,11.0,,,,7.7795275590551185,,49,,10.875,0,7.7795275590551185,187,27,50,49
msg_429,node49,node37,320,706108,706119.0,11.0,,,,7.7795275590551185,,49,,11.5,0,7.7795275590551185,187,27,50,49
msg_430,node49,node38,320,706108,,,,,,7.848806366047746,,49,,,0,7.848806366047746,520,20,50,49
msg_431,node49,node39,320,706108,,,,,,7.848806366047746,,49,,,0,7.848806366047746,520,20,50,49
msg_432,node49,node40,320,706108,706119.0,11.0,,,,7.7795275590551185,,49,,11.625,0,7.7795275590551185,187,27,50,49
msg_433,node49,node41,320,706108,706119.0,11.0,,,,7.817120622568093,,49,,11.875,0,7.817120622568093,184,24,50,49
msg_434,node49,node42,320,706108,,,,,,7.848806366047746,,49,,,0,7.848806366047746,520,20,50,49
msg_435,node49,node43,320,706108,,,,,,7.848806366047746,,49,,,0,7.848806366047746,520,20,50,49
msg_436,node49,node44,320,706108,706120.0,12.0,,,,7.829457364341085,,49,,12.625,0,7.829457364341085,183,23,50,49
msg_437,node49,node45,320,706108,706120.0,12.0,,,,7.845559845559846,,49,,12.75,0,7.845559845559846,182,22,50,49
msg_438,node49,node46,320,706108,706120.0,12.0,,,,7.845559845559846,,49,,12.875,0,7.845559845559846,182,22,50,49
msg_439,node49,node47,320,706108,,,,,,7.848806366047746,,49,,,0,7.848806366047746,520,20,50,49
msg_440,node49,node48,320,706108,,,,,,7.848806366047746,,49,,,0,7.848806366047746,520,20,50,49
msg_441,node49,node0,319,762113,762116.0,3.0,,,,7.8773946360153255,,49,,2.5555555555555554,0,7.8773946360153255,229,49,50,49
msg_442,node49,node1,319,762113,762116.0,3.0,,,,7.858778625954199,,49,,2.6666666666666665,0,7.858778625954199,228,48,50,49
msg_443,node49,node2,319,762113,762117.0,4.0,,,,7.840304182509506,,49,,3.5555555555555554,0,7.840304182509506,227,47,50,49
msg_444,node49,node3,319,762113,762117.0,4.0,,,,7.840304182509506,,49,,3.6666666666666665,0,7.840304182509506,227,47,50,49
msg_445,node49,node4,319,762113,,,,,,7.848806366047746,,49,,,0,7.848806366047746,520,20,50,49
msg_446,node49,node5,319,762113,,,,,,7.848806366047746,,49,,,0,7.848806366047746,520,20,50,49
msg_447,node49,node6,319,762113,762118.0,5.0,,,,7.840304182509506,,49,,4.777777777777778,0,7.840304182509506,227,47,50,49
msg_448,node49,node7,319,762113,762118.0,5.0,,,,7.786516853932584,,49,,5.111111111111111,0,7.786516853932584,223,43,50,49
msg_449,node49,node8,319,762113,762119.0,6.0,,,,7.776119402985074,,49,,5.666666666666667,0,7.776119402985074,222,42,50,49
msg_450,node49,node9,319,762113,762119.0,6.0,,,,7.762962962962963,,49,,5.777777777777778,0,7.762962962962963,220,40,50,49
msg_451,node49,node10,320,762113,762117.0,4.0,,,,7.840304182509506,,49,,3.6666666666666665,0,7.840304182509506,227,47,50,49
msg_452,node49,node11,320,762113,,,,,,7.848806366047746,,49,,,0,7.848806366047746,520,20,50,49
msg_453,node49,node12,320,762113,,,,,,7.848806366047746,,49,,,0,7.848806366047746,520,20,50,49
msg_454,node49,node13,320,762113,762120.0,7.0,,,,7.7536764705882355,,49,,6.333333333333333,0,7.7536764705882355,218,38,50,49
msg_455,node49,node14,320,762113,762119.0,6.0,,,,7.769516728624535,,49,,4.777777777777778,0,7.769516728624535,221,41,50,49
msg_456,node49,node15,320,762113,762121.0,8.0,,,,7.750915750915751,,49,,7.444444444444445,0,7.750915750915751,217,37,50,49
msg_457,node49,node16,320,762113,,,,,,7.848806366047746,,49,,,0,7.848806366047746,520,20,50,49
msg_458,node49,node17,320,762113,762121.0,8.0,,,,7.751824817518248,,49,,7.777777777777778,0,7.751824817518248,216,36,50,49
msg_459,node49,node18,320,762113,,,,,,7.848806366047746,,49,,,0,7.848806366047746,520,20,50,49
msg_460,node49,node19,320,762113,,,,,,7.848806366047746,,49,,,0,7.848806366047746,520,20,50,49
msg_461,node49,node20,320,762113,762121.0,8.0,,,,7.751824817518248,,49,,8.222222222222221,0,7.751824817518248,216,36,50,49
msg_462,node49,node21,320,762113,762120.0,7.0,,,,7.756457564575646,,49,,6.777777777777778,0,7.756457564575646,219,39,50,49
msg_463,node49,node22,320,762113,,,,,,7.848806366047746,,49,,,0,7.848806366047746,520,20,50,49
msg_464,node49,node23,320,762113,,,,,,7.848806366047746,,49,,,0,7.848806366047746,520,20,50,49
msg_465,node49,node24,320,762113,762123.0,10.0,,,,7.758122743682311,,49,,9.11111111111111,0,7.758122743682311,213,33,50,49
msg_466,node49,node25,320,762113,762123.0,10.0,,,,7.766187050359712,,49,,9.222222222222221,0,7.766187050359712,212,32,50,49
msg_467,node49,node26,320,762113,,,,,,7.848806366047746,,49,,,0,7.848806366047746,520,20,50,49
msg_468,node49,node27,320,762113,762123.0,10.0,,,,7.7821428571428575,,49,,9.444444444444445,0,7.7821428571428575,210,30,50,49
msg_469,node49,node28,320,762113,,,,,,7.848806366047746,,49,,,0,7.848806366047746,520,20,50,49
msg_470,node49,node29,320,762113,,,,,,7.848806366047746,,49,,,0,7.848806366047746,520,20,50,49
msg_471,node49,node30,320,762113,,,,,,7.848806366047746,,49,,,0,7.848806366047746,520,20,50,49
msg_472,node49,node31,320,762113,762122.0,9.0,,,,7.751824817518248,,49,,7.888888888888889,0,7.751824817518248,216,36,50,49
msg_473,node49,node32,320,762113,762123.0,10.0,,,,7.774193548387097,,49,,9.11111111111111,0,7.774193548387097,211,31,50,49
msg_474,node49,node33,320,762113,762124.0,11.0,,,,7.790035587188612,,49,,10.555555555555555,0,7.790035587188612,209,29,50,49
msg_475,node49,node34,320,762113,,,,,,7.848806366047746,,49,,,0,7.848806366047746,520,20,50,49
msg_476,node49,node35,320,762113,762124.0,11.0,,,,7.790035587188612,,49,,10.666666666666666,0,7.790035587188612,209,29,50,49
msg_477,node49,node36,320,762113,762125.0,12.0,,,,7.790035587188612,,49,,10.88888888888889,0,7.790035587188612,209,29,50,49
msg_478,node49,node37,320,762113,762125.0,12.0,,,,7.827464788732394,,49,,11.444444444444445,0,7.827464788732394,206,26,50,49
msg_479,node49,node38,320,762113,,,,,,7.848806366047746,,49,,,0,7.848806366047746,520,20,50,49
msg_480,node49,node39,320,762113,,,,,,7.848806366047746,,49,,,0,7.848806366047746,520,20,50,49
msg_481,node49,node40,320,762113,762125.0,12.0,,,,7.842105263157895,,49,,11.555555555555555,0,7.842105263157895,205,25,50,49
msg_482,node49,node41,320,762113,762126.0,13.0,,,,7.856643356643357,,49,,11.777777777777779,0,7.856643356643357,204,24,50,49
msg_483,node49,node42,320,762113,,,,,,7.848806366047746,,49,,,0,7.848806366047746,520,20,50,49
msg_484,node49,node43,320,762113,,,,,,7.848806366047746,,49,,,0,7.848806366047746,520,20,50,49
msg_485,node49,node44,320,762113,762127.0,14.0,,,,7.874564459930314,,49,,12.555555555555555,0,7.874564459930314,203,23,50,49
msg_486,node49,node45,320,762113,762127.0,14.0,,,,7.895833333333333,,49,,12.666666666666666,0,7.895833333333333,202,22,50,49
msg_487,node49,node46,320,762113,762127.0,14.0,,,,7.895833333333333,,49,,12.777777777777779,0,7.895833333333333,202,22,50,49
msg_488,node49,node47,320,762113,,,,,,7.848806366047746,,49,,,0,7.848806366047746,520,20,50,49
msg_489,node49,node48,320,762113,,,,,,7.848806366047746,,49,,,0,7.848806366047746,520,20,50,49
msg_490,node49,node0,319,814337,814339.0,2.0,,,,7.937931034482759,,49,,2.6,0,7.937931034482759,249,49,50,49
msg_491,node49,node1,319,814337,814339.0,2.0,,,,7.937931034482759,,49,,2.7,0,7.937931034482759,249,49,50,49
msg_492,node49,node2,319,814337,814340.0,3.0,,,,7.937931034482759,,49,,3.6,0,7.937931034482759,249,49,50,49
msg_493,node49,node3,319,814337,814340.0,3.0,,,,7.863945578231292,,49,,3.7,0,7.863945578231292,245,45,50,49
msg_494,node49,node4,319,814337,,,,,,7.848806366047746,,49,,,0,7.848806366047746,520,20,50,49
msg_495,node49,node5,319,814337,,,,,,7.848806366047746,,49,,,0,7.848806366047746,520,20,50,49
msg_496,node49,node6,319,814337,814341.0,4.0,,,,7.8474576271186445,,49,,4.8,0,7.8474576271186445,244,44,50,49
msg_497,node49,node7,319,814337,814341.0,4.0,,,,7.83445945945946,,49,,5.1,0,7.83445945945946,243,43,50,49
msg_498,node49,node8,319,814337,814341.0,4.0,,,,7.821548821548822,,49,,5.7,0,7.821548821548822,242,42,50,49
msg_499,node49,node9,319,814337,814342.0,5.0,,,,7.808724832214765,,49,,5.8,0,7.808724832214765,241,41,50,49
msg_500,node49,node10,320,814337,814340.0,3.0,,,,7.937931034482759,,49,,3.7,0,7.937931034482759,249,49,50,49
msg_501,node49,node11,320,814337,,,,,,7.848806366047746,,49,,,0,7.848806366047746,520,20,50,49
msg_502,node49,node12,320,814337,,,,,,7.848806366047746,,49,,,0,7.848806366047746,520,20,50,49
msg_503,node49,node13,320,814337,814344.0,7.0,,,,7.78476821192053,,49,,6.4,0,7.78476821192053,237,37,50,49
msg_504,node49,node14,320,814337,814343.0,6.0,,,,7.79933110367893,,49,,4.9,0,7.79933110367893,240,40,50,49
msg_505,node49,node15,320,814337,814344.0,7.0,,,,7.779605263157895,,49,,7.5,0,7.779605263157895,235,35,50,49
msg_506,node49,node16,320,814337,,,,,,7.848806366047746,,49,,,0,7.848806366047746,520,20,50,49
msg_507,node49,node17,320,814337,814345.0,8.0,,,,7.777049180327869,,49,,7.8,0,7.777049180327869,234,34,50,49
msg_508,node49,node18,320,814337,,,,,,7.848806366047746,,49,,,0,7.848806366047746,520,20,50,49
msg_509,node49,node19,320,814337,,,,,,7.848806366047746,,49,,,0,7.848806366047746,520,20,50,49
msg_510,node49,node20,320,814337,814345.0,8.0,,,,7.777777777777778,,49,,8.2,0,7.777777777777778,233,33,50,49
msg_511,node49,node21,320,814337,814343.0,6.0,,,,7.793333333333333,,49,,6.8,0,7.793333333333333,239,39,50,49
msg_512,node49,node22,320,814337,,,,,,7.848806366047746,,49,,,0,7.848806366047746,520,20,50,49
msg_513,node49,node23,320,814337,,,,,,7.848806366047746,,49,,,0,7.848806366047746,520,20,50,49
msg_514,node49,node24,320,814337,814346.0,9.0,,,,7.778501628664495,,49,,9.2,0,7.778501628664495,232,32,50,49
msg_515,node49,node25,320,814337,814346.0,9.0,,,,7.782467532467533,,49,,9.3,0,7.782467532467533,231,31,50,49
msg_516,node49,node26,320,814337,,,,,,7.848806366047746,,49,,,0,7.848806366047746,520,20,50,49
msg_517,node49,node27,320,814337,814346.0,9.0,,,,7.786407766990291,,49,,9.5,0,7.786407766990291,230,30,50,49
msg_518,node49,node28,320,814337,,,,,,7.848806366047746,,49,,,0,7.848806366047746,520,20,50,49
msg_519,node49,node29,320,814337,,,,,,7.848806366047746,,49,,,0,7.848806366047746,520,20,50,49
msg_520,node49,node30,320,814337,,,,,,7.848806366047746,,49,,,0,7.848806366047746,520,20,50,49
msg_521,node49,node31,320,814337,814344.0,7.0,,,,7.787375415282392,,49,,8.0,0,7.787375415282392,238,38,50,49
msg_522,node49,node32,320,814337,814344.0,7.0,,,,7.782178217821782,,49,,9.2,0,7.782178217821782,236,36,50,49
msg_523,node49,node33,320,814337,814347.0,10.0,,,,7.790322580645161,,49,,10.6,0,7.790322580645161,229,29,50,49
msg_524,node49,node34,320,814337,,,,,,7.848806366047746,,49,,,0,7.848806366047746,520,20,50,49
msg_525,node49,node35,320,814337,814347.0,10.0,,,,7.797427652733119,,49,,10.7,0,7.797427652733119,228,28,50,49
msg_526,node49,node36,320,814337,814347.0,10.0,,,,7.80448717948718,,49,,11.0,0,7.80448717948718,227,27,50,49
msg_527,node49,node37,320,814337,814347.0,10.0,,,,7.81150159744409,,49,,11.5,0,7.81150159744409,226,26,50,49
msg_528,node49,node38,320,814337,,,,,,7.848806366047746,,49,,,0,7.848806366047746,520,20,50,49
msg_529,node49,node39,320,814337,,,,,,7.848806366047746,,49,,,0,7.848806366047746,520,20,50,49
msg_530,node49,node40,320,814337,814348.0,11.0,,,,7.818471337579618,,49,,11.6,0,7.818471337579618,225,25,50,49
msg_531,node49,node41,320,814337,814348.0,11.0,,,,7.828571428571428,,49,,11.9,0,7.828571428571428,224,24,50,49
msg_532,node49,node42,320,814337,,,,,,7.848806366047746,,49,,,0,7.848806366047746,520,20,50,49
msg_533,node49,node43,320,814337,,,,,,7.848806366047746,,49,,,0,7.848806366047746,520,20,50,49
msg_534,node49,node44,320,814337,814348.0,11.0,,,,7.8386075949367084,,49,,12.7,0,7.8386075949367084,223,23,50,49
msg_535,node49,node45,320,814337,814349.0,12.0,,,,7.8386075949367084,,49,,12.8,0,7.8386075949367084,223,23,50,49
msg_536,node49,node46,320,814337,814349.0,12.0,,,,7.8386075949367084,,49,,12.9,0,7.8386075949367084,223,23,50,49
msg_537,node49,node47,320,814337,,,,,,7.848806366047746,,49,,,0,7.848806366047746,520,20,50,49
msg_538,node49,node48,320,814337,,,,,,7.848806366047746,,49,,,0,7.848806366047746,520,20,50,49
msg_539,node49,node0,319,824681,824684.0,3.0,,,,7.87460815047022,,49,,2.5454545454545454,0,7.87460815047022,269,49,50,49
msg_540,node49,node1,319,824681,824684.0,3.0,,,,7.859375,,49,,2.6363636363636362,0,7.859375,268,48,50,49
msg_541,node49,node2,319,824681,824685.0,4.0,,,,7.844236760124611,,49,,3.5454545454545454,0,7.844236760124611,267,47,50,49
msg_542,node49,node3,319,824681,824685.0,4.0,,,,7.832298136645963,,49,,3.6363636363636362,0,7.832298136645963,266,46,50,49
msg_543,node49,node4,319,824681,,,,,,7.848806366047746,,49,,,0,7.848806366047746,520,20,50,49
msg_544,node49,node5,319,824681,,,,,,7.848806366047746,,49,,,0,7.848806366047746,520,20,50,49
msg_545,node49,node6,319,824681,824686.0,5.0,,,,7.8,,49,,4.7272727272727275,0,7.8,263,43,50,49
msg_546,node49,node7,319,824681,824687.0,6.0,,,,7.791411042944786,,49,,5.0,0,7.791411042944786,262,42,50,49
msg_547,node49,node8,319,824681,824687.0,6.0,,,,7.7859327217125385,,49,,5.545454545454546,0,7.7859327217125385,261,41,50,49
msg_548,node49,node9,319,824681,824687.0,6.0,,,,7.780487804878049,,49,,5.7272727272727275,0,7.780487804878049,260,40,50,49
msg_549,node49,node10,320,824681,824685.0,4.0,,,,7.820433436532507,,49,,3.6363636363636362,0,7.820433436532507,265,45,50,49
msg_550,node49,node11,320,824681,,,,,,7.848806366047746,,49,,,0,7.848806366047746,520,20,50,49
msg_551,node49,node12,320,824681,,,,,,7.848806366047746,,49,,,0,7.848806366047746,520,20,50,49
msg_552,node49,node13,320,824681,824688.0,7.0,,,,7.775075987841945,,49,,6.454545454545454,0,7.775075987841945,259,39,50,49
msg_553,node49,node14,320,824681,824686.0,5.0,,,,7.808641975308642,,49,,5.0,0,7.808641975308642,264,44,50,49
msg_554,node49,node15,320,824681,824689.0,8.0,,,,7.770392749244713,,49,,7.454545454545454,0,7.770392749244713,257,37,50,49
msg_555,node49,node16,320,824681,,,,,,7.848806366047746,,49,,,0,7.848806366047746,520,20,50,49
msg_556,node49,node17,320,824681,824689.0,8.0,,,,7.771771771771772,,49,,7.818181818181818,0,7.771771771771772,255,35,50,49
msg_557,node49,node18,320,824681,,,,,,7.848806366047746,,49,,,0,7.848806366047746,520,20,50,49
msg_558,node49,node19,320,824681,,,,,,7.848806366047746,,49,,,0,7.848806366047746,520,20,50,49
msg_559,node49,node20,320,824681,824690.0,9.0,,,,7.776119402985074,,49,,8.181818181818182,0,7.776119402985074,253,33,50,49
msg_560,node49,node21,320,824681,824688.0,7.0,,,,7.7727272727272725,,49,,6.7272727272727275,0,7.7727272727272725,258,38,50,49
msg_561,node49,node22,320,824681,,,,,,7.848806366047746,,49,,,0,7.848806366047746,520,20,50,49
msg_562,node49,node23,320,824681,,,,,,7.848806366047746,,49,,,0,7.848806366047746,520,20,50,49
msg_563,node49,node24,320,824681,824691.0,10.0,,,,7.779761904761905,,49,,9.181818181818182,0,7.779761904761905,252,32,50,49
msg_564,node49,node25,320,824681,824691.0,10.0,,,,7.786350148367952,,49,,9.272727272727273,0,7.786350148367952,251,31,50,49
msg_565,node49,node26,320,824681,,,,,,7.848806366047746,,49,,,0,7.848806366047746,520,20,50,49
msg_566,node49,node27,320,824681,824691.0,10.0,,,,7.792899408284024,,49,,9.454545454545455,0,7.792899408284024,250,30,50,49
msg_567,node49,node28,320,824681,,,,,,7.848806366047746,,49,,,0,7.848806366047746,520,20,50,49
msg_568,node49,node29,320,824681,,,,,,7.848806366047746,,49,,,0,7.848806366047746,520,20,50,49
msg_569,node49,node30,320,824681,,,,,,7.848806366047746,,49,,,0,7.848806366047746,520,20,50,49
msg_570,node49,node31,320,824681,824689.0,8.0,,,,7.771084337349397,,49,,7.909090909090909,0,7.771084337349397,256,36,50,49
msg_571,node49,node32,320,824681,824690.0,9.0,,,,7.772455089820359,,49,,9.0,0,7.772455089820359,254,34,50,49
msg_572,node49,node33,320,824681,824692.0,11.0,,,,7.792899408284024,,49,,10.545454545454545,0,7.792899408284024,250,30,50,49
msg_573,node49,node34,320,824681,,,,,,7.848806366047746,,49,,,0,7.848806366047746,520,20,50,49
msg_574,node49,node35,320,824681,824692.0,11.0,,,,7.792899408284024,,49,,10.636363636363637,0,7.792899408284024,250,30,50,49
msg_575,node49,node36,320,824681,824693.0,12.0,,,,7.792899408284024,,49,,10.909090909090908,0,7.792899408284024,250,30,50,49
msg_576,node49,node37,320,824681,824693.0,12.0,,,,7.830409356725146,,49,,11.363636363636363,0,7.830409356725146,246,26,50,49
msg_577,node49,node38,320,824681,,,,,,7.848806366047746,,49,,,0,7.848806366047746,520,20,50,49
msg_578,node49,node39,320,824681,,,,,,7.848806366047746,,49,,,0,7.848806366047746,520,20,50,49
msg_579,node49,node40,320,824681,824693.0,12.0,,,,7.8425655976676385,,49,,11.545454545454545,0,7.8425655976676385,245,25,50,49
msg_580,node49,node41,320,824681,824694.0,13.0,,,,7.854651162790698,,49,,11.818181818181818,0,7.854651162790698,244,24,50,49
msg_581,node49,node42,320,824681,,,,,,7.848806366047746,,49,,,0,7.848806366047746,520,20,50,49
msg_582,node49,node43,320,824681,,,,,,7.848806366047746,,49,,,0,7.848806366047746,520,20,50,49
msg_583,node49,node44,320,824681,824694.0,13.0,,,,7.869565217391305,,49,,12.545454545454545,0,7.869565217391305,243,23,50,49
msg_584,node49,node45,320,824681,824694.0,13.0,,,,7.884393063583815,,49,,12.727272727272727,0,7.884393063583815,242,22,50,49
msg_585,node49,node46,320,824681,824694.0,13.0,,,,7.899135446685879,,49,,12.818181818181818,0,7.899135446685879,241,21,50,49
msg_586,node49,node47,320,824681,,,,,,7.848806366047746,,49,,,0,7.848806366047746,520,20,50,49
msg_587,node49,node48,320,824681,,,,,,7.848806366047746,,49,,,0,7.848806366047746,520,20,50,49
msg_588,node49,node0,319,858479,858482.0,3.0,,,,7.913793103448276,,49,,2.5833333333333335,0,7.913793103448276,289,49,50,49
msg_589,node49,node1,319,858479,858482.0,3.0,,,,7.899713467048711,,49,,2.6666666666666665,0,7.899713467048711,288,48,50,49
msg_590,node49,node2,319,858479,858483.0,4.0,,,,7.885714285714286,,49,,3.5833333333333335,0,7.885714285714286,287,47,50,49
msg_591,node49,node3,319,858479,858483.0,4.0,,,,7.8746438746438745,,49,,3.6666666666666665,0,7.8746438746438745,286,46,50,49
msg_592,node49,node4,319,858479,,,,,,7.848806366047746,,49,,,0,7.848806366047746,520,20,50,49
msg_593,node49,node5,319,858479,,,,,,7.848806366047746,,49,,,0,7.848806366047746,520,20,50,49
msg_594,node49,node6,319,858479,858484.0,5.0,,,,7.844632768361582,,49,,4.75,0,7.844632768361582,283,43,50,49
msg_595,node49,node7,319,858479,858485.0,6.0,,,,7.836619718309859,,49,,5.083333333333333,0,7.836619718309859,282,42,50,49
msg_596,node49,node8,319,858479,858485.0,6.0,,,,7.831460674157303,,49,,5.583333333333333,0,7.831460674157303,281,41,50,49
msg_597,node49,node9,319,858479,858485.0,6.0,,,,7.826330532212885,,49,,5.75,0,7.826330532212885,280,40,50,49
msg_598,node49,node10,320,858479,858483.0,4.0,,,,7.863636363636363,,49,,3.6666666666666665,0,7.863636363636363,285,45,50,49
msg_599,node49,node11,320,858479,,,,,,7.848806366047746,,49,,,0,7.848806366047746,520,20,50,49
msg_600,node49,node12,320,858479,,,,,,7.848806366047746,,49,,,0,7.848806366047746,520,20,50,49
msg_601,node49,node13,320,858479,858486.0,7.0,,,,7.82122905027933,,49,,6.5,0,7.82122905027933,279,39,50,49
msg_602,node49,node14,320,858479,858484.0,5.0,,,,7.852691218130311,,49,,5.0,0,7.852691218130311,284,44,50,49
msg_603,node49,node15,320,858479,858487.0,8.0,,,,7.816666666666666,,49,,7.5,0,7.816666666666666,277,37,50,49
msg_604,node49,node16,320,858479,,,,,,7.848806366047746,,49,,,0,7.848806366047746,520,20,50,49
msg_605,node49,node17,320,858479,858487.0,8.0,,,,7.8171745152354575,,49,,7.833333333333333,0,7.8171745152354575,276,36,50,49
msg_606,node49,node18,320,858479,,,,,,7.848806366047746,,49,,,0,7.848806366047746,520,20,50,49
msg_607,node49,node19,320,858479,,,,,,7.848806366047746,,49,,,0,7.848806366047746,520,20,50,49
msg_608,node49,node20,320,858479,858487.0,8.0,,,,7.81767955801105,,49,,8.25,0,7.81767955801105,275,35,50,49
msg_609,node49,node21,320,858479,858486.0,7.0,,,,7.818941504178273,,49,,6.75,0,7.818941504178273,278,38,50,49
msg_610,node49,node22,320,858479,,,,,,7.848806366047746,,49,,,0,7.848806366047746,520,20,50,49
msg_611,node49,node23,320,858479,,,,,,7.848806366047746,,49,,,0,7.848806366047746,520,20,50,49
msg_612,node49,node24,320,858479,858488.0,9.0,,,,7.818181818181818,,49,,9.25,0,7.818181818181818,274,34,50,49
msg_613,node49,node25,320,858479,858488.0,9.0,,,,7.821428571428571,,49,,9.333333333333334,0,7.821428571428571,273,33,50,49
msg_614,node49,node26,320,858479,,,,,,7.848806366047746,,49,,,0,7.848806366047746,520,20,50,49
msg_615,node49,node27,320,858479,858488.0,9.0,,,,7.824657534246575,,49,,9.5,0,7.824657534246575,272,32,50,49
msg_616,node49,node28,320,858479,,,,,,7.848806366047746,,49,,,0,7.848806366047746,520,20,50,49
msg_617,node49,node29,320,858479,,,,,,7.848806366047746,,49,,,0,7.848806366047746,520,20,50,49
msg_618,node49,node30,320,858479,,,,,,7.848806366047746,,49,,,0,7.848806366047746,520,20,50,49
msg_619,node49,node31,320,858479,858488.0,9.0,,,,7.827868852459017,,49,,7.916666666666667,0,7.827868852459017,271,31,50,49
msg_620,node49,node32,320,858479,858489.0,10.0,,,,7.831062670299728,,49,,9.0,0,7.831062670299728,270,30,50,49
msg_621,node49,node33,320,858479,858490.0,11.0,,,,7.836956521739131,,49,,10.583333333333334,0,7.836956521739131,269,29,50,49
msg_622,node49,node34,320,858479,,,,,,7.848806366047746,,49,,,0,7.848806366047746,520,20,50,49
msg_623,node49,node35,320,858479,858490.0,11.0,,,,7.845528455284553,,49,,10.666666666666666,0,7.845528455284553,268,28,50,49
msg_624,node49,node36,320,858479,858490.0,11.0,,,,7.854054054054054,,49,,11.0,0,7.854054054054054,267,27,50,49
msg_625,node49,node37,320,858479,858491.0,12.0,,,,7.862533692722372,,49,,11.416666666666666,0,7.862533692722372,266,26,50,49
msg_626,node49,node38,320,858479,,,,,,7.848806366047746,,49,,,0,7.848806366047746,520,20,50,49
msg_627,node49,node39,320,858479,,,,,,7.848806366047746,,49,,,0,7.848806366047746,520,20,50,49
msg_628,node49,node40,320,858479,858491.0,12.0,,,,7.873655913978495,,49,,11.583333333333334,0,7.873655913978495,265,25,50,49
msg_629,node49,node41,320,858479,858492.0,13.0,,,,7.884718498659518,,49,,11.916666666666666,0,7.884718498659518,264,24,50,49
msg_630,node49,node42,320,858479,,,,,,7.848806366047746,,49,,,0,7.848806366047746,520,20,50,49
msg_631,node49,node43,320,858479,,,,,,7.848806366047746,,49,,,0,7.848806366047746,520,20,50,49
msg_632,node49,node44,320,858479,858492.0,13.0,,,,7.898395721925134,,49,,12.583333333333334,0,7.898395721925134,263,23,50,49
msg_633,node49,node45,320,858479,858492.0,13.0,,,,7.912,,49,,12.75,0,7.912,262,22,50,49
msg_634,node49,node46,320,858479,858492.0,13.0,,,,7.925531914893617,,49,,12.833333333333334,0,7.925531914893617,261,21,50,49
msg_635,node49,node47,320,858479,,,,,,7.848806366047746,,49,,,0,7.848806366047746,520,20,50,49
msg_636,node49,node48,320,858479,,,,,,7.848806366047746,,49,,,0,7.848806366047746,520,20,50,49
msg_637,node49,node0,319,888485,888488.0,3.0,,,,7.938992042440319,,49,,2.6153846153846154,0,7.938992042440319,309,49,50,49
msg_638,node49,node1,319,888485,888488.0,3.0,,,,7.925925925925926,,49,,2.6923076923076925,0,7.925925925925926,308,48,50,49
msg_639,node49,node2,319,888485,888489.0,4.0,,,,7.912928759894459,,49,,3.6153846153846154,0,7.912928759894459,307,47,50,49
msg_640,node49,node3,319,888485,888489.0,4.0,,,,7.902631578947369,,49,,3.6923076923076925,0,7.902631578947369,306,46,50,49
msg_641,node49,node4,319,888485,,,,,,7.848806366047746,,49,,,0,7.848806366047746,520,20,50,49
msg_642,node49,node5,319,888485,,,,,,7.848806366047746,,49,,,0,7.848806366047746,520,20,50,49
msg_643,node49,node6,319,888485,888490.0,5.0,,,,7.882198952879581,,49,,4.769230769230769,0,7.882198952879581,304,44,50,49
msg_644,node49,node7,319,888485,888491.0,6.0,,,,7.87467362924282,,49,,5.153846153846154,0,7.87467362924282,303,43,50,49
msg_645,node49,node8,319,888485,888491.0,6.0,,,,7.869791666666667,,49,,5.615384615384615,0,7.869791666666667,302,42,50,49
msg_646,node49,node9,319,888485,888491.0,6.0,,,,7.864935064935065,,49,,5.769230769230769,0,7.864935064935065,301,41,50,49
msg_647,node49,node10,320,888485,888489.0,4.0,,,,7.892388451443569,,49,,3.6923076923076925,0,7.892388451443569,305,45,50,49
msg_648,node49,node11,320,888485,,,,,,7.848806366047746,,49,,,0,7.848806366047746,520,20,50,49
msg_649,node49,node12,320,888485,,,,,,7.848806366047746,,49,,,0,7.848806366047746,520,20,50,49
msg_650,node49,node13,320,888485,888493.0,8.0,,,,7.855670103092783,,49,,6.538461538461538,0,7.855670103092783,298,38,50,49
msg_651,node49,node14,320,888485,888492.0,7.0,,,,7.860103626943006,,49,,5.0,0,7.860103626943006,300,40,50,49
msg_652,node49,node15,320,888485,888493.0,8.0,,,,7.856041131105399,,49,,7.538461538461538,0,7.856041131105399,297,37,50,49
msg_653,node49,node16,320,888485,,,,,,7.848806366047746,,49,,,0,7.848806366047746,520,20,50,49
msg_654,node49,node17,320,888485,888493.0,8.0,,,,7.856410256410256,,49,,7.846153846153846,0,7.856410256410256,296,36,50,49
msg_655,node49,node18,320,888485,,,,,,7.848806366047746,,49,,,0,7.848806366047746,520,20,50,49
msg_656,node49,node19,320,888485,,,,,,7.848806366047746,,49,,,0,7.848806366047746,520,20,50,49
msg_657,node49,node20,320,888485,888494.0,9.0,,,,7.856777493606138,,49,,8.23076923076923,0,7.856777493606138,295,35,50,49
msg_658,node49,node21,320,888485,888492.0,7.0,,,,7.857881136950905,,49,,6.769230769230769,0,7.857881136950905,299,39,50,49
msg_659,node49,node22,320,888485,,,,,,7.848806366047746,,49,,,0,7.848806366047746,520,20,50,49
msg_660,node49,node23,320,888485,,,,,,7.848806366047746,,49,,,0,7.848806366047746,520,20,50,49
msg_661,node49,node24,320,888485,888495.0,10.0,,,,7.85969387755102,,49,,9.23076923076923,0,7.85969387755102,294,34,50,49
msg_662,node49,node25,320,888485,888495.0,10.0,,,,7.865139949109415,,49,,9.307692307692308,0,7.865139949109415,293,33,50,49
msg_663,node49,node26,320,888485,,,,,,7.848806366047746,,49,,,0,7.848806366047746,520,20,50,49
msg_664,node49,node27,320,888485,888495.0,10.0,,,,7.875949367088608,,49,,9.461538461538462,0,7.875949367088608,291,31,50,49
msg_665,node49,node28,320,888485,,,,,,7.848806366047746,,49,,,0,7.848806366047746,520,20,50,49
msg_666,node49,node29,320,888485,,,,,,7.848806366047746,,49,,,0,7.848806366047746,520,20,50,49
msg_667,node49,node30,320,888485,,,,,,7.848806366047746,,49,,,0,7.848806366047746,520,20,50,49
msg_668,node49,node31,320,888485,888495.0,10.0,,,,7.870558375634518,,49,,8.0,0,7.870558375634518,292,32,50,49
msg_669,node49,node32,320,888485,888495.0,10.0,,,,7.8813131313131315,,49,,9.076923076923077,0,7.8813131313131315,290,30,50,49
msg_670,node49,node33,320,888485,888496.0,11.0,,,,7.886649874055416,,49,,10.615384615384615,0,7.886649874055416,289,29,50,49
msg_671,node49,node34,320,888485,,,,,,7.848806366047746,,49,,,0,7.848806366047746,520,20,50,49
msg_672,node49,node35,320,888485,888497.0,12.0,,,,7.894472361809045,,49,,10.692307692307692,0,7.894472361809045,288,28,50,49
msg_673,node49,node36,320,888485,888497.0,12.0,,,,7.904761904761905,,49,,11.0,0,7.904761904761905,287,27,50,49
msg_674,node49,node37,320,888485,888497.0,12.0,,,,7.915,,49,,11.461538461538462,0,7.915,286,26,50,49
msg_675,node49,node38,320,888485,,,,,,7.848806366047746,,49,,,0,7.848806366047746,520,20,50,49
msg_676,node49,node39,320,888485,,,,,,7.848806366047746,,49,,,0,7.848806366047746,520,20,50,49
msg_677,node49,node40,320,888485,888497.0,12.0,,,,7.925187032418953,,49,,11.615384615384615,0,7.925187032418953,285,25,50,49
msg_678,node49,node41,320,888485,888498.0,13.0,,,,7.935323383084577,,49,,12.0,0,7.935323383084577,284,24,50,49
msg_679,node49,node42,320,888485,,,,,,7.848806366047746,,49,,,0,7.848806366047746,520,20,50,49
msg_680,node49,node43,320,888485,,,,,,7.848806366047746,,49,,,0,7.848806366047746,520,20,50,49
msg_681,node49,node44,320,888485,888498.0,13.0,,,,7.947890818858561,,49,,12.615384615384615,0,7.947890818858561,283,23,50,49
msg_682,node49,node45,320,888485,888498.0,13.0,,,,7.96039603960396,,49,,12.76923076923077,0,7.96039603960396,282,22,50,49
msg_683,node49,node46,320,888485,888499.0,14.0,,,,7.972839506172839,,49,,12.846153846153847,0,7.972839506172839,281,21,50,49
msg_684,node49,node47,320,888485,,,,,,7.848806366047746,,49,,,0,7.848806366047746,520,20,50,49
msg_685,node49,node48,320,888485,,,,,,7.848806366047746,,49,,,0,7.848806366047746,520,20,50,49
msg_686,node49,node0,319,965512,965514.0,2.0,,,,7.987684729064039,,49,,2.642857142857143,0,7.987684729064039,329,49,50,49
msg_687,node49,node1,319,965512,965515.0,3.0,,,,7.972972972972973,,49,,2.7142857142857144,0,7.972972972972973,328,48,50,49
msg_688,node49,node2,319,965512,965515.0,3.0,,,,7.96078431372549,,49,,3.642857142857143,0,7.96078431372549,327,47,50,49
msg_689,node49,node3,319,965512,965516.0,4.0,,,,7.9486552567237165,,49,,3.7142857142857144,0,7.9486552567237165,326,46,50,49
msg_690,node49,node4,319,965512,,,,,,7.848806366047746,,49,,,0,7.848806366047746,520,20,50,49
msg_691,node49,node5,319,965512,,,,,,7.848806366047746,,49,,,0,7.848806366047746,520,20,50,49
msg_692,node49,node6,319,965512,965517.0,5.0,,,,7.929440389294404,,49,,4.785714285714286,0,7.929440389294404,324,44,50,49
msg_693,node49,node7,319,965512,965517.0,5.0,,,,7.922330097087379,,49,,5.214285714285714,0,7.922330097087379,323,43,50,49
msg_694,node49,node8,319,965512,965518.0,6.0,,,,7.908212560386473,,49,,5.642857142857143,0,7.908212560386473,321,41,50,49
msg_695,node49,node9,319,965512,965518.0,6.0,,,,7.903614457831325,,49,,5.785714285714286,0,7.903614457831325,320,40,50,49
msg_696,node49,node10,320,965512,965516.0,4.0,,,,7.939024390243903,,49,,3.7142857142857144,0,7.939024390243903,325,45,50,49
msg_697,node49,node11,320,965512,,,,,,7.848806366047746,,49,,,0,7.848806366047746,520,20,50,49
msg_698,node49,node12,320,965512,,,,,,7.848806366047746,,49,,,0,7.848806366047746,520,20,50,49
msg_699,node49,node13,320,965512,965519.0,7.0,,,,7.899038461538462,,49,,6.642857142857143,0,7.899038461538462,319,39,50,49
msg_700,node49,node14,320,965512,965517.0,5.0,,,,7.915254237288136,,49,,5.142857142857143,0,7.915254237288136,322,42,50,49
msg_701,node49,node15,320,965512,965521.0,9.0,,,,7.897619047619048,,49,,7.571428571428571,0,7.897619047619048,315,35,50,49
msg_702,node49,node16,320,965512,,,,,,7.848806366047746,,49,,,0,7.848806366047746,520,20,50,49
msg_703,node49,node17,320,965512,965521.0,9.0,,,,7.9002375296912115,,49,,7.857142857142857,0,7.9002375296912115,314,34,50,49
msg_704,node49,node18,320,965512,,,,,,7.848806366047746,,49,,,0,7.848806366047746,520,20,50,49
msg_705,node49,node19,320,965512,,,,,,7.848806366047746,,49,,,0,7.848806366047746,520,20,50,49
msg_706,node49,node20,320,965512,965522.0,10.0,,,,7.902843601895735,,49,,8.285714285714286,0,7.902843601895735,313,33,50,49
msg_707,node49,node21,320,965512,965519.0,7.0,,,,7.896882494004796,,49,,6.785714285714286,0,7.896882494004796,318,38,50,49
msg_708,node49,node22,320,965512,,,,,,7.848806366047746,,49,,,0,7.848806366047746,520,20,50,49
msg_709,node49,node23,320,965512,,,,,,7.848806366047746,,49,,,0,7.848806366047746,520,20,50,49
msg_710,node49,node24,320,965512,965522.0,10.0,,,,7.907801418439717,,49,,9.285714285714286,0,7.907801418439717,312,32,50,49
msg_711,node49,node25,320,965512,965522.0,10.0,,,,7.912735849056604,,49,,9.357142857142858,0,7.912735849056604,311,31,50,49
msg_712,node49,node26,320,965512,,,,,,7.848806366047746,,49,,,0,7.848806366047746,520,20,50,49
msg_713,node49,node27,320,965512,965523.0,11.0,,,,7.91764705882353,,49,,9.5,0,7.91764705882353,310,30,50,49
msg_714,node49,node28,320,965512,,,,,,7.848806366047746,,49,,,0,7.848806366047746,520,20,50,49
msg_715,node49,node29,320,965512,,,,,,7.848806366047746,,49,,,0,7.848806366047746,520,20,50,49
msg_716,node49,node30,320,965512,,,,,,7.848806366047746,,49,,,0,7.848806366047746,520,20,50,49
msg_717,node49,node31,320,965512,965520.0,8.0,,,,7.894736842105263,,49,,8.142857142857142,0,7.894736842105263,317,37,50,49
msg_718,node49,node32,320,965512,965521.0,9.0,,,,7.894988066825776,,49,,9.142857142857142,0,7.894988066825776,316,36,50,49
msg_719,node49,node33,320,965512,965523.0,11.0,,,,7.924882629107981,,49,,10.642857142857142,0,7.924882629107981,309,29,50,49
msg_720,node49,node34,320,965512,,,,,,7.848806366047746,,49,,,0,7.848806366047746,520,20,50,49
msg_721,node49,node35,320,965512,965523.0,11.0,,,,7.932084309133489,,49,,10.785714285714286,0,7.932084309133489,308,28,50,49
msg_722,node49,node36,320,965512,965524.0,12.0,,,,7.9392523364485985,,49,,11.071428571428571,0,7.9392523364485985,307,27,50,49
msg_723,node49,node37,320,965512,965524.0,12.0,,,,7.948717948717949,,49,,11.5,0,7.948717948717949,306,26,50,49
msg_724,node49,node38,320,965512,,,,,,7.848806366047746,,49,,,0,7.848806366047746,520,20,50,49
msg_725,node49,node39,320,965512,,,,,,7.848806366047746,,49,,,0,7.848806366047746,520,20,50,49
msg_726,node49,node40,320,965512,965524.0,12.0,,,,7.9581395348837205,,49,,11.642857142857142,0,7.9581395348837205,305,25,50,49
msg_727,node49,node41,320,965512,965524.0,12.0,,,,7.9675174013921115,,49,,12.071428571428571,0,7.9675174013921115,304,24,50,49
msg_728,node49,node42,320,965512,,,,,,7.848806366047746,,49,,,0,7.848806366047746,520,20,50,49
msg_729,node49,node43,320,965512,,,,,,7.848806366047746,,49,,,0,7.848806366047746,520,20,50,49
msg_730,node49,node44,320,965512,965525.0,13.0,,,,7.976851851851852,,49,,12.642857142857142,0,7.976851851851852,303,23,50,49
msg_731,node49,node45,320,965512,965525.0,13.0,,,,7.988452655889145,,49,,12.785714285714286,0,7.988452655889145,302,22,50,49
msg_732,node49,node46,320,965512,965525.0,13.0,,,,8.0,,49,,12.928571428571429,0,8.0,301,21,50,49
msg_733,node49,node47,320,965512,,,,,,7.848806366047746,,49,,,0,7.848806366047746,520,20,50,49
msg_734,node49,node48,320,965512,,,,,,7.848806366047746,,49,,,0,7.848806366047746,520,20,50,49
msg_735,node49,node0,319,1281284,1281287.0,3.0,,,,8.011494252873563,,49,,2.6,0,8.011494252873563,349,49,50,49
msg_736,node49,node1,319,1281284,1281287.0,3.0,,,,8.0,,49,,2.7333333333333334,0,8.0,348,48,50,49
msg_737,node49,node2,319,1281284,1281288.0,4.0,,,,7.988558352402746,,49,,3.6,0,7.988558352402746,347,47,50,49
msg_738,node49,node3,319,1281284,1281288.0,4.0,,,,7.97945205479452,,49,,3.7333333333333334,0,7.97945205479452,346,46,50,49
msg_739,node49,node4,319,1281284,,,,,,7.848806366047746,,49,,,0,7.848806366047746,520,20,50,49
msg_740,node49,node5,319,1281284,,,,,,7.848806366047746,,49,,,0,7.848806366047746,520,20,50,49
msg_741,node49,node6,319,1281284,1281289.0,5.0,,,,7.954648526077097,,49,,4.8,0,7.954648526077097,343,43,50,49
msg_742,node49,node7,319,1281284,1281290.0,6.0,,,,7.947963800904978,,49,,5.2,0,7.947963800904978,342,42,50,49
msg_743,node49,node8,319,1281284,1281290.0,6.0,,,,7.943566591422122,,49,,5.666666666666667,0,7.943566591422122,341,41,50,49
msg_744,node49,node9,319,1281284,1281290.0,6.0,,,,7.9391891891891895,,49,,5.8,0,7.9391891891891895,340,40,50,49
msg_745,node49,node10,320,1281284,1281288.0,4.0,,,,7.970387243735763,,49,,3.7333333333333334,0,7.970387243735763,345,45,50,49
msg_746,node49,node11,320,1281284,,,,,,7.848806366047746,,49,,,0,7.848806366047746,520,20,50,49
msg_747,node49,node12,320,1281284,,,,,,7.848806366047746,,49,,,0,7.848806366047746,520,20,50,49
msg_748,node49,node13,320,1281284,1281291.0,7.0,,,,7.9348314606741575,,49,,6.666666666666667,0,7.9348314606741575,339,39,50,49
msg_749,node49,node14,320,1281284,1281289.0,5.0,,,,7.961363636363636,,49,,5.133333333333334,0,7.961363636363636,344,44,50,49
msg_750,node49,node15,320,1281284,1281292.0,8.0,,,,7.930648769574944,,49,,7.666666666666667,0,7.930648769574944,337,37,50,49
msg_751,node49,node16,320,1281284,,,,,,7.848806366047746,,49,,,0,7.848806366047746,520,20,50,49
msg_752,node49,node17,320,1281284,1281292.0,8.0,,,,7.930803571428571,,49,,7.933333333333334,0,7.930803571428571,336,36,50,49
msg_753,node49,node18,320,1281284,,,,,,7.848806366047746,,49,,,0,7.848806366047746,520,20,50,49
msg_754,node49,node19,320,1281284,,,,,,7.848806366047746,,49,,,0,7.848806366047746,520,20,50,49
msg_755,node49,node20,320,1281284,1281292.0,8.0,,,,7.9309576837416484,,49,,8.4,0,7.9309576837416484,335,35,50,49
msg_756,node49,node21,320,1281284,1281291.0,7.0,,,,7.932735426008969,,49,,6.8,0,7.932735426008969,338,38,50,49
msg_757,node49,node22,320,1281284,,,,,,7.848806366047746,,49,,,0,7.848806366047746,520,20,50,49
msg_758,node49,node23,320,1281284,,,,,,7.848806366047746,,49,,,0,7.848806366047746,520,20,50,49
msg_759,node49,node24,320,1281284,1281293.0,9.0,,,,7.931111111111111,,49,,9.333333333333334,0,7.931111111111111,334,34,50,49
msg_760,node49,node25,320,1281284,1281293.0,9.0,,,,7.933481152993348,,49,,9.4,0,7.933481152993348,333,33,50,49
msg_761,node49,node26,320,1281284,,,,,,7.848806366047746,,49,,,0,7.848806366047746,520,20,50,49
msg_762,node49,node27,320,1281284,1281293.0,9.0,,,,7.935840707964601,,49,,9.6,0,7.935840707964601,332,32,50,49
msg_763,node49,node28,320,1281284,,,,,,7.848806366047746,,49,,,0,7.848806366047746,520,20,50,49
msg_764,node49,node29,320,1281284,,,,,,7.848806366047746,,49,,,0,7.848806366047746,520,20,50,49
msg_765,node49,node30,320,1281284,,,,,,7.848806366047746,,49,,,0,7.848806366047746,520,20,50,49
msg_766,node49,node31,320,1281284,1281294.0,10.0,,,,7.938189845474613,,49,,8.133333333333333,0,7.938189845474613,331,31,50,49
msg_767,node49,node32,320,1281284,1281294.0,10.0,,,,7.942731277533039,,49,,9.133333333333333,0,7.942731277533039,330,30,50,49
msg_768,node49,node33,320,1281284,1281295.0,11.0,,,,7.947252747252747,,49,,10.666666666666666,0,7.947252747252747,329,29,50,49
msg_769,node49,node34,320,1281284,,,,,,7.848806366047746,,49,,,0,7.848806366047746,520,20,50,49
msg_770,node49,node35,320,1281284,1281295.0,11.0,,,,7.953947368421052,,49,,10.8,0,7.953947368421052,328,28,50,49
msg_771,node49,node36,320,1281284,1281295.0,11.0,,,,7.960612691466083,,49,,11.133333333333333,0,7.960612691466083,327,27,50,49
msg_772,node49,node37,320,1281284,1281296.0,12.0,,,,7.967248908296943,,49,,11.533333333333333,0,7.967248908296943,326,26,50,49
msg_773,node49,node38,320,1281284,,,,,,7.848806366047746,,49,,,0,7.848806366047746,520,20,50,49
msg_774,node49,node39,320,1281284,,,,,,7.848806366047746,,49,,,0,7.848806366047746,520,20,50,49
msg_775,node49,node40,320,1281284,1281296.0,12.0,,,,7.976034858387799,,49,,11.666666666666666,0,7.976034858387799,325,25,50,49
msg_776,node49,node41,320,1281284,1281296.0,12.0,,,,7.984782608695652,,49,,12.066666666666666,0,7.984782608695652,324,24,50,49
msg_777,node49,node42,320,1281284,,,,,,7.848806366047746,,49,,,0,7.848806366047746,520,20,50,49
msg_778,node49,node43,320,1281284,,,,,,7.848806366047746,,49,,,0,7.848806366047746,520,20,50,49
msg_779,node49,node44,320,1281284,1281297.0,13.0,,,,7.993492407809111,,49,,12.666666666666666,0,7.993492407809111,323,23,50,49
msg_780,node49,node45,320,1281284,1281297.0,13.0,,,,8.004329004329005,,49,,12.8,0,8.004329004329005,322,22,50,49
msg_781,node49,node46,320,1281284,1281297.0,13.0,,,,8.01511879049676,,49,,12.933333333333334,0,8.01511879049676,321,21,50,49
msg_782,node49,node47,320,1281284,,,,,,7.848806366047746,,49,,,0,7.848806366047746,520,20,50,49
msg_783,node49,node48,320,1281284,,,,,,7.848806366047746,,49,,,0,7.848806366047746,520,20,50,49
msg_784,node49,node0,319,1460308,1460310.0,2.0,,,,8.025862068965518,,49,,2.625,0,8.025862068965518,369,49,50,49
msg_785,node49,node1,319,1460308,1460310.0,2.0,,,,8.012903225806452,,49,,2.75,0,8.012903225806452,368,48,50,49
msg_786,node49,node2,319,1460308,1460311.0,3.0,,,,8.0,,49,,3.625,0,8.0,367,47,50,49
msg_787,node49,node3,319,1460308,1460311.0,3.0,,,,7.989293361884369,,49,,3.75,0,7.989293361884369,366,46,50,49
msg_788,node49,node4,319,1460308,,,,,,7.848806366047746,,49,,,0,7.848806366047746,520,20,50,49
msg_789,node49,node5,319,1460308,,,,,,7.848806366047746,,49,,,0,7.848806366047746,520,20,50,49
msg_790,node49,node6,319,1460308,1460312.0,4.0,,,,7.959574468085107,,49,,4.8125,0,7.959574468085107,363,43,50,49
msg_791,node49,node7,319,1460308,1460313.0,5.0,,,,7.951167728237792,,49,,5.25,0,7.951167728237792,362,42,50,49
msg_792,node49,node8,319,1460308,1460313.0,5.0,,,,7.944915254237288,,49,,5.6875,0,7.944915254237288,361,41,50,49
msg_793,node49,node9,319,1460308,1460313.0,5.0,,,,7.938689217758985,,49,,5.8125,0,7.938689217758985,360,40,50,49
msg_794,node49,node10,320,1460308,1460311.0,3.0,,,,7.978632478632479,,49,,3.75,0,7.978632478632479,365,45,50,49
msg_795,node49,node11,320,1460308,,,,,,7.848806366047746,,49,,,0,7.848806366047746,520,20,50,49
msg_796,node49,node12,320,1460308,,,,,,7.848806366047746,,49,,,0,7.848806366047746,520,20,50,49
msg_797,node49,node13,320,1460308,1460314.0,6.0,,,,7.932489451476793,,49,,6.6875,0,7.932489451476793,359,39,50,49
msg_798,node49,node14,320,1460308,1460312.0,4.0,,,,7.968017057569297,,49,,5.125,0,7.968017057569297,364,44,50,49
msg_799,node49,node15,320,1460308,1460316.0,8.0,,,,7.9245283018867925,,49,,7.6875,0,7.9245283018867925,356,36,50,49
msg_800,node49,node16,320,1460308,,,,,,7.848806366047746,,49,,,0,7.848806366047746,520,20,50,49
msg_801,node49,node17,320,1460308,1460316.0,8.0,,,,7.924686192468619,,49,,7.9375,0,7.924686192468619,355,35,50,49
msg_802,node49,node18,320,1460308,,,,,,7.848806366047746,,49,,,0,7.848806366047746,520,20,50,49
msg_803,node49,node19,320,1460308,,,,,,7.848806366047746,,49,,,0,7.848806366047746,520,20,50,49
msg_804,node49,node20,320,1460308,1460316.0,8.0,,,,7.925,,49,,8.375,0,7.925,353,33,50,49
msg_805,node49,node21,320,1460308,1460314.0,6.0,,,,7.928421052631579,,49,,6.8125,0,7.928421052631579,358,38,50,49
msg_806,node49,node22,320,1460308,,,,,,7.848806366047746,,49,,,0,7.848806366047746,520,20,50,49
msg_807,node49,node23,320,1460308,,,,,,7.848806366047746,,49,,,0,7.848806366047746,520,20,50,49
msg_808,node49,node24,320,1460308,1460317.0,9.0,,,,7.925155925155925,,49,,9.3125,0,7.925155925155925,352,32,50,49
msg_809,node49,node25,320,1460308,1460317.0,9.0,,,,7.927385892116183,,49,,9.375,0,7.927385892116183,351,31,50,49
msg_810,node49,node26,320,1460308,,,,,,7.848806366047746,,49,,,0,7.848806366047746,520,20,50,49
msg_811,node49,node27,320,1460308,1460318.0,10.0,,,,7.929606625258799,,49,,9.5625,0,7.929606625258799,350,30,50,49
msg_812,node49,node28,320,1460308,,,,,,7.848806366047746,,49,,,0,7.848806366047746,520,20,50,49
msg_813,node49,node29,320,1460308,,,,,,7.848806366047746,,49,,,0,7.848806366047746,520,20,50,49
msg_814,node49,node30,320,1460308,,,,,,7.848806366047746,,49,,,0,7.848806366047746,520,20,50,49
msg_815,node49,node31,320,1460308,1460316.0,8.0,,,,7.92436974789916,,49,,8.25,0,7.92436974789916,357,37,50,49
msg_816,node49,node32,320,1460308,1460316.0,8.0,,,,7.924843423799582,,49,,9.1875,0,7.924843423799582,354,34,50,49
msg_817,node49,node33,320,1460308,1460318.0,10.0,,,,7.933884297520661,,49,,10.6875,0,7.933884297520661,349,29,50,49
msg_818,node49,node34,320,1460308,,,,,,7.848806366047746,,49,,,0,7.848806366047746,520,20,50,49
msg_819,node49,node35,320,1460308,1460318.0,10.0,,,,7.938144329896907,,49,,10.8125,0,7.938144329896907,348,28,50,49
msg_820,node49,node36,320,1460308,1460319.0,11.0,,,,7.94238683127572,,49,,11.125,0,7.94238683127572,347,27,50,49
msg_821,node49,node37,320,1460308,1460319.0,11.0,,,,7.9486652977412735,,49,,11.5625,0,7.9486652977412735,346,26,50,49
msg_822,node49,node38,320,1460308,,,,,,7.848806366047746,,49,,,0,7.848806366047746,520,20,50,49
msg_823,node49,node39,320,1460308,,,,,,7.848806366047746,,49,,,0,7.848806366047746,520,20,50,49
msg_824,node49,node40,320,1460308,1460319.0,11.0,,,,7.954918032786885,,49,,11.6875,0,7.954918032786885,345,25,50,49
msg_825,node49,node41,320,1460308,1460319.0,11.0,,,,7.961145194274029,,49,,12.0625,0,7.961145194274029,344,24,50,49
msg_826,node49,node42,320,1460308,,,,,,7.848806366047746,,49,,,0,7.848806366047746,520,20,50,49
msg_827,node49,node43,320,1460308,,,,,,7.848806366047746,,49,,,0,7.848806366047746,520,20,50,49
msg_828,node49,node44,320,1460308,1460320.0,12.0,,,,7.96734693877551,,49,,12.6875,0,7.96734693877551,343,23,50,49
msg_829,node49,node45,320,1460308,1460320.0,12.0,,,,7.975560081466395,,49,,12.8125,0,7.975560081466395,342,22,50,49
msg_830,node49,node46,320,1460308,1460320.0,12.0,,,,7.983739837398374,,49,,12.9375,0,7.983739837398374,341,21,50,49
msg_831,node49,node47,320,1460308,,,,,,7.848806366047746,,49,,,0,7.848806366047746,520,20,50,49
msg_832,node49,node48,320,1460308,,,,,,7.848806366047746,,49,,,0,7.848806366047746,520,20,50,49
msg_833,node49,node0,319,1507447,1507450.0,3.0,,,,7.991886409736308,,49,,2.588235294117647,0,7.991886409736308,389,49,50,49
msg_834,node49,node1,319,1507447,1507450.0,3.0,,,,7.981781376518219,,49,,2.7058823529411766,0,7.981781376518219,388,48,50,49
msg_835,node49,node2,319,1507447,1507450.0,3.0,,,,7.971717171717172,,49,,3.588235294117647,0,7.971717171717172,387,47,50,49
msg_836,node49,node3,319,1507447,1507450.0,3.0,,,,7.951710261569416,,49,,3.7058823529411766,0,7.951710261569416,385,45,50,49
msg_837,node49,node4,319,1507447,,,,,,7.848806366047746,,49,,,0,7.848806366047746,520,20,50,49
msg_838,node49,node5,319,1507447,,,,,,7.848806366047746,,49,,,0,7.848806366047746,520,20,50,49
msg_839,node49,node6,319,1507447,1507451.0,4.0,,,,7.9417670682730925,,49,,4.764705882352941,0,7.9417670682730925,384,44,50,49
msg_840,node49,node7,319,1507447,1507451.0,4.0,,,,7.933867735470942,,49,,5.235294117647059,0,7.933867735470942,383,43,50,49
msg_841,node49,node8,319,1507447,1507452.0,5.0,,,,7.918163672654691,,49,,5.647058823529412,0,7.918163672654691,381,41,50,49
msg_842,node49,node9,319,1507447,1507452.0,5.0,,,,7.912350597609562,,49,,5.764705882352941,0,7.912350597609562,380,40,50,49
msg_843,node49,node10,320,1507447,1507450.0,3.0,,,,7.961693548387097,,49,,3.7058823529411766,0,7.961693548387097,386,46,50,49
msg_844,node49,node11,320,1507447,,,,,,7.848806366047746,,49,,,0,7.848806366047746,520,20,50,49
msg_845,node49,node12,320,1507447,,,,,,7.848806366047746,,49,,,0,7.848806366047746,520,20,50,49
msg_846,node49,node13,320,1507447,1507452.0,5.0,,,,7.906560636182903,,49,,6.647058823529412,0,7.906560636182903,379,39,50,49
msg_847,node49,node14,320,1507447,1507451.0,4.0,,,,7.926,,49,,5.0588235294117645,0,7.926,382,42,50,49
msg_848,node49,node15,320,1507447,1507453.0,6.0,,,,7.900793650793651,,49,,7.705882352941177,0,7.900793650793651,378,38,50,49
msg_849,node49,node16,320,1507447,,,,,,7.848806366047746,,49,,,0,7.848806366047746,520,20,50,49
msg_850,node49,node17,320,1507447,1507454.0,7.0,,,,7.897029702970297,,49,,7.9411764705882355,0,7.897029702970297,377,37,50,49
msg_851,node49,node18,320,1507447,,,,,,7.848806366047746,,49,,,0,7.848806366047746,520,20,50,49
msg_852,node49,node19,320,1507447,,,,,,7.848806366047746,,49,,,0,7.848806366047746,520,20,50,49
msg_853,node49,node20,320,1507447,1507454.0,7.0,,,,7.895256916996048,,49,,8.352941176470589,0,7.895256916996048,376,36,50,49
msg_854,node49,node21,320,1507447,1507454.0,7.0,,,,7.893491124260355,,49,,6.764705882352941,0,7.893491124260355,375,35,50,49
msg_855,node49,node22,320,1507447,,,,,,7.848806366047746,,49,,,0,7.848806366047746,520,20,50,49
msg_856,node49,node23,320,1507447,,,,,,7.848806366047746,,49,,,0,7.848806366047746,520,20,50,49
msg_857,node49,node24,320,1507447,1507456.0,9.0,,,,7.890196078431373,,49,,9.294117647058824,0,7.890196078431373,372,32,50,49
msg_858,node49,node25,320,1507447,1507456.0,9.0,,,,7.892367906066537,,49,,9.352941176470589,0,7.892367906066537,371,31,50,49
msg_859,node49,node26,320,1507447,,,,,,7.848806366047746,,49,,,0,7.848806366047746,520,20,50,49
msg_860,node49,node27,320,1507447,1507456.0,9.0,,,,7.89453125,,49,,9.588235294117647,0,7.89453125,370,30,50,49
msg_861,node49,node28,320,1507447,,,,,,7.848806366047746,,49,,,0,7.848806366047746,520,20,50,49
msg_862,node49,node29,320,1507447,,,,,,7.848806366047746,,49,,,0,7.848806366047746,520,20,50,49
msg_863,node49,node30,320,1507447,,,,,,7.848806366047746,,49,,,0,7.848806366047746,520,20,50,49
msg_864,node49,node31,320,1507447,1507454.0,7.0,,,,7.891732283464567,,49,,8.235294117647058,0,7.891732283464567,374,34,50,49
msg_865,node49,node32,320,1507447,1507455.0,8.0,,,,7.889980353634577,,49,,9.117647058823529,0,7.889980353634577,373,33,50,49
msg_866,node49,node33,320,1507447,1507457.0,10.0,,,,7.896686159844054,,49,,10.647058823529411,0,7.896686159844054,369,29,50,49
msg_867,node49,node34,320,1507447,,,,,,7.848806366047746,,49,,,0,7.848806366047746,520,20,50,49
msg_868,node49,node35,320,1507447,1507457.0,10.0,,,,7.900778210116732,,49,,10.764705882352942,0,7.900778210116732,368,28,50,49
msg_869,node49,node36,320,1507447,1507457.0,10.0,,,,7.904854368932039,,49,,11.117647058823529,0,7.904854368932039,367,27,50,49
msg_870,node49,node37,320,1507447,1507457.0,10.0,,,,7.908914728682171,,49,,11.529411764705882,0,7.908914728682171,366,26,50,49
msg_871,node49,node38,320,1507447,,,,,,7.848806366047746,,49,,,0,7.848806366047746,520,20,50,49
msg_872,node49,node39,320,1507447,,,,,,7.848806366047746,,49,,,0,7.848806366047746,520,20,50,49
msg_873,node49,node40,320,1507447,1507458.0,11.0,,,,7.912959381044487,,49,,11.647058823529411,0,7.912959381044487,365,25,50,49
msg_874,node49,node41,320,1507447,1507458.0,11.0,,,,7.918918918918919,,49,,12.0,0,7.918918918918919,364,24,50,49
msg_875,node49,node42,320,1507447,,,,,,7.848806366047746,,49,,,0,7.848806366047746,520,20,50,49
msg_876,node49,node43,320,1507447,,,,,,7.848806366047746,,49,,,0,7.848806366047746,520,20,50,49
msg_877,node49,node44,320,1507447,1507458.0,11.0,,,,7.92485549132948,,49,,12.647058823529411,0,7.92485549132948,363,23,50,49
msg_878,node49,node45,320,1507447,1507459.0,12.0,,,,7.930769230769231,,49,,12.764705882352942,0,7.930769230769231,362,22,50,49
msg_879,node49,node46,320,1507447,1507459.0,12.0,,,,7.938579654510557,,49,,12.882352941176471,0,7.938579654510557,361,21,50,49
msg_880,node49,node47,320,1507447,,,,,,7.848806366047746,,49,,,0,7.848806366047746,520,20,50,49
msg_881,node49,node48,320,1507447,,,,,,7.848806366047746,,49,,,0,7.848806366047746,520,20,50,49
msg_882,node49,node0,319,1542757,1542760.0,3.0,,,,7.946360153256705,,49,,2.611111111111111,0,7.946360153256705,409,49,50,49
msg_883,node49,node1,319,1542757,1542760.0,3.0,,,,7.9369024856596555,,49,,2.7222222222222223,0,7.9369024856596555,408,48,50,49
msg_884,node49,node2,319,1542757,1542761.0,4.0,,,,7.927480916030534,,49,,3.5555555555555554,0,7.927480916030534,407,47,50,49
msg_885,node49,node3,319,1542757,1542761.0,4.0,,,,7.92,,49,,3.6666666666666665,0,7.92,406,46,50,49
msg_886,node49,node4,319,1542757,,,,,,7.848806366047746,,49,,,0,7.848806366047746,520,20,50,49
msg_887,node49,node5,319,1542757,,,,,,7.848806366047746,,49,,,0,7.848806366047746,520,20,50,49
msg_888,node49,node6,319,1542757,1542762.0,5.0,,,,7.899621212121212,,49,,4.722222222222222,0,7.899621212121212,403,43,50,49
msg_889,node49,node7,319,1542757,1542763.0,6.0,,,,7.89413988657845,,49,,5.166666666666667,0,7.89413988657845,402,42,50,49
msg_890,node49,node8,319,1542757,1542763.0,6.0,,,,7.890566037735849,,49,,5.611111111111111,0,7.890566037735849,401,41,50,49
msg_891,node49,node9,319,1542757,1542763.0,6.0,,,,7.887005649717514,,49,,5.722222222222222,0,7.887005649717514,400,40,50,49
msg_892,node49,node10,320,1542757,1542761.0,4.0,,,,7.91254752851711,,49,,3.6666666666666665,0,7.91254752851711,405,45,50,49
msg_893,node49,node11,320,1542757,,,,,,7.848806366047746,,49,,,0,7.848806366047746,520,20,50,49
msg_894,node49,node12,320,1542757,,,,,,7.848806366047746,,49,,,0,7.848806366047746,520,20,50,49
msg_895,node49,node13,320,1542757,1542764.0,7.0,,,,7.883458646616542,,49,,6.555555555555555,0,7.883458646616542,399,39,50,49
msg_896,node49,node14,320,1542757,1542762.0,5.0,,,,7.905123339658444,,49,,5.0,0,7.905123339658444,404,44,50,49
msg_897,node49,node15,320,1542757,1542765.0,8.0,,,,7.880149812734082,,49,,7.611111111111111,0,7.880149812734082,397,37,50,49
msg_898,node49,node16,320,1542757,,,,,,7.848806366047746,,49,,,0,7.848806366047746,520,20,50,49
msg_899,node49,node17,320,1542757,1542765.0,8.0,,,,7.880373831775701,,49,,7.888888888888889,0,7.880373831775701,396,36,50,49
msg_900,node49,node18,320,1542757,,,,,,7.848806366047746,,49,,,0,7.848806366047746,520,20,50,49
msg_901,node49,node19,320,1542757,,,,,,7.848806366047746,,49,,,0,7.848806366047746,520,20,50,49
msg_902,node49,node20,320,1542757,1542765.0,8.0,,,,7.880597014925373,,49,,8.277777777777779,0,7.880597014925373,395,35,50,49
msg_903,node49,node21,320,1542757,1542764.0,7.0,,,,7.881801125703565,,49,,6.777777777777778,0,7.881801125703565,398,38,50,49
msg_904,node49,node22,320,1542757,,,,,,7.848806366047746,,49,,,0,7.848806366047746,520,20,50,49
msg_905,node49,node23,320,1542757,,,,,,7.848806366047746,,49,,,0,7.848806366047746,520,20,50,49
msg_906,node49,node24,320,1542757,1542766.0,9.0,,,,7.8808193668528865,,49,,9.277777777777779,0,7.8808193668528865,394,34,50,49
msg_907,node49,node25,320,1542757,1542766.0,9.0,,,,7.882899628252788,,49,,9.333333333333334,0,7.882899628252788,393,33,50,49
msg_908,node49,node26,320,1542757,,,,,,7.848806366047746,,49,,,0,7.848806366047746,520,20,50,49
msg_909,node49,node27,320,1542757,1542766.0,9.0,,,,7.884972170686456,,49,,9.555555555555555,0,7.884972170686456,392,32,50,49
msg_910,node49,node28,320,1542757,,,,,,7.848806366047746,,49,,,0,7.848806366047746,520,20,50,49
msg_911,node49,node29,320,1542757,,,,,,7.848806366047746,,49,,,0,7.848806366047746,520,20,50,49
msg_912,node49,node30,320,1542757,,,,,,7.848806366047746,,49,,,0,7.848806366047746,520,20,50,49
msg_913,node49,node31,320,1542757,1542766.0,9.0,,,,7.887037037037037,,49,,8.166666666666666,0,7.887037037037037,391,31,50,49
msg_914,node49,node32,320,1542757,1542767.0,10.0,,,,7.88909426987061,,49,,9.055555555555555,0,7.88909426987061,390,30,50,49
msg_915,node49,node33,320,1542757,1542768.0,11.0,,,,7.892988929889299,,49,,10.61111111111111,0,7.892988929889299,389,29,50,49
msg_916,node49,node34,320,1542757,,,,,,7.848806366047746,,49,,,0,7.848806366047746,520,20,50,49
msg_917,node49,node35,320,1542757,1542768.0,11.0,,,,7.898710865561695,,49,,10.722222222222221,0,7.898710865561695,388,28,50,49
msg_918,node49,node36,320,1542757,1542768.0,11.0,,,,7.904411764705882,,49,,11.055555555555555,0,7.904411764705882,387,27,50,49
msg_919,node49,node37,320,1542757,1542769.0,12.0,,,,7.910091743119266,,49,,11.444444444444445,0,7.910091743119266,386,26,50,49
msg_920,node49,node38,320,1542757,,,,,,7.848806366047746,,49,,,0,7.848806366047746,520,20,50,49
msg_921,node49,node39,320,1542757,,,,,,7.848806366047746,,49,,,0,7.848806366047746,520,20,50,49
msg_922,node49,node40,320,1542757,1542769.0,12.0,,,,7.917582417582418,,49,,11.61111111111111,0,7.917582417582418,385,25,50,49
msg_923,node49,node41,320,1542757,1542769.0,12.0,,,,7.925045703839123,,49,,11.944444444444445,0,7.925045703839123,384,24,50,49
msg_924,node49,node42,320,1542757,,,,,,7.848806366047746,,49,,,0,7.848806366047746,520,20,50,49
msg_925,node49,node43,320,1542757,,,,,,7.848806366047746,,49,,,0,7.848806366047746,520,20,50,49
msg_926,node49,node44,320,1542757,1542770.0,13.0,,,,7.932481751824818,,49,,12.555555555555555,0,7.932481751824818,383,23,50,49
msg_927,node49,node45,320,1542757,1542770.0,13.0,,,,7.941712204007286,,49,,12.722222222222221,0,7.941712204007286,382,22,50,49
msg_928,node49,node46,320,1542757,1542770.0,13.0,,,,7.950909090909091,,49,,12.833333333333334,0,7.950909090909091,381,21,50,49
msg_929,node49,node47,320,1542757,,,,,,7.848806366047746,,49,,,0,7.848806366047746,520,20,50,49
msg_930,node49,node48,320,1542757,,,,,,7.848806366047746,,49,,,0,7.848806366047746,520,20,50,49
msg_931,node49,node0,319,1561497,1561499.0,2.0,,,,7.960072595281306,,49,,2.6315789473684212,0,7.960072595281306,429,49,50,49
msg_932,node49,node1,319,1561497,1561499.0,2.0,,,,7.949275362318841,,49,,2.736842105263158,0,7.949275362318841,428,48,50,49
msg_933,node49,node2,319,1561497,1561500.0,3.0,,,,7.938517179023508,,49,,3.5789473684210527,0,7.938517179023508,427,47,50,49
msg_934,node49,node3,319,1561497,1561500.0,3.0,,,,7.9296028880866425,,49,,3.6842105263157894,0,7.9296028880866425,426,46,50,49
msg_935,node49,node4,319,1561497,,,,,,7.848806366047746,,49,,,0,7.848806366047746,520,20,50,49
msg_936,node49,node5,319,1561497,,,,,,7.848806366047746,,49,,,0,7.848806366047746,520,20,50,49
msg_937,node49,node6,319,1561497,1561501.0,4.0,,,,7.911870503597123,,49,,4.7368421052631575,0,7.911870503597123,424,44,50,49
msg_938,node49,node7,319,1561497,1561501.0,4.0,,,,7.904847396768402,,49,,5.2105263157894735,0,7.904847396768402,423,43,50,49
msg_939,node49,node8,319,1561497,1561502.0,5.0,,,,7.897849462365591,,49,,5.631578947368421,0,7.897849462365591,422,42,50,49
msg_940,node49,node9,319,1561497,1561502.0,5.0,,,,7.892665474060823,,49,,5.7368421052631575,0,7.892665474060823,421,41,50,49
msg_941,node49,node10,320,1561497,1561500.0,3.0,,,,7.920720720720721,,49,,3.6842105263157894,0,7.920720720720721,425,45,50,49
msg_942,node49,node11,320,1561497,,,,,,7.848806366047746,,49,,,0,7.848806366047746,520,20,50,49
msg_943,node49,node12,320,1561497,,,,,,7.848806366047746,,49,,,0,7.848806366047746,520,20,50,49
msg_944,node49,node13,320,1561497,1561502.0,5.0,,,,7.8875,,49,,6.578947368421052,0,7.8875,420,40,50,49
msg_945,node49,node14,320,1561497,1561502.0,5.0,,,,7.882352941176471,,49,,5.0,0,7.882352941176471,419,39,50,49
msg_946,node49,node15,320,1561497,1561504.0,7.0,,,,7.873889875666075,,49,,7.631578947368421,0,7.873889875666075,417,37,50,49
msg_947,node49,node16,320,1561497,,,,,,7.848806366047746,,49,,,0,7.848806366047746,520,20,50,49
msg_948,node49,node17,320,1561497,1561504.0,7.0,,,,7.872340425531915,,49,,7.894736842105263,0,7.872340425531915,416,36,50,49
msg_949,node49,node18,320,1561497,,,,,,7.848806366047746,,49,,,0,7.848806366047746,520,20,50,49
msg_950,node49,node19,320,1561497,,,,,,7.848806366047746,,49,,,0,7.848806366047746,520,20,50,49
msg_951,node49,node20,320,1561497,1561504.0,7.0,,,,7.870796460176991,,49,,8.263157894736842,0,7.870796460176991,415,35,50,49
msg_952,node49,node21,320,1561497,1561503.0,6.0,,,,7.877224199288256,,49,,6.7894736842105265,0,7.877224199288256,418,38,50,49
msg_953,node49,node22,320,1561497,,,,,,7.848806366047746,,49,,,0,7.848806366047746,520,20,50,49
msg_954,node49,node23,320,1561497,,,,,,7.848806366047746,,49,,,0,7.848806366047746,520,20,50,49
msg_955,node49,node24,320,1561497,1561505.0,8.0,,,,7.869257950530035,,49,,9.263157894736842,0,7.869257950530035,414,34,50,49
msg_956,node49,node25,320,1561497,1561507.0,10.0,,,,7.8694885361552025,,49,,9.31578947368421,0,7.8694885361552025,413,33,50,49
msg_957,node49,node26,320,1561497,,,,,,7.848806366047746,,49,,,0,7.848806366047746,520,20,50,49
msg_958,node49,node27,320,1561497,1561507.0,10.0,,,,7.873239436619718,,49,,9.526315789473685,0,7.873239436619718,412,32,50,49
msg_959,node49,node28,320,1561497,,,,,,7.848806366047746,,49,,,0,7.848806366047746,520,20,50,49
msg_960,node49,node29,320,1561497,,,,,,7.848806366047746,,49,,,0,7.848806366047746,520,20,50,49
msg_961,node49,node30,320,1561497,,,,,,7.848806366047746,,49,,,0,7.848806366047746,520,20,50,49
msg_962,node49,node31,320,1561497,1561507.0,10.0,,,,7.8769771528998245,,49,,8.210526315789474,0,7.8769771528998245,411,31,50,49
msg_963,node49,node32,320,1561497,1561507.0,10.0,,,,7.8807017543859645,,49,,9.105263157894736,0,7.8807017543859645,410,30,50,49
msg_964,node49,node33,320,1561497,1561508.0,11.0,,,,7.884413309982487,,49,,10.631578947368421,0,7.884413309982487,409,29,50,49
msg_965,node49,node34,320,1561497,,,,,,7.848806366047746,,49,,,0,7.848806366047746,520,20,50,49
msg_966,node49,node35,320,1561497,1561509.0,12.0,,,,7.88986013986014,,49,,10.736842105263158,0,7.88986013986014,408,28,50,49
msg_967,node49,node36,320,1561497,1561509.0,12.0,,,,7.897033158813263,,49,,11.052631578947368,0,7.897033158813263,407,27,50,49
msg_968,node49,node37,320,1561497,1561509.0,12.0,,,,7.90418118466899,,49,,11.473684210526315,0,7.90418118466899,406,26,50,49
msg_969,node49,node38,320,1561497,,,,,,7.848806366047746,,49,,,0,7.848806366047746,520,20,50,49
msg_970,node49,node39,320,1561497,,,,,,7.848806366047746,,49,,,0,7.848806366047746,520,20,50,49
msg_971,node49,node40,320,1561497,1561510.0,13.0,,,,7.911304347826087,,49,,11.631578947368421,0,7.911304347826087,405,25,50,49
msg_972,node49,node41,320,1561497,1561510.0,13.0,,,,7.920138888888889,,49,,11.947368421052632,0,7.920138888888889,404,24,50,49
msg_973,node49,node42,320,1561497,,,,,,7.848806366047746,,49,,,0,7.848806366047746,520,20,50,49
msg_974,node49,node43,320,1561497,,,,,,7.848806366047746,,49,,,0,7.848806366047746,520,20,50,49
msg_975,node49,node44,320,1561497,1561510.0,13.0,,,,7.92894280762565,,49,,12.578947368421053,0,7.92894280762565,403,23,50,49
msg_976,node49,node45,320,1561497,1561511.0,14.0,,,,7.937716262975779,,49,,12.736842105263158,0,7.937716262975779,402,22,50,49
msg_977,node49,node46,320,1561497,1561511.0,14.0,,,,7.948186528497409,,49,,12.842105263157896,0,7.948186528497409,401,21,50,49
msg_978,node49,node47,320,1561497,,,,,,7.848806366047746,,49,,,0,7.848806366047746,520,20,50,49
msg_979,node49,node48,320,1561497,,,,,,7.848806366047746,,49,,,0,7.848806366047746,520,20,50,49
msg_980,node49,node0,319,1563692,1563695.0,3.0,,,,7.958620689655173,,49,,2.6,0,7.958620689655173,449,49,50,49
msg_981,node49,node1,319,1563692,1563695.0,3.0,,,,7.950086058519793,,49,,2.7,0,7.950086058519793,448,48,50,49
msg_982,node49,node2,319,1563692,1563695.0,3.0,,,,7.941580756013746,,49,,3.55,0,7.941580756013746,447,47,50,49
msg_983,node49,node3,319,1563692,1563696.0,4.0,,,,7.924657534246576,,49,,3.65,0,7.924657534246576,445,45,50,49
msg_984,node49,node4,319,1563692,,,,,,7.848806366047746,,49,,,0,7.848806366047746,520,20,50,49
msg_985,node49,node5,319,1563692,,,,,,7.848806366047746,,49,,,0,7.848806366047746,520,20,50,49
msg_986,node49,node6,319,1563692,1563696.0,4.0,,,,7.917948717948718,,49,,4.7,0,7.917948717948718,444,44,50,49
msg_987,node49,node7,319,1563692,1563697.0,5.0,,,,7.911262798634812,,49,,5.15,0,7.911262798634812,443,43,50,49
msg_988,node49,node8,319,1563692,1563697.0,5.0,,,,7.901360544217687,,49,,5.6,0,7.901360544217687,441,41,50,49
msg_989,node49,node9,319,1563692,1563697.0,5.0,,,,7.896434634974533,,49,,5.7,0,7.896434634974533,440,40,50,49
msg_990,node49,node10,320,1563692,1563695.0,3.0,,,,7.933104631217839,,49,,3.65,0,7.933104631217839,446,46,50,49
msg_991,node49,node11,320,1563692,,,,,,7.848806366047746,,49,,,0,7.848806366047746,520,20,50,49
msg_992,node49,node12,320,1563692,,,,,,7.848806366047746,,49,,,0,7.848806366047746,520,20,50,49
msg_993,node49,node13,320,1563692,1563698.0,6.0,,,,7.8915254237288135,,49,,6.5,0,7.8915254237288135,439,39,50,49
msg_994,node49,node14,320,1563692,1563697.0,5.0,,,,7.9063032367972745,,49,,5.0,0,7.9063032367972745,442,42,50,49
msg_995,node49,node15,320,1563692,1563699.0,7.0,,,,7.886824324324325,,49,,7.6,0,7.886824324324325,437,37,50,49
msg_996,node49,node16,320,1563692,,,,,,7.848806366047746,,49,,,0,7.848806366047746,520,20,50,49
msg_997,node49,node17,320,1563692,1563699.0,7.0,,,,7.885328836424958,,49,,7.85,0,7.885328836424958,436,36,50,49
msg_998,node49,node18,320,1563692,,,,,,7.848806366047746,,49,,,0,7.848806366047746,520,20,50,49
msg_999,node49,node19,320,1563692,,,,,,7.848806366047746,,49,,,0,7.848806366047746,520,20,50,49
msg_1000,node49,node20,321,1563692,1563700.0,8.0,,,,7.883838383838384,,49,,8.2,0,7.883838383838384,435,35,50,49
msg_1001,node49,node21,321,1563692,1563699.0,7.0,,,,7.888324873096447,,49,,6.75,0,7.888324873096447,438,38,50,49
msg_1002,node49,node22,321,1563692,,,,,,7.848806366047746,,49,,,0,7.848806366047746,520,20,50,49
msg_1003,node49,node23,321,1563692,,,,,,7.848806366047746,,49,,,0,7.848806366047746,520,20,50,49
msg_1004,node49,node24,321,1563692,1563700.0,8.0,,,,7.884033613445379,,49,,9.2,0,7.884033613445379,434,34,50,49
msg_1005,node49,node25,321,1563692,1563700.0,8.0,,,,7.884422110552764,,49,,9.35,0,7.884422110552764,432,32,50,49
msg_1006,node49,node26,321,1563692,,,,,,7.848806366047746,,49,,,0,7.848806366047746,520,20,50,49
msg_1007,node49,node27,321,1563692,1563701.0,9.0,,,,7.886477462437395,,49,,9.55,0,7.886477462437395,430,30,50,49
msg_1008,node49,node28,321,1563692,,,,,,7.848806366047746,,49,,,0,7.848806366047746,520,20,50,49
msg_1009,node49,node29,321,1563692,,,,,,7.848806366047746,,49,,,0,7.848806366047746,520,20,50,49
msg_1010,node49,node30,321,1563692,,,,,,7.848806366047746,,49,,,0,7.848806366047746,520,20,50,49
msg_1011,node49,node31,321,1563692,1563700.0,8.0,,,,7.884228187919463,,49,,8.3,0,7.884228187919463,433,33,50,49
msg_1012,node49,node32,321,1563692,1563701.0,9.0,,,,7.884615384615385,,49,,9.15,0,7.884615384615385,431,31,50,49
msg_1013,node49,node33,321,1563692,1563702.0,10.0,,,,7.888333333333334,,49,,10.65,0,7.888333333333334,429,29,50,49
msg_1014,node49,node34,321,1563692,,,,,,7.848806366047746,,49,,,0,7.848806366047746,520,20,50,49
msg_1015,node49,node35,321,1563692,1563702.0,10.0,,,,7.891846921797005,,49,,10.8,0,7.891846921797005,428,28,50,49
msg_1016,node49,node36,321,1563692,1563702.0,10.0,,,,7.895348837209302,,49,,11.1,0,7.895348837209302,427,27,50,49
msg_1017,node49,node37,321,1563692,1563702.0,10.0,,,,7.8988391376451075,,49,,11.5,0,7.8988391376451075,426,26,50,49
msg_1018,node49,node38,321,1563692,,,,,,7.848806366047746,,49,,,0,7.848806366047746,520,20,50,49
msg_1019,node49,node39,321,1563692,,,,,,7.848806366047746,,49,,,0,7.848806366047746,520,20,50,49
msg_1020,node49,node40,321,1563692,1563703.0,11.0,,,,7.902317880794702,,49,,11.7,0,7.902317880794702,425,25,50,49
msg_1021,node49,node41,321,1563692,1563703.0,11.0,,,,7.907438016528926,,49,,12.0,0,7.907438016528926,424,24,50,49
msg_1022,node49,node42,321,1563692,,,,,,7.848806366047746,,49,,,0,7.848806366047746,520,20,50,49
msg_1023,node49,node43,321,1563692,,,,,,7.848806366047746,,49,,,0,7.848806366047746,520,20,50,49
msg_1024,node49,node44,321,1563692,1563703.0,11.0,,,,7.912541254125412,,49,,12.6,0,7.912541254125412,423,23,50,49
msg_1025,node49,node45,321,1563692,1563704.0,12.0,,,,7.917627677100494,,49,,12.8,0,7.917627677100494,422,22,50,49
msg_1026,node49,node46,321,1563692,1563704.0,12.0,,,,7.9243421052631575,,49,,12.9,0,7.9243421052631575,421,21,50,49
msg_1027,node49,node47,321,1563692,,,,,,7.848806366047746,,49,,,0,7.848806366047746,520,20,50,49
msg_1028,node49,node48,321,1563692,,,,,,7.848806366047746,,49,,,0,7.848806366047746,520,20,50,49
msg_1029,node49,node0,320,1565360,1565362.0,2.0,,,,7.931034482758621,,49,,2.619047619047619,0,7.931034482758621,469,49,50,49
msg_1030,node49,node1,320,1565360,1565362.0,2.0,,,,7.921311475409836,,49,,2.7142857142857144,0,7.921311475409836,468,48,50,49
msg_1031,node49,node2,320,1565360,1565363.0,3.0,,,,7.911620294599018,,49,,3.5238095238095237,0,7.911620294599018,467,47,50,49
msg_1032,node49,node3,320,1565360,1565363.0,3.0,,,,7.90359477124183,,49,,3.6666666666666665,0,7.90359477124183,466,46,50,49
msg_1033,node49,node4,320,1565360,,,,,,7.848806366047746,,49,,,0,7.848806366047746,520,20,50,49
msg_1034,node49,node5,320,1565360,,,,,,7.848806366047746,,49,,,0,7.848806366047746,520,20,50,49
msg_1035,node49,node6,320,1565360,1565365.0,5.0,,,,7.88130081300813,,49,,4.666666666666667,0,7.88130081300813,463,43,50,49
msg_1036,node49,node7,320,1565360,1565365.0,5.0,,,,7.876623376623376,,49,,5.142857142857143,0,7.876623376623376,462,42,50,49
msg_1037,node49,node8,320,1565360,1565366.0,6.0,,,,7.871961102106969,,49,,5.571428571428571,0,7.871961102106969,461,41,50,49
msg_1038,node49,node9,320,1565360,1565366.0,6.0,,,,7.8659127625201934,,49,,5.666666666666667,0,7.8659127625201934,459,39,50,49
msg_1039,node49,node10,321,1565360,1565363.0,3.0,,,,7.895595432300163,,49,,3.619047619047619,0,7.895595432300163,465,45,50,49
msg_1040,node49,node11,321,1565360,,,,,,7.848806366047746,,49,,,0,7.848806366047746,520,20,50,49
msg_1041,node49,node12,321,1565360,,,,,,7.848806366047746,,49,,,0,7.848806366047746,520,20,50,49
msg_1042,node49,node13,321,1565360,1565367.0,7.0,,,,7.862903225806452,,49,,6.476190476190476,0,7.862903225806452,458,38,50,49
msg_1043,node49,node14,321,1565360,1565364.0,4.0,,,,7.887622149837133,,49,,5.0,0,7.887622149837133,464,44,50,49
msg_1044,node49,node15,321,1565360,1565367.0,7.0,,,,7.861513687600644,,49,,7.571428571428571,0,7.861513687600644,457,37,50,49
msg_1045,node49,node16,321,1565360,,,,,,7.848806366047746,,49,,,0,7.848806366047746,520,20,50,49
msg_1046,node49,node17,321,1565360,1565368.0,8.0,,,,7.858747993579454,,49,,7.809523809523809,0,7.858747993579454,455,35,50,49
msg_1047,node49,node18,321,1565360,,,,,,7.848806366047746,,49,,,0,7.848806366047746,520,20,50,49
msg_1048,node49,node19,321,1565360,,,,,,7.848806366047746,,49,,,0,7.848806366047746,520,20,50,49
msg_1049,node49,node20,321,1565360,1565368.0,8.0,,,,7.8592,,49,,8.19047619047619,0,7.8592,453,33,50,49
msg_1050,node49,node21,321,1565360,1565366.0,6.0,,,,7.868932038834951,,49,,6.761904761904762,0,7.868932038834951,460,40,50,49
msg_1051,node49,node22,321,1565360,,,,,,7.848806366047746,,49,,,0,7.848806366047746,520,20,50,49
msg_1052,node49,node23,321,1565360,,,,,,7.848806366047746,,49,,,0,7.848806366047746,520,20,50,49
msg_1053,node49,node24,321,1565360,1565369.0,9.0,,,,7.859424920127796,,49,,9.142857142857142,0,7.859424920127796,452,32,50,49
msg_1054,node49,node25,321,1565360,1565369.0,9.0,,,,7.861244019138756,,49,,9.285714285714286,0,7.861244019138756,451,31,50,49
msg_1055,node49,node26,321,1565360,,,,,,7.848806366047746,,49,,,0,7.848806366047746,520,20,50,49
msg_1056,node49,node27,321,1565360,1565369.0,9.0,,,,7.8630573248407645,,49,,9.523809523809524,0,7.8630573248407645,450,30,50,49
msg_1057,node49,node28,321,1565360,,,,,,7.848806366047746,,49,,,0,7.848806366047746,520,20,50,49
msg_1058,node49,node29,321,1565360,,,,,,7.848806366047746,,49,,,0,7.848806366047746,520,20,50,49
msg_1059,node49,node30,321,1565360,,,,,,7.848806366047746,,49,,,0,7.848806366047746,520,20,50,49
msg_1060,node49,node31,321,1565360,1565367.0,7.0,,,,7.860128617363344,,49,,8.285714285714286,0,7.860128617363344,456,36,50,49
msg_1061,node49,node32,321,1565360,1565368.0,8.0,,,,7.858974358974359,,49,,9.142857142857142,0,7.858974358974359,454,34,50,49
msg_1062,node49,node33,321,1565360,1565370.0,10.0,,,,7.864864864864865,,49,,10.619047619047619,0,7.864864864864865,449,29,50,49
msg_1063,node49,node34,321,1565360,,,,,,7.848806366047746,,49,,,0,7.848806366047746,520,20,50,49
msg_1064,node49,node35,321,1565360,1565370.0,10.0,,,,7.868253968253968,,49,,10.761904761904763,0,7.868253968253968,448,28,50,49
msg_1065,node49,node36,321,1565360,1565370.0,10.0,,,,7.871632329635499,,49,,11.047619047619047,0,7.871632329635499,447,27,50,49
msg_1066,node49,node37,321,1565360,1565371.0,11.0,,,,7.875,,49,,11.428571428571429,0,7.875,446,26,50,49
msg_1067,node49,node38,321,1565360,,,,,,7.848806366047746,,49,,,0,7.848806366047746,520,20,50,49
msg_1068,node49,node39,321,1565360,,,,,,7.848806366047746,,49,,,0,7.848806366047746,520,20,50,49
msg_1069,node49,node40,321,1565360,1565371.0,11.0,,,,7.879936808846762,,49,,11.666666666666666,0,7.879936808846762,445,25,50,49
msg_1070,node49,node41,321,1565360,1565371.0,11.0,,,,7.884858044164038,,49,,11.952380952380953,0,7.884858044164038,444,24,50,49
msg_1071,node49,node42,321,1565360,,,,,,7.848806366047746,,49,,,0,7.848806366047746,520,20,50,49
msg_1072,node49,node43,321,1565360,,,,,,7.848806366047746,,49,,,0,7.848806366047746,520,20,50,49
msg_1073,node49,node44,321,1565360,1565371.0,11.0,,,,7.889763779527559,,49,,12.523809523809524,0,7.889763779527559,443,23,50,49
msg_1074,node49,node45,321,1565360,1565372.0,12.0,,,,7.894654088050315,,49,,12.761904761904763,0,7.894654088050315,442,22,50,49
msg_1075,node49,node46,321,1565360,1565372.0,12.0,,,,7.9010989010989015,,49,,12.857142857142858,0,7.9010989010989015,441,21,50,49
msg_1076,node49,node47,321,1565360,,,,,,7.848806366047746,,49,,,0,7.848806366047746,520,20,50,49
msg_1077,node49,node48,321,1565360,,,,,,7.848806366047746,,49,,,0,7.848806366047746,520,20,50,49
msg_1078,node49,node0,320,1602879,1602882.0,3.0,,,,7.907523510971787,,49,,2.590909090909091,0,7.907523510971787,489,49,50,49
msg_1079,node49,node1,320,1602879,1602882.0,3.0,,,,7.899843505477309,,49,,2.6818181818181817,0,7.899843505477309,488,48,50,49
msg_1080,node49,node2,320,1602879,1602882.0,3.0,,,,7.8921875,,49,,3.5,0,7.8921875,487,47,50,49
msg_1081,node49,node3,320,1602879,1602882.0,3.0,,,,7.876947040498442,,49,,3.6363636363636362,0,7.876947040498442,485,45,50,49
msg_1082,node49,node4,320,1602879,,,,,,7.848806366047746,,49,,,0,7.848806366047746,520,20,50,49
msg_1083,node49,node5,320,1602879,,,,,,7.848806366047746,,49,,,0,7.848806366047746,520,20,50,49
msg_1084,node49,node6,320,1602879,1602883.0,4.0,,,,7.869362363919129,,49,,4.681818181818182,0,7.869362363919129,484,44,50,49
msg_1085,node49,node7,320,1602879,1602883.0,4.0,,,,7.863354037267081,,49,,5.136363636363637,0,7.863354037267081,483,43,50,49
msg_1086,node49,node8,320,1602879,1602884.0,5.0,,,,7.851393188854489,,49,,5.590909090909091,0,7.851393188854489,481,41,50,49
msg_1087,node49,node9,320,1602879,1602884.0,5.0,,,,7.846986089644513,,49,,5.681818181818182,0,7.846986089644513,480,40,50,49
msg_1088,node49,node10,321,1602879,1602882.0,3.0,,,,7.8845553822152885,,49,,3.590909090909091,0,7.8845553822152885,486,46,50,49
msg_1089,node49,node11,321,1602879,,,,,,7.848806366047746,,49,,,0,7.848806366047746,520,20,50,49
msg_1090,node49,node12,321,1602879,,,,,,7.848806366047746,,49,,,0,7.848806366047746,520,20,50,49
msg_1091,node49,node13,321,1602879,1602885.0,6.0,,,,7.842592592592593,,49,,6.5,0,7.842592592592593,479,39,50,49
msg_1092,node49,node14,321,1602879,1602883.0,4.0,,,,7.857364341085272,,49,,4.954545454545454,0,7.857364341085272,482,42,50,49
msg_1093,node49,node15,321,1602879,1602885.0,6.0,,,,7.836923076923077,,49,,7.545454545454546,0,7.836923076923077,477,37,50,49
msg_1094,node49,node16,321,1602879,,,,,,7.848806366047746,,49,,,0,7.848806366047746,520,20,50,49
msg_1095,node49,node17,321,1602879,1602886.0,7.0,,,,7.8341013824884795,,49,,7.818181818181818,0,7.8341013824884795,476,36,50,49
msg_1096,node49,node18,321,1602879,,,,,,7.848806366047746,,49,,,0,7.848806366047746,520,20,50,49
msg_1097,node49,node19,321,1602879,,,,,,7.848806366047746,,49,,,0,7.848806366047746,520,20,50,49
msg_1098,node49,node20,321,1602879,1602886.0,7.0,,,,7.83282208588957,,49,,8.181818181818182,0,7.83282208588957,475,35,50,49
msg_1099,node49,node21,321,1602879,1602885.0,6.0,,,,7.839753466872111,,49,,6.7272727272727275,0,7.839753466872111,478,38,50,49
msg_1100,node49,node22,321,1602879,,,,,,7.848806366047746,,49,,,0,7.848806366047746,520,20,50,49
msg_1101,node49,node23,321,1602879,,,,,,7.848806366047746,,49,,,0,7.848806366047746,520,20,50,49
msg_1102,node49,node24,321,1602879,1602887.0,8.0,,,,7.831546707503828,,49,,9.136363636363637,0,7.831546707503828,474,34,50,49
msg_1103,node49,node25,321,1602879,1602887.0,8.0,,,,7.8320610687022905,,49,,9.272727272727273,0,7.8320610687022905,472,32,50,49
msg_1104,node49,node26,321,1602879,,,,,,7.848806366047746,,49,,,0,7.848806366047746,520,20,50,49
msg_1105,node49,node27,321,1602879,1602888.0,9.0,,,,7.834094368340944,,49,,9.5,0,7.834094368340944,470,30,50,49
msg_1106,node49,node28,321,1602879,,,,,,7.848806366047746,,49,,,0,7.848806366047746,520,20,50,49
msg_1107,node49,node29,321,1602879,,,,,,7.848806366047746,,49,,,0,7.848806366047746,520,20,50,49
msg_1108,node49,node30,321,1602879,,,,,,7.848806366047746,,49,,,0,7.848806366047746,520,20,50,49
msg_1109,node49,node31,321,1602879,1602887.0,8.0,,,,7.8318042813455655,,49,,8.227272727272727,0,7.8318042813455655,473,33,50,49
msg_1110,node49,node32,321,1602879,1602888.0,9.0,,,,7.8323170731707314,,49,,9.090909090909092,0,7.8323170731707314,471,31,50,49
msg_1111,node49,node33,321,1602879,1602889.0,10.0,,,,7.835866261398176,,49,,10.590909090909092,0,7.835866261398176,469,29,50,49
msg_1112,node49,node34,321,1602879,,,,,,7.848806366047746,,49,,,0,7.848806366047746,520,20,50,49
msg_1113,node49,node35,321,1602879,1602889.0,10.0,,,,7.839150227617602,,49,,10.727272727272727,0,7.839150227617602,468,28,50,49
msg_1114,node49,node36,321,1602879,1602889.0,10.0,,,,7.842424242424243,,49,,11.0,0,7.842424242424243,467,27,50,49
msg_1115,node49,node37,321,1602879,1602889.0,10.0,,,,7.845688350983359,,49,,11.409090909090908,0,7.845688350983359,466,26,50,49
msg_1116,node49,node38,321,1602879,,,,,,7.848806366047746,,49,,,0,7.848806366047746,520,20,50,49
msg_1117,node49,node39,321,1602879,,,,,,7.848806366047746,,49,,,0,7.848806366047746,520,20,50,49
msg_1118,node49,node40,321,1602879,1602890.0,11.0,,,,7.848942598187311,,49,,11.636363636363637,0,7.848942598187311,465,25,50,49
msg_1119,node49,node41,321,1602879,1602890.0,11.0,,,,7.853695324283559,,49,,11.909090909090908,0,7.853695324283559,464,24,50,49
msg_1120,node49,node42,321,1602879,,,,,,7.848806366047746,,49,,,0,7.848806366047746,520,20,50,49
msg_1121,node49,node43,321,1602879,,,,,,7.848806366047746,,49,,,0,7.848806366047746,520,20,50,49
msg_1122,node49,node44,321,1602879,1602890.0,11.0,,,,7.858433734939759,,49,,12.454545454545455,0,7.858433734939759,463,23,50,49
msg_1123,node49,node45,321,1602879,1602891.0,12.0,,,,7.863157894736842,,49,,12.727272727272727,0,7.863157894736842,462,22,50,49
msg_1124,node49,node46,321,1602879,1602891.0,12.0,,,,7.86936936936937,,49,,12.818181818181818,0,7.86936936936937,461,21,50,49
msg_1125,node49,node47,321,1602879,,,,,,7.848806366047746,,49,,,0,7.848806366047746,520,20,50,49
msg_1126,node49,node48,321,1602879,,,,,,7.848806366047746,,49,,,0,7.848806366047746,520,20,50,49
msg_1127,node49,node0,320,1625882,1625885.0,3.0,,,,7.875562218890555,,49,,2.608695652173913,0,7.875562218890555,509,49,50,49
msg_1128,node49,node1,320,1625882,1625885.0,3.0,,,,7.868263473053892,,49,,2.6956521739130435,0,7.868263473053892,508,48,50,49
msg_1129,node49,node2,320,1625882,1625886.0,4.0,,,,7.860986547085202,,49,,3.4782608695652173,0,7.860986547085202,507,47,50,49
msg_1130,node49,node3,320,1625882,1625886.0,4.0,,,,7.8552238805970145,,49,,3.608695652173913,0,7.8552238805970145,506,46,50,49
msg_1131,node49,node4,320,1625882,,,,,,7.848806366047746,,49,,,0,7.848806366047746,520,20,50,49
msg_1132,node49,node5,320,1625882,,,,,,7.848806366047746,,49,,,0,7.848806366047746,520,20,50,49
msg_1133,node49,node6,320,1625882,1625887.0,5.0,,,,7.84375,,49,,4.6521739130434785,0,7.84375,504,44,50,49
msg_1134,node49,node7,320,1625882,1625888.0,6.0,,,,7.839524517087667,,49,,5.086956521739131,0,7.839524517087667,503,43,50,49
msg_1135,node49,node8,320,1625882,1625888.0,6.0,,,,7.836795252225519,,49,,5.565217391304348,0,7.836795252225519,502,42,50,49
msg_1136,node49,node9,320,1625882,1625888.0,6.0,,,,7.831360946745562,,49,,5.6521739130434785,0,7.831360946745562,500,40,50,49
msg_1137,node49,node10,321,1625882,1625886.0,4.0,,,,7.849478390461997,,49,,3.5652173913043477,0,7.849478390461997,505,45,50,49
msg_1138,node49,node11,321,1625882,,,,,,7.848806366047746,,49,,,0,7.848806366047746,520,20,50,49
msg_1139,node49,node12,321,1625882,,,,,,7.848806366047746,,49,,,0,7.848806366047746,520,20,50,49
msg_1140,node49,node13,321,1625882,1625890.0,8.0,,,,7.827433628318584,,49,,6.478260869565218,0,7.827433628318584,498,38,50,49
msg_1141,node49,node14,321,1625882,1625888.0,6.0,,,,7.834074074074074,,49,,4.913043478260869,0,7.834074074074074,501,41,50,49
msg_1142,node49,node15,321,1625882,1625890.0,8.0,,,,7.827687776141384,,49,,7.478260869565218,0,7.827687776141384,497,37,50,49
msg_1143,node49,node16,321,1625882,,,,,,7.848806366047746,,49,,,0,7.848806366047746,520,20,50,49
msg_1144,node49,node17,321,1625882,1625890.0,8.0,,,,7.827941176470588,,49,,7.782608695652174,0,7.827941176470588,496,36,50,49
msg_1145,node49,node18,321,1625882,,,,,,7.848806366047746,,49,,,0,7.848806366047746,520,20,50,49
msg_1146,node49,node19,321,1625882,,,,,,7.848806366047746,,49,,,0,7.848806366047746,520,20,50,49
msg_1147,node49,node20,321,1625882,1625891.0,9.0,,,,7.828193832599119,,49,,8.130434782608695,0,7.828193832599119,495,35,50,49
msg_1148,node49,node21,321,1625882,1625889.0,7.0,,,,7.828655834564254,,49,,6.695652173913044,0,7.828655834564254,499,39,50,49
msg_1149,node49,node22,321,1625882,,,,,,7.848806366047746,,49,,,0,7.848806366047746,520,20,50,49
msg_1150,node49,node23,321,1625882,,,,,,7.848806366047746,,49,,,0,7.848806366047746,520,20,50,49
msg_1151,node49,node24,321,1625882,1625892.0,10.0,,,,7.829912023460411,,49,,9.08695652173913,0,7.829912023460411,494,34,50,49
msg_1152,node49,node25,321,1625882,1625892.0,10.0,,,,7.833089311859443,,49,,9.217391304347826,0,7.833089311859443,493,33,50,49
msg_1153,node49,node26,321,1625882,,,,,,7.848806366047746,,49,,,0,7.848806366047746,520,20,50,49
msg_1154,node49,node27,321,1625882,1625892.0,10.0,,,,7.839416058394161,,49,,9.478260869565217,0,7.839416058394161,491,31,50,49
msg_1155,node49,node28,321,1625882,,,,,,7.848806366047746,,49,,,0,7.848806366047746,520,20,50,49
msg_1156,node49,node29,321,1625882,,,,,,7.848806366047746,,49,,,0,7.848806366047746,520,20,50,49
msg_1157,node49,node30,321,1625882,,,,,,7.848806366047746,,49,,,0,7.848806366047746,520,20,50,49
msg_1158,node49,node31,321,1625882,1625892.0,10.0,,,,7.83625730994152,,49,,8.217391304347826,0,7.83625730994152,492,32,50,49
msg_1159,node49,node32,321,1625882,1625892.0,10.0,,,,7.8425655976676385,,49,,9.08695652173913,0,7.8425655976676385,490,30,50,49
msg_1160,node49,node33,321,1625882,1625893.0,11.0,,,,7.84570596797671,,49,,10.565217391304348,0,7.84570596797671,489,29,50,49
msg_1161,node49,node34,321,1625882,,,,,,7.848806366047746,,49,,,0,7.848806366047746,520,20,50,49
msg_1162,node49,node35,321,1625882,1625893.0,11.0,,,,7.850290697674419,,49,,10.695652173913043,0,7.850290697674419,488,28,50,49
msg_1163,node49,node36,321,1625882,1625894.0,12.0,,,,7.854862119013062,,49,,10.956521739130435,0,7.854862119013062,487,27,50,49
msg_1164,node49,node37,321,1625882,1625894.0,12.0,,,,7.860869565217391,,49,,11.347826086956522,0,7.860869565217391,486,26,50,49
msg_1165,node49,node38,321,1625882,,,,,,7.848806366047746,,49,,,0,7.848806366047746,520,20,50,49
msg_1166,node49,node39,321,1625882,,,,,,7.848806366047746,,49,,,0,7.848806366047746,520,20,50,49
msg_1167,node49,node40,321,1625882,1625894.0,12.0,,,,7.86685962373372,,49,,11.608695652173912,0,7.86685962373372,485,25,50,49
msg_1168,node49,node41,321,1625882,1625895.0,13.0,,,,7.872832369942197,,49,,11.869565217391305,0,7.872832369942197,484,24,50,49
msg_1169,node49,node42,321,1625882,,,,,,7.848806366047746,,49,,,0,7.848806366047746,520,20,50,49
msg_1170,node49,node43,321,1625882,,,,,,7.848806366047746,,49,,,0,7.848806366047746,520,20,50,49
msg_1171,node49,node44,321,1625882,1625895.0,13.0,,,,7.88023088023088,,49,,12.391304347826088,0,7.88023088023088,483,23,50,49
msg_1172,node49,node45,321,1625882,1625895.0,13.0,,,,7.887608069164265,,49,,12.695652173913043,0,7.887608069164265,482,22,50,49
msg_1173,node49,node46,321,1625882,1625896.0,14.0,,,,7.894964028776978,,49,,12.782608695652174,0,7.894964028776978,481,21,50,49
msg_1174,node49,node47,321,1625882,,,,,,7.848806366047746,,49,,,0,7.848806366047746,520,20,50,49
msg_1175,node49,node48,321,1625882,,,,,,7.848806366047746,,49,,,0,7.848806366047746,520,20,50,49
msg_1176,node49,node0,320,1654567,1654569.0,2.0,,,,7.903735632183908,,49,,2.625,0,7.903735632183908,529,49,50,49
msg_1177,node49,node1,320,1654567,1654570.0,3.0,,,,7.895265423242468,,49,,2.7083333333333335,0,7.895265423242468,528,48,50,49
msg_1178,node49,node2,320,1654567,1654570.0,3.0,,,,7.888252148997134,,49,,3.5,0,7.888252148997134,527,47,50,49
msg_1179,node49,node3,320,1654567,1654570.0,3.0,,,,7.8742857142857146,,49,,3.625,0,7.8742857142857146,525,45,50,49
msg_1180,node49,node4,320,1654567,,,,,,7.848806366047746,,49,,,0,7.848806366047746,520,20,50,49
msg_1181,node49,node5,320,1654567,,,,,,7.848806366047746,,49,,,0,7.848806366047746,520,20,50,49
msg_1182,node49,node6,320,1654567,1654571.0,4.0,,,,7.867332382310984,,49,,4.666666666666667,0,7.867332382310984,524,44,50,49
msg_1183,node49,node7,320,1654567,1654571.0,4.0,,,,7.861823361823362,,49,,5.125,0,7.861823361823362,523,43,50,49
msg_1184,node49,node8,320,1654567,1654571.0,4.0,,,,7.8508522727272725,,49,,5.583333333333333,0,7.8508522727272725,521,41,50,49
msg_1185,node49,node9,320,1654567,1654572.0,5.0,,,,7.845390070921986,,49,,5.666666666666667,0,7.845390070921986,520,40,50,49
msg_1186,node49,node10,321,1654567,1654570.0,3.0,,,,7.881258941344778,,49,,3.5833333333333335,0,7.881258941344778,526,46,50,49
msg_1187,node49,node11,321,1654567,,,,,,7.848806366047746,,49,,,0,7.848806366047746,520,20,50,49
msg_1188,node49,node12,321,1654567,,,,,,7.848806366047746,,49,,,0,7.848806366047746,520,20,50,49
msg_1189,node49,node13,321,1654567,1654572.0,5.0,,,,7.841359773371105,,49,,6.541666666666667,0,7.841359773371105,519,39,50,49
msg_1190,node49,node14,321,1654567,1654571.0,4.0,,,,7.856330014224751,,49,,4.958333333333333,0,7.856330014224751,522,42,50,49
msg_1191,node49,node15,321,1654567,1654573.0,6.0,,,,7.837340876944837,,49,,7.5,0,7.837340876944837,518,38,50,49
msg_1192,node49,node16,321,1654567,,,,,,7.848806366047746,,49,,,0,7.848806366047746,520,20,50,49
msg_1193,node49,node17,321,1654567,1654574.0,7.0,,,,7.834745762711864,,49,,7.791666666666667,0,7.834745762711864,517,37,50,49
msg_1194,node49,node18,321,1654567,,,,,,7.848806366047746,,49,,,0,7.848806366047746,520,20,50,49
msg_1195,node49,node19,321,1654567,,,,,,7.848806366047746,,49,,,0,7.848806366047746,520,20,50,49
msg_1196,node49,node20,321,1654567,1654575.0,8.0,,,,7.830056179775281,,49,,8.166666666666666,0,7.830056179775281,513,33,50,49
msg_1197,node49,node21,321,1654567,1654574.0,7.0,,,,7.833568406205924,,49,,6.708333333333333,0,7.833568406205924,516,36,50,49
msg_1198,node49,node22,321,1654567,,,,,,7.848806366047746,,49,,,0,7.848806366047746,520,20,50,49
msg_1199,node49,node23,321,1654567,,,,,,7.848806366047746,,49,,,0,7.848806366047746,520,20,50,49
msg_1200,node49,node24,321,1654567,1654576.0,9.0,,,,7.830294530154278,,49,,9.125,0,7.830294530154278,512,32,50,49
msg_1201,node49,node25,321,1654567,1654576.0,9.0,,,,7.831932773109243,,49,,9.25,0,7.831932773109243,511,31,50,49
msg_1202,node49,node26,321,1654567,,,,,,7.848806366047746,,49,,,0,7.848806366047746,520,20,50,49
msg_1203,node49,node27,321,1654567,1654576.0,9.0,,,,7.833566433566434,,49,,9.5,0,7.833566433566434,510,30,50,49
msg_1204,node49,node28,321,1654567,,,,,,7.848806366047746,,49,,,0,7.848806366047746,520,20,50,49
msg_1205,node49,node29,321,1654567,,,,,,7.848806366047746,,49,,,0,7.848806366047746,520,20,50,49
msg_1206,node49,node30,321,1654567,,,,,,7.848806366047746,,49,,,0,7.848806366047746,520,20,50,49
msg_1207,node49,node31,321,1654567,1654574.0,7.0,,,,7.832394366197183,,49,,8.291666666666666,0,7.832394366197183,515,35,50,49
msg_1208,node49,node32,321,1654567,1654574.0,7.0,,,,7.831223628691983,,49,,9.125,0,7.831223628691983,514,34,50,49
msg_1209,node49,node33,321,1654567,1654577.0,10.0,,,,7.835195530726257,,49,,10.583333333333334,0,7.835195530726257,509,29,50,49
msg_1210,node49,node34,321,1654567,,,,,,7.848806366047746,,49,,,0,7.848806366047746,520,20,50,49
msg_1211,node49,node35,321,1654567,1654577.0,10.0,,,,7.838214783821479,,49,,10.708333333333334,0,7.838214783821479,508,28,50,49
msg_1212,node49,node36,321,1654567,1654577.0,10.0,,,,7.841225626740947,,49,,11.0,0,7.841225626740947,507,27,50,49
msg_1213,node49,node37,321,1654567,1654577.0,10.0,,,,7.8442280945758,,49,,11.375,0,7.8442280945758,506,26,50,49
msg_1214,node49,node38,321,1654567,,,,,,7.848806366047746,,49,,,0,7.848806366047746,520,20,50,49
msg_1215,node49,node39,321,1654567,,,,,,7.848806366047746,,49,,,0,7.848806366047746,520,20,50,49
msg_1216,node49,node40,321,1654567,1654578.0,11.0,,,,7.847222222222222,,49,,11.625,0,7.847222222222222,505,25,50,49
msg_1217,node49,node41,321,1654567,1654578.0,11.0,,,,7.851595006934812,,49,,11.916666666666666,0,7.851595006934812,504,24,50,49
msg_1218,node49,node42,321,1654567,,,,,,7.848806366047746,,49,,,0,7.848806366047746,520,20,50,49
msg_1219,node49,node43,321,1654567,,,,,,7.848806366047746,,49,,,0,7.848806366047746,520,20,50,49
msg_1220,node49,node44,321,1654567,1654578.0,11.0,,,,7.85595567867036,,49,,12.416666666666666,0,7.85595567867036,503,23,50,49
msg_1221,node49,node45,321,1654567,1654579.0,12.0,,,,7.860304287690179,,49,,12.708333333333334,0,7.860304287690179,502,22,50,49
msg_1222,node49,node46,321,1654567,1654579.0,12.0,,,,7.866022099447513,,49,,12.833333333333334,0,7.866022099447513,501,21,50,49
msg_1223,node49,node47,321,1654567,,,,,,7.848806366047746,,49,,,0,7.848806366047746,520,20,50,49
msg_1224,node49,node48,321,1654567,,,,,,7.848806366047746,,49,,,0,7.848806366047746,520,20,50,49
msg_1225,node49,node0,320,1787988,1787990.0,2.0,,,,7.871724137931034,,49,,2.6,0,7.871724137931034,549,49,50,49
msg_1226,node49,node1,320,1787988,1787990.0,2.0,,,,7.863636363636363,,49,,2.72,0,7.863636363636363,548,48,50,49
msg_1227,node49,node2,320,1787988,1787991.0,3.0,,,,7.855570839064649,,49,,3.48,0,7.855570839064649,547,47,50,49
msg_1228,node49,node3,320,1787988,1787991.0,3.0,,,,7.8489010989010985,,49,,3.6,0,7.8489010989010985,546,46,50,49
msg_1229,node49,node4,320,1787988,,,,,,7.848806366047746,,49,,,0,7.848806366047746,520,20,50,49
msg_1230,node49,node5,320,1787988,,,,,,7.848806366047746,,49,,,0,7.848806366047746,520,20,50,49
msg_1231,node49,node6,320,1787988,1787992.0,4.0,,,,7.830369357045144,,49,,4.64,0,7.830369357045144,543,43,50,49
msg_1232,node49,node7,320,1787988,1787993.0,5.0,,,,7.825136612021858,,49,,5.08,0,7.825136612021858,542,42,50,49
msg_1233,node49,node8,320,1787988,1787993.0,5.0,,,,7.8212824010914055,,49,,5.52,0,7.8212824010914055,541,41,50,49
msg_1234,node49,node9,320,1787988,1787993.0,5.0,,,,7.817438692098093,,49,,5.64,0,7.817438692098093,540,40,50,49
msg_1235,node49,node10,321,1787988,1787991.0,3.0,,,,7.842249657064472,,49,,3.56,0,7.842249657064472,545,45,50,49
msg_1236,node49,node11,321,1787988,,,,,,7.848806366047746,,49,,,0,7.848806366047746,520,20,50,49
msg_1237,node49,node12,321,1787988,,,,,,7.848806366047746,,49,,,0,7.848806366047746,520,20,50,49
msg_1238,node49,node13,321,1787988,1787994.0,6.0,,,,7.813605442176871,,49,,6.48,0,7.813605442176871,539,39,50,49
msg_1239,node49,node14,321,1787988,1787992.0,4.0,,,,7.835616438356165,,49,,4.92,0,7.835616438356165,544,44,50,49
msg_1240,node49,node15,321,1787988,1787995.0,7.0,,,,7.808683853459973,,49,,7.44,0,7.808683853459973,537,37,50,49
msg_1241,node49,node16,321,1787988,,,,,,7.848806366047746,,49,,,0,7.848806366047746,520,20,50,49
msg_1242,node49,node17,321,1787988,1787995.0,7.0,,,,7.8075880758807585,,49,,7.76,0,7.8075880758807585,536,36,50,49
msg_1243,node49,node18,321,1787988,,,,,,7.848806366047746,,49,,,0,7.848806366047746,520,20,50,49
msg_1244,node49,node19,321,1787988,,,,,,7.848806366047746,,49,,,0,7.848806366047746,520,20,50,49
msg_1245,node49,node20,321,1787988,1787995.0,7.0,,,,7.806495263870095,,49,,8.16,0,7.806495263870095,535,35,50,49
msg_1246,node49,node21,321,1787988,1787994.0,6.0,,,,7.811141304347826,,49,,6.72,0,7.811141304347826,538,38,50,49
msg_1247,node49,node22,321,1787988,,,,,,7.848806366047746,,49,,,0,7.848806366047746,520,20,50,49
msg_1248,node49,node23,321,1787988,,,,,,7.848806366047746,,49,,,0,7.848806366047746,520,20,50,49
msg_1249,node49,node24,321,1787988,1787996.0,8.0,,,,7.805405405405406,,49,,9.12,0,7.805405405405406,534,34,50,49
msg_1250,node49,node25,321,1787988,1787996.0,8.0,,,,7.805668016194332,,49,,9.24,0,7.805668016194332,533,33,50,49
msg_1251,node49,node26,321,1787988,,,,,,7.848806366047746,,49,,,0,7.848806366047746,520,20,50,49
msg_1252,node49,node27,321,1787988,1787996.0,8.0,,,,7.806191117092867,,49,,9.48,0,7.806191117092867,531,31,50,49
msg_1253,node49,node28,321,1787988,,,,,,7.848806366047746,,49,,,0,7.848806366047746,520,20,50,49
msg_1254,node49,node29,321,1787988,,,,,,7.848806366047746,,49,,,0,7.848806366047746,520,20,50,49
msg_1255,node49,node30,321,1787988,,,,,,7.848806366047746,,49,,,0,7.848806366047746,520,20,50,49
msg_1256,node49,node31,321,1787988,1787996.0,8.0,,,,7.8059299191374665,,49,,8.24,0,7.8059299191374665,532,32,50,49
msg_1257,node49,node32,321,1787988,1787997.0,9.0,,,,7.806451612903226,,49,,9.04,0,7.806451612903226,530,30,50,49
msg_1258,node49,node33,321,1787988,1787998.0,10.0,,,,7.808053691275168,,49,,10.56,0,7.808053691275168,529,29,50,49
msg_1259,node49,node34,321,1787988,,,,,,7.848806366047746,,49,,,0,7.848806366047746,520,20,50,49
msg_1260,node49,node35,321,1787988,1787998.0,10.0,,,,7.810991957104558,,49,,10.68,0,7.810991957104558,528,28,50,49
msg_1261,node49,node36,321,1787988,1787998.0,10.0,,,,7.813922356091031,,49,,10.96,0,7.813922356091031,527,27,50,49
msg_1262,node49,node37,321,1787988,1787999.0,11.0,,,,7.816844919786096,,49,,11.32,0,7.816844919786096,526,26,50,49
msg_1263,node49,node38,321,1787988,,,,,,7.848806366047746,,49,,,0,7.848806366047746,520,20,50,49
msg_1264,node49,node39,321,1787988,,,,,,7.848806366047746,,49,,,0,7.848806366047746,520,20,50,49
msg_1265,node49,node40,321,1787988,1787999.0,11.0,,,,7.8210947930574095,,49,,11.6,0,7.8210947930574095,525,25,50,49
msg_1266,node49,node41,321,1787988,1788000.0,12.0,,,,7.825333333333333,,49,,11.88,0,7.825333333333333,524,24,50,49
msg_1267,node49,node42,321,1787988,,,,,,7.848806366047746,,49,,,0,7.848806366047746,520,20,50,49
msg_1268,node49,node43,321,1787988,,,,,,7.848806366047746,,49,,,0,7.848806366047746,520,20,50,49
msg_1269,node49,node44,321,1787988,1788000.0,12.0,,,,7.8308921438082555,,49,,12.36,0,7.8308921438082555,523,23,50,49
msg_1270,node49,node45,321,1787988,1788000.0,12.0,,,,7.836436170212766,,49,,12.68,0,7.836436170212766,522,22,50,49
msg_1271,node49,node46,321,1787988,1788001.0,13.0,,,,7.841965471447543,,49,,12.8,0,7.841965471447543,521,21,50,49
msg_1272,node49,node47,321,1787988,,,,,,7.848806366047746,,49,,,0,7.848806366047746,520,20,50,49
msg_1273,node49,node48,321,1787988,,,,,,7.848806366047746,,49,,,0,7.848806366047746,520,20,50,49
