msg_id,sender,receiver,payload_size_B,time_send_ms,time_receive_ms,actual_delay_ms,online_predicted_delay_ms,cluster_predicted_delay_ms,weighted_predicted_delay_ms,sender_average_outgoing_delay_ms,sender_average_incoming_delay_ms,sender_num_messages_sent_simultaneously,receiver_average_outgoing_delay_ms,receiver_average_incoming_delay_ms,receiver_num_messages_sent_simultaneously,network_average_delay_ms,network_num_messages_in_transit,network_num_busy_links,network_num_network_nodes,network_num_messages_sent_simultaneously
msg_0,node49,node0,417,8658,8659.0,1.0,,,,,,49,,,0,,49,49,50,49
msg_1,node49,node1,417,8658,8660.0,2.0,,,,1.0,,49,,,0,1.0,48,48,50,49
msg_2,node49,node2,417,8658,8661.0,3.0,,,,1.6666666666666667,,49,,,0,1.6666666666666667,46,46,50,49
msg_3,node49,node3,417,8658,8662.0,4.0,,,,2.2,,49,,,0,2.2,44,44,50,49
msg_4,node49,node4,417,8658,,,,,,9.73049001814882,,49,,,0,9.73049001814882,760,20,50,49
msg_5,node49,node5,417,8658,,,,,,9.73049001814882,,49,,,0,9.73049001814882,760,20,50,49
msg_6,node49,node6,417,8658,8663.0,5.0,,,,2.2,,49,,,0,2.2,44,44,50,49
msg_7,node49,node7,417,8658,8663.0,5.0,,,,2.857142857142857,,49,,,0,2.857142857142857,42,42,50,49
msg_8,node49,node8,417,8658,8663.0,5.0,,,,3.125,,49,,,0,3.125,41,41,50,49
msg_9,node49,node9,417,8658,8664.0,6.0,,,,3.5,,49,,,0,3.5,39,39,50,49
msg_10,node49,node10,419,8658,8660.0,2.0,,,,1.0,,49,,,0,1.0,48,48,50,49
msg_11,node49,node11,419,8658,,,,,,9.73049001814882,,49,,,0,9.73049001814882,760,20,50,49
msg_12,node49,node12,419,8658,,,,,,9.73049001814882,,49,,,0,9.73049001814882,760,20,50,49
msg_13,node49,node13,419,8658,8664.0,6.0,,,,3.727272727272727,,49,,,0,3.727272727272727,38,38,50,49
msg_14,node49,node14,419,8658,8661.0,3.0,,,,1.6666666666666667,,49,,,0,1.6666666666666667,46,46,50,49
msg_15,node49,node15,419,8658,8665.0,7.0,,,,3.727272727272727,,49,,,0,3.727272727272727,38,38,50,49
msg_16,node49,node16,419,8658,,,,,,9.73049001814882,,49,,,0,9.73049001814882,760,20,50,49
msg_17,node49,node17,419,8658,8665.0,7.0,,,,4.153846153846154,,49,,,0,4.153846153846154,36,36,50,49
msg_18,node49,node18,419,8658,,,,,,9.73049001814882,,49,,,0,9.73049001814882,760,20,50,49
msg_19,node49,node19,419,8658,,,,,,9.73049001814882,,49,,,0,9.73049001814882,760,20,50,49
msg_20,node49,node20,419,8658,8666.0,8.0,,,,4.357142857142857,,49,,,0,4.357142857142857,35,35,50,49
msg_21,node49,node21,419,8658,8663.0,5.0,,,,3.125,,49,,,0,3.125,41,41,50,49
msg_22,node49,node22,419,8658,,,,,,9.73049001814882,,49,,,0,9.73049001814882,760,20,50,49
msg_23,node49,node23,419,8658,,,,,,9.73049001814882,,49,,,0,9.73049001814882,760,20,50,49
msg_24,node49,node24,419,8658,8668.0,10.0,,,,5.0588235294117645,,49,,,0,5.0588235294117645,32,32,50,49
msg_25,node49,node25,419,8658,8668.0,10.0,,,,5.333333333333333,,49,,,0,5.333333333333333,31,31,50,49
msg_26,node49,node26,419,8658,,,,,,9.73049001814882,,49,,,0,9.73049001814882,760,20,50,49
msg_27,node49,node27,419,8658,8668.0,10.0,,,,5.578947368421052,,49,,,0,5.578947368421052,30,30,50,49
msg_28,node49,node28,419,8658,,,,,,9.73049001814882,,49,,,0,9.73049001814882,760,20,50,49
msg_29,node49,node29,419,8658,,,,,,9.73049001814882,,49,,,0,9.73049001814882,760,20,50,49
msg_30,node49,node30,419,8658,,,,,,9.73049001814882,,49,,,0,9.73049001814882,760,20,50,49
msg_31,node49,node31,419,8658,8666.0,8.0,,,,4.6,,49,,,0,4.6,34,34,50,49
msg_32,node49,node32,419,8658,8667.0,9.0,,,,4.6,,49,,,0,4.6,34,34,50,49
msg_33,node49,node33,419,8658,8669.0,11.0,,,,5.8,,49,,,0,5.8,29,29,50,49
msg_34,node49,node34,419,8658,,,,,,9.73049001814882,,49,,,0,9.73049001814882,760,20,50,49
msg_35,node49,node35,419,8658,8669.0,11.0,,,,5.8,,49,,,0,5.8,29,29,50,49
msg_36,node49,node36,419,8658,8670.0,12.0,,,,6.2727272727272725,,49,,,0,6.2727272727272725,27,27,50,49
msg_37,node49,node37,419,8658,8670.0,12.0,,,,6.521739130434782,,49,,,0,6.521739130434782,26,26,50,49
msg_38,node49,node38,419,8658,,,,,,9.73049001814882,,49,,,0,9.73049001814882,760,20,50,49
msg_39,node49,node39,419,8658,,,,,,9.73049001814882,,49,,,0,9.73049001814882,760,20,50,49
msg_40,node49,node40,419,8658,8670.0,12.0,,,,6.521739130434782,,49,,,0,6.521739130434782,26,26,50,49
msg_41,node49,node41,419,8658,8671.0,13.0,,,,6.96,,49,,,0,6.96,24,24,50,49
msg_42,node49,node42,419,8658,,,,,,9.73049001814882,,49,,,0,9.73049001814882,760,20,50,49
msg_43,node49,node43,419,8658,,,,,,9.73049001814882,,49,,,0,9.73049001814882,760,20,50,49
msg_44,node49,node44,419,8658,8671.0,13.0,,,,7.1923076923076925,,49,,,0,7.1923076923076925,23,23,50,49
msg_45,node49,node45,419,8658,8671.0,13.0,,,,7.407407407407407,,49,,,0,7.407407407407407,22,22,50,49
msg_46,node49,node46,419,8658,8672.0,14.0,,,,7.407407407407407,,49,,,0,7.407407407407407,22,22,50,49
msg_47,node49,node47,419,8658,,,,,,9.73049001814882,,49,,,0,9.73049001814882,760,20,50,49
msg_48,node49,node48,419,8658,,,,,,9.73049001814882,,49,,,0,9.73049001814882,760,20,50,49
msg_49,node49,node0,418,121466,121469.0,3.0,,,,7.827586206896552,,49,,1.0,0,7.827586206896552,69,49,50,49
msg_50,node49,node1,418,121466,121470.0,4.0,,,,7.666666666666667,,49,,2.0,0,7.666666666666667,68,48,50,49
msg_51,node49,node2,418,121466,121470.0,4.0,,,,7.548387096774194,,49,,3.0,0,7.548387096774194,67,47,50,49
msg_52,node49,node3,418,121466,121471.0,5.0,,,,7.548387096774194,,49,,4.0,0,7.548387096774194,67,47,50,49
msg_53,node49,node4,418,121466,,,,,,9.73049001814882,,49,,,0,9.73049001814882,760,20,50,49
msg_54,node49,node5,418,121466,,,,,,9.73049001814882,,49,,,0,9.73049001814882,760,20,50,49
msg_55,node49,node6,418,121466,121472.0,6.0,,,,7.363636363636363,,49,,5.0,0,7.363636363636363,65,45,50,49
msg_56,node49,node7,418,121466,121472.0,6.0,,,,7.323529411764706,,49,,5.0,0,7.323529411764706,64,44,50,49
msg_57,node49,node8,418,121466,121473.0,7.0,,,,7.285714285714286,,49,,5.0,0,7.285714285714286,63,43,50,49
msg_58,node49,node9,418,121466,121475.0,9.0,,,,7.27027027027027,,49,,6.0,0,7.27027027027027,61,41,50,49
msg_59,node49,node10,419,121466,121473.0,7.0,,,,7.285714285714286,,49,,2.0,0,7.285714285714286,63,43,50,49
msg_60,node49,node11,419,121466,,,,,,9.73049001814882,,49,,,0,9.73049001814882,760,20,50,49
msg_61,node49,node12,419,121466,,,,,,9.73049001814882,,49,,,0,9.73049001814882,760,20,50,49
msg_62,node49,node13,419,121466,121475.0,9.0,,,,7.3076923076923075,,49,,6.0,0,7.3076923076923075,59,39,50,49
msg_63,node49,node14,419,121466,121473.0,7.0,,,,7.27027027027027,,49,,3.0,0,7.27027027027027,61,41,50,49
msg_64,node49,node15,419,121466,121475.0,9.0,,,,7.35,,49,,7.0,0,7.35,58,38,50,49
msg_65,node49,node16,419,121466,,,,,,9.73049001814882,,49,,,0,9.73049001814882,760,20,50,49
msg_66,node49,node17,419,121466,121476.0,10.0,,,,7.428571428571429,,49,,7.0,0,7.428571428571429,56,36,50,49
msg_67,node49,node18,419,121466,,,,,,9.73049001814882,,49,,,0,9.73049001814882,760,20,50,49
msg_68,node49,node19,419,121466,,,,,,9.73049001814882,,49,,,0,9.73049001814882,760,20,50,49
msg_69,node49,node20,419,121466,121476.0,10.0,,,,7.428571428571429,,49,,8.0,0,7.428571428571429,56,36,50,49
msg_70,node49,node21,419,121466,121475.0,9.0,,,,7.35,,49,,5.0,0,7.35,58,38,50,49
msg_71,node49,node22,419,121466,,,,,,9.73049001814882,,49,,,0,9.73049001814882,760,20,50,49
msg_72,node49,node23,419,121466,,,,,,9.73049001814882,,49,,,0,9.73049001814882,760,20,50,49
msg_73,node49,node24,419,121466,121477.0,11.0,,,,7.545454545454546,,49,,10.0,0,7.545454545454546,54,34,50,49
msg_74,node49,node25,419,121466,121477.0,11.0,,,,7.545454545454546,,49,,10.0,0,7.545454545454546,54,34,50,49
msg_75,node49,node26,419,121466,,,,,,9.73049001814882,,49,,,0,9.73049001814882,760,20,50,49
msg_76,node49,node27,419,121466,121478.0,12.0,,,,7.695652173913044,,49,,10.0,0,7.695652173913044,52,32,50,49
msg_77,node49,node28,419,121466,,,,,,9.73049001814882,,49,,,0,9.73049001814882,760,20,50,49
msg_78,node49,node29,419,121466,,,,,,9.73049001814882,,49,,,0,9.73049001814882,760,20,50,49
msg_79,node49,node30,419,121466,,,,,,9.73049001814882,,49,,,0,9.73049001814882,760,20,50,49
msg_80,node49,node31,419,121466,121478.0,12.0,,,,7.787234042553192,,49,,8.0,0,7.787234042553192,51,31,50,49
msg_81,node49,node32,419,121466,121478.0,12.0,,,,7.787234042553192,,49,,9.0,0,7.787234042553192,51,31,50,49
msg_82,node49,node33,419,121466,121479.0,13.0,,,,7.959183673469388,,49,,11.0,0,7.959183673469388,49,29,50,49
msg_83,node49,node34,419,121466,,,,,,9.73049001814882,,49,,,0,9.73049001814882,760,20,50,49
msg_84,node49,node35,419,121466,121480.0,14.0,,,,7.959183673469388,,49,,11.0,0,7.959183673469388,49,29,50,49
msg_85,node49,node36,419,121466,121480.0,14.0,,,,8.176470588235293,,49,,12.0,0,8.176470588235293,47,27,50,49
msg_86,node49,node37,419,121466,121481.0,15.0,,,,8.288461538461538,,49,,12.0,0,8.288461538461538,46,26,50,49
msg_87,node49,node38,419,121466,,,,,,9.73049001814882,,49,,,0,9.73049001814882,760,20,50,49
msg_88,node49,node39,419,121466,,,,,,9.73049001814882,,49,,,0,9.73049001814882,760,20,50,49
msg_89,node49,node40,419,121466,121481.0,15.0,,,,8.288461538461538,,49,,12.0,0,8.288461538461538,46,26,50,49
msg_90,node49,node41,419,121466,121481.0,15.0,,,,8.537037037037036,,49,,13.0,0,8.537037037037036,44,24,50,49
msg_91,node49,node42,419,121466,,,,,,9.73049001814882,,49,,,0,9.73049001814882,760,20,50,49
msg_92,node49,node43,419,121466,,,,,,9.73049001814882,,49,,,0,9.73049001814882,760,20,50,49
msg_93,node49,node44,419,121466,121482.0,16.0,,,,8.537037037037036,,49,,13.0,0,8.537037037037036,44,24,50,49
msg_94,node49,node45,419,121466,121482.0,16.0,,,,8.785714285714286,,49,,13.0,0,8.785714285714286,42,22,50,49
msg_95,node49,node46,419,121466,121482.0,16.0,,,,8.912280701754385,,49,,14.0,0,8.912280701754385,41,21,50,49
msg_96,node49,node47,419,121466,,,,,,9.73049001814882,,49,,,0,9.73049001814882,760,20,50,49
msg_97,node49,node48,419,121466,,,,,,9.73049001814882,,49,,,0,9.73049001814882,760,20,50,49
msg_98,node49,node0,418,208044,208047.0,3.0,,,,9.03448275862069,,49,,2.0,0,9.03448275862069,89,49,50,49
msg_99,node49,node1,418,208044,208048.0,4.0,,,,8.932203389830509,,49,,3.0,0,8.932203389830509,88,48,50,49
msg_100,node49,node2,419,208044,208048.0,4.0,,,,8.932203389830509,,49,,3.5,0,8.932203389830509,88,48,50,49
msg_101,node49,node3,419,208044,208050.0,6.0,,,,8.770491803278688,,49,,4.5,0,8.770491803278688,86,46,50,49
msg_102,node49,node4,419,208044,,,,,,9.73049001814882,,49,,,0,9.73049001814882,760,20,50,49
msg_103,node49,node5,419,208044,,,,,,9.73049001814882,,49,,,0,9.73049001814882,760,20,50,49
msg_104,node49,node6,419,208044,208050.0,6.0,,,,8.725806451612904,,49,,5.5,0,8.725806451612904,85,45,50,49
msg_105,node49,node7,419,208044,208050.0,6.0,,,,8.725806451612904,,49,,5.5,0,8.725806451612904,85,45,50,49
msg_106,node49,node8,419,208044,208051.0,7.0,,,,8.6,,49,,6.0,0,8.6,82,42,50,49
msg_107,node49,node9,419,208044,208052.0,8.0,,,,8.552238805970148,,49,,7.5,0,8.552238805970148,80,40,50,49
msg_108,node49,node10,420,208044,208050.0,6.0,,,,8.640625,,49,,4.5,0,8.640625,83,43,50,49
msg_109,node49,node11,420,208044,,,,,,9.73049001814882,,49,,,0,9.73049001814882,760,20,50,49
msg_110,node49,node12,420,208044,,,,,,9.73049001814882,,49,,,0,9.73049001814882,760,20,50,49
msg_111,node49,node13,420,208044,208052.0,8.0,,,,8.544117647058824,,49,,7.5,0,8.544117647058824,79,39,50,49
msg_112,node49,node14,420,208044,208051.0,7.0,,,,8.6,,49,,5.0,0,8.6,82,42,50,49
msg_113,node49,node15,420,208044,208053.0,9.0,,,,8.544117647058824,,49,,8.0,0,8.544117647058824,79,39,50,49
msg_114,node49,node16,420,208044,,,,,,9.73049001814882,,49,,,0,9.73049001814882,760,20,50,49
msg_115,node49,node17,420,208044,208053.0,9.0,,,,8.542857142857143,,49,,8.5,0,8.542857142857143,77,37,50,49
msg_116,node49,node18,420,208044,,,,,,9.73049001814882,,49,,,0,9.73049001814882,760,20,50,49
msg_117,node49,node19,420,208044,,,,,,9.73049001814882,,49,,,0,9.73049001814882,760,20,50,49
msg_118,node49,node20,420,208044,208055.0,11.0,,,,8.555555555555555,,49,,9.0,0,8.555555555555555,75,35,50,49
msg_119,node49,node21,420,208044,208053.0,9.0,,,,8.549295774647888,,49,,7.0,0,8.549295774647888,76,36,50,49
msg_120,node49,node22,420,208044,,,,,,9.73049001814882,,49,,,0,9.73049001814882,760,20,50,49
msg_121,node49,node23,420,208044,,,,,,9.73049001814882,,49,,,0,9.73049001814882,760,20,50,49
msg_122,node49,node24,420,208044,208057.0,13.0,,,,8.666666666666666,,49,,10.5,0,8.666666666666666,72,32,50,49
msg_123,node49,node25,420,208044,208057.0,13.0,,,,8.666666666666666,,49,,10.5,0,8.666666666666666,72,32,50,49
msg_124,node49,node26,420,208044,,,,,,9.73049001814882,,49,,,0,9.73049001814882,760,20,50,49
msg_125,node49,node27,420,208044,208058.0,14.0,,,,8.779220779220779,,49,,11.0,0,8.779220779220779,70,30,50,49
msg_126,node49,node28,420,208044,,,,,,9.73049001814882,,49,,,0,9.73049001814882,760,20,50,49
msg_127,node49,node29,420,208044,,,,,,9.73049001814882,,49,,,0,9.73049001814882,760,20,50,49
msg_128,node49,node30,420,208044,,,,,,9.73049001814882,,49,,,0,9.73049001814882,760,20,50,49
msg_129,node49,node31,420,208044,208055.0,11.0,,,,8.555555555555555,,49,,10.0,0,8.555555555555555,75,35,50,49
msg_130,node49,node32,420,208044,208056.0,12.0,,,,8.621621621621621,,49,,10.5,0,8.621621621621621,73,33,50,49
msg_131,node49,node33,420,208044,208058.0,14.0,,,,8.846153846153847,,49,,12.0,0,8.846153846153847,69,29,50,49
msg_132,node49,node34,420,208044,,,,,,9.73049001814882,,49,,,0,9.73049001814882,760,20,50,49
msg_133,node49,node35,420,208044,208058.0,14.0,,,,8.846153846153847,,49,,12.5,0,8.846153846153847,69,29,50,49
msg_134,node49,node36,420,208044,208059.0,15.0,,,,8.975,,49,,13.0,0,8.975,67,27,50,49
msg_135,node49,node37,420,208044,208059.0,15.0,,,,8.975,,49,,13.5,0,8.975,67,27,50,49
msg_136,node49,node38,420,208044,,,,,,9.73049001814882,,49,,,0,9.73049001814882,760,20,50,49
msg_137,node49,node39,420,208044,,,,,,9.73049001814882,,49,,,0,9.73049001814882,760,20,50,49
msg_138,node49,node40,420,208044,208059.0,15.0,,,,9.121951219512194,,49,,13.5,0,9.121951219512194,65,25,50,49
msg_139,node49,node41,420,208044,208060.0,16.0,,,,9.19277108433735,,49,,14.0,0,9.19277108433735,64,24,50,49
msg_140,node49,node42,420,208044,,,,,,9.73049001814882,,49,,,0,9.73049001814882,760,20,50,49
msg_141,node49,node43,420,208044,,,,,,9.73049001814882,,49,,,0,9.73049001814882,760,20,50,49
msg_142,node49,node44,420,208044,208061.0,17.0,,,,9.273809523809524,,49,,14.5,0,9.273809523809524,63,23,50,49
msg_143,node49,node45,420,208044,208061.0,17.0,,,,9.273809523809524,,49,,14.5,0,9.273809523809524,63,23,50,49
msg_144,node49,node46,420,208044,208062.0,18.0,,,,9.453488372093023,,49,,15.0,0,9.453488372093023,61,21,50,49
msg_145,node49,node47,420,208044,,,,,,9.73049001814882,,49,,,0,9.73049001814882,760,20,50,49
msg_146,node49,node48,420,208044,,,,,,9.73049001814882,,49,,,0,9.73049001814882,760,20,50,49
msg_147,node49,node0,419,225712,225714.0,2.0,,,,9.551724137931034,,49,,2.3333333333333335,0,9.551724137931034,109,49,50,49
msg_148,node49,node1,419,225712,225715.0,3.0,,,,9.551724137931034,,49,,3.3333333333333335,0,9.551724137931034,109,49,50,49
msg_149,node49,node2,419,225712,225716.0,4.0,,,,9.322222222222223,,49,,3.6666666666666665,0,9.322222222222223,106,46,50,49
msg_150,node49,node3,419,225712,225717.0,5.0,,,,9.263736263736265,,49,,5.0,0,9.263736263736265,105,45,50,49
msg_151,node49,node4,419,225712,,,,,,9.73049001814882,,49,,,0,9.73049001814882,760,20,50,49
msg_152,node49,node5,419,225712,,,,,,9.73049001814882,,49,,,0,9.73049001814882,760,20,50,49
msg_153,node49,node6,419,225712,225718.0,6.0,,,,9.161290322580646,,49,,5.666666666666667,0,9.161290322580646,103,43,50,49
msg_154,node49,node7,419,225712,225718.0,6.0,,,,9.127659574468085,,49,,5.666666666666667,0,9.127659574468085,102,42,50,49
msg_155,node49,node8,419,225712,225718.0,6.0,,,,9.094736842105263,,49,,6.333333333333333,0,9.094736842105263,101,41,50,49
msg_156,node49,node9,419,225712,225719.0,7.0,,,,9.030927835051546,,49,,7.666666666666667,0,9.030927835051546,99,39,50,49
msg_157,node49,node10,420,225712,225715.0,3.0,,,,9.393258426966293,,49,,5.0,0,9.393258426966293,107,47,50,49
msg_158,node49,node11,420,225712,,,,,,9.73049001814882,,49,,,0,9.73049001814882,760,20,50,49
msg_159,node49,node12,420,225712,,,,,,9.73049001814882,,49,,,0,9.73049001814882,760,20,50,49
msg_160,node49,node13,420,225712,225719.0,7.0,,,,9.010204081632653,,49,,7.666666666666667,0,9.010204081632653,98,38,50,49
msg_161,node49,node14,420,225712,225716.0,4.0,,,,9.263736263736265,,49,,5.666666666666667,0,9.263736263736265,105,45,50,49
msg_162,node49,node15,420,225712,225720.0,8.0,,,,9.010204081632653,,49,,8.333333333333334,0,9.010204081632653,98,38,50,49
msg_163,node49,node16,420,225712,,,,,,9.73049001814882,,49,,,0,9.73049001814882,760,20,50,49
msg_164,node49,node17,420,225712,225720.0,8.0,,,,8.98,,49,,8.666666666666666,0,8.98,96,36,50,49
msg_165,node49,node18,420,225712,,,,,,9.73049001814882,,49,,,0,9.73049001814882,760,20,50,49
msg_166,node49,node19,420,225712,,,,,,9.73049001814882,,49,,,0,9.73049001814882,760,20,50,49
msg_167,node49,node20,420,225712,225721.0,9.0,,,,8.970297029702971,,49,,9.666666666666666,0,8.970297029702971,95,35,50,49
msg_168,node49,node21,420,225712,225718.0,6.0,,,,9.094736842105263,,49,,7.666666666666667,0,9.094736842105263,101,41,50,49
msg_169,node49,node22,420,225712,,,,,,9.73049001814882,,49,,,0,9.73049001814882,760,20,50,49
msg_170,node49,node23,420,225712,,,,,,9.73049001814882,,49,,,0,9.73049001814882,760,20,50,49
msg_171,node49,node24,420,225712,225723.0,11.0,,,,8.98076923076923,,49,,11.333333333333334,0,8.98076923076923,92,32,50,49
msg_172,node49,node25,420,225712,225723.0,11.0,,,,8.98076923076923,,49,,11.333333333333334,0,8.98076923076923,92,32,50,49
msg_173,node49,node26,420,225712,,,,,,9.73049001814882,,49,,,0,9.73049001814882,760,20,50,49
msg_174,node49,node27,420,225712,225723.0,11.0,,,,9.018867924528301,,49,,12.0,0,9.018867924528301,90,30,50,49
msg_175,node49,node28,420,225712,,,,,,9.73049001814882,,49,,,0,9.73049001814882,760,20,50,49
msg_176,node49,node29,420,225712,,,,,,9.73049001814882,,49,,,0,9.73049001814882,760,20,50,49
msg_177,node49,node30,420,225712,,,,,,9.73049001814882,,49,,,0,9.73049001814882,760,20,50,49
msg_178,node49,node31,420,225712,225721.0,9.0,,,,8.970297029702971,,49,,10.333333333333334,0,8.970297029702971,95,35,50,49
msg_179,node49,node32,420,225712,225722.0,10.0,,,,8.970873786407767,,49,,11.0,0,8.970873786407767,93,33,50,49
msg_180,node49,node33,420,225712,225724.0,12.0,,,,9.037383177570094,,49,,12.666666666666666,0,9.037383177570094,89,29,50,49
msg_181,node49,node34,420,225712,,,,,,9.73049001814882,,49,,,0,9.73049001814882,760,20,50,49
msg_182,node49,node35,420,225712,225724.0,12.0,,,,9.064814814814815,,49,,13.0,0,9.064814814814815,88,28,50,49
msg_183,node49,node36,420,225712,225725.0,13.0,,,,9.064814814814815,,49,,13.666666666666666,0,9.064814814814815,88,28,50,49
msg_184,node49,node37,420,225712,225725.0,13.0,,,,9.127272727272727,,49,,14.0,0,9.127272727272727,86,26,50,49
msg_185,node49,node38,420,225712,,,,,,9.73049001814882,,49,,,0,9.73049001814882,760,20,50,49
msg_186,node49,node39,420,225712,,,,,,9.73049001814882,,49,,,0,9.73049001814882,760,20,50,49
msg_187,node49,node40,420,225712,225725.0,13.0,,,,9.162162162162161,,49,,14.0,0,9.162162162162161,85,25,50,49
msg_188,node49,node41,420,225712,225726.0,14.0,,,,9.162162162162161,,49,,14.666666666666666,0,9.162162162162161,85,25,50,49
msg_189,node49,node42,420,225712,,,,,,9.73049001814882,,49,,,0,9.73049001814882,760,20,50,49
msg_190,node49,node43,420,225712,,,,,,9.73049001814882,,49,,,0,9.73049001814882,760,20,50,49
msg_191,node49,node44,420,225712,225726.0,14.0,,,,9.238938053097344,,49,,15.333333333333334,0,9.238938053097344,83,23,50,49
msg_192,node49,node45,420,225712,225726.0,14.0,,,,9.280701754385966,,49,,15.333333333333334,0,9.280701754385966,82,22,50,49
msg_193,node49,node46,420,225712,225727.0,15.0,,,,9.321739130434782,,49,,16.0,0,9.321739130434782,81,21,50,49
msg_194,node49,node47,420,225712,,,,,,9.73049001814882,,49,,,0,9.73049001814882,760,20,50,49
msg_195,node49,node48,420,225712,,,,,,9.73049001814882,,49,,,0,9.73049001814882,760,20,50,49
msg_196,node49,node0,419,266757,266760.0,3.0,,,,9.370689655172415,,49,,2.25,0,9.370689655172415,129,49,50,49
msg_197,node49,node1,419,266757,266760.0,3.0,,,,9.316239316239317,,49,,3.25,0,9.316239316239317,128,48,50,49
msg_198,node49,node2,419,266757,266760.0,3.0,,,,9.26271186440678,,49,,3.75,0,9.26271186440678,127,47,50,49
msg_199,node49,node3,419,266757,266761.0,4.0,,,,9.158333333333333,,49,,5.0,0,9.158333333333333,125,45,50,49
msg_200,node49,node4,419,266757,,,,,,9.73049001814882,,49,,,0,9.73049001814882,760,20,50,49
msg_201,node49,node5,419,266757,,,,,,9.73049001814882,,49,,,0,9.73049001814882,760,20,50,49
msg_202,node49,node6,419,266757,266761.0,4.0,,,,9.158333333333333,,49,,5.75,0,9.158333333333333,125,45,50,49
msg_203,node49,node7,419,266757,266762.0,5.0,,,,9.073770491803279,,49,,5.75,0,9.073770491803279,123,43,50,49
msg_204,node49,node8,419,266757,266762.0,5.0,,,,9.040650406504065,,49,,6.25,0,9.040650406504065,122,42,50,49
msg_205,node49,node9,419,266757,266763.0,6.0,,,,9.040650406504065,,49,,7.5,0,9.040650406504065,122,42,50,49
msg_206,node49,node10,420,266757,266760.0,3.0,,,,9.26271186440678,,49,,4.5,0,9.26271186440678,127,47,50,49
msg_207,node49,node11,420,266757,,,,,,9.73049001814882,,49,,,0,9.73049001814882,760,20,50,49
msg_208,node49,node12,420,266757,,,,,,9.73049001814882,,49,,,0,9.73049001814882,760,20,50,49
msg_209,node49,node13,420,266757,266763.0,6.0,,,,8.984,,49,,7.5,0,8.984,120,40,50,49
msg_210,node49,node14,420,266757,266764.0,7.0,,,,8.96031746031746,,49,,5.25,0,8.96031746031746,119,39,50,49
msg_211,node49,node15,420,266757,266766.0,9.0,,,,8.915384615384616,,49,,8.25,0,8.915384615384616,115,35,50,49
msg_212,node49,node16,420,266757,,,,,,9.73049001814882,,49,,,0,9.73049001814882,760,20,50,49
msg_213,node49,node17,420,266757,266767.0,10.0,,,,8.915384615384616,,49,,8.5,0,8.915384615384616,115,35,50,49
msg_214,node49,node18,420,266757,,,,,,9.73049001814882,,49,,,0,9.73049001814882,760,20,50,49
msg_215,node49,node19,420,266757,,,,,,9.73049001814882,,49,,,0,9.73049001814882,760,20,50,49
msg_216,node49,node20,420,266757,266767.0,10.0,,,,8.924242424242424,,49,,9.5,0,8.924242424242424,113,33,50,49
msg_217,node49,node21,420,266757,266764.0,7.0,,,,8.94488188976378,,49,,7.25,0,8.94488188976378,118,38,50,49
msg_218,node49,node22,420,266757,,,,,,9.73049001814882,,49,,,0,9.73049001814882,760,20,50,49
msg_219,node49,node23,420,266757,,,,,,9.73049001814882,,49,,,0,9.73049001814882,760,20,50,49
msg_220,node49,node24,420,266757,266767.0,10.0,,,,8.93233082706767,,49,,11.25,0,8.93233082706767,112,32,50,49
msg_221,node49,node25,420,266757,266768.0,11.0,,,,8.940298507462687,,49,,11.25,0,8.940298507462687,111,31,50,49
msg_222,node49,node26,420,266757,,,,,,9.73049001814882,,49,,,0,9.73049001814882,760,20,50,49
msg_223,node49,node27,420,266757,266768.0,11.0,,,,8.940298507462687,,49,,11.75,0,8.940298507462687,111,31,50,49
msg_224,node49,node28,420,266757,,,,,,9.73049001814882,,49,,,0,9.73049001814882,760,20,50,49
msg_225,node49,node29,420,266757,,,,,,9.73049001814882,,49,,,0,9.73049001814882,760,20,50,49
msg_226,node49,node30,420,266757,,,,,,9.73049001814882,,49,,,0,9.73049001814882,760,20,50,49
msg_227,node49,node31,420,266757,266765.0,8.0,,,,8.94488188976378,,49,,10.0,0,8.94488188976378,118,38,50,49
msg_228,node49,node32,420,266757,266765.0,8.0,,,,8.922480620155039,,49,,10.75,0,8.922480620155039,116,36,50,49
msg_229,node49,node33,420,266757,266768.0,11.0,,,,8.970588235294118,,49,,12.5,0,8.970588235294118,109,29,50,49
msg_230,node49,node34,420,266757,,,,,,9.73049001814882,,49,,,0,9.73049001814882,760,20,50,49
msg_231,node49,node35,420,266757,266769.0,12.0,,,,8.985401459854014,,49,,12.75,0,8.985401459854014,108,28,50,49
msg_232,node49,node36,420,266757,266769.0,12.0,,,,8.985401459854014,,49,,13.5,0,8.985401459854014,108,28,50,49
msg_233,node49,node37,420,266757,266770.0,13.0,,,,9.028776978417266,,49,,13.75,0,9.028776978417266,106,26,50,49
msg_234,node49,node38,420,266757,,,,,,9.73049001814882,,49,,,0,9.73049001814882,760,20,50,49
msg_235,node49,node39,420,266757,,,,,,9.73049001814882,,49,,,0,9.73049001814882,760,20,50,49
msg_236,node49,node40,420,266757,266770.0,13.0,,,,9.057142857142857,,49,,13.75,0,9.057142857142857,105,25,50,49
msg_237,node49,node41,420,266757,266770.0,13.0,,,,9.085106382978724,,49,,14.5,0,9.085106382978724,104,24,50,49
msg_238,node49,node42,420,266757,,,,,,9.73049001814882,,49,,,0,9.73049001814882,760,20,50,49
msg_239,node49,node43,420,266757,,,,,,9.73049001814882,,49,,,0,9.73049001814882,760,20,50,49
msg_240,node49,node44,420,266757,266771.0,14.0,,,,9.085106382978724,,49,,15.0,0,9.085106382978724,104,24,50,49
msg_241,node49,node45,420,266757,266771.0,14.0,,,,9.146853146853147,,49,,15.0,0,9.146853146853147,102,22,50,49
msg_242,node49,node46,420,266757,266771.0,14.0,,,,9.180555555555555,,49,,15.75,0,9.180555555555555,101,21,50,49
msg_243,node49,node47,420,266757,,,,,,9.73049001814882,,49,,,0,9.73049001814882,760,20,50,49
msg_244,node49,node48,420,266757,,,,,,9.73049001814882,,49,,,0,9.73049001814882,760,20,50,49
msg_245,node49,node0,419,302572,302574.0,2.0,,,,9.213793103448277,,49,,2.4,0,9.213793103448277,149,49,50,49
msg_246,node49,node1,419,302572,302576.0,4.0,,,,9.164383561643836,,49,,3.2,0,9.164383561643836,148,48,50,49
msg_247,node49,node2,419,302572,302576.0,4.0,,,,9.129251700680273,,49,,3.6,0,9.129251700680273,147,47,50,49
msg_248,node49,node3,419,302572,302576.0,4.0,,,,9.129251700680273,,49,,4.8,0,9.129251700680273,147,47,50,49
msg_249,node49,node4,419,302572,,,,,,9.73049001814882,,49,,,0,9.73049001814882,760,20,50,49
msg_250,node49,node5,419,302572,,,,,,9.73049001814882,,49,,,0,9.73049001814882,760,20,50,49
msg_251,node49,node6,419,302572,302578.0,6.0,,,,9.060402684563758,,49,,5.4,0,9.060402684563758,145,45,50,49
msg_252,node49,node7,419,302572,302578.0,6.0,,,,9.013245033112582,,49,,5.6,0,9.013245033112582,143,43,50,49
msg_253,node49,node8,419,302572,302579.0,7.0,,,,8.993421052631579,,49,,6.0,0,8.993421052631579,142,42,50,49
msg_254,node49,node9,419,302572,302579.0,7.0,,,,8.980392156862745,,49,,7.2,0,8.980392156862745,141,41,50,49
msg_255,node49,node10,420,302572,302577.0,5.0,,,,9.060402684563758,,49,,4.2,0,9.060402684563758,145,45,50,49
msg_256,node49,node11,420,302572,,,,,,9.73049001814882,,49,,,0,9.73049001814882,760,20,50,49
msg_257,node49,node12,420,302572,,,,,,9.73049001814882,,49,,,0,9.73049001814882,760,20,50,49
msg_258,node49,node13,420,302572,302580.0,8.0,,,,8.95483870967742,,49,,7.2,0,8.95483870967742,139,39,50,49
msg_259,node49,node14,420,302572,302579.0,7.0,,,,8.980392156862745,,49,,5.6,0,8.980392156862745,141,41,50,49
msg_260,node49,node15,420,302572,302580.0,8.0,,,,8.948717948717949,,49,,8.4,0,8.948717948717949,138,38,50,49
msg_261,node49,node16,420,302572,,,,,,9.73049001814882,,49,,,0,9.73049001814882,760,20,50,49
msg_262,node49,node17,420,302572,302581.0,9.0,,,,8.936708860759493,,49,,8.8,0,8.936708860759493,136,36,50,49
msg_263,node49,node18,420,302572,,,,,,9.73049001814882,,49,,,0,9.73049001814882,760,20,50,49
msg_264,node49,node19,420,302572,,,,,,9.73049001814882,,49,,,0,9.73049001814882,760,20,50,49
msg_265,node49,node20,420,302572,302582.0,10.0,,,,8.937106918238994,,49,,9.6,0,8.937106918238994,135,35,50,49
msg_266,node49,node21,420,302572,302580.0,8.0,,,,8.948717948717949,,49,,7.2,0,8.948717948717949,138,38,50,49
msg_267,node49,node22,420,302572,,,,,,9.73049001814882,,49,,,0,9.73049001814882,760,20,50,49
msg_268,node49,node23,420,302572,,,,,,9.73049001814882,,49,,,0,9.73049001814882,760,20,50,49
msg_269,node49,node24,420,302572,302583.0,11.0,,,,8.956521739130435,,49,,11.0,0,8.956521739130435,133,33,50,49
msg_270,node49,node25,420,302572,302583.0,11.0,,,,8.98159509202454,,49,,11.2,0,8.98159509202454,131,31,50,49
msg_271,node49,node26,420,302572,,,,,,9.73049001814882,,49,,,0,9.73049001814882,760,20,50,49
msg_272,node49,node27,420,302572,302584.0,12.0,,,,8.99390243902439,,49,,11.6,0,8.99390243902439,130,30,50,49
msg_273,node49,node28,420,302572,,,,,,9.73049001814882,,49,,,0,9.73049001814882,760,20,50,49
msg_274,node49,node29,420,302572,,,,,,9.73049001814882,,49,,,0,9.73049001814882,760,20,50,49
msg_275,node49,node30,420,302572,,,,,,9.73049001814882,,49,,,0,9.73049001814882,760,20,50,49
msg_276,node49,node31,420,302572,302583.0,11.0,,,,8.94375,,49,,9.6,0,8.94375,134,34,50,49
msg_277,node49,node32,420,302572,302583.0,11.0,,,,8.956521739130435,,49,,10.2,0,8.956521739130435,133,33,50,49
msg_278,node49,node33,420,302572,302585.0,13.0,,,,8.99390243902439,,49,,12.2,0,8.99390243902439,130,30,50,49
msg_279,node49,node34,420,302572,,,,,,9.73049001814882,,49,,,0,9.73049001814882,760,20,50,49
msg_280,node49,node35,420,302572,302585.0,13.0,,,,9.036144578313253,,49,,12.6,0,9.036144578313253,128,28,50,49
msg_281,node49,node36,420,302572,302586.0,14.0,,,,9.059880239520957,,49,,13.2,0,9.059880239520957,127,27,50,49
msg_282,node49,node37,420,302572,302586.0,14.0,,,,9.089285714285714,,49,,13.6,0,9.089285714285714,126,26,50,49
msg_283,node49,node38,420,302572,,,,,,9.73049001814882,,49,,,0,9.73049001814882,760,20,50,49
msg_284,node49,node39,420,302572,,,,,,9.73049001814882,,49,,,0,9.73049001814882,760,20,50,49
msg_285,node49,node40,420,302572,302586.0,14.0,,,,9.089285714285714,,49,,13.6,0,9.089285714285714,126,26,50,49
msg_286,node49,node41,420,302572,302587.0,15.0,,,,9.147058823529411,,49,,14.2,0,9.147058823529411,124,24,50,49
msg_287,node49,node42,420,302572,,,,,,9.73049001814882,,49,,,0,9.73049001814882,760,20,50,49
msg_288,node49,node43,420,302572,,,,,,9.73049001814882,,49,,,0,9.73049001814882,760,20,50,49
msg_289,node49,node44,420,302572,302587.0,15.0,,,,9.147058823529411,,49,,14.8,0,9.147058823529411,124,24,50,49
msg_290,node49,node45,420,302572,302588.0,16.0,,,,9.215116279069768,,49,,14.8,0,9.215116279069768,122,22,50,49
msg_291,node49,node46,420,302572,302588.0,16.0,,,,9.254335260115607,,49,,15.4,0,9.254335260115607,121,21,50,49
msg_292,node49,node47,420,302572,,,,,,9.73049001814882,,49,,,0,9.73049001814882,760,20,50,49
msg_293,node49,node48,420,302572,,,,,,9.73049001814882,,49,,,0,9.73049001814882,760,20,50,49
msg_294,node49,node0,419,365835,365838.0,3.0,,,,9.293103448275861,,49,,2.3333333333333335,0,9.293103448275861,169,49,50,49
msg_295,node49,node1,419,365835,365838.0,3.0,,,,9.257142857142858,,49,,3.3333333333333335,0,9.257142857142858,168,48,50,49
msg_296,node49,node2,419,365835,365838.0,3.0,,,,9.221590909090908,,49,,3.6666666666666665,0,9.221590909090908,167,47,50,49
msg_297,node49,node3,419,365835,365839.0,4.0,,,,9.151685393258427,,49,,4.666666666666667,0,9.151685393258427,165,45,50,49
msg_298,node49,node4,419,365835,,,,,,9.73049001814882,,49,,,0,9.73049001814882,760,20,50,49
msg_299,node49,node5,419,365835,,,,,,9.73049001814882,,49,,,0,9.73049001814882,760,20,50,49
msg_300,node49,node6,419,365835,365839.0,4.0,,,,9.12290502793296,,49,,5.5,0,9.12290502793296,164,44,50,49
msg_301,node49,node7,419,365835,365840.0,5.0,,,,9.12290502793296,,49,,5.666666666666667,0,9.12290502793296,164,44,50,49
msg_302,node49,node8,419,365835,365840.0,5.0,,,,9.07182320441989,,49,,6.166666666666667,0,9.07182320441989,162,42,50,49
msg_303,node49,node9,419,365835,365841.0,6.0,,,,9.04945054945055,,49,,7.166666666666667,0,9.04945054945055,161,41,50,49
msg_304,node49,node10,420,365835,365838.0,3.0,,,,9.221590909090908,,49,,4.333333333333333,0,9.221590909090908,167,47,50,49
msg_305,node49,node11,420,365835,,,,,,9.73049001814882,,49,,,0,9.73049001814882,760,20,50,49
msg_306,node49,node12,420,365835,,,,,,9.73049001814882,,49,,,0,9.73049001814882,760,20,50,49
msg_307,node49,node13,420,365835,365844.0,9.0,,,,9.0,,49,,7.333333333333333,0,9.0,157,37,50,49
msg_308,node49,node14,420,365835,365842.0,7.0,,,,9.04945054945055,,49,,5.833333333333333,0,9.04945054945055,161,41,50,49
msg_309,node49,node15,420,365835,365844.0,9.0,,,,8.99468085106383,,49,,8.333333333333334,0,8.99468085106383,155,35,50,49
msg_310,node49,node16,420,365835,,,,,,9.73049001814882,,49,,,0,9.73049001814882,760,20,50,49
msg_311,node49,node17,420,365835,365845.0,10.0,,,,8.994708994708995,,49,,8.833333333333334,0,8.994708994708995,154,34,50,49
msg_312,node49,node18,420,365835,,,,,,9.73049001814882,,49,,,0,9.73049001814882,760,20,50,49
msg_313,node49,node19,420,365835,,,,,,9.73049001814882,,49,,,0,9.73049001814882,760,20,50,49
msg_314,node49,node20,420,365835,365845.0,10.0,,,,9.0,,49,,9.666666666666666,0,9.0,153,33,50,49
msg_315,node49,node21,420,365835,365842.0,7.0,,,,9.021739130434783,,49,,7.333333333333333,0,9.021739130434783,159,39,50,49
msg_316,node49,node22,420,365835,,,,,,9.73049001814882,,49,,,0,9.73049001814882,760,20,50,49
msg_317,node49,node23,420,365835,,,,,,9.73049001814882,,49,,,0,9.73049001814882,760,20,50,49
msg_318,node49,node24,420,365835,365845.0,10.0,,,,9.0,,49,,11.0,0,9.0,153,33,50,49
msg_319,node49,node25,420,365835,365846.0,11.0,,,,9.010416666666666,,49,,11.166666666666666,0,9.010416666666666,151,31,50,49
msg_320,node49,node26,420,365835,,,,,,9.73049001814882,,49,,,0,9.73049001814882,760,20,50,49
msg_321,node49,node27,420,365835,365846.0,11.0,,,,9.020725388601036,,49,,11.666666666666666,0,9.020725388601036,150,30,50,49
msg_322,node49,node28,420,365835,,,,,,9.73049001814882,,49,,,0,9.73049001814882,760,20,50,49
msg_323,node49,node29,420,365835,,,,,,9.73049001814882,,49,,,0,9.73049001814882,760,20,50,49
msg_324,node49,node30,420,365835,,,,,,9.73049001814882,,49,,,0,9.73049001814882,760,20,50,49
msg_325,node49,node31,420,365835,365842.0,7.0,,,,9.010810810810812,,49,,9.833333333333334,0,9.010810810810812,158,38,50,49
msg_326,node49,node32,420,365835,365843.0,8.0,,,,9.0,,49,,10.333333333333334,0,9.0,157,37,50,49
msg_327,node49,node33,420,365835,365846.0,11.0,,,,9.020725388601036,,49,,12.333333333333334,0,9.020725388601036,150,30,50,49
msg_328,node49,node34,420,365835,,,,,,9.73049001814882,,49,,,0,9.73049001814882,760,20,50,49
msg_329,node49,node35,420,365835,365847.0,12.0,,,,9.04102564102564,,49,,12.666666666666666,0,9.04102564102564,148,28,50,49
msg_330,node49,node36,420,365835,365847.0,12.0,,,,9.056122448979592,,49,,13.333333333333334,0,9.056122448979592,147,27,50,49
msg_331,node49,node37,420,365835,365848.0,13.0,,,,9.056122448979592,,49,,13.666666666666666,0,9.056122448979592,147,27,50,49
msg_332,node49,node38,420,365835,,,,,,9.73049001814882,,49,,,0,9.73049001814882,760,20,50,49
msg_333,node49,node39,420,365835,,,,,,9.73049001814882,,49,,,0,9.73049001814882,760,20,50,49
msg_334,node49,node40,420,365835,365848.0,13.0,,,,9.090909090909092,,49,,13.666666666666666,0,9.090909090909092,145,25,50,49
msg_335,node49,node41,420,365835,365848.0,13.0,,,,9.110552763819095,,49,,14.333333333333334,0,9.110552763819095,144,24,50,49
msg_336,node49,node42,420,365835,,,,,,9.73049001814882,,49,,,0,9.73049001814882,760,20,50,49
msg_337,node49,node43,420,365835,,,,,,9.73049001814882,,49,,,0,9.73049001814882,760,20,50,49
msg_338,node49,node44,420,365835,365849.0,14.0,,,,9.13,,49,,14.833333333333334,0,9.13,143,23,50,49
msg_339,node49,node45,420,365835,365849.0,14.0,,,,9.13,,49,,15.0,0,9.13,143,23,50,49
msg_340,node49,node46,420,365835,365849.0,14.0,,,,9.178217821782178,,49,,15.5,0,9.178217821782178,141,21,50,49
msg_341,node49,node47,420,365835,,,,,,9.73049001814882,,49,,,0,9.73049001814882,760,20,50,49
msg_342,node49,node48,420,365835,,,,,,9.73049001814882,,49,,,0,9.73049001814882,760,20,50,49
msg_343,node49,node0,419,459110,459112.0,2.0,,,,9.201970443349754,,49,,2.4285714285714284,0,9.201970443349754,189,49,50,49
msg_344,node49,node1,419,459110,459113.0,3.0,,,,9.166666666666666,,49,,3.2857142857142856,0,9.166666666666666,188,48,50,49
msg_345,node49,node2,419,459110,459113.0,3.0,,,,9.166666666666666,,49,,3.5714285714285716,0,9.166666666666666,188,48,50,49
msg_346,node49,node3,419,459110,459115.0,5.0,,,,9.166666666666666,,49,,4.571428571428571,0,9.166666666666666,188,48,50,49
msg_347,node49,node4,419,459110,,,,,,9.73049001814882,,49,,,0,9.73049001814882,760,20,50,49
msg_348,node49,node5,419,459110,,,,,,9.73049001814882,,49,,,0,9.73049001814882,760,20,50,49
msg_349,node49,node6,419,459110,459115.0,5.0,,,,9.166666666666666,,49,,5.285714285714286,0,9.166666666666666,188,48,50,49
msg_350,node49,node7,419,459110,459115.0,5.0,,,,9.067307692307692,,49,,5.571428571428571,0,9.067307692307692,184,44,50,49
msg_351,node49,node8,419,459110,459116.0,6.0,,,,9.028571428571428,,49,,6.0,0,9.028571428571428,182,42,50,49
msg_352,node49,node9,419,459110,459117.0,7.0,,,,9.028571428571428,,49,,7.0,0,9.028571428571428,182,42,50,49
msg_353,node49,node10,420,459110,459115.0,5.0,,,,9.047846889952153,,49,,4.142857142857143,0,9.047846889952153,183,43,50,49
msg_354,node49,node11,420,459110,,,,,,9.73049001814882,,49,,,0,9.73049001814882,760,20,50,49
msg_355,node49,node12,420,459110,,,,,,9.73049001814882,,49,,,0,9.73049001814882,760,20,50,49
msg_356,node49,node13,420,459110,459117.0,7.0,,,,8.995305164319248,,49,,7.571428571428571,0,8.995305164319248,179,39,50,49
msg_357,node49,node14,420,459110,459117.0,7.0,,,,9.004716981132075,,49,,6.0,0,9.004716981132075,180,40,50,49
msg_358,node49,node15,420,459110,459118.0,8.0,,,,8.985981308411215,,49,,8.428571428571429,0,8.985981308411215,178,38,50,49
msg_359,node49,node16,420,459110,,,,,,9.73049001814882,,49,,,0,9.73049001814882,760,20,50,49
msg_360,node49,node17,420,459110,459120.0,10.0,,,,8.976851851851851,,49,,9.0,0,8.976851851851851,176,36,50,49
msg_361,node49,node18,420,459110,,,,,,9.73049001814882,,49,,,0,9.73049001814882,760,20,50,49
msg_362,node49,node19,420,459110,,,,,,9.73049001814882,,49,,,0,9.73049001814882,760,20,50,49
msg_363,node49,node20,420,459110,459120.0,10.0,,,,8.981566820276498,,49,,9.714285714285714,0,8.981566820276498,175,35,50,49
msg_364,node49,node21,420,459110,459118.0,8.0,,,,8.985981308411215,,49,,7.285714285714286,0,8.985981308411215,178,38,50,49
msg_365,node49,node22,420,459110,,,,,,9.73049001814882,,49,,,0,9.73049001814882,760,20,50,49
msg_366,node49,node23,420,459110,,,,,,9.73049001814882,,49,,,0,9.73049001814882,760,20,50,49
msg_367,node49,node24,420,459110,459122.0,12.0,,,,9.004545454545454,,49,,10.857142857142858,0,9.004545454545454,172,32,50,49
msg_368,node49,node25,420,459110,459123.0,13.0,,,,9.018099547511312,,49,,11.142857142857142,0,9.018099547511312,171,31,50,49
msg_369,node49,node26,420,459110,,,,,,9.73049001814882,,49,,,0,9.73049001814882,760,20,50,49
msg_370,node49,node27,420,459110,459123.0,13.0,,,,9.036036036036036,,49,,11.571428571428571,0,9.036036036036036,170,30,50,49
msg_371,node49,node28,420,459110,,,,,,9.73049001814882,,49,,,0,9.73049001814882,760,20,50,49
msg_372,node49,node29,420,459110,,,,,,9.73049001814882,,49,,,0,9.73049001814882,760,20,50,49
msg_373,node49,node30,420,459110,,,,,,9.73049001814882,,49,,,0,9.73049001814882,760,20,50,49
msg_374,node49,node31,420,459110,459121.0,11.0,,,,8.981566820276498,,49,,9.428571428571429,0,8.981566820276498,175,35,50,49
msg_375,node49,node32,420,459110,459121.0,11.0,,,,8.981566820276498,,49,,10.0,0,8.981566820276498,175,35,50,49
msg_376,node49,node33,420,459110,459123.0,13.0,,,,9.036036036036036,,49,,12.142857142857142,0,9.036036036036036,170,30,50,49
msg_377,node49,node34,420,459110,,,,,,9.73049001814882,,49,,,0,9.73049001814882,760,20,50,49
msg_378,node49,node35,420,459110,459124.0,14.0,,,,9.071428571428571,,49,,12.571428571428571,0,9.071428571428571,168,28,50,49
msg_379,node49,node36,420,459110,459124.0,14.0,,,,9.093333333333334,,49,,13.142857142857142,0,9.093333333333334,167,27,50,49
msg_380,node49,node37,420,459110,459125.0,15.0,,,,9.093333333333334,,49,,13.571428571428571,0,9.093333333333334,167,27,50,49
msg_381,node49,node38,420,459110,,,,,,9.73049001814882,,49,,,0,9.73049001814882,760,20,50,49
msg_382,node49,node39,420,459110,,,,,,9.73049001814882,,49,,,0,9.73049001814882,760,20,50,49
msg_383,node49,node40,420,459110,459125.0,15.0,,,,9.093333333333334,,49,,13.571428571428571,0,9.093333333333334,167,27,50,49
msg_384,node49,node41,420,459110,459125.0,15.0,,,,9.093333333333334,,49,,14.142857142857142,0,9.093333333333334,167,27,50,49
msg_385,node49,node42,420,459110,,,,,,9.73049001814882,,49,,,0,9.73049001814882,760,20,50,49
msg_386,node49,node43,420,459110,,,,,,9.73049001814882,,49,,,0,9.73049001814882,760,20,50,49
msg_387,node49,node44,420,459110,459126.0,16.0,,,,9.192139737991265,,49,,14.714285714285714,0,9.192139737991265,163,23,50,49
msg_388,node49,node45,420,459110,459126.0,16.0,,,,9.221739130434782,,49,,14.857142857142858,0,9.221739130434782,162,22,50,49
msg_389,node49,node46,420,459110,459127.0,17.0,,,,9.25108225108225,,49,,15.285714285714286,0,9.25108225108225,161,21,50,49
msg_390,node49,node47,420,459110,,,,,,9.73049001814882,,49,,,0,9.73049001814882,760,20,50,49
msg_391,node49,node48,420,459110,,,,,,9.73049001814882,,49,,,0,9.73049001814882,760,20,50,49
msg_392,node49,node0,419,465022,465025.0,3.0,,,,9.28448275862069,,49,,2.375,0,9.28448275862069,209,49,50,49
msg_393,node49,node1,419,465022,465026.0,4.0,,,,9.28448275862069,,49,,3.25,0,9.28448275862069,209,49,50,49
msg_394,node49,node2,419,465022,465026.0,4.0,,,,9.28448275862069,,49,,3.5,0,9.28448275862069,209,49,50,49
msg_395,node49,node3,419,465022,465028.0,6.0,,,,9.212765957446809,,49,,4.625,0,9.212765957446809,206,46,50,49
msg_396,node49,node4,419,465022,,,,,,9.73049001814882,,49,,,0,9.73049001814882,760,20,50,49
msg_397,node49,node5,419,465022,,,,,,9.73049001814882,,49,,,0,9.73049001814882,760,20,50,49
msg_398,node49,node6,419,465022,465028.0,6.0,,,,9.19915254237288,,49,,5.25,0,9.19915254237288,205,45,50,49
msg_399,node49,node7,419,465022,465028.0,6.0,,,,9.185654008438819,,49,,5.5,0,9.185654008438819,204,44,50,49
msg_400,node49,node8,419,465022,465029.0,7.0,,,,9.172268907563025,,49,,6.0,0,9.172268907563025,203,43,50,49
msg_401,node49,node9,419,465022,465030.0,8.0,,,,9.172268907563025,,49,,7.0,0,9.172268907563025,203,43,50,49
msg_402,node49,node10,420,465022,465028.0,6.0,,,,9.172268907563025,,49,,4.25,0,9.172268907563025,203,43,50,49
msg_403,node49,node11,420,465022,,,,,,9.73049001814882,,49,,,0,9.73049001814882,760,20,50,49
msg_404,node49,node12,420,465022,,,,,,9.73049001814882,,49,,,0,9.73049001814882,760,20,50,49
msg_405,node49,node13,420,465022,465030.0,8.0,,,,9.140495867768594,,49,,7.5,0,9.140495867768594,199,39,50,49
msg_406,node49,node14,420,465022,465030.0,8.0,,,,9.145228215767634,,49,,6.125,0,9.145228215767634,200,40,50,49
msg_407,node49,node15,420,465022,465031.0,9.0,,,,9.135802469135802,,49,,8.375,0,9.135802469135802,198,38,50,49
msg_408,node49,node16,420,465022,,,,,,9.73049001814882,,49,,,0,9.73049001814882,760,20,50,49
msg_409,node49,node17,420,465022,465033.0,11.0,,,,9.135245901639344,,49,,9.125,0,9.135245901639344,197,37,50,49
msg_410,node49,node18,420,465022,,,,,,9.73049001814882,,49,,,0,9.73049001814882,760,20,50,49
msg_411,node49,node19,420,465022,,,,,,9.73049001814882,,49,,,0,9.73049001814882,760,20,50,49
msg_412,node49,node20,420,465022,465033.0,11.0,,,,9.135245901639344,,49,,9.75,0,9.135245901639344,197,37,50,49
msg_413,node49,node21,420,465022,465033.0,11.0,,,,9.135245901639344,,49,,7.375,0,9.135245901639344,197,37,50,49
msg_414,node49,node22,420,465022,,,,,,9.73049001814882,,49,,,0,9.73049001814882,760,20,50,49
msg_415,node49,node23,420,465022,,,,,,9.73049001814882,,49,,,0,9.73049001814882,760,20,50,49
msg_416,node49,node24,420,465022,465035.0,13.0,,,,9.157894736842104,,49,,11.0,0,9.157894736842104,194,34,50,49
msg_417,node49,node25,420,465022,465035.0,13.0,,,,9.173387096774194,,49,,11.375,0,9.173387096774194,193,33,50,49
msg_418,node49,node26,420,465022,,,,,,9.73049001814882,,49,,,0,9.73049001814882,760,20,50,49
msg_419,node49,node27,420,465022,465035.0,13.0,,,,9.188755020080322,,49,,11.75,0,9.188755020080322,192,32,50,49
msg_420,node49,node28,420,465022,,,,,,9.73049001814882,,49,,,0,9.73049001814882,760,20,50,49
msg_421,node49,node29,420,465022,,,,,,9.73049001814882,,49,,,0,9.73049001814882,760,20,50,49
msg_422,node49,node30,420,465022,,,,,,9.73049001814882,,49,,,0,9.73049001814882,760,20,50,49
msg_423,node49,node31,420,465022,465035.0,13.0,,,,9.188755020080322,,49,,9.625,0,9.188755020080322,192,32,50,49
msg_424,node49,node32,420,465022,465036.0,14.0,,,,9.188755020080322,,49,,10.125,0,9.188755020080322,192,32,50,49
msg_425,node49,node33,420,465022,465037.0,15.0,,,,9.238095238095237,,49,,12.25,0,9.238095238095237,189,29,50,49
msg_426,node49,node34,420,465022,,,,,,9.73049001814882,,49,,,0,9.73049001814882,760,20,50,49
msg_427,node49,node35,420,465022,465038.0,16.0,,,,9.26086956521739,,49,,12.75,0,9.26086956521739,188,28,50,49
msg_428,node49,node36,420,465022,465038.0,16.0,,,,9.28740157480315,,49,,13.25,0,9.28740157480315,187,27,50,49
msg_429,node49,node37,420,465022,465038.0,16.0,,,,9.28740157480315,,49,,13.75,0,9.28740157480315,187,27,50,49
msg_430,node49,node38,420,465022,,,,,,9.73049001814882,,49,,,0,9.73049001814882,760,20,50,49
msg_431,node49,node39,420,465022,,,,,,9.73049001814882,,49,,,0,9.73049001814882,760,20,50,49
msg_432,node49,node40,420,465022,465039.0,17.0,,,,9.33984375,,49,,13.75,0,9.33984375,185,25,50,49
msg_433,node49,node41,420,465022,465039.0,17.0,,,,9.369649805447471,,49,,14.25,0,9.369649805447471,184,24,50,49
msg_434,node49,node42,420,465022,,,,,,9.73049001814882,,49,,,0,9.73049001814882,760,20,50,49
msg_435,node49,node43,420,465022,,,,,,9.73049001814882,,49,,,0,9.73049001814882,760,20,50,49
msg_436,node49,node44,420,465022,465040.0,18.0,,,,9.39922480620155,,49,,14.875,0,9.39922480620155,183,23,50,49
msg_437,node49,node45,420,465022,465040.0,18.0,,,,9.432432432432432,,49,,15.0,0,9.432432432432432,182,22,50,49
msg_438,node49,node46,420,465022,465040.0,18.0,,,,9.465384615384615,,49,,15.5,0,9.465384615384615,181,21,50,49
msg_439,node49,node47,420,465022,,,,,,9.73049001814882,,49,,,0,9.73049001814882,760,20,50,49
msg_440,node49,node48,420,465022,,,,,,9.73049001814882,,49,,,0,9.73049001814882,760,20,50,49
msg_441,node49,node0,419,466749,466751.0,2.0,,,,9.49808429118774,,49,,2.4444444444444446,0,9.49808429118774,229,49,50,49
msg_442,node49,node1,419,466749,466752.0,3.0,,,,9.469465648854962,,49,,3.3333333333333335,0,9.469465648854962,228,48,50,49
msg_443,node49,node2,419,466749,466752.0,3.0,,,,9.44486692015209,,49,,3.5555555555555554,0,9.44486692015209,227,47,50,49
msg_444,node49,node3,419,466749,466754.0,5.0,,,,9.44486692015209,,49,,4.777777777777778,0,9.44486692015209,227,47,50,49
msg_445,node49,node4,419,466749,,,,,,9.73049001814882,,49,,,0,9.73049001814882,760,20,50,49
msg_446,node49,node5,419,466749,,,,,,9.73049001814882,,49,,,0,9.73049001814882,760,20,50,49
msg_447,node49,node6,419,466749,466754.0,5.0,,,,9.44486692015209,,49,,5.333333333333333,0,9.44486692015209,227,47,50,49
msg_448,node49,node7,419,466749,466754.0,5.0,,,,9.44486692015209,,49,,5.555555555555555,0,9.44486692015209,227,47,50,49
msg_449,node49,node8,419,466749,466755.0,6.0,,,,9.354477611940299,,49,,6.111111111111111,0,9.354477611940299,222,42,50,49
msg_450,node49,node9,419,466749,466756.0,7.0,,,,9.342007434944238,,49,,7.111111111111111,0,9.342007434944238,221,41,50,49
msg_451,node49,node10,420,466749,466754.0,5.0,,,,9.370786516853933,,49,,4.444444444444445,0,9.370786516853933,223,43,50,49
msg_452,node49,node11,420,466749,,,,,,9.73049001814882,,49,,,0,9.73049001814882,760,20,50,49
msg_453,node49,node12,420,466749,,,,,,9.73049001814882,,49,,,0,9.73049001814882,760,20,50,49
msg_454,node49,node13,420,466749,466756.0,7.0,,,,9.333333333333334,,49,,7.555555555555555,0,9.333333333333334,220,40,50,49
msg_455,node49,node14,420,466749,466756.0,7.0,,,,9.333333333333334,,49,,6.333333333333333,0,9.333333333333334,220,40,50,49
msg_456,node49,node15,420,466749,466757.0,8.0,,,,9.333333333333334,,49,,8.444444444444445,0,9.333333333333334,220,40,50,49
msg_457,node49,node16,420,466749,,,,,,9.73049001814882,,49,,,0,9.73049001814882,760,20,50,49
msg_458,node49,node17,420,466749,466759.0,10.0,,,,9.306569343065693,,49,,9.333333333333334,0,9.306569343065693,216,36,50,49
msg_459,node49,node18,420,466749,,,,,,9.73049001814882,,49,,,0,9.73049001814882,760,20,50,49
msg_460,node49,node19,420,466749,,,,,,9.73049001814882,,49,,,0,9.73049001814882,760,20,50,49
msg_461,node49,node20,420,466749,466759.0,10.0,,,,9.309090909090909,,49,,9.88888888888889,0,9.309090909090909,215,35,50,49
msg_462,node49,node21,420,466749,466757.0,8.0,,,,9.311355311355312,,49,,7.777777777777778,0,9.311355311355312,217,37,50,49
msg_463,node49,node22,420,466749,,,,,,9.73049001814882,,49,,,0,9.73049001814882,760,20,50,49
msg_464,node49,node23,420,466749,,,,,,9.73049001814882,,49,,,0,9.73049001814882,760,20,50,49
msg_465,node49,node24,420,466749,466761.0,12.0,,,,9.31159420289855,,49,,11.222222222222221,0,9.31159420289855,214,34,50,49
msg_466,node49,node25,420,466749,466761.0,12.0,,,,9.321299638989169,,49,,11.555555555555555,0,9.321299638989169,213,33,50,49
msg_467,node49,node26,420,466749,,,,,,9.73049001814882,,49,,,0,9.73049001814882,760,20,50,49
msg_468,node49,node27,420,466749,466761.0,12.0,,,,9.33093525179856,,49,,11.88888888888889,0,9.33093525179856,212,32,50,49
msg_469,node49,node28,420,466749,,,,,,9.73049001814882,,49,,,0,9.73049001814882,760,20,50,49
msg_470,node49,node29,420,466749,,,,,,9.73049001814882,,49,,,0,9.73049001814882,760,20,50,49
msg_471,node49,node30,420,466749,,,,,,9.73049001814882,,49,,,0,9.73049001814882,760,20,50,49
msg_472,node49,node31,420,466749,466761.0,12.0,,,,9.33093525179856,,49,,10.0,0,9.33093525179856,212,32,50,49
msg_473,node49,node32,420,466749,466762.0,13.0,,,,9.33093525179856,,49,,10.555555555555555,0,9.33093525179856,212,32,50,49
msg_474,node49,node33,420,466749,466763.0,14.0,,,,9.33093525179856,,49,,12.555555555555555,0,9.33093525179856,212,32,50,49
msg_475,node49,node34,420,466749,,,,,,9.73049001814882,,49,,,0,9.73049001814882,760,20,50,49
msg_476,node49,node35,420,466749,466764.0,15.0,,,,9.379432624113475,,49,,13.11111111111111,0,9.379432624113475,208,28,50,49
msg_477,node49,node36,420,466749,466764.0,15.0,,,,9.39929328621908,,49,,13.555555555555555,0,9.39929328621908,207,27,50,49
msg_478,node49,node37,420,466749,466764.0,15.0,,,,9.419014084507042,,49,,14.0,0,9.419014084507042,206,26,50,49
msg_479,node49,node38,420,466749,,,,,,9.73049001814882,,49,,,0,9.73049001814882,760,20,50,49
msg_480,node49,node39,420,466749,,,,,,9.73049001814882,,49,,,0,9.73049001814882,760,20,50,49
msg_481,node49,node40,420,466749,466765.0,16.0,,,,9.43859649122807,,49,,14.11111111111111,0,9.43859649122807,205,25,50,49
msg_482,node49,node41,420,466749,466765.0,16.0,,,,9.461538461538462,,49,,14.555555555555555,0,9.461538461538462,204,24,50,49
msg_483,node49,node42,420,466749,,,,,,9.73049001814882,,49,,,0,9.73049001814882,760,20,50,49
msg_484,node49,node43,420,466749,,,,,,9.73049001814882,,49,,,0,9.73049001814882,760,20,50,49
msg_485,node49,node44,420,466749,466765.0,16.0,,,,9.461538461538462,,49,,15.222222222222221,0,9.461538461538462,204,24,50,49
msg_486,node49,node45,420,466749,466766.0,17.0,,,,9.461538461538462,,49,,15.333333333333334,0,9.461538461538462,204,24,50,49
msg_487,node49,node46,420,466749,466766.0,17.0,,,,9.53287197231834,,49,,15.777777777777779,0,9.53287197231834,201,21,50,49
msg_488,node49,node47,420,466749,,,,,,9.73049001814882,,49,,,0,9.73049001814882,760,20,50,49
msg_489,node49,node48,420,466749,,,,,,9.73049001814882,,49,,,0,9.73049001814882,760,20,50,49
msg_490,node49,node0,419,575135,575138.0,3.0,,,,9.558620689655172,,49,,2.4,0,9.558620689655172,249,49,50,49
msg_491,node49,node1,419,575135,575139.0,4.0,,,,9.536082474226804,,49,,3.3,0,9.536082474226804,248,48,50,49
msg_492,node49,node2,419,575135,575139.0,4.0,,,,9.517123287671232,,49,,3.5,0,9.517123287671232,247,47,50,49
msg_493,node49,node3,419,575135,575141.0,6.0,,,,9.498293515358363,,49,,4.8,0,9.498293515358363,246,46,50,49
msg_494,node49,node4,419,575135,,,,,,9.73049001814882,,49,,,0,9.73049001814882,760,20,50,49
msg_495,node49,node5,419,575135,,,,,,9.73049001814882,,49,,,0,9.73049001814882,760,20,50,49
msg_496,node49,node6,419,575135,575141.0,6.0,,,,9.486394557823129,,49,,5.3,0,9.486394557823129,245,45,50,49
msg_497,node49,node7,419,575135,575141.0,6.0,,,,9.474576271186441,,49,,5.5,0,9.474576271186441,244,44,50,49
msg_498,node49,node8,419,575135,575142.0,7.0,,,,9.451178451178452,,49,,6.1,0,9.451178451178452,242,42,50,49
msg_499,node49,node9,419,575135,575143.0,8.0,,,,9.434782608695652,,49,,7.1,0,9.434782608695652,240,40,50,49
msg_500,node49,node10,420,575135,575141.0,6.0,,,,9.462837837837839,,49,,4.5,0,9.462837837837839,243,43,50,49
msg_501,node49,node11,420,575135,,,,,,9.73049001814882,,49,,,0,9.73049001814882,760,20,50,49
msg_502,node49,node12,420,575135,,,,,,9.73049001814882,,49,,,0,9.73049001814882,760,20,50,49
msg_503,node49,node13,420,575135,575143.0,8.0,,,,9.43,,49,,7.5,0,9.43,239,39,50,49
msg_504,node49,node14,420,575135,575142.0,7.0,,,,9.442953020134228,,49,,6.4,0,9.442953020134228,241,41,50,49
msg_505,node49,node15,420,575135,575144.0,9.0,,,,9.425249169435215,,49,,8.4,0,9.425249169435215,238,38,50,49
msg_506,node49,node16,420,575135,,,,,,9.73049001814882,,49,,,0,9.73049001814882,760,20,50,49
msg_507,node49,node17,420,575135,575144.0,9.0,,,,9.42384105960265,,49,,9.4,0,9.42384105960265,237,37,50,49
msg_508,node49,node18,420,575135,,,,,,9.73049001814882,,49,,,0,9.73049001814882,760,20,50,49
msg_509,node49,node19,420,575135,,,,,,9.73049001814882,,49,,,0,9.73049001814882,760,20,50,49
msg_510,node49,node20,420,575135,575146.0,11.0,,,,9.421052631578947,,49,,9.9,0,9.421052631578947,235,35,50,49
msg_511,node49,node21,420,575135,575144.0,9.0,,,,9.422442244224422,,49,,7.8,0,9.422442244224422,236,36,50,49
msg_512,node49,node22,420,575135,,,,,,9.73049001814882,,49,,,0,9.73049001814882,760,20,50,49
msg_513,node49,node23,420,575135,,,,,,9.73049001814882,,49,,,0,9.73049001814882,760,20,50,49
msg_514,node49,node24,420,575135,575147.0,12.0,,,,9.426229508196721,,49,,11.3,0,9.426229508196721,234,34,50,49
msg_515,node49,node25,420,575135,575148.0,13.0,,,,9.434640522875817,,49,,11.6,0,9.434640522875817,233,33,50,49
msg_516,node49,node26,420,575135,,,,,,9.73049001814882,,49,,,0,9.73049001814882,760,20,50,49
msg_517,node49,node27,420,575135,575148.0,13.0,,,,9.457792207792208,,49,,11.9,0,9.457792207792208,231,31,50,49
msg_518,node49,node28,420,575135,,,,,,9.73049001814882,,49,,,0,9.73049001814882,760,20,50,49
msg_519,node49,node29,420,575135,,,,,,9.73049001814882,,49,,,0,9.73049001814882,760,20,50,49
msg_520,node49,node30,420,575135,,,,,,9.73049001814882,,49,,,0,9.73049001814882,760,20,50,49
msg_521,node49,node31,420,575135,575148.0,13.0,,,,9.446254071661238,,49,,10.2,0,9.446254071661238,232,32,50,49
msg_522,node49,node32,420,575135,575148.0,13.0,,,,9.46925566343042,,49,,10.8,0,9.46925566343042,230,30,50,49
msg_523,node49,node33,420,575135,575150.0,15.0,,,,9.480645161290322,,49,,12.7,0,9.480645161290322,229,29,50,49
msg_524,node49,node34,420,575135,,,,,,9.73049001814882,,49,,,0,9.73049001814882,760,20,50,49
msg_525,node49,node35,420,575135,575150.0,15.0,,,,9.4983922829582,,49,,13.3,0,9.4983922829582,228,28,50,49
msg_526,node49,node36,420,575135,575150.0,15.0,,,,9.51602564102564,,49,,13.7,0,9.51602564102564,227,27,50,49
msg_527,node49,node37,420,575135,575151.0,16.0,,,,9.51602564102564,,49,,14.1,0,9.51602564102564,227,27,50,49
msg_528,node49,node38,420,575135,,,,,,9.73049001814882,,49,,,0,9.73049001814882,760,20,50,49
msg_529,node49,node39,420,575135,,,,,,9.73049001814882,,49,,,0,9.73049001814882,760,20,50,49
msg_530,node49,node40,420,575135,575152.0,17.0,,,,9.51602564102564,,49,,14.3,0,9.51602564102564,227,27,50,49
msg_531,node49,node41,420,575135,575153.0,18.0,,,,9.51602564102564,,49,,14.7,0,9.51602564102564,227,27,50,49
msg_532,node49,node42,420,575135,,,,,,9.73049001814882,,49,,,0,9.73049001814882,760,20,50,49
msg_533,node49,node43,420,575135,,,,,,9.73049001814882,,49,,,0,9.73049001814882,760,20,50,49
msg_534,node49,node44,420,575135,575153.0,18.0,,,,9.604430379746836,,49,,15.3,0,9.604430379746836,223,23,50,49
msg_535,node49,node45,420,575135,575153.0,18.0,,,,9.630914826498422,,49,,15.5,0,9.630914826498422,222,22,50,49
msg_536,node49,node46,420,575135,575154.0,19.0,,,,9.657232704402515,,49,,15.9,0,9.657232704402515,221,21,50,49
msg_537,node49,node47,420,575135,,,,,,9.73049001814882,,49,,,0,9.73049001814882,760,20,50,49
msg_538,node49,node48,420,575135,,,,,,9.73049001814882,,49,,,0,9.73049001814882,760,20,50,49
msg_539,node49,node0,419,609154,609156.0,2.0,,,,9.68652037617555,,49,,2.4545454545454546,0,9.68652037617555,269,49,50,49
msg_540,node49,node1,419,609154,609157.0,3.0,,,,9.6625,,49,,3.3636363636363638,0,9.6625,268,48,50,49
msg_541,node49,node2,419,609154,609158.0,4.0,,,,9.603715170278639,,49,,3.5454545454545454,0,9.603715170278639,265,45,50,49
msg_542,node49,node3,419,609154,609159.0,5.0,,,,9.58641975308642,,49,,4.909090909090909,0,9.58641975308642,264,44,50,49
msg_543,node49,node4,419,609154,,,,,,9.73049001814882,,49,,,0,9.73049001814882,760,20,50,49
msg_544,node49,node5,419,609154,,,,,,9.73049001814882,,49,,,0,9.73049001814882,760,20,50,49
msg_545,node49,node6,419,609154,609159.0,5.0,,,,9.572307692307692,,49,,5.363636363636363,0,9.572307692307692,263,43,50,49
msg_546,node49,node7,419,609154,609160.0,6.0,,,,9.558282208588958,,49,,5.545454545454546,0,9.558282208588958,262,42,50,49
msg_547,node49,node8,419,609154,609160.0,6.0,,,,9.547400611620795,,49,,6.181818181818182,0,9.547400611620795,261,41,50,49
msg_548,node49,node9,419,609154,609161.0,7.0,,,,9.536585365853659,,49,,7.181818181818182,0,9.536585365853659,260,40,50,49
msg_549,node49,node10,420,609154,609157.0,3.0,,,,9.641744548286605,,49,,4.636363636363637,0,9.641744548286605,267,47,50,49
msg_550,node49,node11,420,609154,,,,,,9.73049001814882,,49,,,0,9.73049001814882,760,20,50,49
msg_551,node49,node12,420,609154,,,,,,9.73049001814882,,49,,,0,9.73049001814882,760,20,50,49
msg_552,node49,node13,420,609154,609161.0,7.0,,,,9.52887537993921,,49,,7.545454545454546,0,9.52887537993921,259,39,50,49
msg_553,node49,node14,420,609154,609158.0,4.0,,,,9.621118012422361,,49,,6.454545454545454,0,9.621118012422361,266,46,50,49
msg_554,node49,node15,420,609154,609161.0,7.0,,,,9.521212121212121,,49,,8.454545454545455,0,9.521212121212121,258,38,50,49
msg_555,node49,node16,420,609154,,,,,,9.73049001814882,,49,,,0,9.73049001814882,760,20,50,49
msg_556,node49,node17,420,609154,609162.0,8.0,,,,9.513595166163142,,49,,9.363636363636363,0,9.513595166163142,257,37,50,49
msg_557,node49,node18,420,609154,,,,,,9.73049001814882,,49,,,0,9.73049001814882,760,20,50,49
msg_558,node49,node19,420,609154,,,,,,9.73049001814882,,49,,,0,9.73049001814882,760,20,50,49
msg_559,node49,node20,420,609154,609164.0,10.0,,,,9.498507462686566,,49,,10.0,0,9.498507462686566,253,33,50,49
msg_560,node49,node21,420,609154,609162.0,8.0,,,,9.509036144578314,,49,,7.909090909090909,0,9.509036144578314,256,36,50,49
msg_561,node49,node22,420,609154,,,,,,9.73049001814882,,49,,,0,9.73049001814882,760,20,50,49
msg_562,node49,node23,420,609154,,,,,,9.73049001814882,,49,,,0,9.73049001814882,760,20,50,49
msg_563,node49,node24,420,609154,609164.0,10.0,,,,9.5,,49,,11.363636363636363,0,9.5,252,32,50,49
msg_564,node49,node25,420,609154,609165.0,11.0,,,,9.501483679525222,,49,,11.727272727272727,0,9.501483679525222,251,31,50,49
msg_565,node49,node26,420,609154,,,,,,9.73049001814882,,49,,,0,9.73049001814882,760,20,50,49
msg_566,node49,node27,420,609154,609165.0,11.0,,,,9.505917159763314,,49,,12.0,0,9.505917159763314,250,30,50,49
msg_567,node49,node28,420,609154,,,,,,9.73049001814882,,49,,,0,9.73049001814882,760,20,50,49
msg_568,node49,node29,420,609154,,,,,,9.73049001814882,,49,,,0,9.73049001814882,760,20,50,49
msg_569,node49,node30,420,609154,,,,,,9.73049001814882,,49,,,0,9.73049001814882,760,20,50,49
msg_570,node49,node31,420,609154,609162.0,8.0,,,,9.504504504504505,,49,,10.454545454545455,0,9.504504504504505,255,35,50,49
msg_571,node49,node32,420,609154,609163.0,9.0,,,,9.5,,49,,11.0,0,9.5,254,34,50,49
msg_572,node49,node33,420,609154,609166.0,12.0,,,,9.505917159763314,,49,,12.909090909090908,0,9.505917159763314,250,30,50,49
msg_573,node49,node34,420,609154,,,,,,9.73049001814882,,49,,,0,9.73049001814882,760,20,50,49
msg_574,node49,node35,420,609154,609166.0,12.0,,,,9.505917159763314,,49,,13.454545454545455,0,9.505917159763314,250,30,50,49
msg_575,node49,node36,420,609154,609166.0,12.0,,,,9.505917159763314,,49,,13.818181818181818,0,9.505917159763314,250,30,50,49
msg_576,node49,node37,420,609154,609167.0,13.0,,,,9.532163742690058,,49,,14.272727272727273,0,9.532163742690058,246,26,50,49
msg_577,node49,node38,420,609154,,,,,,9.73049001814882,,49,,,0,9.73049001814882,760,20,50,49
msg_578,node49,node39,420,609154,,,,,,9.73049001814882,,49,,,0,9.73049001814882,760,20,50,49
msg_579,node49,node40,420,609154,609167.0,13.0,,,,9.542274052478135,,49,,14.545454545454545,0,9.542274052478135,245,25,50,49
msg_580,node49,node41,420,609154,609168.0,14.0,,,,9.55232558139535,,49,,15.0,0,9.55232558139535,244,24,50,49
msg_581,node49,node42,420,609154,,,,,,9.73049001814882,,49,,,0,9.73049001814882,760,20,50,49
msg_582,node49,node43,420,609154,,,,,,9.73049001814882,,49,,,0,9.73049001814882,760,20,50,49
msg_583,node49,node44,420,609154,609168.0,14.0,,,,9.565217391304348,,49,,15.545454545454545,0,9.565217391304348,243,23,50,49
msg_584,node49,node45,420,609154,609168.0,14.0,,,,9.578034682080926,,49,,15.727272727272727,0,9.578034682080926,242,22,50,49
msg_585,node49,node46,420,609154,609169.0,15.0,,,,9.590778097982708,,49,,16.181818181818183,0,9.590778097982708,241,21,50,49
msg_586,node49,node47,420,609154,,,,,,9.73049001814882,,49,,,0,9.73049001814882,760,20,50,49
msg_587,node49,node48,420,609154,,,,,,9.73049001814882,,49,,,0,9.73049001814882,760,20,50,49
msg_588,node49,node0,419,695354,695356.0,2.0,,,,9.60632183908046,,49,,2.4166666666666665,0,9.60632183908046,289,49,50,49
msg_589,node49,node1,419,695354,695357.0,3.0,,,,9.584527220630372,,49,,3.3333333333333335,0,9.584527220630372,288,48,50,49
msg_590,node49,node2,419,695354,695357.0,3.0,,,,9.565714285714286,,49,,3.5833333333333335,0,9.565714285714286,287,47,50,49
msg_591,node49,node3,419,695354,695359.0,5.0,,,,9.512747875354108,,49,,4.916666666666667,0,9.512747875354108,284,44,50,49
msg_592,node49,node4,419,695354,,,,,,9.73049001814882,,49,,,0,9.73049001814882,760,20,50,49
msg_593,node49,node5,419,695354,,,,,,9.73049001814882,,49,,,0,9.73049001814882,760,20,50,49
msg_594,node49,node6,419,695354,695359.0,5.0,,,,9.5,,49,,5.333333333333333,0,9.5,283,43,50,49
msg_595,node49,node7,419,695354,695360.0,6.0,,,,9.487323943661972,,49,,5.583333333333333,0,9.487323943661972,282,42,50,49
msg_596,node49,node8,419,695354,695360.0,6.0,,,,9.467787114845938,,49,,6.166666666666667,0,9.467787114845938,280,40,50,49
msg_597,node49,node9,419,695354,695361.0,7.0,,,,9.458100558659218,,49,,7.166666666666667,0,9.458100558659218,279,39,50,49
msg_598,node49,node10,420,695354,695357.0,3.0,,,,9.547008547008547,,49,,4.5,0,9.547008547008547,286,46,50,49
msg_599,node49,node11,420,695354,,,,,,9.73049001814882,,49,,,0,9.73049001814882,760,20,50,49
msg_600,node49,node12,420,695354,,,,,,9.73049001814882,,49,,,0,9.73049001814882,760,20,50,49
msg_601,node49,node13,420,695354,695362.0,8.0,,,,9.45125348189415,,49,,7.5,0,9.45125348189415,278,38,50,49
msg_602,node49,node14,420,695354,695358.0,4.0,,,,9.528409090909092,,49,,6.25,0,9.528409090909092,285,45,50,49
msg_603,node49,node15,420,695354,695362.0,8.0,,,,9.447222222222223,,49,,8.333333333333334,0,9.447222222222223,277,37,50,49
msg_604,node49,node16,420,695354,,,,,,9.73049001814882,,49,,,0,9.73049001814882,760,20,50,49
msg_605,node49,node17,420,695354,695362.0,8.0,,,,9.443213296398891,,49,,9.25,0,9.443213296398891,276,36,50,49
msg_606,node49,node18,420,695354,,,,,,9.73049001814882,,49,,,0,9.73049001814882,760,20,50,49
msg_607,node49,node19,420,695354,,,,,,9.73049001814882,,49,,,0,9.73049001814882,760,20,50,49
msg_608,node49,node20,420,695354,695363.0,9.0,,,,9.439226519337016,,49,,10.0,0,9.439226519337016,275,35,50,49
msg_609,node49,node21,420,695354,695360.0,6.0,,,,9.47752808988764,,49,,7.916666666666667,0,9.47752808988764,281,41,50,49
msg_610,node49,node22,420,695354,,,,,,9.73049001814882,,49,,,0,9.73049001814882,760,20,50,49
msg_611,node49,node23,420,695354,,,,,,9.73049001814882,,49,,,0,9.73049001814882,760,20,50,49
msg_612,node49,node24,420,695354,695365.0,11.0,,,,9.435616438356165,,49,,11.25,0,9.435616438356165,272,32,50,49
msg_613,node49,node25,420,695354,695365.0,11.0,,,,9.439890710382514,,49,,11.666666666666666,0,9.439890710382514,271,31,50,49
msg_614,node49,node26,420,695354,,,,,,9.73049001814882,,49,,,0,9.73049001814882,760,20,50,49
msg_615,node49,node27,420,695354,695365.0,11.0,,,,9.444141689373296,,49,,11.916666666666666,0,9.444141689373296,270,30,50,49
msg_616,node49,node28,420,695354,,,,,,9.73049001814882,,49,,,0,9.73049001814882,760,20,50,49
msg_617,node49,node29,420,695354,,,,,,9.73049001814882,,49,,,0,9.73049001814882,760,20,50,49
msg_618,node49,node30,420,695354,,,,,,9.73049001814882,,49,,,0,9.73049001814882,760,20,50,49
msg_619,node49,node31,420,695354,695363.0,9.0,,,,9.438016528925619,,49,,10.25,0,9.438016528925619,274,34,50,49
msg_620,node49,node32,420,695354,695363.0,9.0,,,,9.436813186813186,,49,,10.833333333333334,0,9.436813186813186,273,33,50,49
msg_621,node49,node33,420,695354,695366.0,12.0,,,,9.44836956521739,,49,,12.833333333333334,0,9.44836956521739,269,29,50,49
msg_622,node49,node34,420,695354,,,,,,9.73049001814882,,49,,,0,9.73049001814882,760,20,50,49
msg_623,node49,node35,420,695354,695366.0,12.0,,,,9.455284552845528,,49,,13.333333333333334,0,9.455284552845528,268,28,50,49
msg_624,node49,node36,420,695354,695366.0,12.0,,,,9.462162162162162,,49,,13.666666666666666,0,9.462162162162162,267,27,50,49
msg_625,node49,node37,420,695354,695367.0,13.0,,,,9.46900269541779,,49,,14.166666666666666,0,9.46900269541779,266,26,50,49
msg_626,node49,node38,420,695354,,,,,,9.73049001814882,,49,,,0,9.73049001814882,760,20,50,49
msg_627,node49,node39,420,695354,,,,,,9.73049001814882,,49,,,0,9.73049001814882,760,20,50,49
msg_628,node49,node40,420,695354,695367.0,13.0,,,,9.478494623655914,,49,,14.416666666666666,0,9.478494623655914,265,25,50,49
msg_629,node49,node41,420,695354,695368.0,14.0,,,,9.487935656836461,,49,,14.916666666666666,0,9.487935656836461,264,24,50,49
msg_630,node49,node42,420,695354,,,,,,9.73049001814882,,49,,,0,9.73049001814882,760,20,50,49
msg_631,node49,node43,420,695354,,,,,,9.73049001814882,,49,,,0,9.73049001814882,760,20,50,49
msg_632,node49,node44,420,695354,695368.0,14.0,,,,9.5,,49,,15.416666666666666,0,9.5,263,23,50,49
msg_633,node49,node45,420,695354,695368.0,14.0,,,,9.512,,49,,15.583333333333334,0,9.512,262,22,50,49
msg_634,node49,node46,420,695354,695369.0,15.0,,,,9.523936170212766,,49,,16.083333333333332,0,9.523936170212766,261,21,50,49
msg_635,node49,node47,420,695354,,,,,,9.73049001814882,,49,,,0,9.73049001814882,760,20,50,49
msg_636,node49,node48,420,695354,,,,,,9.73049001814882,,49,,,0,9.73049001814882,760,20,50,49
msg_637,node49,node0,419,695482,695484.0,2.0,,,,9.538461538461538,,49,,2.3846153846153846,0,9.538461538461538,309,49,50,49
msg_638,node49,node1,419,695482,695485.0,3.0,,,,9.518518518518519,,49,,3.3076923076923075,0,9.518518518518519,308,48,50,49
msg_639,node49,node2,419,695482,695485.0,3.0,,,,9.50131926121372,,49,,3.5384615384615383,0,9.50131926121372,307,47,50,49
msg_640,node49,node3,419,695482,695487.0,5.0,,,,9.48421052631579,,49,,4.923076923076923,0,9.48421052631579,306,46,50,49
msg_641,node49,node4,419,695482,,,,,,9.73049001814882,,49,,,0,9.73049001814882,760,20,50,49
msg_642,node49,node5,419,695482,,,,,,9.73049001814882,,49,,,0,9.73049001814882,760,20,50,49
msg_643,node49,node6,419,695482,695487.0,5.0,,,,9.472440944881889,,49,,5.3076923076923075,0,9.472440944881889,305,45,50,49
msg_644,node49,node7,419,695482,695487.0,5.0,,,,9.460732984293193,,49,,5.615384615384615,0,9.460732984293193,304,44,50,49
msg_645,node49,node8,419,695482,695488.0,6.0,,,,9.4375,,49,,6.153846153846154,0,9.4375,302,42,50,49
msg_646,node49,node9,419,695482,695489.0,7.0,,,,9.428571428571429,,49,,7.153846153846154,0,9.428571428571429,301,41,50,49
msg_647,node49,node10,420,695482,695487.0,5.0,,,,9.449086161879896,,49,,4.384615384615385,0,9.449086161879896,303,43,50,49
msg_648,node49,node11,420,695482,,,,,,9.73049001814882,,49,,,0,9.73049001814882,760,20,50,49
msg_649,node49,node12,420,695482,,,,,,9.73049001814882,,49,,,0,9.73049001814882,760,20,50,49
msg_650,node49,node13,420,695482,695489.0,7.0,,,,9.416020671834625,,49,,7.538461538461538,0,9.416020671834625,299,39,50,49
msg_651,node49,node14,420,695482,695489.0,7.0,,,,9.422279792746114,,49,,6.076923076923077,0,9.422279792746114,300,40,50,49
msg_652,node49,node15,420,695482,695490.0,8.0,,,,9.40979381443299,,49,,8.307692307692308,0,9.40979381443299,298,38,50,49
msg_653,node49,node16,420,695482,,,,,,9.73049001814882,,49,,,0,9.73049001814882,760,20,50,49
msg_654,node49,node17,420,695482,695492.0,10.0,,,,9.402564102564103,,49,,9.153846153846153,0,9.402564102564103,296,36,50,49
msg_655,node49,node18,420,695482,,,,,,9.73049001814882,,49,,,0,9.73049001814882,760,20,50,49
msg_656,node49,node19,420,695482,,,,,,9.73049001814882,,49,,,0,9.73049001814882,760,20,50,49
msg_657,node49,node20,420,695482,695492.0,10.0,,,,9.404092071611252,,49,,9.923076923076923,0,9.404092071611252,295,35,50,49
msg_658,node49,node21,420,695482,695490.0,8.0,,,,9.406169665809768,,49,,7.769230769230769,0,9.406169665809768,297,37,50,49
msg_659,node49,node22,420,695482,,,,,,9.73049001814882,,49,,,0,9.73049001814882,760,20,50,49
msg_660,node49,node23,420,695482,,,,,,9.73049001814882,,49,,,0,9.73049001814882,760,20,50,49
msg_661,node49,node24,420,695482,695493.0,11.0,,,,9.40561224489796,,49,,11.23076923076923,0,9.40561224489796,294,34,50,49
msg_662,node49,node25,420,695482,695494.0,12.0,,,,9.40966921119593,,49,,11.615384615384615,0,9.40966921119593,293,33,50,49
msg_663,node49,node26,420,695482,,,,,,9.73049001814882,,49,,,0,9.73049001814882,760,20,50,49
msg_664,node49,node27,420,695482,695494.0,12.0,,,,9.422784810126583,,49,,11.846153846153847,0,9.422784810126583,291,31,50,49
msg_665,node49,node28,420,695482,,,,,,9.73049001814882,,49,,,0,9.73049001814882,760,20,50,49
msg_666,node49,node29,420,695482,,,,,,9.73049001814882,,49,,,0,9.73049001814882,760,20,50,49
msg_667,node49,node30,420,695482,,,,,,9.73049001814882,,49,,,0,9.73049001814882,760,20,50,49
msg_668,node49,node31,420,695482,695494.0,12.0,,,,9.416243654822335,,49,,10.153846153846153,0,9.416243654822335,292,32,50,49
msg_669,node49,node32,420,695482,695494.0,12.0,,,,9.429292929292929,,49,,10.692307692307692,0,9.429292929292929,290,30,50,49
msg_670,node49,node33,420,695482,695496.0,14.0,,,,9.435768261964736,,49,,12.76923076923077,0,9.435768261964736,289,29,50,49
msg_671,node49,node34,420,695482,,,,,,9.73049001814882,,49,,,0,9.73049001814882,760,20,50,49
msg_672,node49,node35,420,695482,695496.0,14.0,,,,9.447236180904522,,49,,13.23076923076923,0,9.447236180904522,288,28,50,49
msg_673,node49,node36,420,695482,695497.0,15.0,,,,9.458646616541353,,49,,13.538461538461538,0,9.458646616541353,287,27,50,49
msg_674,node49,node37,420,695482,695497.0,15.0,,,,9.4725,,49,,14.076923076923077,0,9.4725,286,26,50,49
msg_675,node49,node38,420,695482,,,,,,9.73049001814882,,49,,,0,9.73049001814882,760,20,50,49
msg_676,node49,node39,420,695482,,,,,,9.73049001814882,,49,,,0,9.73049001814882,760,20,50,49
msg_677,node49,node40,420,695482,695498.0,16.0,,,,9.486284289276808,,49,,14.307692307692308,0,9.486284289276808,285,25,50,49
msg_678,node49,node41,420,695482,695498.0,16.0,,,,9.502487562189055,,49,,14.846153846153847,0,9.502487562189055,284,24,50,49
msg_679,node49,node42,420,695482,,,,,,9.73049001814882,,49,,,0,9.73049001814882,760,20,50,49
msg_680,node49,node43,420,695482,,,,,,9.73049001814882,,49,,,0,9.73049001814882,760,20,50,49
msg_681,node49,node44,420,695482,695498.0,16.0,,,,9.518610421836229,,49,,15.307692307692308,0,9.518610421836229,283,23,50,49
msg_682,node49,node45,420,695482,695499.0,17.0,,,,9.534653465346535,,49,,15.461538461538462,0,9.534653465346535,282,22,50,49
msg_683,node49,node46,420,695482,695499.0,17.0,,,,9.553086419753086,,49,,16.0,0,9.553086419753086,281,21,50,49
msg_684,node49,node47,420,695482,,,,,,9.73049001814882,,49,,,0,9.73049001814882,760,20,50,49
msg_685,node49,node48,420,695482,,,,,,9.73049001814882,,49,,,0,9.73049001814882,760,20,50,49
msg_686,node49,node0,419,730851,730853.0,2.0,,,,9.571428571428571,,49,,2.357142857142857,0,9.571428571428571,329,49,50,49
msg_687,node49,node1,419,730851,730854.0,3.0,,,,9.552825552825553,,49,,3.2857142857142856,0,9.552825552825553,328,48,50,49
msg_688,node49,node2,419,730851,730854.0,3.0,,,,9.536764705882353,,49,,3.5,0,9.536764705882353,327,47,50,49
msg_689,node49,node3,419,730851,730854.0,3.0,,,,9.52078239608802,,49,,4.928571428571429,0,9.52078239608802,326,46,50,49
msg_690,node49,node4,419,730851,,,,,,9.73049001814882,,49,,,0,9.73049001814882,760,20,50,49
msg_691,node49,node5,419,730851,,,,,,9.73049001814882,,49,,,0,9.73049001814882,760,20,50,49
msg_692,node49,node6,419,730851,730856.0,5.0,,,,9.504878048780487,,49,,5.285714285714286,0,9.504878048780487,325,45,50,49
msg_693,node49,node7,419,730851,730856.0,5.0,,,,9.493917274939173,,49,,5.571428571428571,0,9.493917274939173,324,44,50,49
msg_694,node49,node8,419,730851,730857.0,6.0,,,,9.483009708737864,,49,,6.142857142857143,0,9.483009708737864,323,43,50,49
msg_695,node49,node9,419,730851,730857.0,6.0,,,,9.466183574879228,,49,,7.142857142857143,0,9.466183574879228,321,41,50,49
msg_696,node49,node10,420,730851,730857.0,6.0,,,,9.474576271186441,,49,,4.428571428571429,0,9.474576271186441,322,42,50,49
msg_697,node49,node11,420,730851,,,,,,9.73049001814882,,49,,,0,9.73049001814882,760,20,50,49
msg_698,node49,node12,420,730851,,,,,,9.73049001814882,,49,,,0,9.73049001814882,760,20,50,49
msg_699,node49,node13,420,730851,730858.0,7.0,,,,9.44951923076923,,49,,7.5,0,9.44951923076923,319,39,50,49
msg_700,node49,node14,420,730851,730857.0,6.0,,,,9.457831325301205,,49,,6.142857142857143,0,9.457831325301205,320,40,50,49
msg_701,node49,node15,420,730851,730859.0,8.0,,,,9.443645083932854,,49,,8.285714285714286,0,9.443645083932854,318,38,50,49
msg_702,node49,node16,420,730851,,,,,,9.73049001814882,,49,,,0,9.73049001814882,760,20,50,49
msg_703,node49,node17,420,730851,730859.0,8.0,,,,9.436754176610979,,49,,9.214285714285714,0,9.436754176610979,316,36,50,49
msg_704,node49,node18,420,730851,,,,,,9.73049001814882,,49,,,0,9.73049001814882,760,20,50,49
msg_705,node49,node19,420,730851,,,,,,9.73049001814882,,49,,,0,9.73049001814882,760,20,50,49
msg_706,node49,node20,420,730851,730861.0,10.0,,,,9.433333333333334,,49,,9.928571428571429,0,9.433333333333334,315,35,50,49
msg_707,node49,node21,420,730851,730859.0,8.0,,,,9.440191387559809,,49,,7.785714285714286,0,9.440191387559809,317,37,50,49
msg_708,node49,node22,420,730851,,,,,,9.73049001814882,,49,,,0,9.73049001814882,760,20,50,49
msg_709,node49,node23,420,730851,,,,,,9.73049001814882,,49,,,0,9.73049001814882,760,20,50,49
msg_710,node49,node24,420,730851,730861.0,10.0,,,,9.434679334916865,,49,,11.214285714285714,0,9.434679334916865,314,34,50,49
msg_711,node49,node25,420,730851,730863.0,12.0,,,,9.443396226415095,,49,,11.642857142857142,0,9.443396226415095,311,31,50,49
msg_712,node49,node26,420,730851,,,,,,9.73049001814882,,49,,,0,9.73049001814882,760,20,50,49
msg_713,node49,node27,420,730851,730863.0,12.0,,,,9.449411764705882,,49,,11.857142857142858,0,9.449411764705882,310,30,50,49
msg_714,node49,node28,420,730851,,,,,,9.73049001814882,,49,,,0,9.73049001814882,760,20,50,49
msg_715,node49,node29,420,730851,,,,,,9.73049001814882,,49,,,0,9.73049001814882,760,20,50,49
msg_716,node49,node30,420,730851,,,,,,9.73049001814882,,49,,,0,9.73049001814882,760,20,50,49
msg_717,node49,node31,420,730851,730862.0,11.0,,,,9.436018957345972,,49,,10.285714285714286,0,9.436018957345972,313,33,50,49
msg_718,node49,node32,420,730851,730862.0,11.0,,,,9.439716312056738,,49,,10.785714285714286,0,9.439716312056738,312,32,50,49
msg_719,node49,node33,420,730851,730864.0,13.0,,,,9.455399061032864,,49,,12.857142857142858,0,9.455399061032864,309,29,50,49
msg_720,node49,node34,420,730851,,,,,,9.73049001814882,,49,,,0,9.73049001814882,760,20,50,49
msg_721,node49,node35,420,730851,730864.0,13.0,,,,9.463700234192038,,49,,13.285714285714286,0,9.463700234192038,308,28,50,49
msg_722,node49,node36,420,730851,730865.0,14.0,,,,9.47196261682243,,49,,13.642857142857142,0,9.47196261682243,307,27,50,49
msg_723,node49,node37,420,730851,730865.0,14.0,,,,9.482517482517483,,49,,14.142857142857142,0,9.482517482517483,306,26,50,49
msg_724,node49,node38,420,730851,,,,,,9.73049001814882,,49,,,0,9.73049001814882,760,20,50,49
msg_725,node49,node39,420,730851,,,,,,9.73049001814882,,49,,,0,9.73049001814882,760,20,50,49
msg_726,node49,node40,420,730851,730866.0,15.0,,,,9.493023255813954,,49,,14.428571428571429,0,9.493023255813954,305,25,50,49
msg_727,node49,node41,420,730851,730866.0,15.0,,,,9.505800464037122,,49,,14.928571428571429,0,9.505800464037122,304,24,50,49
msg_728,node49,node42,420,730851,,,,,,9.73049001814882,,49,,,0,9.73049001814882,760,20,50,49
msg_729,node49,node43,420,730851,,,,,,9.73049001814882,,49,,,0,9.73049001814882,760,20,50,49
msg_730,node49,node44,420,730851,730867.0,16.0,,,,9.518518518518519,,49,,15.357142857142858,0,9.518518518518519,303,23,50,49
msg_731,node49,node45,420,730851,730867.0,16.0,,,,9.533487297921479,,49,,15.571428571428571,0,9.533487297921479,302,22,50,49
msg_732,node49,node46,420,730851,730868.0,17.0,,,,9.548387096774194,,49,,16.071428571428573,0,9.548387096774194,301,21,50,49
msg_733,node49,node47,420,730851,,,,,,9.73049001814882,,49,,,0,9.73049001814882,760,20,50,49
msg_734,node49,node48,420,730851,,,,,,9.73049001814882,,49,,,0,9.73049001814882,760,20,50,49
msg_735,node49,node0,419,807560,807563.0,3.0,,,,9.565517241379311,,49,,2.3333333333333335,0,9.565517241379311,349,49,50,49
msg_736,node49,node1,419,807560,807563.0,3.0,,,,9.55045871559633,,49,,3.2666666666666666,0,9.55045871559633,348,48,50,49
msg_737,node49,node2,419,807560,807563.0,3.0,,,,9.535469107551487,,49,,3.466666666666667,0,9.535469107551487,347,47,50,49
msg_738,node49,node3,419,807560,807564.0,4.0,,,,9.505694760820045,,49,,4.8,0,9.505694760820045,345,45,50,49
msg_739,node49,node4,419,807560,,,,,,9.73049001814882,,49,,,0,9.73049001814882,760,20,50,49
msg_740,node49,node5,419,807560,,,,,,9.73049001814882,,49,,,0,9.73049001814882,760,20,50,49
msg_741,node49,node6,419,807560,807564.0,4.0,,,,9.493181818181819,,49,,5.266666666666667,0,9.493181818181819,344,44,50,49
msg_742,node49,node7,419,807560,807565.0,5.0,,,,9.480725623582767,,49,,5.533333333333333,0,9.480725623582767,343,43,50,49
msg_743,node49,node8,419,807560,807565.0,5.0,,,,9.470588235294118,,49,,6.133333333333334,0,9.470588235294118,342,42,50,49
msg_744,node49,node9,419,807560,807566.0,6.0,,,,9.460496613995485,,49,,7.066666666666666,0,9.460496613995485,341,41,50,49
msg_745,node49,node10,420,807560,807563.0,3.0,,,,9.520547945205479,,49,,4.533333333333333,0,9.520547945205479,346,46,50,49
msg_746,node49,node11,420,807560,,,,,,9.73049001814882,,49,,,0,9.73049001814882,760,20,50,49
msg_747,node49,node12,420,807560,,,,,,9.73049001814882,,49,,,0,9.73049001814882,760,20,50,49
msg_748,node49,node13,420,807560,807569.0,9.0,,,,9.433035714285714,,49,,7.466666666666667,0,9.433035714285714,336,36,50,49
msg_749,node49,node14,420,807560,807567.0,7.0,,,,9.452702702702704,,49,,6.133333333333334,0,9.452702702702704,340,40,50,49
msg_750,node49,node15,420,807560,807569.0,9.0,,,,9.43207126948775,,49,,8.266666666666667,0,9.43207126948775,335,35,50,49
msg_751,node49,node16,420,807560,,,,,,9.73049001814882,,49,,,0,9.73049001814882,760,20,50,49
msg_752,node49,node17,420,807560,807570.0,10.0,,,,9.431111111111111,,49,,9.133333333333333,0,9.431111111111111,334,34,50,49
msg_753,node49,node18,420,807560,,,,,,9.73049001814882,,49,,,0,9.73049001814882,760,20,50,49
msg_754,node49,node19,420,807560,,,,,,9.73049001814882,,49,,,0,9.73049001814882,760,20,50,49
msg_755,node49,node20,420,807560,807570.0,10.0,,,,9.432372505543237,,49,,9.933333333333334,0,9.432372505543237,333,33,50,49
msg_756,node49,node21,420,807560,807567.0,7.0,,,,9.447191011235955,,49,,7.8,0,9.447191011235955,339,39,50,49
msg_757,node49,node22,420,807560,,,,,,9.73049001814882,,49,,,0,9.73049001814882,760,20,50,49
msg_758,node49,node23,420,807560,,,,,,9.73049001814882,,49,,,0,9.73049001814882,760,20,50,49
msg_759,node49,node24,420,807560,807570.0,10.0,,,,9.43362831858407,,49,,11.133333333333333,0,9.43362831858407,332,32,50,49
msg_760,node49,node25,420,807560,807571.0,11.0,,,,9.434878587196469,,49,,11.666666666666666,0,9.434878587196469,331,31,50,49
msg_761,node49,node26,420,807560,,,,,,9.73049001814882,,49,,,0,9.73049001814882,760,20,50,49
msg_762,node49,node27,420,807560,807571.0,11.0,,,,9.438325991189428,,49,,11.866666666666667,0,9.438325991189428,330,30,50,49
msg_763,node49,node28,420,807560,,,,,,9.73049001814882,,49,,,0,9.73049001814882,760,20,50,49
msg_764,node49,node29,420,807560,,,,,,9.73049001814882,,49,,,0,9.73049001814882,760,20,50,49
msg_765,node49,node30,420,807560,,,,,,9.73049001814882,,49,,,0,9.73049001814882,760,20,50,49
msg_766,node49,node31,420,807560,807567.0,7.0,,,,9.441704035874439,,49,,10.333333333333334,0,9.441704035874439,338,38,50,49
msg_767,node49,node32,420,807560,807568.0,8.0,,,,9.436241610738255,,49,,10.8,0,9.436241610738255,337,37,50,49
msg_768,node49,node33,420,807560,807571.0,11.0,,,,9.441758241758242,,49,,12.866666666666667,0,9.441758241758242,329,29,50,49
msg_769,node49,node34,420,807560,,,,,,9.73049001814882,,49,,,0,9.73049001814882,760,20,50,49
msg_770,node49,node35,420,807560,807572.0,12.0,,,,9.445175438596491,,49,,13.266666666666667,0,9.445175438596491,328,28,50,49
msg_771,node49,node36,420,807560,807572.0,12.0,,,,9.450765864332604,,49,,13.666666666666666,0,9.450765864332604,327,27,50,49
msg_772,node49,node37,420,807560,807573.0,13.0,,,,9.456331877729257,,49,,14.133333333333333,0,9.456331877729257,326,26,50,49
msg_773,node49,node38,420,807560,,,,,,9.73049001814882,,49,,,0,9.73049001814882,760,20,50,49
msg_774,node49,node39,420,807560,,,,,,9.73049001814882,,49,,,0,9.73049001814882,760,20,50,49
msg_775,node49,node40,420,807560,807573.0,13.0,,,,9.4640522875817,,49,,14.466666666666667,0,9.4640522875817,325,25,50,49
msg_776,node49,node41,420,807560,807573.0,13.0,,,,9.471739130434782,,49,,14.933333333333334,0,9.471739130434782,324,24,50,49
msg_777,node49,node42,420,807560,,,,,,9.73049001814882,,49,,,0,9.73049001814882,760,20,50,49
msg_778,node49,node43,420,807560,,,,,,9.73049001814882,,49,,,0,9.73049001814882,760,20,50,49
msg_779,node49,node44,420,807560,807574.0,14.0,,,,9.47939262472885,,49,,15.4,0,9.47939262472885,323,23,50,49
msg_780,node49,node45,420,807560,807574.0,14.0,,,,9.48917748917749,,49,,15.6,0,9.48917748917749,322,22,50,49
msg_781,node49,node46,420,807560,807574.0,14.0,,,,9.498920086393088,,49,,16.133333333333333,0,9.498920086393088,321,21,50,49
msg_782,node49,node47,420,807560,,,,,,9.73049001814882,,49,,,0,9.73049001814882,760,20,50,49
msg_783,node49,node48,420,807560,,,,,,9.73049001814882,,49,,,0,9.73049001814882,760,20,50,49
msg_784,node49,node0,419,823144,823147.0,3.0,,,,9.508620689655173,,49,,2.375,0,9.508620689655173,369,49,50,49
msg_785,node49,node1,419,823144,823148.0,4.0,,,,9.494623655913978,,49,,3.25,0,9.494623655913978,368,48,50,49
msg_786,node49,node2,419,823144,823148.0,4.0,,,,9.482832618025752,,49,,3.4375,0,9.482832618025752,367,47,50,49
msg_787,node49,node3,419,823144,823150.0,6.0,,,,9.471092077087794,,49,,4.75,0,9.471092077087794,366,46,50,49
msg_788,node49,node4,419,823144,,,,,,9.73049001814882,,49,,,0,9.73049001814882,760,20,50,49
msg_789,node49,node5,419,823144,,,,,,9.73049001814882,,49,,,0,9.73049001814882,760,20,50,49
msg_790,node49,node6,419,823144,823150.0,6.0,,,,9.463675213675213,,49,,5.1875,0,9.463675213675213,365,45,50,49
msg_791,node49,node7,419,823144,823150.0,6.0,,,,9.456289978678038,,49,,5.5,0,9.456289978678038,364,44,50,49
msg_792,node49,node8,419,823144,823151.0,7.0,,,,9.441613588110403,,49,,6.0625,0,9.441613588110403,362,42,50,49
msg_793,node49,node9,419,823144,823152.0,8.0,,,,9.431289640591967,,49,,7.0,0,9.431289640591967,360,40,50,49
msg_794,node49,node10,420,823144,823150.0,6.0,,,,9.448936170212766,,49,,4.4375,0,9.448936170212766,363,43,50,49
msg_795,node49,node11,420,823144,,,,,,9.73049001814882,,49,,,0,9.73049001814882,760,20,50,49
msg_796,node49,node12,420,823144,,,,,,9.73049001814882,,49,,,0,9.73049001814882,760,20,50,49
msg_797,node49,node13,420,823144,823152.0,8.0,,,,9.428270042194093,,49,,7.5625,0,9.428270042194093,359,39,50,49
msg_798,node49,node14,420,823144,823151.0,7.0,,,,9.436440677966102,,49,,6.1875,0,9.436440677966102,361,41,50,49
msg_799,node49,node15,420,823144,823153.0,9.0,,,,9.425263157894737,,49,,8.3125,0,9.425263157894737,358,38,50,49
msg_800,node49,node16,420,823144,,,,,,9.73049001814882,,49,,,0,9.73049001814882,760,20,50,49
msg_801,node49,node17,420,823144,823153.0,9.0,,,,9.42436974789916,,49,,9.1875,0,9.42436974789916,357,37,50,49
msg_802,node49,node18,420,823144,,,,,,9.73049001814882,,49,,,0,9.73049001814882,760,20,50,49
msg_803,node49,node19,420,823144,,,,,,9.73049001814882,,49,,,0,9.73049001814882,760,20,50,49
msg_804,node49,node20,420,823144,823155.0,11.0,,,,9.422594142259415,,49,,9.9375,0,9.422594142259415,355,35,50,49
msg_805,node49,node21,420,823144,823153.0,9.0,,,,9.423480083857442,,49,,7.75,0,9.423480083857442,356,36,50,49
msg_806,node49,node22,420,823144,,,,,,9.73049001814882,,49,,,0,9.73049001814882,760,20,50,49
msg_807,node49,node23,420,823144,,,,,,9.73049001814882,,49,,,0,9.73049001814882,760,20,50,49
msg_808,node49,node24,420,823144,823156.0,12.0,,,,9.4258872651357,,49,,11.0625,0,9.4258872651357,354,34,50,49
msg_809,node49,node25,420,823144,823157.0,13.0,,,,9.43125,,49,,11.625,0,9.43125,353,33,50,49
msg_810,node49,node26,420,823144,,,,,,9.73049001814882,,49,,,0,9.73049001814882,760,20,50,49
msg_811,node49,node27,420,823144,823157.0,13.0,,,,9.446058091286307,,49,,11.8125,0,9.446058091286307,351,31,50,49
msg_812,node49,node28,420,823144,,,,,,9.73049001814882,,49,,,0,9.73049001814882,760,20,50,49
msg_813,node49,node29,420,823144,,,,,,9.73049001814882,,49,,,0,9.73049001814882,760,20,50,49
msg_814,node49,node30,420,823144,,,,,,9.73049001814882,,49,,,0,9.73049001814882,760,20,50,49
msg_815,node49,node31,420,823144,823157.0,13.0,,,,9.43866943866944,,49,,10.125,0,9.43866943866944,352,32,50,49
msg_816,node49,node32,420,823144,823157.0,13.0,,,,9.453416149068323,,49,,10.625,0,9.453416149068323,350,30,50,49
msg_817,node49,node33,420,823144,823159.0,15.0,,,,9.460743801652892,,49,,12.75,0,9.460743801652892,349,29,50,49
msg_818,node49,node34,420,823144,,,,,,9.73049001814882,,49,,,0,9.73049001814882,760,20,50,49
msg_819,node49,node35,420,823144,823159.0,15.0,,,,9.472164948453608,,49,,13.1875,0,9.472164948453608,348,28,50,49
msg_820,node49,node36,420,823144,823159.0,15.0,,,,9.483539094650206,,49,,13.5625,0,9.483539094650206,347,27,50,49
msg_821,node49,node37,420,823144,823160.0,16.0,,,,9.494866529774127,,49,,14.0625,0,9.494866529774127,346,26,50,49
msg_822,node49,node38,420,823144,,,,,,9.73049001814882,,49,,,0,9.73049001814882,760,20,50,49
msg_823,node49,node39,420,823144,,,,,,9.73049001814882,,49,,,0,9.73049001814882,760,20,50,49
msg_824,node49,node40,420,823144,823160.0,16.0,,,,9.508196721311476,,49,,14.375,0,9.508196721311476,345,25,50,49
msg_825,node49,node41,420,823144,823161.0,17.0,,,,9.521472392638037,,49,,14.8125,0,9.521472392638037,344,24,50,49
msg_826,node49,node42,420,823144,,,,,,9.73049001814882,,49,,,0,9.73049001814882,760,20,50,49
msg_827,node49,node43,420,823144,,,,,,9.73049001814882,,49,,,0,9.73049001814882,760,20,50,49
msg_828,node49,node44,420,823144,823161.0,17.0,,,,9.536734693877552,,49,,15.3125,0,9.536734693877552,343,23,50,49
msg_829,node49,node45,420,823144,823162.0,18.0,,,,9.55193482688391,,49,,15.5,0,9.55193482688391,342,22,50,49
msg_830,node49,node46,420,823144,823162.0,18.0,,,,9.56910569105691,,49,,16.0,0,9.56910569105691,341,21,50,49
msg_831,node49,node47,420,823144,,,,,,9.73049001814882,,49,,,0,9.73049001814882,760,20,50,49
msg_832,node49,node48,420,823144,,,,,,9.73049001814882,,49,,,0,9.73049001814882,760,20,50,49
msg_833,node49,node0,419,997467,997469.0,2.0,,,,9.586206896551724,,49,,2.411764705882353,0,9.586206896551724,389,49,50,49
msg_834,node49,node1,419,997467,997470.0,3.0,,,,9.570850202429149,,49,,3.2941176470588234,0,9.570850202429149,388,48,50,49
msg_835,node49,node2,419,997467,997470.0,3.0,,,,9.557575757575757,,49,,3.4705882352941178,0,9.557575757575757,387,47,50,49
msg_836,node49,node3,419,997467,997471.0,4.0,,,,9.53118712273642,,49,,4.823529411764706,0,9.53118712273642,385,45,50,49
msg_837,node49,node4,419,997467,,,,,,9.73049001814882,,49,,,0,9.73049001814882,760,20,50,49
msg_838,node49,node5,419,997467,,,,,,9.73049001814882,,49,,,0,9.73049001814882,760,20,50,49
msg_839,node49,node6,419,997467,997471.0,4.0,,,,9.52008032128514,,49,,5.235294117647059,0,9.52008032128514,384,44,50,49
msg_840,node49,node7,419,997467,997472.0,5.0,,,,9.509018036072144,,49,,5.529411764705882,0,9.509018036072144,383,43,50,49
msg_841,node49,node8,419,997467,997472.0,5.0,,,,9.5,,49,,6.117647058823529,0,9.5,382,42,50,49
msg_842,node49,node9,419,997467,997472.0,5.0,,,,9.491017964071856,,49,,7.0588235294117645,0,9.491017964071856,381,41,50,49
msg_843,node49,node10,420,997467,997470.0,3.0,,,,9.544354838709678,,49,,4.529411764705882,0,9.544354838709678,386,46,50,49
msg_844,node49,node11,420,997467,,,,,,9.73049001814882,,49,,,0,9.73049001814882,760,20,50,49
msg_845,node49,node12,420,997467,,,,,,9.73049001814882,,49,,,0,9.73049001814882,760,20,50,49
msg_846,node49,node13,420,997467,997476.0,9.0,,,,9.464426877470355,,49,,7.588235294117647,0,9.464426877470355,376,36,50,49
msg_847,node49,node14,420,997467,997474.0,7.0,,,,9.48207171314741,,49,,6.235294117647059,0,9.48207171314741,380,40,50,49
msg_848,node49,node15,420,997467,997476.0,9.0,,,,9.463510848126234,,49,,8.352941176470589,0,9.463510848126234,375,35,50,49
msg_849,node49,node16,420,997467,,,,,,9.73049001814882,,49,,,0,9.73049001814882,760,20,50,49
msg_850,node49,node17,420,997467,997477.0,10.0,,,,9.46259842519685,,49,,9.176470588235293,0,9.46259842519685,374,34,50,49
msg_851,node49,node18,420,997467,,,,,,9.73049001814882,,49,,,0,9.73049001814882,760,20,50,49
msg_852,node49,node19,420,997467,,,,,,9.73049001814882,,49,,,0,9.73049001814882,760,20,50,49
msg_853,node49,node20,420,997467,997477.0,10.0,,,,9.463654223968566,,49,,10.0,0,9.463654223968566,373,33,50,49
msg_854,node49,node21,420,997467,997474.0,7.0,,,,9.47713717693837,,49,,7.823529411764706,0,9.47713717693837,379,39,50,49
msg_855,node49,node22,420,997467,,,,,,9.73049001814882,,49,,,0,9.73049001814882,760,20,50,49
msg_856,node49,node23,420,997467,,,,,,9.73049001814882,,49,,,0,9.73049001814882,760,20,50,49
msg_857,node49,node24,420,997467,997477.0,10.0,,,,9.464705882352941,,49,,11.117647058823529,0,9.464705882352941,372,32,50,49
msg_858,node49,node25,420,997467,997478.0,11.0,,,,9.465753424657533,,49,,11.705882352941176,0,9.465753424657533,371,31,50,49
msg_859,node49,node26,420,997467,,,,,,9.73049001814882,,49,,,0,9.73049001814882,760,20,50,49
msg_860,node49,node27,420,997467,997478.0,11.0,,,,9.46875,,49,,11.882352941176471,0,9.46875,370,30,50,49
msg_861,node49,node28,420,997467,,,,,,9.73049001814882,,49,,,0,9.73049001814882,760,20,50,49
msg_862,node49,node29,420,997467,,,,,,9.73049001814882,,49,,,0,9.73049001814882,760,20,50,49
msg_863,node49,node30,420,997467,,,,,,9.73049001814882,,49,,,0,9.73049001814882,760,20,50,49
msg_864,node49,node31,420,997467,997474.0,7.0,,,,9.472222222222221,,49,,10.294117647058824,0,9.472222222222221,378,38,50,49
msg_865,node49,node32,420,997467,997475.0,8.0,,,,9.467326732673268,,49,,10.764705882352942,0,9.467326732673268,377,37,50,49
msg_866,node49,node33,420,997467,997478.0,11.0,,,,9.471734892787524,,49,,12.882352941176471,0,9.471734892787524,369,29,50,49
msg_867,node49,node34,420,997467,,,,,,9.73049001814882,,49,,,0,9.73049001814882,760,20,50,49
msg_868,node49,node35,420,997467,997479.0,12.0,,,,9.474708171206226,,49,,13.294117647058824,0,9.474708171206226,368,28,50,49
msg_869,node49,node36,420,997467,997479.0,12.0,,,,9.479611650485436,,49,,13.647058823529411,0,9.479611650485436,367,27,50,49
msg_870,node49,node37,420,997467,997480.0,13.0,,,,9.484496124031008,,49,,14.176470588235293,0,9.484496124031008,366,26,50,49
msg_871,node49,node38,420,997467,,,,,,9.73049001814882,,49,,,0,9.73049001814882,760,20,50,49
msg_872,node49,node39,420,997467,,,,,,9.73049001814882,,49,,,0,9.73049001814882,760,20,50,49
msg_873,node49,node40,420,997467,997480.0,13.0,,,,9.491295938104448,,49,,14.470588235294118,0,9.491295938104448,365,25,50,49
msg_874,node49,node41,420,997467,997480.0,13.0,,,,9.498069498069498,,49,,14.941176470588236,0,9.498069498069498,364,24,50,49
msg_875,node49,node42,420,997467,,,,,,9.73049001814882,,49,,,0,9.73049001814882,760,20,50,49
msg_876,node49,node43,420,997467,,,,,,9.73049001814882,,49,,,0,9.73049001814882,760,20,50,49
msg_877,node49,node44,420,997467,997481.0,14.0,,,,9.504816955684008,,49,,15.411764705882353,0,9.504816955684008,363,23,50,49
msg_878,node49,node45,420,997467,997481.0,14.0,,,,9.513461538461538,,49,,15.647058823529411,0,9.513461538461538,362,22,50,49
msg_879,node49,node46,420,997467,997481.0,14.0,,,,9.522072936660269,,49,,16.11764705882353,0,9.522072936660269,361,21,50,49
msg_880,node49,node47,420,997467,,,,,,9.73049001814882,,49,,,0,9.73049001814882,760,20,50,49
msg_881,node49,node48,420,997467,,,,,,9.73049001814882,,49,,,0,9.73049001814882,760,20,50,49
msg_882,node49,node0,419,1136483,1136485.0,2.0,,,,9.530651340996169,,49,,2.388888888888889,0,9.530651340996169,409,49,50,49
msg_883,node49,node1,419,1136483,1136487.0,4.0,,,,9.516252390057362,,49,,3.2777777777777777,0,9.516252390057362,408,48,50,49
msg_884,node49,node2,419,1136483,1136487.0,4.0,,,,9.505725190839694,,49,,3.4444444444444446,0,9.505725190839694,407,47,50,49
msg_885,node49,node3,419,1136483,1136487.0,4.0,,,,9.495238095238095,,49,,4.777777777777778,0,9.495238095238095,406,46,50,49
msg_886,node49,node4,419,1136483,,,,,,9.73049001814882,,49,,,0,9.73049001814882,760,20,50,49
msg_887,node49,node5,419,1136483,,,,,,9.73049001814882,,49,,,0,9.73049001814882,760,20,50,49
msg_888,node49,node6,419,1136483,1136488.0,5.0,,,,9.484790874524714,,49,,5.166666666666667,0,9.484790874524714,405,45,50,49
msg_889,node49,node7,419,1136483,1136488.0,5.0,,,,9.476280834914611,,49,,5.5,0,9.476280834914611,404,44,50,49
msg_890,node49,node8,419,1136483,1136491.0,8.0,,,,9.45009416195857,,49,,6.055555555555555,0,9.45009416195857,400,40,50,49
msg_891,node49,node9,419,1136483,1136491.0,8.0,,,,9.447368421052632,,49,,6.944444444444445,0,9.447368421052632,399,39,50,49
msg_892,node49,node10,420,1136483,1136489.0,6.0,,,,9.467803030303031,,49,,4.444444444444445,0,9.467803030303031,403,43,50,49
msg_893,node49,node11,420,1136483,,,,,,9.73049001814882,,49,,,0,9.73049001814882,760,20,50,49
msg_894,node49,node12,420,1136483,,,,,,9.73049001814882,,49,,,0,9.73049001814882,760,20,50,49
msg_895,node49,node13,420,1136483,1136492.0,9.0,,,,9.444652908067543,,49,,7.666666666666667,0,9.444652908067543,398,38,50,49
msg_896,node49,node14,420,1136483,1136489.0,6.0,,,,9.46124763705104,,49,,6.277777777777778,0,9.46124763705104,402,42,50,49
msg_897,node49,node15,420,1136483,1136492.0,9.0,,,,9.4438202247191,,49,,8.38888888888889,0,9.4438202247191,397,37,50,49
msg_898,node49,node16,420,1136483,,,,,,9.73049001814882,,49,,,0,9.73049001814882,760,20,50,49
msg_899,node49,node17,420,1136483,1136493.0,10.0,,,,9.442990654205607,,49,,9.222222222222221,0,9.442990654205607,396,36,50,49
msg_900,node49,node18,420,1136483,,,,,,9.73049001814882,,49,,,0,9.73049001814882,760,20,50,49
msg_901,node49,node19,420,1136483,,,,,,9.73049001814882,,49,,,0,9.73049001814882,760,20,50,49
msg_902,node49,node20,420,1136483,1136493.0,10.0,,,,9.444029850746269,,49,,10.0,0,9.444029850746269,395,35,50,49
msg_903,node49,node21,420,1136483,1136490.0,7.0,,,,9.454716981132075,,49,,7.777777777777778,0,9.454716981132075,401,41,50,49
msg_904,node49,node22,420,1136483,,,,,,9.73049001814882,,49,,,0,9.73049001814882,760,20,50,49
msg_905,node49,node23,420,1136483,,,,,,9.73049001814882,,49,,,0,9.73049001814882,760,20,50,49
msg_906,node49,node24,420,1136483,1136494.0,11.0,,,,9.447955390334572,,49,,11.055555555555555,0,9.447955390334572,393,33,50,49
msg_907,node49,node25,420,1136483,1136494.0,11.0,,,,9.450834879406308,,49,,11.666666666666666,0,9.450834879406308,392,32,50,49
msg_908,node49,node26,420,1136483,,,,,,9.73049001814882,,49,,,0,9.73049001814882,760,20,50,49
msg_909,node49,node27,420,1136483,1136495.0,12.0,,,,9.456561922365989,,49,,11.833333333333334,0,9.456561922365989,390,30,50,49
msg_910,node49,node28,420,1136483,,,,,,9.73049001814882,,49,,,0,9.73049001814882,760,20,50,49
msg_911,node49,node29,420,1136483,,,,,,9.73049001814882,,49,,,0,9.73049001814882,760,20,50,49
msg_912,node49,node30,420,1136483,,,,,,9.73049001814882,,49,,,0,9.73049001814882,760,20,50,49
msg_913,node49,node31,420,1136483,1136494.0,11.0,,,,9.445065176908752,,49,,10.11111111111111,0,9.445065176908752,394,34,50,49
msg_914,node49,node32,420,1136483,1136494.0,11.0,,,,9.453703703703704,,49,,10.61111111111111,0,9.453703703703704,391,31,50,49
msg_915,node49,node33,420,1136483,1136495.0,12.0,,,,9.461254612546126,,49,,12.777777777777779,0,9.461254612546126,389,29,50,49
msg_916,node49,node34,420,1136483,,,,,,9.73049001814882,,49,,,0,9.73049001814882,760,20,50,49
msg_917,node49,node35,420,1136483,1136496.0,13.0,,,,9.465930018416206,,49,,13.222222222222221,0,9.465930018416206,388,28,50,49
msg_918,node49,node36,420,1136483,1136496.0,13.0,,,,9.472426470588236,,49,,13.555555555555555,0,9.472426470588236,387,27,50,49
msg_919,node49,node37,420,1136483,1136497.0,14.0,,,,9.478899082568807,,49,,14.11111111111111,0,9.478899082568807,386,26,50,49
msg_920,node49,node38,420,1136483,,,,,,9.73049001814882,,49,,,0,9.73049001814882,760,20,50,49
msg_921,node49,node39,420,1136483,,,,,,9.73049001814882,,49,,,0,9.73049001814882,760,20,50,49
msg_922,node49,node40,420,1136483,1136497.0,14.0,,,,9.487179487179487,,49,,14.38888888888889,0,9.487179487179487,385,25,50,49
msg_923,node49,node41,420,1136483,1136497.0,14.0,,,,9.495429616087751,,49,,14.833333333333334,0,9.495429616087751,384,24,50,49
msg_924,node49,node42,420,1136483,,,,,,9.73049001814882,,49,,,0,9.73049001814882,760,20,50,49
msg_925,node49,node43,420,1136483,,,,,,9.73049001814882,,49,,,0,9.73049001814882,760,20,50,49
msg_926,node49,node44,420,1136483,1136498.0,15.0,,,,9.503649635036496,,49,,15.333333333333334,0,9.503649635036496,383,23,50,49
msg_927,node49,node45,420,1136483,1136498.0,15.0,,,,9.513661202185792,,49,,15.555555555555555,0,9.513661202185792,382,22,50,49
msg_928,node49,node46,420,1136483,1136498.0,15.0,,,,9.523636363636363,,49,,16.0,0,9.523636363636363,381,21,50,49
msg_929,node49,node47,420,1136483,,,,,,9.73049001814882,,49,,,0,9.73049001814882,760,20,50,49
msg_930,node49,node48,420,1136483,,,,,,9.73049001814882,,49,,,0,9.73049001814882,760,20,50,49
msg_931,node49,node0,419,1138347,1138350.0,3.0,,,,9.533575317604356,,49,,2.3684210526315788,0,9.533575317604356,429,49,50,49
msg_932,node49,node1,419,1138347,1138351.0,4.0,,,,9.521739130434783,,49,,3.3157894736842106,0,9.521739130434783,428,48,50,49
msg_933,node49,node2,419,1138347,1138351.0,4.0,,,,9.511754068716094,,49,,3.473684210526316,0,9.511754068716094,427,47,50,49
msg_934,node49,node3,419,1138347,1138353.0,6.0,,,,9.501805054151625,,49,,4.7368421052631575,0,9.501805054151625,426,46,50,49
msg_935,node49,node4,419,1138347,,,,,,9.73049001814882,,49,,,0,9.73049001814882,760,20,50,49
msg_936,node49,node5,419,1138347,,,,,,9.73049001814882,,49,,,0,9.73049001814882,760,20,50,49
msg_937,node49,node6,419,1138347,1138353.0,6.0,,,,9.495495495495495,,49,,5.157894736842105,0,9.495495495495495,425,45,50,49
msg_938,node49,node7,419,1138347,1138353.0,6.0,,,,9.489208633093526,,49,,5.473684210526316,0,9.489208633093526,424,44,50,49
msg_939,node49,node8,419,1138347,1138354.0,7.0,,,,9.476702508960573,,49,,6.157894736842105,0,9.476702508960573,422,42,50,49
msg_940,node49,node9,419,1138347,1138355.0,8.0,,,,9.467857142857143,,49,,7.0,0,9.467857142857143,420,40,50,49
msg_941,node49,node10,420,1138347,1138353.0,6.0,,,,9.48294434470377,,49,,4.526315789473684,0,9.48294434470377,423,43,50,49
msg_942,node49,node11,420,1138347,,,,,,9.73049001814882,,49,,,0,9.73049001814882,760,20,50,49
msg_943,node49,node12,420,1138347,,,,,,9.73049001814882,,49,,,0,9.73049001814882,760,20,50,49
msg_944,node49,node13,420,1138347,1138355.0,8.0,,,,9.46524064171123,,49,,7.7368421052631575,0,9.46524064171123,419,39,50,49
msg_945,node49,node14,420,1138347,1138354.0,7.0,,,,9.47227191413238,,49,,6.2631578947368425,0,9.47227191413238,421,41,50,49
msg_946,node49,node15,420,1138347,1138356.0,9.0,,,,9.462633451957295,,49,,8.421052631578947,0,9.462633451957295,418,38,50,49
msg_947,node49,node16,420,1138347,,,,,,9.73049001814882,,49,,,0,9.73049001814882,760,20,50,49
msg_948,node49,node17,420,1138347,1138356.0,9.0,,,,9.461811722912966,,49,,9.263157894736842,0,9.461811722912966,417,37,50,49
msg_949,node49,node18,420,1138347,,,,,,9.73049001814882,,49,,,0,9.73049001814882,760,20,50,49
msg_950,node49,node19,420,1138347,,,,,,9.73049001814882,,49,,,0,9.73049001814882,760,20,50,49
msg_951,node49,node20,420,1138347,1138358.0,11.0,,,,9.460176991150442,,49,,10.0,0,9.460176991150442,415,35,50,49
msg_952,node49,node21,420,1138347,1138356.0,9.0,,,,9.460992907801419,,49,,7.7368421052631575,0,9.460992907801419,416,36,50,49
msg_953,node49,node22,420,1138347,,,,,,9.73049001814882,,49,,,0,9.73049001814882,760,20,50,49
msg_954,node49,node23,420,1138347,,,,,,9.73049001814882,,49,,,0,9.73049001814882,760,20,50,49
msg_955,node49,node24,420,1138347,1138360.0,13.0,,,,9.46830985915493,,49,,11.052631578947368,0,9.46830985915493,412,32,50,49
msg_956,node49,node25,420,1138347,1138360.0,13.0,,,,9.47451669595782,,49,,11.631578947368421,0,9.47451669595782,411,31,50,49
msg_957,node49,node26,420,1138347,,,,,,9.73049001814882,,49,,,0,9.73049001814882,760,20,50,49
msg_958,node49,node27,420,1138347,1138361.0,14.0,,,,9.480701754385965,,49,,11.842105263157896,0,9.480701754385965,410,30,50,49
msg_959,node49,node28,420,1138347,,,,,,9.73049001814882,,49,,,0,9.73049001814882,760,20,50,49
msg_960,node49,node29,420,1138347,,,,,,9.73049001814882,,49,,,0,9.73049001814882,760,20,50,49
msg_961,node49,node30,420,1138347,,,,,,9.73049001814882,,49,,,0,9.73049001814882,760,20,50,49
msg_962,node49,node31,420,1138347,1138358.0,11.0,,,,9.462897526501767,,49,,10.157894736842104,0,9.462897526501767,414,34,50,49
msg_963,node49,node32,420,1138347,1138358.0,11.0,,,,9.465608465608465,,49,,10.631578947368421,0,9.465608465608465,413,33,50,49
msg_964,node49,node33,420,1138347,1138361.0,14.0,,,,9.48861646234676,,49,,12.736842105263158,0,9.48861646234676,409,29,50,49
msg_965,node49,node34,420,1138347,,,,,,9.73049001814882,,49,,,0,9.73049001814882,760,20,50,49
msg_966,node49,node35,420,1138347,1138361.0,14.0,,,,9.496503496503497,,49,,13.210526315789474,0,9.496503496503497,408,28,50,49
msg_967,node49,node36,420,1138347,1138362.0,15.0,,,,9.504363001745201,,49,,13.526315789473685,0,9.504363001745201,407,27,50,49
msg_968,node49,node37,420,1138347,1138362.0,15.0,,,,9.513937282229966,,49,,14.105263157894736,0,9.513937282229966,406,26,50,49
msg_969,node49,node38,420,1138347,,,,,,9.73049001814882,,49,,,0,9.73049001814882,760,20,50,49
msg_970,node49,node39,420,1138347,,,,,,9.73049001814882,,49,,,0,9.73049001814882,760,20,50,49
msg_971,node49,node40,420,1138347,1138363.0,16.0,,,,9.523478260869565,,49,,14.368421052631579,0,9.523478260869565,405,25,50,49
msg_972,node49,node41,420,1138347,1138363.0,16.0,,,,9.534722222222221,,49,,14.789473684210526,0,9.534722222222221,404,24,50,49
msg_973,node49,node42,420,1138347,,,,,,9.73049001814882,,49,,,0,9.73049001814882,760,20,50,49
msg_974,node49,node43,420,1138347,,,,,,9.73049001814882,,49,,,0,9.73049001814882,760,20,50,49
msg_975,node49,node44,420,1138347,1138363.0,16.0,,,,9.545927209705372,,49,,15.31578947368421,0,9.545927209705372,403,23,50,49
msg_976,node49,node45,420,1138347,1138364.0,17.0,,,,9.557093425605537,,49,,15.526315789473685,0,9.557093425605537,402,22,50,49
msg_977,node49,node46,420,1138347,1138364.0,17.0,,,,9.569948186528498,,49,,15.947368421052632,0,9.569948186528498,401,21,50,49
msg_978,node49,node47,420,1138347,,,,,,9.73049001814882,,49,,,0,9.73049001814882,760,20,50,49
msg_979,node49,node48,420,1138347,,,,,,9.73049001814882,,49,,,0,9.73049001814882,760,20,50,49
msg_980,node49,node0,419,1139895,1139898.0,3.0,,,,9.582758620689654,,49,,2.4,0,9.582758620689654,449,49,50,49
msg_981,node49,node1,419,1139895,1139898.0,3.0,,,,9.571428571428571,,49,,3.35,0,9.571428571428571,448,48,50,49
msg_982,node49,node2,419,1139895,1139898.0,3.0,,,,9.560137457044673,,49,,3.5,0,9.560137457044673,447,47,50,49
msg_983,node49,node3,419,1139895,1139899.0,4.0,,,,9.537671232876713,,49,,4.8,0,9.537671232876713,445,45,50,49
msg_984,node49,node4,419,1139895,,,,,,9.73049001814882,,49,,,0,9.73049001814882,760,20,50,49
msg_985,node49,node5,419,1139895,,,,,,9.73049001814882,,49,,,0,9.73049001814882,760,20,50,49
msg_986,node49,node6,419,1139895,1139899.0,4.0,,,,9.528205128205128,,49,,5.2,0,9.528205128205128,444,44,50,49
msg_987,node49,node7,419,1139895,1139900.0,5.0,,,,9.518771331058021,,49,,5.5,0,9.518771331058021,443,43,50,49
msg_988,node49,node8,419,1139895,1139900.0,5.0,,,,9.51107325383305,,49,,6.2,0,9.51107325383305,442,42,50,49
msg_989,node49,node9,419,1139895,1139901.0,6.0,,,,9.503401360544217,,49,,7.05,0,9.503401360544217,441,41,50,49
msg_990,node49,node10,420,1139895,1139898.0,3.0,,,,9.548885077186965,,49,,4.6,0,9.548885077186965,446,46,50,49
msg_991,node49,node11,420,1139895,,,,,,9.73049001814882,,49,,,0,9.73049001814882,760,20,50,49
msg_992,node49,node12,420,1139895,,,,,,9.73049001814882,,49,,,0,9.73049001814882,760,20,50,49
msg_993,node49,node13,420,1139895,1139901.0,6.0,,,,9.497453310696095,,49,,7.75,0,9.497453310696095,440,40,50,49
msg_994,node49,node14,420,1139895,1139902.0,7.0,,,,9.491525423728813,,49,,6.3,0,9.491525423728813,439,39,50,49
msg_995,node49,node15,420,1139895,1139904.0,9.0,,,,9.478114478114477,,49,,8.45,0,9.478114478114477,435,35,50,49
msg_996,node49,node16,420,1139895,,,,,,9.73049001814882,,49,,,0,9.73049001814882,760,20,50,49
msg_997,node49,node17,420,1139895,1139905.0,10.0,,,,9.477310924369748,,49,,9.25,0,9.477310924369748,434,34,50,49
msg_998,node49,node18,420,1139895,,,,,,9.73049001814882,,49,,,0,9.73049001814882,760,20,50,49
msg_999,node49,node19,420,1139895,,,,,,9.73049001814882,,49,,,0,9.73049001814882,760,20,50,49
msg_1000,node49,node20,421,1139895,1139905.0,10.0,,,,9.478187919463087,,49,,10.05,0,9.478187919463087,433,33,50,49
msg_1001,node49,node21,421,1139895,1139902.0,7.0,,,,9.48730964467005,,49,,7.8,0,9.48730964467005,438,38,50,49
msg_1002,node49,node22,421,1139895,,,,,,9.73049001814882,,49,,,0,9.73049001814882,760,20,50,49
msg_1003,node49,node23,421,1139895,,,,,,9.73049001814882,,49,,,0,9.73049001814882,760,20,50,49
msg_1004,node49,node24,421,1139895,1139905.0,10.0,,,,9.479061976549414,,49,,11.15,0,9.479061976549414,432,32,50,49
msg_1005,node49,node25,421,1139895,1139906.0,11.0,,,,9.479933110367893,,49,,11.7,0,9.479933110367893,431,31,50,49
msg_1006,node49,node26,421,1139895,,,,,,9.73049001814882,,49,,,0,9.73049001814882,760,20,50,49
msg_1007,node49,node27,421,1139895,1139906.0,11.0,,,,9.482470784641068,,49,,11.95,0,9.482470784641068,430,30,50,49
msg_1008,node49,node28,421,1139895,,,,,,9.73049001814882,,49,,,0,9.73049001814882,760,20,50,49
msg_1009,node49,node29,421,1139895,,,,,,9.73049001814882,,49,,,0,9.73049001814882,760,20,50,49
msg_1010,node49,node30,421,1139895,,,,,,9.73049001814882,,49,,,0,9.73049001814882,760,20,50,49
msg_1011,node49,node31,421,1139895,1139903.0,8.0,,,,9.483108108108109,,49,,10.2,0,9.483108108108109,437,37,50,49
msg_1012,node49,node32,421,1139895,1139903.0,8.0,,,,9.48060708263069,,49,,10.65,0,9.48060708263069,436,36,50,49
msg_1013,node49,node33,421,1139895,1139906.0,11.0,,,,9.485,,49,,12.8,0,9.485,429,29,50,49
msg_1014,node49,node34,421,1139895,,,,,,9.73049001814882,,49,,,0,9.73049001814882,760,20,50,49
msg_1015,node49,node35,421,1139895,1139907.0,12.0,,,,9.487520798668886,,49,,13.25,0,9.487520798668886,428,28,50,49
msg_1016,node49,node36,421,1139895,1139907.0,12.0,,,,9.491694352159469,,49,,13.6,0,9.491694352159469,427,27,50,49
msg_1017,node49,node37,421,1139895,1139908.0,13.0,,,,9.495854063018243,,49,,14.15,0,9.495854063018243,426,26,50,49
msg_1018,node49,node38,421,1139895,,,,,,9.73049001814882,,49,,,0,9.73049001814882,760,20,50,49
msg_1019,node49,node39,421,1139895,,,,,,9.73049001814882,,49,,,0,9.73049001814882,760,20,50,49
msg_1020,node49,node40,421,1139895,1139908.0,13.0,,,,9.501655629139073,,49,,14.45,0,9.501655629139073,425,25,50,49
msg_1021,node49,node41,421,1139895,1139908.0,13.0,,,,9.507438016528926,,49,,14.85,0,9.507438016528926,424,24,50,49
msg_1022,node49,node42,421,1139895,,,,,,9.73049001814882,,49,,,0,9.73049001814882,760,20,50,49
msg_1023,node49,node43,421,1139895,,,,,,9.73049001814882,,49,,,0,9.73049001814882,760,20,50,49
msg_1024,node49,node44,421,1139895,1139909.0,14.0,,,,9.513201320132014,,49,,15.35,0,9.513201320132014,423,23,50,49
msg_1025,node49,node45,421,1139895,1139909.0,14.0,,,,9.520593080724877,,49,,15.6,0,9.520593080724877,422,22,50,49
msg_1026,node49,node46,421,1139895,1139909.0,14.0,,,,9.52796052631579,,49,,16.0,0,9.52796052631579,421,21,50,49
msg_1027,node49,node47,421,1139895,,,,,,9.73049001814882,,49,,,0,9.73049001814882,760,20,50,49
msg_1028,node49,node48,421,1139895,,,,,,9.73049001814882,,49,,,0,9.73049001814882,760,20,50,49
msg_1029,node49,node0,420,1186670,1186672.0,2.0,,,,9.535303776683087,,49,,2.4285714285714284,0,9.535303776683087,469,49,50,49
msg_1030,node49,node1,420,1186670,1186673.0,3.0,,,,9.52295081967213,,49,,3.3333333333333335,0,9.52295081967213,468,48,50,49
msg_1031,node49,node2,420,1186670,1186673.0,3.0,,,,9.51227495908347,,49,,3.4761904761904763,0,9.51227495908347,467,47,50,49
msg_1032,node49,node3,420,1186670,1186675.0,5.0,,,,9.482084690553746,,49,,4.761904761904762,0,9.482084690553746,464,44,50,49
msg_1033,node49,node4,420,1186670,,,,,,9.73049001814882,,49,,,0,9.73049001814882,760,20,50,49
msg_1034,node49,node5,420,1186670,,,,,,9.73049001814882,,49,,,0,9.73049001814882,760,20,50,49
msg_1035,node49,node6,420,1186670,1186675.0,5.0,,,,9.47479674796748,,49,,5.142857142857143,0,9.47479674796748,463,43,50,49
msg_1036,node49,node7,420,1186670,1186676.0,6.0,,,,9.467532467532468,,49,,5.476190476190476,0,9.467532467532468,462,42,50,49
msg_1037,node49,node8,420,1186670,1186676.0,6.0,,,,9.46191247974068,,49,,6.142857142857143,0,9.46191247974068,461,41,50,49
msg_1038,node49,node9,420,1186670,1186676.0,6.0,,,,9.45631067961165,,49,,7.0,0,9.45631067961165,460,40,50,49
msg_1039,node49,node10,421,1186670,1186673.0,3.0,,,,9.501633986928105,,49,,4.523809523809524,0,9.501633986928105,466,46,50,49
msg_1040,node49,node11,421,1186670,,,,,,9.73049001814882,,49,,,0,9.73049001814882,760,20,50,49
msg_1041,node49,node12,421,1186670,,,,,,9.73049001814882,,49,,,0,9.73049001814882,760,20,50,49
msg_1042,node49,node13,421,1186670,1186677.0,7.0,,,,9.450726978998384,,49,,7.666666666666667,0,9.450726978998384,459,39,50,49
msg_1043,node49,node14,421,1186670,1186674.0,4.0,,,,9.491027732463296,,49,,6.333333333333333,0,9.491027732463296,465,45,50,49
msg_1044,node49,node15,421,1186670,1186678.0,8.0,,,,9.446774193548388,,49,,8.476190476190476,0,9.446774193548388,458,38,50,49
msg_1045,node49,node16,421,1186670,,,,,,9.73049001814882,,49,,,0,9.73049001814882,760,20,50,49
msg_1046,node49,node17,421,1186670,1186678.0,8.0,,,,9.444444444444445,,49,,9.285714285714286,0,9.444444444444445,457,37,50,49
msg_1047,node49,node18,421,1186670,,,,,,9.73049001814882,,49,,,0,9.73049001814882,760,20,50,49
msg_1048,node49,node19,421,1186670,,,,,,9.73049001814882,,49,,,0,9.73049001814882,760,20,50,49
msg_1049,node49,node20,421,1186670,1186679.0,9.0,,,,9.439807383627608,,49,,10.047619047619047,0,9.439807383627608,455,35,50,49
msg_1050,node49,node21,421,1186670,1186678.0,8.0,,,,9.442122186495176,,49,,7.761904761904762,0,9.442122186495176,456,36,50,49
msg_1051,node49,node22,421,1186670,,,,,,9.73049001814882,,49,,,0,9.73049001814882,760,20,50,49
msg_1052,node49,node23,421,1186670,,,,,,9.73049001814882,,49,,,0,9.73049001814882,760,20,50,49
msg_1053,node49,node24,421,1186670,1186680.0,10.0,,,,9.439102564102564,,49,,11.095238095238095,0,9.439102564102564,454,34,50,49
msg_1054,node49,node25,421,1186670,1186680.0,10.0,,,,9.440894568690096,,49,,11.666666666666666,0,9.440894568690096,452,32,50,49
msg_1055,node49,node26,421,1186670,,,,,,9.73049001814882,,49,,,0,9.73049001814882,760,20,50,49
msg_1056,node49,node27,421,1186670,1186681.0,11.0,,,,9.444267515923567,,49,,11.904761904761905,0,9.444267515923567,450,30,50,49
msg_1057,node49,node28,421,1186670,,,,,,9.73049001814882,,49,,,0,9.73049001814882,760,20,50,49
msg_1058,node49,node29,421,1186670,,,,,,9.73049001814882,,49,,,0,9.73049001814882,760,20,50,49
msg_1059,node49,node30,421,1186670,,,,,,9.73049001814882,,49,,,0,9.73049001814882,760,20,50,49
msg_1060,node49,node31,421,1186670,1186680.0,10.0,,,,9.44,,49,,10.095238095238095,0,9.44,453,33,50,49
msg_1061,node49,node32,421,1186670,1186681.0,11.0,,,,9.441786283891547,,49,,10.523809523809524,0,9.441786283891547,451,31,50,49
msg_1062,node49,node33,421,1186670,1186682.0,12.0,,,,9.446740858505564,,49,,12.714285714285714,0,9.446740858505564,449,29,50,49
msg_1063,node49,node34,421,1186670,,,,,,9.73049001814882,,49,,,0,9.73049001814882,760,20,50,49
msg_1064,node49,node35,421,1186670,1186682.0,12.0,,,,9.450793650793651,,49,,13.19047619047619,0,9.450793650793651,448,28,50,49
msg_1065,node49,node36,421,1186670,1186682.0,12.0,,,,9.454833597464342,,49,,13.523809523809524,0,9.454833597464342,447,27,50,49
msg_1066,node49,node37,421,1186670,1186683.0,13.0,,,,9.458860759493671,,49,,14.095238095238095,0,9.458860759493671,446,26,50,49
msg_1067,node49,node38,421,1186670,,,,,,9.73049001814882,,49,,,0,9.73049001814882,760,20,50,49
msg_1068,node49,node39,421,1186670,,,,,,9.73049001814882,,49,,,0,9.73049001814882,760,20,50,49
msg_1069,node49,node40,421,1186670,1186683.0,13.0,,,,9.464454976303317,,49,,14.380952380952381,0,9.464454976303317,445,25,50,49
msg_1070,node49,node41,421,1186670,1186684.0,14.0,,,,9.470031545741325,,49,,14.761904761904763,0,9.470031545741325,444,24,50,49
msg_1071,node49,node42,421,1186670,,,,,,9.73049001814882,,49,,,0,9.73049001814882,760,20,50,49
msg_1072,node49,node43,421,1186670,,,,,,9.73049001814882,,49,,,0,9.73049001814882,760,20,50,49
msg_1073,node49,node44,421,1186670,1186684.0,14.0,,,,9.477165354330708,,49,,15.285714285714286,0,9.477165354330708,443,23,50,49
msg_1074,node49,node45,421,1186670,1186684.0,14.0,,,,9.484276729559749,,49,,15.523809523809524,0,9.484276729559749,442,22,50,49
msg_1075,node49,node46,421,1186670,1186685.0,15.0,,,,9.491365777080063,,49,,15.904761904761905,0,9.491365777080063,441,21,50,49
msg_1076,node49,node47,421,1186670,,,,,,9.73049001814882,,49,,,0,9.73049001814882,760,20,50,49
msg_1077,node49,node48,421,1186670,,,,,,9.73049001814882,,49,,,0,9.73049001814882,760,20,50,49
msg_1078,node49,node0,420,1354631,1354633.0,2.0,,,,9.5,,49,,2.409090909090909,0,9.5,489,49,50,49
msg_1079,node49,node1,420,1354631,1354634.0,3.0,,,,9.488262910798122,,49,,3.3181818181818183,0,9.488262910798122,488,48,50,49
msg_1080,node49,node2,420,1354631,1354634.0,3.0,,,,9.478125,,49,,3.4545454545454546,0,9.478125,487,47,50,49
msg_1081,node49,node3,420,1354631,1354635.0,4.0,,,,9.457943925233645,,49,,4.7727272727272725,0,9.457943925233645,485,45,50,49
msg_1082,node49,node4,420,1354631,,,,,,9.73049001814882,,49,,,0,9.73049001814882,760,20,50,49
msg_1083,node49,node5,420,1354631,,,,,,9.73049001814882,,49,,,0,9.73049001814882,760,20,50,49
msg_1084,node49,node6,420,1354631,1354635.0,4.0,,,,9.44945567651633,,49,,5.136363636363637,0,9.44945567651633,484,44,50,49
msg_1085,node49,node7,420,1354631,1354636.0,5.0,,,,9.440993788819876,,49,,5.5,0,9.440993788819876,483,43,50,49
msg_1086,node49,node8,420,1354631,1354636.0,5.0,,,,9.434108527131784,,49,,6.136363636363637,0,9.434108527131784,482,42,50,49
msg_1087,node49,node9,420,1354631,1354636.0,5.0,,,,9.427244582043343,,49,,6.954545454545454,0,9.427244582043343,481,41,50,49
msg_1088,node49,node10,421,1354631,1354634.0,3.0,,,,9.46801872074883,,49,,4.454545454545454,0,9.46801872074883,486,46,50,49
msg_1089,node49,node11,421,1354631,,,,,,9.73049001814882,,49,,,0,9.73049001814882,760,20,50,49
msg_1090,node49,node12,421,1354631,,,,,,9.73049001814882,,49,,,0,9.73049001814882,760,20,50,49
msg_1091,node49,node13,421,1354631,1354640.0,9.0,,,,9.407066052227343,,49,,7.636363636363637,0,9.407066052227343,476,36,50,49
msg_1092,node49,node14,421,1354631,1354638.0,7.0,,,,9.420401854714065,,49,,6.2272727272727275,0,9.420401854714065,480,40,50,49
msg_1093,node49,node15,421,1354631,1354640.0,9.0,,,,9.406441717791411,,49,,8.454545454545455,0,9.406441717791411,475,35,50,49
msg_1094,node49,node16,421,1354631,,,,,,9.73049001814882,,49,,,0,9.73049001814882,760,20,50,49
msg_1095,node49,node17,421,1354631,1354641.0,10.0,,,,9.405819295558958,,49,,9.227272727272727,0,9.405819295558958,474,34,50,49
msg_1096,node49,node18,421,1354631,,,,,,9.73049001814882,,49,,,0,9.73049001814882,760,20,50,49
msg_1097,node49,node19,421,1354631,,,,,,9.73049001814882,,49,,,0,9.73049001814882,760,20,50,49
msg_1098,node49,node20,421,1354631,1354641.0,10.0,,,,9.406727828746178,,49,,10.0,0,9.406727828746178,473,33,50,49
msg_1099,node49,node21,421,1354631,1354638.0,7.0,,,,9.416666666666666,,49,,7.7727272727272725,0,9.416666666666666,479,39,50,49
msg_1100,node49,node22,421,1354631,,,,,,9.73049001814882,,49,,,0,9.73049001814882,760,20,50,49
msg_1101,node49,node23,421,1354631,,,,,,9.73049001814882,,49,,,0,9.73049001814882,760,20,50,49
msg_1102,node49,node24,421,1354631,1354641.0,10.0,,,,9.40763358778626,,49,,11.045454545454545,0,9.40763358778626,472,32,50,49
msg_1103,node49,node25,421,1354631,1354642.0,11.0,,,,9.408536585365853,,49,,11.590909090909092,0,9.408536585365853,471,31,50,49
msg_1104,node49,node26,421,1354631,,,,,,9.73049001814882,,49,,,0,9.73049001814882,760,20,50,49
msg_1105,node49,node27,421,1354631,1354642.0,11.0,,,,9.41095890410959,,49,,11.863636363636363,0,9.41095890410959,470,30,50,49
msg_1106,node49,node28,421,1354631,,,,,,9.73049001814882,,49,,,0,9.73049001814882,760,20,50,49
msg_1107,node49,node29,421,1354631,,,,,,9.73049001814882,,49,,,0,9.73049001814882,760,20,50,49
msg_1108,node49,node30,421,1354631,,,,,,9.73049001814882,,49,,,0,9.73049001814882,760,20,50,49
msg_1109,node49,node31,421,1354631,1354638.0,7.0,,,,9.412942989214176,,49,,10.090909090909092,0,9.412942989214176,478,38,50,49
msg_1110,node49,node32,421,1354631,1354639.0,8.0,,,,9.409230769230769,,49,,10.545454545454545,0,9.409230769230769,477,37,50,49
msg_1111,node49,node33,421,1354631,1354642.0,11.0,,,,9.413373860182372,,49,,12.681818181818182,0,9.413373860182372,469,29,50,49
msg_1112,node49,node34,421,1354631,,,,,,9.73049001814882,,49,,,0,9.73049001814882,760,20,50,49
msg_1113,node49,node35,421,1354631,1354643.0,12.0,,,,9.41578148710167,,49,,13.136363636363637,0,9.41578148710167,468,28,50,49
msg_1114,node49,node36,421,1354631,1354643.0,12.0,,,,9.41969696969697,,49,,13.454545454545455,0,9.41969696969697,467,27,50,49
msg_1115,node49,node37,421,1354631,1354644.0,13.0,,,,9.423600605143722,,49,,14.045454545454545,0,9.423600605143722,466,26,50,49
msg_1116,node49,node38,421,1354631,,,,,,9.73049001814882,,49,,,0,9.73049001814882,760,20,50,49
msg_1117,node49,node39,421,1354631,,,,,,9.73049001814882,,49,,,0,9.73049001814882,760,20,50,49
msg_1118,node49,node40,421,1354631,1354644.0,13.0,,,,9.429003021148036,,49,,14.318181818181818,0,9.429003021148036,465,25,50,49
msg_1119,node49,node41,421,1354631,1354644.0,13.0,,,,9.434389140271493,,49,,14.727272727272727,0,9.434389140271493,464,24,50,49
msg_1120,node49,node42,421,1354631,,,,,,9.73049001814882,,49,,,0,9.73049001814882,760,20,50,49
msg_1121,node49,node43,421,1354631,,,,,,9.73049001814882,,49,,,0,9.73049001814882,760,20,50,49
msg_1122,node49,node44,421,1354631,1354645.0,14.0,,,,9.439759036144578,,49,,15.227272727272727,0,9.439759036144578,463,23,50,49
msg_1123,node49,node45,421,1354631,1354645.0,14.0,,,,9.446616541353384,,49,,15.454545454545455,0,9.446616541353384,462,22,50,49
msg_1124,node49,node46,421,1354631,1354645.0,14.0,,,,9.453453453453454,,49,,15.863636363636363,0,9.453453453453454,461,21,50,49
msg_1125,node49,node47,421,1354631,,,,,,9.73049001814882,,49,,,0,9.73049001814882,760,20,50,49
msg_1126,node49,node48,421,1354631,,,,,,9.73049001814882,,49,,,0,9.73049001814882,760,20,50,49
msg_1127,node49,node0,420,1383430,1383432.0,2.0,,,,9.460269865067467,,49,,2.391304347826087,0,9.460269865067467,509,49,50,49
msg_1128,node49,node1,420,1383430,1383433.0,3.0,,,,9.449101796407186,,49,,3.3043478260869565,0,9.449101796407186,508,48,50,49
msg_1129,node49,node2,420,1383430,1383433.0,3.0,,,,9.439461883408072,,49,,3.4347826086956523,0,9.439461883408072,507,47,50,49
msg_1130,node49,node3,420,1383430,1383435.0,5.0,,,,9.429850746268658,,49,,4.739130434782608,0,9.429850746268658,506,46,50,49
msg_1131,node49,node4,420,1383430,,,,,,9.73049001814882,,49,,,0,9.73049001814882,760,20,50,49
msg_1132,node49,node5,420,1383430,,,,,,9.73049001814882,,49,,,0,9.73049001814882,760,20,50,49
msg_1133,node49,node6,420,1383430,1383435.0,5.0,,,,9.423248882265275,,49,,5.086956521739131,0,9.423248882265275,505,45,50,49
msg_1134,node49,node7,420,1383430,1383435.0,5.0,,,,9.416666666666666,,49,,5.478260869565218,0,9.416666666666666,504,44,50,49
msg_1135,node49,node8,420,1383430,1383436.0,6.0,,,,9.405044510385757,,49,,6.086956521739131,0,9.405044510385757,502,42,50,49
msg_1136,node49,node9,420,1383430,1383437.0,7.0,,,,9.394970414201184,,49,,6.869565217391305,0,9.394970414201184,500,40,50,49
msg_1137,node49,node10,421,1383430,1383436.0,6.0,,,,9.410104011887073,,49,,4.391304347826087,0,9.410104011887073,503,43,50,49
msg_1138,node49,node11,421,1383430,,,,,,9.73049001814882,,49,,,0,9.73049001814882,760,20,50,49
msg_1139,node49,node12,421,1383430,,,,,,9.73049001814882,,49,,,0,9.73049001814882,760,20,50,49
msg_1140,node49,node13,421,1383430,1383438.0,8.0,,,,9.391432791728212,,49,,7.695652173913044,0,9.391432791728212,499,39,50,49
msg_1141,node49,node14,421,1383430,1383436.0,6.0,,,,9.4,,49,,6.260869565217392,0,9.4,501,41,50,49
msg_1142,node49,node15,421,1383430,1383438.0,8.0,,,,9.389380530973451,,49,,8.478260869565217,0,9.389380530973451,498,38,50,49
msg_1143,node49,node16,421,1383430,,,,,,9.73049001814882,,49,,,0,9.73049001814882,760,20,50,49
msg_1144,node49,node17,421,1383430,1383438.0,8.0,,,,9.385294117647058,,49,,9.26086956521739,0,9.385294117647058,496,36,50,49
msg_1145,node49,node18,421,1383430,,,,,,9.73049001814882,,49,,,0,9.73049001814882,760,20,50,49
msg_1146,node49,node19,421,1383430,,,,,,9.73049001814882,,49,,,0,9.73049001814882,760,20,50,49
msg_1147,node49,node20,421,1383430,1383440.0,10.0,,,,9.383601756954612,,49,,10.0,0,9.383601756954612,493,33,50,49
msg_1148,node49,node21,421,1383430,1383438.0,8.0,,,,9.387334315169367,,49,,7.739130434782608,0,9.387334315169367,497,37,50,49
msg_1149,node49,node22,421,1383430,,,,,,9.73049001814882,,49,,,0,9.73049001814882,760,20,50,49
msg_1150,node49,node23,421,1383430,,,,,,9.73049001814882,,49,,,0,9.73049001814882,760,20,50,49
msg_1151,node49,node24,421,1383430,1383441.0,11.0,,,,9.384502923976608,,49,,11.0,0,9.384502923976608,492,32,50,49
msg_1152,node49,node25,421,1383430,1383442.0,12.0,,,,9.386861313868613,,49,,11.565217391304348,0,9.386861313868613,491,31,50,49
msg_1153,node49,node26,421,1383430,,,,,,9.73049001814882,,49,,,0,9.73049001814882,760,20,50,49
msg_1154,node49,node27,421,1383430,1383442.0,12.0,,,,9.39067055393586,,49,,11.826086956521738,0,9.39067055393586,490,30,50,49
msg_1155,node49,node28,421,1383430,,,,,,9.73049001814882,,49,,,0,9.73049001814882,760,20,50,49
msg_1156,node49,node29,421,1383430,,,,,,9.73049001814882,,49,,,0,9.73049001814882,760,20,50,49
msg_1157,node49,node30,421,1383430,,,,,,9.73049001814882,,49,,,0,9.73049001814882,760,20,50,49
msg_1158,node49,node31,421,1383430,1383439.0,9.0,,,,9.383259911894273,,49,,9.956521739130435,0,9.383259911894273,495,35,50,49
msg_1159,node49,node32,421,1383430,1383440.0,10.0,,,,9.382697947214076,,49,,10.434782608695652,0,9.382697947214076,494,34,50,49
msg_1160,node49,node33,421,1383430,1383443.0,13.0,,,,9.394468704512372,,49,,12.608695652173912,0,9.394468704512372,489,29,50,49
msg_1161,node49,node34,421,1383430,,,,,,9.73049001814882,,49,,,0,9.73049001814882,760,20,50,49
msg_1162,node49,node35,421,1383430,1383443.0,13.0,,,,9.399709302325581,,49,,13.08695652173913,0,9.399709302325581,488,28,50,49
msg_1163,node49,node36,421,1383430,1383443.0,13.0,,,,9.404934687953556,,49,,13.391304347826088,0,9.404934687953556,487,27,50,49
msg_1164,node49,node37,421,1383430,1383444.0,14.0,,,,9.410144927536232,,49,,14.0,0,9.410144927536232,486,26,50,49
msg_1165,node49,node38,421,1383430,,,,,,9.73049001814882,,49,,,0,9.73049001814882,760,20,50,49
msg_1166,node49,node39,421,1383430,,,,,,9.73049001814882,,49,,,0,9.73049001814882,760,20,50,49
msg_1167,node49,node40,421,1383430,1383444.0,14.0,,,,9.416787264833575,,49,,14.26086956521739,0,9.416787264833575,485,25,50,49
msg_1168,node49,node41,421,1383430,1383445.0,15.0,,,,9.423410404624278,,49,,14.652173913043478,0,9.423410404624278,484,24,50,49
msg_1169,node49,node42,421,1383430,,,,,,9.73049001814882,,49,,,0,9.73049001814882,760,20,50,49
msg_1170,node49,node43,421,1383430,,,,,,9.73049001814882,,49,,,0,9.73049001814882,760,20,50,49
msg_1171,node49,node44,421,1383430,1383445.0,15.0,,,,9.431457431457432,,49,,15.173913043478262,0,9.431457431457432,483,23,50,49
msg_1172,node49,node45,421,1383430,1383445.0,15.0,,,,9.439481268011527,,49,,15.391304347826088,0,9.439481268011527,482,22,50,49
msg_1173,node49,node46,421,1383430,1383446.0,16.0,,,,9.44748201438849,,49,,15.782608695652174,0,9.44748201438849,481,21,50,49
msg_1174,node49,node47,421,1383430,,,,,,9.73049001814882,,49,,,0,9.73049001814882,760,20,50,49
msg_1175,node49,node48,421,1383430,,,,,,9.73049001814882,,49,,,0,9.73049001814882,760,20,50,49
msg_1176,node49,node0,420,1398075,1398078.0,3.0,,,,9.456896551724139,,49,,2.375,0,9.456896551724139,529,49,50,49
msg_1177,node49,node1,420,1398075,1398079.0,4.0,,,,9.447632711621234,,49,,3.2916666666666665,0,9.447632711621234,528,48,50,49
msg_1178,node49,node2,420,1398075,1398079.0,4.0,,,,9.439828080229226,,49,,3.4166666666666665,0,9.439828080229226,527,47,50,49
msg_1179,node49,node3,420,1398075,1398081.0,6.0,,,,9.432045779685264,,49,,4.75,0,9.432045779685264,526,46,50,49
msg_1180,node49,node4,420,1398075,,,,,,9.73049001814882,,49,,,0,9.73049001814882,760,20,50,49
msg_1181,node49,node5,420,1398075,,,,,,9.73049001814882,,49,,,0,9.73049001814882,760,20,50,49
msg_1182,node49,node6,420,1398075,1398081.0,6.0,,,,9.427142857142858,,49,,5.083333333333333,0,9.427142857142858,525,45,50,49
msg_1183,node49,node7,420,1398075,1398081.0,6.0,,,,9.42225392296719,,49,,5.458333333333333,0,9.42225392296719,524,44,50,49
msg_1184,node49,node8,420,1398075,1398082.0,7.0,,,,9.412517780938833,,49,,6.083333333333333,0,9.412517780938833,522,42,50,49
msg_1185,node49,node9,420,1398075,1398083.0,8.0,,,,9.409090909090908,,49,,6.875,0,9.409090909090908,521,41,50,49
msg_1186,node49,node10,421,1398075,1398081.0,6.0,,,,9.417378917378917,,49,,4.458333333333333,0,9.417378917378917,523,43,50,49
msg_1187,node49,node11,421,1398075,,,,,,9.73049001814882,,49,,,0,9.73049001814882,760,20,50,49
msg_1188,node49,node12,421,1398075,,,,,,9.73049001814882,,49,,,0,9.73049001814882,760,20,50,49
msg_1189,node49,node13,421,1398075,1398084.0,9.0,,,,9.405099150141643,,49,,7.708333333333333,0,9.405099150141643,519,39,50,49
msg_1190,node49,node14,421,1398075,1398083.0,8.0,,,,9.40709219858156,,49,,6.25,0,9.40709219858156,520,40,50,49
msg_1191,node49,node15,421,1398075,1398084.0,9.0,,,,9.404526166902405,,49,,8.458333333333334,0,9.404526166902405,518,38,50,49
msg_1192,node49,node16,421,1398075,,,,,,9.73049001814882,,49,,,0,9.73049001814882,760,20,50,49
msg_1193,node49,node17,421,1398075,1398085.0,10.0,,,,9.404795486600847,,49,,9.208333333333334,0,9.404795486600847,516,36,50,49
msg_1194,node49,node18,421,1398075,,,,,,9.73049001814882,,49,,,0,9.73049001814882,760,20,50,49
msg_1195,node49,node19,421,1398075,,,,,,9.73049001814882,,49,,,0,9.73049001814882,760,20,50,49
msg_1196,node49,node20,421,1398075,1398086.0,11.0,,,,9.4056338028169,,49,,10.0,0,9.4056338028169,515,35,50,49
msg_1197,node49,node21,421,1398075,1398085.0,10.0,,,,9.403954802259888,,49,,7.75,0,9.403954802259888,517,37,50,49
msg_1198,node49,node22,421,1398075,,,,,,9.73049001814882,,49,,,0,9.73049001814882,760,20,50,49
msg_1199,node49,node23,421,1398075,,,,,,9.73049001814882,,49,,,0,9.73049001814882,760,20,50,49
msg_1200,node49,node24,421,1398075,1398087.0,12.0,,,,9.40787623066104,,49,,11.0,0,9.40787623066104,514,34,50,49
msg_1201,node49,node25,421,1398075,1398087.0,12.0,,,,9.411516853932584,,49,,11.583333333333334,0,9.411516853932584,513,33,50,49
msg_1202,node49,node26,421,1398075,,,,,,9.73049001814882,,49,,,0,9.73049001814882,760,20,50,49
msg_1203,node49,node27,421,1398075,1398089.0,14.0,,,,9.423776223776224,,49,,11.833333333333334,0,9.423776223776224,510,30,50,49
msg_1204,node49,node28,421,1398075,,,,,,9.73049001814882,,49,,,0,9.73049001814882,760,20,50,49
msg_1205,node49,node29,421,1398075,,,,,,9.73049001814882,,49,,,0,9.73049001814882,760,20,50,49
msg_1206,node49,node30,421,1398075,,,,,,9.73049001814882,,49,,,0,9.73049001814882,760,20,50,49
msg_1207,node49,node31,421,1398075,1398087.0,12.0,,,,9.415147265077138,,49,,9.916666666666666,0,9.415147265077138,512,32,50,49
msg_1208,node49,node32,421,1398075,1398088.0,13.0,,,,9.418767507002801,,49,,10.416666666666666,0,9.418767507002801,511,31,50,49
msg_1209,node49,node33,421,1398075,1398089.0,14.0,,,,9.430167597765363,,49,,12.625,0,9.430167597765363,509,29,50,49
msg_1210,node49,node34,421,1398075,,,,,,9.73049001814882,,49,,,0,9.73049001814882,760,20,50,49
msg_1211,node49,node35,421,1398075,1398091.0,16.0,,,,9.436541143654114,,49,,13.083333333333334,0,9.436541143654114,508,28,50,49
msg_1212,node49,node36,421,1398075,1398091.0,16.0,,,,9.445682451253482,,49,,13.375,0,9.445682451253482,507,27,50,49
msg_1213,node49,node37,421,1398075,1398091.0,16.0,,,,9.454798331015299,,49,,14.0,0,9.454798331015299,506,26,50,49
msg_1214,node49,node38,421,1398075,,,,,,9.73049001814882,,49,,,0,9.73049001814882,760,20,50,49
msg_1215,node49,node39,421,1398075,,,,,,9.73049001814882,,49,,,0,9.73049001814882,760,20,50,49
msg_1216,node49,node40,421,1398075,1398092.0,17.0,,,,9.463888888888889,,49,,14.25,0,9.463888888888889,505,25,50,49
msg_1217,node49,node41,421,1398075,1398092.0,17.0,,,,9.474341192787795,,49,,14.666666666666666,0,9.474341192787795,504,24,50,49
msg_1218,node49,node42,421,1398075,,,,,,9.73049001814882,,49,,,0,9.73049001814882,760,20,50,49
msg_1219,node49,node43,421,1398075,,,,,,9.73049001814882,,49,,,0,9.73049001814882,760,20,50,49
msg_1220,node49,node44,421,1398075,1398093.0,18.0,,,,9.484764542936288,,49,,15.166666666666666,0,9.484764542936288,503,23,50,49
msg_1221,node49,node45,421,1398075,1398093.0,18.0,,,,9.496542185338866,,49,,15.375,0,9.496542185338866,502,22,50,49
msg_1222,node49,node46,421,1398075,1398093.0,18.0,,,,9.508287292817679,,49,,15.791666666666666,0,9.508287292817679,501,21,50,49
msg_1223,node49,node47,421,1398075,,,,,,9.73049001814882,,49,,,0,9.73049001814882,760,20,50,49
msg_1224,node49,node48,421,1398075,,,,,,9.73049001814882,,49,,,0,9.73049001814882,760,20,50,49
msg_1225,node49,node0,420,1430978,1430981.0,3.0,,,,9.52,,49,,2.4,0,9.52,549,49,50,49
msg_1226,node49,node1,420,1430978,1430982.0,4.0,,,,9.511019283746556,,49,,3.32,0,9.511019283746556,548,48,50,49
msg_1227,node49,node2,420,1430978,1430982.0,4.0,,,,9.50343878954608,,49,,3.44,0,9.50343878954608,547,47,50,49
msg_1228,node49,node3,420,1430978,1430984.0,6.0,,,,9.49587912087912,,49,,4.8,0,9.49587912087912,546,46,50,49
msg_1229,node49,node4,420,1430978,,,,,,9.73049001814882,,49,,,0,9.73049001814882,760,20,50,49
msg_1230,node49,node5,420,1430978,,,,,,9.73049001814882,,49,,,0,9.73049001814882,760,20,50,49
msg_1231,node49,node6,420,1430978,1430984.0,6.0,,,,9.491083676268861,,49,,5.12,0,9.491083676268861,545,45,50,49
msg_1232,node49,node7,420,1430978,1430984.0,6.0,,,,9.481532147742818,,49,,5.48,0,9.481532147742818,543,43,50,49
msg_1233,node49,node8,420,1430978,1430986.0,8.0,,,,9.471389645776567,,49,,6.12,0,9.471389645776567,540,40,50,49
msg_1234,node49,node9,420,1430978,1430987.0,9.0,,,,9.46938775510204,,49,,6.92,0,9.46938775510204,539,39,50,49
msg_1235,node49,node10,421,1430978,1430984.0,6.0,,,,9.486301369863014,,49,,4.52,0,9.486301369863014,544,44,50,49
msg_1236,node49,node11,421,1430978,,,,,,9.73049001814882,,49,,,0,9.73049001814882,760,20,50,49
msg_1237,node49,node12,421,1430978,,,,,,9.73049001814882,,49,,,0,9.73049001814882,760,20,50,49
msg_1238,node49,node13,421,1430978,1430987.0,9.0,,,,9.46875,,49,,7.76,0,9.46875,538,38,50,49
msg_1239,node49,node14,421,1430978,1430985.0,7.0,,,,9.476775956284152,,49,,6.32,0,9.476775956284152,542,42,50,49
msg_1240,node49,node15,421,1430978,1430988.0,10.0,,,,9.468113975576662,,49,,8.48,0,9.468113975576662,537,37,50,49
msg_1241,node49,node16,421,1430978,,,,,,9.73049001814882,,49,,,0,9.73049001814882,760,20,50,49
msg_1242,node49,node17,421,1430978,1430988.0,10.0,,,,9.468834688346883,,49,,9.24,0,9.468834688346883,536,36,50,49
msg_1243,node49,node18,421,1430978,,,,,,9.73049001814882,,49,,,0,9.73049001814882,760,20,50,49
msg_1244,node49,node19,421,1430978,,,,,,9.73049001814882,,49,,,0,9.73049001814882,760,20,50,49
msg_1245,node49,node20,421,1430978,1430989.0,11.0,,,,9.469553450608931,,49,,10.04,0,9.469553450608931,535,35,50,49
msg_1246,node49,node21,421,1430978,1430986.0,8.0,,,,9.473396998635744,,49,,7.84,0,9.473396998635744,541,41,50,49
msg_1247,node49,node22,421,1430978,,,,,,9.73049001814882,,49,,,0,9.73049001814882,760,20,50,49
msg_1248,node49,node23,421,1430978,,,,,,9.73049001814882,,49,,,0,9.73049001814882,760,20,50,49
msg_1249,node49,node24,421,1430978,1430990.0,12.0,,,,9.475741239892184,,49,,11.04,0,9.475741239892184,532,32,50,49
msg_1250,node49,node25,421,1430978,1430991.0,13.0,,,,9.47913862718708,,49,,11.6,0,9.47913862718708,531,31,50,49
msg_1251,node49,node26,421,1430978,,,,,,9.73049001814882,,49,,,0,9.73049001814882,760,20,50,49
msg_1252,node49,node27,421,1430978,1430991.0,13.0,,,,9.483870967741936,,49,,11.92,0,9.483870967741936,530,30,50,49
msg_1253,node49,node28,421,1430978,,,,,,9.73049001814882,,49,,,0,9.73049001814882,760,20,50,49
msg_1254,node49,node29,421,1430978,,,,,,9.73049001814882,,49,,,0,9.73049001814882,760,20,50,49
msg_1255,node49,node30,421,1430978,,,,,,9.73049001814882,,49,,,0,9.73049001814882,760,20,50,49
msg_1256,node49,node31,421,1430978,1430989.0,11.0,,,,9.471621621621622,,49,,10.0,0,9.471621621621622,534,34,50,49
msg_1257,node49,node32,421,1430978,1430989.0,11.0,,,,9.473684210526315,,49,,10.52,0,9.473684210526315,533,33,50,49
msg_1258,node49,node33,421,1430978,1430992.0,14.0,,,,9.488590604026845,,49,,12.68,0,9.488590604026845,529,29,50,49
msg_1259,node49,node34,421,1430978,,,,,,9.73049001814882,,49,,,0,9.73049001814882,760,20,50,49
msg_1260,node49,node35,421,1430978,1430992.0,14.0,,,,9.494638069705093,,49,,13.2,0,9.494638069705093,528,28,50,49
msg_1261,node49,node36,421,1430978,1430992.0,14.0,,,,9.500669344042837,,49,,13.48,0,9.500669344042837,527,27,50,49
msg_1262,node49,node37,421,1430978,1430993.0,15.0,,,,9.506684491978609,,49,,14.08,0,9.506684491978609,526,26,50,49
msg_1263,node49,node38,421,1430978,,,,,,9.73049001814882,,49,,,0,9.73049001814882,760,20,50,49
msg_1264,node49,node39,421,1430978,,,,,,9.73049001814882,,49,,,0,9.73049001814882,760,20,50,49
msg_1265,node49,node40,421,1430978,1430993.0,15.0,,,,9.514018691588785,,49,,14.36,0,9.514018691588785,525,25,50,49
msg_1266,node49,node41,421,1430978,1430993.0,15.0,,,,9.521333333333333,,49,,14.76,0,9.521333333333333,524,24,50,49
msg_1267,node49,node42,421,1430978,,,,,,9.73049001814882,,49,,,0,9.73049001814882,760,20,50,49
msg_1268,node49,node43,421,1430978,,,,,,9.73049001814882,,49,,,0,9.73049001814882,760,20,50,49
msg_1269,node49,node44,421,1430978,1430994.0,16.0,,,,9.528628495339547,,49,,15.28,0,9.528628495339547,523,23,50,49
msg_1270,node49,node45,421,1430978,1430994.0,16.0,,,,9.537234042553191,,49,,15.48,0,9.537234042553191,522,22,50,49
msg_1271,node49,node46,421,1430978,1430995.0,17.0,,,,9.54581673306773,,49,,15.88,0,9.54581673306773,521,21,50,49
msg_1272,node49,node47,421,1430978,,,,,,9.73049001814882,,49,,,0,9.73049001814882,760,20,50,49
msg_1273,node49,node48,421,1430978,,,,,,9.73049001814882,,49,,,0,9.73049001814882,760,20,50,49
msg_1274,node49,node0,420,1432748,1432750.0,2.0,,,,9.555702917771884,,49,,2.423076923076923,0,9.555702917771884,569,49,50,49
msg_1275,node49,node1,420,1432748,1432751.0,3.0,,,,9.54569536423841,,49,,3.3461538461538463,0,9.54569536423841,568,48,50,49
msg_1276,node49,node2,420,1432748,1432751.0,3.0,,,,9.537037037037036,,49,,3.4615384615384617,0,9.537037037037036,567,47,50,49
msg_1277,node49,node3,420,1432748,1432752.0,4.0,,,,9.519788918205805,,49,,4.846153846153846,0,9.519788918205805,565,45,50,49
msg_1278,node49,node4,420,1432748,,,,,,9.73049001814882,,49,,,0,9.73049001814882,760,20,50,49
msg_1279,node49,node5,420,1432748,,,,,,9.73049001814882,,49,,,0,9.73049001814882,760,20,50,49
msg_1280,node49,node6,420,1432748,1432752.0,4.0,,,,9.512516469038209,,49,,5.153846153846154,0,9.512516469038209,564,44,50,49
msg_1281,node49,node7,420,1432748,1432753.0,5.0,,,,9.505263157894737,,49,,5.5,0,9.505263157894737,563,43,50,49
msg_1282,node49,node8,420,1432748,1432753.0,5.0,,,,9.49934296977661,,49,,6.1923076923076925,0,9.49934296977661,562,42,50,49
msg_1283,node49,node9,420,1432748,1432753.0,5.0,,,,9.493438320209973,,49,,7.0,0,9.493438320209973,561,41,50,49
msg_1284,node49,node10,421,1432748,1432751.0,3.0,,,,9.528401585204756,,49,,4.576923076923077,0,9.528401585204756,566,46,50,49
msg_1285,node49,node11,421,1432748,,,,,,9.73049001814882,,49,,,0,9.73049001814882,760,20,50,49
msg_1286,node49,node12,421,1432748,,,,,,9.73049001814882,,49,,,0,9.73049001814882,760,20,50,49
msg_1287,node49,node13,421,1432748,1432757.0,9.0,,,,9.475880052151238,,49,,7.8076923076923075,0,9.475880052151238,556,36,50,49
msg_1288,node49,node14,421,1432748,1432755.0,7.0,,,,9.487549148099607,,49,,6.346153846153846,0,9.487549148099607,560,40,50,49
msg_1289,node49,node15,421,1432748,1432757.0,9.0,,,,9.475260416666666,,49,,8.538461538461538,0,9.475260416666666,555,35,50,49
msg_1290,node49,node16,421,1432748,,,,,,9.73049001814882,,49,,,0,9.73049001814882,760,20,50,49
msg_1291,node49,node17,421,1432748,1432758.0,10.0,,,,9.474642392717815,,49,,9.26923076923077,0,9.474642392717815,554,34,50,49
msg_1292,node49,node18,421,1432748,,,,,,9.73049001814882,,49,,,0,9.73049001814882,760,20,50,49
msg_1293,node49,node19,421,1432748,,,,,,9.73049001814882,,49,,,0,9.73049001814882,760,20,50,49
msg_1294,node49,node20,421,1432748,1432758.0,10.0,,,,9.475324675324675,,49,,10.076923076923077,0,9.475324675324675,553,33,50,49
msg_1295,node49,node21,421,1432748,1432755.0,7.0,,,,9.484293193717278,,49,,7.846153846153846,0,9.484293193717278,559,39,50,49
msg_1296,node49,node22,421,1432748,,,,,,9.73049001814882,,49,,,0,9.73049001814882,760,20,50,49
msg_1297,node49,node23,421,1432748,,,,,,9.73049001814882,,49,,,0,9.73049001814882,760,20,50,49
msg_1298,node49,node24,421,1432748,1432758.0,10.0,,,,9.476005188067445,,49,,11.076923076923077,0,9.476005188067445,552,32,50,49
msg_1299,node49,node25,421,1432748,1432759.0,11.0,,,,9.476683937823834,,49,,11.653846153846153,0,9.476683937823834,551,31,50,49
msg_1300,node49,node26,421,1432748,,,,,,9.73049001814882,,49,,,0,9.73049001814882,760,20,50,49
msg_1301,node49,node27,421,1432748,1432759.0,11.0,,,,9.478654592496765,,49,,11.961538461538462,0,9.478654592496765,550,30,50,49
msg_1302,node49,node28,421,1432748,,,,,,9.73049001814882,,49,,,0,9.73049001814882,760,20,50,49
msg_1303,node49,node29,421,1432748,,,,,,9.73049001814882,,49,,,0,9.73049001814882,760,20,50,49
msg_1304,node49,node30,421,1432748,,,,,,9.73049001814882,,49,,,0,9.73049001814882,760,20,50,49
msg_1305,node49,node31,421,1432748,1432755.0,7.0,,,,9.481045751633987,,49,,10.038461538461538,0,9.481045751633987,558,38,50,49
msg_1306,node49,node32,421,1432748,1432756.0,8.0,,,,9.47780678851175,,49,,10.538461538461538,0,9.47780678851175,557,37,50,49
msg_1307,node49,node33,421,1432748,1432759.0,11.0,,,,9.48062015503876,,49,,12.73076923076923,0,9.48062015503876,549,29,50,49
msg_1308,node49,node34,421,1432748,,,,,,9.73049001814882,,49,,,0,9.73049001814882,760,20,50,49
msg_1309,node49,node35,421,1432748,1432760.0,12.0,,,,9.48258064516129,,49,,13.23076923076923,0,9.48258064516129,548,28,50,49
msg_1310,node49,node36,421,1432748,1432760.0,12.0,,,,9.485824742268042,,49,,13.5,0,9.485824742268042,547,27,50,49
msg_1311,node49,node37,421,1432748,1432761.0,13.0,,,,9.489060489060488,,49,,14.115384615384615,0,9.489060489060488,546,26,50,49
msg_1312,node49,node38,421,1432748,,,,,,9.73049001814882,,49,,,0,9.73049001814882,760,20,50,49
msg_1313,node49,node39,421,1432748,,,,,,9.73049001814882,,49,,,0,9.73049001814882,760,20,50,49
msg_1314,node49,node40,421,1432748,1432761.0,13.0,,,,9.49357326478149,,49,,14.384615384615385,0,9.49357326478149,545,25,50,49
msg_1315,node49,node41,421,1432748,1432761.0,13.0,,,,9.498074454428755,,49,,14.76923076923077,0,9.498074454428755,544,24,50,49
msg_1316,node49,node42,421,1432748,,,,,,9.73049001814882,,49,,,0,9.73049001814882,760,20,50,49
msg_1317,node49,node43,421,1432748,,,,,,9.73049001814882,,49,,,0,9.73049001814882,760,20,50,49
msg_1318,node49,node44,421,1432748,1432762.0,14.0,,,,9.502564102564103,,49,,15.307692307692308,0,9.502564102564103,543,23,50,49
msg_1319,node49,node45,421,1432748,1432762.0,14.0,,,,9.50832266325224,,49,,15.5,0,9.50832266325224,542,22,50,49
msg_1320,node49,node46,421,1432748,1432762.0,14.0,,,,9.514066496163682,,49,,15.923076923076923,0,9.514066496163682,541,21,50,49
msg_1321,node49,node47,421,1432748,,,,,,9.73049001814882,,49,,,0,9.73049001814882,760,20,50,49
msg_1322,node49,node48,421,1432748,,,,,,9.73049001814882,,49,,,0,9.73049001814882,760,20,50,49
msg_1323,node49,node0,420,1447786,1447788.0,2.0,,,,9.519795657726693,,49,,2.4074074074074074,0,9.519795657726693,589,49,50,49
msg_1324,node49,node1,420,1447786,1447790.0,4.0,,,,9.510204081632653,,49,,3.3333333333333335,0,9.510204081632653,588,48,50,49
msg_1325,node49,node2,420,1447786,1447790.0,4.0,,,,9.503184713375797,,49,,3.4444444444444446,0,9.503184713375797,587,47,50,49
msg_1326,node49,node3,420,1447786,1447790.0,4.0,,,,9.49618320610687,,49,,4.814814814814815,0,9.49618320610687,586,46,50,49
msg_1327,node49,node4,420,1447786,,,,,,9.73049001814882,,49,,,0,9.73049001814882,760,20,50,49
msg_1328,node49,node5,420,1447786,,,,,,9.73049001814882,,49,,,0,9.73049001814882,760,20,50,49
msg_1329,node49,node6,420,1447786,1447792.0,6.0,,,,9.477820025348542,,49,,5.111111111111111,0,9.477820025348542,583,43,50,49
msg_1330,node49,node7,420,1447786,1447792.0,6.0,,,,9.473417721518988,,49,,5.481481481481482,0,9.473417721518988,582,42,50,49
msg_1331,node49,node8,420,1447786,1447793.0,7.0,,,,9.469026548672566,,49,,6.148148148148148,0,9.469026548672566,581,41,50,49
msg_1332,node49,node9,420,1447786,1447794.0,8.0,,,,9.465909090909092,,49,,6.925925925925926,0,9.465909090909092,580,40,50,49
msg_1333,node49,node10,421,1447786,1447791.0,5.0,,,,9.489199491740788,,49,,4.518518518518518,0,9.489199491740788,585,45,50,49
msg_1334,node49,node11,421,1447786,,,,,,9.73049001814882,,49,,,0,9.73049001814882,760,20,50,49
msg_1335,node49,node12,421,1447786,,,,,,9.73049001814882,,49,,,0,9.73049001814882,760,20,50,49
msg_1336,node49,node13,421,1447786,1447794.0,8.0,,,,9.4640605296343,,49,,7.851851851851852,0,9.4640605296343,579,39,50,49
msg_1337,node49,node14,421,1447786,1447791.0,5.0,,,,9.483502538071066,,49,,6.37037037037037,0,9.483502538071066,584,44,50,49
msg_1338,node49,node15,421,1447786,1447794.0,8.0,,,,9.460377358490566,,49,,8.555555555555555,0,9.460377358490566,577,37,50,49
msg_1339,node49,node16,421,1447786,,,,,,9.73049001814882,,49,,,0,9.73049001814882,760,20,50,49
msg_1340,node49,node17,421,1447786,1447795.0,9.0,,,,9.458542713567839,,49,,9.296296296296296,0,9.458542713567839,576,36,50,49
msg_1341,node49,node18,421,1447786,,,,,,9.73049001814882,,49,,,0,9.73049001814882,760,20,50,49
msg_1342,node49,node19,421,1447786,,,,,,9.73049001814882,,49,,,0,9.73049001814882,760,20,50,49
msg_1343,node49,node20,421,1447786,1447796.0,10.0,,,,9.457967377666249,,49,,10.074074074074074,0,9.457967377666249,575,35,50,49
msg_1344,node49,node21,421,1447786,1447794.0,8.0,,,,9.462216624685139,,49,,7.814814814814815,0,9.462216624685139,578,38,50,49
msg_1345,node49,node22,421,1447786,,,,,,9.73049001814882,,49,,,0,9.73049001814882,760,20,50,49
msg_1346,node49,node23,421,1447786,,,,,,9.73049001814882,,49,,,0,9.73049001814882,760,20,50,49
msg_1347,node49,node24,421,1447786,1447796.0,10.0,,,,9.458646616541353,,49,,11.037037037037036,0,9.458646616541353,574,34,50,49
msg_1348,node49,node25,421,1447786,1447797.0,11.0,,,,9.459324155193993,,49,,11.62962962962963,0,9.459324155193993,573,33,50,49
msg_1349,node49,node26,421,1447786,,,,,,9.73049001814882,,49,,,0,9.73049001814882,760,20,50,49
msg_1350,node49,node27,421,1447786,1447797.0,11.0,,,,9.465087281795512,,49,,11.925925925925926,0,9.465087281795512,570,30,50,49
msg_1351,node49,node28,421,1447786,,,,,,9.73049001814882,,49,,,0,9.73049001814882,760,20,50,49
msg_1352,node49,node29,421,1447786,,,,,,9.73049001814882,,49,,,0,9.73049001814882,760,20,50,49
msg_1353,node49,node30,421,1447786,,,,,,9.73049001814882,,49,,,0,9.73049001814882,760,20,50,49
msg_1354,node49,node31,421,1447786,1447797.0,11.0,,,,9.46125,,49,,9.925925925925926,0,9.46125,572,32,50,49
msg_1355,node49,node32,421,1447786,1447797.0,11.0,,,,9.463171036204743,,49,,10.444444444444445,0,9.463171036204743,571,31,50,49
msg_1356,node49,node33,421,1447786,1447799.0,13.0,,,,9.466998754669987,,49,,12.666666666666666,0,9.466998754669987,569,29,50,49
msg_1357,node49,node34,421,1447786,,,,,,9.73049001814882,,49,,,0,9.73049001814882,760,20,50,49
msg_1358,node49,node35,421,1447786,1447799.0,13.0,,,,9.471393034825871,,49,,13.185185185185185,0,9.471393034825871,568,28,50,49
msg_1359,node49,node36,421,1447786,1447799.0,13.0,,,,9.475776397515528,,49,,13.444444444444445,0,9.475776397515528,567,27,50,49
msg_1360,node49,node37,421,1447786,1447800.0,14.0,,,,9.48014888337469,,49,,14.074074074074074,0,9.48014888337469,566,26,50,49
msg_1361,node49,node38,421,1447786,,,,,,9.73049001814882,,49,,,0,9.73049001814882,760,20,50,49
msg_1362,node49,node39,421,1447786,,,,,,9.73049001814882,,49,,,0,9.73049001814882,760,20,50,49
msg_1363,node49,node40,421,1447786,1447800.0,14.0,,,,9.485749690210657,,49,,14.333333333333334,0,9.485749690210657,565,25,50,49
msg_1364,node49,node41,421,1447786,1447801.0,15.0,,,,9.491336633663366,,49,,14.703703703703704,0,9.491336633663366,564,24,50,49
msg_1365,node49,node42,421,1447786,,,,,,9.73049001814882,,49,,,0,9.73049001814882,760,20,50,49
msg_1366,node49,node43,421,1447786,,,,,,9.73049001814882,,49,,,0,9.73049001814882,760,20,50,49
msg_1367,node49,node44,421,1447786,1447801.0,15.0,,,,9.498145859085291,,49,,15.25925925925926,0,9.498145859085291,563,23,50,49
msg_1368,node49,node45,421,1447786,1447801.0,15.0,,,,9.504938271604939,,49,,15.444444444444445,0,9.504938271604939,562,22,50,49
msg_1369,node49,node46,421,1447786,1447802.0,16.0,,,,9.511713933415537,,49,,15.851851851851851,0,9.511713933415537,561,21,50,49
msg_1370,node49,node47,421,1447786,,,,,,9.73049001814882,,49,,,0,9.73049001814882,760,20,50,49
msg_1371,node49,node48,421,1447786,,,,,,9.73049001814882,,49,,,0,9.73049001814882,760,20,50,49
msg_1372,node49,node0,420,1482349,1482351.0,2.0,,,,9.519704433497537,,49,,2.392857142857143,0,9.519704433497537,609,49,50,49
msg_1373,node49,node1,420,1482349,1482352.0,3.0,,,,9.510455104551045,,49,,3.357142857142857,0,9.510455104551045,608,48,50,49
msg_1374,node49,node2,420,1482349,1482352.0,3.0,,,,9.502457002457003,,49,,3.4642857142857144,0,9.502457002457003,607,47,50,49
msg_1375,node49,node3,420,1482349,1482354.0,5.0,,,,9.494478527607361,,49,,4.785714285714286,0,9.494478527607361,606,46,50,49
msg_1376,node49,node4,420,1482349,,,,,,9.73049001814882,,49,,,0,9.73049001814882,760,20,50,49
msg_1377,node49,node5,420,1482349,,,,,,9.73049001814882,,49,,,0,9.73049001814882,760,20,50,49
msg_1378,node49,node6,420,1482349,1482354.0,5.0,,,,9.488970588235293,,49,,5.142857142857143,0,9.488970588235293,605,45,50,49
msg_1379,node49,node7,420,1482349,1482354.0,5.0,,,,9.483476132190942,,49,,5.5,0,9.483476132190942,604,44,50,49
msg_1380,node49,node8,420,1482349,1482355.0,6.0,,,,9.473748473748474,,49,,6.178571428571429,0,9.473748473748474,602,42,50,49
msg_1381,node49,node9,420,1482349,1482356.0,7.0,,,,9.465286236297198,,49,,6.964285714285714,0,9.465286236297198,600,40,50,49
msg_1382,node49,node10,421,1482349,1482355.0,6.0,,,,9.47799511002445,,49,,4.535714285714286,0,9.47799511002445,603,43,50,49
msg_1383,node49,node11,421,1482349,,,,,,9.73049001814882,,49,,,0,9.73049001814882,760,20,50,49
msg_1384,node49,node12,421,1482349,,,,,,9.73049001814882,,49,,,0,9.73049001814882,760,20,50,49
msg_1385,node49,node13,421,1482349,1482357.0,8.0,,,,9.46228710462287,,49,,7.857142857142857,0,9.46228710462287,599,39,50,49
msg_1386,node49,node14,421,1482349,1482355.0,6.0,,,,9.46951219512195,,49,,6.321428571428571,0,9.46951219512195,601,41,50,49
msg_1387,node49,node15,421,1482349,1482357.0,8.0,,,,9.460510328068043,,49,,8.535714285714286,0,9.460510328068043,598,38,50,49
msg_1388,node49,node16,421,1482349,,,,,,9.73049001814882,,49,,,0,9.73049001814882,760,20,50,49
msg_1389,node49,node17,421,1482349,1482357.0,8.0,,,,9.45873786407767,,49,,9.285714285714286,0,9.45873786407767,597,37,50,49
msg_1390,node49,node18,421,1482349,,,,,,9.73049001814882,,49,,,0,9.73049001814882,760,20,50,49
msg_1391,node49,node19,421,1482349,,,,,,9.73049001814882,,49,,,0,9.73049001814882,760,20,50,49
msg_1392,node49,node20,421,1482349,1482359.0,10.0,,,,9.455205811138015,,49,,10.071428571428571,0,9.455205811138015,595,35,50,49
msg_1393,node49,node21,421,1482349,1482357.0,8.0,,,,9.456969696969697,,49,,7.821428571428571,0,9.456969696969697,596,36,50,49
msg_1394,node49,node22,421,1482349,,,,,,9.73049001814882,,49,,,0,9.73049001814882,760,20,50,49
msg_1395,node49,node23,421,1482349,,,,,,9.73049001814882,,49,,,0,9.73049001814882,760,20,50,49
msg_1396,node49,node24,421,1482349,1482360.0,11.0,,,,9.455864570737607,,49,,11.0,0,9.455864570737607,594,34,50,49
msg_1397,node49,node25,421,1482349,1482361.0,12.0,,,,9.457729468599034,,49,,11.607142857142858,0,9.457729468599034,593,33,50,49
msg_1398,node49,node26,421,1482349,,,,,,9.73049001814882,,49,,,0,9.73049001814882,760,20,50,49
msg_1399,node49,node27,421,1482349,1482361.0,12.0,,,,9.463855421686747,,49,,11.892857142857142,0,9.463855421686747,591,31,50,49
msg_1400,node49,node28,421,1482349,,,,,,9.73049001814882,,49,,,0,9.73049001814882,760,20,50,49
msg_1401,node49,node29,421,1482349,,,,,,9.73049001814882,,49,,,0,9.73049001814882,760,20,50,49
msg_1402,node49,node30,421,1482349,,,,,,9.73049001814882,,49,,,0,9.73049001814882,760,20,50,49
msg_1403,node49,node31,421,1482349,1482361.0,12.0,,,,9.460796139927623,,49,,9.964285714285714,0,9.460796139927623,592,32,50,49
msg_1404,node49,node32,421,1482349,1482361.0,12.0,,,,9.46690734055355,,49,,10.464285714285714,0,9.46690734055355,590,30,50,49
msg_1405,node49,node33,421,1482349,1482363.0,14.0,,,,9.469951923076923,,49,,12.678571428571429,0,9.469951923076923,589,29,50,49
msg_1406,node49,node34,421,1482349,,,,,,9.73049001814882,,49,,,0,9.73049001814882,760,20,50,49
msg_1407,node49,node35,421,1482349,1482363.0,14.0,,,,9.475390156062424,,49,,13.178571428571429,0,9.475390156062424,588,28,50,49
msg_1408,node49,node36,421,1482349,1482363.0,14.0,,,,9.480815347721823,,49,,13.428571428571429,0,9.480815347721823,587,27,50,49
msg_1409,node49,node37,421,1482349,1482364.0,15.0,,,,9.48622754491018,,49,,14.071428571428571,0,9.48622754491018,586,26,50,49
msg_1410,node49,node38,421,1482349,,,,,,9.73049001814882,,49,,,0,9.73049001814882,760,20,50,49
msg_1411,node49,node39,421,1482349,,,,,,9.73049001814882,,49,,,0,9.73049001814882,760,20,50,49
msg_1412,node49,node40,421,1482349,1482365.0,16.0,,,,9.492822966507177,,49,,14.321428571428571,0,9.492822966507177,585,25,50,49
msg_1413,node49,node41,421,1482349,1482366.0,17.0,,,,9.500597371565114,,49,,14.714285714285714,0,9.500597371565114,584,24,50,49
msg_1414,node49,node42,421,1482349,,,,,,9.73049001814882,,49,,,0,9.73049001814882,760,20,50,49
msg_1415,node49,node43,421,1482349,,,,,,9.73049001814882,,49,,,0,9.73049001814882,760,20,50,49
msg_1416,node49,node44,421,1482349,1482366.0,17.0,,,,9.509546539379475,,49,,15.25,0,9.509546539379475,583,23,50,49
msg_1417,node49,node45,421,1482349,1482366.0,17.0,,,,9.518474374255065,,49,,15.428571428571429,0,9.518474374255065,582,22,50,49
msg_1418,node49,node46,421,1482349,1482367.0,18.0,,,,9.527380952380952,,49,,15.857142857142858,0,9.527380952380952,581,21,50,49
msg_1419,node49,node47,421,1482349,,,,,,9.73049001814882,,49,,,0,9.73049001814882,760,20,50,49
msg_1420,node49,node48,421,1482349,,,,,,9.73049001814882,,49,,,0,9.73049001814882,760,20,50,49
msg_1421,node49,node0,420,1523436,1523439.0,3.0,,,,9.537455410225922,,49,,2.3793103448275863,0,9.537455410225922,629,49,50,49
msg_1422,node49,node1,420,1523436,1523440.0,4.0,,,,9.529691211401426,,49,,3.3448275862068964,0,9.529691211401426,628,48,50,49
msg_1423,node49,node2,420,1523436,1523440.0,4.0,,,,9.523131672597865,,49,,3.4482758620689653,0,9.523131672597865,627,47,50,49
msg_1424,node49,node3,420,1523436,1523442.0,6.0,,,,9.505910165484634,,49,,4.793103448275862,0,9.505910165484634,624,44,50,49
msg_1425,node49,node4,420,1523436,,,,,,9.73049001814882,,49,,,0,9.73049001814882,760,20,50,49
msg_1426,node49,node5,420,1523436,,,,,,9.73049001814882,,49,,,0,9.73049001814882,760,20,50,49
msg_1427,node49,node6,420,1523436,1523443.0,7.0,,,,9.501770956316411,,49,,5.137931034482759,0,9.501770956316411,623,43,50,49
msg_1428,node49,node7,420,1523436,1523443.0,7.0,,,,9.49882075471698,,49,,5.482758620689655,0,9.49882075471698,622,42,50,49
msg_1429,node49,node8,420,1523436,1523443.0,7.0,,,,9.49587750294464,,49,,6.172413793103448,0,9.49587750294464,621,41,50,49
msg_1430,node49,node9,420,1523436,1523444.0,8.0,,,,9.492941176470588,,49,,6.9655172413793105,0,9.492941176470588,620,40,50,49
msg_1431,node49,node10,421,1523436,1523441.0,5.0,,,,9.516587677725118,,49,,4.586206896551724,0,9.516587677725118,626,46,50,49
msg_1432,node49,node11,421,1523436,,,,,,9.73049001814882,,49,,,0,9.73049001814882,760,20,50,49
msg_1433,node49,node12,421,1523436,,,,,,9.73049001814882,,49,,,0,9.73049001814882,760,20,50,49
msg_1434,node49,node13,421,1523436,1523444.0,8.0,,,,9.491186839012926,,49,,7.862068965517241,0,9.491186839012926,619,39,50,49
msg_1435,node49,node14,421,1523436,1523441.0,5.0,,,,9.511242603550295,,49,,6.310344827586207,0,9.511242603550295,625,45,50,49
msg_1436,node49,node15,421,1523436,1523447.0,11.0,,,,9.488888888888889,,49,,8.517241379310345,0,9.488888888888889,615,35,50,49
msg_1437,node49,node16,421,1523436,,,,,,9.73049001814882,,49,,,0,9.73049001814882,760,20,50,49
msg_1438,node49,node17,421,1523436,1523447.0,11.0,,,,9.490654205607477,,49,,9.241379310344827,0,9.490654205607477,614,34,50,49
msg_1439,node49,node18,421,1523436,,,,,,9.73049001814882,,49,,,0,9.73049001814882,760,20,50,49
msg_1440,node49,node19,421,1523436,,,,,,9.73049001814882,,49,,,0,9.73049001814882,760,20,50,49
msg_1441,node49,node20,421,1523436,1523448.0,12.0,,,,9.492415402567094,,49,,10.068965517241379,0,9.492415402567094,613,33,50,49
msg_1442,node49,node21,421,1523436,1523445.0,9.0,,,,9.48943661971831,,49,,7.827586206896552,0,9.48943661971831,618,38,50,49
msg_1443,node49,node22,421,1523436,,,,,,9.73049001814882,,49,,,0,9.73049001814882,760,20,50,49
msg_1444,node49,node23,421,1523436,,,,,,9.73049001814882,,49,,,0,9.73049001814882,760,20,50,49
msg_1445,node49,node24,421,1523436,1523448.0,12.0,,,,9.495337995337996,,49,,11.0,0,9.495337995337996,612,32,50,49
msg_1446,node49,node25,421,1523436,1523448.0,12.0,,,,9.498253783469151,,49,,11.620689655172415,0,9.498253783469151,611,31,50,49
msg_1447,node49,node26,421,1523436,,,,,,9.73049001814882,,49,,,0,9.73049001814882,760,20,50,49
msg_1448,node49,node27,421,1523436,1523449.0,13.0,,,,9.501162790697675,,49,,11.89655172413793,0,9.501162790697675,610,30,50,49
msg_1449,node49,node28,421,1523436,,,,,,9.73049001814882,,49,,,0,9.73049001814882,760,20,50,49
msg_1450,node49,node29,421,1523436,,,,,,9.73049001814882,,49,,,0,9.73049001814882,760,20,50,49
msg_1451,node49,node30,421,1523436,,,,,,9.73049001814882,,49,,,0,9.73049001814882,760,20,50,49
msg_1452,node49,node31,421,1523436,1523445.0,9.0,,,,9.48886283704572,,49,,10.03448275862069,0,9.48886283704572,617,37,50,49
msg_1453,node49,node32,421,1523436,1523446.0,10.0,,,,9.488290398126464,,49,,10.517241379310345,0,9.488290398126464,616,36,50,49
msg_1454,node49,node33,421,1523436,1523449.0,13.0,,,,9.505226480836237,,49,,12.724137931034482,0,9.505226480836237,609,29,50,49
msg_1455,node49,node34,421,1523436,,,,,,9.73049001814882,,49,,,0,9.73049001814882,760,20,50,49
msg_1456,node49,node35,421,1523436,1523450.0,14.0,,,,9.509280742459397,,49,,13.206896551724139,0,9.509280742459397,608,28,50,49
msg_1457,node49,node36,421,1523436,1523450.0,14.0,,,,9.514484356894554,,49,,13.448275862068966,0,9.514484356894554,607,27,50,49
msg_1458,node49,node37,421,1523436,1523450.0,14.0,,,,9.519675925925926,,49,,14.10344827586207,0,9.519675925925926,606,26,50,49
msg_1459,node49,node38,421,1523436,,,,,,9.73049001814882,,49,,,0,9.73049001814882,760,20,50,49
msg_1460,node49,node39,421,1523436,,,,,,9.73049001814882,,49,,,0,9.73049001814882,760,20,50,49
msg_1461,node49,node40,421,1523436,1523451.0,15.0,,,,9.524855491329479,,49,,14.379310344827585,0,9.524855491329479,605,25,50,49
msg_1462,node49,node41,421,1523436,1523451.0,15.0,,,,9.531177829099308,,49,,14.793103448275861,0,9.531177829099308,604,24,50,49
msg_1463,node49,node42,421,1523436,,,,,,9.73049001814882,,49,,,0,9.73049001814882,760,20,50,49
msg_1464,node49,node43,421,1523436,,,,,,9.73049001814882,,49,,,0,9.73049001814882,760,20,50,49
msg_1465,node49,node44,421,1523436,1523451.0,15.0,,,,9.537485582468282,,49,,15.310344827586206,0,9.537485582468282,603,23,50,49
msg_1466,node49,node45,421,1523436,1523452.0,16.0,,,,9.543778801843319,,49,,15.482758620689655,0,9.543778801843319,602,22,50,49
msg_1467,node49,node46,421,1523436,1523452.0,16.0,,,,9.551208285385501,,49,,15.931034482758621,0,9.551208285385501,601,21,50,49
msg_1468,node49,node47,421,1523436,,,,,,9.73049001814882,,49,,,0,9.73049001814882,760,20,50,49
msg_1469,node49,node48,421,1523436,,,,,,9.73049001814882,,49,,,0,9.73049001814882,760,20,50,49
msg_1470,node49,node0,420,1539360,1539362.0,2.0,,,,9.558620689655172,,49,,2.4,0,9.558620689655172,649,49,50,49
msg_1471,node49,node1,420,1539360,1539363.0,3.0,,,,9.549942594718715,,49,,3.3666666666666667,0,9.549942594718715,648,48,50,49
msg_1472,node49,node2,420,1539360,1539363.0,3.0,,,,9.542431192660551,,49,,3.466666666666667,0,9.542431192660551,647,47,50,49
msg_1473,node49,node3,420,1539360,1539365.0,5.0,,,,9.534936998854525,,49,,4.833333333333333,0,9.534936998854525,646,46,50,49
msg_1474,node49,node4,420,1539360,,,,,,9.73049001814882,,49,,,0,9.73049001814882,760,20,50,49
msg_1475,node49,node5,420,1539360,,,,,,9.73049001814882,,49,,,0,9.73049001814882,760,20,50,49
msg_1476,node49,node6,420,1539360,1539365.0,5.0,,,,9.52974828375286,,49,,5.2,0,9.52974828375286,645,45,50,49
msg_1477,node49,node7,420,1539360,1539365.0,5.0,,,,9.524571428571429,,49,,5.533333333333333,0,9.524571428571429,644,44,50,49
msg_1478,node49,node8,420,1539360,1539366.0,6.0,,,,9.515393386545039,,49,,6.2,0,9.515393386545039,642,42,50,49
msg_1479,node49,node9,420,1539360,1539367.0,7.0,,,,9.507394766780433,,49,,7.0,0,9.507394766780433,640,40,50,49
msg_1480,node49,node10,421,1539360,1539366.0,6.0,,,,9.519406392694064,,49,,4.6,0,9.519406392694064,643,43,50,49
msg_1481,node49,node11,421,1539360,,,,,,9.73049001814882,,49,,,0,9.73049001814882,760,20,50,49
msg_1482,node49,node12,421,1539360,,,,,,9.73049001814882,,49,,,0,9.73049001814882,760,20,50,49
msg_1483,node49,node13,421,1539360,1539368.0,8.0,,,,9.504545454545454,,49,,7.866666666666666,0,9.504545454545454,639,39,50,49
msg_1484,node49,node14,421,1539360,1539366.0,6.0,,,,9.51138952164009,,49,,6.266666666666667,0,9.51138952164009,641,41,50,49
msg_1485,node49,node15,421,1539360,1539368.0,8.0,,,,9.502837684449489,,49,,8.6,0,9.502837684449489,638,38,50,49
msg_1486,node49,node16,421,1539360,,,,,,9.73049001814882,,49,,,0,9.73049001814882,760,20,50,49
msg_1487,node49,node17,421,1539360,1539368.0,8.0,,,,9.501133786848072,,49,,9.3,0,9.501133786848072,637,37,50,49
msg_1488,node49,node18,421,1539360,,,,,,9.73049001814882,,49,,,0,9.73049001814882,760,20,50,49
msg_1489,node49,node19,421,1539360,,,,,,9.73049001814882,,49,,,0,9.73049001814882,760,20,50,49
msg_1490,node49,node20,421,1539360,1539369.0,9.0,,,,9.499433748584371,,49,,10.133333333333333,0,9.499433748584371,636,36,50,49
msg_1491,node49,node21,421,1539360,1539369.0,9.0,,,,9.498868778280542,,49,,7.866666666666666,0,9.498868778280542,635,35,50,49
msg_1492,node49,node22,421,1539360,,,,,,9.73049001814882,,49,,,0,9.73049001814882,760,20,50,49
msg_1493,node49,node23,421,1539360,,,,,,9.73049001814882,,49,,,0,9.73049001814882,760,20,50,49
msg_1494,node49,node24,421,1539360,1539371.0,11.0,,,,9.498308906426155,,49,,11.033333333333333,0,9.498308906426155,632,32,50,49
msg_1495,node49,node25,421,1539360,1539372.0,12.0,,,,9.5,,49,,11.633333333333333,0,9.5,631,31,50,49
msg_1496,node49,node26,421,1539360,,,,,,9.73049001814882,,49,,,0,9.73049001814882,760,20,50,49
msg_1497,node49,node27,421,1539360,1539372.0,12.0,,,,9.50281214848144,,49,,11.933333333333334,0,9.50281214848144,630,30,50,49
msg_1498,node49,node28,421,1539360,,,,,,9.73049001814882,,49,,,0,9.73049001814882,760,20,50,49
msg_1499,node49,node29,421,1539360,,,,,,9.73049001814882,,49,,,0,9.73049001814882,760,20,50,49
msg_1500,node49,node30,421,1539360,,,,,,9.73049001814882,,49,,,0,9.73049001814882,760,20,50,49
msg_1501,node49,node31,421,1539360,1539369.0,9.0,,,,9.498305084745763,,49,,10.0,0,9.498305084745763,634,34,50,49
msg_1502,node49,node32,421,1539360,1539370.0,10.0,,,,9.497742663656885,,49,,10.5,0,9.497742663656885,633,33,50,49
msg_1503,node49,node33,421,1539360,1539373.0,13.0,,,,9.50561797752809,,49,,12.733333333333333,0,9.50561797752809,629,29,50,49
msg_1504,node49,node34,421,1539360,,,,,,9.73049001814882,,49,,,0,9.73049001814882,760,20,50,49
msg_1505,node49,node35,421,1539360,1539373.0,13.0,,,,9.509539842873176,,49,,13.233333333333333,0,9.509539842873176,628,28,50,49
msg_1506,node49,node36,421,1539360,1539373.0,13.0,,,,9.513452914798206,,49,,13.466666666666667,0,9.513452914798206,627,27,50,49
msg_1507,node49,node37,421,1539360,1539374.0,14.0,,,,9.517357222844344,,49,,14.1,0,9.517357222844344,626,26,50,49
msg_1508,node49,node38,421,1539360,,,,,,9.73049001814882,,49,,,0,9.73049001814882,760,20,50,49
msg_1509,node49,node39,421,1539360,,,,,,9.73049001814882,,49,,,0,9.73049001814882,760,20,50,49
msg_1510,node49,node40,421,1539360,1539374.0,14.0,,,,9.522371364653244,,49,,14.4,0,9.522371364653244,625,25,50,49
msg_1511,node49,node41,421,1539360,1539374.0,14.0,,,,9.527374301675978,,49,,14.8,0,9.527374301675978,624,24,50,49
msg_1512,node49,node42,421,1539360,,,,,,9.73049001814882,,49,,,0,9.73049001814882,760,20,50,49
msg_1513,node49,node43,421,1539360,,,,,,9.73049001814882,,49,,,0,9.73049001814882,760,20,50,49
msg_1514,node49,node44,421,1539360,1539375.0,15.0,,,,9.532366071428571,,49,,15.3,0,9.532366071428571,623,23,50,49
msg_1515,node49,node45,421,1539360,1539375.0,15.0,,,,9.538461538461538,,49,,15.5,0,9.538461538461538,622,22,50,49
msg_1516,node49,node46,421,1539360,1539376.0,16.0,,,,9.544543429844097,,49,,15.933333333333334,0,9.544543429844097,621,21,50,49
msg_1517,node49,node47,421,1539360,,,,,,9.73049001814882,,49,,,0,9.73049001814882,760,20,50,49
msg_1518,node49,node48,421,1539360,,,,,,9.73049001814882,,49,,,0,9.73049001814882,760,20,50,49
msg_1519,node49,node0,420,1555108,1555112.0,4.0,,,,9.551724137931034,,49,,2.3870967741935485,0,9.551724137931034,669,49,50,49
msg_1520,node49,node1,420,1555108,1555113.0,5.0,,,,9.545555555555556,,49,,3.3548387096774195,0,9.545555555555556,668,48,50,49
msg_1521,node49,node2,420,1555108,1555114.0,6.0,,,,9.540510543840178,,49,,3.4516129032258065,0,9.540510543840178,667,47,50,49
msg_1522,node49,node3,420,1555108,1555115.0,7.0,,,,9.536585365853659,,49,,4.838709677419355,0,9.536585365853659,666,46,50,49
msg_1523,node49,node4,420,1555108,,,,,,9.73049001814882,,49,,,0,9.73049001814882,760,20,50,49
msg_1524,node49,node5,420,1555108,,,,,,9.73049001814882,,49,,,0,9.73049001814882,760,20,50,49
msg_1525,node49,node6,420,1555108,1555115.0,7.0,,,,9.530973451327434,,49,,5.193548387096774,0,9.530973451327434,664,44,50,49
msg_1526,node49,node7,420,1555108,1555116.0,8.0,,,,9.52817679558011,,49,,5.516129032258065,0,9.52817679558011,663,43,50,49
msg_1527,node49,node8,420,1555108,1555116.0,8.0,,,,9.524807056229328,,49,,6.193548387096774,0,9.524807056229328,661,41,50,49
msg_1528,node49,node9,420,1555108,1555117.0,9.0,,,,9.523127753303966,,49,,7.0,0,9.523127753303966,660,40,50,49
msg_1529,node49,node10,421,1555108,1555115.0,7.0,,,,9.533776301218161,,49,,4.645161290322581,0,9.533776301218161,665,45,50,49
msg_1530,node49,node11,421,1555108,,,,,,9.73049001814882,,49,,,0,9.73049001814882,760,20,50,49
msg_1531,node49,node12,421,1555108,,,,,,9.73049001814882,,49,,,0,9.73049001814882,760,20,50,49
msg_1532,node49,node13,421,1555108,1555117.0,9.0,,,,9.522552255225522,,49,,7.870967741935484,0,9.522552255225522,659,39,50,49
msg_1533,node49,node14,421,1555108,1555116.0,8.0,,,,9.526490066225165,,49,,6.258064516129032,0,9.526490066225165,662,42,50,49
msg_1534,node49,node15,421,1555108,1555118.0,10.0,,,,9.521978021978022,,49,,8.580645161290322,0,9.521978021978022,658,38,50,49
msg_1535,node49,node16,421,1555108,,,,,,9.73049001814882,,49,,,0,9.73049001814882,760,20,50,49
msg_1536,node49,node17,421,1555108,1555121.0,13.0,,,,9.527352297592998,,49,,9.258064516129032,0,9.527352297592998,654,34,50,49
msg_1537,node49,node18,421,1555108,,,,,,9.73049001814882,,49,,,0,9.73049001814882,760,20,50,49
msg_1538,node49,node19,421,1555108,,,,,,9.73049001814882,,49,,,0,9.73049001814882,760,20,50,49
msg_1539,node49,node20,421,1555108,1555121.0,13.0,,,,9.531147540983607,,49,,10.096774193548388,0,9.531147540983607,653,33,50,49
msg_1540,node49,node21,421,1555108,1555119.0,11.0,,,,9.522502744237102,,49,,7.903225806451613,0,9.522502744237102,657,37,50,49
msg_1541,node49,node22,421,1555108,,,,,,9.73049001814882,,49,,,0,9.73049001814882,760,20,50,49
msg_1542,node49,node23,421,1555108,,,,,,9.73049001814882,,49,,,0,9.73049001814882,760,20,50,49
msg_1543,node49,node24,421,1555108,1555121.0,13.0,,,,9.534934497816593,,49,,11.03225806451613,0,9.534934497816593,652,32,50,49
msg_1544,node49,node25,421,1555108,1555122.0,14.0,,,,9.538713195201744,,49,,11.64516129032258,0,9.538713195201744,651,31,50,49
msg_1545,node49,node26,421,1555108,,,,,,9.73049001814882,,49,,,0,9.73049001814882,760,20,50,49
msg_1546,node49,node27,421,1555108,1555122.0,14.0,,,,9.543572984749455,,49,,11.935483870967742,0,9.543572984749455,650,30,50,49
msg_1547,node49,node28,421,1555108,,,,,,9.73049001814882,,49,,,0,9.73049001814882,760,20,50,49
msg_1548,node49,node29,421,1555108,,,,,,9.73049001814882,,49,,,0,9.73049001814882,760,20,50,49
msg_1549,node49,node30,421,1555108,,,,,,9.73049001814882,,49,,,0,9.73049001814882,760,20,50,49
msg_1550,node49,node31,421,1555108,1555119.0,11.0,,,,9.524122807017545,,49,,9.96774193548387,0,9.524122807017545,656,36,50,49
msg_1551,node49,node32,421,1555108,1555119.0,11.0,,,,9.525739320920044,,49,,10.483870967741936,0,9.525739320920044,655,35,50,49
msg_1552,node49,node33,421,1555108,1555122.0,14.0,,,,9.548422198041349,,49,,12.741935483870968,0,9.548422198041349,649,29,50,49
msg_1553,node49,node34,421,1555108,,,,,,9.73049001814882,,49,,,0,9.73049001814882,760,20,50,49
msg_1554,node49,node35,421,1555108,1555123.0,15.0,,,,9.553260869565218,,49,,13.225806451612904,0,9.553260869565218,648,28,50,49
msg_1555,node49,node36,421,1555108,1555123.0,15.0,,,,9.559174809989143,,49,,13.451612903225806,0,9.559174809989143,647,27,50,49
msg_1556,node49,node37,421,1555108,1555124.0,16.0,,,,9.565075921908894,,49,,14.096774193548388,0,9.565075921908894,646,26,50,49
msg_1557,node49,node38,421,1555108,,,,,,9.73049001814882,,49,,,0,9.73049001814882,760,20,50,49
msg_1558,node49,node39,421,1555108,,,,,,9.73049001814882,,49,,,0,9.73049001814882,760,20,50,49
msg_1559,node49,node40,421,1555108,1555124.0,16.0,,,,9.57204767063922,,49,,14.387096774193548,0,9.57204767063922,645,25,50,49
msg_1560,node49,node41,421,1555108,1555124.0,16.0,,,,9.579004329004329,,49,,14.774193548387096,0,9.579004329004329,644,24,50,49
msg_1561,node49,node42,421,1555108,,,,,,9.73049001814882,,49,,,0,9.73049001814882,760,20,50,49
msg_1562,node49,node43,421,1555108,,,,,,9.73049001814882,,49,,,0,9.73049001814882,760,20,50,49
msg_1563,node49,node44,421,1555108,1555125.0,17.0,,,,9.585945945945946,,49,,15.290322580645162,0,9.585945945945946,643,23,50,49
msg_1564,node49,node45,421,1555108,1555125.0,17.0,,,,9.593952483801296,,49,,15.483870967741936,0,9.593952483801296,642,22,50,49
msg_1565,node49,node46,421,1555108,1555125.0,17.0,,,,9.601941747572816,,49,,15.935483870967742,0,9.601941747572816,641,21,50,49
msg_1566,node49,node47,421,1555108,,,,,,9.73049001814882,,49,,,0,9.73049001814882,760,20,50,49
msg_1567,node49,node48,421,1555108,,,,,,9.73049001814882,,49,,,0,9.73049001814882,760,20,50,49
msg_1568,node49,node0,420,1569922,1569925.0,3.0,,,,9.609913793103448,,49,,2.4375,0,9.609913793103448,689,49,50,49
msg_1569,node49,node1,420,1569922,1569927.0,5.0,,,,9.602798708288482,,49,,3.40625,0,9.602798708288482,688,48,50,49
msg_1570,node49,node2,420,1569922,1569927.0,5.0,,,,9.597849462365591,,49,,3.53125,0,9.597849462365591,687,47,50,49
msg_1571,node49,node3,420,1569922,1569927.0,5.0,,,,9.592910848549947,,49,,4.90625,0,9.592910848549947,686,46,50,49
msg_1572,node49,node4,420,1569922,,,,,,9.73049001814882,,49,,,0,9.73049001814882,760,20,50,49
msg_1573,node49,node5,420,1569922,,,,,,9.73049001814882,,49,,,0,9.73049001814882,760,20,50,49
msg_1574,node49,node6,420,1569922,1569929.0,7.0,,,,9.587982832618026,,49,,5.25,0,9.587982832618026,685,45,50,49
msg_1575,node49,node7,420,1569922,1569929.0,7.0,,,,9.585209003215434,,49,,5.59375,0,9.585209003215434,684,44,50,49
msg_1576,node49,node8,420,1569922,1569930.0,8.0,,,,9.582441113490365,,49,,6.25,0,9.582441113490365,683,43,50,49
msg_1577,node49,node9,420,1569922,1569930.0,8.0,,,,9.57905982905983,,49,,7.0625,0,9.57905982905983,681,41,50,49
msg_1578,node49,node10,421,1569922,1569930.0,8.0,,,,9.580748663101604,,49,,4.71875,0,9.580748663101604,682,42,50,49
msg_1579,node49,node11,421,1569922,,,,,,9.73049001814882,,49,,,0,9.73049001814882,760,20,50,49
msg_1580,node49,node12,421,1569922,,,,,,9.73049001814882,,49,,,0,9.73049001814882,760,20,50,49
msg_1581,node49,node13,421,1569922,1569931.0,9.0,,,,9.575692963752665,,49,,7.90625,0,9.575692963752665,679,39,50,49
msg_1582,node49,node14,421,1569922,1569930.0,8.0,,,,9.577374599786554,,49,,6.3125,0,9.577374599786554,680,40,50,49
msg_1583,node49,node15,421,1569922,1569932.0,10.0,,,,9.575079872204473,,49,,8.625,0,9.575079872204473,678,38,50,49
msg_1584,node49,node16,421,1569922,,,,,,9.73049001814882,,49,,,0,9.73049001814882,760,20,50,49
msg_1585,node49,node17,421,1569922,1569932.0,10.0,,,,9.575982996811902,,49,,9.375,0,9.575982996811902,676,36,50,49
msg_1586,node49,node18,421,1569922,,,,,,9.73049001814882,,49,,,0,9.73049001814882,760,20,50,49
msg_1587,node49,node19,421,1569922,,,,,,9.73049001814882,,49,,,0,9.73049001814882,760,20,50,49
msg_1588,node49,node20,421,1569922,1569934.0,12.0,,,,9.57643312101911,,49,,10.1875,0,9.57643312101911,675,35,50,49
msg_1589,node49,node21,421,1569922,1569932.0,10.0,,,,9.575531914893617,,49,,8.0,0,9.575531914893617,677,37,50,49
msg_1590,node49,node22,421,1569922,,,,,,9.73049001814882,,49,,,0,9.73049001814882,760,20,50,49
msg_1591,node49,node23,421,1569922,,,,,,9.73049001814882,,49,,,0,9.73049001814882,760,20,50,49
msg_1592,node49,node24,421,1569922,1569934.0,12.0,,,,9.57900318133616,,49,,11.09375,0,9.57900318133616,674,34,50,49
msg_1593,node49,node25,421,1569922,1569936.0,14.0,,,,9.587737843551798,,49,,11.71875,0,9.587737843551798,671,31,50,49
msg_1594,node49,node26,421,1569922,,,,,,9.73049001814882,,49,,,0,9.73049001814882,760,20,50,49
msg_1595,node49,node27,421,1569922,1569936.0,14.0,,,,9.592397043294614,,49,,12.0,0,9.592397043294614,670,30,50,49
msg_1596,node49,node28,421,1569922,,,,,,9.73049001814882,,49,,,0,9.73049001814882,760,20,50,49
msg_1597,node49,node29,421,1569922,,,,,,9.73049001814882,,49,,,0,9.73049001814882,760,20,50,49
msg_1598,node49,node30,421,1569922,,,,,,9.73049001814882,,49,,,0,9.73049001814882,760,20,50,49
msg_1599,node49,node31,421,1569922,1569934.0,12.0,,,,9.58156779661017,,49,,10.0,0,9.58156779661017,673,33,50,49
msg_1600,node49,node32,421,1569922,1569935.0,13.0,,,,9.584126984126984,,49,,10.5,0,9.584126984126984,672,32,50,49
msg_1601,node49,node33,421,1569922,1569937.0,15.0,,,,9.59704641350211,,49,,12.78125,0,9.59704641350211,669,29,50,49
msg_1602,node49,node34,421,1569922,,,,,,9.73049001814882,,49,,,0,9.73049001814882,760,20,50,49
msg_1603,node49,node35,421,1569922,1569938.0,16.0,,,,9.602739726027398,,49,,13.28125,0,9.602739726027398,668,28,50,49
msg_1604,node49,node36,421,1569922,1569938.0,16.0,,,,9.609473684210526,,49,,13.5,0,9.609473684210526,667,27,50,49
msg_1605,node49,node37,421,1569922,1569939.0,17.0,,,,9.616193480546793,,49,,14.15625,0,9.616193480546793,666,26,50,49
msg_1606,node49,node38,421,1569922,,,,,,9.73049001814882,,49,,,0,9.73049001814882,760,20,50,49
msg_1607,node49,node39,421,1569922,,,,,,9.73049001814882,,49,,,0,9.73049001814882,760,20,50,49
msg_1608,node49,node40,421,1569922,1569939.0,17.0,,,,9.623949579831933,,49,,14.4375,0,9.623949579831933,665,25,50,49
msg_1609,node49,node41,421,1569922,1569940.0,18.0,,,,9.631689401888773,,49,,14.8125,0,9.631689401888773,664,24,50,49
msg_1610,node49,node42,421,1569922,,,,,,9.73049001814882,,49,,,0,9.73049001814882,760,20,50,49
msg_1611,node49,node43,421,1569922,,,,,,9.73049001814882,,49,,,0,9.73049001814882,760,20,50,49
msg_1612,node49,node44,421,1569922,1569940.0,18.0,,,,9.640461215932914,,49,,15.34375,0,9.640461215932914,663,23,50,49
msg_1613,node49,node45,421,1569922,1569940.0,18.0,,,,9.649214659685864,,49,,15.53125,0,9.649214659685864,662,22,50,49
msg_1614,node49,node46,421,1569922,1569941.0,19.0,,,,9.657949790794978,,49,,15.96875,0,9.657949790794978,661,21,50,49
msg_1615,node49,node47,421,1569922,,,,,,9.73049001814882,,49,,,0,9.73049001814882,760,20,50,49
msg_1616,node49,node48,421,1569922,,,,,,9.73049001814882,,49,,,0,9.73049001814882,760,20,50,49
msg_1617,node49,node0,420,1606849,1606852.0,3.0,,,,9.66771159874608,,49,,2.4545454545454546,0,9.66771159874608,709,49,50,49
msg_1618,node49,node1,420,1606849,1606853.0,4.0,,,,9.660751565762004,,49,,3.4545454545454546,0,9.660751565762004,708,48,50,49
msg_1619,node49,node2,420,1606849,1606853.0,4.0,,,,9.654848800834202,,49,,3.5757575757575757,0,9.654848800834202,707,47,50,49
msg_1620,node49,node3,420,1606849,1606853.0,4.0,,,,9.648958333333333,,49,,4.909090909090909,0,9.648958333333333,706,46,50,49
msg_1621,node49,node4,420,1606849,,,,,,9.73049001814882,,49,,,0,9.73049001814882,760,20,50,49
msg_1622,node49,node5,420,1606849,,,,,,9.73049001814882,,49,,,0,9.73049001814882,760,20,50,49
msg_1623,node49,node6,420,1606849,1606854.0,5.0,,,,9.643080124869927,,49,,5.303030303030303,0,9.643080124869927,705,45,50,49
msg_1624,node49,node7,420,1606849,1606854.0,5.0,,,,9.638253638253639,,49,,5.636363636363637,0,9.638253638253639,704,44,50,49
msg_1625,node49,node8,420,1606849,1606857.0,8.0,,,,9.623188405797102,,49,,6.303030303030303,0,9.623188405797102,700,40,50,49
msg_1626,node49,node9,420,1606849,1606857.0,8.0,,,,9.621509824198553,,49,,7.090909090909091,0,9.621509824198553,699,39,50,49
msg_1627,node49,node10,421,1606849,1606855.0,6.0,,,,9.63343717549325,,49,,4.818181818181818,0,9.63343717549325,703,43,50,49
msg_1628,node49,node11,421,1606849,,,,,,9.73049001814882,,49,,,0,9.73049001814882,760,20,50,49
msg_1629,node49,node12,421,1606849,,,,,,9.73049001814882,,49,,,0,9.73049001814882,760,20,50,49
msg_1630,node49,node13,421,1606849,1606858.0,9.0,,,,9.619834710743802,,49,,7.9393939393939394,0,9.619834710743802,698,38,50,49
msg_1631,node49,node14,421,1606849,1606855.0,6.0,,,,9.629668049792532,,49,,6.363636363636363,0,9.629668049792532,702,42,50,49
msg_1632,node49,node15,421,1606849,1606858.0,9.0,,,,9.619195046439629,,49,,8.666666666666666,0,9.619195046439629,697,37,50,49
msg_1633,node49,node16,421,1606849,,,,,,9.73049001814882,,49,,,0,9.73049001814882,760,20,50,49
msg_1634,node49,node17,421,1606849,1606858.0,9.0,,,,9.618556701030927,,49,,9.393939393939394,0,9.618556701030927,696,36,50,49
msg_1635,node49,node18,421,1606849,,,,,,9.73049001814882,,49,,,0,9.73049001814882,760,20,50,49
msg_1636,node49,node19,421,1606849,,,,,,9.73049001814882,,49,,,0,9.73049001814882,760,20,50,49
msg_1637,node49,node20,421,1606849,1606859.0,10.0,,,,9.617919670442843,,49,,10.242424242424242,0,9.617919670442843,695,35,50,49
msg_1638,node49,node21,421,1606849,1606856.0,7.0,,,,9.625906735751295,,49,,8.06060606060606,0,9.625906735751295,701,41,50,49
msg_1639,node49,node22,421,1606849,,,,,,9.73049001814882,,49,,,0,9.73049001814882,760,20,50,49
msg_1640,node49,node23,421,1606849,,,,,,9.73049001814882,,49,,,0,9.73049001814882,760,20,50,49
msg_1641,node49,node24,421,1606849,1606860.0,11.0,,,,9.618312757201647,,49,,11.121212121212121,0,9.618312757201647,694,34,50,49
msg_1642,node49,node25,421,1606849,1606860.0,11.0,,,,9.621149897330595,,49,,11.787878787878787,0,9.621149897330595,692,32,50,49
msg_1643,node49,node26,421,1606849,,,,,,9.73049001814882,,49,,,0,9.73049001814882,760,20,50,49
msg_1644,node49,node27,421,1606849,1606860.0,11.0,,,,9.623975409836065,,49,,12.06060606060606,0,9.623975409836065,690,30,50,49
msg_1645,node49,node28,421,1606849,,,,,,9.73049001814882,,49,,,0,9.73049001814882,760,20,50,49
msg_1646,node49,node29,421,1606849,,,,,,9.73049001814882,,49,,,0,9.73049001814882,760,20,50,49
msg_1647,node49,node30,421,1606849,,,,,,9.73049001814882,,49,,,0,9.73049001814882,760,20,50,49
msg_1648,node49,node31,421,1606849,1606860.0,11.0,,,,9.61973278520041,,49,,10.06060606060606,0,9.61973278520041,693,33,50,49
msg_1649,node49,node32,421,1606849,1606860.0,11.0,,,,9.622564102564102,,49,,10.575757575757576,0,9.622564102564102,691,31,50,49
msg_1650,node49,node33,421,1606849,1606861.0,12.0,,,,9.625383828045036,,49,,12.848484848484848,0,9.625383828045036,689,29,50,49
msg_1651,node49,node34,421,1606849,,,,,,9.73049001814882,,49,,,0,9.73049001814882,760,20,50,49
msg_1652,node49,node35,421,1606849,1606862.0,13.0,,,,9.627811860940696,,49,,13.363636363636363,0,9.627811860940696,688,28,50,49
msg_1653,node49,node36,421,1606849,1606862.0,13.0,,,,9.631256384065372,,49,,13.575757575757576,0,9.631256384065372,687,27,50,49
msg_1654,node49,node37,421,1606849,1606863.0,14.0,,,,9.63469387755102,,49,,14.242424242424242,0,9.63469387755102,686,26,50,49
msg_1655,node49,node38,421,1606849,,,,,,9.73049001814882,,49,,,0,9.73049001814882,760,20,50,49
msg_1656,node49,node39,421,1606849,,,,,,9.73049001814882,,49,,,0,9.73049001814882,760,20,50,49
msg_1657,node49,node40,421,1606849,1606863.0,14.0,,,,9.63914373088685,,49,,14.515151515151516,0,9.63914373088685,685,25,50,49
msg_1658,node49,node41,421,1606849,1606863.0,14.0,,,,9.643584521384929,,49,,14.909090909090908,0,9.643584521384929,684,24,50,49
msg_1659,node49,node42,421,1606849,,,,,,9.73049001814882,,49,,,0,9.73049001814882,760,20,50,49
msg_1660,node49,node43,421,1606849,,,,,,9.73049001814882,,49,,,0,9.73049001814882,760,20,50,49
msg_1661,node49,node44,421,1606849,1606864.0,15.0,,,,9.648016276703968,,49,,15.424242424242424,0,9.648016276703968,683,23,50,49
msg_1662,node49,node45,421,1606849,1606864.0,15.0,,,,9.653455284552846,,49,,15.606060606060606,0,9.653455284552846,682,22,50,49
msg_1663,node49,node46,421,1606849,1606864.0,15.0,,,,9.658883248730964,,49,,16.060606060606062,0,9.658883248730964,681,21,50,49
msg_1664,node49,node47,421,1606849,,,,,,9.73049001814882,,49,,,0,9.73049001814882,760,20,50,49
msg_1665,node49,node48,421,1606849,,,,,,9.73049001814882,,49,,,0,9.73049001814882,760,20,50,49
msg_1666,node49,node0,420,1627380,1627382.0,2.0,,,,9.664300202839756,,49,,2.4705882352941178,0,9.664300202839756,729,49,50,49
msg_1667,node49,node1,420,1627380,1627383.0,3.0,,,,9.656534954407295,,49,,3.4705882352941178,0,9.656534954407295,728,48,50,49
msg_1668,node49,node2,420,1627380,1627383.0,3.0,,,,9.649797570850202,,49,,3.588235294117647,0,9.649797570850202,727,47,50,49
msg_1669,node49,node3,420,1627380,1627385.0,5.0,,,,9.643073811931243,,49,,4.882352941176471,0,9.643073811931243,726,46,50,49
msg_1670,node49,node4,420,1627380,,,,,,9.73049001814882,,49,,,0,9.73049001814882,760,20,50,49
msg_1671,node49,node5,420,1627380,,,,,,9.73049001814882,,49,,,0,9.73049001814882,760,20,50,49
msg_1672,node49,node6,420,1627380,1627385.0,5.0,,,,9.638383838383838,,49,,5.294117647058823,0,9.638383838383838,725,45,50,49
msg_1673,node49,node7,420,1627380,1627385.0,5.0,,,,9.629032258064516,,49,,5.617647058823529,0,9.629032258064516,723,43,50,49
msg_1674,node49,node8,420,1627380,1627387.0,7.0,,,,9.618090452261306,,49,,6.352941176470588,0,9.618090452261306,720,40,50,49
msg_1675,node49,node9,420,1627380,1627388.0,8.0,,,,9.615461847389557,,49,,7.117647058823529,0,9.615461847389557,719,39,50,49
msg_1676,node49,node10,421,1627380,1627385.0,5.0,,,,9.633703329969727,,49,,4.852941176470588,0,9.633703329969727,724,44,50,49
msg_1677,node49,node11,421,1627380,,,,,,9.73049001814882,,49,,,0,9.73049001814882,760,20,50,49
msg_1678,node49,node12,421,1627380,,,,,,9.73049001814882,,49,,,0,9.73049001814882,760,20,50,49
msg_1679,node49,node13,421,1627380,1627388.0,8.0,,,,9.61384152457372,,49,,7.970588235294118,0,9.61384152457372,718,38,50,49
msg_1680,node49,node14,421,1627380,1627386.0,6.0,,,,9.624370594159114,,49,,6.352941176470588,0,9.624370594159114,722,42,50,49
msg_1681,node49,node15,421,1627380,1627389.0,9.0,,,,9.612224448897795,,49,,8.676470588235293,0,9.612224448897795,717,37,50,49
msg_1682,node49,node16,421,1627380,,,,,,9.73049001814882,,49,,,0,9.73049001814882,760,20,50,49
msg_1683,node49,node17,421,1627380,1627389.0,9.0,,,,9.611611611611611,,49,,9.382352941176471,0,9.611611611611611,716,36,50,49
msg_1684,node49,node18,421,1627380,,,,,,9.73049001814882,,49,,,0,9.73049001814882,760,20,50,49
msg_1685,node49,node19,421,1627380,,,,,,9.73049001814882,,49,,,0,9.73049001814882,760,20,50,49
msg_1686,node49,node20,421,1627380,1627390.0,10.0,,,,9.611,,49,,10.235294117647058,0,9.611,715,35,50,49
msg_1687,node49,node21,421,1627380,1627387.0,7.0,,,,9.620724346076459,,49,,8.029411764705882,0,9.620724346076459,721,41,50,49
msg_1688,node49,node22,421,1627380,,,,,,9.73049001814882,,49,,,0,9.73049001814882,760,20,50,49
msg_1689,node49,node23,421,1627380,,,,,,9.73049001814882,,49,,,0,9.73049001814882,760,20,50,49
msg_1690,node49,node24,421,1627380,1627390.0,10.0,,,,9.61138861138861,,49,,11.117647058823529,0,9.61138861138861,714,34,50,49
msg_1691,node49,node25,421,1627380,1627391.0,11.0,,,,9.611776447105788,,49,,11.764705882352942,0,9.611776447105788,713,33,50,49
msg_1692,node49,node26,421,1627380,,,,,,9.73049001814882,,49,,,0,9.73049001814882,760,20,50,49
msg_1693,node49,node27,421,1627380,1627392.0,12.0,,,,9.61592039800995,,49,,12.029411764705882,0,9.61592039800995,710,30,50,49
msg_1694,node49,node28,421,1627380,,,,,,9.73049001814882,,49,,,0,9.73049001814882,760,20,50,49
msg_1695,node49,node29,421,1627380,,,,,,9.73049001814882,,49,,,0,9.73049001814882,760,20,50,49
msg_1696,node49,node30,421,1627380,,,,,,9.73049001814882,,49,,,0,9.73049001814882,760,20,50,49
msg_1697,node49,node31,421,1627380,1627391.0,11.0,,,,9.613160518444666,,49,,10.088235294117647,0,9.613160518444666,712,32,50,49
msg_1698,node49,node32,421,1627380,1627391.0,11.0,,,,9.614541832669323,,49,,10.588235294117647,0,9.614541832669323,711,31,50,49
msg_1699,node49,node33,421,1627380,1627393.0,13.0,,,,9.618290258449305,,49,,12.823529411764707,0,9.618290258449305,709,29,50,49
msg_1700,node49,node34,421,1627380,,,,,,9.73049001814882,,49,,,0,9.73049001814882,760,20,50,49
msg_1701,node49,node35,421,1627380,1627393.0,13.0,,,,9.621648460774578,,49,,13.352941176470589,0,9.621648460774578,708,28,50,49
msg_1702,node49,node36,421,1627380,1627393.0,13.0,,,,9.625,,49,,13.558823529411764,0,9.625,707,27,50,49
msg_1703,node49,node37,421,1627380,1627394.0,14.0,,,,9.628344895936571,,49,,14.235294117647058,0,9.628344895936571,706,26,50,49
msg_1704,node49,node38,421,1627380,,,,,,9.73049001814882,,49,,,0,9.73049001814882,760,20,50,49
msg_1705,node49,node39,421,1627380,,,,,,9.73049001814882,,49,,,0,9.73049001814882,760,20,50,49
msg_1706,node49,node40,421,1627380,1627394.0,14.0,,,,9.632673267326732,,49,,14.5,0,9.632673267326732,705,25,50,49
msg_1707,node49,node41,421,1627380,1627394.0,14.0,,,,9.636993076162216,,49,,14.882352941176471,0,9.636993076162216,704,24,50,49
msg_1708,node49,node42,421,1627380,,,,,,9.73049001814882,,49,,,0,9.73049001814882,760,20,50,49
msg_1709,node49,node43,421,1627380,,,,,,9.73049001814882,,49,,,0,9.73049001814882,760,20,50,49
msg_1710,node49,node44,421,1627380,1627395.0,15.0,,,,9.641304347826088,,49,,15.411764705882353,0,9.641304347826088,703,23,50,49
msg_1711,node49,node45,421,1627380,1627395.0,15.0,,,,9.64659427443238,,49,,15.588235294117647,0,9.64659427443238,702,22,50,49
msg_1712,node49,node46,421,1627380,1627396.0,16.0,,,,9.651873767258383,,49,,16.029411764705884,0,9.651873767258383,701,21,50,49
msg_1713,node49,node47,421,1627380,,,,,,9.73049001814882,,49,,,0,9.73049001814882,760,20,50,49
msg_1714,node49,node48,421,1627380,,,,,,9.73049001814882,,49,,,0,9.73049001814882,760,20,50,49
msg_1715,node49,node0,420,1628685,1628687.0,2.0,,,,9.658128078817734,,49,,2.4571428571428573,0,9.658128078817734,749,49,50,49
msg_1716,node49,node1,420,1628685,1628688.0,3.0,,,,9.650590551181102,,49,,3.4571428571428573,0,9.650590551181102,748,48,50,49
msg_1717,node49,node2,420,1628685,1628688.0,3.0,,,,9.644051130776795,,49,,3.5714285714285716,0,9.644051130776795,747,47,50,49
msg_1718,node49,node3,420,1628685,1628690.0,5.0,,,,9.637524557956779,,49,,4.885714285714286,0,9.637524557956779,746,46,50,49
msg_1719,node49,node4,420,1628685,,,,,,9.73049001814882,,49,,,0,9.73049001814882,760,20,50,49
msg_1720,node49,node5,420,1628685,,,,,,9.73049001814882,,49,,,0,9.73049001814882,760,20,50,49
msg_1721,node49,node6,420,1628685,1628690.0,5.0,,,,9.63297350343474,,49,,5.285714285714286,0,9.63297350343474,745,45,50,49
msg_1722,node49,node7,420,1628685,1628690.0,5.0,,,,9.62843137254902,,49,,5.6,0,9.62843137254902,744,44,50,49
msg_1723,node49,node8,420,1628685,1628691.0,6.0,,,,9.620352250489237,,49,,6.371428571428571,0,9.620352250489237,742,42,50,49
msg_1724,node49,node9,420,1628685,1628692.0,7.0,,,,9.61328125,,49,,7.142857142857143,0,9.61328125,740,40,50,49
msg_1725,node49,node10,421,1628685,1628691.0,6.0,,,,9.623898139079333,,49,,4.857142857142857,0,9.623898139079333,743,43,50,49
msg_1726,node49,node11,421,1628685,,,,,,9.73049001814882,,49,,,0,9.73049001814882,760,20,50,49
msg_1727,node49,node12,421,1628685,,,,,,9.73049001814882,,49,,,0,9.73049001814882,760,20,50,49
msg_1728,node49,node13,421,1628685,1628693.0,8.0,,,,9.610731707317074,,49,,7.9714285714285715,0,9.610731707317074,739,39,50,49
msg_1729,node49,node14,421,1628685,1628691.0,6.0,,,,9.61681329423265,,49,,6.3428571428571425,0,9.61681329423265,741,41,50,49
msg_1730,node49,node15,421,1628685,1628693.0,8.0,,,,9.60916179337232,,49,,8.685714285714285,0,9.60916179337232,738,38,50,49
msg_1731,node49,node16,421,1628685,,,,,,9.73049001814882,,49,,,0,9.73049001814882,760,20,50,49
msg_1732,node49,node17,421,1628685,1628693.0,8.0,,,,9.60603112840467,,49,,9.371428571428572,0,9.60603112840467,736,36,50,49
msg_1733,node49,node18,421,1628685,,,,,,9.73049001814882,,49,,,0,9.73049001814882,760,20,50,49
msg_1734,node49,node19,421,1628685,,,,,,9.73049001814882,,49,,,0,9.73049001814882,760,20,50,49
msg_1735,node49,node20,421,1628685,1628695.0,10.0,,,,9.604470359572401,,49,,10.228571428571428,0,9.604470359572401,735,35,50,49
msg_1736,node49,node21,421,1628685,1628693.0,8.0,,,,9.60759493670886,,49,,8.0,0,9.60759493670886,737,37,50,49
msg_1737,node49,node22,421,1628685,,,,,,9.73049001814882,,49,,,0,9.73049001814882,760,20,50,49
msg_1738,node49,node23,421,1628685,,,,,,9.73049001814882,,49,,,0,9.73049001814882,760,20,50,49
msg_1739,node49,node24,421,1628685,1628695.0,10.0,,,,9.604854368932038,,49,,11.085714285714285,0,9.604854368932038,734,34,50,49
msg_1740,node49,node25,421,1628685,1628696.0,11.0,,,,9.605237633365665,,49,,11.742857142857142,0,9.605237633365665,733,33,50,49
msg_1741,node49,node26,421,1628685,,,,,,9.73049001814882,,49,,,0,9.73049001814882,760,20,50,49
msg_1742,node49,node27,421,1628685,1628696.0,11.0,,,,9.607938044530494,,49,,12.028571428571428,0,9.607938044530494,731,31,50,49
msg_1743,node49,node28,421,1628685,,,,,,9.73049001814882,,49,,,0,9.73049001814882,760,20,50,49
msg_1744,node49,node29,421,1628685,,,,,,9.73049001814882,,49,,,0,9.73049001814882,760,20,50,49
msg_1745,node49,node30,421,1628685,,,,,,9.73049001814882,,49,,,0,9.73049001814882,760,20,50,49
msg_1746,node49,node31,421,1628685,1628696.0,11.0,,,,9.606589147286822,,49,,10.114285714285714,0,9.606589147286822,732,32,50,49
msg_1747,node49,node32,421,1628685,1628696.0,11.0,,,,9.609284332688588,,49,,10.6,0,9.609284332688588,730,30,50,49
msg_1748,node49,node33,421,1628685,1628698.0,13.0,,,,9.610628019323672,,49,,12.82857142857143,0,9.610628019323672,729,29,50,49
msg_1749,node49,node34,421,1628685,,,,,,9.73049001814882,,49,,,0,9.73049001814882,760,20,50,49
msg_1750,node49,node35,421,1628685,1628698.0,13.0,,,,9.613899613899614,,49,,13.342857142857143,0,9.613899613899614,728,28,50,49
msg_1751,node49,node36,421,1628685,1628698.0,13.0,,,,9.617164898746383,,49,,13.542857142857143,0,9.617164898746383,727,27,50,49
msg_1752,node49,node37,421,1628685,1628699.0,14.0,,,,9.620423892100193,,49,,14.228571428571428,0,9.620423892100193,726,26,50,49
msg_1753,node49,node38,421,1628685,,,,,,9.73049001814882,,49,,,0,9.73049001814882,760,20,50,49
msg_1754,node49,node39,421,1628685,,,,,,9.73049001814882,,49,,,0,9.73049001814882,760,20,50,49
msg_1755,node49,node40,421,1628685,1628699.0,14.0,,,,9.624639076034649,,49,,14.485714285714286,0,9.624639076034649,725,25,50,49
msg_1756,node49,node41,421,1628685,1628701.0,16.0,,,,9.628846153846155,,49,,14.857142857142858,0,9.628846153846155,724,24,50,49
msg_1757,node49,node42,421,1628685,,,,,,9.73049001814882,,49,,,0,9.73049001814882,760,20,50,49
msg_1758,node49,node43,421,1628685,,,,,,9.73049001814882,,49,,,0,9.73049001814882,760,20,50,49
msg_1759,node49,node44,421,1628685,1628701.0,16.0,,,,9.634966378482229,,49,,15.4,0,9.634966378482229,723,23,50,49
msg_1760,node49,node45,421,1628685,1628701.0,16.0,,,,9.641074856046066,,49,,15.571428571428571,0,9.641074856046066,722,22,50,49
msg_1761,node49,node46,421,1628685,1628702.0,17.0,,,,9.647171620325983,,49,,16.02857142857143,0,9.647171620325983,721,21,50,49
msg_1762,node49,node47,421,1628685,,,,,,9.73049001814882,,49,,,0,9.73049001814882,760,20,50,49
msg_1763,node49,node48,421,1628685,,,,,,9.73049001814882,,49,,,0,9.73049001814882,760,20,50,49
msg_1764,node49,node0,420,1737737,1737740.0,3.0,,,,9.654214559386974,,49,,2.4444444444444446,0,9.654214559386974,769,49,50,49
msg_1765,node49,node1,420,1737737,1737741.0,4.0,,,,9.647846889952152,,49,,3.4444444444444446,0,9.647846889952152,768,48,50,49
msg_1766,node49,node2,420,1737737,1737743.0,6.0,,,,9.637058261700096,,49,,3.5555555555555554,0,9.637058261700096,766,46,50,49
msg_1767,node49,node3,420,1737737,1737743.0,6.0,,,,9.630123927550049,,49,,4.888888888888889,0,9.630123927550049,764,44,50,49
msg_1768,node49,node4,420,1737737,,,,,,9.73049001814882,,49,,,0,9.73049001814882,760,20,50,49
msg_1769,node49,node5,420,1737737,,,,,,9.73049001814882,,49,,,0,9.73049001814882,760,20,50,49
msg_1770,node49,node6,420,1737737,1737744.0,7.0,,,,9.626666666666667,,49,,5.277777777777778,0,9.626666666666667,763,43,50,49
msg_1771,node49,node7,420,1737737,1737744.0,7.0,,,,9.624167459562322,,49,,5.583333333333333,0,9.624167459562322,762,42,50,49
msg_1772,node49,node8,420,1737737,1737744.0,7.0,,,,9.62167300380228,,49,,6.361111111111111,0,9.62167300380228,761,41,50,49
msg_1773,node49,node9,420,1737737,1737745.0,8.0,,,,9.616698292220114,,49,,7.138888888888889,0,9.616698292220114,759,39,50,49
msg_1774,node49,node10,421,1737737,1737741.0,4.0,,,,9.64244741873805,,49,,4.888888888888889,0,9.64244741873805,767,47,50,49
msg_1775,node49,node11,421,1737737,,,,,,9.73049001814882,,49,,,0,9.73049001814882,760,20,50,49
msg_1776,node49,node12,421,1737737,,,,,,9.73049001814882,,49,,,0,9.73049001814882,760,20,50,49
msg_1777,node49,node13,421,1737737,1737746.0,9.0,,,,9.615165876777251,,49,,7.972222222222222,0,9.615165876777251,758,38,50,49
msg_1778,node49,node14,421,1737737,1737743.0,6.0,,,,9.633587786259541,,49,,6.333333333333333,0,9.633587786259541,765,45,50,49
msg_1779,node49,node15,421,1737737,1737746.0,9.0,,,,9.614583333333334,,49,,8.666666666666666,0,9.614583333333334,757,37,50,49
msg_1780,node49,node16,421,1737737,,,,,,9.73049001814882,,49,,,0,9.73049001814882,760,20,50,49
msg_1781,node49,node17,421,1737737,1737746.0,9.0,,,,9.614001892147588,,49,,9.333333333333334,0,9.614001892147588,756,36,50,49
msg_1782,node49,node18,421,1737737,,,,,,9.73049001814882,,49,,,0,9.73049001814882,760,20,50,49
msg_1783,node49,node19,421,1737737,,,,,,9.73049001814882,,49,,,0,9.73049001814882,760,20,50,49
msg_1784,node49,node20,421,1737737,1737747.0,10.0,,,,9.613421550094518,,49,,10.222222222222221,0,9.613421550094518,755,35,50,49
msg_1785,node49,node21,421,1737737,1737744.0,7.0,,,,9.619183285849953,,49,,8.0,0,9.619183285849953,760,40,50,49
msg_1786,node49,node22,421,1737737,,,,,,9.73049001814882,,49,,,0,9.73049001814882,760,20,50,49
msg_1787,node49,node23,421,1737737,,,,,,9.73049001814882,,49,,,0,9.73049001814882,760,20,50,49
msg_1788,node49,node24,421,1737737,1737748.0,11.0,,,,9.613786591123702,,49,,11.055555555555555,0,9.613786591123702,754,34,50,49
msg_1789,node49,node25,421,1737737,1737749.0,12.0,,,,9.617702448210922,,49,,11.722222222222221,0,9.617702448210922,751,31,50,49
msg_1790,node49,node26,421,1737737,,,,,,9.73049001814882,,49,,,0,9.73049001814882,760,20,50,49
msg_1791,node49,node27,421,1737737,1737749.0,12.0,,,,9.61994355597366,,49,,12.0,0,9.61994355597366,750,30,50,49
msg_1792,node49,node28,421,1737737,,,,,,9.73049001814882,,49,,,0,9.73049001814882,760,20,50,49
msg_1793,node49,node29,421,1737737,,,,,,9.73049001814882,,49,,,0,9.73049001814882,760,20,50,49
msg_1794,node49,node30,421,1737737,,,,,,9.73049001814882,,49,,,0,9.73049001814882,760,20,50,49
msg_1795,node49,node31,421,1737737,1737748.0,11.0,,,,9.615094339622642,,49,,10.13888888888889,0,9.615094339622642,753,33,50,49
msg_1796,node49,node32,421,1737737,1737748.0,11.0,,,,9.616399622997173,,49,,10.61111111111111,0,9.616399622997173,752,32,50,49
msg_1797,node49,node33,421,1737737,1737750.0,13.0,,,,9.62218045112782,,49,,12.833333333333334,0,9.62218045112782,749,29,50,49
msg_1798,node49,node34,421,1737737,,,,,,9.73049001814882,,49,,,0,9.73049001814882,760,20,50,49
msg_1799,node49,node35,421,1737737,1737750.0,13.0,,,,9.625352112676056,,49,,13.333333333333334,0,9.625352112676056,748,28,50,49
msg_1800,node49,node36,421,1737737,1737751.0,14.0,,,,9.628517823639775,,49,,13.527777777777779,0,9.628517823639775,747,27,50,49
msg_1801,node49,node37,421,1737737,1737751.0,14.0,,,,9.63261480787254,,49,,14.222222222222221,0,9.63261480787254,746,26,50,49
msg_1802,node49,node38,421,1737737,,,,,,9.73049001814882,,49,,,0,9.73049001814882,760,20,50,49
msg_1803,node49,node39,421,1737737,,,,,,9.73049001814882,,49,,,0,9.73049001814882,760,20,50,49
msg_1804,node49,node40,421,1737737,1737751.0,14.0,,,,9.636704119850187,,49,,14.472222222222221,0,9.636704119850187,745,25,50,49
msg_1805,node49,node41,421,1737737,1737752.0,15.0,,,,9.640785781103835,,49,,14.88888888888889,0,9.640785781103835,744,24,50,49
msg_1806,node49,node42,421,1737737,,,,,,9.73049001814882,,49,,,0,9.73049001814882,760,20,50,49
msg_1807,node49,node43,421,1737737,,,,,,9.73049001814882,,49,,,0,9.73049001814882,760,20,50,49
msg_1808,node49,node44,421,1737737,1737752.0,15.0,,,,9.645794392523365,,49,,15.416666666666666,0,9.645794392523365,743,23,50,49
msg_1809,node49,node45,421,1737737,1737752.0,15.0,,,,9.65079365079365,,49,,15.583333333333334,0,9.65079365079365,742,22,50,49
msg_1810,node49,node46,421,1737737,1737753.0,16.0,,,,9.655783582089553,,49,,16.055555555555557,0,9.655783582089553,741,21,50,49
msg_1811,node49,node47,421,1737737,,,,,,9.73049001814882,,49,,,0,9.73049001814882,760,20,50,49
msg_1812,node49,node48,421,1737737,,,,,,9.73049001814882,,49,,,0,9.73049001814882,760,20,50,49
msg_1813,node49,node0,420,1786514,1786517.0,3.0,,,,9.661696178937559,,49,,2.4594594594594597,0,9.661696178937559,789,49,50,49
msg_1814,node49,node1,420,1786514,1786518.0,4.0,,,,9.655493482309124,,49,,3.4594594594594597,0,9.655493482309124,788,48,50,49
msg_1815,node49,node2,420,1786514,1786518.0,4.0,,,,9.650232558139535,,49,,3.6216216216216215,0,9.650232558139535,787,47,50,49
msg_1816,node49,node3,420,1786514,1786519.0,5.0,,,,9.644981412639405,,49,,4.918918918918919,0,9.644981412639405,786,46,50,49
msg_1817,node49,node4,420,1786514,,,,,,9.73049001814882,,49,,,0,9.73049001814882,760,20,50,49
msg_1818,node49,node5,420,1786514,,,,,,9.73049001814882,,49,,,0,9.73049001814882,760,20,50,49
msg_1819,node49,node6,420,1786514,1786521.0,7.0,,,,9.64066852367688,,49,,5.324324324324325,0,9.64066852367688,785,45,50,49
msg_1820,node49,node7,420,1786514,1786522.0,8.0,,,,9.63670064874884,,49,,5.621621621621622,0,9.63670064874884,783,43,50,49
msg_1821,node49,node8,420,1786514,1786523.0,9.0,,,,9.635185185185184,,49,,6.378378378378378,0,9.635185185185184,782,42,50,49
msg_1822,node49,node9,420,1786514,1786523.0,9.0,,,,9.634597594819612,,49,,7.162162162162162,0,9.634597594819612,781,41,50,49
msg_1823,node49,node10,421,1786514,1786522.0,8.0,,,,9.63821892393321,,49,,4.864864864864865,0,9.63821892393321,784,44,50,49
msg_1824,node49,node11,421,1786514,,,,,,9.73049001814882,,49,,,0,9.73049001814882,760,20,50,49
msg_1825,node49,node12,421,1786514,,,,,,9.73049001814882,,49,,,0,9.73049001814882,760,20,50,49
msg_1826,node49,node13,421,1786514,1786524.0,10.0,,,,9.634349030470915,,49,,8.0,0,9.634349030470915,779,39,50,49
msg_1827,node49,node14,421,1786514,1786524.0,10.0,,,,9.634011090573013,,49,,6.324324324324325,0,9.634011090573013,780,40,50,49
msg_1828,node49,node15,421,1786514,1786525.0,11.0,,,,9.634686346863468,,49,,8.675675675675675,0,9.634686346863468,778,38,50,49
msg_1829,node49,node16,421,1786514,,,,,,9.73049001814882,,49,,,0,9.73049001814882,760,20,50,49
msg_1830,node49,node17,421,1786514,1786526.0,12.0,,,,9.638121546961326,,49,,9.324324324324325,0,9.638121546961326,776,36,50,49
msg_1831,node49,node18,421,1786514,,,,,,9.73049001814882,,49,,,0,9.73049001814882,760,20,50,49
msg_1832,node49,node19,421,1786514,,,,,,9.73049001814882,,49,,,0,9.73049001814882,760,20,50,49
msg_1833,node49,node20,421,1786514,1786527.0,13.0,,,,9.64029438822447,,49,,10.216216216216216,0,9.64029438822447,775,35,50,49
msg_1834,node49,node21,421,1786514,1786526.0,12.0,,,,9.63594470046083,,49,,7.972972972972973,0,9.63594470046083,777,37,50,49
msg_1835,node49,node22,421,1786514,,,,,,9.73049001814882,,49,,,0,9.73049001814882,760,20,50,49
msg_1836,node49,node23,421,1786514,,,,,,9.73049001814882,,49,,,0,9.73049001814882,760,20,50,49
msg_1837,node49,node24,421,1786514,1786528.0,14.0,,,,9.643382352941176,,49,,11.054054054054054,0,9.643382352941176,774,34,50,49
msg_1838,node49,node25,421,1786514,1786528.0,14.0,,,,9.647382920110193,,49,,11.72972972972973,0,9.647382920110193,773,33,50,49
msg_1839,node49,node26,421,1786514,,,,,,9.73049001814882,,49,,,0,9.73049001814882,760,20,50,49
msg_1840,node49,node27,421,1786514,1786528.0,14.0,,,,9.65137614678899,,49,,12.0,0,9.65137614678899,772,32,50,49
msg_1841,node49,node28,421,1786514,,,,,,9.73049001814882,,49,,,0,9.73049001814882,760,20,50,49
msg_1842,node49,node29,421,1786514,,,,,,9.73049001814882,,49,,,0,9.73049001814882,760,20,50,49
msg_1843,node49,node30,421,1786514,,,,,,9.73049001814882,,49,,,0,9.73049001814882,760,20,50,49
msg_1844,node49,node31,421,1786514,1786528.0,14.0,,,,9.655362053162236,,49,,10.162162162162161,0,9.655362053162236,771,31,50,49
msg_1845,node49,node32,421,1786514,1786529.0,15.0,,,,9.659340659340659,,49,,10.621621621621621,0,9.659340659340659,770,30,50,49
msg_1846,node49,node33,421,1786514,1786530.0,16.0,,,,9.664226898444648,,49,,12.837837837837839,0,9.664226898444648,769,29,50,49
msg_1847,node49,node34,421,1786514,,,,,,9.73049001814882,,49,,,0,9.73049001814882,760,20,50,49
msg_1848,node49,node35,421,1786514,1786531.0,17.0,,,,9.670018281535649,,49,,13.324324324324325,0,9.670018281535649,768,28,50,49
msg_1849,node49,node36,421,1786514,1786531.0,17.0,,,,9.676712328767124,,49,,13.54054054054054,0,9.676712328767124,767,27,50,49
msg_1850,node49,node37,421,1786514,1786531.0,17.0,,,,9.683394160583942,,49,,14.216216216216216,0,9.683394160583942,766,26,50,49
msg_1851,node49,node38,421,1786514,,,,,,9.73049001814882,,49,,,0,9.73049001814882,760,20,50,49
msg_1852,node49,node39,421,1786514,,,,,,9.73049001814882,,49,,,0,9.73049001814882,760,20,50,49
msg_1853,node49,node40,421,1786514,1786532.0,18.0,,,,9.690063810391978,,49,,14.45945945945946,0,9.690063810391978,765,25,50,49
msg_1854,node49,node41,421,1786514,1786532.0,18.0,,,,9.697632058287796,,49,,14.891891891891891,0,9.697632058287796,764,24,50,49
msg_1855,node49,node42,421,1786514,,,,,,9.73049001814882,,49,,,0,9.73049001814882,760,20,50,49
msg_1856,node49,node43,421,1786514,,,,,,9.73049001814882,,49,,,0,9.73049001814882,760,20,50,49
msg_1857,node49,node44,421,1786514,1786533.0,19.0,,,,9.70518653321201,,49,,15.405405405405405,0,9.70518653321201,763,23,50,49
msg_1858,node49,node45,421,1786514,1786533.0,19.0,,,,9.713636363636363,,49,,15.567567567567568,0,9.713636363636363,762,22,50,49
msg_1859,node49,node46,421,1786514,1786533.0,19.0,,,,9.722070844686648,,49,,16.054054054054053,0,9.722070844686648,761,21,50,49
msg_1860,node49,node47,421,1786514,,,,,,9.73049001814882,,49,,,0,9.73049001814882,760,20,50,49
msg_1861,node49,node48,421,1786514,,,,,,9.73049001814882,,49,,,0,9.73049001814882,760,20,50,49
