msg_id,sender,receiver,payload_size_B,time_send_ms,time_receive_ms,actual_delay_ms,online_predicted_delay_ms,cluster_predicted_delay_ms,weighted_predicted_delay_ms,sender_average_outgoing_delay_ms,sender_average_incoming_delay_ms,sender_num_messages_sent_simultaneously,receiver_average_outgoing_delay_ms,receiver_average_incoming_delay_ms,receiver_num_messages_sent_simultaneously,network_average_delay_ms,network_num_messages_in_transit,network_num_busy_links,network_num_network_nodes,network_num_messages_sent_simultaneously
msg_0,node1,node0,223,360000,360001.0,1.0,,,,,,1,,,0,,49,49,50,49
msg_1,node2,node0,223,360000,360008.0,8.0,,,,,,1,,4.0,0,4.0,47,47,50,49
msg_2,node3,node0,223,360000,360008.0,8.0,,,,,,1,,5.333333333333333,0,5.333333333333333,46,46,50,49
msg_3,node4,node0,223,360000,,,,,,,,1,0.4664179104477612,1965.6497277676951,0,1581.2197080291971,761,21,50,49
msg_4,node5,node0,223,360000,,,,,,,,1,0.4664179104477612,1965.6497277676951,0,1581.2197080291971,761,21,50,49
msg_5,node6,node0,223,360000,360008.0,8.0,,,,,,1,,6.0,0,6.0,45,45,50,49
msg_6,node7,node0,223,360000,360008.0,8.0,,,,,,1,,6.0,0,6.0,45,45,50,49
msg_7,node8,node0,223,360000,360009.0,9.0,,,,,,1,,6.666666666666667,0,6.666666666666667,43,43,50,49
msg_8,node9,node0,223,360000,360009.0,9.0,,,,,,1,,7.0,0,7.0,42,42,50,49
msg_9,node10,node0,225,360000,360011.0,11.0,,,,,,1,,8.777777777777779,0,8.777777777777779,31,31,50,49
msg_10,node11,node0,225,360000,,,,,,,,1,0.4664179104477612,1965.6497277676951,0,1581.2197080291971,761,21,50,49
msg_11,node12,node0,225,360000,,,,,,,,1,0.4664179104477612,1965.6497277676951,0,1581.2197080291971,761,21,50,49
msg_12,node13,node0,225,360000,360009.0,9.0,,,,,,1,,7.0,0,7.0,42,42,50,49
msg_13,node14,node0,225,360000,360012.0,12.0,,,,,,1,,8.894736842105264,0,8.894736842105264,30,30,50,49
msg_14,node15,node0,225,360000,360009.0,9.0,,,,,,1,,7.444444444444445,0,7.444444444444445,40,40,50,49
msg_15,node16,node0,225,360000,,,,,,,,1,0.4664179104477612,1965.6497277676951,0,1581.2197080291971,761,21,50,49
msg_16,node17,node0,225,360000,360012.0,12.0,,,,,,1,,8.894736842105264,0,8.894736842105264,30,30,50,49
msg_17,node18,node0,225,360000,,,,,,,,1,0.4664179104477612,1965.6497277676951,0,1581.2197080291971,761,21,50,49
msg_18,node19,node0,225,360000,,,,,,,,1,0.4664179104477612,1965.6497277676951,0,1581.2197080291971,761,21,50,49
msg_19,node20,node0,225,360000,360012.0,12.0,,,,,,1,,9.19047619047619,0,9.19047619047619,28,28,50,49
msg_20,node21,node0,225,360000,360013.0,13.0,,,,,,1,,9.72,0,9.72,24,24,50,49
msg_21,node22,node0,225,360000,,,,,,,,1,0.4664179104477612,1965.6497277676951,0,1581.2197080291971,761,21,50,49
msg_22,node23,node0,225,360000,,,,,,,,1,0.4664179104477612,1965.6497277676951,0,1581.2197080291971,761,21,50,49
msg_23,node24,node0,225,360000,360012.0,12.0,,,,,,1,,9.318181818181818,0,9.318181818181818,27,27,50,49
msg_24,node25,node0,225,360000,360013.0,13.0,,,,,,1,,9.318181818181818,0,9.318181818181818,27,27,50,49
msg_25,node26,node0,225,360000,,,,,,,,1,0.4664179104477612,1965.6497277676951,0,1581.2197080291971,761,21,50,49
msg_26,node27,node0,225,360000,360013.0,13.0,,,,,,1,,9.583333333333334,0,9.583333333333334,25,25,50,49
msg_27,node28,node0,225,360000,,,,,,,,1,0.4664179104477612,1965.6497277676951,0,1581.2197080291971,761,21,50,49
msg_28,node29,node0,225,360000,,,,,,,,1,0.4664179104477612,1965.6497277676951,0,1581.2197080291971,761,21,50,49
msg_29,node30,node0,225,360000,,,,,,,,1,0.4664179104477612,1965.6497277676951,0,1581.2197080291971,761,21,50,49
msg_30,node31,node0,225,360000,360013.0,13.0,,,,,,1,,9.962962962962964,0,9.962962962962964,22,22,50,49
msg_31,node32,node0,225,360000,360014.0,14.0,,,,,,1,,9.962962962962964,0,9.962962962962964,22,22,50,49
msg_32,node33,node0,225,360000,360013.0,13.0,,,,,,1,,9.72,0,9.72,24,24,50,49
msg_33,node34,node0,225,360000,,,,,,,,1,0.4664179104477612,1965.6497277676951,0,1581.2197080291971,761,21,50,49
msg_34,node35,node0,225,360000,360009.0,9.0,,,,,,1,,7.6,0,7.6,39,39,50,49
msg_35,node36,node0,225,360000,360010.0,10.0,,,,,,1,,7.6,0,7.6,39,39,50,49
msg_36,node37,node0,225,360000,360010.0,10.0,,,,,,1,,7.916666666666667,0,7.916666666666667,37,37,50,49
msg_37,node38,node0,225,360000,,,,,,,,1,0.4664179104477612,1965.6497277676951,0,1581.2197080291971,761,21,50,49
msg_38,node39,node0,225,360000,,,,,,,,1,0.4664179104477612,1965.6497277676951,0,1581.2197080291971,761,21,50,49
msg_39,node40,node0,225,360000,360010.0,10.0,,,,,,1,,7.916666666666667,0,7.916666666666667,37,37,50,49
msg_40,node41,node0,225,360000,360010.0,10.0,,,,,,1,,8.214285714285714,0,8.214285714285714,35,35,50,49
msg_41,node42,node0,225,360000,,,,,,,,1,0.4664179104477612,1965.6497277676951,0,1581.2197080291971,761,21,50,49
msg_42,node43,node0,225,360000,,,,,,,,1,0.4664179104477612,1965.6497277676951,0,1581.2197080291971,761,21,50,49
msg_43,node44,node0,225,360000,360011.0,11.0,,,,,,1,,8.333333333333334,0,8.333333333333334,34,34,50,49
msg_44,node45,node0,225,360000,360011.0,11.0,,,,,,1,,8.5,0,8.5,33,33,50,49
msg_45,node46,node0,225,360000,360011.0,11.0,,,,,,1,,8.5,0,8.5,33,33,50,49
msg_46,node47,node0,225,360000,,,,,,,,1,0.4664179104477612,1965.6497277676951,0,1581.2197080291971,761,21,50,49
msg_47,node48,node0,225,360000,,,,,,,,1,0.4664179104477612,1965.6497277676951,0,1581.2197080291971,761,21,50,49
msg_48,node49,node0,225,360000,360007.0,7.0,,,,,,1,,1.0,0,1.0,48,48,50,49
msg_49,node0,node49,224,420007,420008.0,1.0,,,,,10.206896551724139,1,7.0,,0,10.206896551724139,22,22,50,1
msg_50,node0,node2,223,420008,420008.0,0.0,,,,,10.206896551724139,1,8.0,,0,10.206896551724139,22,22,50,1
msg_51,node0,node36,224,420010,420010.0,0.0,,,,0.5,10.206896551724139,3,10.0,,0,9.580645161290322,23,23,50,3
msg_52,node0,node40,224,420010,420011.0,1.0,,,,0.3333333333333333,10.206896551724139,3,10.0,,0,9.28125,24,24,50,3
msg_53,node0,node41,224,420010,420011.0,1.0,,,,0.5,10.206896551724139,3,10.0,,0,9.030303030303031,26,26,50,3
msg_54,node0,node45,224,420011,420012.0,1.0,,,,0.6,10.206896551724139,2,11.0,,0,8.794117647058824,25,25,50,2
msg_55,node0,node46,224,420011,420012.0,1.0,,,,0.6,10.206896551724139,2,11.0,,0,8.794117647058824,25,25,50,2
msg_56,node0,node17,224,420012,420012.0,0.0,,,,0.7142857142857143,10.206896551724139,3,12.0,,0,8.36111111111111,23,23,50,3
msg_57,node0,node20,224,420012,420013.0,1.0,,,,0.625,10.206896551724139,3,12.0,,0,8.135135135135135,23,23,50,3
msg_58,node0,node24,224,420012,420013.0,1.0,,,,0.625,10.206896551724139,3,12.0,,0,8.135135135135135,23,23,50,3
msg_59,node0,node27,225,420013,420014.0,1.0,,,,0.7,10.206896551724139,1,13.0,,0,7.769230769230769,21,21,50,1
msg_60,node1,node0,223,720000,720000.0,0.0,,,,1.0,,1,0.7272727272727273,10.206896551724139,0,7.6,69,49,50,49
msg_61,node2,node0,223,720000,725046.0,5046.0,,,,8.0,0.0,1,0.7272727272727273,729.1142857142858,0,554.9347826086956,63,43,50,49
msg_62,node3,node0,223,720000,725048.0,5048.0,,,,8.0,,1,0.7272727272727273,1448.6190476190477,0,1148.1132075471698,56,36,50,49
msg_63,node4,node0,223,720000,,,,,,,,1,0.4664179104477612,1965.6497277676951,0,1581.2197080291971,761,21,50,49
msg_64,node5,node0,223,720000,,,,,,,,1,0.4664179104477612,1965.6497277676951,0,1581.2197080291971,761,21,50,49
msg_65,node6,node0,223,720000,725048.0,5048.0,,,,8.0,,1,0.7272727272727273,1612.2272727272727,0,1289.9272727272728,54,34,50,49
msg_66,node7,node0,223,720000,725048.0,5048.0,,,,8.0,,1,0.7272727272727273,1612.2272727272727,0,1289.9272727272728,54,34,50,49
msg_67,node8,node0,223,720000,725048.0,5048.0,,,,9.0,,1,0.7272727272727273,1761.608695652174,0,1421.7894736842106,52,32,50,49
msg_68,node9,node0,223,720000,725049.0,5049.0,,,,9.0,,1,0.7272727272727273,1761.608695652174,0,1421.7894736842106,52,32,50,49
msg_69,node10,node0,225,720000,725050.0,5050.0,,,,11.0,,1,0.7272727272727273,2299.6,0,1916.4545454545455,43,23,50,49
msg_70,node11,node0,225,720000,,,,,,,,1,0.4664179104477612,1965.6497277676951,0,1581.2197080291971,761,21,50,49
msg_71,node12,node0,225,720000,,,,,,,,1,0.4664179104477612,1965.6497277676951,0,1581.2197080291971,761,21,50,49
msg_72,node13,node0,225,720000,725049.0,5049.0,,,,9.0,,1,0.7272727272727273,1898.5625,0,1544.7288135593221,50,30,50,49
msg_73,node14,node0,225,720000,725051.0,5051.0,,,,12.0,,1,0.7272727272727273,2348.714285714286,0,1963.2238805970148,42,22,50,49
msg_74,node15,node0,225,720000,725049.0,5049.0,,,,9.0,,1,0.7272727272727273,1962.857142857143,0,1603.1333333333334,49,29,50,49
msg_75,node16,node0,225,720000,,,,,,,,1,0.4664179104477612,1965.6497277676951,0,1581.2197080291971,761,21,50,49
msg_76,node17,node0,225,720000,725049.0,5049.0,,,,12.0,0.0,1,0.7272727272727273,1962.857142857143,0,1603.1333333333334,49,29,50,49
msg_77,node18,node0,225,720000,,,,,,,,1,0.4664179104477612,1965.6497277676951,0,1581.2197080291971,761,21,50,49
msg_78,node19,node0,225,720000,,,,,,,,1,0.4664179104477612,1965.6497277676951,0,1581.2197080291971,761,21,50,49
msg_79,node20,node0,225,720000,725050.0,5050.0,,,,12.0,1.0,1,0.7272727272727273,2083.8823529411766,0,1714.2903225806451,47,27,50,49
msg_80,node21,node0,225,720000,725051.0,5051.0,,,,13.0,,1,0.7272727272727273,2348.714285714286,0,1963.2238805970148,42,22,50,49
msg_81,node22,node0,225,720000,,,,,,,,1,0.4664179104477612,1965.6497277676951,0,1581.2197080291971,761,21,50,49
msg_82,node23,node0,225,720000,,,,,,,,1,0.4664179104477612,1965.6497277676951,0,1581.2197080291971,761,21,50,49
msg_83,node24,node0,225,720000,725050.0,5050.0,,,,12.0,1.0,1,0.7272727272727273,2140.923076923077,0,1767.2380952380952,46,26,50,49
msg_84,node25,node0,225,720000,725050.0,5050.0,,,,13.0,,1,0.7272727272727273,2195.811320754717,0,1818.53125,45,25,50,49
msg_85,node26,node0,225,720000,,,,,,,,1,0.4664179104477612,1965.6497277676951,0,1581.2197080291971,761,21,50,49
msg_86,node27,node0,225,720000,725050.0,5050.0,,,,13.0,1.0,1,0.7272727272727273,2195.811320754717,0,1818.53125,45,25,50,49
msg_87,node28,node0,225,720000,,,,,,,,1,0.4664179104477612,1965.6497277676951,0,1581.2197080291971,761,21,50,49
msg_88,node29,node0,225,720000,,,,,,,,1,0.4664179104477612,1965.6497277676951,0,1581.2197080291971,761,21,50,49
msg_89,node30,node0,225,720000,,,,,,,,1,0.4664179104477612,1965.6497277676951,0,1581.2197080291971,761,21,50,49
msg_90,node31,node0,225,720000,725047.0,5047.0,,,,13.0,,1,0.7272727272727273,1268.7,0,995.2156862745098,58,38,50,49
msg_91,node32,node0,225,720000,725048.0,5048.0,,,,14.0,,1,0.7272727272727273,1448.6190476190477,0,1148.1132075471698,56,36,50,49
msg_92,node33,node0,225,720000,725046.0,5046.0,,,,13.0,,1,0.7272727272727273,962.4324324324324,0,742.0416666666666,61,41,50,49
msg_93,node34,node0,225,720000,,,,,,,,1,0.4664179104477612,1965.6497277676951,0,1581.2197080291971,761,21,50,49
msg_94,node35,node0,225,720000,725046.0,5046.0,,,,9.0,,1,0.7272727272727273,962.4324324324324,0,742.0416666666666,61,41,50,49
msg_95,node36,node0,225,720000,725046.0,5046.0,,,,10.0,0.0,1,0.7272727272727273,1171.8461538461538,0,914.2,59,39,50,49
msg_96,node37,node0,225,720000,725047.0,5047.0,,,,10.0,,1,0.7272727272727273,1268.7,0,995.2156862745098,58,38,50,49
msg_97,node38,node0,225,720000,,,,,,,,1,0.4664179104477612,1965.6497277676951,0,1581.2197080291971,761,21,50,49
msg_98,node39,node0,225,720000,,,,,,,,1,0.4664179104477612,1965.6497277676951,0,1581.2197080291971,761,21,50,49
msg_99,node40,node0,225,720000,725044.0,5044.0,,,,10.0,1.0,1,0.7272727272727273,9.866666666666667,0,7.414634146341464,68,48,50,49
msg_100,node41,node0,225,720000,725044.0,5044.0,,,,10.0,1.0,1,0.7272727272727273,172.25806451612902,0,127.33333333333333,67,47,50,49
msg_101,node42,node0,225,720000,,,,,,,,1,0.4664179104477612,1965.6497277676951,0,1581.2197080291971,761,21,50,49
msg_102,node43,node0,225,720000,,,,,,,,1,0.4664179104477612,1965.6497277676951,0,1581.2197080291971,761,21,50,49
msg_103,node44,node0,225,720000,725045.0,5045.0,,,,11.0,,1,0.7272727272727273,324.5,0,241.67441860465115,66,46,50,49
msg_104,node45,node0,225,720000,725045.0,5045.0,,,,11.0,1.0,1,0.7272727272727273,324.5,0,241.67441860465115,66,46,50,49
msg_105,node46,node0,225,720000,725045.0,5045.0,,,,11.0,1.0,1,0.7272727272727273,602.1764705882352,0,455.15555555555557,64,44,50,49
msg_106,node47,node0,225,720000,,,,,,,,1,0.4664179104477612,1965.6497277676951,0,1581.2197080291971,761,21,50,49
msg_107,node48,node0,225,720000,,,,,,,,1,0.4664179104477612,1965.6497277676951,0,1581.2197080291971,761,21,50,49
msg_108,node49,node0,225,720000,725045.0,5045.0,,,,7.0,1.0,1,0.7272727272727273,729.1142857142858,0,554.9347826086956,63,43,50,49
msg_109,node0,node1,224,780000,780000.0,0.0,,,,0.7272727272727273,2441.896551724138,1,0.5,,0,2052.7246376811595,41,21,50,1
msg_110,node0,node41,225,785044,785044.0,0.0,,,,0.6666666666666666,2441.896551724138,1,2527.0,1.0,0,2023.4,41,21,50,1
msg_111,node0,node44,225,785045,785045.0,0.0,,,,0.6153846153846154,2441.896551724138,1,2528.0,,0,1994.9014084507041,41,21,50,1
msg_112,node0,node33,225,785046,785046.0,0.0,,,,0.5714285714285714,2441.896551724138,2,2529.5,,0,1967.1944444444443,42,22,50,2
msg_113,node0,node36,225,785046,785047.0,1.0,,,,0.5714285714285714,2441.896551724138,2,2528.0,0.0,0,1967.1944444444443,42,22,50,2
msg_114,node0,node7,224,785048,785048.0,0.0,,,,0.5625,2441.896551724138,1,2528.0,,0,1914.0405405405406,41,21,50,1
msg_115,node1,node0,223,1080000,1080000.0,0.0,,,,0.5,0.0,1,0.5294117647058824,2441.896551724138,0,1888.52,89,49,50,49
msg_116,node2,node0,223,1080000,1083044.0,3044.0,,,,2527.0,0.0,1,0.5294117647058824,2431.564516129032,0,1908.4303797468353,85,45,50,49
msg_117,node3,node0,223,1080000,1083044.0,3044.0,,,,2528.0,,1,0.5294117647058824,2441.285714285714,0,1922.625,84,44,50,49
msg_118,node4,node0,223,1080000,,,,,,,,1,0.4664179104477612,1965.6497277676951,0,1581.2197080291971,761,21,50,49
msg_119,node5,node0,223,1080000,,,,,,,,1,0.4664179104477612,1965.6497277676951,0,1581.2197080291971,761,21,50,49
msg_120,node6,node0,223,1080000,1083044.0,3044.0,,,,2528.0,,1,0.5294117647058824,2441.285714285714,0,1922.625,84,44,50,49
msg_121,node7,node0,223,1080000,1083044.0,3044.0,,,,2528.0,0.0,1,0.5294117647058824,2459.8307692307694,0,1949.9756097560976,82,42,50,49
msg_122,node8,node0,223,1080000,1083042.0,3042.0,,,,2528.5,,1,0.5294117647058824,2400.508474576271,0,1863.671052631579,88,48,50,49
msg_123,node9,node0,223,1080000,1083042.0,3042.0,,,,2529.0,,1,0.5294117647058824,2411.2,0,1878.974025974026,87,47,50,49
msg_124,node10,node0,225,1080000,1083043.0,3043.0,,,,2530.5,,1,0.5294117647058824,2411.2,0,1878.974025974026,87,47,50,49
msg_125,node11,node0,225,1080000,,,,,,,,1,0.4664179104477612,1965.6497277676951,0,1581.2197080291971,761,21,50,49
msg_126,node12,node0,225,1080000,,,,,,,,1,0.4664179104477612,1965.6497277676951,0,1581.2197080291971,761,21,50,49
msg_127,node13,node0,225,1080000,1083044.0,3044.0,,,,2529.0,,1,0.5294117647058824,2459.8307692307694,0,1949.9756097560976,82,42,50,49
msg_128,node14,node0,225,1080000,1083046.0,3046.0,,,,2531.5,,1,0.5294117647058824,2523.945205479452,0,2047.3,74,34,50,49
msg_129,node15,node0,225,1080000,1083045.0,3045.0,,,,2529.0,,1,0.5294117647058824,2477.268656716418,0,1976.0238095238096,80,40,50,49
msg_130,node16,node0,225,1080000,,,,,,,,1,0.4664179104477612,1965.6497277676951,0,1581.2197080291971,761,21,50,49
msg_131,node17,node0,225,1080000,1083045.0,3045.0,,,,2530.5,0.0,1,0.5294117647058824,2485.6176470588234,0,1988.6,79,39,50,49
msg_132,node18,node0,225,1080000,,,,,,,,1,0.4664179104477612,1965.6497277676951,0,1581.2197080291971,761,21,50,49
msg_133,node19,node0,225,1080000,,,,,,,,1,0.4664179104477612,1965.6497277676951,0,1581.2197080291971,761,21,50,49
msg_134,node20,node0,225,1080000,1083045.0,3045.0,,,,2531.0,1.0,1,0.5294117647058824,2485.6176470588234,0,1988.6,79,39,50,49
msg_135,node21,node0,225,1080000,1083047.0,3047.0,,,,2532.0,,1,0.5294117647058824,2523.945205479452,0,2047.3,74,34,50,49
msg_136,node22,node0,225,1080000,,,,,,,,1,0.4664179104477612,1965.6497277676951,0,1581.2197080291971,761,21,50,49
msg_137,node23,node0,225,1080000,,,,,,,,1,0.4664179104477612,1965.6497277676951,0,1581.2197080291971,761,21,50,49
msg_138,node24,node0,225,1080000,1083045.0,3045.0,,,,2531.0,1.0,1,0.5294117647058824,2501.6,0,2012.8850574712644,77,37,50,49
msg_139,node25,node0,225,1080000,1083045.0,3045.0,,,,2531.5,,1,0.5294117647058824,2501.6,0,2012.8850574712644,77,37,50,49
msg_140,node26,node0,225,1080000,,,,,,,,1,0.4664179104477612,1965.6497277676951,0,1581.2197080291971,761,21,50,49
msg_141,node27,node0,225,1080000,1083046.0,3046.0,,,,2531.5,1.0,1,0.5294117647058824,2516.6944444444443,0,2036.0786516853932,75,35,50,49
msg_142,node28,node0,225,1080000,,,,,,,,1,0.4664179104477612,1965.6497277676951,0,1581.2197080291971,761,21,50,49
msg_143,node29,node0,225,1080000,,,,,,,,1,0.4664179104477612,1965.6497277676951,0,1581.2197080291971,761,21,50,49
msg_144,node30,node0,225,1080000,,,,,,,,1,0.4664179104477612,1965.6497277676951,0,1581.2197080291971,761,21,50,49
msg_145,node31,node0,225,1080000,1083047.0,3047.0,,,,2530.0,,1,0.5294117647058824,2537.88,0,2069.021739130435,72,32,50,49
msg_146,node32,node0,225,1080000,1083047.0,3047.0,,,,2531.0,,1,0.5294117647058824,2544.5789473684213,0,2079.537634408602,71,31,50,49
msg_147,node33,node0,225,1080000,1083047.0,3047.0,,,,2529.5,0.0,1,0.5294117647058824,2544.5789473684213,0,2079.537634408602,71,31,50,49
msg_148,node34,node0,225,1080000,,,,,,,,1,0.4664179104477612,1965.6497277676951,0,1581.2197080291971,761,21,50,49
msg_149,node35,node0,225,1080000,1083047.0,3047.0,,,,2527.5,,1,0.5294117647058824,2557.4615384615386,0,2099.9052631578948,69,29,50,49
msg_150,node36,node0,225,1080000,1083048.0,3048.0,,,,2528.0,0.5,1,0.5294117647058824,2563.6582278481014,0,2109.7708333333335,68,28,50,49
msg_151,node37,node0,225,1080000,1083048.0,3048.0,,,,2528.5,,1,0.5294117647058824,2563.6582278481014,0,2109.7708333333335,68,28,50,49
msg_152,node38,node0,225,1080000,,,,,,,,1,0.4664179104477612,1965.6497277676951,0,1581.2197080291971,761,21,50,49
msg_153,node39,node0,225,1080000,,,,,,,,1,0.4664179104477612,1965.6497277676951,0,1581.2197080291971,761,21,50,49
msg_154,node40,node0,225,1080000,1083048.0,3048.0,,,,2527.0,1.0,1,0.5294117647058824,2575.617283950617,0,2128.918367346939,66,26,50,49
msg_155,node41,node0,225,1080000,1083048.0,3048.0,,,,2527.0,0.5,1,0.5294117647058824,2575.617283950617,0,2128.918367346939,66,26,50,49
msg_156,node42,node0,225,1080000,,,,,,,,1,0.4664179104477612,1965.6497277676951,0,1581.2197080291971,761,21,50,49
msg_157,node43,node0,225,1080000,,,,,,,,1,0.4664179104477612,1965.6497277676951,0,1581.2197080291971,761,21,50,49
msg_158,node44,node0,225,1080000,1083048.0,3048.0,,,,2528.0,0.0,1,0.5294117647058824,2587.0,0,2147.3,64,24,50,49
msg_159,node45,node0,225,1080000,1083049.0,3049.0,,,,2528.0,1.0,1,0.5294117647058824,2592.4880952380954,0,2156.2178217821784,63,23,50,49
msg_160,node46,node0,225,1080000,1083049.0,3049.0,,,,2528.0,1.0,1,0.5294117647058824,2592.4880952380954,0,2156.2178217821784,63,23,50,49
msg_161,node47,node0,225,1080000,,,,,,,,1,0.4664179104477612,1965.6497277676951,0,1581.2197080291971,761,21,50,49
msg_162,node48,node0,225,1080000,,,,,,,,1,0.4664179104477612,1965.6497277676951,0,1581.2197080291971,761,21,50,49
msg_163,node49,node0,225,1080000,1083049.0,3049.0,,,,2526.0,1.0,1,0.5294117647058824,2603.1046511627906,0,2173.5533980582522,61,21,50,49
msg_164,node0,node21,225,1143047,1143048.0,1.0,,,,0.5294117647058824,2608.229885057471,1,2703.6666666666665,,0,2181.971153846154,61,21,50,1
msg_165,node1,node0,223,1440000,1440000.0,0.0,,,,0.3333333333333333,0.0,1,0.5555555555555556,2608.229885057471,0,2161.2,109,49,50,49
msg_166,node2,node0,223,1440000,1443050.0,3050.0,,,,2699.3333333333335,0.0,1,0.5555555555555556,2608.229885057471,0,2161.2,109,49,50,49
msg_167,node3,node0,223,1440000,1443050.0,3050.0,,,,2700.0,,1,0.5555555555555556,2583.887640449438,0,2149.308411214953,107,47,50,49
msg_168,node4,node0,223,1440000,,,,,,,,1,0.4664179104477612,1965.6497277676951,0,1581.2197080291971,761,21,50,49
msg_169,node5,node0,223,1440000,,,,,,,,1,0.4664179104477612,1965.6497277676951,0,1581.2197080291971,761,21,50,49
msg_170,node6,node0,223,1440000,1443050.0,3050.0,,,,2700.0,,1,0.5555555555555556,2589.0666666666666,0,2157.6481481481483,106,46,50,49
msg_171,node7,node0,223,1440000,1443051.0,3051.0,,,,2700.0,0.0,1,0.5555555555555556,2589.0666666666666,0,2157.6481481481483,106,46,50,49
msg_172,node8,node0,223,1440000,1443051.0,3051.0,,,,2699.6666666666665,,1,0.5555555555555556,2599.0978260869565,0,2173.8818181818183,104,44,50,49
msg_173,node9,node0,223,1440000,1443051.0,3051.0,,,,2700.0,,1,0.5555555555555556,2603.956989247312,0,2181.7837837837837,103,43,50,49
msg_174,node10,node0,225,1440000,1443055.0,3055.0,,,,2701.3333333333335,,1,0.5555555555555556,2673.3,0,2297.4453125,86,26,50,49
msg_175,node11,node0,225,1440000,,,,,,,,1,0.4664179104477612,1965.6497277676951,0,1581.2197080291971,761,21,50,49
msg_176,node12,node0,225,1440000,,,,,,,,1,0.4664179104477612,1965.6497277676951,0,1581.2197080291971,761,21,50,49
msg_177,node13,node0,225,1440000,1443051.0,3051.0,,,,2700.6666666666665,,1,0.5555555555555556,2603.956989247312,0,2181.7837837837837,103,43,50,49
msg_178,node14,node0,225,1440000,1443055.0,3055.0,,,,2703.0,,1,0.5555555555555556,2676.738738738739,0,2303.3178294573645,85,25,50,49
msg_179,node15,node0,225,1440000,1443051.0,3051.0,,,,2701.0,,1,0.5555555555555556,2613.3684210526317,0,2197.16814159292,101,41,50,49
msg_180,node16,node0,225,1440000,,,,,,,,1,0.4664179104477612,1965.6497277676951,0,1581.2197080291971,761,21,50,49
msg_181,node17,node0,225,1440000,1443052.0,3052.0,,,,2702.0,0.0,1,0.5555555555555556,2617.9270833333335,0,2204.657894736842,100,40,50,49
msg_182,node18,node0,225,1440000,,,,,,,,1,0.4664179104477612,1965.6497277676951,0,1581.2197080291971,761,21,50,49
msg_183,node19,node0,225,1440000,,,,,,,,1,0.4664179104477612,1965.6497277676951,0,1581.2197080291971,761,21,50,49
msg_184,node20,node0,225,1440000,1443052.0,3052.0,,,,2702.3333333333335,1.0,1,0.5555555555555556,2617.9270833333335,0,2204.657894736842,100,40,50,49
msg_185,node21,node0,225,1440000,1443055.0,3055.0,,,,2703.6666666666665,1.0,1,0.5555555555555556,2676.738738738739,0,2303.3178294573645,85,25,50,49
msg_186,node22,node0,225,1440000,,,,,,,,1,0.4664179104477612,1965.6497277676951,0,1581.2197080291971,761,21,50,49
msg_187,node23,node0,225,1440000,,,,,,,,1,0.4664179104477612,1965.6497277676951,0,1581.2197080291971,761,21,50,49
msg_188,node24,node0,225,1440000,1443052.0,3052.0,,,,2702.3333333333335,1.0,1,0.5555555555555556,2626.785714285714,0,2219.2672413793102,98,38,50,49
msg_189,node25,node0,225,1440000,1443052.0,3052.0,,,,2702.6666666666665,,1,0.5555555555555556,2631.080808080808,0,2226.3846153846152,97,37,50,49
msg_190,node26,node0,225,1440000,,,,,,,,1,0.4664179104477612,1965.6497277676951,0,1581.2197080291971,761,21,50,49
msg_191,node27,node0,225,1440000,1443052.0,3052.0,,,,2703.0,1.0,1,0.5555555555555556,2635.29,0,2233.3813559322034,96,36,50,49
msg_192,node28,node0,225,1440000,,,,,,,,1,0.4664179104477612,1965.6497277676951,0,1581.2197080291971,761,21,50,49
msg_193,node29,node0,225,1440000,,,,,,,,1,0.4664179104477612,1965.6497277676951,0,1581.2197080291971,761,21,50,49
msg_194,node30,node0,225,1440000,,,,,,,,1,0.4664179104477612,1965.6497277676951,0,1581.2197080291971,761,21,50,49
msg_195,node31,node0,225,1440000,1443055.0,3055.0,,,,2702.3333333333335,,1,0.5555555555555556,2683.433628318584,0,2314.793893129771,83,23,50,49
msg_196,node32,node0,225,1440000,1443056.0,3056.0,,,,2703.0,,1,0.5555555555555556,2686.6929824561403,0,2320.401515151515,82,22,50,49
msg_197,node33,node0,225,1440000,1443053.0,3053.0,,,,2702.0,0.0,1,0.5555555555555556,2639.4158415841584,0,2240.2605042016808,95,35,50,49
msg_198,node34,node0,225,1440000,,,,,,,,1,0.4664179104477612,1965.6497277676951,0,1581.2197080291971,761,21,50,49
msg_199,node35,node0,225,1440000,1443053.0,3053.0,,,,2700.6666666666665,,1,0.5555555555555556,2639.4158415841584,0,2240.2605042016808,95,35,50,49
msg_200,node36,node0,225,1440000,1443053.0,3053.0,,,,2701.3333333333335,0.5,1,0.5555555555555556,2647.4466019417478,0,2253.694214876033,93,33,50,49
msg_201,node37,node0,225,1440000,1443053.0,3053.0,,,,2701.6666666666665,,1,0.5555555555555556,2651.346153846154,0,2260.245901639344,92,32,50,49
msg_202,node38,node0,225,1440000,,,,,,,,1,0.4664179104477612,1965.6497277676951,0,1581.2197080291971,761,21,50,49
msg_203,node39,node0,225,1440000,,,,,,,,1,0.4664179104477612,1965.6497277676951,0,1581.2197080291971,761,21,50,49
msg_204,node40,node0,225,1440000,1443054.0,3054.0,,,,2700.6666666666665,1.0,1,0.5555555555555556,2655.1714285714284,0,2266.691056910569,91,31,50,49
msg_205,node41,node0,225,1440000,1443054.0,3054.0,,,,2700.6666666666665,0.5,1,0.5555555555555556,2655.1714285714284,0,2266.691056910569,91,31,50,49
msg_206,node42,node0,225,1440000,,,,,,,,1,0.4664179104477612,1965.6497277676951,0,1581.2197080291971,761,21,50,49
msg_207,node43,node0,225,1440000,,,,,,,,1,0.4664179104477612,1965.6497277676951,0,1581.2197080291971,761,21,50,49
msg_208,node44,node0,225,1440000,1443054.0,3054.0,,,,2701.3333333333335,0.0,1,0.5555555555555556,2662.626168224299,0,2279.288,89,29,50,49
msg_209,node45,node0,225,1440000,1443054.0,3054.0,,,,2701.6666666666665,1.0,1,0.5555555555555556,2666.25,0,2285.436507936508,88,28,50,49
msg_210,node46,node0,225,1440000,1443054.0,3054.0,,,,2701.6666666666665,1.0,1,0.5555555555555556,2666.25,0,2285.436507936508,88,28,50,49
msg_211,node47,node0,225,1440000,,,,,,,,1,0.4664179104477612,1965.6497277676951,0,1581.2197080291971,761,21,50,49
msg_212,node48,node0,225,1440000,,,,,,,,1,0.4664179104477612,1965.6497277676951,0,1581.2197080291971,761,21,50,49
msg_213,node49,node0,225,1440000,1443056.0,3056.0,,,,2700.3333333333335,1.0,1,0.5555555555555556,2689.904347826087,0,2325.9323308270677,81,21,50,49
msg_214,node0,node8,224,1503051,1503051.0,0.0,,,,0.5555555555555556,2693.060344827586,1,2787.5,,0,2331.3805970149256,81,21,50,1
msg_215,node0,node10,225,1503055,1503056.0,1.0,,,,0.5263157894736842,2693.060344827586,2,2789.75,,0,2314.1111111111113,83,23,50,2
msg_216,node0,node31,225,1503055,1503057.0,2.0,,,,0.55,2693.060344827586,2,2790.5,,0,2297.1029411764707,82,22,50,2
msg_217,node0,node32,225,1503056,1503057.0,1.0,,,,0.55,2693.060344827586,1,2791.25,,0,2297.1029411764707,82,22,50,1
msg_218,node1,node0,223,1800000,1800000.0,0.0,,,,0.25,0.0,1,0.6363636363636364,2693.060344827586,0,2263.8333333333335,129,49,50,49
msg_219,node2,node0,223,1800000,1801064.0,1064.0,,,,2787.0,0.0,1,0.6363636363636364,2543.433070866142,0,2167.986577181208,118,38,50,49
msg_220,node3,node0,223,1800000,1801065.0,1065.0,,,,2787.5,,1,0.6363636363636364,2520.4961240310076,0,2153.364238410596,116,36,50,49
msg_221,node4,node0,223,1800000,,,,,,,,1,0.4664179104477612,1965.6497277676951,0,1581.2197080291971,761,21,50,49
msg_222,node5,node0,223,1800000,,,,,,,,1,0.4664179104477612,1965.6497277676951,0,1581.2197080291971,761,21,50,49
msg_223,node6,node0,223,1800000,1801065.0,1065.0,,,,2787.5,,1,0.6363636363636364,2509.3,0,2146.2039473684213,115,35,50,49
msg_224,node7,node0,223,1800000,1801065.0,1065.0,,,,2787.75,0.0,1,0.6363636363636364,2509.3,0,2146.2039473684213,115,35,50,49
msg_225,node8,node0,223,1800000,1801065.0,1065.0,,,,2787.5,0.0,1,0.6363636363636364,2487.4166666666665,0,2132.1623376623374,113,33,50,49
msg_226,node9,node0,223,1800000,1801065.0,1065.0,,,,2787.75,,1,0.6363636363636364,2476.721804511278,0,2125.277419354839,112,32,50,49
msg_227,node10,node0,225,1800000,1801067.0,1067.0,,,,2789.75,1.0,1,0.6363636363636364,2387.323943661972,0,2067.1585365853657,103,23,50,49
msg_228,node11,node0,225,1800000,,,,,,,,1,0.4664179104477612,1965.6497277676951,0,1581.2197080291971,761,21,50,49
msg_229,node12,node0,225,1800000,,,,,,,,1,0.4664179104477612,1965.6497277676951,0,1581.2197080291971,761,21,50,49
msg_230,node13,node0,225,1800000,1801066.0,1066.0,,,,2788.25,,1,0.6363636363636364,2476.721804511278,0,2125.277419354839,112,32,50,49
msg_231,node14,node0,225,1800000,1801068.0,1068.0,,,,2791.0,,1,0.6363636363636364,2387.323943661972,0,2067.1585365853657,103,23,50,49
msg_232,node15,node0,225,1800000,1801066.0,1066.0,,,,2788.5,,1,0.6363636363636364,2455.814814814815,0,2111.7770700636943,110,30,50,49
msg_233,node16,node0,225,1800000,,,,,,,,1,0.4664179104477612,1965.6497277676951,0,1581.2197080291971,761,21,50,49
msg_234,node17,node0,225,1800000,1801066.0,1066.0,,,,2789.5,0.0,1,0.6363636363636364,2445.595588235294,0,2105.1582278481014,109,29,50,49
msg_235,node18,node0,225,1800000,,,,,,,,1,0.4664179104477612,1965.6497277676951,0,1581.2197080291971,761,21,50,49
msg_236,node19,node0,225,1800000,,,,,,,,1,0.4664179104477612,1965.6497277676951,0,1581.2197080291971,761,21,50,49
msg_237,node20,node0,225,1800000,1801066.0,1066.0,,,,2789.75,1.0,1,0.6363636363636364,2445.595588235294,0,2105.1582278481014,109,29,50,49
msg_238,node21,node0,225,1800000,1801068.0,1068.0,,,,2791.5,1.0,1,0.6363636363636364,2368.9930555555557,0,2055.114457831325,101,21,50,49
msg_239,node22,node0,225,1800000,,,,,,,,1,0.4664179104477612,1965.6497277676951,0,1581.2197080291971,761,21,50,49
msg_240,node23,node0,225,1800000,,,,,,,,1,0.4664179104477612,1965.6497277676951,0,1581.2197080291971,761,21,50,49
msg_241,node24,node0,225,1800000,1801066.0,1066.0,,,,2789.75,1.0,1,0.6363636363636364,2425.6014492753625,0,2092.16875,107,27,50,49
msg_242,node25,node0,225,1800000,1801067.0,1067.0,,,,2790.0,,1,0.6363636363636364,2415.820143884892,0,2085.795031055901,106,26,50,49
msg_243,node26,node0,225,1800000,,,,,,,,1,0.4664179104477612,1965.6497277676951,0,1581.2197080291971,761,21,50,49
msg_244,node27,node0,225,1800000,1801064.0,1064.0,,,,2790.25,1.0,1,0.6363636363636364,2543.433070866142,0,2167.986577181208,118,38,50,49
msg_245,node28,node0,225,1800000,,,,,,,,1,0.4664179104477612,1965.6497277676951,0,1581.2197080291971,761,21,50,49
msg_246,node29,node0,225,1800000,,,,,,,,1,0.4664179104477612,1965.6497277676951,0,1581.2197080291971,761,21,50,49
msg_247,node30,node0,225,1800000,,,,,,,,1,0.4664179104477612,1965.6497277676951,0,1581.2197080291971,761,21,50,49
msg_248,node31,node0,225,1800000,1801067.0,1067.0,,,,2790.5,2.0,1,0.6363636363636364,2415.820143884892,0,2085.795031055901,106,26,50,49
msg_249,node32,node0,225,1800000,1801067.0,1067.0,,,,2791.25,1.0,1,0.6363636363636364,2396.6879432624114,0,2073.294478527607,104,24,50,49
msg_250,node33,node0,225,1800000,1801061.0,1061.0,,,,2789.75,0.0,1,0.6363636363636364,2693.060344827586,0,2263.8333333333335,129,49,50,49
msg_251,node34,node0,225,1800000,,,,,,,,1,0.4664179104477612,1965.6497277676951,0,1581.2197080291971,761,21,50,49
msg_252,node35,node0,225,1800000,1801061.0,1061.0,,,,2788.75,,1,0.6363636363636364,2656.406779661017,0,2239.0714285714284,127,47,50,49
msg_253,node36,node0,225,1800000,1801062.0,1062.0,,,,2789.25,0.5,1,0.6363636363636364,2643.0,0,2230.7163120567375,126,46,50,49
msg_254,node37,node0,225,1800000,1801062.0,1062.0,,,,2789.5,,1,0.6363636363636364,2629.825,0,2222.4859154929577,125,45,50,49
msg_255,node38,node0,225,1800000,,,,,,,,1,0.4664179104477612,1965.6497277676951,0,1581.2197080291971,761,21,50,49
msg_256,node39,node0,225,1800000,,,,,,,,1,0.4664179104477612,1965.6497277676951,0,1581.2197080291971,761,21,50,49
msg_257,node40,node0,225,1800000,1801062.0,1062.0,,,,2789.0,1.0,1,0.6363636363636364,2629.825,0,2222.4859154929577,125,45,50,49
msg_258,node41,node0,225,1800000,1801062.0,1062.0,,,,2789.0,0.5,1,0.6363636363636364,2604.122950819672,0,2206.3680555555557,123,43,50,49
msg_259,node42,node0,225,1800000,,,,,,,,1,0.4664179104477612,1965.6497277676951,0,1581.2197080291971,761,21,50,49
msg_260,node43,node0,225,1800000,,,,,,,,1,0.4664179104477612,1965.6497277676951,0,1581.2197080291971,761,21,50,49
msg_261,node44,node0,225,1800000,1801062.0,1062.0,,,,2789.5,0.0,1,0.6363636363636364,2591.5853658536585,0,2198.4758620689654,122,42,50,49
msg_262,node45,node0,225,1800000,1801063.0,1063.0,,,,2789.75,1.0,1,0.6363636363636364,2591.5853658536585,0,2198.4758620689654,122,42,50,49
msg_263,node46,node0,225,1800000,1801063.0,1063.0,,,,2789.75,1.0,1,0.6363636363636364,2567.12,0,2183.0204081632655,120,40,50,49
msg_264,node47,node0,225,1800000,,,,,,,,1,0.4664179104477612,1965.6497277676951,0,1581.2197080291971,761,21,50,49
msg_265,node48,node0,225,1800000,,,,,,,,1,0.4664179104477612,1965.6497277676951,0,1581.2197080291971,761,21,50,49
msg_266,node49,node0,225,1800000,1801063.0,1063.0,,,,2789.25,1.0,1,0.6363636363636364,2555.1825396825398,0,2175.4527027027025,119,39,50,49
msg_267,node0,node41,225,1861062,1861062.0,0.0,,,,0.6363636363636364,2360.020689655172,1,2443.6,0.5,0,2049.2035928143714,101,21,50,1
msg_268,node0,node9,224,1861065,1861065.0,0.0,,,,0.6086956521739131,2360.020689655172,1,2443.2,,0,2037.0059523809523,101,21,50,1
msg_269,node0,node15,225,1861066,1861066.0,0.0,,,,0.5833333333333334,2360.020689655172,1,2444.0,,0,2024.9526627218936,101,21,50,1
msg_270,node1,node0,223,2160000,2160000.0,0.0,,,,0.2,0.0,1,0.56,2360.020689655172,0,2013.0411764705882,149,49,50,49
msg_271,node2,node0,223,2160000,2163059.0,3059.0,,,,2442.4,0.0,1,0.56,2360.020689655172,0,2013.0411764705882,149,49,50,49
msg_272,node3,node0,223,2160000,2163059.0,3059.0,,,,2443.0,,1,0.56,2348.721088435374,0,2007.4186046511627,147,47,50,49
msg_273,node4,node0,223,2160000,,,,,,,,1,0.4664179104477612,1965.6497277676951,0,1581.2197080291971,761,21,50,49
msg_274,node5,node0,223,2160000,,,,,,,,1,0.4664179104477612,1965.6497277676951,0,1581.2197080291971,761,21,50,49
msg_275,node6,node0,223,2160000,2163059.0,3059.0,,,,2443.0,,1,0.56,2353.5202702702704,0,2013.4971098265896,146,46,50,49
msg_276,node7,node0,223,2160000,2163060.0,3060.0,,,,2443.2,0.0,1,0.56,2358.2550335570468,0,2019.5057471264367,145,45,50,49
msg_277,node8,node0,223,2160000,2163060.0,3060.0,,,,2443.0,0.0,1,0.56,2358.2550335570468,0,2019.5057471264367,145,45,50,49
msg_278,node9,node0,223,2160000,2163060.0,3060.0,,,,2443.2,0.0,1,0.56,2367.5496688741723,0,2031.3295454545455,143,43,50,49
msg_279,node10,node0,225,2160000,2163064.0,3064.0,,,,2445.2,1.0,1,0.56,2434.047904191617,0,2117.1875,127,27,50,49
msg_280,node11,node0,225,2160000,,,,,,,,1,0.4664179104477612,1965.6497277676951,0,1581.2197080291971,761,21,50,49
msg_281,node12,node0,225,2160000,,,,,,,,1,0.4664179104477612,1965.6497277676951,0,1581.2197080291971,761,21,50,49
msg_282,node13,node0,225,2160000,2163060.0,3060.0,,,,2443.8,,1,0.56,2372.1052631578946,0,2037.1412429378531,142,42,50,49
msg_283,node14,node0,225,2160000,2163064.0,3064.0,,,,2446.4,,1,0.56,2441.4970414201184,0,2126.943298969072,125,25,50,49
msg_284,node15,node0,225,2160000,2163060.0,3060.0,,,,2444.0,0.0,1,0.56,2372.1052631578946,0,2037.1412429378531,142,42,50,49
msg_285,node16,node0,225,2160000,,,,,,,,1,0.4664179104477612,1965.6497277676951,0,1581.2197080291971,761,21,50,49
msg_286,node17,node0,225,2160000,2163061.0,3061.0,,,,2444.8,0.0,1,0.56,2372.1052631578946,0,2037.1412429378531,142,42,50,49
msg_287,node18,node0,225,2160000,,,,,,,,1,0.4664179104477612,1965.6497277676951,0,1581.2197080291971,761,21,50,49
msg_288,node19,node0,225,2160000,,,,,,,,1,0.4664179104477612,1965.6497277676951,0,1581.2197080291971,761,21,50,49
msg_289,node20,node0,225,2160000,2163061.0,3061.0,,,,2445.0,1.0,1,0.56,2385.425806451613,0,2054.1944444444443,139,39,50,49
msg_290,node21,node0,225,2160000,2163064.0,3064.0,,,,2446.8,1.0,1,0.56,2445.1588235294116,0,2131.748717948718,124,24,50,49
msg_291,node22,node0,225,2160000,,,,,,,,1,0.4664179104477612,1965.6497277676951,0,1581.2197080291971,761,21,50,49
msg_292,node23,node0,225,2160000,,,,,,,,1,0.4664179104477612,1965.6497277676951,0,1581.2197080291971,761,21,50,49
msg_293,node24,node0,225,2160000,2163061.0,3061.0,,,,2445.0,1.0,1,0.56,2389.75641025641,0,2059.756906077348,138,38,50,49
msg_294,node25,node0,225,2160000,2163061.0,3061.0,,,,2445.4,,1,0.56,2394.0318471337578,0,2065.2582417582416,137,37,50,49
msg_295,node26,node0,225,2160000,,,,,,,,1,0.4664179104477612,1965.6497277676951,0,1581.2197080291971,761,21,50,49
msg_296,node27,node0,225,2160000,2163062.0,3062.0,,,,2445.0,1.0,1,0.56,2394.0318471337578,0,2065.2582417582416,137,37,50,49
msg_297,node28,node0,225,2160000,,,,,,,,1,0.4664179104477612,1965.6497277676951,0,1581.2197080291971,761,21,50,49
msg_298,node29,node0,225,2160000,,,,,,,,1,0.4664179104477612,1965.6497277676951,0,1581.2197080291971,761,21,50,49
msg_299,node30,node0,225,2160000,,,,,,,,1,0.4664179104477612,1965.6497277676951,0,1581.2197080291971,761,21,50,49
msg_300,node31,node0,225,2160000,2163064.0,3064.0,,,,2445.8,2.0,1,0.56,2448.777777777778,0,2136.5051020408164,123,23,50,49
msg_301,node32,node0,225,2160000,2163065.0,3065.0,,,,2446.4,1.0,1,0.56,2452.3546511627906,0,2141.213197969543,122,22,50,49
msg_302,node33,node0,225,2160000,2163062.0,3062.0,,,,2444.0,0.0,1,0.56,2402.4276729559747,0,2076.086956521739,135,35,50,49
msg_303,node34,node0,225,2160000,,,,,,,,1,0.4664179104477612,1965.6497277676951,0,1581.2197080291971,761,21,50,49
msg_304,node35,node0,225,2160000,2163062.0,3062.0,,,,2443.2,,1,0.56,2406.55,0,2081.416216216216,134,34,50,49
msg_305,node36,node0,225,2160000,2163062.0,3062.0,,,,2443.8,0.5,1,0.56,2410.6211180124224,0,2086.6881720430106,133,33,50,49
msg_306,node37,node0,225,2160000,2163062.0,3062.0,,,,2444.0,,1,0.56,2410.6211180124224,0,2086.6881720430106,133,33,50,49
msg_307,node38,node0,225,2160000,,,,,,,,1,0.4664179104477612,1965.6497277676951,0,1581.2197080291971,761,21,50,49
msg_308,node39,node0,225,2160000,,,,,,,,1,0.4664179104477612,1965.6497277676951,0,1581.2197080291971,761,21,50,49
msg_309,node40,node0,225,2160000,2163063.0,3063.0,,,,2443.6,1.0,1,0.56,2418.6134969325153,0,2097.063829787234,131,31,50,49
msg_310,node41,node0,225,2160000,2163063.0,3063.0,,,,2443.6,0.3333333333333333,1,0.56,2422.5426829268295,0,2102.1746031746034,130,30,50,49
msg_311,node42,node0,225,2160000,,,,,,,,1,0.4664179104477612,1965.6497277676951,0,1581.2197080291971,761,21,50,49
msg_312,node43,node0,225,2160000,,,,,,,,1,0.4664179104477612,1965.6497277676951,0,1581.2197080291971,761,21,50,49
msg_313,node44,node0,225,2160000,2163063.0,3063.0,,,,2444.0,0.0,1,0.56,2422.5426829268295,0,2102.1746031746034,130,30,50,49
msg_314,node45,node0,225,2160000,2163063.0,3063.0,,,,2444.4,1.0,1,0.56,2430.259036144578,0,2112.2356020942407,128,28,50,49
msg_315,node46,node0,225,2160000,2163063.0,3063.0,,,,2444.4,1.0,1,0.56,2434.047904191617,0,2117.1875,127,27,50,49
msg_316,node47,node0,225,2160000,,,,,,,,1,0.4664179104477612,1965.6497277676951,0,1581.2197080291971,761,21,50,49
msg_317,node48,node0,225,2160000,,,,,,,,1,0.4664179104477612,1965.6497277676951,0,1581.2197080291971,761,21,50,49
msg_318,node49,node0,225,2160000,2163065.0,3065.0,,,,2444.0,1.0,1,0.56,2455.8959537572255,0,2145.878787878788,121,21,50,49
msg_319,node0,node3,224,2223059,2223059.0,0.0,,,,0.56,2459.396551724138,1,2545.6666666666665,,0,2150.497487437186,121,21,50,1
msg_320,node0,node8,224,2223060,2223060.0,0.0,,,,0.5384615384615384,2459.396551724138,2,2545.8333333333335,0.0,0,2139.745,122,22,50,2
msg_321,node0,node13,225,2223060,2223061.0,1.0,,,,0.5185185185185185,2459.396551724138,2,2546.5,,0,2129.0995024875624,124,24,50,2
msg_322,node0,node20,225,2223061,2223061.0,0.0,,,,0.5185185185185185,2459.396551724138,3,2547.6666666666665,1.0,0,2129.0995024875624,124,24,50,3
msg_323,node0,node24,225,2223061,2223062.0,1.0,,,,0.5172413793103449,2459.396551724138,3,2547.6666666666665,1.0,0,2108.128078817734,126,26,50,3
msg_324,node0,node25,225,2223061,2223062.0,1.0,,,,0.5333333333333333,2459.396551724138,3,2548.0,,0,2097.799019607843,126,26,50,3
msg_325,node0,node27,225,2223062,2223062.0,0.0,,,,0.5483870967741935,2459.396551724138,4,2547.8333333333335,1.0,0,2087.570731707317,125,25,50,4
msg_326,node0,node33,225,2223062,2223063.0,1.0,,,,0.5483870967741935,2459.396551724138,4,2547.0,0.0,0,2087.570731707317,125,25,50,4
msg_327,node0,node35,225,2223062,2223063.0,1.0,,,,0.5483870967741935,2459.396551724138,4,2546.3333333333335,,0,2087.570731707317,125,25,50,4
msg_328,node0,node36,225,2223062,2223064.0,2.0,,,,0.5588235294117647,2459.396551724138,4,2546.8333333333335,0.5,0,2057.471153846154,122,22,50,4
msg_329,node0,node40,225,2223063,2223064.0,1.0,,,,0.6,2459.396551724138,1,2546.8333333333335,1.0,0,2047.6363636363637,121,21,50,1
msg_330,node1,node0,223,2520000,2520000.0,0.0,,,,0.16666666666666666,0.0,1,0.6111111111111112,2459.396551724138,0,2037.8904761904762,169,49,50,49
msg_331,node2,node0,223,2520000,2520097.0,97.0,,,,2545.1666666666665,0.0,1,0.6111111111111112,2445.342857142857,0,2028.2322274881517,168,48,50,49
msg_332,node3,node0,223,2520000,2520097.0,97.0,,,,2545.6666666666665,0.0,1,0.6111111111111112,2445.342857142857,0,2028.2322274881517,168,48,50,49
msg_333,node4,node0,223,2520000,,,,,,,,1,0.4664179104477612,1965.6497277676951,0,1581.2197080291971,761,21,50,49
msg_334,node5,node0,223,2520000,,,,,,,,1,0.4664179104477612,1965.6497277676951,0,1581.2197080291971,761,21,50,49
msg_335,node6,node0,223,2520000,2520097.0,97.0,,,,2545.6666666666665,,1,0.6111111111111112,2418.80790960452,0,2010.0985915492959,166,46,50,49
msg_336,node7,node0,223,2520000,2520097.0,97.0,,,,2546.0,0.0,1,0.6111111111111112,2405.7640449438204,0,2001.1588785046729,165,45,50,49
msg_337,node8,node0,223,2520000,2520097.0,97.0,,,,2545.8333333333335,0.0,1,0.6111111111111112,2392.8659217877093,0,1992.3023255813953,164,44,50,49
msg_338,node9,node0,223,2520000,2520098.0,98.0,,,,2546.0,0.0,1,0.6111111111111112,2392.8659217877093,0,1992.3023255813953,164,44,50,49
msg_339,node10,node0,225,2520000,2520101.0,101.0,,,,2548.3333333333335,1.0,1,0.6111111111111112,2237.5364583333335,0,1884.3377192982457,151,31,50,49
msg_340,node11,node0,225,2520000,,,,,,,,1,0.4664179104477612,1965.6497277676951,0,1581.2197080291971,761,21,50,49
msg_341,node12,node0,225,2520000,,,,,,,,1,0.4664179104477612,1965.6497277676951,0,1581.2197080291971,761,21,50,49
msg_342,node13,node0,225,2520000,2520098.0,98.0,,,,2546.5,1.0,1,0.6111111111111112,2367.502762430939,0,1974.8387096774193,162,42,50,49
msg_343,node14,node0,225,2520000,2520101.0,101.0,,,,2549.3333333333335,,1,0.6111111111111112,2226.4663212435235,0,1876.5502183406113,150,30,50,49
msg_344,node15,node0,225,2520000,2520098.0,98.0,,,,2546.6666666666665,0.0,1,0.6111111111111112,2355.032967032967,0,1966.2293577981652,161,41,50,49
msg_345,node16,node0,225,2520000,,,,,,,,1,0.4664179104477612,1965.6497277676951,0,1581.2197080291971,761,21,50,49
msg_346,node17,node0,225,2520000,2520098.0,98.0,,,,2547.5,0.0,1,0.6111111111111112,2342.6994535519125,0,1957.6986301369864,160,40,50,49
msg_347,node18,node0,225,2520000,,,,,,,,1,0.4664179104477612,1965.6497277676951,0,1581.2197080291971,761,21,50,49
msg_348,node19,node0,225,2520000,,,,,,,,1,0.4664179104477612,1965.6497277676951,0,1581.2197080291971,761,21,50,49
msg_349,node20,node0,225,2520000,2520099.0,99.0,,,,2547.6666666666665,0.5,1,0.6111111111111112,2342.6994535519125,0,1957.6986301369864,160,40,50,49
msg_350,node21,node0,225,2520000,2520101.0,101.0,,,,2549.6666666666665,1.0,1,0.6111111111111112,2226.4663212435235,0,1876.5502183406113,150,30,50,49
msg_351,node22,node0,225,2520000,,,,,,,,1,0.4664179104477612,1965.6497277676951,0,1581.2197080291971,761,21,50,49
msg_352,node23,node0,225,2520000,,,,,,,,1,0.4664179104477612,1965.6497277676951,0,1581.2197080291971,761,21,50,49
msg_353,node24,node0,225,2520000,2520099.0,99.0,,,,2547.6666666666665,1.0,1,0.6111111111111112,2318.437837837838,0,1940.8733031674208,158,38,50,49
msg_354,node25,node0,225,2520000,2520099.0,99.0,,,,2548.0,1.0,1,0.6111111111111112,2306.505376344086,0,1932.5765765765766,157,37,50,49
msg_355,node26,node0,225,2520000,,,,,,,,1,0.4664179104477612,1965.6497277676951,0,1581.2197080291971,761,21,50,49
msg_356,node27,node0,225,2520000,2520099.0,99.0,,,,2547.8333333333335,0.5,1,0.6111111111111112,2294.700534759358,0,1924.354260089686,156,36,50,49
msg_357,node28,node0,225,2520000,,,,,,,,1,0.4664179104477612,1965.6497277676951,0,1581.2197080291971,761,21,50,49
msg_358,node29,node0,225,2520000,,,,,,,,1,0.4664179104477612,1965.6497277676951,0,1581.2197080291971,761,21,50,49
msg_359,node30,node0,225,2520000,,,,,,,,1,0.4664179104477612,1965.6497277676951,0,1581.2197080291971,761,21,50,49
msg_360,node31,node0,225,2520000,2520103.0,103.0,,,,2548.8333333333335,2.0,1,0.6111111111111112,2152.09,0,1823.8983050847457,143,23,50,49
msg_361,node32,node0,225,2520000,2520103.0,103.0,,,,2549.5,1.0,1,0.6111111111111112,2131.79702970297,0,1809.4327731092437,141,21,50,49
msg_362,node33,node0,225,2520000,2520101.0,101.0,,,,2547.0,0.5,1,0.6111111111111112,2193.933673469388,0,1853.5905172413793,147,27,50,49
msg_363,node34,node0,225,2520000,,,,,,,,1,0.4664179104477612,1965.6497277676951,0,1581.2197080291971,761,21,50,49
msg_364,node35,node0,225,2520000,2520102.0,102.0,,,,2546.3333333333335,1.0,1,0.6111111111111112,2193.933673469388,0,1853.5905172413793,147,27,50,49
msg_365,node36,node0,225,2520000,2520102.0,102.0,,,,2546.8333333333335,1.0,1,0.6111111111111112,2172.7979797979797,0,1838.6153846153845,145,25,50,49
msg_366,node37,node0,225,2520000,2520102.0,102.0,,,,2547.0,,1,0.6111111111111112,2162.391959798995,0,1831.2255319148935,144,24,50,49
msg_367,node38,node0,225,2520000,,,,,,,,1,0.4664179104477612,1965.6497277676951,0,1581.2197080291971,761,21,50,49
msg_368,node39,node0,225,2520000,,,,,,,,1,0.4664179104477612,1965.6497277676951,0,1581.2197080291971,761,21,50,49
msg_369,node40,node0,225,2520000,2520102.0,102.0,,,,2546.8333333333335,1.0,1,0.6111111111111112,2152.09,0,1823.8983050847457,143,23,50,49
msg_370,node41,node0,225,2520000,2520099.0,99.0,,,,2546.8333333333335,0.3333333333333333,1,0.6111111111111112,2283.021276595745,0,1916.205357142857,155,35,50,49
msg_371,node42,node0,225,2520000,,,,,,,,1,0.4664179104477612,1965.6497277676951,0,1581.2197080291971,761,21,50,49
msg_372,node43,node0,225,2520000,,,,,,,,1,0.4664179104477612,1965.6497277676951,0,1581.2197080291971,761,21,50,49
msg_373,node44,node0,225,2520000,2520100.0,100.0,,,,2547.1666666666665,0.0,1,0.6111111111111112,2283.021276595745,0,1916.205357142857,155,35,50,49
msg_374,node45,node0,225,2520000,2520100.0,100.0,,,,2547.5,1.0,1,0.6111111111111112,2283.021276595745,0,1916.205357142857,155,35,50,49
msg_375,node46,node0,225,2520000,2520100.0,100.0,,,,2547.5,1.0,1,0.6111111111111112,2248.7277486910994,0,1892.1982378854625,152,32,50,49
msg_376,node47,node0,225,2520000,,,,,,,,1,0.4664179104477612,1965.6497277676951,0,1581.2197080291971,761,21,50,49
msg_377,node48,node0,225,2520000,,,,,,,,1,0.4664179104477612,1965.6497277676951,0,1581.2197080291971,761,21,50,49
msg_378,node49,node0,225,2520000,2520101.0,101.0,,,,2547.5,1.0,1,0.6111111111111112,2204.6666666666665,0,1861.1774891774892,148,28,50,49
msg_379,node0,node27,225,2580099,2580099.0,0.0,,,,0.6111111111111112,2121.8029556650245,2,2198.0,0.5,0,1802.2928870292887,142,22,50,2
msg_380,node0,node41,225,2580099,2580099.0,0.0,,,,0.6111111111111112,2121.8029556650245,2,2197.1428571428573,0.3333333333333333,0,1802.2928870292887,142,22,50,2
msg_381,node0,node44,225,2580100,2580100.0,0.0,,,,0.5789473684210527,2121.8029556650245,3,2197.5714285714284,0.0,0,1787.3360995850621,143,23,50,3
msg_382,node0,node45,225,2580100,2580101.0,1.0,,,,0.5789473684210527,2121.8029556650245,3,2197.8571428571427,1.0,0,1787.3360995850621,143,23,50,3
msg_383,node0,node46,225,2580100,2580101.0,1.0,,,,0.575,2121.8029556650245,3,2197.8571428571427,1.0,0,1772.6296296296296,141,21,50,3
msg_384,node1,node0,223,2880000,2880000.0,0.0,,,,0.14285714285714285,0.0,1,0.5853658536585366,2121.8029556650245,0,1765.3688524590164,189,49,50,49
msg_385,node2,node0,223,2880000,2883077.0,3077.0,,,,2195.4285714285716,0.0,1,0.5853658536585366,2121.8029556650245,0,1765.3688524590164,189,49,50,49
msg_386,node3,node0,223,2880000,2883078.0,3078.0,,,,2195.8571428571427,0.0,1,0.5853658536585366,2116.112195121951,0,1763.5243902439024,187,47,50,49
msg_387,node4,node0,223,2880000,,,,,,,,1,0.4664179104477612,1965.6497277676951,0,1581.2197080291971,761,21,50,49
msg_388,node5,node0,223,2880000,,,,,,,,1,0.4664179104477612,1965.6497277676951,0,1581.2197080291971,761,21,50,49
msg_389,node6,node0,223,2880000,2883078.0,3078.0,,,,2195.8571428571427,,1,0.5853658536585366,2120.7815533980583,0,1768.8461538461538,186,46,50,49
msg_390,node7,node0,223,2880000,2883079.0,3079.0,,,,2196.1428571428573,0.0,1,0.5853658536585366,2125.4057971014495,0,1774.125,185,45,50,49
msg_391,node8,node0,223,2880000,2883079.0,3079.0,,,,2196.0,0.0,1,0.5853658536585366,2129.9903846153848,0,1779.3654618473895,184,44,50,49
msg_392,node9,node0,223,2880000,2883079.0,3079.0,,,,2196.285714285714,0.0,1,0.5853658536585366,2134.531100478469,0,1784.564,183,43,50,49
msg_393,node10,node0,225,2880000,2883079.0,3079.0,,,,2198.714285714286,1.0,1,0.5853658536585366,2134.531100478469,0,1784.564,183,43,50,49
msg_394,node11,node0,225,2880000,,,,,,,,1,0.4664179104477612,1965.6497277676951,0,1581.2197080291971,761,21,50,49
msg_395,node12,node0,225,2880000,,,,,,,,1,0.4664179104477612,1965.6497277676951,0,1581.2197080291971,761,21,50,49
msg_396,node13,node0,225,2880000,2883080.0,3080.0,,,,2196.714285714286,1.0,1,0.5853658536585366,2134.531100478469,0,1784.564,183,43,50,49
msg_397,node14,node0,225,2880000,2883081.0,3081.0,,,,2199.5714285714284,,1,0.5853658536585366,2156.61214953271,0,1809.956862745098,178,38,50,49
msg_398,node15,node0,225,2880000,2883080.0,3080.0,,,,2196.8571428571427,0.0,1,0.5853658536585366,2147.9009433962265,0,1799.9169960474308,180,40,50,49
msg_399,node16,node0,225,2880000,,,,,,,,1,0.4664179104477612,1965.6497277676951,0,1581.2197080291971,761,21,50,49
msg_400,node17,node0,225,2880000,2883080.0,3080.0,,,,2197.5714285714284,0.0,1,0.5853658536585366,2152.2769953051643,0,1804.9566929133857,179,39,50,49
msg_401,node18,node0,225,2880000,,,,,,,,1,0.4664179104477612,1965.6497277676951,0,1581.2197080291971,761,21,50,49
msg_402,node19,node0,225,2880000,,,,,,,,1,0.4664179104477612,1965.6497277676951,0,1581.2197080291971,761,21,50,49
msg_403,node20,node0,225,2880000,2883080.0,3080.0,,,,2197.8571428571427,0.5,1,0.5853658536585366,2156.61214953271,0,1809.956862745098,178,38,50,49
msg_404,node21,node0,225,2880000,2883083.0,3083.0,,,,2199.8571428571427,1.0,1,0.5853658536585366,2189.936936936937,0,1848.6311787072243,170,30,50,49
msg_405,node22,node0,225,2880000,,,,,,,,1,0.4664179104477612,1965.6497277676951,0,1581.2197080291971,761,21,50,49
msg_406,node23,node0,225,2880000,,,,,,,,1,0.4664179104477612,1965.6497277676951,0,1581.2197080291971,761,21,50,49
msg_407,node24,node0,225,2880000,2883081.0,3081.0,,,,2197.8571428571427,1.0,1,0.5853658536585366,2156.61214953271,0,1809.956862745098,178,38,50,49
msg_408,node25,node0,225,2880000,2883081.0,3081.0,,,,2198.1428571428573,1.0,1,0.5853658536585366,2169.3870967741937,0,1824.7325581395348,175,35,50,49
msg_409,node26,node0,225,2880000,,,,,,,,1,0.4664179104477612,1965.6497277676951,0,1581.2197080291971,761,21,50,49
msg_410,node27,node0,225,2880000,2883082.0,3082.0,,,,2198.0,0.3333333333333333,1,0.5853658536585366,2173.5688073394494,0,1829.5830115830115,174,34,50,49
msg_411,node28,node0,225,2880000,,,,,,,,1,0.4664179104477612,1965.6497277676951,0,1581.2197080291971,761,21,50,49
msg_412,node29,node0,225,2880000,,,,,,,,1,0.4664179104477612,1965.6497277676951,0,1581.2197080291971,761,21,50,49
msg_413,node30,node0,225,2880000,,,,,,,,1,0.4664179104477612,1965.6497277676951,0,1581.2197080291971,761,21,50,49
msg_414,node31,node0,225,2880000,2883083.0,3083.0,,,,2199.4285714285716,2.0,1,0.5853658536585366,2189.936936936937,0,1848.6311787072243,170,30,50,49
msg_415,node32,node0,225,2880000,2883083.0,3083.0,,,,2200.0,1.0,1,0.5853658536585366,2201.84,0,1862.548872180451,167,27,50,49
msg_416,node33,node0,225,2880000,2883082.0,3082.0,,,,2197.5714285714284,0.5,1,0.5853658536585366,2177.716894977169,0,1834.4,173,33,50,49
msg_417,node34,node0,225,2880000,,,,,,,,1,0.4664179104477612,1965.6497277676951,0,1581.2197080291971,761,21,50,49
msg_418,node35,node0,225,2880000,2883082.0,3082.0,,,,2197.1428571428573,1.0,1,0.5853658536585366,2177.716894977169,0,1834.4,173,33,50,49
msg_419,node36,node0,225,2880000,2883082.0,3082.0,,,,2197.5714285714284,1.0,1,0.5853658536585366,2185.9004524886877,0,1843.9236641221373,171,31,50,49
msg_420,node37,node0,225,2880000,2883082.0,3082.0,,,,2197.714285714286,,1,0.5853658536585366,2189.936936936937,0,1848.6311787072243,170,30,50,49
msg_421,node38,node0,225,2880000,,,,,,,,1,0.4664179104477612,1965.6497277676951,0,1581.2197080291971,761,21,50,49
msg_422,node39,node0,225,2880000,,,,,,,,1,0.4664179104477612,1965.6497277676951,0,1581.2197080291971,761,21,50,49
msg_423,node40,node0,225,2880000,2883084.0,3084.0,,,,2197.5714285714284,1.0,1,0.5853658536585366,2205.738938053097,0,1867.119850187266,166,26,50,49
msg_424,node41,node0,225,2880000,2883084.0,3084.0,,,,2197.1428571428573,0.25,1,0.5853658536585366,2209.6079295154186,0,1871.660447761194,165,25,50,49
msg_425,node42,node0,225,2880000,,,,,,,,1,0.4664179104477612,1965.6497277676951,0,1581.2197080291971,761,21,50,49
msg_426,node43,node0,225,2880000,,,,,,,,1,0.4664179104477612,1965.6497277676951,0,1581.2197080291971,761,21,50,49
msg_427,node44,node0,225,2880000,2883084.0,3084.0,,,,2197.5714285714284,0.0,1,0.5853658536585366,2209.6079295154186,0,1871.660447761194,165,25,50,49
msg_428,node45,node0,225,2880000,2883084.0,3084.0,,,,2197.8571428571427,1.0,1,0.5853658536585366,2217.244541484716,0,1880.6407407407407,163,23,50,49
msg_429,node46,node0,225,2880000,2883084.0,3084.0,,,,2197.8571428571427,1.0,1,0.5853658536585366,2221.013043478261,0,1885.081180811808,162,22,50,49
msg_430,node47,node0,225,2880000,,,,,,,,1,0.4664179104477612,1965.6497277676951,0,1581.2197080291971,761,21,50,49
msg_431,node48,node0,225,2880000,,,,,,,,1,0.4664179104477612,1965.6497277676951,0,1581.2197080291971,761,21,50,49
msg_432,node49,node0,225,2880000,2883085.0,3085.0,,,,2198.0,1.0,1,0.5853658536585366,2221.013043478261,0,1885.081180811808,162,22,50,49
msg_433,node0,node6,224,2943078,2943078.0,0.0,,,,0.5853658536585366,2228.456896551724,1,2306.125,,0,1893.868131868132,161,21,50,1
msg_434,node0,node8,224,2943079,2943079.0,0.0,,,,0.5714285714285714,2228.456896551724,1,2306.375,0.0,0,1886.956204379562,161,21,50,1
msg_435,node0,node14,225,2943081,2943082.0,1.0,,,,0.5581395348837209,2228.456896551724,2,2309.75,,0,1880.0945454545454,162,22,50,2
msg_436,node0,node24,225,2943081,2943082.0,1.0,,,,0.5581395348837209,2228.456896551724,2,2308.25,1.0,0,1880.0945454545454,162,22,50,2
msg_437,node0,node32,225,2943083,2943084.0,1.0,,,,0.5777777777777777,2228.456896551724,1,2310.375,1.0,0,1866.5270758122745,165,25,50,1
msg_438,node0,node40,225,2943084,2943084.0,0.0,,,,0.5777777777777777,2228.456896551724,4,2308.375,1.0,0,1866.5270758122745,165,25,50,4
msg_439,node0,node41,225,2943084,2943084.0,0.0,,,,0.574468085106383,2228.456896551724,4,2308.0,0.25,0,1853.1505376344087,163,23,50,4
msg_440,node0,node45,225,2943084,2943085.0,1.0,,,,0.5625,2228.456896551724,4,2308.625,1.0,0,1846.5321428571428,162,22,50,4
msg_441,node0,node46,225,2943084,2943085.0,1.0,,,,0.5625,2228.456896551724,4,2308.625,1.0,0,1846.5321428571428,162,22,50,4
msg_442,node1,node0,223,3240000,3240000.0,0.0,,,,0.125,0.0,1,0.58,2228.456896551724,0,1833.4432624113474,209,49,50,49
msg_443,node2,node0,223,3240000,3240097.0,97.0,,,,2305.625,0.0,1,0.58,2035.6,0,1701.9901639344262,186,26,50,49
msg_444,node3,node0,223,3240000,3240098.0,98.0,,,,2306.125,0.0,1,0.58,2028.02734375,0,1696.7450980392157,185,25,50,49
msg_445,node4,node0,223,3240000,,,,,,,,1,0.4664179104477612,1965.6497277676951,0,1581.2197080291971,761,21,50,49
msg_446,node5,node0,223,3240000,,,,,,,,1,0.4664179104477612,1965.6497277676951,0,1581.2197080291971,761,21,50,49
msg_447,node6,node0,223,3240000,3240098.0,98.0,,,,2306.125,0.0,1,0.58,2020.5175097276265,0,1691.5374592833875,184,24,50,49
msg_448,node7,node0,223,3240000,3240098.0,98.0,,,,2306.5,0.0,1,0.58,2013.0658914728683,0,1686.3636363636363,183,23,50,49
msg_449,node8,node0,223,3240000,3240096.0,96.0,,,,2306.375,0.0,1,0.58,2074.376,0,1728.7433333333333,191,31,50,49
msg_450,node9,node0,223,3240000,3240097.0,97.0,,,,2306.625,0.0,1,0.58,2074.376,0,1728.7433333333333,191,31,50,49
msg_451,node10,node0,225,3240000,3240098.0,98.0,,,,2308.75,1.0,1,0.58,2013.0658914728683,0,1686.3636363636363,183,23,50,49
msg_452,node11,node0,225,3240000,,,,,,,,1,0.4664179104477612,1965.6497277676951,0,1581.2197080291971,761,21,50,49
msg_453,node12,node0,225,3240000,,,,,,,,1,0.4664179104477612,1965.6497277676951,0,1581.2197080291971,761,21,50,49
msg_454,node13,node0,225,3240000,3240097.0,97.0,,,,2307.125,1.0,1,0.58,2074.376,0,1728.7433333333333,191,31,50,49
msg_455,node14,node0,225,3240000,3240099.0,99.0,,,,2309.75,1.0,1,0.58,2013.0658914728683,0,1686.3636363636363,183,23,50,49
msg_456,node15,node0,225,3240000,3240097.0,97.0,,,,2307.25,0.0,1,0.58,2074.376,0,1728.7433333333333,191,31,50,49
msg_457,node16,node0,225,3240000,,,,,,,,1,0.4664179104477612,1965.6497277676951,0,1581.2197080291971,761,21,50,49
msg_458,node17,node0,225,3240000,3240097.0,97.0,,,,2307.875,0.0,1,0.58,2043.232283464567,0,1707.2697368421052,187,27,50,49
msg_459,node18,node0,225,3240000,,,,,,,,1,0.4664179104477612,1965.6497277676951,0,1581.2197080291971,761,21,50,49
msg_460,node19,node0,225,3240000,,,,,,,,1,0.4664179104477612,1965.6497277676951,0,1581.2197080291971,761,21,50,49
msg_461,node20,node0,225,3240000,3240095.0,95.0,,,,2308.125,0.5,1,0.58,2123.0450819672133,0,1762.0816326530612,197,37,50,49
msg_462,node21,node0,225,3240000,3240096.0,96.0,,,,2310.25,1.0,1,0.58,2082.3212851405624,0,1734.2040133779265,192,32,50,49
msg_463,node22,node0,225,3240000,,,,,,,,1,0.4664179104477612,1965.6497277676951,0,1581.2197080291971,761,21,50,49
msg_464,node23,node0,225,3240000,,,,,,,,1,0.4664179104477612,1965.6497277676951,0,1581.2197080291971,761,21,50,49
msg_465,node24,node0,225,3240000,3240095.0,95.0,,,,2308.25,1.0,1,0.58,2123.0450819672133,0,1762.0816326530612,197,37,50,49
msg_466,node25,node0,225,3240000,3240095.0,95.0,,,,2308.5,1.0,1,0.58,2098.412955465587,0,1745.2424242424242,194,34,50,49
msg_467,node26,node0,225,3240000,,,,,,,,1,0.4664179104477612,1965.6497277676951,0,1581.2197080291971,761,21,50,49
msg_468,node27,node0,225,3240000,3240095.0,95.0,,,,2308.5,0.3333333333333333,1,0.58,2090.3346774193546,0,1739.7046979865772,193,33,50,49
msg_469,node28,node0,225,3240000,,,,,,,,1,0.4664179104477612,1965.6497277676951,0,1581.2197080291971,761,21,50,49
msg_470,node29,node0,225,3240000,,,,,,,,1,0.4664179104477612,1965.6497277676951,0,1581.2197080291971,761,21,50,49
msg_471,node30,node0,225,3240000,,,,,,,,1,0.4664179104477612,1965.6497277676951,0,1581.2197080291971,761,21,50,49
msg_472,node31,node0,225,3240000,3240094.0,94.0,,,,2309.875,2.0,1,0.58,2131.395061728395,0,1767.7747440273038,198,38,50,49
msg_473,node32,node0,225,3240000,3240095.0,95.0,,,,2310.375,1.0,1,0.58,2123.0450819672133,0,1762.0816326530612,197,37,50,49
msg_474,node33,node0,225,3240000,3240093.0,93.0,,,,2308.125,0.5,1,0.58,2174.205882352941,0,1796.8402777777778,203,43,50,49
msg_475,node34,node0,225,3240000,,,,,,,,1,0.4664179104477612,1965.6497277676951,0,1581.2197080291971,761,21,50,49
msg_476,node35,node0,225,3240000,3240093.0,93.0,,,,2307.75,1.0,1,0.58,2165.4979079497907,0,1790.9446366782006,202,42,50,49
msg_477,node36,node0,225,3240000,3240094.0,94.0,,,,2308.125,1.0,1,0.58,2156.8625,0,1785.0896551724138,201,41,50,49
msg_478,node37,node0,225,3240000,3240094.0,94.0,,,,2308.25,,1,0.58,2156.8625,0,1785.0896551724138,201,41,50,49
msg_479,node38,node0,225,3240000,,,,,,,,1,0.4664179104477612,1965.6497277676951,0,1581.2197080291971,761,21,50,49
msg_480,node39,node0,225,3240000,,,,,,,,1,0.4664179104477612,1965.6497277676951,0,1581.2197080291971,761,21,50,49
msg_481,node40,node0,225,3240000,3240094.0,94.0,,,,2308.375,0.6666666666666666,1,0.58,2156.8625,0,1785.0896551724138,201,41,50,49
msg_482,node41,node0,225,3240000,3240092.0,92.0,,,,2308.0,0.2,1,0.58,2200.782978723404,0,1814.7824561403509,206,46,50,49
msg_483,node42,node0,225,3240000,,,,,,,,1,0.4664179104477612,1965.6497277676951,0,1581.2197080291971,761,21,50,49
msg_484,node43,node0,225,3240000,,,,,,,,1,0.4664179104477612,1965.6497277676951,0,1581.2197080291971,761,21,50,49
msg_485,node44,node0,225,3240000,3240092.0,92.0,,,,2308.375,0.0,1,0.58,2191.8474576271187,0,1808.7587412587413,205,45,50,49
msg_486,node45,node0,225,3240000,3240093.0,93.0,,,,2308.625,1.0,1,0.58,2182.987341772152,0,1802.7770034843206,204,44,50,49
msg_487,node46,node0,225,3240000,3240091.0,91.0,,,,2308.625,1.0,1,0.58,2209.7991452991455,0,1820.8521126760563,207,47,50,49
msg_488,node47,node0,225,3240000,,,,,,,,1,0.4664179104477612,1965.6497277676951,0,1581.2197080291971,761,21,50,49
msg_489,node48,node0,225,3240000,,,,,,,,1,0.4664179104477612,1965.6497277676951,0,1581.2197080291971,761,21,50,49
msg_490,node49,node0,225,3240000,3240091.0,91.0,,,,2308.875,1.0,1,0.58,2228.456896551724,0,1833.4432624113474,209,49,50,49
msg_491,node0,node33,225,3300093,3300093.0,0.0,,,,0.58,1991.057471264368,2,2062.0,0.5,0,1671.0450160771704,182,22,50,2
msg_492,node0,node35,225,3300093,3300094.0,1.0,,,,0.5686274509803921,1991.057471264368,2,2061.6666666666665,1.0,0,1665.6891025641025,182,22,50,2
msg_493,node0,node40,225,3300094,3300094.0,0.0,,,,0.5686274509803921,1991.057471264368,1,2062.3333333333335,0.6666666666666666,0,1665.6891025641025,182,22,50,1
msg_494,node0,node32,225,3300095,3300096.0,1.0,,,,0.5660377358490566,1991.057471264368,1,2064.222222222222,1.0,0,1655.0828025477706,181,21,50,1
msg_495,node0,node3,224,3300098,3300098.0,0.0,,,,0.5740740740740741,1991.057471264368,3,2060.777777777778,0.0,0,1649.831746031746,183,23,50,3
msg_496,node0,node6,224,3300098,3300099.0,1.0,,,,0.5740740740740741,1991.057471264368,3,2060.777777777778,0.0,0,1649.831746031746,183,23,50,3
msg_497,node0,node7,224,3300098,3300099.0,1.0,,,,0.5740740740740741,1991.057471264368,3,2061.1111111111113,0.0,0,1649.831746031746,183,23,50,3
msg_498,node1,node0,223,3600000,3600000.0,0.0,,,,0.1111111111111111,0.0,1,0.5789473684210527,1991.057471264368,0,1634.2735849056603,229,49,50,49
msg_499,node2,node0,223,3600000,3600180.0,180.0,,,,2060.222222222222,0.0,1,0.5789473684210527,1983.4580152671756,0,1629.1504702194356,228,48,50,49
msg_500,node3,node0,223,3600000,3600180.0,180.0,,,,2060.777777777778,0.0,1,0.5789473684210527,1976.6007604562737,0,1624.621875,227,47,50,49
msg_501,node4,node0,223,3600000,,,,,,,,1,0.4664179104477612,1965.6497277676951,0,1581.2197080291971,761,21,50,49
msg_502,node5,node0,223,3600000,,,,,,,,1,0.4664179104477612,1965.6497277676951,0,1581.2197080291971,761,21,50,49
msg_503,node6,node0,223,3600000,3600181.0,181.0,,,,2060.777777777778,0.5,1,0.5789473684210527,1969.7954545454545,0,1620.1214953271028,226,46,50,49
msg_504,node7,node0,223,3600000,3600181.0,181.0,,,,2061.1111111111113,0.5,1,0.5789473684210527,1963.0452830188678,0,1615.6521739130435,225,45,50,49
msg_505,node8,node0,223,3600000,3600181.0,181.0,,,,2060.777777777778,0.0,1,0.5789473684210527,1963.0452830188678,0,1615.6521739130435,225,45,50,49
msg_506,node9,node0,223,3600000,3600181.0,181.0,,,,2061.1111111111113,0.0,1,0.5789473684210527,1963.0452830188678,0,1615.6521739130435,225,45,50,49
msg_507,node10,node0,225,3600000,3600182.0,182.0,,,,2063.1111111111113,1.0,1,0.5789473684210527,1936.546468401487,0,1598.0490797546013,221,41,50,49
msg_508,node11,node0,225,3600000,,,,,,,,1,0.4664179104477612,1965.6497277676951,0,1581.2197080291971,761,21,50,49
msg_509,node12,node0,225,3600000,,,,,,,,1,0.4664179104477612,1965.6497277676951,0,1581.2197080291971,761,21,50,49
msg_510,node13,node0,225,3600000,3600181.0,181.0,,,,2061.5555555555557,1.0,1,0.5789473684210527,1963.0452830188678,0,1615.6521739130435,225,45,50,49
msg_511,node14,node0,225,3600000,3600184.0,184.0,,,,2064.1111111111113,1.0,1,0.5789473684210527,1892.0615942028985,0,1568.2942942942943,214,34,50,49
msg_512,node15,node0,225,3600000,3600182.0,182.0,,,,2061.6666666666665,0.0,1,0.5789473684210527,1930.0481481481481,0,1593.7186544342508,220,40,50,49
msg_513,node16,node0,225,3600000,,,,,,,,1,0.4664179104477612,1965.6497277676951,0,1581.2197080291971,761,21,50,49
msg_514,node17,node0,225,3600000,3600182.0,182.0,,,,2062.222222222222,0.0,1,0.5789473684210527,1923.5977859778598,0,1589.4146341463415,219,39,50,49
msg_515,node18,node0,225,3600000,,,,,,,,1,0.4664179104477612,1965.6497277676951,0,1581.2197080291971,761,21,50,49
msg_516,node19,node0,225,3600000,,,,,,,,1,0.4664179104477612,1965.6497277676951,0,1581.2197080291971,761,21,50,49
msg_517,node20,node0,225,3600000,3600183.0,183.0,,,,2062.222222222222,0.5,1,0.5789473684210527,1917.1948529411766,0,1585.1367781155016,218,38,50,49
msg_518,node21,node0,225,3600000,3600184.0,184.0,,,,2064.222222222222,1.0,1,0.5789473684210527,1885.8953068592057,0,1564.1497005988024,213,33,50,49
msg_519,node22,node0,225,3600000,,,,,,,,1,0.4664179104477612,1965.6497277676951,0,1581.2197080291971,761,21,50,49
msg_520,node23,node0,225,3600000,,,,,,,,1,0.4664179104477612,1965.6497277676951,0,1581.2197080291971,761,21,50,49
msg_521,node24,node0,225,3600000,3600183.0,183.0,,,,2062.3333333333335,1.0,1,0.5789473684210527,1910.8424908424909,0,1580.887878787879,217,37,50,49
msg_522,node25,node0,225,3600000,3600183.0,183.0,,,,2062.5555555555557,1.0,1,0.5789473684210527,1904.536496350365,0,1576.6646525679757,216,36,50,49
msg_523,node26,node0,225,3600000,,,,,,,,1,0.4664179104477612,1965.6497277676951,0,1581.2197080291971,761,21,50,49
msg_524,node27,node0,225,3600000,3600183.0,183.0,,,,2062.5555555555557,0.3333333333333333,1,0.5789473684210527,1898.2763636363636,0,1572.4668674698796,215,35,50,49
msg_525,node28,node0,225,3600000,,,,,,,,1,0.4664179104477612,1965.6497277676951,0,1581.2197080291971,761,21,50,49
msg_526,node29,node0,225,3600000,,,,,,,,1,0.4664179104477612,1965.6497277676951,0,1581.2197080291971,761,21,50,49
msg_527,node30,node0,225,3600000,,,,,,,,1,0.4664179104477612,1965.6497277676951,0,1581.2197080291971,761,21,50,49
msg_528,node31,node0,225,3600000,3600184.0,184.0,,,,2063.6666666666665,2.0,1,0.5789473684210527,1879.773381294964,0,1560.0298507462687,212,32,50,49
msg_529,node32,node0,225,3600000,3600184.0,184.0,,,,2064.222222222222,1.0,1,0.5789473684210527,1873.695340501792,0,1555.9345238095239,211,31,50,49
msg_530,node33,node0,225,3600000,3600185.0,185.0,,,,2062.0,0.3333333333333333,1,0.5789473684210527,1873.695340501792,0,1555.9345238095239,211,31,50,49
msg_531,node34,node0,225,3600000,,,,,,,,1,0.4664179104477612,1965.6497277676951,0,1581.2197080291971,761,21,50,49
msg_532,node35,node0,225,3600000,3600185.0,185.0,,,,2061.6666666666665,1.0,1,0.5789473684210527,1873.695340501792,0,1555.9345238095239,211,31,50,49
msg_533,node36,node0,225,3600000,3600185.0,185.0,,,,2062.1111111111113,1.0,1,0.5789473684210527,1873.695340501792,0,1555.9345238095239,211,31,50,49
msg_534,node37,node0,225,3600000,3600185.0,185.0,,,,2062.222222222222,,1,0.5789473684210527,1849.8233215547702,0,1539.8029411764705,207,27,50,49
msg_535,node38,node0,225,3600000,,,,,,,,1,0.4664179104477612,1965.6497277676951,0,1581.2197080291971,761,21,50,49
msg_536,node39,node0,225,3600000,,,,,,,,1,0.4664179104477612,1965.6497277676951,0,1581.2197080291971,761,21,50,49
msg_537,node40,node0,225,3600000,3600186.0,186.0,,,,2062.3333333333335,0.5,1,0.5789473684210527,1843.9612676056338,0,1535.8299120234603,206,26,50,49
msg_538,node41,node0,225,3600000,3600186.0,186.0,,,,2061.777777777778,0.2,1,0.5789473684210527,1838.1438596491228,0,1531.8830409356726,205,25,50,49
msg_539,node42,node0,225,3600000,,,,,,,,1,0.4664179104477612,1965.6497277676951,0,1581.2197080291971,761,21,50,49
msg_540,node43,node0,225,3600000,,,,,,,,1,0.4664179104477612,1965.6497277676951,0,1581.2197080291971,761,21,50,49
msg_541,node44,node0,225,3600000,3600186.0,186.0,,,,2062.1111111111113,0.0,1,0.5789473684210527,1832.3671328671328,0,1527.9591836734694,204,24,50,49
msg_542,node45,node0,225,3600000,3600186.0,186.0,,,,2062.4444444444443,1.0,1,0.5789473684210527,1826.630662020906,0,1524.0581395348838,203,23,50,49
msg_543,node46,node0,225,3600000,3600187.0,187.0,,,,2062.222222222222,1.0,1,0.5789473684210527,1820.9340277777778,0,1520.1797101449276,202,22,50,49
msg_544,node47,node0,225,3600000,,,,,,,,1,0.4664179104477612,1965.6497277676951,0,1581.2197080291971,761,21,50,49
msg_545,node48,node0,225,3600000,,,,,,,,1,0.4664179104477612,1965.6497277676951,0,1581.2197080291971,761,21,50,49
msg_546,node49,node0,225,3600000,3600187.0,187.0,,,,2062.4444444444443,1.0,1,0.5789473684210527,1815.280276816609,0,1516.3265895953757,201,21,50,49
msg_547,node0,node9,224,3660181,3660181.0,0.0,,,,0.5789473684210527,1809.6655172413793,1,1873.1,0.0,0,1512.4956772334294,201,21,50,1
msg_548,node0,node24,225,3660183,3660183.0,0.0,,,,0.5689655172413793,1809.6655172413793,2,1874.4,1.0,0,1508.1494252873563,202,22,50,2
msg_549,node0,node27,225,3660183,3660183.0,0.0,,,,0.559322033898305,1809.6655172413793,2,1874.6,0.3333333333333333,0,1503.8280802292263,203,23,50,2
msg_550,node0,node14,225,3660184,3660185.0,1.0,,,,0.55,1809.6655172413793,2,1876.1,1.0,0,1499.5314285714285,203,23,50,2
msg_551,node0,node31,225,3660184,3660185.0,1.0,,,,0.5573770491803278,1809.6655172413793,2,1875.7,2.0,0,1495.2621082621083,204,24,50,2
msg_552,node0,node35,225,3660185,3660185.0,0.0,,,,0.5645161290322581,1809.6655172413793,1,1874.0,1.0,0,1491.0170454545455,203,23,50,1
msg_553,node0,node41,225,3660186,3660186.0,0.0,,,,0.5555555555555556,1809.6655172413793,2,1874.2,0.2,0,1486.7932011331445,202,22,50,2
msg_554,node0,node44,225,3660186,3660186.0,0.0,,,,0.546875,1809.6655172413793,2,1874.5,0.0,0,1482.593220338983,201,21,50,2
msg_555,node0,node49,225,3660187,3660188.0,1.0,,,,0.5384615384615384,1809.6655172413793,1,1874.9,1.0,0,1478.4169014084507,201,21,50,1
msg_556,node1,node0,224,3960000,3960000.0,0.0,,,,0.1,0.0,1,0.5454545454545454,1809.6655172413793,0,1474.2668539325844,249,49,50,49
msg_557,node2,node0,224,3960000,3962123.0,2123.0,,,,1872.2,0.0,1,0.5454545454545454,1803.446735395189,0,1470.137254901961,248,48,50,49
msg_558,node3,node0,224,3960000,3962123.0,2123.0,,,,1872.7,0.0,1,0.5454545454545454,1804.541095890411,0,1471.9608938547485,247,47,50,49
msg_559,node4,node0,224,3960000,,,,,,,,1,0.4664179104477612,1965.6497277676951,0,1581.2197080291971,761,21,50,49
msg_560,node5,node0,224,3960000,,,,,,,,1,0.4664179104477612,1965.6497277676951,0,1581.2197080291971,761,21,50,49
msg_561,node6,node0,224,3960000,3962124.0,2124.0,,,,1872.8,0.5,1,0.5454545454545454,1805.627986348123,0,1473.774373259053,246,46,50,49
msg_562,node7,node0,224,3960000,3962124.0,2124.0,,,,1873.1,0.5,1,0.5454545454545454,1806.7108843537414,0,1475.5805555555555,245,45,50,49
msg_563,node8,node0,224,3960000,3962124.0,2124.0,,,,1872.8,0.0,1,0.5454545454545454,1807.786440677966,0,1477.3767313019391,244,44,50,49
msg_564,node9,node0,224,3960000,3962125.0,2125.0,,,,1873.1,0.0,1,0.5454545454545454,1808.8547297297298,0,1479.1629834254143,243,43,50,49
msg_565,node10,node0,226,3960000,3962125.0,2125.0,,,,1875.0,1.0,1,0.5454545454545454,1812.0267558528428,0,1484.4712328767123,240,40,50,49
msg_566,node11,node0,226,3960000,,,,,,,,1,0.4664179104477612,1965.6497277676951,0,1581.2197080291971,761,21,50,49
msg_567,node12,node0,226,3960000,,,,,,,,1,0.4664179104477612,1965.6497277676951,0,1581.2197080291971,761,21,50,49
msg_568,node13,node0,226,3960000,3962125.0,2125.0,,,,1873.5,1.0,1,0.5454545454545454,1809.919191919192,0,1480.9421487603306,242,42,50,49
msg_569,node14,node0,226,3960000,3962126.0,2126.0,,,,1876.1,1.0,1,0.5454545454545454,1813.07,0,1486.22131147541,239,39,50,49
msg_570,node15,node0,226,3960000,3962125.0,2125.0,,,,1873.7,0.0,1,0.5454545454545454,1810.976510067114,0,1482.7115384615386,241,41,50,49
msg_571,node16,node0,226,3960000,,,,,,,,1,0.4664179104477612,1965.6497277676951,0,1581.2197080291971,761,21,50,49
msg_572,node17,node0,226,3960000,3962126.0,2126.0,,,,1874.2,0.0,1,0.5454545454545454,1814.109634551495,0,1487.9645776566758,238,38,50,49
msg_573,node18,node0,226,3960000,,,,,,,,1,0.4664179104477612,1965.6497277676951,0,1581.2197080291971,761,21,50,49
msg_574,node19,node0,226,3960000,,,,,,,,1,0.4664179104477612,1965.6497277676951,0,1581.2197080291971,761,21,50,49
msg_575,node20,node0,226,3960000,3962126.0,2126.0,,,,1874.3,0.5,1,0.5454545454545454,1815.1423841059602,0,1489.6983695652175,237,37,50,49
msg_576,node21,node0,226,3960000,3962127.0,2127.0,,,,1876.2,1.0,1,0.5454545454545454,1818.2,0,1494.8436657681941,234,34,50,49
msg_577,node22,node0,226,3960000,,,,,,,,1,0.4664179104477612,1965.6497277676951,0,1581.2197080291971,761,21,50,49
msg_578,node23,node0,226,3960000,,,,,,,,1,0.4664179104477612,1965.6497277676951,0,1581.2197080291971,761,21,50,49
msg_579,node24,node0,226,3960000,3962126.0,2126.0,,,,1874.4,0.75,1,0.5454545454545454,1816.1683168316831,0,1491.4227642276423,236,36,50,49
msg_580,node25,node0,226,3960000,3962126.0,2126.0,,,,1874.6,1.0,1,0.5454545454545454,1817.1875,0,1493.1378378378379,235,35,50,49
msg_581,node26,node0,226,3960000,,,,,,,,1,0.4664179104477612,1965.6497277676951,0,1581.2197080291971,761,21,50,49
msg_582,node27,node0,226,3960000,3962127.0,2127.0,,,,1874.6,0.25,1,0.5454545454545454,1819.2091503267975,0,1496.5430107526881,233,33,50,49
msg_583,node28,node0,226,3960000,,,,,,,,1,0.4664179104477612,1965.6497277676951,0,1581.2197080291971,761,21,50,49
msg_584,node29,node0,226,3960000,,,,,,,,1,0.4664179104477612,1965.6497277676951,0,1581.2197080291971,761,21,50,49
msg_585,node30,node0,226,3960000,,,,,,,,1,0.4664179104477612,1965.6497277676951,0,1581.2197080291971,761,21,50,49
msg_586,node31,node0,226,3960000,3962129.0,2129.0,,,,1875.7,1.5,1,0.5454545454545454,1827.0796178343949,0,1509.8394736842106,225,25,50,49
msg_587,node32,node0,226,3960000,3962129.0,2129.0,,,,1876.2,1.0,1,0.5454545454545454,1828.0380952380951,0,1511.4645669291338,224,24,50,49
msg_588,node33,node0,226,3960000,3962128.0,2128.0,,,,1874.3,0.3333333333333333,1,0.5454545454545454,1820.2117263843647,0,1498.2332439678285,232,32,50,49
msg_589,node34,node0,226,3960000,,,,,,,,1,0.4664179104477612,1965.6497277676951,0,1581.2197080291971,761,21,50,49
msg_590,node35,node0,226,3960000,3962128.0,2128.0,,,,1874.0,0.6666666666666666,1,0.5454545454545454,1821.2110389610389,0,1499.9171122994653,231,31,50,49
msg_591,node36,node0,226,3960000,3962128.0,2128.0,,,,1874.4,1.0,1,0.5454545454545454,1822.2038834951456,0,1501.592,230,30,50,49
msg_592,node37,node0,226,3960000,3962128.0,2128.0,,,,1874.5,,1,0.5454545454545454,1822.2038834951456,0,1501.592,230,30,50,49
msg_593,node38,node0,226,3960000,,,,,,,,1,0.4664179104477612,1965.6497277676951,0,1581.2197080291971,761,21,50,49
msg_594,node39,node0,226,3960000,,,,,,,,1,0.4664179104477612,1965.6497277676951,0,1581.2197080291971,761,21,50,49
msg_595,node40,node0,226,3960000,3962128.0,2128.0,,,,1874.7,0.5,1,0.5454545454545454,1822.2038834951456,0,1501.592,230,30,50,49
msg_596,node41,node0,226,3960000,3962129.0,2129.0,,,,1874.2,0.16666666666666666,1,0.5454545454545454,1822.2038834951456,0,1501.592,230,30,50,49
msg_597,node42,node0,226,3960000,,,,,,,,1,0.4664179104477612,1965.6497277676951,0,1581.2197080291971,761,21,50,49
msg_598,node43,node0,226,3960000,,,,,,,,1,0.4664179104477612,1965.6497277676951,0,1581.2197080291971,761,21,50,49
msg_599,node44,node0,226,3960000,3962129.0,2129.0,,,,1874.5,0.0,1,0.5454545454545454,1826.115015974441,0,1508.2058047493404,226,26,50,49
msg_600,node45,node0,226,3960000,3962130.0,2130.0,,,,1874.8,1.0,1,0.5454545454545454,1828.990506329114,0,1513.0811518324608,223,23,50,49
msg_601,node46,node0,226,3960000,3962130.0,2130.0,,,,1874.7,1.0,1,0.5454545454545454,1829.9400630914827,0,1514.6919060052219,222,22,50,49
msg_602,node47,node0,226,3960000,,,,,,,,1,0.4664179104477612,1965.6497277676951,0,1581.2197080291971,761,21,50,49
msg_603,node48,node0,226,3960000,,,,,,,,1,0.4664179104477612,1965.6497277676951,0,1581.2197080291971,761,21,50,49
msg_604,node49,node0,226,3960000,3962130.0,2130.0,,,,1874.9,1.0,1,0.5454545454545454,1830.8836477987422,0,1516.2942708333333,221,21,50,49
msg_605,node0,node2,224,4022123,4022123.0,0.0,,,,0.5454545454545454,1831.82131661442,1,1895.0,0.0,0,1517.8883116883117,221,21,50,1
msg_606,node0,node10,225,4022125,4022126.0,1.0,,,,0.5373134328358209,1831.82131661442,1,1897.7272727272727,1.0,0,1513.9559585492227,223,23,50,1
msg_607,node0,node24,225,4022126,4022126.0,0.0,,,,0.5373134328358209,1831.82131661442,2,1897.2727272727273,0.75,0,1513.9559585492227,223,23,50,2
msg_608,node0,node25,225,4022126,4022126.0,0.0,,,,0.5373134328358209,1831.82131661442,2,1897.4545454545455,1.0,0,1513.9559585492227,223,23,50,2
msg_609,node0,node37,225,4022128,4022128.0,0.0,,,,0.5285714285714286,1831.82131661442,1,1897.5454545454545,,0,1502.2827763496143,221,21,50,1
msg_610,node0,node31,225,4022129,4022130.0,1.0,,,,0.5211267605633803,1831.82131661442,2,1898.7272727272727,1.5,0,1498.4307692307693,224,24,50,2
msg_611,node0,node32,225,4022129,4022130.0,1.0,,,,0.5211267605633803,1831.82131661442,2,1899.1818181818182,1.0,0,1498.4307692307693,224,24,50,2
msg_612,node0,node45,225,4022130,4022130.0,0.0,,,,0.5211267605633803,1831.82131661442,2,1898.0,1.0,0,1498.4307692307693,224,24,50,2
msg_613,node0,node46,225,4022130,4022130.0,0.0,,,,0.527027027027027,1831.82131661442,2,1897.909090909091,1.0,0,1486.9974554707378,221,21,50,2
msg_614,node1,node0,224,4320000,4320000.0,0.0,,,,0.09090909090909091,0.0,1,0.52,1831.82131661442,0,1483.2233502538072,269,49,50,49
msg_615,node2,node0,224,4320000,4321155.0,1155.0,,,,1895.0,0.0,1,0.52,1826.096875,0,1479.4683544303798,268,48,50,49
msg_616,node3,node0,224,4320000,4321155.0,1155.0,,,,1895.4545454545455,0.0,1,0.52,1824.006230529595,0,1478.6489898989898,267,47,50,49
msg_617,node4,node0,224,4320000,,,,,,,,1,0.4664179104477612,1965.6497277676951,0,1581.2197080291971,761,21,50,49
msg_618,node5,node0,224,4320000,,,,,,,,1,0.4664179104477612,1965.6497277676951,0,1581.2197080291971,761,21,50,49
msg_619,node6,node0,224,4320000,4321156.0,1156.0,,,,1895.6363636363637,0.5,1,0.52,1821.9285714285713,0,1477.8337531486145,266,46,50,49
msg_620,node7,node0,224,4320000,4321156.0,1156.0,,,,1895.909090909091,0.5,1,0.52,1819.8668730650154,0,1477.0251256281408,265,45,50,49
msg_621,node8,node0,224,4320000,4321156.0,1156.0,,,,1895.6363636363637,0.0,1,0.52,1817.817901234568,0,1476.220551378446,264,44,50,49
msg_622,node9,node0,224,4320000,4321157.0,1157.0,,,,1896.0,0.0,1,0.52,1815.7815384615385,0,1475.42,263,43,50,49
msg_623,node10,node0,226,4320000,4321159.0,1159.0,,,,1897.7272727272727,1.0,1,0.52,1799.966966966967,0,1469.186274509804,255,35,50,49
msg_624,node11,node0,226,4320000,,,,,,,,1,0.4664179104477612,1965.6497277676951,0,1581.2197080291971,761,21,50,49
msg_625,node12,node0,226,4320000,,,,,,,,1,0.4664179104477612,1965.6497277676951,0,1581.2197080291971,761,21,50,49
msg_626,node13,node0,226,4320000,4321157.0,1157.0,,,,1896.3636363636363,1.0,1,0.52,1813.760736196319,0,1474.6259351620947,262,42,50,49
msg_627,node14,node0,226,4320000,4321159.0,1159.0,,,,1898.8181818181818,1.0,1,0.52,1798.0479041916167,0,1468.4278728606357,254,34,50,49
msg_628,node15,node0,226,4320000,4321157.0,1157.0,,,,1896.5454545454545,0.0,1,0.52,1811.7522935779816,0,1473.8358208955224,261,41,50,49
msg_629,node16,node0,226,4320000,,,,,,,,1,0.4664179104477612,1965.6497277676951,0,1581.2197080291971,761,21,50,49
msg_630,node17,node0,226,4320000,4321157.0,1157.0,,,,1897.090909090909,0.0,1,0.52,1809.7560975609756,0,1473.0496277915634,260,40,50,49
msg_631,node18,node0,226,4320000,,,,,,,,1,0.4664179104477612,1965.6497277676951,0,1581.2197080291971,761,21,50,49
msg_632,node19,node0,226,4320000,,,,,,,,1,0.4664179104477612,1965.6497277676951,0,1581.2197080291971,761,21,50,49
msg_633,node20,node0,226,4320000,4321158.0,1158.0,,,,1897.1818181818182,0.5,1,0.52,1807.7720364741642,0,1472.2673267326732,259,39,50,49
msg_634,node21,node0,226,4320000,4321159.0,1159.0,,,,1899.0,1.0,1,0.52,1796.1402985074626,0,1467.6731707317074,253,33,50,49
msg_635,node22,node0,226,4320000,,,,,,,,1,0.4664179104477612,1965.6497277676951,0,1581.2197080291971,761,21,50,49
msg_636,node23,node0,226,4320000,,,,,,,,1,0.4664179104477612,1965.6497277676951,0,1581.2197080291971,761,21,50,49
msg_637,node24,node0,226,4320000,4321158.0,1158.0,,,,1897.2727272727273,0.6,1,0.52,1805.8030303030303,0,1471.4913580246914,258,38,50,49
msg_638,node25,node0,226,4320000,4321158.0,1158.0,,,,1897.4545454545455,0.5,1,0.52,1803.845921450151,0,1470.71921182266,257,37,50,49
msg_639,node26,node0,226,4320000,,,,,,,,1,0.4664179104477612,1965.6497277676951,0,1581.2197080291971,761,21,50,49
msg_640,node27,node0,226,4320000,4321158.0,1158.0,,,,1897.5454545454545,0.25,1,0.52,1801.9006024096386,0,1469.95085995086,256,36,50,49
msg_641,node28,node0,226,4320000,,,,,,,,1,0.4664179104477612,1965.6497277676951,0,1581.2197080291971,761,21,50,49
msg_642,node29,node0,226,4320000,,,,,,,,1,0.4664179104477612,1965.6497277676951,0,1581.2197080291971,761,21,50,49
msg_643,node30,node0,226,4320000,,,,,,,,1,0.4664179104477612,1965.6497277676951,0,1581.2197080291971,761,21,50,49
msg_644,node31,node0,226,4320000,4321162.0,1162.0,,,,1898.7272727272727,1.3333333333333333,1,0.52,1777.7101449275362,0,1460.354761904762,243,23,50,49
msg_645,node32,node0,226,4320000,4321162.0,1162.0,,,,1899.1818181818182,1.0,1,0.52,1775.9306358381502,0,1459.646080760095,242,22,50,49
msg_646,node33,node0,226,4320000,4321160.0,1160.0,,,,1897.3636363636363,0.3333333333333333,1,0.52,1794.2440476190477,0,1466.9221411192214,252,32,50,49
msg_647,node34,node0,226,4320000,,,,,,,,1,0.4664179104477612,1965.6497277676951,0,1581.2197080291971,761,21,50,49
msg_648,node35,node0,226,4320000,4321160.0,1160.0,,,,1897.090909090909,0.6666666666666666,1,0.52,1792.3620178041542,0,1466.1771844660195,251,31,50,49
msg_649,node36,node0,226,4320000,4321160.0,1160.0,,,,1897.4545454545455,1.0,1,0.52,1790.491124260355,0,1465.4358353510895,250,30,50,49
msg_650,node37,node0,226,4320000,4321160.0,1160.0,,,,1897.5454545454545,0.0,1,0.52,1788.6312684365782,0,1464.6980676328503,249,29,50,49
msg_651,node38,node0,226,4320000,,,,,,,,1,0.4664179104477612,1965.6497277676951,0,1581.2197080291971,761,21,50,49
msg_652,node39,node0,226,4320000,,,,,,,,1,0.4664179104477612,1965.6497277676951,0,1581.2197080291971,761,21,50,49
msg_653,node40,node0,226,4320000,4321160.0,1160.0,,,,1897.7272727272727,0.5,1,0.52,1786.7823529411764,0,1463.9638554216867,248,28,50,49
msg_654,node41,node0,226,4320000,4321161.0,1161.0,,,,1897.3636363636363,0.16666666666666666,1,0.52,1784.9442815249267,0,1463.233173076923,247,27,50,49
msg_655,node42,node0,226,4320000,,,,,,,,1,0.4664179104477612,1965.6497277676951,0,1581.2197080291971,761,21,50,49
msg_656,node43,node0,226,4320000,,,,,,,,1,0.4664179104477612,1965.6497277676951,0,1581.2197080291971,761,21,50,49
msg_657,node44,node0,226,4320000,4321161.0,1161.0,,,,1897.6363636363637,0.0,1,0.52,1783.1198830409357,0,1462.5083932853718,246,26,50,49
msg_658,node45,node0,226,4320000,4321161.0,1161.0,,,,1898.0,0.75,1,0.52,1781.3061224489795,0,1461.7870813397128,245,25,50,49
msg_659,node46,node0,226,4320000,4321161.0,1161.0,,,,1897.909090909091,0.75,1,0.52,1779.5029069767443,0,1461.0692124105012,244,24,50,49
msg_660,node47,node0,226,4320000,,,,,,,,1,0.4664179104477612,1965.6497277676951,0,1581.2197080291971,761,21,50,49
msg_661,node48,node0,226,4320000,,,,,,,,1,0.4664179104477612,1965.6497277676951,0,1581.2197080291971,761,21,50,49
msg_662,node49,node0,226,4320000,4321162.0,1162.0,,,,1898.090909090909,1.0,1,0.52,1774.1613832853027,0,1458.9407582938388,241,21,50,49
msg_663,node0,node2,224,4381155,4381155.0,0.0,,,,0.52,1772.4022988505747,1,1833.3333333333333,0.0,0,1458.238770685579,241,21,50,1
msg_664,node0,node9,224,4381157,4381157.0,0.0,,,,0.5131578947368421,1772.4022988505747,2,1834.4166666666667,0.0,0,1454.7995283018868,242,22,50,2
msg_665,node0,node15,225,4381157,4381157.0,0.0,,,,0.5064935064935064,1772.4022988505747,2,1834.9166666666667,0.0,0,1451.3764705882354,241,21,50,2
msg_666,node0,node25,225,4381158,4381158.0,0.0,,,,0.5,1772.4022988505747,1,1835.8333333333333,0.5,0,1447.969483568075,241,21,50,1
msg_667,node0,node14,225,4381159,4381160.0,1.0,,,,0.4936708860759494,1772.4022988505747,1,1837.1666666666667,1.0,0,1444.5784543325526,242,22,50,1
msg_668,node0,node33,225,4381160,4381160.0,0.0,,,,0.4936708860759494,1772.4022988505747,1,1835.9166666666667,0.3333333333333333,0,1444.5784543325526,242,22,50,1
msg_669,node0,node46,225,4381161,4381161.0,0.0,,,,0.49382716049382713,1772.4022988505747,1,1836.5,0.75,0,1437.8461538461538,241,21,50,1
msg_670,node0,node32,225,4381162,4381163.0,1.0,,,,0.4878048780487805,1772.4022988505747,1,1837.75,1.0,0,1434.5023255813953,241,21,50,1
msg_671,node1,node0,224,4680000,4680000.0,0.0,,,,0.08333333333333333,0.0,1,0.4939759036144578,1772.4022988505747,0,1431.1763341067285,289,49,50,49
msg_672,node2,node0,224,4680000,4680174.0,174.0,,,,1833.3333333333333,0.0,1,0.4939759036144578,1767.323782234957,0,1427.8634259259259,288,48,50,49
msg_673,node3,node0,224,4680000,4680174.0,174.0,,,,1833.75,0.0,1,0.4939759036144578,1762.7714285714285,0,1424.9676674364896,287,47,50,49
msg_674,node4,node0,224,4680000,,,,,,,,1,0.4664179104477612,1965.6497277676951,0,1581.2197080291971,761,21,50,49
msg_675,node5,node0,224,4680000,,,,,,,,1,0.4664179104477612,1965.6497277676951,0,1581.2197080291971,761,21,50,49
msg_676,node6,node0,224,4680000,4680174.0,174.0,,,,1834.0,0.5,1,0.4939759036144578,1758.2450142450143,0,1422.0852534562212,286,46,50,49
msg_677,node7,node0,224,4680000,4680175.0,175.0,,,,1834.25,0.5,1,0.4939759036144578,1753.7443181818182,0,1419.2160919540229,285,45,50,49
msg_678,node8,node0,224,4680000,4680175.0,175.0,,,,1834.0,0.0,1,0.4939759036144578,1749.271954674221,0,1416.3623853211009,284,44,50,49
msg_679,node9,node0,224,4680000,4680175.0,175.0,,,,1834.4166666666667,0.0,1,0.4939759036144578,1744.8248587570622,0,1413.5217391304348,283,43,50,49
msg_680,node10,node0,226,4680000,4680179.0,179.0,,,,1836.1666666666667,1.0,1,0.4939759036144578,1672.9703504043127,0,1367.2092511013216,266,26,50,49
msg_681,node11,node0,226,4680000,,,,,,,,1,0.4664179104477612,1965.6497277676951,0,1581.2197080291971,761,21,50,49
msg_682,node12,node0,226,4680000,,,,,,,,1,0.4664179104477612,1965.6497277676951,0,1581.2197080291971,761,21,50,49
msg_683,node13,node0,226,4680000,4680175.0,175.0,,,,1834.75,1.0,1,0.4939759036144578,1740.4028169014084,0,1410.6940639269405,282,42,50,49
msg_684,node14,node0,226,4680000,4680179.0,179.0,,,,1837.1666666666667,1.0,1,0.4939759036144578,1668.9543010752689,0,1364.5978021978021,265,25,50,49
msg_685,node15,node0,226,4680000,4680175.0,175.0,,,,1834.9166666666667,0.0,1,0.4939759036144578,1736.0056179775281,0,1407.879271070615,281,41,50,49
msg_686,node16,node0,226,4680000,,,,,,,,1,0.4664179104477612,1965.6497277676951,0,1581.2197080291971,761,21,50,49
msg_687,node17,node0,226,4680000,4680176.0,176.0,,,,1835.4166666666667,0.0,1,0.4939759036144578,1731.6330532212885,0,1405.0772727272727,280,40,50,49
msg_688,node18,node0,226,4680000,,,,,,,,1,0.4664179104477612,1965.6497277676951,0,1581.2197080291971,761,21,50,49
msg_689,node19,node0,226,4680000,,,,,,,,1,0.4664179104477612,1965.6497277676951,0,1581.2197080291971,761,21,50,49
msg_690,node20,node0,226,4680000,4680176.0,176.0,,,,1835.5833333333333,0.5,1,0.4939759036144578,1727.2877094972066,0,1402.2902494331065,279,39,50,49
msg_691,node21,node0,226,4680000,4680179.0,179.0,,,,1837.3333333333333,1.0,1,0.4939759036144578,1664.9597855227883,0,1361.997807017544,264,24,50,49
msg_692,node22,node0,226,4680000,,,,,,,,1,0.4664179104477612,1965.6497277676951,0,1581.2197080291971,761,21,50,49
msg_693,node23,node0,226,4680000,,,,,,,,1,0.4664179104477612,1965.6497277676951,0,1581.2197080291971,761,21,50,49
msg_694,node24,node0,226,4680000,4680176.0,176.0,,,,1835.6666666666667,0.6,1,0.4939759036144578,1722.966573816156,0,1399.5158371040725,278,38,50,49
msg_695,node25,node0,226,4680000,4680176.0,176.0,,,,1835.8333333333333,0.3333333333333333,1,0.4939759036144578,1718.6694444444445,0,1396.7539503386004,277,37,50,49
msg_696,node26,node0,226,4680000,,,,,,,,1,0.4664179104477612,1965.6497277676951,0,1581.2197080291971,761,21,50,49
msg_697,node27,node0,226,4680000,4680177.0,177.0,,,,1835.9166666666667,0.25,1,0.4939759036144578,1714.3961218836564,0,1394.0045045045044,276,36,50,49
msg_698,node28,node0,226,4680000,,,,,,,,1,0.4664179104477612,1965.6497277676951,0,1581.2197080291971,761,21,50,49
msg_699,node29,node0,226,4680000,,,,,,,,1,0.4664179104477612,1965.6497277676951,0,1581.2197080291971,761,21,50,49
msg_700,node30,node0,226,4680000,,,,,,,,1,0.4664179104477612,1965.6497277676951,0,1581.2197080291971,761,21,50,49
msg_701,node31,node0,226,4680000,4680179.0,179.0,,,,1837.3333333333333,1.3333333333333333,1,0.4939759036144578,1660.9866310160428,0,1359.4091903719911,263,23,50,49
msg_702,node32,node0,226,4680000,4680180.0,180.0,,,,1837.75,1.0,1,0.4939759036144578,1657.0346666666667,0,1356.8318777292577,262,22,50,49
msg_703,node33,node0,226,4680000,4680177.0,177.0,,,,1835.9166666666667,0.25,1,0.4939759036144578,1710.1491712707182,0,1391.2696629213483,275,35,50,49
msg_704,node34,node0,226,4680000,,,,,,,,1,0.4664179104477612,1965.6497277676951,0,1581.2197080291971,761,21,50,49
msg_705,node35,node0,226,4680000,4680177.0,177.0,,,,1835.6666666666667,0.6666666666666666,1,0.4939759036144578,1705.9256198347107,0,1388.5470852017938,274,34,50,49
msg_706,node36,node0,226,4680000,4680177.0,177.0,,,,1836.0,1.0,1,0.4939759036144578,1701.7252747252746,0,1385.8366890380314,273,33,50,49
msg_707,node37,node0,226,4680000,4680177.0,177.0,,,,1836.0833333333333,0.0,1,0.4939759036144578,1697.5479452054794,0,1383.138392857143,272,32,50,49
msg_708,node38,node0,226,4680000,,,,,,,,1,0.4664179104477612,1965.6497277676951,0,1581.2197080291971,761,21,50,49
msg_709,node39,node0,226,4680000,,,,,,,,1,0.4664179104477612,1965.6497277676951,0,1581.2197080291971,761,21,50,49
msg_710,node40,node0,226,4680000,4680178.0,178.0,,,,1836.25,0.5,1,0.4939759036144578,1693.3934426229507,0,1380.4521158129176,271,31,50,49
msg_711,node41,node0,226,4680000,4680178.0,178.0,,,,1836.0,0.16666666666666666,1,0.4939759036144578,1689.2643051771117,0,1377.78,270,30,50,49
msg_712,node42,node0,226,4680000,,,,,,,,1,0.4664179104477612,1965.6497277676951,0,1581.2197080291971,761,21,50,49
msg_713,node43,node0,226,4680000,,,,,,,,1,0.4664179104477612,1965.6497277676951,0,1581.2197080291971,761,21,50,49
msg_714,node44,node0,226,4680000,4680178.0,178.0,,,,1836.25,0.0,1,0.4939759036144578,1685.1576086956522,0,1375.1197339246119,269,29,50,49
msg_715,node45,node0,226,4680000,4680178.0,178.0,,,,1836.5833333333333,0.75,1,0.4939759036144578,1681.0731707317073,0,1372.4712389380531,268,28,50,49
msg_716,node46,node0,226,4680000,4680178.0,178.0,,,,1836.5,0.6,1,0.4939759036144578,1677.0108108108109,0,1369.8344370860927,267,27,50,49
msg_717,node47,node0,226,4680000,,,,,,,,1,0.4664179104477612,1965.6497277676951,0,1581.2197080291971,761,21,50,49
msg_718,node48,node0,226,4680000,,,,,,,,1,0.4664179104477612,1965.6497277676951,0,1581.2197080291971,761,21,50,49
msg_719,node49,node0,226,4680000,4680180.0,180.0,,,,1836.75,1.0,1,0.4939759036144578,1653.1063829787233,0,1354.2679738562092,261,21,50,49
msg_720,node0,node1,224,4740000,4740000.0,0.0,,,,0.4939759036144578,1649.1989389920425,1,0.07692307692307693,0.0,0,1351.7152173913043,261,21,50,1
msg_721,node0,node2,224,4740174,4740174.0,0.0,,,,0.4880952380952381,1649.1989389920425,1,1705.6923076923076,0.0,0,1348.7830802603037,261,21,50,1
msg_722,node0,node8,224,4740175,4740175.0,0.0,,,,0.4823529411764706,1649.1989389920425,1,1706.3846153846155,0.0,0,1345.8636363636363,261,21,50,1
msg_723,node0,node27,225,4740177,4740177.0,0.0,,,,0.47674418604651164,1649.1989389920425,1,1708.3076923076924,0.25,0,1342.9568034557235,261,21,50,1
msg_724,node0,node45,225,4740178,4740178.0,0.0,,,,0.47126436781609193,1649.1989389920425,1,1709.0,0.75,0,1340.0625,261,21,50,1
msg_725,node0,node31,225,4740179,4740180.0,1.0,,,,0.4659090909090909,1649.1989389920425,1,1709.7692307692307,1.3333333333333333,0,1337.1806451612904,262,22,50,1
msg_726,node0,node49,225,4740180,4740181.0,1.0,,,,0.47191011235955055,1649.1989389920425,1,1709.3076923076924,1.0,0,1334.3133047210301,261,21,50,1
msg_727,node1,node0,224,5040000,5040000.0,0.0,,,,0.07692307692307693,0.0,1,0.4777777777777778,1649.1989389920425,0,1331.4582441113491,309,49,50,49
msg_728,node2,node0,224,5040000,5042202.0,2202.0,,,,1705.6923076923076,0.0,1,0.4777777777777778,1644.835978835979,0,1328.6132478632478,308,48,50,49
msg_729,node3,node0,224,5040000,5042202.0,2202.0,,,,1706.076923076923,0.0,1,0.4777777777777778,1646.306068601583,0,1330.4754797441365,307,47,50,49
msg_730,node4,node0,224,5040000,,,,,,,,1,0.4664179104477612,1965.6497277676951,0,1581.2197080291971,761,21,50,49
msg_731,node5,node0,224,5040000,,,,,,,,1,0.4664179104477612,1965.6497277676951,0,1581.2197080291971,761,21,50,49
msg_732,node6,node0,224,5040000,5042203.0,2203.0,,,,1706.3076923076924,0.5,1,0.4777777777777778,1647.7684210526315,0,1332.3297872340424,306,46,50,49
msg_733,node7,node0,224,5040000,5042203.0,2203.0,,,,1706.6153846153845,0.5,1,0.4777777777777778,1649.2257217847769,0,1334.1783439490446,305,45,50,49
msg_734,node8,node0,224,5040000,5042203.0,2203.0,,,,1706.3846153846155,0.0,1,0.4777777777777778,1650.6753926701572,0,1336.0190677966102,304,44,50,49
msg_735,node9,node0,224,5040000,5042203.0,2203.0,,,,1706.7692307692307,0.0,1,0.4777777777777778,1652.1174934725848,0,1337.8520084566596,303,43,50,49
msg_736,node10,node0,226,5040000,5042204.0,2204.0,,,,1708.6923076923076,1.0,1,0.4777777777777778,1653.5520833333333,0,1339.6772151898733,302,42,50,49
msg_737,node11,node0,226,5040000,,,,,,,,1,0.4664179104477612,1965.6497277676951,0,1581.2197080291971,761,21,50,49
msg_738,node12,node0,226,5040000,,,,,,,,1,0.4664179104477612,1965.6497277676951,0,1581.2197080291971,761,21,50,49
msg_739,node13,node0,226,5040000,5042204.0,2204.0,,,,1707.076923076923,1.0,1,0.4777777777777778,1654.9818181818182,0,1341.496842105263,301,41,50,49
msg_740,node14,node0,226,5040000,5042206.0,2206.0,,,,1709.6153846153845,1.0,1,0.4777777777777778,1664.795918367347,0,1354.0311203319502,294,34,50,49
msg_741,node15,node0,226,5040000,5042204.0,2204.0,,,,1707.2307692307693,0.0,1,0.4777777777777778,1656.4041450777202,0,1343.3088235294117,300,40,50,49
msg_742,node16,node0,226,5040000,,,,,,,,1,0.4664179104477612,1965.6497277676951,0,1581.2197080291971,761,21,50,49
msg_743,node17,node0,226,5040000,5042204.0,2204.0,,,,1707.7692307692307,0.0,1,0.4777777777777778,1657.8191214470285,0,1345.1132075471698,299,39,50,49
msg_744,node18,node0,226,5040000,,,,,,,,1,0.4664179104477612,1965.6497277676951,0,1581.2197080291971,761,21,50,49
msg_745,node19,node0,226,5040000,,,,,,,,1,0.4664179104477612,1965.6497277676951,0,1581.2197080291971,761,21,50,49
msg_746,node20,node0,226,5040000,5042205.0,2205.0,,,,1707.923076923077,0.5,1,0.4777777777777778,1659.2268041237114,0,1346.9100418410042,298,38,50,49
msg_747,node21,node0,226,5040000,5042206.0,2206.0,,,,1709.7692307692307,1.0,1,0.4777777777777778,1666.1730279898218,0,1355.7950310559006,293,33,50,49
msg_748,node22,node0,226,5040000,,,,,,,,1,0.4664179104477612,1965.6497277676951,0,1581.2197080291971,761,21,50,49
msg_749,node23,node0,226,5040000,,,,,,,,1,0.4664179104477612,1965.6497277676951,0,1581.2197080291971,761,21,50,49
msg_750,node24,node0,226,5040000,5042205.0,2205.0,,,,1708.0,0.6,1,0.4777777777777778,1660.6298200514138,0,1348.7014613778706,297,37,50,49
msg_751,node25,node0,226,5040000,5042205.0,2205.0,,,,1708.1538461538462,0.3333333333333333,1,0.4777777777777778,1662.025641025641,0,1350.4854166666667,296,36,50,49
msg_752,node26,node0,226,5040000,,,,,,,,1,0.4664179104477612,1965.6497277676951,0,1581.2197080291971,761,21,50,49
msg_753,node27,node0,226,5040000,5042205.0,2205.0,,,,1708.3076923076924,0.2,1,0.4777777777777778,1663.4143222506393,0,1352.2619542619543,295,35,50,49
msg_754,node28,node0,226,5040000,,,,,,,,1,0.4664179104477612,1965.6497277676951,0,1581.2197080291971,761,21,50,49
msg_755,node29,node0,226,5040000,,,,,,,,1,0.4664179104477612,1965.6497277676951,0,1581.2197080291971,761,21,50,49
msg_756,node30,node0,226,5040000,,,,,,,,1,0.4664179104477612,1965.6497277676951,0,1581.2197080291971,761,21,50,49
msg_757,node31,node0,226,5040000,5042208.0,2208.0,,,,1709.7692307692307,1.25,1,0.4777777777777778,1679.5955334987593,0,1373.0628803245436,283,23,50,49
msg_758,node32,node0,226,5040000,5042209.0,2209.0,,,,1710.2307692307693,1.0,1,0.4777777777777778,1680.9034653465346,0,1374.753036437247,282,22,50,49
msg_759,node33,node0,226,5040000,5042206.0,2206.0,,,,1708.3076923076924,0.25,1,0.4777777777777778,1667.5431472081218,0,1357.551652892562,292,32,50,49
msg_760,node34,node0,226,5040000,,,,,,,,1,0.4664179104477612,1965.6497277676951,0,1581.2197080291971,761,21,50,49
msg_761,node35,node0,226,5040000,5042207.0,2207.0,,,,1708.076923076923,0.6666666666666666,1,0.4777777777777778,1668.9063291139241,0,1359.301030927835,291,31,50,49
msg_762,node36,node0,226,5040000,5042207.0,2207.0,,,,1708.3846153846155,1.0,1,0.4777777777777778,1670.2651515151515,0,1361.045267489712,290,30,50,49
msg_763,node37,node0,226,5040000,5042207.0,2207.0,,,,1708.4615384615386,0.0,1,0.4777777777777778,1671.617128463476,0,1362.782340862423,289,29,50,49
msg_764,node38,node0,226,5040000,,,,,,,,1,0.4664179104477612,1965.6497277676951,0,1581.2197080291971,761,21,50,49
msg_765,node39,node0,226,5040000,,,,,,,,1,0.4664179104477612,1965.6497277676951,0,1581.2197080291971,761,21,50,49
msg_766,node40,node0,226,5040000,5042207.0,2207.0,,,,1708.6923076923076,0.5,1,0.4777777777777778,1672.962311557789,0,1364.5122950819673,288,28,50,49
msg_767,node41,node0,226,5040000,5042207.0,2207.0,,,,1708.4615384615386,0.16666666666666666,1,0.4777777777777778,1674.3007518796992,0,1366.235173824131,287,27,50,49
msg_768,node42,node0,226,5040000,,,,,,,,1,0.4664179104477612,1965.6497277676951,0,1581.2197080291971,761,21,50,49
msg_769,node43,node0,226,5040000,,,,,,,,1,0.4664179104477612,1965.6497277676951,0,1581.2197080291971,761,21,50,49
msg_770,node44,node0,226,5040000,5042208.0,2208.0,,,,1708.6923076923076,0.0,1,0.4777777777777778,1675.6325,0,1367.9510204081632,286,26,50,49
msg_771,node45,node0,226,5040000,5042208.0,2208.0,,,,1709.0,0.6,1,0.4777777777777778,1676.9600997506234,0,1369.661914460285,285,25,50,49
msg_772,node46,node0,226,5040000,5042208.0,2208.0,,,,1708.923076923077,0.6,1,0.4777777777777778,1678.2810945273632,0,1371.3658536585365,284,24,50,49
msg_773,node47,node0,226,5040000,,,,,,,,1,0.4664179104477612,1965.6497277676951,0,1581.2197080291971,761,21,50,49
msg_774,node48,node0,226,5040000,,,,,,,,1,0.4664179104477612,1965.6497277676951,0,1581.2197080291971,761,21,50,49
msg_775,node49,node0,226,5040000,5042210.0,2210.0,,,,1709.3076923076924,1.0,1,0.4777777777777778,1682.2074074074073,0,1376.4383838383837,281,21,50,49
msg_776,node0,node1,224,5100000,5100000.0,0.0,,,,0.4777777777777778,1683.5073891625616,1,0.07142857142857142,0.0,0,1378.1189516129032,281,21,50,1
msg_777,node0,node10,225,5102204,5102205.0,1.0,,,,0.4725274725274725,1683.5073891625616,1,1744.0714285714287,1.0,0,1375.3460764587526,282,22,50,1
msg_778,node0,node20,225,5102205,5102205.0,0.0,,,,0.4782608695652174,1683.5073891625616,1,1743.4285714285713,0.5,0,1372.5863453815261,281,21,50,1
msg_779,node0,node14,225,5102206,5102207.0,1.0,,,,0.46808510638297873,1683.5073891625616,2,1745.0714285714287,1.0,0,1367.096,281,21,50,2
msg_780,node0,node33,225,5102206,5102206.0,0.0,,,,0.4731182795698925,1683.5073891625616,2,1743.857142857143,0.25,0,1369.8356713426854,282,22,50,2
msg_781,node0,node45,225,5102208,5102208.0,0.0,,,,0.47368421052631576,1683.5073891625616,2,1744.642857142857,0.6,0,1364.369261477046,282,22,50,2
msg_782,node0,node31,225,5102208,5102209.0,1.0,,,,0.46875,1683.5073891625616,2,1745.357142857143,1.25,0,1361.6513944223107,282,22,50,2
msg_783,node0,node32,225,5102209,5102210.0,1.0,,,,0.4742268041237113,1683.5073891625616,1,1745.857142857143,1.0,0,1358.9463220675943,281,21,50,1
msg_784,node1,node0,224,5400000,5400000.0,0.0,,,,0.07142857142857142,0.0,1,0.47959183673469385,1683.5073891625616,0,1356.251984126984,329,49,50,49
msg_785,node2,node0,224,5400000,5402233.0,2233.0,,,,1741.142857142857,0.0,1,0.47959183673469385,1679.3710073710074,0,1353.5663366336635,328,48,50,49
msg_786,node3,node0,224,5400000,5402233.0,2233.0,,,,1741.5,0.0,1,0.47959183673469385,1680.7279411764705,0,1355.304347826087,327,47,50,49
msg_787,node4,node0,224,5400000,,,,,,,,1,0.4664179104477612,1965.6497277676951,0,1581.2197080291971,761,21,50,49
msg_788,node5,node0,224,5400000,,,,,,,,1,0.4664179104477612,1965.6497277676951,0,1581.2197080291971,761,21,50,49
msg_789,node6,node0,224,5400000,5402233.0,2233.0,,,,1741.7857142857142,0.5,1,0.47959183673469385,1682.078239608802,0,1357.0355029585799,326,46,50,49
msg_790,node7,node0,224,5400000,5402234.0,2234.0,,,,1742.0714285714287,0.5,1,0.47959183673469385,1683.4219512195123,0,1358.759842519685,325,45,50,49
msg_791,node8,node0,224,5400000,5402234.0,2234.0,,,,1741.857142857143,0.0,1,0.47959183673469385,1684.7615571776155,0,1360.4793713163065,324,44,50,49
msg_792,node9,node0,224,5400000,5402234.0,2234.0,,,,1742.2142857142858,0.0,1,0.47959183673469385,1686.0946601941748,0,1362.1921568627452,323,43,50,49
msg_793,node10,node0,226,5400000,5402238.0,2238.0,,,,1744.0714285714287,1.0,1,0.47959183673469385,1707.8741258741259,0,1390.370018975332,306,26,50,49
msg_794,node11,node0,226,5400000,,,,,,,,1,0.4664179104477612,1965.6497277676951,0,1581.2197080291971,761,21,50,49
msg_795,node12,node0,226,5400000,,,,,,,,1,0.4664179104477612,1965.6497277676951,0,1581.2197080291971,761,21,50,49
msg_796,node13,node0,226,5400000,5402234.0,2234.0,,,,1742.5714285714287,1.0,1,0.47959183673469385,1687.4213075060534,0,1363.8982387475537,322,42,50,49
msg_797,node14,node0,226,5400000,5402238.0,2238.0,,,,1745.0714285714287,1.0,1,0.47959183673469385,1709.106976744186,0,1391.9753787878788,305,25,50,49
msg_798,node15,node0,226,5400000,5402234.0,2234.0,,,,1742.7142857142858,0.0,1,0.47959183673469385,1688.7415458937198,0,1365.59765625,321,41,50,49
msg_799,node16,node0,226,5400000,,,,,,,,1,0.4664179104477612,1965.6497277676951,0,1581.2197080291971,761,21,50,49
msg_800,node17,node0,226,5400000,5402235.0,2235.0,,,,1743.2142857142858,0.0,1,0.47959183673469385,1690.055421686747,0,1367.29044834308,320,40,50,49
msg_801,node18,node0,226,5400000,,,,,,,,1,0.4664179104477612,1965.6497277676951,0,1581.2197080291971,761,21,50,49
msg_802,node19,node0,226,5400000,,,,,,,,1,0.4664179104477612,1965.6497277676951,0,1581.2197080291971,761,21,50,49
msg_803,node20,node0,226,5400000,5402235.0,2235.0,,,,1743.4285714285713,0.3333333333333333,1,0.47959183673469385,1691.3653846153845,0,1368.9785992217899,319,39,50,49
msg_804,node21,node0,226,5400000,5402238.0,2238.0,,,,1745.2142857142858,1.0,1,0.47959183673469385,1710.3341067285382,0,1393.5746691871454,304,24,50,49
msg_805,node22,node0,226,5400000,,,,,,,,1,0.4664179104477612,1965.6497277676951,0,1581.2197080291971,761,21,50,49
msg_806,node23,node0,226,5400000,,,,,,,,1,0.4664179104477612,1965.6497277676951,0,1581.2197080291971,761,21,50,49
msg_807,node24,node0,226,5400000,5402235.0,2235.0,,,,1743.5,0.6,1,0.47959183673469385,1692.6690647482014,0,1370.6601941747572,318,38,50,49
msg_808,node25,node0,226,5400000,5402235.0,2235.0,,,,1743.642857142857,0.3333333333333333,1,0.47959183673469385,1693.9665071770335,0,1372.3352713178294,317,37,50,49
msg_809,node26,node0,226,5400000,,,,,,,,1,0.4664179104477612,1965.6497277676951,0,1581.2197080291971,761,21,50,49
msg_810,node27,node0,226,5400000,5402236.0,2236.0,,,,1743.7857142857142,0.2,1,0.47959183673469385,1695.2577565632457,0,1374.0038684719536,316,36,50,49
msg_811,node28,node0,226,5400000,,,,,,,,1,0.4664179104477612,1965.6497277676951,0,1581.2197080291971,761,21,50,49
msg_812,node29,node0,226,5400000,,,,,,,,1,0.4664179104477612,1965.6497277676951,0,1581.2197080291971,761,21,50,49
msg_813,node30,node0,226,5400000,,,,,,,,1,0.4664179104477612,1965.6497277676951,0,1581.2197080291971,761,21,50,49
msg_814,node31,node0,226,5400000,5402238.0,2238.0,,,,1745.357142857143,1.2,1,0.47959183673469385,1711.5555555555557,0,1395.167924528302,303,23,50,49
msg_815,node32,node0,226,5400000,5402239.0,2239.0,,,,1745.857142857143,1.0,1,0.47959183673469385,1712.7713625866052,0,1396.7551789077213,302,22,50,49
msg_816,node33,node0,226,5400000,5402236.0,2236.0,,,,1743.857142857143,0.2,1,0.47959183673469385,1696.5452380952381,0,1375.6679536679537,315,35,50,49
msg_817,node34,node0,226,5400000,,,,,,,,1,0.4664179104477612,1965.6497277676951,0,1581.2197080291971,761,21,50,49
msg_818,node35,node0,226,5400000,5402236.0,2236.0,,,,1743.7142857142858,0.6666666666666666,1,0.47959183673469385,1697.8266033254156,0,1377.325626204239,314,34,50,49
msg_819,node36,node0,226,5400000,5402236.0,2236.0,,,,1744.0,1.0,1,0.47959183673469385,1699.101895734597,0,1378.9769230769232,313,33,50,49
msg_820,node37,node0,226,5400000,5402236.0,2236.0,,,,1744.0714285714287,0.0,1,0.47959183673469385,1700.371158392435,0,1380.6218809980805,312,32,50,49
msg_821,node38,node0,226,5400000,,,,,,,,1,0.4664179104477612,1965.6497277676951,0,1581.2197080291971,761,21,50,49
msg_822,node39,node0,226,5400000,,,,,,,,1,0.4664179104477612,1965.6497277676951,0,1581.2197080291971,761,21,50,49
msg_823,node40,node0,226,5400000,5402237.0,2237.0,,,,1744.2857142857142,0.5,1,0.47959183673469385,1701.6344339622642,0,1382.2605363984674,311,31,50,49
msg_824,node41,node0,226,5400000,5402237.0,2237.0,,,,1744.0714285714287,0.16666666666666666,1,0.47959183673469385,1702.894117647059,0,1383.8948374760994,310,30,50,49
msg_825,node42,node0,226,5400000,,,,,,,,1,0.4664179104477612,1965.6497277676951,0,1581.2197080291971,761,21,50,49
msg_826,node43,node0,226,5400000,,,,,,,,1,0.4664179104477612,1965.6497277676951,0,1581.2197080291971,761,21,50,49
msg_827,node44,node0,226,5400000,5402237.0,2237.0,,,,1744.357142857143,0.0,1,0.47959183673469385,1704.1478873239437,0,1385.5229007633588,309,29,50,49
msg_828,node45,node0,226,5400000,5402237.0,2237.0,,,,1744.642857142857,0.5,1,0.47959183673469385,1705.3957845433256,0,1387.144761904762,308,28,50,49
msg_829,node46,node0,226,5400000,5402237.0,2237.0,,,,1744.5714285714287,0.6,1,0.47959183673469385,1706.6378504672898,0,1388.7604562737642,307,27,50,49
msg_830,node47,node0,226,5400000,,,,,,,,1,0.4664179104477612,1965.6497277676951,0,1581.2197080291971,761,21,50,49
msg_831,node48,node0,226,5400000,,,,,,,,1,0.4664179104477612,1965.6497277676951,0,1581.2197080291971,761,21,50,49
msg_832,node49,node0,226,5400000,5402239.0,2239.0,,,,1745.0714285714287,1.0,1,0.47959183673469385,1713.983870967742,0,1398.3383458646617,301,21,50,49
msg_833,node0,node6,224,5462233,5462233.0,0.0,,,,0.47959183673469385,1715.1908045977011,1,1774.5333333333333,0.5,0,1399.9155722326454,301,21,50,1
msg_834,node0,node7,224,5462234,5462234.0,0.0,,,,0.47474747474747475,1715.1908045977011,3,1774.8666666666666,0.5,0,1397.2940074906367,303,23,50,3
msg_835,node0,node8,225,5462234,5462234.0,0.0,,,,0.47,1715.1908045977011,3,1774.6666666666667,0.0,0,1394.6822429906542,302,22,50,3
msg_836,node0,node15,226,5462234,5462235.0,1.0,,,,0.46534653465346537,1715.1908045977011,3,1775.4666666666667,0.0,0,1392.080223880597,302,22,50,3
msg_837,node0,node24,226,5462235,5462235.0,0.0,,,,0.46534653465346537,1715.1908045977011,1,1776.2666666666667,0.6,0,1392.080223880597,302,22,50,1
msg_838,node0,node36,226,5462236,5462236.0,0.0,,,,0.46601941747572817,1715.1908045977011,2,1776.8,1.0,0,1386.907063197026,302,22,50,2
msg_839,node0,node37,226,5462236,5462237.0,1.0,,,,0.46153846153846156,1715.1908045977011,2,1776.8666666666666,0.0,0,1384.3339517625232,304,24,50,2
msg_840,node0,node44,226,5462237,5462237.0,0.0,,,,0.4666666666666667,1715.1908045977011,3,1777.2,0.0,0,1381.7722222222221,303,23,50,3
msg_841,node0,node45,226,5462237,5462238.0,1.0,,,,0.46226415094339623,1715.1908045977011,3,1777.4666666666667,0.5,0,1379.2181146025878,305,25,50,3
msg_842,node0,node46,226,5462237,5462238.0,1.0,,,,0.4672897196261682,1715.1908045977011,3,1777.4,0.6,0,1376.6752767527676,304,24,50,3
msg_843,node0,node10,226,5462238,5462239.0,1.0,,,,0.4722222222222222,1715.1908045977011,3,1777.0,1.0,0,1374.1418047882137,303,23,50,3
msg_844,node0,node14,226,5462238,5462239.0,1.0,,,,0.47706422018348627,1715.1908045977011,3,1777.9333333333334,1.0,0,1371.6176470588234,302,22,50,3
msg_845,node0,node21,226,5462238,5462239.0,1.0,,,,0.4818181818181818,1715.1908045977011,3,1778.0666666666666,1.0,0,1369.102752293578,301,21,50,3
msg_846,node1,node0,224,5760000,5760000.0,0.0,,,,0.06666666666666667,0.0,1,0.4864864864864865,1715.1908045977011,0,1366.5970695970695,349,49,50,49
msg_847,node2,node0,224,5760000,5762214.0,2214.0,,,,1773.9333333333334,0.0,1,0.4864864864864865,1711.2568807339449,0,1364.0987202925046,348,48,50,49
msg_848,node3,node0,224,5760000,5762214.0,2214.0,,,,1774.2666666666667,0.0,1,0.4864864864864865,1712.4073226544622,0,1365.6496350364964,347,47,50,49
msg_849,node4,node0,224,5760000,,,,,,,,1,0.4664179104477612,1965.6497277676951,0,1581.2197080291971,761,21,50,49
msg_850,node5,node0,224,5760000,,,,,,,,1,0.4664179104477612,1965.6497277676951,0,1581.2197080291971,761,21,50,49
msg_851,node6,node0,224,5760000,5762215.0,2215.0,,,,1774.5333333333333,0.3333333333333333,1,0.4864864864864865,1713.552511415525,0,1367.1948998178507,346,46,50,49
msg_852,node7,node0,224,5760000,5762215.0,2215.0,,,,1774.8666666666666,0.3333333333333333,1,0.4864864864864865,1714.6947608200455,0,1368.7363636363636,345,45,50,49
msg_853,node8,node0,224,5760000,5762215.0,2215.0,,,,1774.6666666666667,0.0,1,0.4864864864864865,1715.831818181818,0,1370.2722323049002,344,44,50,49
msg_854,node9,node0,224,5760000,5762215.0,2215.0,,,,1775.0,0.0,1,0.4864864864864865,1716.9637188208617,0,1371.802536231884,343,43,50,49
msg_855,node10,node0,226,5760000,5762217.0,2217.0,,,,1777.0,1.0,1,0.4864864864864865,1723.6644295302012,0,1380.8817204301076,337,37,50,49
msg_856,node11,node0,226,5760000,,,,,,,,1,0.4664179104477612,1965.6497277676951,0,1581.2197080291971,761,21,50,49
msg_857,node12,node0,226,5760000,,,,,,,,1,0.4664179104477612,1965.6497277676951,0,1581.2197080291971,761,21,50,49
msg_858,node13,node0,226,5760000,5762216.0,2216.0,,,,1775.3333333333333,1.0,1,0.4864864864864865,1718.0904977375565,0,1373.3273056057867,342,42,50,49
msg_859,node14,node0,226,5760000,5762218.0,2218.0,,,,1777.9333333333334,1.0,1,0.4864864864864865,1726.9555555555555,0,1385.3547237076648,334,34,50,49
msg_860,node15,node0,226,5760000,5762216.0,2216.0,,,,1775.4666666666667,0.3333333333333333,1,0.4864864864864865,1719.2144469525958,0,1374.8483754512636,341,41,50,49
msg_861,node16,node0,226,5760000,,,,,,,,1,0.4664179104477612,1965.6497277676951,0,1581.2197080291971,761,21,50,49
msg_862,node17,node0,226,5760000,5762216.0,2216.0,,,,1776.0,0.0,1,0.4864864864864865,1720.3333333333333,0,1376.363963963964,340,40,50,49
msg_863,node18,node0,226,5760000,,,,,,,,1,0.4664179104477612,1965.6497277676951,0,1581.2197080291971,761,21,50,49
msg_864,node19,node0,226,5760000,,,,,,,,1,0.4664179104477612,1965.6497277676951,0,1581.2197080291971,761,21,50,49
msg_865,node20,node0,226,5760000,5762217.0,2217.0,,,,1776.2,0.3333333333333333,1,0.4864864864864865,1721.4471910112359,0,1377.8741007194244,339,39,50,49
msg_866,node21,node0,226,5760000,5762218.0,2218.0,,,,1778.0666666666666,1.0,1,0.4864864864864865,1728.0443458980044,0,1386.8362989323844,333,33,50,49
msg_867,node22,node0,226,5760000,,,,,,,,1,0.4664179104477612,1965.6497277676951,0,1581.2197080291971,761,21,50,49
msg_868,node23,node0,226,5760000,,,,,,,,1,0.4664179104477612,1965.6497277676951,0,1581.2197080291971,761,21,50,49
msg_869,node24,node0,226,5760000,5762217.0,2217.0,,,,1776.2666666666667,0.5,1,0.4864864864864865,1722.5582959641256,0,1379.3806104129264,338,38,50,49
msg_870,node25,node0,226,5760000,5762217.0,2217.0,,,,1776.4,0.3333333333333333,1,0.4864864864864865,1724.765625,0,1382.3774597495528,336,36,50,49
msg_871,node26,node0,226,5760000,,,,,,,,1,0.4664179104477612,1965.6497277676951,0,1581.2197080291971,761,21,50,49
msg_872,node27,node0,226,5760000,5762218.0,2218.0,,,,1776.6,0.2,1,0.4864864864864865,1725.8619153674833,0,1383.8678571428572,335,35,50,49
msg_873,node28,node0,226,5760000,,,,,,,,1,0.4664179104477612,1965.6497277676951,0,1581.2197080291971,761,21,50,49
msg_874,node29,node0,226,5760000,,,,,,,,1,0.4664179104477612,1965.6497277676951,0,1581.2197080291971,761,21,50,49
msg_875,node30,node0,226,5760000,,,,,,,,1,0.4664179104477612,1965.6497277676951,0,1581.2197080291971,761,21,50,49
msg_876,node31,node0,226,5760000,5762218.0,2218.0,,,,1778.2,1.2,1,0.4864864864864865,1729.1283185840707,0,1388.3126110124333,332,32,50,49
msg_877,node32,node0,226,5760000,5762220.0,2220.0,,,,1778.7333333333333,1.0,1,0.4864864864864865,1736.6013071895425,0,1398.5157894736842,325,25,50,49
msg_878,node33,node0,226,5760000,5762219.0,2219.0,,,,1776.6666666666667,0.2,1,0.4864864864864865,1730.2075055187638,0,1389.7836879432625,331,31,50,49
msg_879,node34,node0,226,5760000,,,,,,,,1,0.4664179104477612,1965.6497277676951,0,1581.2197080291971,761,21,50,49
msg_880,node35,node0,226,5760000,5762219.0,2219.0,,,,1776.5333333333333,0.6666666666666666,1,0.4864864864864865,1731.284140969163,0,1391.2513274336284,330,30,50,49
msg_881,node36,node0,226,5760000,5762219.0,2219.0,,,,1776.8,0.75,1,0.4864864864864865,1732.356043956044,0,1392.713780918728,329,29,50,49
msg_882,node37,node0,226,5760000,5762219.0,2219.0,,,,1776.8666666666666,0.5,1,0.4864864864864865,1733.423245614035,0,1394.1710758377426,328,28,50,49
msg_883,node38,node0,226,5760000,,,,,,,,1,0.4664179104477612,1965.6497277676951,0,1581.2197080291971,761,21,50,49
msg_884,node39,node0,226,5760000,,,,,,,,1,0.4664179104477612,1965.6497277676951,0,1581.2197080291971,761,21,50,49
msg_885,node40,node0,226,5760000,5762220.0,2220.0,,,,1777.1333333333334,0.5,1,0.4864864864864865,1734.4857768052516,0,1395.6232394366198,327,27,50,49
msg_886,node41,node0,226,5760000,5762220.0,2220.0,,,,1776.9333333333334,0.16666666666666666,1,0.4864864864864865,1735.5458515283842,0,1397.0720562390159,326,26,50,49
msg_887,node42,node0,226,5760000,,,,,,,,1,0.4664179104477612,1965.6497277676951,0,1581.2197080291971,761,21,50,49
msg_888,node43,node0,226,5760000,,,,,,,,1,0.4664179104477612,1965.6497277676951,0,1581.2197080291971,761,21,50,49
msg_889,node44,node0,226,5760000,5762220.0,2220.0,,,,1777.2,0.0,1,0.4864864864864865,1737.6521739130435,0,1399.9544658493871,324,24,50,49
msg_890,node45,node0,226,5760000,5762221.0,2221.0,,,,1777.4666666666667,0.5714285714285714,1,0.4864864864864865,1738.698481561822,0,1401.3881118881118,323,23,50,49
msg_891,node46,node0,226,5760000,5762221.0,2221.0,,,,1777.4,0.6666666666666666,1,0.4864864864864865,1739.7424242424242,0,1402.8184991273997,322,22,50,49
msg_892,node47,node0,226,5760000,,,,,,,,1,0.4664179104477612,1965.6497277676951,0,1581.2197080291971,761,21,50,49
msg_893,node48,node0,226,5760000,,,,,,,,1,0.4664179104477612,1965.6497277676951,0,1581.2197080291971,761,21,50,49
msg_894,node49,node0,226,5760000,5762221.0,2221.0,,,,1778.0,1.0,1,0.4864864864864865,1740.781857451404,0,1404.2439024390244,321,21,50,49
msg_895,node0,node2,225,5822214,5822214.0,0.0,,,,0.4864864864864865,1741.8168103448277,1,1801.4375,0.0,0,1405.664347826087,321,21,50,1
msg_896,node0,node7,225,5822215,5822215.0,0.0,,,,0.48214285714285715,1741.8168103448277,2,1802.375,0.3333333333333333,0,1403.2239583333333,322,22,50,2
msg_897,node0,node9,225,5822215,5822215.0,0.0,,,,0.4778761061946903,1741.8168103448277,2,1802.5,0.0,0,1400.792027729636,321,21,50,2
msg_898,node0,node25,226,5822217,5822217.0,0.0,,,,0.47368421052631576,1741.8168103448277,1,1803.9375,0.3333333333333333,0,1398.3685121107267,321,21,50,1
msg_899,node0,node35,226,5822219,5822220.0,1.0,,,,0.46956521739130436,1741.8168103448277,1,1804.1875,0.6666666666666666,0,1395.9533678756477,321,21,50,1
msg_900,node0,node45,226,5822221,5822221.0,0.0,,,,0.47413793103448276,1741.8168103448277,1,1805.1875,0.5714285714285714,0,1393.548275862069,321,21,50,1
msg_901,node1,node0,224,6120000,6120000.0,0.0,,,,0.0625,0.0,1,0.4700854700854701,1741.8168103448277,0,1391.1497418244405,369,49,50,49
msg_902,node2,node0,224,6120000,6121308.0,1308.0,,,,1801.4375,0.0,1,0.4700854700854701,1738.0709677419354,0,1388.7594501718213,368,48,50,49
msg_903,node3,node0,224,6120000,6121308.0,1308.0,,,,1801.75,0.0,1,0.4700854700854701,1737.148068669528,0,1388.6209262435677,367,47,50,49
msg_904,node4,node0,224,6120000,,,,,,,,1,0.4664179104477612,1965.6497277676951,0,1581.2197080291971,761,21,50,49
msg_905,node5,node0,224,6120000,,,,,,,,1,0.4664179104477612,1965.6497277676951,0,1581.2197080291971,761,21,50,49
msg_906,node6,node0,224,6120000,6121309.0,1309.0,,,,1802.0625,0.3333333333333333,1,0.4700854700854701,1736.2291220556745,0,1388.4828767123288,366,46,50,49
msg_907,node7,node0,224,6120000,6121309.0,1309.0,,,,1802.375,0.25,1,0.4700854700854701,1735.3162393162393,0,1388.3470085470085,365,45,50,49
msg_908,node8,node0,224,6120000,6121309.0,1309.0,,,,1802.1875,0.0,1,0.4700854700854701,1734.407249466951,0,1388.2116040955632,364,44,50,49
msg_909,node9,node0,224,6120000,6121309.0,1309.0,,,,1802.5,0.0,1,0.4700854700854701,1733.5021276595744,0,1388.076660988075,363,43,50,49
msg_910,node10,node0,226,6120000,6121311.0,1311.0,,,,1804.5,1.0,1,0.4700854700854701,1728.1659663865546,0,1387.2883642495783,357,37,50,49
msg_911,node11,node0,226,6120000,,,,,,,,1,0.4664179104477612,1965.6497277676951,0,1581.2197080291971,761,21,50,49
msg_912,node12,node0,226,6120000,,,,,,,,1,0.4664179104477612,1965.6497277676951,0,1581.2197080291971,761,21,50,49
msg_913,node13,node0,226,6120000,6121310.0,1310.0,,,,1802.875,1.0,1,0.4700854700854701,1732.6008492569001,0,1387.9421768707482,362,42,50,49
msg_914,node14,node0,226,6120000,6121312.0,1312.0,,,,1805.4375,1.0,1,0.4700854700854701,1725.553235908142,0,1386.9043624161075,354,34,50,49
msg_915,node15,node0,226,6120000,6121310.0,1310.0,,,,1803.0,0.3333333333333333,1,0.4700854700854701,1731.7055084745762,0,1387.8098471986418,361,41,50,49
msg_916,node16,node0,226,6120000,,,,,,,,1,0.4664179104477612,1965.6497277676951,0,1581.2197080291971,761,21,50,49
msg_917,node17,node0,226,6120000,6121310.0,1310.0,,,,1803.5,0.0,1,0.4700854700854701,1730.8139534883721,0,1387.677966101695,360,40,50,49
msg_918,node18,node0,226,6120000,,,,,,,,1,0.4664179104477612,1965.6497277676951,0,1581.2197080291971,761,21,50,49
msg_919,node19,node0,226,6120000,,,,,,,,1,0.4664179104477612,1965.6497277676951,0,1581.2197080291971,761,21,50,49
msg_920,node20,node0,226,6120000,6121311.0,1311.0,,,,1803.75,0.3333333333333333,1,0.4700854700854701,1729.9261603375528,0,1387.5465313028765,359,39,50,49
msg_921,node21,node0,226,6120000,6121312.0,1312.0,,,,1805.5625,1.0,1,0.4700854700854701,1724.6916666666666,0,1386.7788944723618,353,33,50,49
msg_922,node22,node0,226,6120000,,,,,,,,1,0.4664179104477612,1965.6497277676951,0,1581.2197080291971,761,21,50,49
msg_923,node23,node0,226,6120000,,,,,,,,1,0.4664179104477612,1965.6497277676951,0,1581.2197080291971,761,21,50,49
msg_924,node24,node0,226,6120000,6121311.0,1311.0,,,,1803.8125,0.5,1,0.4700854700854701,1729.0442105263157,0,1387.4172297297298,358,38,50,49
msg_925,node25,node0,226,6120000,6121311.0,1311.0,,,,1803.9375,0.25,1,0.4700854700854701,1727.2914046121593,0,1387.1599326599326,356,36,50,49
msg_926,node26,node0,226,6120000,,,,,,,,1,0.4664179104477612,1965.6497277676951,0,1581.2197080291971,761,21,50,49
msg_927,node27,node0,226,6120000,6121311.0,1311.0,,,,1804.1875,0.2,1,0.4700854700854701,1726.4205020920501,0,1387.0319327731092,355,35,50,49
msg_928,node28,node0,226,6120000,,,,,,,,1,0.4664179104477612,1965.6497277676951,0,1581.2197080291971,761,21,50,49
msg_929,node29,node0,226,6120000,,,,,,,,1,0.4664179104477612,1965.6497277676951,0,1581.2197080291971,761,21,50,49
msg_930,node30,node0,226,6120000,,,,,,,,1,0.4664179104477612,1965.6497277676951,0,1581.2197080291971,761,21,50,49
msg_931,node31,node0,226,6120000,6121315.0,1315.0,,,,1805.6875,1.2,1,0.4700854700854701,1716.295918367347,0,1385.5683690280066,343,23,50,49
msg_932,node32,node0,226,6120000,6121315.0,1315.0,,,,1806.3125,1.0,1,0.4700854700854701,1715.478615071283,0,1385.452302631579,342,22,50,49
msg_933,node33,node0,226,6120000,6121313.0,1313.0,,,,1804.3125,0.2,1,0.4700854700854701,1723.8336798336798,0,1386.6538461538462,352,32,50,49
msg_934,node34,node0,226,6120000,,,,,,,,1,0.4664179104477612,1965.6497277676951,0,1581.2197080291971,761,21,50,49
msg_935,node35,node0,226,6120000,6121313.0,1313.0,,,,1804.1875,0.75,1,0.4700854700854701,1722.9813278008298,0,1386.5308848080133,351,31,50,49
msg_936,node36,node0,226,6120000,6121313.0,1313.0,,,,1804.4375,0.75,1,0.4700854700854701,1722.1325051759834,0,1386.4083333333333,350,30,50,49
msg_937,node37,node0,226,6120000,6121313.0,1313.0,,,,1804.5,0.5,1,0.4700854700854701,1721.2871900826447,0,1386.2861896838601,349,29,50,49
msg_938,node38,node0,226,6120000,,,,,,,,1,0.4664179104477612,1965.6497277676951,0,1581.2197080291971,761,21,50,49
msg_939,node39,node0,226,6120000,,,,,,,,1,0.4664179104477612,1965.6497277676951,0,1581.2197080291971,761,21,50,49
msg_940,node40,node0,226,6120000,6121313.0,1313.0,,,,1804.8125,0.5,1,0.4700854700854701,1720.4453608247422,0,1386.1644518272426,348,28,50,49
msg_941,node41,node0,226,6120000,6121314.0,1314.0,,,,1804.625,0.16666666666666666,1,0.4700854700854701,1719.6069958847736,0,1386.0431177446103,347,27,50,49
msg_942,node42,node0,226,6120000,,,,,,,,1,0.4664179104477612,1965.6497277676951,0,1581.2197080291971,761,21,50,49
msg_943,node43,node0,226,6120000,,,,,,,,1,0.4664179104477612,1965.6497277676951,0,1581.2197080291971,761,21,50,49
msg_944,node44,node0,226,6120000,6121314.0,1314.0,,,,1804.875,0.0,1,0.4700854700854701,1718.7741273100617,0,1385.9238410596026,346,26,50,49
msg_945,node45,node0,226,6120000,6121314.0,1314.0,,,,1805.1875,0.5,1,0.4700854700854701,1717.9446721311476,0,1385.804958677686,345,25,50,49
msg_946,node46,node0,226,6120000,6121314.0,1314.0,,,,1805.125,0.6666666666666666,1,0.4700854700854701,1717.118609406953,0,1385.6864686468648,344,24,50,49
msg_947,node47,node0,226,6120000,,,,,,,,1,0.4664179104477612,1965.6497277676951,0,1581.2197080291971,761,21,50,49
msg_948,node48,node0,226,6120000,,,,,,,,1,0.4664179104477612,1965.6497277676951,0,1581.2197080291971,761,21,50,49
msg_949,node49,node0,226,6120000,6121315.0,1315.0,,,,1805.6875,1.0,1,0.4700854700854701,1714.6646341463415,0,1385.336617405583,341,21,50,49
msg_950,node0,node7,225,6181309,6181309.0,0.0,,,,0.4700854700854701,1713.8539553752535,1,1773.3529411764705,0.25,0,1385.22131147541,341,21,50,1
msg_951,node0,node21,226,6181312,6181313.0,1.0,,,,0.4661016949152542,1713.8539553752535,1,1776.5294117647059,1.0,0,1382.9541734860884,342,22,50,1
msg_952,node0,node40,226,6181313,6181314.0,1.0,,,,0.47058823529411764,1713.8539553752535,1,1775.8823529411766,0.5,0,1380.6960784313726,342,22,50,1
msg_953,node0,node44,226,6181314,6181314.0,0.0,,,,0.475,1713.8539553752535,1,1776.0,0.0,0,1378.4453507340945,341,21,50,1
msg_954,node1,node0,224,6480000,6480000.0,0.0,,,,0.058823529411764705,0.0,1,0.47107438016528924,1713.8539553752535,0,1376.200325732899,389,49,50,49
msg_955,node2,node0,224,6480000,6482338.0,2338.0,,,,1772.4117647058824,0.0,1,0.47107438016528924,1710.3846153846155,0,1373.9626016260163,388,48,50,49
msg_956,node3,node0,224,6480000,6482338.0,2338.0,,,,1772.7058823529412,0.0,1,0.47107438016528924,1711.6525252525253,0,1375.5275974025974,387,47,50,49
msg_957,node4,node0,224,6480000,,,,,,,,1,0.4664179104477612,1965.6497277676951,0,1581.2197080291971,761,21,50,49
msg_958,node5,node0,224,6480000,,,,,,,,1,0.4664179104477612,1965.6497277676951,0,1581.2197080291971,761,21,50,49
msg_959,node6,node0,224,6480000,6482338.0,2338.0,,,,1773.0588235294117,0.3333333333333333,1,0.47107438016528924,1712.9153225806451,0,1377.0875202593193,386,46,50,49
msg_960,node7,node0,224,6480000,6482339.0,2339.0,,,,1773.3529411764705,0.2,1,0.47107438016528924,1714.1730382293763,0,1378.6423948220065,385,45,50,49
msg_961,node8,node0,224,6480000,6482339.0,2339.0,,,,1773.1764705882354,0.0,1,0.47107438016528924,1715.4277108433735,0,1380.193861066236,384,44,50,49
msg_962,node9,node0,224,6480000,6482339.0,2339.0,,,,1773.4705882352941,0.0,1,0.47107438016528924,1716.6773547094188,0,1381.7403225806452,383,43,50,49
msg_963,node10,node0,226,6480000,6482343.0,2343.0,,,,1775.4705882352941,1.0,1,0.47107438016528924,1737.2364341085272,0,1407.3328100470958,366,26,50,49
msg_964,node11,node0,226,6480000,,,,,,,,1,0.4664179104477612,1965.6497277676951,0,1581.2197080291971,761,21,50,49
msg_965,node12,node0,226,6480000,,,,,,,,1,0.4664179104477612,1965.6497277676951,0,1581.2197080291971,761,21,50,49
msg_966,node13,node0,226,6480000,6482339.0,2339.0,,,,1773.8823529411766,1.0,1,0.47107438016528924,1717.922,0,1383.281803542673,382,42,50,49
msg_967,node14,node0,226,6480000,6482343.0,2343.0,,,,1776.4117647058824,1.0,1,0.47107438016528924,1738.4081237911025,0,1408.7993730407522,365,25,50,49
msg_968,node15,node0,226,6480000,6482339.0,2339.0,,,,1774.0,0.3333333333333333,1,0.47107438016528924,1719.1616766467066,0,1384.8183279742766,381,41,50,49
msg_969,node16,node0,226,6480000,,,,,,,,1,0.4664179104477612,1965.6497277676951,0,1581.2197080291971,761,21,50,49
msg_970,node17,node0,226,6480000,6482340.0,2340.0,,,,1774.4705882352941,0.0,1,0.47107438016528924,1720.3964143426294,0,1386.3499197431781,380,40,50,49
msg_971,node18,node0,226,6480000,,,,,,,,1,0.4664179104477612,1965.6497277676951,0,1581.2197080291971,761,21,50,49
msg_972,node19,node0,226,6480000,,,,,,,,1,0.4664179104477612,1965.6497277676951,0,1581.2197080291971,761,21,50,49
msg_973,node20,node0,226,6480000,6482340.0,2340.0,,,,1774.764705882353,0.3333333333333333,1,0.47107438016528924,1721.6282306163023,0,1387.878205128205,379,39,50,49
msg_974,node21,node0,226,6480000,6482343.0,2343.0,,,,1776.5294117647059,1.0,1,0.47107438016528924,1739.5752895752896,0,1410.2613458528951,364,24,50,49
msg_975,node22,node0,226,6480000,,,,,,,,1,0.4664179104477612,1965.6497277676951,0,1581.2197080291971,761,21,50,49
msg_976,node23,node0,226,6480000,,,,,,,,1,0.4664179104477612,1965.6497277676951,0,1581.2197080291971,761,21,50,49
msg_977,node24,node0,226,6480000,6482340.0,2340.0,,,,1774.8235294117646,0.5,1,0.47107438016528924,1722.8551587301588,0,1389.4016,378,38,50,49
msg_978,node25,node0,226,6480000,6482340.0,2340.0,,,,1774.9411764705883,0.25,1,0.47107438016528924,1724.0772277227722,0,1390.9201277955272,377,37,50,49
msg_979,node26,node0,226,6480000,,,,,,,,1,0.4664179104477612,1965.6497277676951,0,1581.2197080291971,761,21,50,49
msg_980,node27,node0,226,6480000,6482341.0,2341.0,,,,1775.1764705882354,0.2,1,0.47107438016528924,1725.294466403162,0,1392.4338118022329,376,36,50,49
msg_981,node28,node0,226,6480000,,,,,,,,1,0.4664179104477612,1965.6497277676951,0,1581.2197080291971,761,21,50,49
msg_982,node29,node0,226,6480000,,,,,,,,1,0.4664179104477612,1965.6497277676951,0,1581.2197080291971,761,21,50,49
msg_983,node30,node0,226,6480000,,,,,,,,1,0.4664179104477612,1965.6497277676951,0,1581.2197080291971,761,21,50,49
msg_984,node31,node0,226,6480000,6482343.0,2343.0,,,,1776.8235294117646,1.2,1,0.47107438016528924,1740.73795761079,0,1411.71875,363,23,50,49
msg_985,node32,node0,226,6480000,6482344.0,2344.0,,,,1777.4117647058824,1.0,1,0.47107438016528924,1741.8961538461538,0,1413.1716068642745,362,22,50,49
msg_986,node33,node0,226,6480000,6482341.0,2341.0,,,,1775.4117647058824,0.2,1,0.47107438016528924,1726.508875739645,0,1393.9442675159235,375,35,50,49
msg_987,node34,node0,226,6480000,,,,,,,,1,0.4664179104477612,1965.6497277676951,0,1581.2197080291971,761,21,50,49
msg_988,node35,node0,226,6480000,6482341.0,2341.0,,,,1775.2941176470588,0.75,1,0.47107438016528924,1727.7185039370079,0,1395.449920508744,374,34,50,49
msg_989,node36,node0,226,6480000,6482341.0,2341.0,,,,1775.5294117647059,0.75,1,0.47107438016528924,1728.9233791748527,0,1396.9507936507937,373,33,50,49
msg_990,node37,node0,226,6480000,6482341.0,2341.0,,,,1775.5882352941176,0.5,1,0.47107438016528924,1730.1235294117646,0,1398.4469096671949,372,32,50,49
msg_991,node38,node0,226,6480000,,,,,,,,1,0.4664179104477612,1965.6497277676951,0,1581.2197080291971,761,21,50,49
msg_992,node39,node0,226,6480000,,,,,,,,1,0.4664179104477612,1965.6497277676951,0,1581.2197080291971,761,21,50,49
msg_993,node40,node0,226,6480000,6482342.0,2342.0,,,,1775.8823529411766,0.6,1,0.47107438016528924,1731.3189823874754,0,1399.9382911392406,371,31,50,49
msg_994,node41,node0,226,6480000,6482342.0,2342.0,,,,1775.764705882353,0.16666666666666666,1,0.47107438016528924,1732.51171875,0,1401.4265402843603,370,30,50,49
msg_995,node42,node0,226,6480000,,,,,,,,1,0.4664179104477612,1965.6497277676951,0,1581.2197080291971,761,21,50,49
msg_996,node43,node0,226,6480000,,,,,,,,1,0.4664179104477612,1965.6497277676951,0,1581.2197080291971,761,21,50,49
msg_997,node44,node0,226,6480000,6482342.0,2342.0,,,,1776.0,0.0,1,0.47107438016528924,1733.6998050682262,0,1402.910094637224,369,29,50,49
msg_998,node45,node0,226,6480000,6482342.0,2342.0,,,,1776.2941176470588,0.5,1,0.47107438016528924,1734.8832684824902,0,1404.3889763779528,368,28,50,49
msg_999,node46,node0,226,6480000,6482342.0,2342.0,,,,1776.235294117647,0.6666666666666666,1,0.47107438016528924,1736.06213592233,0,1405.8632075471698,367,27,50,49
msg_1000,node47,node0,226,6480000,,,,,,,,1,0.4664179104477612,1965.6497277676951,0,1581.2197080291971,761,21,50,49
msg_1001,node48,node0,226,6480000,,,,,,,,1,0.4664179104477612,1965.6497277676951,0,1581.2197080291971,761,21,50,49
msg_1002,node49,node0,226,6480000,6482344.0,2344.0,,,,1776.8235294117646,1.0,1,0.47107438016528924,1743.0518234165067,0,1414.6214953271028,361,21,50,49
msg_1003,node0,node6,225,6542338,6542338.0,0.0,,,,0.47107438016528924,1744.2030651340997,1,1804.4444444444443,0.3333333333333333,0,1416.066874027994,361,21,50,1
msg_1004,node0,node7,225,6542339,6542339.0,0.0,,,,0.4672131147540984,1744.2030651340997,2,1804.7777777777778,0.2,0,1413.8680124223602,362,22,50,2
msg_1005,node0,node9,225,6542339,6542339.0,0.0,,,,0.4634146341463415,1744.2030651340997,2,1804.888888888889,0.0,0,1411.675968992248,361,21,50,2
msg_1006,node0,node25,226,6542340,6542340.0,0.0,,,,0.4596774193548387,1744.2030651340997,1,1806.3333333333333,0.25,0,1409.4907120743035,361,21,50,1
msg_1007,node0,node14,226,6542343,6542344.0,1.0,,,,0.456,1744.2030651340997,2,1807.888888888889,1.0,0,1407.3122102009274,363,23,50,2
msg_1008,node0,node21,226,6542343,6542345.0,2.0,,,,0.4603174603174603,1744.2030651340997,2,1808.0,1.0,0,1405.141975308642,362,22,50,2
msg_1009,node0,node32,226,6542344,6542345.0,1.0,,,,0.47244094488188976,1744.2030651340997,1,1808.888888888889,1.0,0,1402.9799691833591,361,21,50,1
msg_1010,node1,node0,224,6840000,6840000.0,0.0,,,,0.05555555555555555,0.0,1,0.4765625,1744.2030651340997,0,1400.823076923077,409,49,50,49
msg_1011,node2,node0,224,6840000,6842374.0,2374.0,,,,1803.8333333333333,0.0,1,0.4765625,1740.868068833652,0,1398.6712749615976,408,48,50,49
msg_1012,node3,node0,224,6840000,6842374.0,2374.0,,,,1804.111111111111,0.0,1,0.4765625,1742.0763358778627,0,1400.1671779141104,407,47,50,49
msg_1013,node4,node0,224,6840000,,,,,,,,1,0.4664179104477612,1965.6497277676951,0,1581.2197080291971,761,21,50,49
msg_1014,node5,node0,224,6840000,,,,,,,,1,0.4664179104477612,1965.6497277676951,0,1581.2197080291971,761,21,50,49
msg_1015,node6,node0,224,6840000,6842374.0,2374.0,,,,1804.4444444444443,0.25,1,0.4765625,1743.28,0,1401.6584992343032,406,46,50,49
msg_1016,node7,node0,224,6840000,6842375.0,2375.0,,,,1804.7777777777778,0.16666666666666666,1,0.4765625,1744.4790874524715,0,1403.1452599388379,405,45,50,49
msg_1017,node8,node0,224,6840000,6842375.0,2375.0,,,,1804.611111111111,0.0,1,0.4765625,1745.675521821632,0,1404.629007633588,404,44,50,49
msg_1018,node9,node0,224,6840000,6842375.0,2375.0,,,,1804.888888888889,0.0,1,0.4765625,1746.8674242424242,0,1406.1082317073171,403,43,50,49
msg_1019,node10,node0,226,6840000,6842379.0,2379.0,,,,1807.0,1.0,1,0.4765625,1766.51376146789,0,1430.625557206538,386,26,50,49
msg_1020,node11,node0,226,6840000,,,,,,,,1,0.4664179104477612,1965.6497277676951,0,1581.2197080291971,761,21,50,49
msg_1021,node12,node0,226,6840000,,,,,,,,1,0.4664179104477612,1965.6497277676951,0,1581.2197080291971,761,21,50,49
msg_1022,node13,node0,226,6840000,6842375.0,2375.0,,,,1805.2777777777778,1.0,1,0.4765625,1748.054820415879,0,1407.5829528158295,402,42,50,49
msg_1023,node14,node0,226,6840000,6842379.0,2379.0,,,,1807.888888888889,1.0,1,0.4765625,1767.6355311355312,0,1432.032640949555,385,25,50,49
msg_1024,node15,node0,226,6840000,6842375.0,2375.0,,,,1805.388888888889,0.3333333333333333,1,0.4765625,1749.2377358490567,0,1409.0531914893618,401,41,50,49
msg_1025,node16,node0,226,6840000,,,,,,,,1,0.4664179104477612,1965.6497277676951,0,1581.2197080291971,761,21,50,49
msg_1026,node17,node0,226,6840000,6842376.0,2376.0,,,,1805.888888888889,0.0,1,0.4765625,1750.4161958568739,0,1410.5189681335357,400,40,50,49
msg_1027,node18,node0,226,6840000,,,,,,,,1,0.4664179104477612,1965.6497277676951,0,1581.2197080291971,761,21,50,49
msg_1028,node19,node0,226,6840000,,,,,,,,1,0.4664179104477612,1965.6497277676951,0,1581.2197080291971,761,21,50,49
msg_1029,node20,node0,226,6840000,6842376.0,2376.0,,,,1806.1666666666667,0.3333333333333333,1,0.4765625,1751.592105263158,0,1411.9818181818182,399,39,50,49
msg_1030,node21,node0,226,6840000,6842379.0,2379.0,,,,1808.0,1.25,1,0.4765625,1768.7531992687386,0,1433.4355555555555,384,24,50,49
msg_1031,node22,node0,226,6840000,,,,,,,,1,0.4664179104477612,1965.6497277676951,0,1581.2197080291971,761,21,50,49
msg_1032,node23,node0,226,6840000,,,,,,,,1,0.4664179104477612,1965.6497277676951,0,1581.2197080291971,761,21,50,49
msg_1033,node24,node0,226,6840000,6842376.0,2376.0,,,,1806.2222222222222,0.5,1,0.4765625,1752.763602251407,0,1413.4402420574886,398,38,50,49
msg_1034,node25,node0,226,6840000,6842376.0,2376.0,,,,1806.3333333333333,0.2,1,0.4765625,1753.930711610487,0,1414.8942598187311,397,37,50,49
msg_1035,node26,node0,226,6840000,,,,,,,,1,0.4664179104477612,1965.6497277676951,0,1581.2197080291971,761,21,50,49
msg_1036,node27,node0,226,6840000,6842377.0,2377.0,,,,1806.611111111111,0.2,1,0.4765625,1755.0934579439252,0,1416.343891402715,396,36,50,49
msg_1037,node28,node0,226,6840000,,,,,,,,1,0.4664179104477612,1965.6497277676951,0,1581.2197080291971,761,21,50,49
msg_1038,node29,node0,226,6840000,,,,,,,,1,0.4664179104477612,1965.6497277676951,0,1581.2197080291971,761,21,50,49
msg_1039,node30,node0,226,6840000,,,,,,,,1,0.4664179104477612,1965.6497277676951,0,1581.2197080291971,761,21,50,49
msg_1040,node31,node0,226,6840000,6842379.0,2379.0,,,,1808.2777777777778,1.2,1,0.4765625,1769.8667883211679,0,1434.8343195266273,383,23,50,49
msg_1041,node32,node0,226,6840000,6842380.0,2380.0,,,,1808.888888888889,1.0,1,0.4765625,1770.9763205828779,0,1436.2289512555392,382,22,50,49
msg_1042,node33,node0,226,6840000,6842377.0,2377.0,,,,1806.8333333333333,0.2,1,0.4765625,1756.2537313432836,0,1417.7906626506024,395,35,50,49
msg_1043,node34,node0,226,6840000,,,,,,,,1,0.4664179104477612,1965.6497277676951,0,1581.2197080291971,761,21,50,49
msg_1044,node35,node0,226,6840000,6842377.0,2377.0,,,,1806.7222222222222,0.75,1,0.4765625,1757.4096834264433,0,1419.233082706767,394,34,50,49
msg_1045,node36,node0,226,6840000,6842377.0,2377.0,,,,1806.9444444444443,0.75,1,0.4765625,1758.5613382899628,0,1420.6711711711712,393,33,50,49
msg_1046,node37,node0,226,6840000,6842377.0,2377.0,,,,1807.0,0.5,1,0.4765625,1759.708719851577,0,1422.1049475262369,392,32,50,49
msg_1047,node38,node0,226,6840000,,,,,,,,1,0.4664179104477612,1965.6497277676951,0,1581.2197080291971,761,21,50,49
msg_1048,node39,node0,226,6840000,,,,,,,,1,0.4664179104477612,1965.6497277676951,0,1581.2197080291971,761,21,50,49
msg_1049,node40,node0,226,6840000,6842378.0,2378.0,,,,1807.3333333333333,0.6,1,0.4765625,1760.851851851852,0,1423.5344311377246,391,31,50,49
msg_1050,node41,node0,226,6840000,6842378.0,2378.0,,,,1807.2222222222222,0.16666666666666666,1,0.4765625,1761.992606284658,0,1424.9611360239162,390,30,50,49
msg_1051,node42,node0,226,6840000,,,,,,,,1,0.4664179104477612,1965.6497277676951,0,1581.2197080291971,761,21,50,49
msg_1052,node43,node0,226,6840000,,,,,,,,1,0.4664179104477612,1965.6497277676951,0,1581.2197080291971,761,21,50,49
msg_1053,node44,node0,226,6840000,6842378.0,2378.0,,,,1807.4444444444443,0.0,1,0.4765625,1763.129151291513,0,1426.3835820895522,389,29,50,49
msg_1054,node45,node0,226,6840000,6842378.0,2378.0,,,,1807.7222222222222,0.5,1,0.4765625,1764.2615101289134,0,1427.8017883755588,388,28,50,49
msg_1055,node46,node0,226,6840000,6842378.0,2378.0,,,,1807.6666666666667,0.6666666666666666,1,0.4765625,1765.389705882353,0,1429.2157738095239,387,27,50,49
msg_1056,node47,node0,226,6840000,,,,,,,,1,0.4664179104477612,1965.6497277676951,0,1581.2197080291971,761,21,50,49
msg_1057,node48,node0,226,6840000,,,,,,,,1,0.4664179104477612,1965.6497277676951,0,1581.2197080291971,761,21,50,49
msg_1058,node49,node0,226,6840000,6842380.0,2380.0,,,,1808.3333333333333,1.0,1,0.4765625,1772.0836363636363,0,1437.6209439528025,381,21,50,49
msg_1059,node0,node3,225,6902374,6902375.0,1.0,,,,0.4765625,1773.186932849365,2,1834.1052631578948,0.0,0,1439.0088365243005,383,23,50,2
msg_1060,node0,node6,225,6902374,6902375.0,1.0,,,,0.4806201550387597,1773.186932849365,2,1834.421052631579,0.25,0,1436.894117647059,382,22,50,2
msg_1061,node0,node15,226,6902375,6902376.0,1.0,,,,0.4846153846153846,1773.186932849365,1,1835.3684210526317,0.3333333333333333,0,1434.7856093979442,381,21,50,1
msg_1062,node0,node32,226,6902380,6902381.0,1.0,,,,0.48854961832061067,1773.186932849365,1,1838.9473684210527,1.0,0,1432.683284457478,381,21,50,1
msg_1063,node1,node0,224,7200000,7200000.0,0.0,,,,0.05263157894736842,0.0,1,0.49242424242424243,1773.186932849365,0,1430.5871156661785,429,49,50,49
msg_1064,node2,node0,224,7200000,7202402.0,2402.0,,,,1833.842105263158,0.0,1,0.49242424242424243,1769.9746376811595,0,1428.4956140350878,428,48,50,49
msg_1065,node3,node0,224,7200000,7202402.0,2402.0,,,,1834.1052631578948,0.3333333333333333,1,0.49242424242424243,1771.117540687161,0,1429.9167883211678,427,47,50,49
msg_1066,node4,node0,224,7200000,,,,,,,,1,0.4664179104477612,1965.6497277676951,0,1581.2197080291971,761,21,50,49
msg_1067,node5,node0,224,7200000,,,,,,,,1,0.4664179104477612,1965.6497277676951,0,1581.2197080291971,761,21,50,49
msg_1068,node6,node0,224,7200000,7202403.0,2403.0,,,,1834.421052631579,0.4,1,0.49242424242424243,1772.2563176895308,0,1431.3338192419826,426,46,50,49
msg_1069,node7,node0,224,7200000,7202403.0,2403.0,,,,1834.7894736842106,0.16666666666666666,1,0.49242424242424243,1773.3927927927928,0,1432.7481804949055,425,45,50,49
msg_1070,node8,node0,224,7200000,7202403.0,2403.0,,,,1834.6315789473683,0.0,1,0.49242424242424243,1774.525179856115,0,1434.1584302325582,424,44,50,49
msg_1071,node9,node0,224,7200000,7202404.0,2404.0,,,,1834.8947368421052,0.0,1,0.49242424242424243,1775.6535008976662,0,1435.5645863570392,423,43,50,49
msg_1072,node10,node0,226,7200000,7202405.0,2405.0,,,,1837.1052631578948,1.0,1,0.49242424242424243,1780.1336898395723,0,1441.154401154401,419,39,50,49
msg_1073,node11,node0,226,7200000,,,,,,,,1,0.4664179104477612,1965.6497277676951,0,1581.2197080291971,761,21,50,49
msg_1074,node12,node0,226,7200000,,,,,,,,1,0.4664179104477612,1965.6497277676951,0,1581.2197080291971,761,21,50,49
msg_1075,node13,node0,226,7200000,7202404.0,2404.0,,,,1835.2631578947369,1.0,1,0.49242424242424243,1776.779569892473,0,1436.968115942029,422,42,50,49
msg_1076,node14,node0,226,7200000,7202405.0,2405.0,,,,1837.9473684210527,1.0,1,0.49242424242424243,1781.2455516014236,0,1442.5432276657061,418,38,50,49
msg_1077,node15,node0,226,7200000,7202404.0,2404.0,,,,1835.3684210526317,0.5,1,0.49242424242424243,1777.9016100178892,0,1438.367583212735,421,41,50,49
msg_1078,node16,node0,226,7200000,,,,,,,,1,0.4664179104477612,1965.6497277676951,0,1581.2197080291971,761,21,50,49
msg_1079,node17,node0,226,7200000,7202404.0,2404.0,,,,1835.8947368421052,0.0,1,0.49242424242424243,1779.0196428571428,0,1439.763005780347,420,40,50,49
msg_1080,node18,node0,226,7200000,,,,,,,,1,0.4664179104477612,1965.6497277676951,0,1581.2197080291971,761,21,50,49
msg_1081,node19,node0,226,7200000,,,,,,,,1,0.4664179104477612,1965.6497277676951,0,1581.2197080291971,761,21,50,49
msg_1082,node20,node0,226,7200000,7202405.0,2405.0,,,,1836.157894736842,0.3333333333333333,1,0.49242424242424243,1782.3534635879219,0,1443.928057553957,417,37,50,49
msg_1083,node21,node0,226,7200000,7202406.0,2406.0,,,,1838.0526315789473,1.25,1,0.49242424242424243,1786.7495590828923,0,1449.4306151645208,413,33,50,49
msg_1084,node22,node0,226,7200000,,,,,,,,1,0.4664179104477612,1965.6497277676951,0,1581.2197080291971,761,21,50,49
msg_1085,node23,node0,226,7200000,,,,,,,,1,0.4664179104477612,1965.6497277676951,0,1581.2197080291971,761,21,50,49
msg_1086,node24,node0,226,7200000,7202405.0,2405.0,,,,1836.2105263157894,0.5,1,0.49242424242424243,1783.4574468085107,0,1445.308908045977,416,36,50,49
msg_1087,node25,node0,226,7200000,7202406.0,2406.0,,,,1836.3157894736842,0.2,1,0.49242424242424243,1784.5575221238937,0,1446.6857962697275,415,35,50,49
msg_1088,node26,node0,226,7200000,,,,,,,,1,0.4664179104477612,1965.6497277676951,0,1581.2197080291971,761,21,50,49
msg_1089,node27,node0,226,7200000,7202406.0,2406.0,,,,1836.6315789473683,0.2,1,0.49242424242424243,1785.655477031802,0,1448.0601719197707,414,34,50,49
msg_1090,node28,node0,226,7200000,,,,,,,,1,0.4664179104477612,1965.6497277676951,0,1581.2197080291971,761,21,50,49
msg_1091,node29,node0,226,7200000,,,,,,,,1,0.4664179104477612,1965.6497277676951,0,1581.2197080291971,761,21,50,49
msg_1092,node30,node0,226,7200000,,,,,,,,1,0.4664179104477612,1965.6497277676951,0,1581.2197080291971,761,21,50,49
msg_1093,node31,node0,226,7200000,7202407.0,2407.0,,,,1838.3157894736842,1.2,1,0.49242424242424243,1788.92618629174,0,1452.1597717546363,411,31,50,49
msg_1094,node32,node0,226,7200000,7202407.0,2407.0,,,,1838.9473684210527,1.0,1,0.49242424242424243,1792.167832167832,0,1456.2286931818182,408,28,50,49
msg_1095,node33,node0,226,7200000,7202406.0,2406.0,,,,1836.842105263158,0.2,1,0.49242424242424243,1787.8397887323943,0,1450.797142857143,412,32,50,49
msg_1096,node34,node0,226,7200000,,,,,,,,1,0.4664179104477612,1965.6497277676951,0,1581.2197080291971,761,21,50,49
msg_1097,node35,node0,226,7200000,7202407.0,2407.0,,,,1836.7368421052631,0.75,1,0.49242424242424243,1790.0105263157895,0,1453.519943019943,410,30,50,49
msg_1098,node36,node0,226,7200000,7202407.0,2407.0,,,,1836.9473684210527,0.75,1,0.49242424242424243,1791.091068301226,0,1454.8762446657183,409,29,50,49
msg_1099,node37,node0,226,7200000,7202408.0,2408.0,,,,1837.0,0.5,1,0.49242424242424243,1793.2408376963351,0,1457.577304964539,407,27,50,49
msg_1100,node38,node0,226,7200000,,,,,,,,1,0.4664179104477612,1965.6497277676951,0,1581.2197080291971,761,21,50,49
msg_1101,node39,node0,226,7200000,,,,,,,,1,0.4664179104477612,1965.6497277676951,0,1581.2197080291971,761,21,50,49
msg_1102,node40,node0,226,7200000,7202408.0,2408.0,,,,1837.3684210526317,0.6,1,0.49242424242424243,1794.3118466898954,0,1458.9235127478753,406,26,50,49
msg_1103,node41,node0,226,7200000,7202408.0,2408.0,,,,1837.2631578947369,0.16666666666666666,1,0.49242424242424243,1795.3791304347826,0,1460.2659123055162,405,25,50,49
msg_1104,node42,node0,226,7200000,,,,,,,,1,0.4664179104477612,1965.6497277676951,0,1581.2197080291971,761,21,50,49
msg_1105,node43,node0,226,7200000,,,,,,,,1,0.4664179104477612,1965.6497277676951,0,1581.2197080291971,761,21,50,49
msg_1106,node44,node0,226,7200000,7202408.0,2408.0,,,,1837.4736842105262,0.0,1,0.49242424242424243,1796.4427083333333,0,1461.6045197740114,404,24,50,49
msg_1107,node45,node0,226,7200000,7202409.0,2409.0,,,,1837.7368421052631,0.5,1,0.49242424242424243,1797.5025996533795,0,1462.9393511988717,403,23,50,49
msg_1108,node46,node0,226,7200000,7202409.0,2409.0,,,,1837.6842105263158,0.6666666666666666,1,0.49242424242424243,1798.560553633218,0,1464.2718309859156,402,22,50,49
msg_1109,node47,node0,226,7200000,,,,,,,,1,0.4664179104477612,1965.6497277676951,0,1581.2197080291971,761,21,50,49
msg_1110,node48,node0,226,7200000,,,,,,,,1,0.4664179104477612,1965.6497277676951,0,1581.2197080291971,761,21,50,49
msg_1111,node49,node0,226,7200000,7202409.0,2409.0,,,,1838.421052631579,1.0,1,0.49242424242424243,1799.6148531951642,0,1465.6005625879043,401,21,50,49
msg_1112,node0,node2,225,7262402,7262402.0,0.0,,,,0.49242424242424243,1800.6655172413793,1,1862.25,0.0,0,1466.9255617977528,401,21,50,1
msg_1113,node0,node8,225,7262403,7262403.0,0.0,,,,0.48872180451127817,1800.6655172413793,1,1863.05,0.0,0,1464.8681626928471,401,21,50,1
msg_1114,node0,node15,226,7262404,7262404.0,0.0,,,,0.48507462686567165,1800.6655172413793,1,1863.8,0.5,0,1462.8165266106444,401,21,50,1
msg_1115,node0,node10,226,7262405,7262406.0,1.0,,,,0.47794117647058826,1800.6655172413793,2,1865.5,1.0,0,1458.7304469273743,403,23,50,2
msg_1116,node0,node20,226,7262405,7262405.0,0.0,,,,0.48148148148148145,1800.6655172413793,2,1864.6,0.3333333333333333,0,1460.7706293706294,402,22,50,2
msg_1117,node0,node27,226,7262406,7262406.0,0.0,,,,0.48175182481751827,1800.6655172413793,2,1865.1,0.2,0,1456.697350069735,402,22,50,2
msg_1118,node0,node33,226,7262406,7262406.0,0.0,,,,0.4782608695652174,1800.6655172413793,2,1865.3,0.2,0,1454.66852367688,401,21,50,2
msg_1119,node0,node41,226,7262408,7262408.0,0.0,,,,0.4748201438848921,1800.6655172413793,1,1865.8,0.16666666666666666,0,1452.645340751043,401,21,50,1
msg_1120,node1,node0,224,7560000,7560001.0,1.0,,,,0.05,0.0,1,0.4714285714285714,1800.6655172413793,0,1450.6277777777777,449,49,50,49
msg_1121,node2,node0,224,7560000,7562447.0,2447.0,,,,1862.25,0.0,1,0.4714285714285714,1797.5679862306367,0,1448.6171983356448,448,48,50,49
msg_1122,node3,node0,224,7560000,7562447.0,2447.0,,,,1862.5,0.3333333333333333,1,0.4714285714285714,1798.683848797251,0,1450.0,447,47,50,49
msg_1123,node4,node0,224,7560000,,,,,,,,1,0.4664179104477612,1965.6497277676951,0,1581.2197080291971,761,21,50,49
msg_1124,node5,node0,224,7560000,,,,,,,,1,0.4664179104477612,1965.6497277676951,0,1581.2197080291971,761,21,50,49
msg_1125,node6,node0,224,7560000,7562448.0,2448.0,,,,1862.85,0.4,1,0.4714285714285714,1799.7958833619211,0,1451.3789764868602,446,46,50,49
msg_1126,node7,node0,224,7560000,7562448.0,2448.0,,,,1863.2,0.16666666666666666,1,0.4714285714285714,1800.9058219178082,0,1452.7555248618785,445,45,50,49
msg_1127,node8,node0,224,7560000,7562449.0,2449.0,,,,1863.05,0.0,1,0.4714285714285714,1802.0119658119659,0,1454.128275862069,444,44,50,49
msg_1128,node9,node0,224,7560000,7562449.0,2449.0,,,,1863.35,0.0,1,0.4714285714285714,1803.1160409556314,0,1455.4986225895316,443,43,50,49
msg_1129,node10,node0,226,7560000,7562450.0,2450.0,,,,1865.5,1.0,1,0.4714285714285714,1806.4057724957556,0,1459.5871056241426,440,40,50,49
msg_1130,node11,node0,226,7560000,,,,,,,,1,0.4664179104477612,1965.6497277676951,0,1581.2197080291971,761,21,50,49
msg_1131,node12,node0,226,7560000,,,,,,,,1,0.4664179104477612,1965.6497277676951,0,1581.2197080291971,761,21,50,49
msg_1132,node13,node0,226,7560000,7562449.0,2449.0,,,,1863.7,1.0,1,0.4714285714285714,1804.2163543441227,0,1456.8651994497936,442,42,50,49
msg_1133,node14,node0,226,7560000,7562450.0,2450.0,,,,1866.3,1.0,1,0.4714285714285714,1807.4966101694915,0,1460.9438356164383,439,39,50,49
msg_1134,node15,node0,226,7560000,7562449.0,2449.0,,,,1863.8,0.4,1,0.4714285714285714,1805.312925170068,0,1458.228021978022,441,41,50,49
msg_1135,node16,node0,226,7560000,,,,,,,,1,0.4664179104477612,1965.6497277676951,0,1581.2197080291971,761,21,50,49
msg_1136,node17,node0,226,7560000,7562450.0,2450.0,,,,1864.3,0.0,1,0.4714285714285714,1808.5837563451776,0,1462.296853625171,438,38,50,49
msg_1137,node18,node0,226,7560000,,,,,,,,1,0.4664179104477612,1965.6497277676951,0,1581.2197080291971,761,21,50,49
msg_1138,node19,node0,226,7560000,,,,,,,,1,0.4664179104477612,1965.6497277676951,0,1581.2197080291971,761,21,50,49
msg_1139,node20,node0,226,7560000,7562451.0,2451.0,,,,1864.6,0.25,1,0.4714285714285714,1809.6672297297298,0,1463.646174863388,437,37,50,49
msg_1140,node21,node0,226,7560000,7562454.0,2454.0,,,,1866.45,1.25,1,0.4714285714285714,1823.4694214876033,0,1480.8926174496644,424,24,50,49
msg_1141,node22,node0,226,7560000,,,,,,,,1,0.4664179104477612,1965.6497277676951,0,1581.2197080291971,761,21,50,49
msg_1142,node23,node0,226,7560000,,,,,,,,1,0.4664179104477612,1965.6497277676951,0,1581.2197080291971,761,21,50,49
msg_1143,node24,node0,226,7560000,7562451.0,2451.0,,,,1864.65,0.5,1,0.4714285714285714,1810.7487352445194,0,1464.993178717599,436,36,50,49
msg_1144,node25,node0,226,7560000,7562451.0,2451.0,,,,1864.8,0.2,1,0.4714285714285714,1811.8265993265993,0,1466.3365122615803,435,35,50,49
msg_1145,node26,node0,226,7560000,,,,,,,,1,0.4664179104477612,1965.6497277676951,0,1581.2197080291971,761,21,50,49
msg_1146,node27,node0,226,7560000,7562451.0,2451.0,,,,1865.1,0.16666666666666666,1,0.4714285714285714,1812.9008403361345,0,1467.6761904761904,434,34,50,49
msg_1147,node28,node0,226,7560000,,,,,,,,1,0.4664179104477612,1965.6497277676951,0,1581.2197080291971,761,21,50,49
msg_1148,node29,node0,226,7560000,,,,,,,,1,0.4664179104477612,1965.6497277676951,0,1581.2197080291971,761,21,50,49
msg_1149,node30,node0,226,7560000,,,,,,,,1,0.4664179104477612,1965.6497277676951,0,1581.2197080291971,761,21,50,49
msg_1150,node31,node0,226,7560000,7562454.0,2454.0,,,,1866.75,1.2,1,0.4714285714285714,1824.509900990099,0,1482.1970509383377,423,23,50,49
msg_1151,node32,node0,226,7560000,7562454.0,2454.0,,,,1867.35,1.0,1,0.4714285714285714,1825.5469522240528,0,1483.4979919678715,422,22,50,49
msg_1152,node33,node0,226,7560000,7562452.0,2452.0,,,,1865.3,0.16666666666666666,1,0.4714285714285714,1813.971476510067,0,1469.0122282608695,433,33,50,49
msg_1153,node34,node0,226,7560000,,,,,,,,1,0.4664179104477612,1965.6497277676951,0,1581.2197080291971,761,21,50,49
msg_1154,node35,node0,226,7560000,7562452.0,2452.0,,,,1865.25,0.75,1,0.4714285714285714,1815.0402010050252,0,1470.3459972862959,432,32,50,49
msg_1155,node36,node0,226,7560000,7562452.0,2452.0,,,,1865.45,0.75,1,0.4714285714285714,1816.1053511705686,0,1471.6761517615175,431,31,50,49
msg_1156,node37,node0,226,7560000,7562452.0,2452.0,,,,1865.55,0.5,1,0.4714285714285714,1817.1669449081803,0,1473.002706359946,430,30,50,49
msg_1157,node38,node0,226,7560000,,,,,,,,1,0.4664179104477612,1965.6497277676951,0,1581.2197080291971,761,21,50,49
msg_1158,node39,node0,226,7560000,,,,,,,,1,0.4664179104477612,1965.6497277676951,0,1581.2197080291971,761,21,50,49
msg_1159,node40,node0,226,7560000,7562452.0,2452.0,,,,1865.9,0.6,1,0.4714285714285714,1818.225,0,1474.3256756756757,429,29,50,49
msg_1160,node41,node0,226,7560000,7562453.0,2453.0,,,,1865.8,0.14285714285714285,1,0.4714285714285714,1819.279534109817,0,1475.6450742240215,428,28,50,49
msg_1161,node42,node0,226,7560000,,,,,,,,1,0.4664179104477612,1965.6497277676951,0,1581.2197080291971,761,21,50,49
msg_1162,node43,node0,226,7560000,,,,,,,,1,0.4664179104477612,1965.6497277676951,0,1581.2197080291971,761,21,50,49
msg_1163,node44,node0,226,7560000,7562453.0,2453.0,,,,1866.0,0.0,1,0.4714285714285714,1820.3322259136212,0,1476.9622641509434,427,27,50,49
msg_1164,node45,node0,226,7560000,7562453.0,2453.0,,,,1866.3,0.5,1,0.4714285714285714,1821.3814262023218,0,1478.2759084791387,426,26,50,49
msg_1165,node46,node0,226,7560000,7562453.0,2453.0,,,,1866.25,0.6666666666666666,1,0.4714285714285714,1822.4271523178809,0,1479.5860215053763,425,25,50,49
msg_1166,node47,node0,226,7560000,,,,,,,,1,0.4664179104477612,1965.6497277676951,0,1581.2197080291971,761,21,50,49
msg_1167,node48,node0,226,7560000,,,,,,,,1,0.4664179104477612,1965.6497277676951,0,1581.2197080291971,761,21,50,49
msg_1168,node49,node0,226,7560000,7562455.0,2455.0,,,,1866.95,1.0,1,0.4714285714285714,1826.5805921052631,0,1484.7954545454545,421,21,50,49
msg_1169,node0,node2,225,7622447,7622447.0,0.0,,,,0.4714285714285714,1827.6124794745485,2,1890.095238095238,0.0,0,1486.090787716956,422,22,50,2
msg_1170,node0,node3,225,7622447,7622448.0,1.0,,,,0.46808510638297873,1827.6124794745485,2,1890.3333333333333,0.3333333333333333,0,1484.1093333333333,422,22,50,2
msg_1171,node0,node6,225,7622448,7622448.0,0.0,,,,0.47183098591549294,1827.6124794745485,1,1890.7142857142858,0.4,0,1482.1344873501998,421,21,50,1
msg_1172,node0,node13,226,7622449,7622449.0,0.0,,,,0.46853146853146854,1827.6124794745485,2,1891.5714285714287,1.0,0,1480.1635638297873,422,22,50,2
msg_1173,node0,node15,226,7622449,7622449.0,0.0,,,,0.4652777777777778,1827.6124794745485,2,1891.6666666666667,0.4,0,1478.1978751660026,421,21,50,2
msg_1174,node0,node10,226,7622450,7622451.0,1.0,,,,0.46206896551724136,1827.6124794745485,1,1893.3333333333333,1.0,0,1476.237400530504,421,21,50,1
msg_1175,node0,node33,226,7622452,7622452.0,0.0,,,,0.4657534246575342,1827.6124794745485,2,1893.2380952380952,0.16666666666666666,0,1474.2834437086092,422,22,50,2
msg_1176,node0,node37,226,7622452,7622452.0,0.0,,,,0.46258503401360546,1827.6124794745485,2,1893.4761904761904,0.5,0,1472.3333333333333,421,21,50,2
msg_1177,node0,node49,226,7622455,7622456.0,1.0,,,,0.4594594594594595,1827.6124794745485,1,1894.952380952381,1.0,0,1470.3883751651256,421,21,50,1
msg_1178,node1,node0,224,7920000,7920000.0,0.0,,,,0.09523809523809523,0.0,1,0.46308724832214765,1827.6124794745485,0,1468.4498680738786,469,49,50,49
msg_1179,node2,node0,224,7920000,7921398.0,1398.0,,,,1890.095238095238,0.0,1,0.46308724832214765,1824.616393442623,0,1466.5151515151515,468,48,50,49
msg_1180,node3,node0,224,7920000,7921399.0,1399.0,,,,1890.3333333333333,0.5,1,0.46308724832214765,1823.9181669394436,0,1466.425,467,47,50,49
msg_1181,node4,node0,224,7920000,,,,,,,,1,0.4664179104477612,1965.6497277676951,0,1581.2197080291971,761,21,50,49
msg_1182,node5,node0,224,7920000,,,,,,,,1,0.4664179104477612,1965.6497277676951,0,1581.2197080291971,761,21,50,49
msg_1183,node6,node0,224,7920000,7921399.0,1399.0,,,,1890.7142857142858,0.3333333333333333,1,0.46308724832214765,1823.2238562091504,0,1466.3363994743759,466,46,50,49
msg_1184,node7,node0,224,7920000,7921399.0,1399.0,,,,1891.047619047619,0.16666666666666666,1,0.46308724832214765,1822.531810766721,0,1466.248031496063,465,45,50,49
msg_1185,node8,node0,224,7920000,7921399.0,1399.0,,,,1890.952380952381,0.0,1,0.46308724832214765,1821.842019543974,0,1466.1598951507208,464,44,50,49
msg_1186,node9,node0,224,7920000,7921399.0,1399.0,,,,1891.2380952380952,0.0,1,0.46308724832214765,1821.1544715447155,0,1466.0719895287957,463,43,50,49
msg_1187,node10,node0,226,7920000,7921401.0,1401.0,,,,1893.3333333333333,1.0,1,0.46308724832214765,1817.7564516129032,0,1465.6410923276983,458,38,50,49
msg_1188,node11,node0,226,7920000,,,,,,,,1,0.4664179104477612,1965.6497277676951,0,1581.2197080291971,761,21,50,49
msg_1189,node12,node0,226,7920000,,,,,,,,1,0.4664179104477612,1965.6497277676951,0,1581.2197080291971,761,21,50,49
msg_1190,node13,node0,226,7920000,7921400.0,1400.0,,,,1891.5714285714287,0.5,1,0.46308724832214765,1820.469155844156,0,1465.9843137254902,462,42,50,49
msg_1191,node14,node0,226,7920000,7921401.0,1401.0,,,,1894.095238095238,1.0,1,0.46308724832214765,1817.085346215781,0,1465.557142857143,457,37,50,49
msg_1192,node15,node0,226,7920000,7921400.0,1400.0,,,,1891.6666666666667,0.3333333333333333,1,0.46308724832214765,1819.7876823338736,0,1465.8981723237598,461,41,50,49
msg_1193,node16,node0,226,7920000,,,,,,,,1,0.4664179104477612,1965.6497277676951,0,1581.2197080291971,761,21,50,49
msg_1194,node17,node0,226,7920000,7921400.0,1400.0,,,,1892.1904761904761,0.0,1,0.46308724832214765,1819.1084142394823,0,1465.8122555410691,460,40,50,49
msg_1195,node18,node0,226,7920000,,,,,,,,1,0.4664179104477612,1965.6497277676951,0,1581.2197080291971,761,21,50,49
msg_1196,node19,node0,226,7920000,,,,,,,,1,0.4664179104477612,1965.6497277676951,0,1581.2197080291971,761,21,50,49
msg_1197,node20,node0,226,7920000,7921400.0,1400.0,,,,1892.5238095238096,0.25,1,0.46308724832214765,1818.431340872375,0,1465.7265625,459,39,50,49
msg_1198,node21,node0,226,7920000,7921401.0,1401.0,,,,1894.4285714285713,1.25,1,0.46308724832214765,1816.4163987138263,0,1465.473411154345,456,36,50,49
msg_1199,node22,node0,226,7920000,,,,,,,,1,0.4664179104477612,1965.6497277676951,0,1581.2197080291971,761,21,50,49
msg_1200,node23,node0,226,7920000,,,,,,,,1,0.4664179104477612,1965.6497277676951,0,1581.2197080291971,761,21,50,49
msg_1201,node24,node0,226,7920000,7921402.0,1402.0,,,,1892.5714285714287,0.5,1,0.46308724832214765,1815.749598715891,0,1465.389896373057,455,35,50,49
msg_1202,node25,node0,226,7920000,7921402.0,1402.0,,,,1892.7142857142858,0.2,1,0.46308724832214765,1815.0865384615386,0,1465.307891332471,454,34,50,49
msg_1203,node26,node0,226,7920000,,,,,,,,1,0.4664179104477612,1965.6497277676951,0,1581.2197080291971,761,21,50,49
msg_1204,node27,node0,226,7920000,7921402.0,1402.0,,,,1893.0,0.16666666666666666,1,0.46308724832214765,1814.4256,0,1465.2260981912145,453,33,50,49
msg_1205,node28,node0,226,7920000,,,,,,,,1,0.4664179104477612,1965.6497277676951,0,1581.2197080291971,761,21,50,49
msg_1206,node29,node0,226,7920000,,,,,,,,1,0.4664179104477612,1965.6497277676951,0,1581.2197080291971,761,21,50,49
msg_1207,node30,node0,226,7920000,,,,,,,,1,0.4664179104477612,1965.6497277676951,0,1581.2197080291971,761,21,50,49
msg_1208,node31,node0,226,7920000,7921404.0,1404.0,,,,1894.7142857142858,1.2,1,0.46308724832214765,1807.948031496063,0,1464.4336734693877,443,23,50,49
msg_1209,node32,node0,226,7920000,7921405.0,1405.0,,,,1895.2857142857142,1.0,1,0.46308724832214765,1807.312893081761,0,1464.3566878980891,442,22,50,49
msg_1210,node33,node0,226,7920000,7921402.0,1402.0,,,,1893.2380952380952,0.14285714285714285,1,0.46308724832214765,1813.7667731629392,0,1465.1445161290324,452,32,50,49
msg_1211,node34,node0,226,7920000,,,,,,,,1,0.4664179104477612,1965.6497277676951,0,1581.2197080291971,761,21,50,49
msg_1212,node35,node0,226,7920000,7921403.0,1403.0,,,,1893.1904761904761,0.75,1,0.46308724832214765,1813.11004784689,0,1465.0631443298969,451,31,50,49
msg_1213,node36,node0,226,7920000,7921403.0,1403.0,,,,1893.3809523809523,0.75,1,0.46308724832214765,1812.4570063694268,0,1464.983268983269,450,30,50,49
msg_1214,node37,node0,226,7920000,7921403.0,1403.0,,,,1893.4761904761904,0.3333333333333333,1,0.46308724832214765,1811.806041335453,0,1464.9035989717224,449,29,50,49
msg_1215,node38,node0,226,7920000,,,,,,,,1,0.4664179104477612,1965.6497277676951,0,1581.2197080291971,761,21,50,49
msg_1216,node39,node0,226,7920000,,,,,,,,1,0.4664179104477612,1965.6497277676951,0,1581.2197080291971,761,21,50,49
msg_1217,node40,node0,226,7920000,7921403.0,1403.0,,,,1893.8095238095239,0.6,1,0.46308724832214765,1811.1571428571428,0,1464.824133504493,448,28,50,49
msg_1218,node41,node0,226,7920000,7921403.0,1403.0,,,,1893.7619047619048,0.14285714285714285,1,0.46308724832214765,1810.5103011093502,0,1464.7448717948719,447,27,50,49
msg_1219,node42,node0,226,7920000,,,,,,,,1,0.4664179104477612,1965.6497277676951,0,1581.2197080291971,761,21,50,49
msg_1220,node43,node0,226,7920000,,,,,,,,1,0.4664179104477612,1965.6497277676951,0,1581.2197080291971,761,21,50,49
msg_1221,node44,node0,226,7920000,7921404.0,1404.0,,,,1893.952380952381,0.0,1,0.46308724832214765,1809.865506329114,0,1464.6658130601793,446,26,50,49
msg_1222,node45,node0,226,7920000,7921404.0,1404.0,,,,1894.2380952380952,0.5,1,0.46308724832214765,1809.224328593997,0,1464.5882352941176,445,25,50,49
msg_1223,node46,node0,226,7920000,7921404.0,1404.0,,,,1894.1904761904761,0.6666666666666666,1,0.46308724832214765,1808.5851735015772,0,1464.5108556832695,444,24,50,49
msg_1224,node47,node0,226,7920000,,,,,,,,1,0.4664179104477612,1965.6497277676951,0,1581.2197080291971,761,21,50,49
msg_1225,node48,node0,226,7920000,,,,,,,,1,0.4664179104477612,1965.6497277676951,0,1581.2197080291971,761,21,50,49
msg_1226,node49,node0,226,7920000,7921405.0,1405.0,,,,1894.952380952381,1.0,1,0.46308724832214765,1806.6813186813188,0,1464.2811704834605,441,21,50,49
msg_1227,node0,node6,225,7981399,7981399.0,0.0,,,,0.46308724832214765,1806.051724137931,2,1868.3636363636363,0.3333333333333333,0,1464.2058449809404,442,22,50,2
msg_1228,node0,node9,225,7981399,7981400.0,1.0,,,,0.46,1806.051724137931,2,1868.8636363636363,0.0,0,1462.3477157360405,442,22,50,2
msg_1229,node0,node13,226,7981400,7981400.0,0.0,,,,0.46357615894039733,1806.051724137931,1,1869.2272727272727,0.5,0,1460.4955640050698,441,21,50,1
msg_1230,node0,node27,226,7981402,7981402.0,0.0,,,,0.4605263157894737,1806.051724137931,2,1870.6818181818182,0.16666666666666666,0,1458.646835443038,442,22,50,2
msg_1231,node0,node33,226,7981402,7981403.0,1.0,,,,0.45751633986928103,1806.051724137931,2,1870.909090909091,0.14285714285714285,0,1456.802781289507,442,22,50,2
msg_1232,node0,node41,226,7981403,7981403.0,0.0,,,,0.461038961038961,1806.051724137931,1,1871.4545454545455,0.14285714285714285,0,1454.9646464646464,441,21,50,1
msg_1233,node1,node0,224,8280000,8280001.0,1.0,,,,0.09090909090909091,0.0,1,0.45806451612903226,1806.051724137931,0,1453.1298865069357,489,49,50,49
msg_1234,node2,node0,224,8280000,8282520.0,2520.0,,,,1867.7272727272727,0.0,1,0.45806451612903226,1803.226917057903,0,1451.3010075566751,488,48,50,49
msg_1235,node3,node0,224,8280000,8282520.0,2520.0,,,,1868.0,0.5,1,0.45806451612903226,1804.346875,0,1452.645283018868,487,47,50,49
msg_1236,node4,node0,224,8280000,,,,,,,,1,0.4664179104477612,1965.6497277676951,0,1581.2197080291971,761,21,50,49
msg_1237,node5,node0,224,8280000,,,,,,,,1,0.4664179104477612,1965.6497277676951,0,1581.2197080291971,761,21,50,49
msg_1238,node6,node0,224,8280000,8282521.0,2521.0,,,,1868.3636363636363,0.2857142857142857,1,0.45806451612903226,1805.4633385335414,0,1453.9861809045226,486,46,50,49
msg_1239,node7,node0,224,8280000,8282521.0,2521.0,,,,1868.6818181818182,0.16666666666666666,1,0.45806451612903226,1806.5778816199377,0,1455.3249686323713,485,45,50,49
msg_1240,node8,node0,224,8280000,8282522.0,2522.0,,,,1868.590909090909,0.0,1,0.45806451612903226,1807.6889580093314,0,1456.6604010025062,484,44,50,49
msg_1241,node9,node0,224,8280000,8282522.0,2522.0,,,,1868.8636363636363,0.16666666666666666,1,0.45806451612903226,1808.7981366459628,0,1457.9937421777222,483,43,50,49
msg_1242,node10,node0,226,8280000,8282522.0,2522.0,,,,1870.9545454545455,1.0,1,0.45806451612903226,1811.0061919504644,0,1460.6504369538077,481,41,50,49
msg_1243,node11,node0,226,8280000,,,,,,,,1,0.4664179104477612,1965.6497277676951,0,1581.2197080291971,761,21,50,49
msg_1244,node12,node0,226,8280000,,,,,,,,1,0.4664179104477612,1965.6497277676951,0,1581.2197080291971,761,21,50,49
msg_1245,node13,node0,226,8280000,8282522.0,2522.0,,,,1869.2272727272727,0.3333333333333333,1,0.45806451612903226,1809.9038759689922,0,1459.32375,482,42,50,49
msg_1246,node14,node0,226,8280000,8282522.0,2522.0,,,,1871.6818181818182,1.0,1,0.45806451612903226,1815.3815384615384,0,1465.9242236024845,477,37,50,49
msg_1247,node15,node0,226,8280000,8282522.0,2522.0,,,,1869.3181818181818,0.3333333333333333,1,0.45806451612903226,1812.1051004636786,0,1461.9738154613467,480,40,50,49
msg_1248,node16,node0,226,8280000,,,,,,,,1,0.4664179104477612,1965.6497277676951,0,1581.2197080291971,761,21,50,49
msg_1249,node17,node0,226,8280000,8282522.0,2522.0,,,,1869.8181818181818,0.0,1,0.45806451612903226,1813.2006172839506,0,1463.293897882939,479,39,50,49
msg_1250,node18,node0,226,8280000,,,,,,,,1,0.4664179104477612,1965.6497277676951,0,1581.2197080291971,761,21,50,49
msg_1251,node19,node0,226,8280000,,,,,,,,1,0.4664179104477612,1965.6497277676951,0,1581.2197080291971,761,21,50,49
msg_1252,node20,node0,226,8280000,8282522.0,2522.0,,,,1870.1363636363637,0.25,1,0.45806451612903226,1814.2927580893684,0,1464.6106965174129,478,38,50,49
msg_1253,node21,node0,226,8280000,8282523.0,2523.0,,,,1872.0,1.25,1,0.45806451612903226,1817.5506134969326,0,1468.5427509293681,475,35,50,49
msg_1254,node22,node0,226,8280000,,,,,,,,1,0.4664179104477612,1965.6497277676951,0,1581.2197080291971,761,21,50,49
msg_1255,node23,node0,226,8280000,,,,,,,,1,0.4664179104477612,1965.6497277676951,0,1581.2197080291971,761,21,50,49
msg_1256,node24,node0,226,8280000,8282523.0,2523.0,,,,1870.2727272727273,0.5,1,0.45806451612903226,1816.4669738863288,0,1467.2344913151364,476,36,50,49
msg_1257,node25,node0,226,8280000,8282523.0,2523.0,,,,1870.409090909091,0.2,1,0.45806451612903226,1818.6309341500767,0,1469.8477722772277,474,34,50,49
msg_1258,node26,node0,226,8280000,,,,,,,,1,0.4664179104477612,1965.6497277676951,0,1581.2197080291971,761,21,50,49
msg_1259,node27,node0,226,8280000,8282523.0,2523.0,,,,1870.6818181818182,0.14285714285714285,1,0.45806451612903226,1819.7079510703363,0,1471.14956736712,473,33,50,49
msg_1260,node28,node0,226,8280000,,,,,,,,1,0.4664179104477612,1965.6497277676951,0,1581.2197080291971,761,21,50,49
msg_1261,node29,node0,226,8280000,,,,,,,,1,0.4664179104477612,1965.6497277676951,0,1581.2197080291971,761,21,50,49
msg_1262,node30,node0,226,8280000,,,,,,,,1,0.4664179104477612,1965.6497277676951,0,1581.2197080291971,761,21,50,49
msg_1263,node31,node0,226,8280000,8282525.0,2525.0,,,,1872.409090909091,1.2,1,0.45806451612903226,1820.781679389313,0,1472.4481481481482,472,32,50,49
msg_1264,node32,node0,226,8280000,8282525.0,2525.0,,,,1873.0,1.0,1,0.45806451612903226,1821.8551829268292,0,1473.7459926017264,471,31,50,49
msg_1265,node33,node0,226,8280000,8282525.0,2525.0,,,,1870.909090909091,0.25,1,0.45806451612903226,1822.9254185692541,0,1475.0406403940888,470,30,50,49
msg_1266,node34,node0,226,8280000,,,,,,,,1,0.4664179104477612,1965.6497277676951,0,1581.2197080291971,761,21,50,49
msg_1267,node35,node0,226,8280000,8282526.0,2526.0,,,,1870.909090909091,0.75,1,0.45806451612903226,1823.9924012158056,0,1476.3321033210332,469,29,50,49
msg_1268,node36,node0,226,8280000,8282526.0,2526.0,,,,1871.090909090909,0.75,1,0.45806451612903226,1825.0576631259485,0,1477.6216216216217,468,28,50,49
msg_1269,node37,node0,226,8280000,8282526.0,2526.0,,,,1871.1818181818182,0.3333333333333333,1,0.45806451612903226,1826.1196969696969,0,1478.9079754601228,467,27,50,49
msg_1270,node38,node0,226,8280000,,,,,,,,1,0.4664179104477612,1965.6497277676951,0,1581.2197080291971,761,21,50,49
msg_1271,node39,node0,226,8280000,,,,,,,,1,0.4664179104477612,1965.6497277676951,0,1581.2197080291971,761,21,50,49
msg_1272,node40,node0,226,8280000,8282526.0,2526.0,,,,1871.5,0.6,1,0.45806451612903226,1827.178517397882,0,1480.1911764705883,466,26,50,49
msg_1273,node41,node0,226,8280000,8282526.0,2526.0,,,,1871.4545454545455,0.125,1,0.45806451612903226,1828.2341389728097,0,1481.4712362301102,465,25,50,49
msg_1274,node42,node0,226,8280000,,,,,,,,1,0.4664179104477612,1965.6497277676951,0,1581.2197080291971,761,21,50,49
msg_1275,node43,node0,226,8280000,,,,,,,,1,0.4664179104477612,1965.6497277676951,0,1581.2197080291971,761,21,50,49
msg_1276,node44,node0,226,8280000,8282527.0,2527.0,,,,1871.6818181818182,0.0,1,0.45806451612903226,1829.286576168929,0,1482.7481662591688,464,24,50,49
msg_1277,node45,node0,226,8280000,8282527.0,2527.0,,,,1871.9545454545455,0.5,1,0.45806451612903226,1830.3373493975903,0,1484.023199023199,463,23,50,49
msg_1278,node46,node0,226,8280000,8282527.0,2527.0,,,,1871.909090909091,0.6666666666666666,1,0.45806451612903226,1831.3849624060151,0,1485.2951219512195,462,22,50,49
msg_1279,node47,node0,226,8280000,,,,,,,,1,0.4664179104477612,1965.6497277676951,0,1581.2197080291971,761,21,50,49
msg_1280,node48,node0,226,8280000,,,,,,,,1,0.4664179104477612,1965.6497277676951,0,1581.2197080291971,761,21,50,49
msg_1281,node49,node0,226,8280000,8282527.0,2527.0,,,,1872.6818181818182,1.0,1,0.45806451612903226,1832.4294294294293,0,1486.563946406821,461,21,50,49
msg_1282,node0,node2,225,8342520,8342520.0,0.0,,,,0.45806451612903226,1833.4707646176912,1,1896.0869565217392,0.0,0,1487.8296836982968,461,21,50,1
msg_1283,node0,node9,225,8342522,8342522.0,0.0,,,,0.4551282051282051,1833.4707646176912,2,1897.2608695652175,0.16666666666666666,0,1486.0218712029161,462,22,50,2
msg_1284,node0,node17,226,8342522,8342522.0,0.0,,,,0.45222929936305734,1833.4707646176912,2,1898.1739130434783,0.0,0,1484.2184466019417,461,21,50,2
msg_1285,node0,node24,226,8342523,8342523.0,0.0,,,,0.44936708860759494,1833.4707646176912,1,1898.6521739130435,0.5,0,1482.419393939394,461,21,50,1
msg_1286,node0,node35,226,8342526,8342526.0,0.0,,,,0.44654088050314467,1833.4707646176912,4,1899.391304347826,0.75,0,1480.6246973365617,464,24,50,4
msg_1287,node0,node36,226,8342526,8342527.0,1.0,,,,0.44375,1833.4707646176912,4,1899.5652173913043,0.75,0,1478.8343409915358,463,23,50,4
msg_1288,node0,node40,226,8342526,8342527.0,1.0,,,,0.4472049689440994,1833.4707646176912,4,1899.9565217391305,0.6,0,1477.0495169082126,462,22,50,4
msg_1289,node0,node41,226,8342526,8342528.0,2.0,,,,0.4506172839506173,1833.4707646176912,4,1899.9130434782608,0.125,0,1475.2689987937274,461,21,50,4
msg_1290,node1,node0,224,8640000,8640000.0,0.0,,,,0.13043478260869565,0.0,1,0.4601226993865031,1833.4707646176912,0,1473.4939759036145,509,49,50,49
msg_1291,node2,node0,224,8640000,8641575.0,1575.0,,,,1896.0869565217392,0.0,1,0.4601226993865031,1830.7260479041915,0,1471.7208182912154,508,48,50,49
msg_1292,node3,node0,224,8640000,8641575.0,1575.0,,,,1896.3478260869565,0.5,1,0.4601226993865031,1830.3437967115096,0,1471.844951923077,507,47,50,49
msg_1293,node4,node0,224,8640000,,,,,,,,1,0.4664179104477612,1965.6497277676951,0,1581.2197080291971,761,21,50,49
msg_1294,node5,node0,224,8640000,,,,,,,,1,0.4664179104477612,1965.6497277676951,0,1581.2197080291971,761,21,50,49
msg_1295,node6,node0,224,8640000,8641575.0,1575.0,,,,1896.7391304347825,0.2857142857142857,1,0.4601226993865031,1829.9626865671642,0,1471.968787515006,506,46,50,49
msg_1296,node7,node0,224,8640000,8641575.0,1575.0,,,,1897.0434782608695,0.16666666666666666,1,0.4601226993865031,1829.5827123695976,0,1472.0923261390888,505,45,50,49
msg_1297,node8,node0,224,8640000,8641575.0,1575.0,,,,1897.0,0.0,1,0.4601226993865031,1829.203869047619,0,1472.2155688622754,504,44,50,49
msg_1298,node9,node0,224,8640000,8641576.0,1576.0,,,,1897.2608695652175,0.14285714285714285,1,0.4601226993865031,1828.8261515601782,0,1472.3385167464114,503,43,50,49
msg_1299,node10,node0,226,8640000,8641578.0,1578.0,,,,1899.2608695652175,1.0,1,0.4601226993865031,1824.7733918128654,0,1473.6953955135773,492,32,50,49
msg_1300,node11,node0,226,8640000,,,,,,,,1,0.4664179104477612,1965.6497277676951,0,1581.2197080291971,761,21,50,49
msg_1301,node12,node0,226,8640000,,,,,,,,1,0.4664179104477612,1965.6497277676951,0,1581.2197080291971,761,21,50,49
msg_1302,node13,node0,226,8640000,8641576.0,1576.0,,,,1897.608695652174,0.3333333333333333,1,0.4601226993865031,1828.4510385756676,0,1472.4623655913979,502,42,50,49
msg_1303,node14,node0,226,8640000,8641579.0,1579.0,,,,1899.9565217391305,1.0,1,0.4601226993865031,1824.4131386861313,0,1473.8183962264152,491,31,50,49
msg_1304,node15,node0,226,8640000,8641576.0,1576.0,,,,1897.695652173913,0.3333333333333333,1,0.4601226993865031,1828.0770370370371,0,1472.5859188544152,501,41,50,49
msg_1305,node16,node0,226,8640000,,,,,,,,1,0.4664179104477612,1965.6497277676951,0,1581.2197080291971,761,21,50,49
msg_1306,node17,node0,226,8640000,8641576.0,1576.0,,,,1898.1739130434783,0.0,1,0.4601226993865031,1827.7041420118344,0,1472.7091775923718,500,40,50,49
msg_1307,node18,node0,226,8640000,,,,,,,,1,0.4664179104477612,1965.6497277676951,0,1581.2197080291971,761,21,50,49
msg_1308,node19,node0,226,8640000,,,,,,,,1,0.4664179104477612,1965.6497277676951,0,1581.2197080291971,761,21,50,49
msg_1309,node20,node0,226,8640000,8641577.0,1577.0,,,,1898.4782608695652,0.25,1,0.4601226993865031,1827.3323485967503,0,1472.8321428571428,499,39,50,49
msg_1310,node21,node0,226,8640000,8641579.0,1579.0,,,,1900.304347826087,1.25,1,0.4601226993865031,1824.0553935860057,0,1473.942285041225,490,30,50,49
msg_1311,node22,node0,226,8640000,,,,,,,,1,0.4664179104477612,1965.6497277676951,0,1581.2197080291971,761,21,50,49
msg_1312,node23,node0,226,8640000,,,,,,,,1,0.4664179104477612,1965.6497277676951,0,1581.2197080291971,761,21,50,49
msg_1313,node24,node0,226,8640000,8641577.0,1577.0,,,,1898.6521739130435,0.42857142857142855,1,0.4601226993865031,1826.9631268436578,0,1472.9560047562425,498,38,50,49
msg_1314,node25,node0,226,8640000,8641577.0,1577.0,,,,1898.7826086956522,0.2,1,0.4601226993865031,1826.5949926362298,0,1473.0795724465559,497,37,50,49
msg_1315,node26,node0,226,8640000,,,,,,,,1,0.4664179104477612,1965.6497277676951,0,1581.2197080291971,761,21,50,49
msg_1316,node27,node0,226,8640000,8641577.0,1577.0,,,,1899.0434782608695,0.14285714285714285,1,0.4601226993865031,1826.2279411764705,0,1473.202846975089,496,36,50,49
msg_1317,node28,node0,226,8640000,,,,,,,,1,0.4664179104477612,1965.6497277676951,0,1581.2197080291971,761,21,50,49
msg_1318,node29,node0,226,8640000,,,,,,,,1,0.4664179104477612,1965.6497277676951,0,1581.2197080291971,761,21,50,49
msg_1319,node30,node0,226,8640000,,,,,,,,1,0.4664179104477612,1965.6497277676951,0,1581.2197080291971,761,21,50,49
msg_1320,node31,node0,226,8640000,8641581.0,1581.0,,,,1900.7826086956522,1.2,1,0.4601226993865031,1821.2363112391931,0,1474.9276546091014,482,22,50,49
msg_1321,node32,node0,226,8640000,8641581.0,1581.0,,,,1901.3478260869565,1.0,1,0.4601226993865031,1820.8906474820144,0,1475.051282051282,481,21,50,49
msg_1322,node33,node0,226,8640000,8641579.0,1579.0,,,,1899.3478260869565,0.25,1,0.4601226993865031,1823.343023255814,0,1474.1891891891892,488,28,50,49
msg_1323,node34,node0,226,8640000,,,,,,,,1,0.4664179104477612,1965.6497277676951,0,1581.2197080291971,761,21,50,49
msg_1324,node35,node0,226,8640000,8641579.0,1579.0,,,,1899.391304347826,0.6,1,0.4601226993865031,1822.988388969521,0,1474.31220657277,487,27,50,49
msg_1325,node36,node0,226,8640000,8641580.0,1580.0,,,,1899.5652173913043,0.8,1,0.4601226993865031,1822.6347826086956,0,1474.4349355216882,486,26,50,49
msg_1326,node37,node0,226,8640000,8641580.0,1580.0,,,,1899.6521739130435,0.3333333333333333,1,0.4601226993865031,1822.2836468885673,0,1474.5585480093678,485,25,50,49
msg_1327,node38,node0,226,8640000,,,,,,,,1,0.4664179104477612,1965.6497277676951,0,1581.2197080291971,761,21,50,49
msg_1328,node39,node0,226,8640000,,,,,,,,1,0.4664179104477612,1965.6497277676951,0,1581.2197080291971,761,21,50,49
msg_1329,node40,node0,226,8640000,8641580.0,1580.0,,,,1899.9565217391305,0.6666666666666666,1,0.4601226993865031,1821.9335260115606,0,1474.6818713450293,484,24,50,49
msg_1330,node41,node0,226,8640000,8641580.0,1580.0,,,,1899.9130434782608,0.3333333333333333,1,0.4601226993865031,1821.5844155844156,0,1474.8049065420562,483,23,50,49
msg_1331,node42,node0,226,8640000,,,,,,,,1,0.4664179104477612,1965.6497277676951,0,1581.2197080291971,761,21,50,49
msg_1332,node43,node0,226,8640000,,,,,,,,1,0.4664179104477612,1965.6497277676951,0,1581.2197080291971,761,21,50,49
msg_1333,node44,node0,226,8640000,8641577.0,1577.0,,,,1900.1739130434783,0.0,1,0.4601226993865031,1825.8619676945668,0,1473.3258293838862,495,35,50,49
msg_1334,node45,node0,226,8640000,8641578.0,1578.0,,,,1900.4347826086957,0.5,1,0.4601226993865031,1825.4970674486804,0,1473.4485207100593,494,34,50,49
msg_1335,node46,node0,226,8640000,8641578.0,1578.0,,,,1900.391304347826,0.6666666666666666,1,0.4601226993865031,1825.134699853587,0,1473.5721040189126,493,33,50,49
msg_1336,node47,node0,226,8640000,,,,,,,,1,0.4664179104477612,1965.6497277676951,0,1581.2197080291971,761,21,50,49
msg_1337,node48,node0,226,8640000,,,,,,,,1,0.4664179104477612,1965.6497277676951,0,1581.2197080291971,761,21,50,49
msg_1338,node49,node0,226,8640000,8641579.0,1579.0,,,,1901.1304347826087,1.0,1,0.4601226993865031,1823.698689956332,0,1474.0658823529411,489,29,50,49
msg_1339,node0,node7,225,8701575,8701575.0,0.0,,,,0.4601226993865031,1820.5459770114942,1,1883.625,0.16666666666666666,0,1475.174621653085,481,21,50,1
msg_1340,node0,node15,226,8701576,8701576.0,0.0,,,,0.4573170731707317,1820.5459770114942,1,1884.2916666666667,0.3333333333333333,0,1473.4593023255813,481,21,50,1
msg_1341,node0,node46,226,8701578,8701579.0,1.0,,,,0.45454545454545453,1820.5459770114942,1,1886.9583333333333,0.6666666666666666,0,1471.7479674796748,483,23,50,1
msg_1342,node0,node21,226,8701579,8701580.0,1.0,,,,0.4578313253012048,1820.5459770114942,2,1886.9166666666667,1.25,0,1470.0417633410673,482,22,50,2
msg_1343,node0,node49,226,8701579,8701580.0,1.0,,,,0.46107784431137727,1820.5459770114942,2,1887.7083333333333,1.0,0,1468.3395133256083,481,21,50,2
msg_1344,node1,node0,224,9000000,9000000.0,0.0,,,,0.125,0.0,1,0.4642857142857143,1820.5459770114942,0,1466.6412037037037,529,49,50,49
msg_1345,node2,node0,224,9000000,9002636.0,2636.0,,,,1882.7083333333333,0.0,1,0.4642857142857143,1817.9340028694405,0,1464.9456647398845,528,48,50,49
msg_1346,node3,node0,224,9000000,9002636.0,2636.0,,,,1882.9583333333333,0.5,1,0.4642857142857143,1819.1060171919771,0,1466.29792147806,527,47,50,49
msg_1347,node4,node0,224,9000000,,,,,,,,1,0.4664179104477612,1965.6497277676951,0,1581.2197080291971,761,21,50,49
msg_1348,node5,node0,224,9000000,,,,,,,,1,0.4664179104477612,1965.6497277676951,0,1581.2197080291971,761,21,50,49
msg_1349,node6,node0,224,9000000,9002636.0,2636.0,,,,1883.3333333333333,0.2857142857142857,1,0.4642857142857143,1820.274678111588,0,1467.6470588235295,526,46,50,49
msg_1350,node7,node0,224,9000000,9002637.0,2637.0,,,,1883.625,0.14285714285714285,1,0.4642857142857143,1821.44,0,1468.9930875576038,525,45,50,49
msg_1351,node8,node0,224,9000000,9002637.0,2637.0,,,,1883.5833333333333,0.0,1,0.4642857142857143,1822.6034236804564,0,1470.3371691599539,524,44,50,49
msg_1352,node9,node0,224,9000000,9002637.0,2637.0,,,,1883.875,0.14285714285714285,1,0.4642857142857143,1823.7635327635328,0,1471.6781609195402,523,43,50,49
msg_1353,node10,node0,226,9000000,9002641.0,2641.0,,,,1885.875,1.0,1,0.4642857142857143,1843.0319888734352,0,1494.0450958286358,506,26,50,49
msg_1354,node11,node0,226,9000000,,,,,,,,1,0.4664179104477612,1965.6497277676951,0,1581.2197080291971,761,21,50,49
msg_1355,node12,node0,226,9000000,,,,,,,,1,0.4664179104477612,1965.6497277676951,0,1581.2197080291971,761,21,50,49
msg_1356,node13,node0,226,9000000,9002637.0,2637.0,,,,1884.2083333333333,0.3333333333333333,1,0.4642857142857143,1824.9203413940256,0,1473.01607347876,522,42,50,49
msg_1357,node14,node0,226,9000000,9002641.0,2641.0,,,,1886.5833333333333,1.0,1,0.4642857142857143,1844.1402777777778,0,1495.3367117117118,505,25,50,49
msg_1358,node15,node0,226,9000000,9002637.0,2637.0,,,,1884.2916666666667,0.2857142857142857,1,0.4642857142857143,1826.0738636363637,0,1474.3509174311926,521,41,50,49
msg_1359,node16,node0,226,9000000,,,,,,,,1,0.4664179104477612,1965.6497277676951,0,1581.2197080291971,761,21,50,49
msg_1360,node17,node0,226,9000000,9002638.0,2638.0,,,,1884.75,0.0,1,0.4642857142857143,1827.2241134751773,0,1475.6827033218785,520,40,50,49
msg_1361,node18,node0,226,9000000,,,,,,,,1,0.4664179104477612,1965.6497277676951,0,1581.2197080291971,761,21,50,49
msg_1362,node19,node0,226,9000000,,,,,,,,1,0.4664179104477612,1965.6497277676951,0,1581.2197080291971,761,21,50,49
msg_1363,node20,node0,226,9000000,9002638.0,2638.0,,,,1885.0833333333333,0.25,1,0.4642857142857143,1828.372521246459,0,1477.012585812357,519,39,50,49
msg_1364,node21,node0,226,9000000,9002641.0,2641.0,,,,1886.9166666666667,1.2,1,0.4642857142857143,1845.245492371706,0,1496.6254218222723,504,24,50,49
msg_1365,node22,node0,226,9000000,,,,,,,,1,0.4664179104477612,1965.6497277676951,0,1581.2197080291971,761,21,50,49
msg_1366,node23,node0,226,9000000,,,,,,,,1,0.4664179104477612,1965.6497277676951,0,1581.2197080291971,761,21,50,49
msg_1367,node24,node0,226,9000000,9002638.0,2638.0,,,,1885.25,0.42857142857142855,1,0.4642857142857143,1829.5176803394625,0,1478.3394285714285,518,38,50,49
msg_1368,node25,node0,226,9000000,9002638.0,2638.0,,,,1885.375,0.2,1,0.4642857142857143,1830.6596045197741,0,1479.6632420091323,517,37,50,49
msg_1369,node26,node0,226,9000000,,,,,,,,1,0.4664179104477612,1965.6497277676951,0,1581.2197080291971,761,21,50,49
msg_1370,node27,node0,226,9000000,9002639.0,2639.0,,,,1885.625,0.14285714285714285,1,0.4642857142857143,1831.7983074753174,0,1480.9840364880274,516,36,50,49
msg_1371,node28,node0,226,9000000,,,,,,,,1,0.4664179104477612,1965.6497277676951,0,1581.2197080291971,761,21,50,49
msg_1372,node29,node0,226,9000000,,,,,,,,1,0.4664179104477612,1965.6497277676951,0,1581.2197080291971,761,21,50,49
msg_1373,node30,node0,226,9000000,,,,,,,,1,0.4664179104477612,1965.6497277676951,0,1581.2197080291971,761,21,50,49
msg_1374,node31,node0,226,9000000,9002641.0,2641.0,,,,1887.4583333333333,1.2,1,0.4642857142857143,1846.347645429363,0,1497.911235955056,503,23,50,49
msg_1375,node32,node0,226,9000000,9002642.0,2642.0,,,,1888.0,1.0,1,0.4642857142857143,1847.4467496542186,0,1499.1941638608305,502,22,50,49
msg_1376,node33,node0,226,9000000,9002639.0,2639.0,,,,1886.0,0.25,1,0.4642857142857143,1832.9352112676056,0,1482.3029612756263,515,35,50,49
msg_1377,node34,node0,226,9000000,,,,,,,,1,0.4664179104477612,1965.6497277676951,0,1581.2197080291971,761,21,50,49
msg_1378,node35,node0,226,9000000,9002639.0,2639.0,,,,1886.0416666666667,0.6,1,0.4642857142857143,1834.068917018284,0,1483.6188850967008,514,34,50,49
msg_1379,node36,node0,226,9000000,9002639.0,2639.0,,,,1886.25,0.8,1,0.4642857142857143,1835.1994382022472,0,1484.9318181818182,513,33,50,49
msg_1380,node37,node0,226,9000000,9002639.0,2639.0,,,,1886.3333333333333,0.3333333333333333,1,0.4642857142857143,1836.3267882187938,0,1486.2417707150964,512,32,50,49
msg_1381,node38,node0,226,9000000,,,,,,,,1,0.4664179104477612,1965.6497277676951,0,1581.2197080291971,761,21,50,49
msg_1382,node39,node0,226,9000000,,,,,,,,1,0.4664179104477612,1965.6497277676951,0,1581.2197080291971,761,21,50,49
msg_1383,node40,node0,226,9000000,9002640.0,2640.0,,,,1886.625,0.6666666666666666,1,0.4642857142857143,1837.450980392157,0,1487.5487528344672,511,31,50,49
msg_1384,node41,node0,226,9000000,9002640.0,2640.0,,,,1886.5833333333333,0.3333333333333333,1,0.4642857142857143,1838.5734265734266,0,1488.8539071347677,510,30,50,49
msg_1385,node42,node0,226,9000000,,,,,,,,1,0.4664179104477612,1965.6497277676951,0,1581.2197080291971,761,21,50,49
msg_1386,node43,node0,226,9000000,,,,,,,,1,0.4664179104477612,1965.6497277676951,0,1581.2197080291971,761,21,50,49
msg_1387,node44,node0,226,9000000,9002640.0,2640.0,,,,1886.7083333333333,0.0,1,0.4642857142857143,1839.6927374301677,0,1490.156108597285,509,29,50,49
msg_1388,node45,node0,226,9000000,9002640.0,2640.0,,,,1887.0,0.5,1,0.4642857142857143,1840.8089260808927,0,1491.4553672316383,508,28,50,49
msg_1389,node46,node0,226,9000000,9002640.0,2640.0,,,,1886.9583333333333,0.7142857142857143,1,0.4642857142857143,1841.9220055710307,0,1492.7516930022573,507,27,50,49
msg_1390,node47,node0,226,9000000,,,,,,,,1,0.4664179104477612,1965.6497277676951,0,1581.2197080291971,761,21,50,49
msg_1391,node48,node0,226,9000000,,,,,,,,1,0.4664179104477612,1965.6497277676951,0,1581.2197080291971,761,21,50,49
msg_1392,node49,node0,226,9000000,9002642.0,2642.0,,,,1887.7083333333333,1.0,1,0.4642857142857143,1848.5441988950276,0,1500.47533632287,501,21,50,49
msg_1393,node0,node7,225,9062637,9062638.0,1.0,,,,0.4642857142857143,1849.6386206896552,2,1913.76,0.14285714285714285,0,1501.7536394176932,503,23,50,2
msg_1394,node0,node9,225,9062637,9062638.0,1.0,,,,0.46745562130177515,1849.6386206896552,2,1914.0,0.14285714285714285,0,1500.0749440715883,502,22,50,2
msg_1395,node0,node25,226,9062638,9062639.0,1.0,,,,0.47058823529411764,1849.6386206896552,1,1915.48,0.2,0,1498.4,503,23,50,1
msg_1396,node0,node36,226,9062639,9062639.0,0.0,,,,0.47368421052631576,1849.6386206896552,2,1916.36,0.8,0,1496.728794642857,502,22,50,2
msg_1397,node0,node37,226,9062639,9062639.0,0.0,,,,0.47093023255813954,1849.6386206896552,2,1916.44,0.3333333333333333,0,1495.0602006688964,501,21,50,2
msg_1398,node0,node40,226,9062640,9062640.0,0.0,,,,0.4682080924855491,1849.6386206896552,1,1916.76,0.6666666666666666,0,1493.3953229398664,501,21,50,1
msg_1399,node0,node32,226,9062642,9062643.0,1.0,,,,0.46551724137931033,1849.6386206896552,1,1918.16,1.0,0,1491.734149054505,501,21,50,1
msg_1400,node1,node0,224,9360000,9360000.0,0.0,,,,0.12,0.0,1,0.4685714285714286,1849.6386206896552,0,1490.0777777777778,549,49,50,49
msg_1401,node2,node0,224,9360000,9361704.0,1704.0,,,,1912.84,0.0,1,0.4685714285714286,1843.964959568733,0,1492.1526717557251,532,32,50,49
msg_1402,node3,node0,224,9360000,9361700.0,1700.0,,,,1913.08,0.5,1,0.4685714285714286,1847.090909090909,0,1488.4239733629302,548,48,50,49
msg_1403,node4,node0,224,9360000,,,,,,,,1,0.4664179104477612,1965.6497277676951,0,1581.2197080291971,761,21,50,49
msg_1404,node5,node0,224,9360000,,,,,,,,1,0.4664179104477612,1965.6497277676951,0,1581.2197080291971,761,21,50,49
msg_1405,node6,node0,224,9360000,9361701.0,1701.0,,,,1913.44,0.2857142857142857,1,0.4685714285714286,1846.888583218707,0,1488.658536585366,547,47,50,49
msg_1406,node7,node0,224,9360000,9361701.0,1701.0,,,,1913.76,0.25,1,0.4685714285714286,1846.6881868131868,0,1488.8936877076412,546,46,50,49
msg_1407,node8,node0,224,9360000,9361701.0,1701.0,,,,1913.72,0.0,1,0.4685714285714286,1846.488340192044,0,1489.1283185840707,545,45,50,49
msg_1408,node9,node0,224,9360000,9361701.0,1701.0,,,,1914.0,0.25,1,0.4685714285714286,1846.2890410958903,0,1489.3624309392264,544,44,50,49
msg_1409,node10,node0,226,9360000,9361704.0,1704.0,,,,1916.08,1.0,1,0.4685714285714286,1844.5331529093369,0,1491.457330415755,535,35,50,49
msg_1410,node11,node0,226,9360000,,,,,,,,1,0.4664179104477612,1965.6497277676951,0,1581.2197080291971,761,21,50,49
msg_1411,node12,node0,226,9360000,,,,,,,,1,0.4664179104477612,1965.6497277676951,0,1581.2197080291971,761,21,50,49
msg_1412,node13,node0,226,9360000,9361701.0,1701.0,,,,1914.32,0.3333333333333333,1,0.4685714285714286,1846.0902872777017,0,1489.5960264900662,543,43,50,49
msg_1413,node14,node0,226,9360000,9361704.0,1704.0,,,,1916.76,1.0,1,0.4685714285714286,1844.3432432432433,0,1491.6896174863389,534,34,50,49
msg_1414,node15,node0,226,9360000,9361702.0,1702.0,,,,1914.4,0.2857142857142857,1,0.4685714285714286,1845.8920765027322,0,1489.8291069459758,542,42,50,49
msg_1415,node16,node0,226,9360000,,,,,,,,1,0.4664179104477612,1965.6497277676951,0,1581.2197080291971,761,21,50,49
msg_1416,node17,node0,226,9360000,9361702.0,1702.0,,,,1914.88,0.0,1,0.4685714285714286,1845.6957708049113,0,1490.0627753303966,541,41,50,49
msg_1417,node18,node0,226,9360000,,,,,,,,1,0.4664179104477612,1965.6497277676951,0,1581.2197080291971,761,21,50,49
msg_1418,node19,node0,226,9360000,,,,,,,,1,0.4664179104477612,1965.6497277676951,0,1581.2197080291971,761,21,50,49
msg_1419,node20,node0,226,9360000,9361702.0,1702.0,,,,1915.2,0.25,1,0.4685714285714286,1845.5,0,1490.2959295929593,540,40,50,49
msg_1420,node21,node0,226,9360000,9361704.0,1704.0,,,,1917.08,1.2,1,0.4685714285714286,1844.1538461538462,0,1491.9213973799126,533,33,50,49
msg_1421,node22,node0,226,9360000,,,,,,,,1,0.4664179104477612,1965.6497277676951,0,1581.2197080291971,761,21,50,49
msg_1422,node23,node0,226,9360000,,,,,,,,1,0.4664179104477612,1965.6497277676951,0,1581.2197080291971,761,21,50,49
msg_1423,node24,node0,226,9360000,9361702.0,1702.0,,,,1915.36,0.42857142857142855,1,0.4685714285714286,1845.304761904762,0,1490.5285714285715,539,39,50,49
msg_1424,node25,node0,226,9360000,9361705.0,1705.0,,,,1915.48,0.3333333333333333,1,0.4685714285714286,1843.7765814266488,0,1492.383442265795,531,31,50,49
msg_1425,node26,node0,226,9360000,,,,,,,,1,0.4664179104477612,1965.6497277676951,0,1581.2197080291971,761,21,50,49
msg_1426,node27,node0,226,9360000,9361705.0,1705.0,,,,1915.76,0.14285714285714285,1,0.4685714285714286,1843.590053763441,0,1492.6147986942328,530,30,50,49
msg_1427,node28,node0,226,9360000,,,,,,,,1,0.4664179104477612,1965.6497277676951,0,1581.2197080291971,761,21,50,49
msg_1428,node29,node0,226,9360000,,,,,,,,1,0.4664179104477612,1965.6497277676951,0,1581.2197080291971,761,21,50,49
msg_1429,node30,node0,226,9360000,,,,,,,,1,0.4664179104477612,1965.6497277676951,0,1581.2197080291971,761,21,50,49
msg_1430,node31,node0,226,9360000,9361706.0,1706.0,,,,1917.6,1.2,1,0.4685714285714286,1842.3022636484686,0,1494.2235421166306,523,23,50,49
msg_1431,node32,node0,226,9360000,9361707.0,1707.0,,,,1918.16,1.0,1,0.4685714285714286,1842.1210106382978,0,1494.4519956850054,522,22,50,49
msg_1432,node33,node0,226,9360000,9361703.0,1703.0,,,,1916.12,0.25,1,0.4685714285714286,1845.110054347826,0,1490.7607025246982,538,38,50,49
msg_1433,node34,node0,226,9360000,,,,,,,,1,0.4664179104477612,1965.6497277676951,0,1581.2197080291971,761,21,50,49
msg_1434,node35,node0,226,9360000,9361703.0,1703.0,,,,1916.16,0.6,1,0.4685714285714286,1844.9172320217097,0,1490.9934210526317,537,37,50,49
msg_1435,node36,node0,226,9360000,9361703.0,1703.0,,,,1916.36,0.6666666666666666,1,0.4685714285714286,1844.7249322493226,0,1491.2256297918948,536,36,50,49
msg_1436,node37,node0,226,9360000,9361705.0,1705.0,,,,1916.44,0.25,1,0.4685714285714286,1843.4040268456376,0,1492.845652173913,529,29,50,49
msg_1437,node38,node0,226,9360000,,,,,,,,1,0.4664179104477612,1965.6497277676951,0,1581.2197080291971,761,21,50,49
msg_1438,node39,node0,226,9360000,,,,,,,,1,0.4664179104477612,1965.6497277676951,0,1581.2197080291971,761,21,50,49
msg_1439,node40,node0,226,9360000,9361705.0,1705.0,,,,1916.76,0.5714285714285714,1,0.4685714285714286,1843.2184986595175,0,1493.0760043431053,528,28,50,49
msg_1440,node41,node0,226,9360000,9361705.0,1705.0,,,,1916.72,0.3333333333333333,1,0.4685714285714286,1843.033467202142,0,1493.3058568329718,527,27,50,49
msg_1441,node42,node0,226,9360000,,,,,,,,1,0.4664179104477612,1965.6497277676951,0,1581.2197080291971,761,21,50,49
msg_1442,node43,node0,226,9360000,,,,,,,,1,0.4664179104477612,1965.6497277676951,0,1581.2197080291971,761,21,50,49
msg_1443,node44,node0,226,9360000,9361706.0,1706.0,,,,1916.84,0.0,1,0.4685714285714286,1842.8489304812833,0,1493.5352112676057,526,26,50,49
msg_1444,node45,node0,226,9360000,9361706.0,1706.0,,,,1917.12,0.5,1,0.4685714285714286,1842.6662216288385,0,1493.7651515151515,525,25,50,49
msg_1445,node46,node0,226,9360000,9361706.0,1706.0,,,,1917.08,0.7142857142857143,1,0.4685714285714286,1842.484,0,1493.9945945945947,524,24,50,49
msg_1446,node47,node0,226,9360000,,,,,,,,1,0.4664179104477612,1965.6497277676951,0,1581.2197080291971,761,21,50,49
msg_1447,node48,node0,226,9360000,,,,,,,,1,0.4664179104477612,1965.6497277676951,0,1581.2197080291971,761,21,50,49
msg_1448,node49,node0,226,9360000,9361707.0,1707.0,,,,1917.88,1.0,1,0.4685714285714286,1841.941567065073,0,1494.6810344827586,521,21,50,49
msg_1449,node0,node3,225,9421700,9421700.0,0.0,,,,0.4685714285714286,1841.762599469496,1,1904.8846153846155,0.5,0,1494.9095801937567,521,21,50,1
msg_1450,node0,node2,225,9421704,9421704.0,0.0,,,,0.4659090909090909,1841.762599469496,1,1904.8076923076924,0.0,0,1493.3021505376344,521,21,50,1
msg_1451,node0,node44,226,9421706,9421706.0,0.0,,,,0.4632768361581921,1841.762599469496,1,1908.7307692307693,0.0,0,1491.6981740064448,521,21,50,1
msg_1452,node0,node49,226,9421707,9421708.0,1.0,,,,0.4606741573033708,1841.762599469496,1,1909.7692307692307,1.0,0,1490.0976394849786,521,21,50,1
msg_1453,node1,node0,224,9720000,9720000.0,0.0,,,,0.11538461538461539,0.0,1,0.46368715083798884,1841.762599469496,0,1488.501607717042,569,49,50,49
msg_1454,node2,node0,224,9720000,9721616.0,1616.0,,,,1904.8076923076924,0.0,1,0.46368715083798884,1839.323178807947,0,1486.9079229122055,568,48,50,49
msg_1455,node3,node0,224,9720000,9721616.0,1616.0,,,,1904.8846153846155,0.4,1,0.46368715083798884,1839.0277777777778,0,1487.0459893048128,567,47,50,49
msg_1456,node4,node0,224,9720000,,,,,,,,1,0.4664179104477612,1965.6497277676951,0,1581.2197080291971,761,21,50,49
msg_1457,node5,node0,224,9720000,,,,,,,,1,0.4664179104477612,1965.6497277676951,0,1581.2197080291971,761,21,50,49
msg_1458,node6,node0,224,9720000,9721617.0,1617.0,,,,1905.2692307692307,0.2857142857142857,1,0.46368715083798884,1838.7331571994716,0,1487.1837606837607,566,46,50,49
msg_1459,node7,node0,224,9720000,9721617.0,1617.0,,,,1905.576923076923,0.25,1,0.46368715083798884,1838.4406332453825,0,1487.3223052294557,565,45,50,49
msg_1460,node8,node0,224,9720000,9721617.0,1617.0,,,,1905.5384615384614,0.0,1,0.46368715083798884,1838.1488801054018,0,1487.4605543710022,564,44,50,49
msg_1461,node9,node0,224,9720000,9721617.0,1617.0,,,,1905.8076923076924,0.25,1,0.46368715083798884,1837.8578947368421,0,1487.598509052183,563,43,50,49
msg_1462,node10,node0,226,9720000,9721618.0,1618.0,,,,1907.923076923077,1.0,1,0.46368715083798884,1837.5676741130092,0,1487.736170212766,562,42,50,49
msg_1463,node11,node0,226,9720000,,,,,,,,1,0.4664179104477612,1965.6497277676951,0,1581.2197080291971,761,21,50,49
msg_1464,node12,node0,226,9720000,,,,,,,,1,0.4664179104477612,1965.6497277676951,0,1581.2197080291971,761,21,50,49
msg_1465,node13,node0,226,9720000,9721618.0,1618.0,,,,1906.1153846153845,0.3333333333333333,1,0.46368715083798884,1837.2795275590552,0,1487.874601487779,561,41,50,49
msg_1466,node14,node0,226,9720000,9721620.0,1620.0,,,,1908.576923076923,1.0,1,0.46368715083798884,1835.2886866059819,0,1488.8396624472573,554,34,50,49
msg_1467,node15,node0,226,9720000,9721618.0,1618.0,,,,1906.2307692307693,0.2857142857142857,1,0.46368715083798884,1836.9921363040628,0,1488.0127388535032,560,40,50,49
msg_1468,node16,node0,226,9720000,,,,,,,,1,0.4664179104477612,1965.6497277676951,0,1581.2197080291971,761,21,50,49
msg_1469,node17,node0,226,9720000,9721618.0,1618.0,,,,1906.6923076923076,0.0,1,0.46368715083798884,1836.705497382199,0,1488.150583244963,559,39,50,49
msg_1470,node18,node0,226,9720000,,,,,,,,1,0.4664179104477612,1965.6497277676951,0,1581.2197080291971,761,21,50,49
msg_1471,node19,node0,226,9720000,,,,,,,,1,0.4664179104477612,1965.6497277676951,0,1581.2197080291971,761,21,50,49
msg_1472,node20,node0,226,9720000,9721619.0,1619.0,,,,1907.0,0.25,1,0.46368715083798884,1836.4196078431373,0,1488.2881355932204,558,38,50,49
msg_1473,node21,node0,226,9720000,9721620.0,1620.0,,,,1908.8846153846155,1.2,1,0.46368715083798884,1835.009090909091,0,1488.977871443625,553,33,50,49
msg_1474,node22,node0,226,9720000,,,,,,,,1,0.4664179104477612,1965.6497277676951,0,1581.2197080291971,761,21,50,49
msg_1475,node23,node0,226,9720000,,,,,,,,1,0.4664179104477612,1965.6497277676951,0,1581.2197080291971,761,21,50,49
msg_1476,node24,node0,226,9720000,9721619.0,1619.0,,,,1907.1538461538462,0.42857142857142855,1,0.46368715083798884,1836.135770234987,0,1488.426455026455,557,37,50,49
msg_1477,node25,node0,226,9720000,9721619.0,1619.0,,,,1907.3846153846155,0.3333333333333333,1,0.46368715083798884,1835.852672750978,0,1488.5644820295984,556,36,50,49
msg_1478,node26,node0,226,9720000,,,,,,,,1,0.4664179104477612,1965.6497277676951,0,1581.2197080291971,761,21,50,49
msg_1479,node27,node0,226,9720000,9721619.0,1619.0,,,,1907.6538461538462,0.14285714285714285,1,0.46368715083798884,1835.5703125,0,1488.702217529039,555,35,50,49
msg_1480,node28,node0,226,9720000,,,,,,,,1,0.4664179104477612,1965.6497277676951,0,1581.2197080291971,761,21,50,49
msg_1481,node29,node0,226,9720000,,,,,,,,1,0.4664179104477612,1965.6497277676951,0,1581.2197080291971,761,21,50,49
msg_1482,node30,node0,226,9720000,,,,,,,,1,0.4664179104477612,1965.6497277676951,0,1581.2197080291971,761,21,50,49
msg_1483,node31,node0,226,9720000,9721622.0,1622.0,,,,1909.4615384615386,1.2,1,0.46368715083798884,1832.2679487179487,0,1490.356621480709,543,23,50,49
msg_1484,node32,node0,226,9720000,9721623.0,1623.0,,,,1910.0384615384614,1.0,1,0.46368715083798884,1831.9987195902688,0,1490.49375,542,22,50,49
msg_1485,node33,node0,226,9720000,9721620.0,1620.0,,,,1907.923076923077,0.25,1,0.46368715083798884,1834.7302204928665,0,1489.1157894736841,552,32,50,49
msg_1486,node34,node0,226,9720000,,,,,,,,1,0.4664179104477612,1965.6497277676951,0,1581.2197080291971,761,21,50,49
msg_1487,node35,node0,226,9720000,9721621.0,1621.0,,,,1907.9615384615386,0.6,1,0.46368715083798884,1834.4520725388602,0,1489.2534174553102,551,31,50,49
msg_1488,node36,node0,226,9720000,9721621.0,1621.0,,,,1908.1538461538462,0.6666666666666666,1,0.46368715083798884,1834.1759379042692,0,1489.3918067226891,550,30,50,49
msg_1489,node37,node0,226,9720000,9721621.0,1621.0,,,,1908.3076923076924,0.25,1,0.46368715083798884,1833.9005167958655,0,1489.529905561385,549,29,50,49
msg_1490,node38,node0,226,9720000,,,,,,,,1,0.4664179104477612,1965.6497277676951,0,1581.2197080291971,761,21,50,49
msg_1491,node39,node0,226,9720000,,,,,,,,1,0.4664179104477612,1965.6497277676951,0,1581.2197080291971,761,21,50,49
msg_1492,node40,node0,226,9720000,9721621.0,1621.0,,,,1908.6153846153845,0.5714285714285714,1,0.46368715083798884,1833.625806451613,0,1489.6677148846961,548,28,50,49
msg_1493,node41,node0,226,9720000,9721622.0,1622.0,,,,1908.576923076923,0.3333333333333333,1,0.46368715083798884,1833.3518041237114,0,1489.8052356020942,547,27,50,49
msg_1494,node42,node0,226,9720000,,,,,,,,1,0.4664179104477612,1965.6497277676951,0,1581.2197080291971,761,21,50,49
msg_1495,node43,node0,226,9720000,,,,,,,,1,0.4664179104477612,1965.6497277676951,0,1581.2197080291971,761,21,50,49
msg_1496,node44,node0,226,9720000,9721622.0,1622.0,,,,1908.7307692307693,0.0,1,0.46368715083798884,1833.079794079794,0,1489.9435146443514,546,26,50,49
msg_1497,node45,node0,226,9720000,9721622.0,1622.0,,,,1909.0,0.5,1,0.46368715083798884,1832.8084832904885,0,1490.0815047021943,545,25,50,49
msg_1498,node46,node0,226,9720000,9721622.0,1622.0,,,,1908.9615384615386,0.7142857142857143,1,0.46368715083798884,1832.537869062901,0,1490.2192066805846,544,24,50,49
msg_1499,node47,node0,226,9720000,,,,,,,,1,0.4664179104477612,1965.6497277676951,0,1581.2197080291971,761,21,50,49
msg_1500,node48,node0,226,9720000,,,,,,,,1,0.4664179104477612,1965.6497277676951,0,1581.2197080291971,761,21,50,49
msg_1501,node49,node0,226,9720000,9721623.0,1623.0,,,,1909.7692307692307,1.0,1,0.46368715083798884,1831.7314578005114,0,1490.6316337148803,541,21,50,49
msg_1502,node0,node1,225,9780000,9780000.0,0.0,,,,0.46368715083798884,1831.4648786717753,1,0.1111111111111111,0.0,0,1490.7692307692307,541,21,50,1
msg_1503,node0,node2,225,9781616,9781616.0,0.0,,,,0.46111111111111114,1831.4648786717753,2,1894.111111111111,0.0,0,1489.221183800623,542,22,50,2
msg_1504,node0,node3,225,9781616,9781616.0,0.0,,,,0.4585635359116022,1831.4648786717753,2,1894.1851851851852,0.4,0,1487.676348547718,541,21,50,2
msg_1505,node0,node7,225,9781617,9781617.0,0.0,,,,0.45604395604395603,1831.4648786717753,2,1894.888888888889,0.25,0,1486.1347150259066,542,22,50,2
msg_1506,node0,node8,225,9781617,9781617.0,0.0,,,,0.453551912568306,1831.4648786717753,2,1894.851851851852,0.0,0,1484.5962732919254,541,21,50,2
msg_1507,node0,node20,226,9781619,9781619.0,0.0,,,,0.45108695652173914,1831.4648786717753,3,1896.3333333333333,0.25,0,1483.0610134436401,543,23,50,3
msg_1508,node0,node25,226,9781619,9781619.0,0.0,,,,0.4486486486486487,1831.4648786717753,3,1896.7037037037037,0.3333333333333333,0,1481.5289256198348,542,22,50,3
msg_1509,node0,node27,226,9781619,9781620.0,1.0,,,,0.44623655913978494,1831.4648786717753,3,1896.962962962963,0.14285714285714285,0,1480.0,542,22,50,3
msg_1510,node0,node21,226,9781620,9781621.0,1.0,,,,0.44919786096256686,1831.4648786717753,1,1898.1851851851852,1.2,0,1478.4752577319587,545,25,50,1
msg_1511,node0,node35,226,9781621,9781621.0,0.0,,,,0.4521276595744681,1831.4648786717753,4,1897.3333333333333,0.6,0,1476.9536560247168,544,24,50,4
msg_1512,node0,node36,226,9781621,9781621.0,0.0,,,,0.4497354497354497,1831.4648786717753,4,1897.5185185185185,0.6666666666666666,0,1475.4341563786008,543,23,50,4
msg_1513,node0,node37,226,9781621,9781622.0,1.0,,,,0.4473684210526316,1831.4648786717753,4,1897.6666666666667,0.25,0,1473.9177800616649,545,25,50,4
msg_1514,node0,node40,226,9781621,9781622.0,1.0,,,,0.450261780104712,1831.4648786717753,4,1897.962962962963,0.5714285714285714,0,1472.405544147844,544,24,50,4
msg_1515,node0,node41,226,9781622,9781622.0,0.0,,,,0.453125,1831.4648786717753,3,1897.962962962963,0.3333333333333333,0,1470.8964102564103,543,23,50,3
msg_1516,node0,node44,226,9781622,9781623.0,1.0,,,,0.45077720207253885,1831.4648786717753,3,1898.111111111111,0.0,0,1469.389344262295,543,23,50,3
msg_1517,node0,node45,226,9781622,9781623.0,1.0,,,,0.4536082474226804,1831.4648786717753,3,1898.3703703703704,0.5,0,1467.8863868986693,542,22,50,3
msg_1518,node0,node32,226,9781623,9781624.0,1.0,,,,0.4564102564102564,1831.4648786717753,1,1899.4074074074074,1.0,0,1466.3865030674847,541,21,50,1
msg_1519,node1,node0,224,10080000,10080000.0,0.0,,,,0.1111111111111111,0.0,1,0.45918367346938777,1831.4648786717753,0,1464.8896833503575,589,49,50,49
msg_1520,node2,node0,224,10080000,10081663.0,1663.0,,,,1894.111111111111,0.0,1,0.45918367346938777,1829.1288265306123,0,1463.3948979591837,588,48,50,49
msg_1521,node3,node0,224,10080000,10081664.0,1664.0,,,,1894.1851851851852,0.3333333333333333,1,0.45918367346938777,1828.9171974522294,0,1463.598369011213,587,47,50,49
msg_1522,node4,node0,224,10080000,,,,,,,,1,0.4664179104477612,1965.6497277676951,0,1581.2197080291971,761,21,50,49
msg_1523,node5,node0,224,10080000,,,,,,,,1,0.4664179104477612,1965.6497277676951,0,1581.2197080291971,761,21,50,49
msg_1524,node6,node0,224,10080000,10081664.0,1664.0,,,,1894.5925925925926,0.2857142857142857,1,0.45918367346938777,1828.70737913486,0,1463.8024439918534,586,46,50,49
msg_1525,node7,node0,224,10080000,10081665.0,1665.0,,,,1894.888888888889,0.2222222222222222,1,0.45918367346938777,1828.4980940279543,0,1464.0061037639878,585,45,50,49
msg_1526,node8,node0,224,10080000,10081665.0,1665.0,,,,1894.851851851852,0.0,1,0.45918367346938777,1828.2906091370558,0,1464.2103658536585,584,44,50,49
msg_1527,node9,node0,224,10080000,10081665.0,1665.0,,,,1895.111111111111,0.25,1,0.45918367346938777,1828.083650190114,0,1464.4142131979695,583,43,50,49
msg_1528,node10,node0,226,10080000,10081665.0,1665.0,,,,1897.1851851851852,1.0,1,0.45918367346938777,1827.8772151898734,0,1464.6176470588234,582,42,50,49
msg_1529,node11,node0,226,10080000,,,,,,,,1,0.4664179104477612,1965.6497277676951,0,1581.2197080291971,761,21,50,49
msg_1530,node12,node0,226,10080000,,,,,,,,1,0.4664179104477612,1965.6497277676951,0,1581.2197080291971,761,21,50,49
msg_1531,node13,node0,226,10080000,10081666.0,1666.0,,,,1895.4444444444443,0.3333333333333333,1,0.45918367346938777,1827.6713021491782,0,1464.820668693009,581,41,50,49
msg_1532,node14,node0,226,10080000,10081666.0,1666.0,,,,1897.888888888889,1.0,1,0.45918367346938777,1827.0604534005038,0,1465.430303030303,578,38,50,49
msg_1533,node15,node0,226,10080000,10081666.0,1666.0,,,,1895.5555555555557,0.2857142857142857,1,0.45918367346938777,1827.4671717171718,0,1465.0242914979758,580,40,50,49
msg_1534,node16,node0,226,10080000,,,,,,,,1,0.4664179104477612,1965.6497277676951,0,1581.2197080291971,761,21,50,49
msg_1535,node17,node0,226,10080000,10081666.0,1666.0,,,,1896.0,0.0,1,0.45918367346938777,1827.263556116015,0,1465.2275025278059,579,39,50,49
msg_1536,node18,node0,226,10080000,,,,,,,,1,0.4664179104477612,1965.6497277676951,0,1581.2197080291971,761,21,50,49
msg_1537,node19,node0,226,10080000,,,,,,,,1,0.4664179104477612,1965.6497277676951,0,1581.2197080291971,761,21,50,49
msg_1538,node20,node0,226,10080000,10081667.0,1667.0,,,,1896.3333333333333,0.2,1,0.45918367346938777,1826.8578616352202,0,1465.6326942482342,577,37,50,49
msg_1539,node21,node0,226,10080000,10081668.0,1668.0,,,,1898.1851851851852,1.1666666666666667,1,0.45918367346938777,1826.0575719649562,0,1466.4422110552764,573,33,50,49
msg_1540,node22,node0,226,10080000,,,,,,,,1,0.4664179104477612,1965.6497277676951,0,1581.2197080291971,761,21,50,49
msg_1541,node23,node0,226,10080000,,,,,,,,1,0.4664179104477612,1965.6497277676951,0,1581.2197080291971,761,21,50,49
msg_1542,node24,node0,226,10080000,10081667.0,1667.0,,,,1896.4814814814815,0.42857142857142855,1,0.45918367346938777,1826.6570351758794,0,1465.835685483871,576,36,50,49
msg_1543,node25,node0,226,10080000,10081667.0,1667.0,,,,1896.7037037037037,0.2857142857142857,1,0.45918367346938777,1826.456712672522,0,1466.038267875126,575,35,50,49
msg_1544,node26,node0,226,10080000,,,,,,,,1,0.4664179104477612,1965.6497277676951,0,1581.2197080291971,761,21,50,49
msg_1545,node27,node0,226,10080000,10081667.0,1667.0,,,,1896.962962962963,0.25,1,0.45918367346938777,1826.2568922305763,0,1466.2404426559356,574,34,50,49
msg_1546,node28,node0,226,10080000,,,,,,,,1,0.4664179104477612,1965.6497277676951,0,1581.2197080291971,761,21,50,49
msg_1547,node29,node0,226,10080000,,,,,,,,1,0.4664179104477612,1965.6497277676951,0,1581.2197080291971,761,21,50,49
msg_1548,node30,node0,226,10080000,,,,,,,,1,0.4664179104477612,1965.6497277676951,0,1581.2197080291971,761,21,50,49
msg_1549,node31,node0,226,10080000,10081670.0,1670.0,,,,1898.8148148148148,1.2,1,0.45918367346938777,1824.114956736712,0,1468.4567164179105,563,23,50,49
msg_1550,node32,node0,226,10080000,10081670.0,1670.0,,,,1899.4074074074074,1.0,1,0.45918367346938777,1823.9246913580248,0,1468.6570576540755,562,22,50,49
msg_1551,node33,node0,226,10080000,10081668.0,1668.0,,,,1897.2592592592594,0.25,1,0.45918367346938777,1825.86,0,1466.644578313253,572,32,50,49
msg_1552,node34,node0,226,10080000,,,,,,,,1,0.4664179104477612,1965.6497277676951,0,1581.2197080291971,761,21,50,49
msg_1553,node35,node0,226,10080000,10081668.0,1668.0,,,,1897.3333333333333,0.5,1,0.45918367346938777,1825.6629213483145,0,1466.8465396188565,571,31,50,49
msg_1554,node36,node0,226,10080000,10081669.0,1669.0,,,,1897.5185185185185,0.5714285714285714,1,0.45918367346938777,1825.4663341645885,0,1467.0480961923847,570,30,50,49
msg_1555,node37,node0,226,10080000,10081669.0,1669.0,,,,1897.6666666666667,0.4,1,0.45918367346938777,1825.271481942715,0,1467.2502502502502,569,29,50,49
msg_1556,node38,node0,226,10080000,,,,,,,,1,0.4664179104477612,1965.6497277676951,0,1581.2197080291971,761,21,50,49
msg_1557,node39,node0,226,10080000,,,,,,,,1,0.4664179104477612,1965.6497277676951,0,1581.2197080291971,761,21,50,49
msg_1558,node40,node0,226,10080000,10081669.0,1669.0,,,,1897.962962962963,0.625,1,0.45918367346938777,1825.0771144278608,0,1467.452,568,28,50,49
msg_1559,node41,node0,226,10080000,10081669.0,1669.0,,,,1897.962962962963,0.3,1,0.45918367346938777,1824.8832298136647,0,1467.6533466533467,567,27,50,49
msg_1560,node42,node0,226,10080000,,,,,,,,1,0.4664179104477612,1965.6497277676951,0,1581.2197080291971,761,21,50,49
msg_1561,node43,node0,226,10080000,,,,,,,,1,0.4664179104477612,1965.6497277676951,0,1581.2197080291971,761,21,50,49
msg_1562,node44,node0,226,10080000,10081669.0,1669.0,,,,1898.111111111111,0.14285714285714285,1,0.45918367346938777,1824.6898263027294,0,1467.8542914171658,566,26,50,49
msg_1563,node45,node0,226,10080000,10081670.0,1670.0,,,,1898.3703703703704,0.5555555555555556,1,0.45918367346938777,1824.4969021065676,0,1468.0548354935195,565,25,50,49
msg_1564,node46,node0,226,10080000,10081670.0,1670.0,,,,1898.3333333333333,0.7142857142857143,1,0.45918367346938777,1824.305693069307,0,1468.2559760956176,564,24,50,49
msg_1565,node47,node0,226,10080000,,,,,,,,1,0.4664179104477612,1965.6497277676951,0,1581.2197080291971,761,21,50,49
msg_1566,node48,node0,226,10080000,,,,,,,,1,0.4664179104477612,1965.6497277676951,0,1581.2197080291971,761,21,50,49
msg_1567,node49,node0,226,10080000,10081671.0,1671.0,,,,1899.148148148148,1.0,1,0.45918367346938777,1823.7348951911222,0,1468.8570009930486,561,21,50,49
msg_1568,node0,node3,225,10141664,10141665.0,1.0,,,,0.45918367346938777,1823.5467980295566,1,1885.9642857142858,0.3333333333333333,0,1469.0575396825398,564,24,50,1
msg_1569,node0,node8,225,10141665,10141665.0,0.0,,,,0.4619289340101523,1823.5467980295566,3,1886.642857142857,0.0,0,1467.6025768087216,563,23,50,3
msg_1570,node0,node9,225,10141665,10141666.0,1.0,,,,0.4595959595959596,1823.5467980295566,3,1886.892857142857,0.25,0,1466.1495049504952,562,22,50,3
msg_1571,node0,node10,226,10141665,10141666.0,1.0,,,,0.4623115577889447,1823.5467980295566,3,1888.892857142857,1.0,0,1464.700296735905,561,21,50,3
msg_1572,node0,node40,226,10141669,10141669.0,0.0,,,,0.465,1823.5467980295566,1,1889.7857142857142,0.625,0,1463.25395256917,561,21,50,1
msg_1573,node0,node31,226,10141670,10141671.0,1.0,,,,0.4626865671641791,1823.5467980295566,1,1890.642857142857,1.2,0,1461.8094768015794,562,22,50,1
msg_1574,node0,node49,226,10141671,10141672.0,1.0,,,,0.46534653465346537,1823.5467980295566,1,1891.0,1.0,0,1460.368836291913,561,21,50,1
msg_1575,node1,node0,224,10440000,10440001.0,1.0,,,,0.10714285714285714,0.0,1,0.46798029556650245,1823.5467980295566,0,1458.9310344827586,609,49,50,49
msg_1576,node2,node0,224,10440000,10442715.0,2715.0,,,,1885.857142857143,0.0,1,0.46798029556650245,1821.3050430504304,0,1457.4960629921259,608,48,50,49
msg_1577,node3,node0,224,10440000,10442716.0,2716.0,,,,1885.9642857142858,0.42857142857142855,1,0.46798029556650245,1822.4029484029484,0,1458.732546705998,607,47,50,49
msg_1578,node4,node0,224,10440000,,,,,,,,1,0.4664179104477612,1965.6497277676951,0,1581.2197080291971,761,21,50,49
msg_1579,node5,node0,224,10440000,,,,,,,,1,0.4664179104477612,1965.6497277676951,0,1581.2197080291971,761,21,50,49
msg_1580,node6,node0,224,10440000,10442716.0,2716.0,,,,1886.357142857143,0.2857142857142857,1,0.46798029556650245,1823.4993865030674,0,1459.967583497053,606,46,50,49
msg_1581,node7,node0,224,10440000,10442717.0,2717.0,,,,1886.6785714285713,0.2222222222222222,1,0.46798029556650245,1824.5931372549019,0,1461.2001962708537,605,45,50,49
msg_1582,node8,node0,224,10440000,10442717.0,2717.0,,,,1886.642857142857,0.0,1,0.46798029556650245,1825.6854345165239,0,1462.4313725490197,604,44,50,49
msg_1583,node9,node0,224,10440000,10442717.0,2717.0,,,,1886.892857142857,0.3333333333333333,1,0.46798029556650245,1826.7750611246943,0,1463.6601371204702,603,43,50,49
msg_1584,node10,node0,226,10440000,10442717.0,2717.0,,,,1888.892857142857,1.0,1,0.46798029556650245,1827.8620268620268,0,1464.8864970645793,602,42,50,49
msg_1585,node11,node0,226,10440000,,,,,,,,1,0.4664179104477612,1965.6497277676951,0,1581.2197080291971,761,21,50,49
msg_1586,node12,node0,226,10440000,,,,,,,,1,0.4664179104477612,1965.6497277676951,0,1581.2197080291971,761,21,50,49
msg_1587,node13,node0,226,10440000,10442718.0,2718.0,,,,1887.25,0.3333333333333333,1,0.46798029556650245,1828.9463414634147,0,1466.11045943304,601,41,50,49
msg_1588,node14,node0,226,10440000,10442719.0,2719.0,,,,1889.607142857143,1.0,1,0.46798029556650245,1833.2621359223301,0,1470.9863680623175,597,37,50,49
msg_1589,node15,node0,226,10440000,10442718.0,2718.0,,,,1887.357142857143,0.2857142857142857,1,0.46798029556650245,1830.0292326431181,0,1467.3330078125,600,40,50,49
msg_1590,node16,node0,226,10440000,,,,,,,,1,0.4664179104477612,1965.6497277676951,0,1581.2197080291971,761,21,50,49
msg_1591,node17,node0,226,10440000,10442718.0,2718.0,,,,1887.7857142857142,0.0,1,0.46798029556650245,1831.109489051095,0,1468.5531707317073,599,39,50,49
msg_1592,node18,node0,226,10440000,,,,,,,,1,0.4664179104477612,1965.6497277676951,0,1581.2197080291971,761,21,50,49
msg_1593,node19,node0,226,10440000,,,,,,,,1,0.4664179104477612,1965.6497277676951,0,1581.2197080291971,761,21,50,49
msg_1594,node20,node0,226,10440000,10442718.0,2718.0,,,,1888.142857142857,0.2,1,0.46798029556650245,1832.187120291616,0,1469.770955165692,598,38,50,49
msg_1595,node21,node0,226,10440000,10442719.0,2719.0,,,,1889.9642857142858,1.1666666666666667,1,0.46798029556650245,1834.3357575757575,0,1472.2003891050583,596,36,50,49
msg_1596,node22,node0,226,10440000,,,,,,,,1,0.4664179104477612,1965.6497277676951,0,1581.2197080291971,761,21,50,49
msg_1597,node23,node0,226,10440000,,,,,,,,1,0.4664179104477612,1965.6497277676951,0,1581.2197080291971,761,21,50,49
msg_1598,node24,node0,226,10440000,10442720.0,2720.0,,,,1888.2857142857142,0.42857142857142855,1,0.46798029556650245,1835.406779661017,0,1473.4120505344995,595,35,50,49
msg_1599,node25,node0,226,10440000,10442720.0,2720.0,,,,1888.5,0.2857142857142857,1,0.46798029556650245,1836.4764207980652,0,1474.6223300970873,594,34,50,49
msg_1600,node26,node0,226,10440000,,,,,,,,1,0.4664179104477612,1965.6497277676951,0,1581.2197080291971,761,21,50,49
msg_1601,node27,node0,226,10440000,10442720.0,2720.0,,,,1888.75,0.25,1,0.46798029556650245,1837.5434782608695,0,1475.8302618816683,593,33,50,49
msg_1602,node28,node0,226,10440000,,,,,,,,1,0.4664179104477612,1965.6497277676951,0,1581.2197080291971,761,21,50,49
msg_1603,node29,node0,226,10440000,,,,,,,,1,0.4664179104477612,1965.6497277676951,0,1581.2197080291971,761,21,50,49
msg_1604,node30,node0,226,10440000,,,,,,,,1,0.4664179104477612,1965.6497277676951,0,1581.2197080291971,761,21,50,49
msg_1605,node31,node0,226,10440000,10442722.0,2722.0,,,,1890.642857142857,1.1666666666666667,1,0.46798029556650245,1848.0859188544152,0,1487.7915465898175,583,23,50,49
msg_1606,node32,node0,226,10440000,10442723.0,2723.0,,,,1891.2142857142858,1.0,1,0.46798029556650245,1850.1666666666667,0,1490.1581975071908,581,21,50,49
msg_1607,node33,node0,226,10440000,10442720.0,2720.0,,,,1889.0714285714287,0.25,1,0.46798029556650245,1838.6079613992763,0,1477.0358527131782,592,32,50,49
msg_1608,node34,node0,226,10440000,,,,,,,,1,0.4664179104477612,1965.6497277676951,0,1581.2197080291971,761,21,50,49
msg_1609,node35,node0,226,10440000,10442720.0,2720.0,,,,1889.142857142857,0.5,1,0.46798029556650245,1839.6698795180723,0,1478.2391093901258,591,31,50,49
msg_1610,node36,node0,226,10440000,10442721.0,2721.0,,,,1889.357142857143,0.5714285714285714,1,0.46798029556650245,1840.7292418772563,0,1479.4400386847196,590,30,50,49
msg_1611,node37,node0,226,10440000,10442721.0,2721.0,,,,1889.5,0.4,1,0.46798029556650245,1841.7872596153845,0,1480.63961352657,589,29,50,49
msg_1612,node38,node0,226,10440000,,,,,,,,1,0.4664179104477612,1965.6497277676951,0,1581.2197080291971,761,21,50,49
msg_1613,node39,node0,226,10440000,,,,,,,,1,0.4664179104477612,1965.6497277676951,0,1581.2197080291971,761,21,50,49
msg_1614,node40,node0,226,10440000,10442721.0,2721.0,,,,1889.7857142857142,0.5555555555555556,1,0.46798029556650245,1842.842737094838,0,1481.8368725868727,588,28,50,49
msg_1615,node41,node0,226,10440000,10442721.0,2721.0,,,,1889.7857142857142,0.3,1,0.46798029556650245,1843.8956834532373,0,1483.0318225650917,587,27,50,49
msg_1616,node42,node0,226,10440000,,,,,,,,1,0.4664179104477612,1965.6497277676951,0,1581.2197080291971,761,21,50,49
msg_1617,node43,node0,226,10440000,,,,,,,,1,0.4664179104477612,1965.6497277676951,0,1581.2197080291971,761,21,50,49
msg_1618,node44,node0,226,10440000,10442722.0,2722.0,,,,1889.9285714285713,0.14285714285714285,1,0.46798029556650245,1844.9461077844312,0,1484.2244701348748,586,26,50,49
msg_1619,node45,node0,226,10440000,10442722.0,2722.0,,,,1890.2142857142858,0.5555555555555556,1,0.46798029556650245,1845.9952153110048,0,1485.4157844080846,585,25,50,49
msg_1620,node46,node0,226,10440000,10442722.0,2722.0,,,,1890.1785714285713,0.7142857142857143,1,0.46798029556650245,1847.041816009558,0,1486.6048076923078,584,24,50,49
msg_1621,node47,node0,226,10440000,,,,,,,,1,0.4664179104477612,1965.6497277676951,0,1581.2197080291971,761,21,50,49
msg_1622,node48,node0,226,10440000,,,,,,,,1,0.4664179104477612,1965.6497277676951,0,1581.2197080291971,761,21,50,49
msg_1623,node49,node0,226,10440000,10442722.0,2722.0,,,,1891.0,1.0,1,0.46798029556650245,1849.1275327771157,0,1488.9760076775433,582,22,50,49
msg_1624,node0,node1,225,10500001,10500001.0,0.0,,,,0.46798029556650245,1851.20451843044,1,0.13793103448275862,0.0,0,1491.33908045977,581,21,50,1
msg_1625,node0,node3,225,10502716,10502716.0,0.0,,,,0.46568627450980393,1851.20451843044,1,1914.5862068965516,0.42857142857142855,0,1489.911961722488,581,21,50,1
msg_1626,node0,node7,225,10502717,10502717.0,0.0,,,,0.4634146341463415,1851.20451843044,2,1915.3103448275863,0.2222222222222222,0,1488.4875717017208,582,22,50,2
msg_1627,node0,node8,225,10502717,10502717.0,0.0,,,,0.46116504854368934,1851.20451843044,2,1915.2758620689656,0.0,0,1487.0659025787966,581,21,50,2
msg_1628,node0,node13,226,10502718,10502718.0,0.0,,,,0.45893719806763283,1851.20451843044,1,1915.896551724138,0.3333333333333333,0,1485.6469465648854,581,21,50,1
msg_1629,node0,node40,226,10502721,10502722.0,1.0,,,,0.4567307692307692,1851.20451843044,2,1918.448275862069,0.5555555555555556,0,1484.2306959008579,582,22,50,2
msg_1630,node0,node41,226,10502721,10502722.0,1.0,,,,0.45933014354066987,1851.20451843044,2,1918.448275862069,0.3,0,1482.8180952380953,581,21,50,2
msg_1631,node1,node0,224,10800000,10800000.0,0.0,,,,0.13793103448275862,0.0,1,0.46190476190476193,1851.20451843044,0,1481.4081826831589,629,49,50,49
msg_1632,node2,node0,224,10800000,10801766.0,1766.0,,,,1914.448275862069,0.0,1,0.46190476190476193,1849.0059382422803,0,1480.0,628,48,50,49
msg_1633,node3,node0,224,10800000,10801766.0,1766.0,,,,1914.5862068965516,0.375,1,0.46190476190476193,1848.9074733096086,0,1480.2716049382716,627,47,50,49
msg_1634,node4,node0,224,10800000,,,,,,,,1,0.4664179104477612,1965.6497277676951,0,1581.2197080291971,761,21,50,49
msg_1635,node5,node0,224,10800000,,,,,,,,1,0.4664179104477612,1965.6497277676951,0,1581.2197080291971,761,21,50,49
msg_1636,node6,node0,224,10800000,10801766.0,1766.0,,,,1914.9655172413793,0.2857142857142857,1,0.46190476190476193,1848.8092417061612,0,1480.5426944971537,626,46,50,49
msg_1637,node7,node0,224,10800000,10801767.0,1767.0,,,,1915.3103448275863,0.2,1,0.46190476190476193,1848.7112426035503,0,1480.81327014218,625,45,50,49
msg_1638,node8,node0,224,10800000,10801767.0,1767.0,,,,1915.2758620689656,0.0,1,0.46190476190476193,1848.614657210402,0,1481.0842803030303,624,44,50,49
msg_1639,node9,node0,224,10800000,10801767.0,1767.0,,,,1915.5172413793102,0.3333333333333333,1,0.46190476190476193,1848.5182998819362,0,1481.3547776726584,623,43,50,49
msg_1640,node10,node0,226,10800000,10801771.0,1771.0,,,,1917.448275862069,1.0,1,0.46190476190476193,1846.9479166666667,0,1485.9031657355679,606,26,50,49
msg_1641,node11,node0,226,10800000,,,,,,,,1,0.4664179104477612,1965.6497277676951,0,1581.2197080291971,761,21,50,49
msg_1642,node12,node0,226,10800000,,,,,,,,1,0.4664179104477612,1965.6497277676951,0,1581.2197080291971,761,21,50,49
msg_1643,node13,node0,226,10800000,10801767.0,1767.0,,,,1915.896551724138,0.25,1,0.46190476190476193,1848.4221698113208,0,1481.624763705104,622,42,50,49
msg_1644,node14,node0,226,10800000,10801771.0,1771.0,,,,1918.2068965517242,1.0,1,0.46190476190476193,1846.8601156069365,0,1486.1683720930232,605,25,50,49
msg_1645,node15,node0,226,10800000,10801767.0,1767.0,,,,1916.0,0.2857142857142857,1,0.46190476190476193,1848.326266195524,0,1481.8942398489141,621,41,50,49
msg_1646,node16,node0,226,10800000,,,,,,,,1,0.4664179104477612,1965.6497277676951,0,1581.2197080291971,761,21,50,49
msg_1647,node17,node0,226,10800000,10801768.0,1768.0,,,,1916.4137931034484,0.0,1,0.46190476190476193,1848.2305882352941,0,1482.1632075471698,620,40,50,49
msg_1648,node18,node0,226,10800000,,,,,,,,1,0.4664179104477612,1965.6497277676951,0,1581.2197080291971,761,21,50,49
msg_1649,node19,node0,226,10800000,,,,,,,,1,0.4664179104477612,1965.6497277676951,0,1581.2197080291971,761,21,50,49
msg_1650,node20,node0,226,10800000,10801768.0,1768.0,,,,1916.7586206896551,0.2,1,0.46190476190476193,1848.1363102232667,0,1482.4326107445806,619,39,50,49
msg_1651,node21,node0,226,10800000,10801771.0,1771.0,,,,1918.551724137931,1.1666666666666667,1,0.46190476190476193,1846.7725173210163,0,1486.4330855018588,604,24,50,49
msg_1652,node22,node0,226,10800000,,,,,,,,1,0.4664179104477612,1965.6497277676951,0,1581.2197080291971,761,21,50,49
msg_1653,node23,node0,226,10800000,,,,,,,,1,0.4664179104477612,1965.6497277676951,0,1581.2197080291971,761,21,50,49
msg_1654,node24,node0,226,10800000,10801768.0,1768.0,,,,1916.9655172413793,0.42857142857142855,1,0.46190476190476193,1848.0422535211267,0,1482.7015065913372,618,38,50,49
msg_1655,node25,node0,226,10800000,10801768.0,1768.0,,,,1917.1724137931035,0.2857142857142857,1,0.46190476190476193,1847.9484173505275,0,1482.969896519285,617,37,50,49
msg_1656,node26,node0,226,10800000,,,,,,,,1,0.4664179104477612,1965.6497277676951,0,1581.2197080291971,761,21,50,49
msg_1657,node27,node0,226,10800000,10801769.0,1769.0,,,,1917.4137931034484,0.25,1,0.46190476190476193,1847.8548009367682,0,1483.2377819548872,616,36,50,49
msg_1658,node28,node0,226,10800000,,,,,,,,1,0.4664179104477612,1965.6497277676951,0,1581.2197080291971,761,21,50,49
msg_1659,node29,node0,226,10800000,,,,,,,,1,0.4664179104477612,1965.6497277676951,0,1581.2197080291971,761,21,50,49
msg_1660,node30,node0,226,10800000,,,,,,,,1,0.4664179104477612,1965.6497277676951,0,1581.2197080291971,761,21,50,49
msg_1661,node31,node0,226,10800000,10801771.0,1771.0,,,,1919.3103448275863,1.1666666666666667,1,0.46190476190476193,1846.6851211072665,0,1486.6973073351903,603,23,50,49
msg_1662,node32,node0,226,10800000,10801772.0,1772.0,,,,1919.896551724138,1.0,1,0.46190476190476193,1846.597926267281,0,1486.9610389610389,602,22,50,49
msg_1663,node33,node0,226,10800000,10801769.0,1769.0,,,,1917.7241379310344,0.25,1,0.46190476190476193,1847.7625730994152,0,1483.506103286385,615,35,50,49
msg_1664,node34,node0,226,10800000,,,,,,,,1,0.4664179104477612,1965.6497277676951,0,1581.2197080291971,761,21,50,49
msg_1665,node35,node0,226,10800000,10801769.0,1769.0,,,,1917.7931034482758,0.5,1,0.46190476190476193,1847.6705607476636,0,1483.7739212007505,614,34,50,49
msg_1666,node36,node0,226,10800000,10801769.0,1769.0,,,,1918.0344827586207,0.5714285714285714,1,0.46190476190476193,1847.5787631271878,0,1484.041237113402,613,33,50,49
msg_1667,node37,node0,226,10800000,10801769.0,1769.0,,,,1918.1724137931035,0.4,1,0.46190476190476193,1847.4871794871794,0,1484.3080524344568,612,32,50,49
msg_1668,node38,node0,226,10800000,,,,,,,,1,0.4664179104477612,1965.6497277676951,0,1581.2197080291971,761,21,50,49
msg_1669,node39,node0,226,10800000,,,,,,,,1,0.4664179104477612,1965.6497277676951,0,1581.2197080291971,761,21,50,49
msg_1670,node40,node0,226,10800000,10801770.0,1770.0,,,,1918.448275862069,0.6,1,0.46190476190476193,1847.395809080326,0,1484.5743685687557,611,31,50,49
msg_1671,node41,node0,226,10800000,10801770.0,1770.0,,,,1918.448275862069,0.36363636363636365,1,0.46190476190476193,1847.3058139534883,0,1484.8411214953271,610,30,50,49
msg_1672,node42,node0,226,10800000,,,,,,,,1,0.4664179104477612,1965.6497277676951,0,1581.2197080291971,761,21,50,49
msg_1673,node43,node0,226,10800000,,,,,,,,1,0.4664179104477612,1965.6497277676951,0,1581.2197080291971,761,21,50,49
msg_1674,node44,node0,226,10800000,10801770.0,1770.0,,,,1918.6206896551723,0.14285714285714285,1,0.46190476190476193,1847.2160278745644,0,1485.1073762838469,609,29,50,49
msg_1675,node45,node0,226,10800000,10801770.0,1770.0,,,,1918.896551724138,0.5555555555555556,1,0.46190476190476193,1847.1264501160092,0,1485.3731343283582,608,28,50,49
msg_1676,node46,node0,226,10800000,10801770.0,1770.0,,,,1918.8620689655172,0.7142857142857143,1,0.46190476190476193,1847.0370799536502,0,1485.6383970177073,607,27,50,49
msg_1677,node47,node0,226,10800000,,,,,,,,1,0.4664179104477612,1965.6497277676951,0,1581.2197080291971,761,21,50,49
msg_1678,node48,node0,226,10800000,,,,,,,,1,0.4664179104477612,1965.6497277676951,0,1581.2197080291971,761,21,50,49
msg_1679,node49,node0,226,10800000,10801772.0,1772.0,,,,1919.655172413793,1.0,1,0.46190476190476193,1846.512082853855,0,1487.2252085264133,601,21,50,49
msg_1680,node0,node15,226,10861767,10861767.0,0.0,,,,0.46190476190476193,1846.4264367816093,1,1911.0333333333333,0.2857142857142857,0,1487.4888888888888,601,21,50,1
msg_1681,node0,node24,226,10861768,10861768.0,0.0,,,,0.4597156398104265,1846.4264367816093,1,1912.0,0.42857142857142855,0,1486.1128584643848,601,21,50,1
msg_1682,node0,node36,226,10861769,10861769.0,0.0,,,,0.45754716981132076,1846.4264367816093,1,1913.0666666666666,0.5714285714285714,0,1484.739371534196,601,21,50,1
msg_1683,node0,node41,226,10861770,10861770.0,0.0,,,,0.45539906103286387,1846.4264367816093,3,1913.5,0.36363636363636365,0,1483.3684210526317,603,23,50,3
msg_1684,node0,node45,226,10861770,10861770.0,0.0,,,,0.4532710280373832,1846.4264367816093,3,1913.9333333333334,0.5555555555555556,0,1482.0,602,22,50,3
msg_1685,node0,node46,226,10861770,10861771.0,1.0,,,,0.4511627906976744,1846.4264367816093,3,1913.9,0.7142857142857143,0,1480.6341013824886,602,22,50,3
msg_1686,node0,node31,226,10861771,10861772.0,1.0,,,,0.4537037037037037,1846.4264367816093,1,1914.3666666666666,1.1666666666666667,0,1479.2716390423573,602,22,50,1
msg_1687,node0,node49,226,10861772,10861773.0,1.0,,,,0.45622119815668205,1846.4264367816093,1,1914.7333333333333,1.0,0,1477.9116835326588,601,21,50,1
msg_1688,node1,node0,224,11160000,11160000.0,0.0,,,,0.13333333333333333,0.0,1,0.45871559633027525,1846.4264367816093,0,1476.5542279411766,649,49,50,49
msg_1689,node2,node0,224,11160000,11162933.0,2933.0,,,,1909.5,0.0,1,0.45871559633027525,1844.3065442020666,0,1475.198347107438,648,48,50,49
msg_1690,node3,node0,224,11160000,11162933.0,2933.0,,,,1909.6333333333334,0.375,1,0.45871559633027525,1845.5550458715597,0,1476.5357798165137,647,47,50,49
msg_1691,node4,node0,224,11160000,,,,,,,,1,0.4664179104477612,1965.6497277676951,0,1581.2197080291971,761,21,50,49
msg_1692,node5,node0,224,11160000,,,,,,,,1,0.4664179104477612,1965.6497277676951,0,1581.2197080291971,761,21,50,49
msg_1693,node6,node0,224,11160000,11162933.0,2933.0,,,,1910.0,0.2857142857142857,1,0.45871559633027525,1846.8006872852234,0,1477.870760769936,646,46,50,49
msg_1694,node7,node0,224,11160000,11162934.0,2934.0,,,,1910.3666666666666,0.2,1,0.45871559633027525,1848.0434782608695,0,1479.2032967032967,645,45,50,49
msg_1695,node8,node0,224,11160000,11162934.0,2934.0,,,,1910.3333333333333,0.0,1,0.45871559633027525,1849.2845714285713,0,1480.5343092406222,644,44,50,49
msg_1696,node9,node0,224,11160000,11162934.0,2934.0,,,,1910.5666666666666,0.3333333333333333,1,0.45871559633027525,1850.5228310502282,0,1481.8628884826326,643,43,50,49
msg_1697,node10,node0,226,11160000,11162938.0,2938.0,,,,1912.5666666666666,1.0,1,0.45871559633027525,1871.181410974244,0,1504.1089108910892,626,26,50,49
msg_1698,node11,node0,226,11160000,,,,,,,,1,0.4664179104477612,1965.6497277676951,0,1581.2197080291971,761,21,50,49
msg_1699,node12,node0,226,11160000,,,,,,,,1,0.4664179104477612,1965.6497277676951,0,1581.2197080291971,761,21,50,49
msg_1700,node13,node0,226,11160000,11162934.0,2934.0,,,,1910.9333333333334,0.25,1,0.45871559633027525,1851.7582668187001,0,1483.1890410958904,642,42,50,49
msg_1701,node14,node0,226,11160000,11162938.0,2938.0,,,,1913.3,1.0,1,0.45871559633027525,1872.374720357942,0,1505.398381294964,625,25,50,49
msg_1702,node15,node0,226,11160000,11162934.0,2934.0,,,,1911.0333333333333,0.25,1,0.45871559633027525,1852.990888382688,0,1484.5127737226278,641,41,50,49
msg_1703,node16,node0,226,11160000,,,,,,,,1,0.4664179104477612,1965.6497277676951,0,1581.2197080291971,761,21,50,49
msg_1704,node17,node0,226,11160000,11162935.0,2935.0,,,,1911.4666666666667,0.0,1,0.45871559633027525,1854.2207053469851,0,1485.834092980857,640,40,50,49
msg_1705,node18,node0,226,11160000,,,,,,,,1,0.4664179104477612,1965.6497277676951,0,1581.2197080291971,761,21,50,49
msg_1706,node19,node0,226,11160000,,,,,,,,1,0.4664179104477612,1965.6497277676951,0,1581.2197080291971,761,21,50,49
msg_1707,node20,node0,226,11160000,11162935.0,2935.0,,,,1911.8,0.2,1,0.45871559633027525,1855.4488636363637,0,1487.1539162112933,639,39,50,49
msg_1708,node21,node0,226,11160000,11162938.0,2938.0,,,,1913.6333333333334,1.1666666666666667,1,0.45871559633027525,1873.5653631284915,0,1506.685534591195,624,24,50,49
msg_1709,node22,node0,226,11160000,,,,,,,,1,0.4664179104477612,1965.6497277676951,0,1581.2197080291971,761,21,50,49
msg_1710,node23,node0,226,11160000,,,,,,,,1,0.4664179104477612,1965.6497277676951,0,1581.2197080291971,761,21,50,49
msg_1711,node24,node0,226,11160000,11162935.0,2935.0,,,,1912.0,0.375,1,0.45871559633027525,1856.6742338251986,0,1488.4713375796177,638,38,50,49
msg_1712,node25,node0,226,11160000,11162935.0,2935.0,,,,1912.2,0.2857142857142857,1,0.45871559633027525,1857.8968253968253,0,1489.7863636363636,637,37,50,49
msg_1713,node26,node0,226,11160000,,,,,,,,1,0.4664179104477612,1965.6497277676951,0,1581.2197080291971,761,21,50,49
msg_1714,node27,node0,226,11160000,11162936.0,2936.0,,,,1912.4666666666667,0.25,1,0.45871559633027525,1859.1166477916195,0,1491.0990009082652,636,36,50,49
msg_1715,node28,node0,226,11160000,,,,,,,,1,0.4664179104477612,1965.6497277676951,0,1581.2197080291971,761,21,50,49
msg_1716,node29,node0,226,11160000,,,,,,,,1,0.4664179104477612,1965.6497277676951,0,1581.2197080291971,761,21,50,49
msg_1717,node30,node0,226,11160000,,,,,,,,1,0.4664179104477612,1965.6497277676951,0,1581.2197080291971,761,21,50,49
msg_1718,node31,node0,226,11160000,11162938.0,2938.0,,,,1914.3666666666666,1.1428571428571428,1,0.45871559633027525,1874.7533482142858,0,1507.9703770197486,623,23,50,49
msg_1719,node32,node0,226,11160000,11162939.0,2939.0,,,,1914.9666666666667,1.0,1,0.45871559633027525,1875.9386845039019,0,1509.2529147982063,622,22,50,49
msg_1720,node33,node0,226,11160000,11162936.0,2936.0,,,,1912.7666666666667,0.25,1,0.45871559633027525,1860.3348416289593,0,1492.410163339383,635,35,50,49
msg_1721,node34,node0,226,11160000,,,,,,,,1,0.4664179104477612,1965.6497277676951,0,1581.2197080291971,761,21,50,49
msg_1722,node35,node0,226,11160000,11162936.0,2936.0,,,,1912.8333333333333,0.5,1,0.45871559633027525,1861.5502824858756,0,1493.7189483227562,634,34,50,49
msg_1723,node36,node0,226,11160000,11162936.0,2936.0,,,,1913.0666666666666,0.5,1,0.45871559633027525,1862.7629796839728,0,1495.0253623188405,633,33,50,49
msg_1724,node37,node0,226,11160000,11162936.0,2936.0,,,,1913.2,0.4,1,0.45871559633027525,1863.9729425028186,0,1496.3294117647058,632,32,50,49
msg_1725,node38,node0,226,11160000,,,,,,,,1,0.4664179104477612,1965.6497277676951,0,1581.2197080291971,761,21,50,49
msg_1726,node39,node0,226,11160000,,,,,,,,1,0.4664179104477612,1965.6497277676951,0,1581.2197080291971,761,21,50,49
msg_1727,node40,node0,226,11160000,11162937.0,2937.0,,,,1913.5,0.6,1,0.45871559633027525,1865.1801801801803,0,1497.631103074141,631,31,50,49
msg_1728,node41,node0,226,11160000,11162937.0,2937.0,,,,1913.5,0.3333333333333333,1,0.45871559633027525,1866.3858267716535,0,1498.9313459801265,630,30,50,49
msg_1729,node42,node0,226,11160000,,,,,,,,1,0.4664179104477612,1965.6497277676951,0,1581.2197080291971,761,21,50,49
msg_1730,node43,node0,226,11160000,,,,,,,,1,0.4664179104477612,1965.6497277676951,0,1581.2197080291971,761,21,50,49
msg_1731,node44,node0,226,11160000,11162937.0,2937.0,,,,1913.6666666666667,0.14285714285714285,1,0.45871559633027525,1867.588764044944,0,1500.2292418772563,629,29,50,49
msg_1732,node45,node0,226,11160000,11162937.0,2937.0,,,,1913.9333333333334,0.5,1,0.45871559633027525,1868.7890011223344,0,1501.5247971145177,628,28,50,49
msg_1733,node46,node0,226,11160000,11162937.0,2937.0,,,,1913.9,0.75,1,0.45871559633027525,1869.986547085202,0,1502.818018018018,627,27,50,49
msg_1734,node47,node0,226,11160000,,,,,,,,1,0.4664179104477612,1965.6497277676951,0,1581.2197080291971,761,21,50,49
msg_1735,node48,node0,226,11160000,,,,,,,,1,0.4664179104477612,1965.6497277676951,0,1581.2197080291971,761,21,50,49
msg_1736,node49,node0,226,11160000,11162939.0,2939.0,,,,1914.7333333333333,1.0,1,0.45871559633027525,1877.1224944320713,0,1510.5340501792114,621,21,50,49
msg_1737,node0,node1,225,11220000,11220000.0,0.0,,,,0.45871559633027525,1878.3036707452725,1,0.12903225806451613,0.0,0,1511.812891674127,621,21,50,1
msg_1738,node0,node17,226,11222935,11222935.0,0.0,,,,0.45662100456621,1878.3036707452725,3,1944.483870967742,0.0,0,1510.4606440071557,623,23,50,3
msg_1739,node0,node20,226,11222935,11222935.0,0.0,,,,0.45454545454545453,1878.3036707452725,3,1944.8064516129032,0.2,0,1509.1108132260947,622,22,50,3
msg_1740,node0,node24,226,11222935,11222936.0,1.0,,,,0.45248868778280543,1878.3036707452725,3,1945.0,0.375,0,1507.763392857143,625,25,50,3
msg_1741,node0,node33,226,11222936,11222936.0,0.0,,,,0.45495495495495497,1878.3036707452725,4,1945.774193548387,0.25,0,1506.4192685102587,624,24,50,4
msg_1742,node0,node35,226,11222936,11222936.0,0.0,,,,0.452914798206278,1878.3036707452725,4,1945.8387096774193,0.5,0,1505.0766488413547,623,23,50,4
msg_1743,node0,node36,226,11222936,11222937.0,1.0,,,,0.45089285714285715,1878.3036707452725,4,1946.0645161290322,0.5,0,1503.7364203027605,623,23,50,4
msg_1744,node0,node37,226,11222936,11222937.0,1.0,,,,0.4533333333333333,1878.3036707452725,4,1946.1935483870968,0.4,0,1502.3994661921708,622,22,50,4
msg_1745,node0,node45,226,11222937,11222937.0,0.0,,,,0.4557522123893805,1878.3036707452725,1,1946.9354838709678,0.5,0,1501.0648888888888,621,21,50,1
msg_1746,node0,node10,226,11222938,11222939.0,1.0,,,,0.45374449339207046,1878.3036707452725,1,1945.6451612903227,1.0,0,1499.7317939609236,621,21,50,1
msg_1747,node1,node0,224,11520000,11520000.0,0.0,,,,0.12903225806451613,0.0,1,0.45614035087719296,1878.3036707452725,0,1498.4019520851818,669,49,50,49
msg_1748,node2,node0,224,11520000,11521878.0,1878.0,,,,1942.516129032258,0.0,1,0.45614035087719296,1876.2166666666667,0,1497.0735815602836,668,48,50,49
msg_1749,node3,node0,224,11520000,11521878.0,1878.0,,,,1942.6451612903227,0.375,1,0.45614035087719296,1876.2186459489456,0,1497.4109831709477,667,47,50,49
msg_1750,node4,node0,224,11520000,,,,,,,,1,0.4664179104477612,1965.6497277676951,0,1581.2197080291971,761,21,50,49
msg_1751,node5,node0,224,11520000,,,,,,,,1,0.4664179104477612,1965.6497277676951,0,1581.2197080291971,761,21,50,49
msg_1752,node6,node0,224,11520000,11521879.0,1879.0,,,,1943.0,0.2857142857142857,1,0.45614035087719296,1876.220620842572,0,1497.7477876106195,666,46,50,49
msg_1753,node7,node0,224,11520000,11521879.0,1879.0,,,,1943.3870967741937,0.2,1,0.45614035087719296,1876.2236987818383,0,1498.0848806366048,665,45,50,49
msg_1754,node8,node0,224,11520000,11521880.0,1880.0,,,,1943.3548387096773,0.0,1,0.45614035087719296,1876.2267699115043,0,1498.4213780918728,664,44,50,49
msg_1755,node9,node0,224,11520000,11521880.0,1880.0,,,,1943.5806451612902,0.3333333333333333,1,0.45614035087719296,1876.2309392265192,0,1498.7581641659312,663,43,50,49
msg_1756,node10,node0,226,11520000,11521880.0,1880.0,,,,1945.6451612903227,1.0,1,0.45614035087719296,1876.239250275634,0,1499.4299559471365,661,41,50,49
msg_1757,node11,node0,226,11520000,,,,,,,,1,0.4664179104477612,1965.6497277676951,0,1581.2197080291971,761,21,50,49
msg_1758,node12,node0,226,11520000,,,,,,,,1,0.4664179104477612,1965.6497277676951,0,1581.2197080291971,761,21,50,49
msg_1759,node13,node0,226,11520000,11521880.0,1880.0,,,,1943.9354838709678,0.25,1,0.45614035087719296,1876.2350993377484,0,1499.094356261023,662,42,50,49
msg_1760,node14,node0,226,11520000,11521881.0,1881.0,,,,1946.3548387096773,1.0,1,0.45614035087719296,1876.2433920704846,0,1499.7649647887324,660,40,50,49
msg_1761,node15,node0,226,11520000,11521881.0,1881.0,,,,1944.032258064516,0.25,1,0.45614035087719296,1876.2486248624862,0,1500.1002638522427,659,39,50,49
msg_1762,node16,node0,226,11520000,,,,,,,,1,0.4664179104477612,1965.6497277676951,0,1581.2197080291971,761,21,50,49
msg_1763,node17,node0,226,11520000,11521881.0,1881.0,,,,1944.483870967742,0.0,1,0.45614035087719296,1876.253846153846,0,1500.4349736379613,658,38,50,49
msg_1764,node18,node0,226,11520000,,,,,,,,1,0.4664179104477612,1965.6497277676951,0,1581.2197080291971,761,21,50,49
msg_1765,node19,node0,226,11520000,,,,,,,,1,0.4664179104477612,1965.6497277676951,0,1581.2197080291971,761,21,50,49
msg_1766,node20,node0,226,11520000,11521881.0,1881.0,,,,1944.8064516129032,0.16666666666666666,1,0.45614035087719296,1876.2590559824368,0,1500.7690956979807,657,37,50,49
msg_1767,node21,node0,226,11520000,11521882.0,1882.0,,,,1946.6774193548388,1.1666666666666667,1,0.45614035087719296,1876.264254385965,0,1501.1026315789475,656,36,50,49
msg_1768,node22,node0,226,11520000,,,,,,,,1,0.4664179104477612,1965.6497277676951,0,1581.2197080291971,761,21,50,49
msg_1769,node23,node0,226,11520000,,,,,,,,1,0.4664179104477612,1965.6497277676951,0,1581.2197080291971,761,21,50,49
msg_1770,node24,node0,226,11520000,11521882.0,1882.0,,,,1945.0,0.4444444444444444,1,0.45614035087719296,1876.2705366922235,0,1501.4364592462753,655,35,50,49
msg_1771,node25,node0,226,11520000,11521882.0,1882.0,,,,1945.1935483870968,0.2857142857142857,1,0.45614035087719296,1876.2768052516412,0,1501.7697022767074,654,34,50,49
msg_1772,node26,node0,226,11520000,,,,,,,,1,0.4664179104477612,1965.6497277676951,0,1581.2197080291971,761,21,50,49
msg_1773,node27,node0,226,11520000,11521883.0,1883.0,,,,1945.483870967742,0.25,1,0.45614035087719296,1876.2830601092896,0,1502.1023622047244,653,33,50,49
msg_1774,node28,node0,226,11520000,,,,,,,,1,0.4664179104477612,1965.6497277676951,0,1581.2197080291971,761,21,50,49
msg_1775,node29,node0,226,11520000,,,,,,,,1,0.4664179104477612,1965.6497277676951,0,1581.2197080291971,761,21,50,49
msg_1776,node30,node0,226,11520000,,,,,,,,1,0.4664179104477612,1965.6497277676951,0,1581.2197080291971,761,21,50,49
msg_1777,node31,node0,226,11520000,11521884.0,1884.0,,,,1947.3870967741937,1.1428571428571428,1,0.45614035087719296,1876.3362255965292,0,1504.4226086956521,646,26,50,49
msg_1778,node32,node0,226,11520000,11521884.0,1884.0,,,,1948.0,1.0,1,0.45614035087719296,1876.3445287107259,0,1504.7523892267593,645,25,50,49
msg_1779,node33,node0,226,11520000,11521883.0,1883.0,,,,1945.774193548387,0.2222222222222222,1,0.45614035087719296,1876.2903930131004,0,1502.4353146853148,652,32,50,49
msg_1780,node34,node0,226,11520000,,,,,,,,1,0.4664179104477612,1965.6497277676951,0,1581.2197080291971,761,21,50,49
msg_1781,node35,node0,226,11520000,11521883.0,1883.0,,,,1945.8387096774193,0.42857142857142855,1,0.45614035087719296,1876.2977099236641,0,1502.7676855895197,651,31,50,49
msg_1782,node36,node0,226,11520000,11521883.0,1883.0,,,,1946.0645161290322,0.5555555555555556,1,0.45614035087719296,1876.3050108932462,0,1503.0994764397906,650,30,50,49
msg_1783,node37,node0,226,11520000,11521883.0,1883.0,,,,1946.1935483870968,0.5,1,0.45614035087719296,1876.3122959738846,0,1503.4306887532694,649,29,50,49
msg_1784,node38,node0,226,11520000,,,,,,,,1,0.4664179104477612,1965.6497277676951,0,1581.2197080291971,761,21,50,49
msg_1785,node39,node0,226,11520000,,,,,,,,1,0.4664179104477612,1965.6497277676951,0,1581.2197080291971,761,21,50,49
msg_1786,node40,node0,226,11520000,11521884.0,1884.0,,,,1946.516129032258,0.6,1,0.45614035087719296,1876.3195652173913,0,1503.7613240418118,648,28,50,49
msg_1787,node41,node0,226,11520000,11521884.0,1884.0,,,,1946.516129032258,0.3333333333333333,1,0.45614035087719296,1876.327904451683,0,1504.0922541340296,647,27,50,49
msg_1788,node42,node0,226,11520000,,,,,,,,1,0.4664179104477612,1965.6497277676951,0,1581.2197080291971,761,21,50,49
msg_1789,node43,node0,226,11520000,,,,,,,,1,0.4664179104477612,1965.6497277676951,0,1581.2197080291971,761,21,50,49
msg_1790,node44,node0,226,11520000,11521885.0,1885.0,,,,1946.6774193548388,0.14285714285714285,1,0.45614035087719296,1876.3528138528138,0,1505.0815972222222,644,24,50,49
msg_1791,node45,node0,226,11520000,11521885.0,1885.0,,,,1946.9354838709678,0.45454545454545453,1,0.45614035087719296,1876.3621621621621,0,1505.4111014744146,643,23,50,49
msg_1792,node46,node0,226,11520000,11521885.0,1885.0,,,,1946.9032258064517,0.75,1,0.45614035087719296,1876.3714902807776,0,1505.740034662045,642,22,50,49
msg_1793,node47,node0,226,11520000,,,,,,,,1,0.4664179104477612,1965.6497277676951,0,1581.2197080291971,761,21,50,49
msg_1794,node48,node0,226,11520000,,,,,,,,1,0.4664179104477612,1965.6497277676951,0,1581.2197080291971,761,21,50,49
msg_1795,node49,node0,226,11520000,11521886.0,1886.0,,,,1947.774193548387,1.0,1,0.45614035087719296,1876.3807982740022,0,1506.0683982683984,641,21,50,49
msg_1796,node0,node2,225,11581878,11581878.0,0.0,,,,0.45614035087719296,1876.3911637931035,1,1940.5,0.0,0,1506.3970588235295,641,21,50,1
msg_1797,node0,node8,225,11581880,11581881.0,1.0,,,,0.45414847161572053,1876.3911637931035,1,1941.375,0.0,0,1505.09507346586,642,22,50,1
msg_1798,node0,node17,226,11581881,11581881.0,0.0,,,,0.45652173913043476,1876.3911637931035,1,1942.5,0.0,0,1503.7962003454231,641,21,50,1
msg_1799,node0,node36,226,11581883,11581884.0,1.0,,,,0.45454545454545453,1876.3911637931035,2,1944.09375,0.5555555555555556,0,1502.4987057808455,643,23,50,2
msg_1800,node0,node37,226,11581883,11581884.0,1.0,,,,0.45689655172413796,1876.3911637931035,2,1944.21875,0.5,0,1501.2043103448275,642,22,50,2
msg_1801,node0,node32,226,11581884,11581885.0,1.0,,,,0.4592274678111588,1876.3911637931035,1,1946.0,1.0,0,1499.9121447028424,642,22,50,1
msg_1802,node0,node44,226,11581885,11581885.0,0.0,,,,0.46153846153846156,1876.3911637931035,1,1944.75,0.14285714285714285,0,1498.6222030981066,641,21,50,1
msg_1803,node1,node0,224,11880000,11880001.0,1.0,,,,0.125,0.0,1,0.4595744680851064,1876.3911637931035,0,1497.3336199484093,689,49,50,49
msg_1804,node2,node0,224,11880000,11883166.0,3166.0,,,,1940.5,0.0,1,0.4595744680851064,1874.372443487621,0,1496.0481099656358,688,48,50,49
msg_1805,node3,node0,224,11880000,11883166.0,3166.0,,,,1940.625,0.375,1,0.4595744680851064,1875.7612903225806,0,1497.4815450643778,687,47,50,49
msg_1806,node4,node0,224,11880000,,,,,,,,1,0.4664179104477612,1965.6497277676951,0,1581.2197080291971,761,21,50,49
msg_1807,node5,node0,224,11880000,,,,,,,,1,0.4664179104477612,1965.6497277676951,0,1581.2197080291971,761,21,50,49
msg_1808,node6,node0,224,11880000,11883166.0,3166.0,,,,1941.0,0.2857142857142857,1,0.4595744680851064,1877.1471535982814,0,1498.9125214408234,686,46,50,49
msg_1809,node7,node0,224,11880000,11883166.0,3166.0,,,,1941.375,0.2,1,0.4595744680851064,1878.530042918455,0,1500.3410454155955,685,45,50,49
msg_1810,node8,node0,224,11880000,11883166.0,3166.0,,,,1941.375,0.1,1,0.4595744680851064,1879.9099678456591,0,1501.7671232876712,684,44,50,49
msg_1811,node9,node0,224,11880000,11883167.0,3167.0,,,,1941.59375,0.3333333333333333,1,0.4595744680851064,1881.286937901499,0,1503.190761334474,683,43,50,49
msg_1812,node10,node0,226,11880000,11883169.0,3169.0,,,,1943.59375,1.0,1,0.4595744680851064,1893.5620360551432,0,1515.9057724957556,674,34,50,49
msg_1813,node11,node0,226,11880000,,,,,,,,1,0.4664179104477612,1965.6497277676951,0,1581.2197080291971,761,21,50,49
msg_1814,node12,node0,226,11880000,,,,,,,,1,0.4664179104477612,1965.6497277676951,0,1581.2197080291971,761,21,50,49
msg_1815,node13,node0,226,11880000,11883167.0,3167.0,,,,1941.9375,0.25,1,0.4595744680851064,1882.6620320855616,0,1504.6128205128205,682,42,50,49
msg_1816,node14,node0,226,11880000,11883169.0,3169.0,,,,1944.3125,1.0,1,0.4595744680851064,1894.9131355932204,0,1517.3078880407124,673,33,50,49
msg_1817,node15,node0,226,11880000,11883167.0,3167.0,,,,1942.0625,0.25,1,0.4595744680851064,1884.034188034188,0,1506.0324508966696,681,41,50,49
msg_1818,node16,node0,226,11880000,,,,,,,,1,0.4664179104477612,1965.6497277676951,0,1581.2197080291971,761,21,50,49
msg_1819,node17,node0,226,11880000,11883167.0,3167.0,,,,1942.5,0.0,1,0.4595744680851064,1885.4034151547492,0,1507.4496587030717,680,40,50,49
msg_1820,node18,node0,226,11880000,,,,,,,,1,0.4664179104477612,1965.6497277676951,0,1581.2197080291971,761,21,50,49
msg_1821,node19,node0,226,11880000,,,,,,,,1,0.4664179104477612,1965.6497277676951,0,1581.2197080291971,761,21,50,49
msg_1822,node20,node0,226,11880000,11883167.0,3167.0,,,,1942.8125,0.16666666666666666,1,0.4595744680851064,1886.769722814499,0,1508.8644501278773,679,39,50,49
msg_1823,node21,node0,226,11880000,11883169.0,3169.0,,,,1944.65625,1.1666666666666667,1,0.4595744680851064,1896.2613756613757,0,1518.707627118644,672,32,50,49
msg_1824,node22,node0,226,11880000,,,,,,,,1,0.4664179104477612,1965.6497277676951,0,1581.2197080291971,761,21,50,49
msg_1825,node23,node0,226,11880000,,,,,,,,1,0.4664179104477612,1965.6497277676951,0,1581.2197080291971,761,21,50,49
msg_1826,node24,node0,226,11880000,11883168.0,3168.0,,,,1943.03125,0.4444444444444444,1,0.4595744680851064,1888.133120340788,0,1510.2768313458262,678,38,50,49
msg_1827,node25,node0,226,11880000,11883168.0,3168.0,,,,1943.21875,0.2857142857142857,1,0.4595744680851064,1889.4946808510638,0,1511.6876595744682,677,37,50,49
msg_1828,node26,node0,226,11880000,,,,,,,,1,0.4664179104477612,1965.6497277676951,0,1581.2197080291971,761,21,50,49
msg_1829,node27,node0,226,11880000,11883168.0,3168.0,,,,1943.53125,0.25,1,0.4595744680851064,1890.8533475026568,0,1513.0960884353742,676,36,50,49
msg_1830,node28,node0,226,11880000,,,,,,,,1,0.4664179104477612,1965.6497277676951,0,1581.2197080291971,761,21,50,49
msg_1831,node29,node0,226,11880000,,,,,,,,1,0.4664179104477612,1965.6497277676951,0,1581.2197080291971,761,21,50,49
msg_1832,node30,node0,226,11880000,,,,,,,,1,0.4664179104477612,1965.6497277676951,0,1581.2197080291971,761,21,50,49
msg_1833,node31,node0,226,11880000,11883170.0,3170.0,,,,1945.40625,1.1428571428571428,1,0.4595744680851064,1897.6067653276955,0,1520.1049957662997,671,31,50,49
msg_1834,node32,node0,226,11880000,11883170.0,3170.0,,,,1946.0,1.0,1,0.4595744680851064,1898.950369588173,0,1521.5008460236886,670,30,50,49
msg_1835,node33,node0,226,11880000,11883168.0,3168.0,,,,1943.8125,0.2222222222222222,1,0.4595744680851064,1892.2091295116772,0,1514.5021240441802,675,35,50,49
msg_1836,node34,node0,226,11880000,,,,,,,,1,0.4664179104477612,1965.6497277676951,0,1581.2197080291971,761,21,50,49
msg_1837,node35,node0,226,11880000,11883170.0,3170.0,,,,1943.875,0.42857142857142855,1,0.4595744680851064,1900.2911392405063,0,1522.894336432798,669,29,50,49
msg_1838,node36,node0,226,11880000,11883170.0,3170.0,,,,1944.09375,0.6,1,0.4595744680851064,1901.6290832455215,0,1524.285472972973,668,28,50,49
msg_1839,node37,node0,226,11880000,11883170.0,3170.0,,,,1944.21875,0.5714285714285714,1,0.4595744680851064,1902.9642105263158,0,1525.6742616033755,667,27,50,49
msg_1840,node38,node0,226,11880000,,,,,,,,1,0.4664179104477612,1965.6497277676951,0,1581.2197080291971,761,21,50,49
msg_1841,node39,node0,226,11880000,,,,,,,,1,0.4664179104477612,1965.6497277676951,0,1581.2197080291971,761,21,50,49
msg_1842,node40,node0,226,11880000,11883171.0,3171.0,,,,1944.5625,0.6,1,0.4595744680851064,1904.2965299684543,0,1527.060708263069,666,26,50,49
msg_1843,node41,node0,226,11880000,11883171.0,3171.0,,,,1944.5625,0.3333333333333333,1,0.4595744680851064,1905.6271008403362,0,1528.4456613310867,665,25,50,49
msg_1844,node42,node0,226,11880000,,,,,,,,1,0.4664179104477612,1965.6497277676951,0,1581.2197080291971,761,21,50,49
msg_1845,node43,node0,226,11880000,,,,,,,,1,0.4664179104477612,1965.6497277676951,0,1581.2197080291971,761,21,50,49
msg_1846,node44,node0,226,11880000,11883171.0,3171.0,,,,1944.75,0.125,1,0.4595744680851064,1906.9548793284366,0,1529.828282828283,664,24,50,49
msg_1847,node45,node0,226,11880000,11883171.0,3171.0,,,,1945.0,0.45454545454545453,1,0.4595744680851064,1908.2798742138364,0,1531.2085786375105,663,23,50,49
msg_1848,node46,node0,226,11880000,11883172.0,3172.0,,,,1944.96875,0.75,1,0.4595744680851064,1909.6020942408377,0,1532.5865546218488,662,22,50,49
msg_1849,node47,node0,226,11880000,,,,,,,,1,0.4664179104477612,1965.6497277676951,0,1581.2197080291971,761,21,50,49
msg_1850,node48,node0,226,11880000,,,,,,,,1,0.4664179104477612,1965.6497277676951,0,1581.2197080291971,761,21,50,49
msg_1851,node49,node0,226,11880000,11883172.0,3172.0,,,,1945.84375,1.0,1,0.4595744680851064,1910.9225941422594,0,1533.9630562552477,661,21,50,49
msg_1852,node0,node3,225,11943166,11943167.0,1.0,,,,0.4595744680851064,1912.2403343782655,2,1977.7575757575758,0.375,0,1535.3372483221476,663,23,50,2
msg_1853,node0,node8,225,11943166,11943167.0,1.0,,,,0.461864406779661,1912.2403343782655,2,1978.4848484848485,0.1,0,1534.0511316010059,662,22,50,2
msg_1854,node0,node9,225,11943167,11943168.0,1.0,,,,0.4641350210970464,1912.2403343782655,1,1978.7272727272727,0.3333333333333333,0,1532.7671691792295,662,22,50,1
msg_1855,node0,node33,226,11943168,11943168.0,0.0,,,,0.46638655462184875,1912.2403343782655,1,1980.909090909091,0.2222222222222222,0,1531.4853556485355,661,21,50,1
msg_1856,node0,node10,226,11943169,11943170.0,1.0,,,,0.46443514644351463,1912.2403343782655,1,1980.7272727272727,1.0,0,1530.2048494983278,662,22,50,1
msg_1857,node0,node36,226,11943170,11943170.0,0.0,,,,0.4666666666666667,1912.2403343782655,1,1981.2424242424242,0.6,0,1528.9273182957393,661,21,50,1
msg_1858,node0,node40,226,11943171,11943171.0,0.0,,,,0.46473029045643155,1912.2403343782655,1,1981.7272727272727,0.6,0,1527.6510851419032,661,21,50,1
msg_1859,node1,node0,224,12240000,12240000.0,0.0,,,,0.15151515151515152,0.0,1,0.4628099173553719,1912.2403343782655,0,1526.3769808173479,709,49,50,49
msg_1860,node2,node0,224,12240000,12241995.0,1995.0,,,,1977.6363636363637,0.0,1,0.4628099173553719,1910.2442588726512,0,1525.105,708,48,50,49
msg_1861,node3,node0,224,12240000,12241995.0,1995.0,,,,1977.7575757575758,0.4444444444444444,1,0.4628099173553719,1910.332638164755,0,1525.496253122398,707,47,50,49
msg_1862,node4,node0,224,12240000,,,,,,,,1,0.4664179104477612,1965.6497277676951,0,1581.2197080291971,761,21,50,49
msg_1863,node5,node0,224,12240000,,,,,,,,1,0.4664179104477612,1965.6497277676951,0,1581.2197080291971,761,21,50,49
msg_1864,node6,node0,224,12240000,12241995.0,1995.0,,,,1978.121212121212,0.2857142857142857,1,0.4628099173553719,1910.4208333333333,0,1525.8868552412646,706,46,50,49
msg_1865,node7,node0,224,12240000,12241996.0,1996.0,,,,1978.4848484848485,0.2,1,0.4628099173553719,1910.5088449531738,0,1526.2768079800499,705,45,50,49
msg_1866,node8,node0,224,12240000,12241996.0,1996.0,,,,1978.4848484848485,0.18181818181818182,1,0.4628099173553719,1910.597713097713,0,1526.6669435215947,704,44,50,49
msg_1867,node9,node0,224,12240000,12241996.0,1996.0,,,,1978.7272727272727,0.4,1,0.4628099173553719,1910.6863966770509,0,1527.0564315352697,703,43,50,49
msg_1868,node10,node0,226,12240000,12242000.0,2000.0,,,,1980.7272727272727,1.0,1,0.4628099173553719,1912.1959183673468,0,1533.6039279869067,686,26,50,49
msg_1869,node11,node0,226,12240000,,,,,,,,1,0.4664179104477612,1965.6497277676951,0,1581.2197080291971,761,21,50,49
msg_1870,node12,node0,226,12240000,,,,,,,,1,0.4664179104477612,1965.6497277676951,0,1581.2197080291971,761,21,50,49
msg_1871,node13,node0,226,12240000,12241996.0,1996.0,,,,1979.060606060606,0.25,1,0.4628099173553719,1910.77489626556,0,1527.4452736318408,702,42,50,49
msg_1872,node14,node0,226,12240000,12242000.0,2000.0,,,,1981.4242424242425,1.0,1,0.4628099173553719,1912.2854230377166,0,1533.9852820932133,685,25,50,49
msg_1873,node15,node0,226,12240000,12241996.0,1996.0,,,,1979.1818181818182,0.25,1,0.4628099173553719,1910.8632124352332,0,1527.8334714167356,701,41,50,49
msg_1874,node16,node0,226,12240000,,,,,,,,1,0.4664179104477612,1965.6497277676951,0,1581.2197080291971,761,21,50,49
msg_1875,node17,node0,226,12240000,12241997.0,1997.0,,,,1979.6060606060605,0.0,1,0.4628099173553719,1910.9513457556936,0,1528.2210264900662,700,40,50,49
msg_1876,node18,node0,226,12240000,,,,,,,,1,0.4664179104477612,1965.6497277676951,0,1581.2197080291971,761,21,50,49
msg_1877,node19,node0,226,12240000,,,,,,,,1,0.4664179104477612,1965.6497277676951,0,1581.2197080291971,761,21,50,49
msg_1878,node20,node0,226,12240000,12241997.0,1997.0,,,,1979.909090909091,0.16666666666666666,1,0.4628099173553719,1911.0403309203723,0,1528.6087675765095,699,39,50,49
msg_1879,node21,node0,226,12240000,12242000.0,2000.0,,,,1981.7575757575758,1.1666666666666667,1,0.4628099173553719,1912.3747454175152,0,1534.3660130718954,684,24,50,49
msg_1880,node22,node0,226,12240000,,,,,,,,1,0.4664179104477612,1965.6497277676951,0,1581.2197080291971,761,21,50,49
msg_1881,node23,node0,226,12240000,,,,,,,,1,0.4664179104477612,1965.6497277676951,0,1581.2197080291971,761,21,50,49
msg_1882,node24,node0,226,12240000,12241997.0,1997.0,,,,1980.1515151515152,0.4444444444444444,1,0.4628099173553719,1911.129132231405,0,1528.995867768595,698,38,50,49
msg_1883,node25,node0,226,12240000,12241997.0,1997.0,,,,1980.3333333333333,0.2857142857142857,1,0.4628099173553719,1911.217750257998,0,1529.382328654005,697,37,50,49
msg_1884,node26,node0,226,12240000,,,,,,,,1,0.4664179104477612,1965.6497277676951,0,1581.2197080291971,761,21,50,49
msg_1885,node27,node0,226,12240000,12241998.0,1998.0,,,,1980.6363636363637,0.25,1,0.4628099173553719,1911.3061855670103,0,1529.7681518151815,696,36,50,49
msg_1886,node28,node0,226,12240000,,,,,,,,1,0.4664179104477612,1965.6497277676951,0,1581.2197080291971,761,21,50,49
msg_1887,node29,node0,226,12240000,,,,,,,,1,0.4664179104477612,1965.6497277676951,0,1581.2197080291971,761,21,50,49
msg_1888,node30,node0,226,12240000,,,,,,,,1,0.4664179104477612,1965.6497277676951,0,1581.2197080291971,761,21,50,49
msg_1889,node31,node0,226,12240000,12242000.0,2000.0,,,,1982.5151515151515,1.1428571428571428,1,0.4628099173553719,1912.4638860630723,0,1534.7461224489796,683,23,50,49
msg_1890,node32,node0,226,12240000,12242001.0,2001.0,,,,1983.090909090909,1.0,1,0.4628099173553719,1912.5528455284552,0,1535.1256117455139,682,22,50,49
msg_1891,node33,node0,226,12240000,12241998.0,1998.0,,,,1980.909090909091,0.2,1,0.4628099173553719,1911.3954685890835,0,1530.154163231657,695,35,50,49
msg_1892,node34,node0,226,12240000,,,,,,,,1,0.4664179104477612,1965.6497277676951,0,1581.2197080291971,761,21,50,49
msg_1893,node35,node0,226,12240000,12241998.0,1998.0,,,,1981.030303030303,0.42857142857142855,1,0.4628099173553719,1911.4845679012346,0,1530.5395387149917,694,34,50,49
msg_1894,node36,node0,226,12240000,12241998.0,1998.0,,,,1981.2424242424242,0.5454545454545454,1,0.4628099173553719,1911.573484069887,0,1530.924279835391,693,33,50,49
msg_1895,node37,node0,226,12240000,12241998.0,1998.0,,,,1981.3636363636363,0.5714285714285714,1,0.4628099173553719,1911.6622176591375,0,1531.3083881578948,692,32,50,49
msg_1896,node38,node0,226,12240000,,,,,,,,1,0.4664179104477612,1965.6497277676951,0,1581.2197080291971,761,21,50,49
msg_1897,node39,node0,226,12240000,,,,,,,,1,0.4664179104477612,1965.6497277676951,0,1581.2197080291971,761,21,50,49
msg_1898,node40,node0,226,12240000,12241999.0,1999.0,,,,1981.7272727272727,0.5454545454545454,1,0.4628099173553719,1911.7507692307693,0,1531.6918652423994,691,31,50,49
msg_1899,node41,node0,226,12240000,12241999.0,1999.0,,,,1981.7272727272727,0.3333333333333333,1,0.4628099173553719,1911.8401639344263,0,1532.0755336617406,690,30,50,49
msg_1900,node42,node0,226,12240000,,,,,,,,1,0.4664179104477612,1965.6497277676951,0,1581.2197080291971,761,21,50,49
msg_1901,node43,node0,226,12240000,,,,,,,,1,0.4664179104477612,1965.6497277676951,0,1581.2197080291971,761,21,50,49
msg_1902,node44,node0,226,12240000,12241999.0,1999.0,,,,1981.909090909091,0.125,1,0.4628099173553719,1911.9293756397135,0,1532.4585726004923,689,29,50,49
msg_1903,node45,node0,226,12240000,12241999.0,1999.0,,,,1982.1515151515152,0.45454545454545453,1,0.4628099173553719,1912.0184049079755,0,1532.8409836065573,688,28,50,49
msg_1904,node46,node0,226,12240000,12241999.0,1999.0,,,,1982.1515151515152,0.75,1,0.4628099173553719,1912.1072522982636,0,1533.2227682227683,687,27,50,49
msg_1905,node47,node0,226,12240000,,,,,,,,1,0.4664179104477612,1965.6497277676951,0,1581.2197080291971,761,21,50,49
msg_1906,node48,node0,226,12240000,,,,,,,,1,0.4664179104477612,1965.6497277676951,0,1581.2197080291971,761,21,50,49
msg_1907,node49,node0,226,12240000,12242001.0,2001.0,,,,1983.0,1.0,1,0.4628099173553719,1912.6426395939086,0,1535.5052974735127,681,21,50,49
msg_1908,node0,node8,225,12301996,12301996.0,0.0,,,,0.4628099173553719,1912.7322515212982,1,1979.0,0.18181818181818182,0,1535.884364820847,681,21,50,1
msg_1909,node0,node36,226,12301998,12301998.0,0.0,,,,0.4609053497942387,1912.7322515212982,2,1981.735294117647,0.5454545454545454,0,1534.6346623270952,682,22,50,2
msg_1910,node0,node37,226,12301998,12301999.0,1.0,,,,0.45901639344262296,1912.7322515212982,2,1981.8529411764705,0.5714285714285714,0,1533.3869918699188,684,24,50,2
msg_1911,node0,node40,226,12301999,12301999.0,0.0,,,,0.46122448979591835,1912.7322515212982,3,1982.235294117647,0.5454545454545454,0,1532.1421608448416,683,23,50,3
msg_1912,node0,node41,226,12301999,12302000.0,1.0,,,,0.45934959349593496,1912.7322515212982,3,1982.235294117647,0.3333333333333333,0,1530.8985389610389,682,22,50,3
msg_1913,node0,node44,226,12301999,12302000.0,1.0,,,,0.46153846153846156,1912.7322515212982,3,1982.4117647058824,0.125,0,1529.6577453365774,681,21,50,3
msg_1914,node0,node49,226,12302001,12302002.0,1.0,,,,0.4637096774193548,1912.7322515212982,1,1983.5294117647059,1.0,0,1528.4189627228525,681,21,50,1
msg_1915,node1,node0,224,12600000,12600001.0,1.0,,,,0.14705882352941177,0.0,1,0.46586345381526106,1912.7322515212982,0,1527.182186234818,729,49,50,49
msg_1916,node2,node0,224,12600000,12603045.0,3045.0,,,,1978.1470588235295,0.0,1,0.46586345381526106,1910.7953394123606,0,1525.9474110032363,728,48,50,49
msg_1917,node3,node0,224,12600000,12603045.0,3045.0,,,,1978.264705882353,0.4444444444444444,1,0.46586345381526106,1911.9433198380566,0,1527.1754244139047,727,47,50,49
msg_1918,node4,node0,224,12600000,,,,,,,,1,0.4664179104477612,1965.6497277676951,0,1581.2197080291971,761,21,50,49
msg_1919,node5,node0,224,12600000,,,,,,,,1,0.4664179104477612,1965.6497277676951,0,1581.2197080291971,761,21,50,49
msg_1920,node6,node0,224,12600000,12603046.0,3046.0,,,,1978.6176470588234,0.2857142857142857,1,0.46586345381526106,1913.0889787664307,0,1528.4014539579969,726,46,50,49
msg_1921,node7,node0,224,12600000,12603046.0,3046.0,,,,1979.0,0.2,1,0.46586345381526106,1914.2333333333333,0,1529.6263115415659,725,45,50,49
msg_1922,node8,node0,224,12600000,12603047.0,3047.0,,,,1979.0,0.16666666666666666,1,0.46586345381526106,1915.375378405651,0,1530.8491935483871,724,44,50,49
msg_1923,node9,node0,224,12600000,12603047.0,3047.0,,,,1979.235294117647,0.4,1,0.46586345381526106,1916.516129032258,0,1532.0709105560031,723,43,50,49
msg_1924,node10,node0,226,12600000,12603047.0,3047.0,,,,1981.2941176470588,1.0,1,0.46586345381526106,1918.7907444668008,0,1534.5084473049076,721,41,50,49
msg_1925,node11,node0,226,12600000,,,,,,,,1,0.4664179104477612,1965.6497277676951,0,1581.2197080291971,761,21,50,49
msg_1926,node12,node0,226,12600000,,,,,,,,1,0.4664179104477612,1965.6497277676951,0,1581.2197080291971,761,21,50,49
msg_1927,node13,node0,226,12600000,12603047.0,3047.0,,,,1979.5588235294117,0.25,1,0.46586345381526106,1917.6545820745216,0,1533.290660225443,722,42,50,49
msg_1928,node14,node0,226,12600000,12603048.0,3048.0,,,,1981.9705882352941,1.0,1,0.46586345381526106,1923.3156312625251,0,1539.3624699278269,717,37,50,49
msg_1929,node15,node0,226,12600000,12603048.0,3048.0,,,,1979.6764705882354,0.25,1,0.46586345381526106,1919.9246231155778,0,1535.724276527331,720,40,50,49
msg_1930,node16,node0,226,12600000,,,,,,,,1,0.4664179104477612,1965.6497277676951,0,1581.2197080291971,761,21,50,49
msg_1931,node17,node0,226,12600000,12603048.0,3048.0,,,,1980.1176470588234,0.0,1,0.46586345381526106,1921.0572289156626,0,1536.938955823293,719,39,50,49
msg_1932,node18,node0,226,12600000,,,,,,,,1,0.4664179104477612,1965.6497277676951,0,1581.2197080291971,761,21,50,49
msg_1933,node19,node0,226,12600000,,,,,,,,1,0.4664179104477612,1965.6497277676951,0,1581.2197080291971,761,21,50,49
msg_1934,node20,node0,226,12600000,12603048.0,3048.0,,,,1980.4117647058824,0.16666666666666666,1,0.46586345381526106,1922.1875626880642,0,1538.1516853932585,718,38,50,49
msg_1935,node21,node0,226,12600000,12603049.0,3049.0,,,,1982.2941176470588,1.1666666666666667,1,0.46586345381526106,1925.566,0,1541.7790232185748,715,35,50,49
msg_1936,node22,node0,226,12600000,,,,,,,,1,0.4664179104477612,1965.6497277676951,0,1581.2197080291971,761,21,50,49
msg_1937,node23,node0,226,12600000,,,,,,,,1,0.4664179104477612,1965.6497277676951,0,1581.2197080291971,761,21,50,49
msg_1938,node24,node0,226,12600000,12603049.0,3049.0,,,,1980.6470588235295,0.4444444444444444,1,0.46586345381526106,1924.4414414414414,0,1540.5713141025642,716,36,50,49
msg_1939,node25,node0,226,12600000,12603049.0,3049.0,,,,1980.8235294117646,0.2857142857142857,1,0.46586345381526106,1926.6883116883116,0,1542.9848,714,34,50,49
msg_1940,node26,node0,226,12600000,,,,,,,,1,0.4664179104477612,1965.6497277676951,0,1581.2197080291971,761,21,50,49
msg_1941,node27,node0,226,12600000,12603049.0,3049.0,,,,1981.1470588235295,0.25,1,0.46586345381526106,1927.8083832335328,0,1544.1886490807353,713,33,50,49
msg_1942,node28,node0,226,12600000,,,,,,,,1,0.4664179104477612,1965.6497277676951,0,1581.2197080291971,761,21,50,49
msg_1943,node29,node0,226,12600000,,,,,,,,1,0.4664179104477612,1965.6497277676951,0,1581.2197080291971,761,21,50,49
msg_1944,node30,node0,226,12600000,,,,,,,,1,0.4664179104477612,1965.6497277676951,0,1581.2197080291971,761,21,50,49
msg_1945,node31,node0,226,12600000,12603051.0,3051.0,,,,1983.0294117647059,1.1428571428571428,1,0.46586345381526106,1935.595639246779,0,1552.5691573926867,706,26,50,49
msg_1946,node32,node0,226,12600000,12603051.0,3051.0,,,,1983.6176470588234,1.0,1,0.46586345381526106,1936.7,0,1553.7593328038126,705,25,50,49
msg_1947,node33,node0,226,12600000,12603050.0,3050.0,,,,1981.4117647058824,0.2,1,0.46586345381526106,1928.926221335992,0,1545.3905750798722,712,32,50,49
msg_1948,node34,node0,226,12600000,,,,,,,,1,0.4664179104477612,1965.6497277676951,0,1581.2197080291971,761,21,50,49
msg_1949,node35,node0,226,12600000,12603050.0,3050.0,,,,1981.5294117647059,0.42857142857142855,1,0.46586345381526106,1930.0428286852589,0,1546.5913806863527,711,31,50,49
msg_1950,node36,node0,226,12600000,12603050.0,3050.0,,,,1981.735294117647,0.5,1,0.46586345381526106,1931.1572139303482,0,1547.7902711323763,710,30,50,49
msg_1951,node37,node0,226,12600000,12603051.0,3051.0,,,,1981.8529411764705,0.625,1,0.46586345381526106,1932.269383697813,0,1548.987250996016,709,29,50,49
msg_1952,node38,node0,226,12600000,,,,,,,,1,0.4664179104477612,1965.6497277676951,0,1581.2197080291971,761,21,50,49
msg_1953,node39,node0,226,12600000,,,,,,,,1,0.4664179104477612,1965.6497277676951,0,1581.2197080291971,761,21,50,49
msg_1954,node40,node0,226,12600000,12603051.0,3051.0,,,,1982.235294117647,0.5,1,0.46586345381526106,1933.3803376365443,0,1550.1831210191083,708,28,50,49
msg_1955,node41,node0,226,12600000,12603051.0,3051.0,,,,1982.235294117647,0.38461538461538464,1,0.46586345381526106,1934.4890873015872,0,1551.3770883054892,707,27,50,49
msg_1956,node42,node0,226,12600000,,,,,,,,1,0.4664179104477612,1965.6497277676951,0,1581.2197080291971,761,21,50,49
msg_1957,node43,node0,226,12600000,,,,,,,,1,0.4664179104477612,1965.6497277676951,0,1581.2197080291971,761,21,50,49
msg_1958,node44,node0,226,12600000,12603052.0,3052.0,,,,1982.4117647058824,0.2222222222222222,1,0.46586345381526106,1937.8021760633037,0,1554.9476190476191,704,24,50,49
msg_1959,node45,node0,226,12600000,12603052.0,3052.0,,,,1982.6470588235295,0.45454545454545453,1,0.46586345381526106,1938.903162055336,0,1556.1348136399683,703,23,50,49
msg_1960,node46,node0,226,12600000,12603053.0,3053.0,,,,1982.6470588235295,0.75,1,0.46586345381526106,1940.0019743336625,0,1557.3201267828842,702,22,50,49
msg_1961,node47,node0,226,12600000,,,,,,,,1,0.4664179104477612,1965.6497277676951,0,1581.2197080291971,761,21,50,49
msg_1962,node48,node0,226,12600000,,,,,,,,1,0.4664179104477612,1965.6497277676951,0,1581.2197080291971,761,21,50,49
msg_1963,node49,node0,226,12600000,12603053.0,3053.0,,,,1983.5294117647059,1.0,1,0.46586345381526106,1941.0996055226824,0,1558.5043547110056,701,21,50,49
msg_1964,node0,node3,225,12663045,12663046.0,1.0,,,,0.46586345381526106,1942.1950738916257,1,2008.7428571428572,0.4444444444444444,0,1559.6867088607594,701,21,50,1
msg_1965,node0,node10,226,12663047,12663048.0,1.0,,,,0.468,1942.1950738916257,1,2011.7428571428572,1.0,0,1558.4545454545455,702,22,50,1
msg_1966,node0,node20,226,12663048,12663048.0,0.0,,,,0.4701195219123506,1942.1950738916257,1,2010.9142857142858,0.16666666666666666,0,1557.224328593997,701,21,50,1
msg_1967,node0,node24,226,12663049,12663049.0,0.0,,,,0.46825396825396826,1942.1950738916257,1,2011.1714285714286,0.4444444444444444,0,1555.995264404104,701,21,50,1
msg_1968,node0,node41,226,12663051,12663051.0,0.0,,,,0.466403162055336,1942.1950738916257,1,2012.7714285714285,0.38461538461538464,0,1554.7681388012618,701,21,50,1
msg_1969,node0,node44,226,12663052,12663052.0,0.0,,,,0.4645669291338583,1942.1950738916257,1,2012.9714285714285,0.2222222222222222,0,1553.5429472025216,701,21,50,1
msg_1970,node0,node49,226,12663053,12663054.0,1.0,,,,0.4627450980392157,1942.1950738916257,1,2014.0857142857142,1.0,0,1552.3196850393701,701,21,50,1
msg_1971,node1,node0,224,12960000,12960000.0,0.0,,,,0.17142857142857143,0.0,1,0.46484375,1942.1950738916257,0,1551.0991345397324,749,49,50,49
msg_1972,node2,node0,224,12960000,12962418.0,2418.0,,,,2008.6285714285714,0.0,1,0.46484375,1940.283464566929,0,1549.879716981132,748,48,50,49
msg_1973,node3,node0,224,12960000,12962418.0,2418.0,,,,2008.7428571428572,0.5,1,0.46484375,1940.7531956735497,0,1550.5616653574234,747,47,50,49
msg_1974,node4,node0,224,12960000,,,,,,,,1,0.4664179104477612,1965.6497277676951,0,1581.2197080291971,761,21,50,49
msg_1975,node5,node0,224,12960000,,,,,,,,1,0.4664179104477612,1965.6497277676951,0,1581.2197080291971,761,21,50,49
msg_1976,node6,node0,224,12960000,12962418.0,2418.0,,,,2009.1142857142856,0.2857142857142857,1,0.46484375,1941.2220039292731,0,1551.2425431711147,746,46,50,49
msg_1977,node7,node0,224,12960000,12962419.0,2419.0,,,,2009.4857142857143,0.2,1,0.46484375,1941.6898920510305,0,1551.9223529411765,745,45,50,49
msg_1978,node8,node0,224,12960000,12962419.0,2419.0,,,,2009.5142857142857,0.16666666666666666,1,0.46484375,1942.157843137255,0,1552.601880877743,744,44,50,49
msg_1979,node9,node0,224,12960000,12962419.0,2419.0,,,,2009.7428571428572,0.4,1,0.46484375,1942.6248775710087,0,1553.2803445575569,743,43,50,49
msg_1980,node10,node0,226,12960000,12962423.0,2423.0,,,,2011.7428571428572,1.0,1,0.46484375,1950.4547206165703,0,1564.676197836167,726,26,50,49
msg_1981,node11,node0,226,12960000,,,,,,,,1,0.4664179104477612,1965.6497277676951,0,1581.2197080291971,761,21,50,49
msg_1982,node12,node0,226,12960000,,,,,,,,1,0.4664179104477612,1965.6497277676951,0,1581.2197080291971,761,21,50,49
msg_1983,node13,node0,226,12960000,12962419.0,2419.0,,,,2010.057142857143,0.25,1,0.46484375,1943.0909980430529,0,1553.9577464788733,742,42,50,49
msg_1984,node14,node0,226,12960000,12962423.0,2423.0,,,,2012.4285714285713,1.0,1,0.46484375,1950.9095283926852,0,1565.3389961389962,725,25,50,49
msg_1985,node15,node0,226,12960000,12962419.0,2419.0,,,,2010.2,0.25,1,0.46484375,1943.5562072336265,0,1554.6340891321345,741,41,50,49
msg_1986,node16,node0,226,12960000,,,,,,,,1,0.4664179104477612,1965.6497277676951,0,1581.2197080291971,761,21,50,49
msg_1987,node17,node0,226,12960000,12962420.0,2420.0,,,,2010.6285714285714,0.0,1,0.46484375,1944.0205078125,0,1555.309375,740,40,50,49
msg_1988,node18,node0,226,12960000,,,,,,,,1,0.4664179104477612,1965.6497277676951,0,1581.2197080291971,761,21,50,49
msg_1989,node19,node0,226,12960000,,,,,,,,1,0.4664179104477612,1965.6497277676951,0,1581.2197080291971,761,21,50,49
msg_1990,node20,node0,226,12960000,12962420.0,2420.0,,,,2010.9142857142858,0.14285714285714285,1,0.46484375,1944.4848780487805,0,1555.984387197502,739,39,50,49
msg_1991,node21,node0,226,12960000,12962423.0,2423.0,,,,2012.7714285714285,1.1666666666666667,1,0.46484375,1951.3634615384615,0,1566.0007716049383,724,24,50,49
msg_1992,node22,node0,226,12960000,,,,,,,,1,0.4664179104477612,1965.6497277676951,0,1581.2197080291971,761,21,50,49
msg_1993,node23,node0,226,12960000,,,,,,,,1,0.4664179104477612,1965.6497277676951,0,1581.2197080291971,761,21,50,49
msg_1994,node24,node0,226,12960000,12962420.0,2420.0,,,,2011.1714285714286,0.4,1,0.46484375,1944.948343079922,0,1556.6583463338534,738,38,50,49
msg_1995,node25,node0,226,12960000,12962420.0,2420.0,,,,2011.3428571428572,0.2857142857142857,1,0.46484375,1945.410905550146,0,1557.3312548713952,737,37,50,49
msg_1996,node26,node0,226,12960000,,,,,,,,1,0.4664179104477612,1965.6497277676951,0,1581.2197080291971,761,21,50,49
msg_1997,node27,node0,226,12960000,12962421.0,2421.0,,,,2011.6571428571428,0.25,1,0.46484375,1945.8725680933853,0,1558.0031152647975,736,36,50,49
msg_1998,node28,node0,226,12960000,,,,,,,,1,0.4664179104477612,1965.6497277676951,0,1581.2197080291971,761,21,50,49
msg_1999,node29,node0,226,12960000,,,,,,,,1,0.4664179104477612,1965.6497277676951,0,1581.2197080291971,761,21,50,49
msg_2000,node30,node0,226,12960000,,,,,,,,1,0.4664179104477612,1965.6497277676951,0,1581.2197080291971,761,21,50,49
msg_2001,node31,node0,226,12960000,12962423.0,2423.0,,,,2013.5428571428572,1.1428571428571428,1,0.46484375,1951.8165225744476,0,1566.6615265998457,723,23,50,49
msg_2002,node32,node0,226,12960000,12962424.0,2424.0,,,,2014.1142857142856,1.0,1,0.46484375,1952.2687140115163,0,1567.3212634822805,722,22,50,49
msg_2003,node33,node0,226,12960000,12962421.0,2421.0,,,,2011.942857142857,0.2,1,0.46484375,1946.3343051506317,0,1558.6747081712062,735,35,50,49
msg_2004,node34,node0,226,12960000,,,,,,,,1,0.4664179104477612,1965.6497277676951,0,1581.2197080291971,761,21,50,49
msg_2005,node35,node0,226,12960000,12962421.0,2421.0,,,,2012.057142857143,0.42857142857142855,1,0.46484375,1946.795145631068,0,1559.3452566096423,734,34,50,49
msg_2006,node36,node0,226,12960000,12962421.0,2421.0,,,,2012.2571428571428,0.5,1,0.46484375,1947.25509214355,0,1560.014763014763,733,33,50,49
msg_2007,node37,node0,226,12960000,12962421.0,2421.0,,,,2012.4,0.625,1,0.46484375,1947.7141472868218,0,1560.6832298136646,732,32,50,49
msg_2008,node38,node0,226,12960000,,,,,,,,1,0.4664179104477612,1965.6497277676951,0,1581.2197080291971,761,21,50,49
msg_2009,node39,node0,226,12960000,,,,,,,,1,0.4664179104477612,1965.6497277676951,0,1581.2197080291971,761,21,50,49
msg_2010,node40,node0,226,12960000,12962422.0,2422.0,,,,2012.7714285714285,0.5,1,0.46484375,1948.1723136495643,0,1561.3506594259115,731,31,50,49
msg_2011,node41,node0,226,12960000,12962422.0,2422.0,,,,2012.7714285714285,0.35714285714285715,1,0.46484375,1948.6305609284332,0,1562.0178294573643,730,30,50,49
msg_2012,node42,node0,226,12960000,,,,,,,,1,0.4664179104477612,1965.6497277676951,0,1581.2197080291971,761,21,50,49
msg_2013,node43,node0,226,12960000,,,,,,,,1,0.4664179104477612,1965.6497277676951,0,1581.2197080291971,761,21,50,49
msg_2014,node44,node0,226,12960000,12962422.0,2422.0,,,,2012.9714285714285,0.2,1,0.46484375,1949.087922705314,0,1562.6839659178931,729,29,50,49
msg_2015,node45,node0,226,12960000,12962422.0,2422.0,,,,2013.2,0.45454545454545453,1,0.46484375,1949.5444015444016,0,1563.3490712074304,728,28,50,49
msg_2016,node46,node0,226,12960000,12962422.0,2422.0,,,,2013.2285714285715,0.75,1,0.46484375,1950.0,0,1564.013147718484,727,27,50,49
msg_2017,node47,node0,226,12960000,,,,,,,,1,0.4664179104477612,1965.6497277676951,0,1581.2197080291971,761,21,50,49
msg_2018,node48,node0,226,12960000,,,,,,,,1,0.4664179104477612,1965.6497277676951,0,1581.2197080291971,761,21,50,49
msg_2019,node49,node0,226,12960000,12962424.0,2424.0,,,,2014.0857142857142,1.0,1,0.46484375,1952.7209971236816,0,1567.980754426482,721,21,50,49
msg_2020,node0,node2,225,13022418,13022418.0,0.0,,,,0.46484375,1953.1724137931035,1,2020.0,0.0,0,1568.6392307692308,721,21,50,1
msg_2021,node0,node9,225,13022419,13022419.0,0.0,,,,0.46303501945525294,1953.1724137931035,1,2021.111111111111,0.4,0,1567.433512682552,721,21,50,1
msg_2022,node0,node17,226,13022420,13022420.0,0.0,,,,0.46124031007751937,1953.1724137931035,2,2022.0,0.0,0,1566.2296466973887,722,22,50,2
msg_2023,node0,node20,226,13022420,13022421.0,1.0,,,,0.4594594594594595,1953.1724137931035,2,2022.2777777777778,0.14285714285714285,0,1565.027628549501,723,23,50,2
msg_2024,node0,node27,226,13022421,13022421.0,0.0,,,,0.46153846153846156,1953.1724137931035,2,2023.0277777777778,0.25,0,1563.8282208588957,722,22,50,2
msg_2025,node0,node36,226,13022421,13022422.0,1.0,,,,0.45977011494252873,1953.1724137931035,2,2023.611111111111,0.5,0,1562.6298850574713,723,23,50,2
msg_2026,node0,node40,226,13022422,13022422.0,0.0,,,,0.4618320610687023,1953.1724137931035,2,2024.138888888889,0.5,0,1561.4341500765697,722,22,50,2
msg_2027,node0,node46,226,13022422,13022422.0,0.0,,,,0.4600760456273764,1953.1724137931035,2,2024.5833333333333,0.75,0,1560.2394797245602,721,21,50,2
msg_2028,node0,node31,226,13022423,13022424.0,1.0,,,,0.4583333333333333,1953.1724137931035,1,2024.9166666666667,1.1428571428571428,0,1559.046636085627,721,21,50,1
msg_2029,node1,node0,224,13320000,13320000.0,0.0,,,,0.16666666666666666,0.0,1,0.46037735849056605,1953.1724137931035,0,1557.8563789152024,769,49,50,49
msg_2030,node2,node0,224,13320000,13322263.0,2263.0,,,,2020.0,0.0,1,0.46037735849056605,1951.3033492822967,0,1556.667175572519,768,48,50,49
msg_2031,node3,node0,224,13320000,13322263.0,2263.0,,,,2020.111111111111,0.5,1,0.46037735849056605,1951.6013384321225,0,1557.2059496567506,767,47,50,49
msg_2032,node4,node0,224,13320000,,,,,,,,1,0.4664179104477612,1965.6497277676951,0,1581.2197080291971,761,21,50,49
msg_2033,node5,node0,224,13320000,,,,,,,,1,0.4664179104477612,1965.6497277676951,0,1581.2197080291971,761,21,50,49
msg_2034,node6,node0,224,13320000,13322264.0,2264.0,,,,2020.4722222222222,0.2857142857142857,1,0.46037735849056605,1951.8987583572111,0,1557.7439024390244,766,46,50,49
msg_2035,node7,node0,224,13320000,13322264.0,2264.0,,,,2020.861111111111,0.2,1,0.46037735849056605,1952.1965648854962,0,1558.2817974105103,765,45,50,49
msg_2036,node8,node0,224,13320000,13322265.0,2265.0,,,,2020.888888888889,0.16666666666666666,1,0.46037735849056605,1952.4938036224976,0,1558.8188736681886,764,44,50,49
msg_2037,node9,node0,224,13320000,13322265.0,2265.0,,,,2021.111111111111,0.36363636363636365,1,0.46037735849056605,1952.7914285714285,0,1559.3558935361216,763,43,50,49
msg_2038,node10,node0,226,13320000,13322265.0,2265.0,,,,2023.1666666666667,1.0,1,0.46037735849056605,1953.0884871550904,0,1559.8920972644378,762,42,50,49
msg_2039,node11,node0,226,13320000,,,,,,,,1,0.4664179104477612,1965.6497277676951,0,1581.2197080291971,761,21,50,49
msg_2040,node12,node0,226,13320000,,,,,,,,1,0.4664179104477612,1965.6497277676951,0,1581.2197080291971,761,21,50,49
msg_2041,node13,node0,226,13320000,13322265.0,2265.0,,,,2021.4166666666667,0.25,1,0.46037735849056605,1953.384980988593,0,1560.4274867122247,761,41,50,49
msg_2042,node14,node0,226,13320000,13322266.0,2266.0,,,,2023.8333333333333,1.0,1,0.46037735849056605,1954.5681818181818,0,1562.563209689629,757,37,50,49
msg_2043,node15,node0,226,13320000,13322266.0,2266.0,,,,2021.5555555555557,0.25,1,0.46037735849056605,1953.6809116809118,0,1560.9620637329288,760,40,50,49
msg_2044,node16,node0,226,13320000,,,,,,,,1,0.4664179104477612,1965.6497277676951,0,1581.2197080291971,761,21,50,49
msg_2045,node17,node0,226,13320000,13322266.0,2266.0,,,,2022.0,0.0,1,0.46037735849056605,1953.977229601518,0,1561.4965883244884,759,39,50,49
msg_2046,node18,node0,226,13320000,,,,,,,,1,0.4664179104477612,1965.6497277676951,0,1581.2197080291971,761,21,50,49
msg_2047,node19,node0,226,13320000,,,,,,,,1,0.4664179104477612,1965.6497277676951,0,1581.2197080291971,761,21,50,49
msg_2048,node20,node0,226,13320000,13322266.0,2266.0,,,,2022.2777777777778,0.25,1,0.46037735849056605,1954.2729857819904,0,1562.030303030303,758,38,50,49
msg_2049,node21,node0,226,13320000,13322267.0,2267.0,,,,2024.1666666666667,1.1666666666666667,1,0.46037735849056605,1954.8628192999054,0,1563.0953101361574,756,36,50,49
msg_2050,node22,node0,226,13320000,,,,,,,,1,0.4664179104477612,1965.6497277676951,0,1581.2197080291971,761,21,50,49
msg_2051,node23,node0,226,13320000,,,,,,,,1,0.4664179104477612,1965.6497277676951,0,1581.2197080291971,761,21,50,49
msg_2052,node24,node0,226,13320000,13322267.0,2267.0,,,,2022.5277777777778,0.4,1,0.46037735849056605,1955.1578449905483,0,1563.6273620559334,755,35,50,49
msg_2053,node25,node0,226,13320000,13322267.0,2267.0,,,,2022.6944444444443,0.2857142857142857,1,0.46037735849056605,1955.452313503305,0,1564.1586102719034,754,34,50,49
msg_2054,node26,node0,226,13320000,,,,,,,,1,0.4664179104477612,1965.6497277676951,0,1581.2197080291971,761,21,50,49
msg_2055,node27,node0,226,13320000,13322268.0,2268.0,,,,2023.0277777777778,0.2222222222222222,1,0.46037735849056605,1955.7462264150943,0,1564.6890566037737,753,33,50,49
msg_2056,node28,node0,226,13320000,,,,,,,,1,0.4664179104477612,1965.6497277676951,0,1581.2197080291971,761,21,50,49
msg_2057,node29,node0,226,13320000,,,,,,,,1,0.4664179104477612,1965.6497277676951,0,1581.2197080291971,761,21,50,49
msg_2058,node30,node0,226,13320000,,,,,,,,1,0.4664179104477612,1965.6497277676951,0,1581.2197080291971,761,21,50,49
msg_2059,node31,node0,226,13320000,13322269.0,2269.0,,,,2024.9166666666667,1.125,1,0.46037735849056605,1956.334274952919,0,1565.7490580256217,751,31,50,49
msg_2060,node32,node0,226,13320000,13322269.0,2269.0,,,,2025.5,1.0,1,0.46037735849056605,1956.6284101599247,0,1566.2786144578313,750,30,50,49
msg_2061,node33,node0,226,13320000,13322268.0,2268.0,,,,2023.3055555555557,0.2,1,0.46037735849056605,1956.0405278039586,0,1565.2194570135746,752,32,50,49
msg_2062,node34,node0,226,13320000,,,,,,,,1,0.4664179104477612,1965.6497277676951,0,1581.2197080291971,761,21,50,49
msg_2063,node35,node0,226,13320000,13322269.0,2269.0,,,,2023.4166666666667,0.42857142857142855,1,0.46037735849056605,1956.921992481203,0,1566.8073739653876,749,29,50,49
msg_2064,node36,node0,226,13320000,13322270.0,2270.0,,,,2023.611111111111,0.5384615384615384,1,0.46037735849056605,1957.2150234741785,0,1567.3353383458646,748,28,50,49
msg_2065,node37,node0,226,13320000,13322270.0,2270.0,,,,2023.75,0.625,1,0.46037735849056605,1957.5084427767354,0,1567.863260706236,747,27,50,49
msg_2066,node38,node0,226,13320000,,,,,,,,1,0.4664179104477612,1965.6497277676951,0,1581.2197080291971,761,21,50,49
msg_2067,node39,node0,226,13320000,,,,,,,,1,0.4664179104477612,1965.6497277676951,0,1581.2197080291971,761,21,50,49
msg_2068,node40,node0,226,13320000,13322270.0,2270.0,,,,2024.138888888889,0.46153846153846156,1,0.46037735849056605,1957.8013120899718,0,1568.3903903903904,746,26,50,49
msg_2069,node41,node0,226,13320000,13322270.0,2270.0,,,,2024.138888888889,0.35714285714285715,1,0.46037735849056605,1958.0936329588014,0,1568.9167291822955,745,25,50,49
msg_2070,node42,node0,226,13320000,,,,,,,,1,0.4664179104477612,1965.6497277676951,0,1581.2197080291971,761,21,50,49
msg_2071,node43,node0,226,13320000,,,,,,,,1,0.4664179104477612,1965.6497277676951,0,1581.2197080291971,761,21,50,49
msg_2072,node44,node0,226,13320000,13322271.0,2271.0,,,,2024.3333333333333,0.2,1,0.46037735849056605,1958.3854069223573,0,1569.4422788605698,744,24,50,49
msg_2073,node45,node0,226,13320000,13322271.0,2271.0,,,,2024.5555555555557,0.45454545454545453,1,0.46037735849056605,1958.677570093458,0,1569.9677902621722,743,23,50,49
msg_2074,node46,node0,226,13320000,13322271.0,2271.0,,,,2024.5833333333333,0.6666666666666666,1,0.46037735849056605,1958.96918767507,0,1570.4925149700598,742,22,50,49
msg_2075,node47,node0,226,13320000,,,,,,,,1,0.4664179104477612,1965.6497277676951,0,1581.2197080291971,761,21,50,49
msg_2076,node48,node0,226,13320000,,,,,,,,1,0.4664179104477612,1965.6497277676951,0,1581.2197080291971,761,21,50,49
msg_2077,node49,node0,226,13320000,13322271.0,2271.0,,,,2025.4722222222222,1.0,1,0.46037735849056605,1959.26026119403,0,1571.016454749439,741,21,50,49
msg_2078,node0,node17,226,13382266,13382266.0,0.0,,,,0.46037735849056605,1959.5507921714818,1,2028.5945945945946,0.0,0,1571.5396113602392,741,21,50,1
msg_2079,node0,node31,226,13382269,13382270.0,1.0,,,,0.45864661654135336,1959.5507921714818,2,2031.5135135135135,1.125,0,1570.3659447348768,742,22,50,2
msg_2080,node0,node32,226,13382269,13382271.0,2.0,,,,0.4606741573033708,1959.5507921714818,2,2032.081081081081,1.0,0,1569.194776119403,741,21,50,2
msg_2081,node1,node0,224,13680000,13680000.0,0.0,,,,0.16216216216216217,0.0,1,0.4664179104477612,1959.5507921714818,0,1568.0260999254288,789,49,50,49
msg_2082,node2,node0,224,13680000,13682270.0,2270.0,,,,2026.5675675675675,0.0,1,0.4664179104477612,1961.432382704692,0,1573.5808118081181,775,35,50,49
msg_2083,node3,node0,224,13680000,13682266.0,2266.0,,,,2026.6756756756756,0.5,1,0.4664179104477612,1957.7262569832403,0,1566.8576751117735,788,48,50,49
msg_2084,node4,node0,224,13680000,,,,,,,,1,0.4664179104477612,1965.6497277676951,0,1581.2197080291971,761,21,50,49
msg_2085,node5,node0,224,13680000,,,,,,,,1,0.4664179104477612,1965.6497277676951,0,1581.2197080291971,761,21,50,49
msg_2086,node6,node0,224,13680000,13682267.0,2267.0,,,,2027.054054054054,0.2857142857142857,1,0.4664179104477612,1958.013023255814,0,1567.3782576321669,787,47,50,49
msg_2087,node7,node0,224,13680000,13682267.0,2267.0,,,,2027.4324324324325,0.2,1,0.4664179104477612,1958.3001858736059,0,1567.8988095238096,786,46,50,49
msg_2088,node8,node0,224,13680000,13682267.0,2267.0,,,,2027.4864864864865,0.16666666666666666,1,0.4664179104477612,1958.5868152274838,0,1568.4185873605948,785,45,50,49
msg_2089,node9,node0,224,13680000,13682267.0,2267.0,,,,2027.7027027027027,0.36363636363636365,1,0.4664179104477612,1958.8729128014843,0,1568.9375928677564,784,44,50,49
msg_2090,node10,node0,226,13680000,13682269.0,2269.0,,,,2029.7027027027027,1.0,1,0.4664179104477612,1960.8654377880184,0,1572.5528455284552,777,37,50,49
msg_2091,node11,node0,226,13680000,,,,,,,,1,0.4664179104477612,1965.6497277676951,0,1581.2197080291971,761,21,50,49
msg_2092,node12,node0,226,13680000,,,,,,,,1,0.4664179104477612,1965.6497277676951,0,1581.2197080291971,761,21,50,49
msg_2093,node13,node0,226,13680000,13682267.0,2267.0,,,,2028.0,0.25,1,0.4664179104477612,1959.1584800741427,0,1569.4558277654046,783,43,50,49
msg_2094,node14,node0,226,13680000,13682269.0,2269.0,,,,2030.3783783783783,1.0,1,0.4664179104477612,1961.1491712707182,0,1573.0672082717872,776,36,50,49
msg_2095,node15,node0,226,13680000,13682270.0,2270.0,,,,2028.162162162162,0.25,1,0.4664179104477612,1961.7159926470588,0,1574.094395280236,774,34,50,49
msg_2096,node16,node0,226,13680000,,,,,,,,1,0.4664179104477612,1965.6497277676951,0,1581.2197080291971,761,21,50,49
msg_2097,node17,node0,226,13680000,13682270.0,2270.0,,,,2028.5945945945946,0.0,1,0.4664179104477612,1961.9990817263545,0,1574.6072218128224,773,33,50,49
msg_2098,node18,node0,226,13680000,,,,,,,,1,0.4664179104477612,1965.6497277676951,0,1581.2197080291971,761,21,50,49
msg_2099,node19,node0,226,13680000,,,,,,,,1,0.4664179104477612,1965.6497277676951,0,1581.2197080291971,761,21,50,49
msg_2100,node20,node0,226,13680000,13682270.0,2270.0,,,,2028.8648648648648,0.25,1,0.4664179104477612,1962.2816513761468,0,1575.119293078056,772,32,50,49
msg_2101,node21,node0,226,13680000,13682272.0,2272.0,,,,2030.7297297297298,1.1666666666666667,1,0.4664179104477612,1964.5318761384335,0,1579.1954612005857,764,24,50,49
msg_2102,node22,node0,226,13680000,,,,,,,,1,0.4664179104477612,1965.6497277676951,0,1581.2197080291971,761,21,50,49
msg_2103,node23,node0,226,13680000,,,,,,,,1,0.4664179104477612,1965.6497277676951,0,1581.2197080291971,761,21,50,49
msg_2104,node24,node0,226,13680000,13682271.0,2271.0,,,,2029.1351351351352,0.4,1,0.4664179104477612,1962.5637030247478,0,1575.6306107431935,771,31,50,49
msg_2105,node25,node0,226,13680000,13682271.0,2271.0,,,,2029.2972972972973,0.2857142857142857,1,0.4664179104477612,1962.8461538461538,0,1576.1419117647058,770,30,50,49
msg_2106,node26,node0,226,13680000,,,,,,,,1,0.4664179104477612,1965.6497277676951,0,1581.2197080291971,761,21,50,49
msg_2107,node27,node0,226,13680000,13682271.0,2271.0,,,,2029.6486486486488,0.2222222222222222,1,0.4664179104477612,1963.128087831656,0,1576.6524614254224,769,29,50,49
msg_2108,node28,node0,226,13680000,,,,,,,,1,0.4664179104477612,1965.6497277676951,0,1581.2197080291971,761,21,50,49
msg_2109,node29,node0,226,13680000,,,,,,,,1,0.4664179104477612,1965.6497277676951,0,1581.2197080291971,761,21,50,49
msg_2110,node30,node0,226,13680000,,,,,,,,1,0.4664179104477612,1965.6497277676951,0,1581.2197080291971,761,21,50,49
msg_2111,node31,node0,226,13680000,13682272.0,2272.0,,,,2031.5135135135135,1.1111111111111112,1,0.4664179104477612,1964.8116469517743,0,1579.7022677395757,763,23,50,49
msg_2112,node32,node0,226,13680000,13682273.0,2273.0,,,,2032.081081081081,1.0833333333333333,1,0.4664179104477612,1965.090909090909,0,1580.2083333333333,762,22,50,49
msg_2113,node33,node0,226,13680000,13682268.0,2268.0,,,,2029.918918918919,0.2,1,0.4664179104477612,1959.4435185185184,0,1569.973293768546,782,42,50,49
msg_2114,node34,node0,226,13680000,,,,,,,,1,0.4664179104477612,1965.6497277676951,0,1581.2197080291971,761,21,50,49
msg_2115,node35,node0,226,13680000,13682268.0,2268.0,,,,2030.054054054054,0.42857142857142855,1,0.4664179104477612,1959.7289546716004,0,1570.4907338769458,781,41,50,49
msg_2116,node36,node0,226,13680000,13682268.0,2268.0,,,,2030.2702702702702,0.5384615384615384,1,0.4664179104477612,1960.0138632162661,0,1571.0074074074073,780,40,50,49
msg_2117,node37,node0,226,13680000,13682268.0,2268.0,,,,2030.4054054054054,0.625,1,0.4664179104477612,1960.298245614035,0,1571.5233160621763,779,39,50,49
msg_2118,node38,node0,226,13680000,,,,,,,,1,0.4664179104477612,1965.6497277676951,0,1581.2197080291971,761,21,50,49
msg_2119,node39,node0,226,13680000,,,,,,,,1,0.4664179104477612,1965.6497277676951,0,1581.2197080291971,761,21,50,49
msg_2120,node40,node0,226,13680000,13682268.0,2268.0,,,,2030.7837837837837,0.46153846153846156,1,0.4664179104477612,1960.5821033210332,0,1572.0384615384614,778,38,50,49
msg_2121,node41,node0,226,13680000,13682271.0,2271.0,,,,2030.7837837837837,0.35714285714285715,1,0.4664179104477612,1963.4095063985376,0,1577.1622613803231,768,28,50,49
msg_2122,node42,node0,226,13680000,,,,,,,,1,0.4664179104477612,1965.6497277676951,0,1581.2197080291971,761,21,50,49
msg_2123,node43,node0,226,13680000,,,,,,,,1,0.4664179104477612,1965.6497277676951,0,1581.2197080291971,761,21,50,49
msg_2124,node44,node0,226,13680000,13682271.0,2271.0,,,,2031.0,0.2,1,0.4664179104477612,1963.690410958904,0,1577.6713132795305,767,27,50,49
msg_2125,node45,node0,226,13680000,13682272.0,2272.0,,,,2031.2162162162163,0.45454545454545453,1,0.4664179104477612,1963.970802919708,0,1578.1796187683285,766,26,50,49
msg_2126,node46,node0,226,13680000,13682272.0,2272.0,,,,2031.2432432432433,0.6666666666666666,1,0.4664179104477612,1964.2515952597994,0,1578.687912087912,765,25,50,49
msg_2127,node47,node0,226,13680000,,,,,,,,1,0.4664179104477612,1965.6497277676951,0,1581.2197080291971,761,21,50,49
msg_2128,node48,node0,226,13680000,,,,,,,,1,0.4664179104477612,1965.6497277676951,0,1581.2197080291971,761,21,50,49
msg_2129,node49,node0,226,13680000,13682273.0,2273.0,,,,2032.1081081081081,1.0,1,0.4664179104477612,1965.3705722070845,0,1580.7143900657413,761,21,50,49
msg_2130,node0,node3,225,13742266,,,,,,0.4664179104477612,1965.6497277676951,1,2032.9736842105262,0.5,0,1581.2197080291971,761,21,50,1
