msg_id,sender,receiver,payload_size_B,time_send_ms,time_receive_ms,actual_delay_ms,online_predicted_delay_ms,cluster_predicted_delay_ms,weighted_predicted_delay_ms,sender_average_outgoing_delay_ms,sender_average_incoming_delay_ms,sender_num_messages_sent_simultaneously,receiver_average_outgoing_delay_ms,receiver_average_incoming_delay_ms,receiver_num_messages_sent_simultaneously,network_average_delay_ms,network_num_messages_in_transit,network_num_busy_links,network_num_network_nodes,network_num_messages_sent_simultaneously
msg_0,node1,node0,415,360000,360000.0,0.0,,,,,,1,,,0,,4,4,5,4
msg_1,node2,node0,415,360000,360001.0,1.0,,,,,,1,,0.0,0,0.0,3,3,5,4
msg_2,node3,node0,415,360000,360002.0,2.0,,,,,,1,,0.0,0,0.0,3,3,5,4
msg_3,node4,node0,415,360000,360002.0,2.0,,,,,,1,,1.0,0,1.0,1,1,5,4
msg_4,node0,node4,415,420002,720001.0,299999.0,,,,,1.25,1,2.0,,0,1.25,5,5,5,1
msg_5,node1,node0,415,720000,720000.0,0.0,,,,0.0,,1,,1.25,0,1.25,5,5,5,4
msg_6,node2,node0,415,720000,720095.0,95.0,,,,1.0,,1,299999.0,1.0,0,50000.666666666664,3,3,5,4
msg_7,node3,node0,415,720000,720096.0,96.0,,,,2.0,,1,299999.0,16.666666666666668,0,42871.28571428572,2,2,5,4
msg_8,node4,node0,415,720000,720096.0,96.0,,,,2.0,299999.0,1,299999.0,16.666666666666668,0,42871.28571428572,2,2,5,4
msg_9,node0,node1,415,780000,1080000.0,300000.0,,,,149999.5,36.5,1,0.0,,0,30029.1,5,5,5,1
msg_10,node0,node2,415,780095,780095.0,0.0,,,,299999.0,36.5,1,48.0,,0,33365.666666666664,2,2,5,1
msg_11,node1,node0,415,1080000,1080001.0,1.0,,,,0.0,,1,149999.5,36.5,0,30029.1,5,5,5,4
msg_12,node2,node0,415,1080000,1080065.0,65.0,,,,48.0,0.0,1,199999.66666666666,32.55555555555556,0,50024.333333333336,3,3,5,4
msg_13,node3,node0,415,1080000,1080066.0,66.0,,,,49.0,,1,199999.66666666666,35.8,0,46181.307692307695,2,2,5,4
msg_14,node4,node0,415,1080000,1080066.0,66.0,,,,49.0,299999.0,1,199999.66666666666,35.8,0,46181.307692307695,2,2,5,4
msg_15,node0,node4,415,1140066,1440001.0,299935.0,,,,199999.66666666666,40.833333333333336,1,54.666666666666664,299999.0,0,40032.6,5,5,5,1
msg_16,node1,node0,415,1440000,1440001.0,1.0,,,,0.3333333333333333,300000.0,1,199999.66666666666,40.833333333333336,0,40032.6,5,5,5,4
msg_17,node2,node0,415,1440000,1440105.0,105.0,,,,53.666666666666664,0.0,1,224983.5,37.76923076923077,0,52966.17647058824,3,3,5,4
msg_18,node3,node0,415,1440000,1440106.0,106.0,,,,54.666666666666664,,1,224983.5,42.57142857142857,0,50029.444444444445,2,2,5,4
msg_19,node4,node0,415,1440000,1440107.0,107.0,,,,54.666666666666664,299967.0,1,224983.5,42.57142857142857,0,50029.444444444445,2,2,5,4
msg_20,node0,node3,415,1500106,1800000.0,299894.0,,,,224983.5,50.5625,1,67.5,,0,45037.15,5,5,5,1
msg_21,node1,node0,415,1800000,1800001.0,1.0,,,,0.5,300000.0,1,239965.6,50.5625,0,57173.19047619047,4,4,5,4
msg_22,node2,node0,415,1800000,1800084.0,84.0,,,,66.5,0.0,1,239965.6,50.5625,0,57173.19047619047,4,4,5,4
msg_23,node3,node0,415,1800000,1800085.0,85.0,,,,67.5,299894.0,1,239965.6,49.666666666666664,0,52205.30434782609,2,2,5,4
msg_24,node4,node0,415,1800000,1800086.0,86.0,,,,67.75,299967.0,1,239965.6,51.526315789473685,0,50033.625,1,1,5,4
msg_25,node0,node3,415,1860085,1860085.0,0.0,,,,239965.6,53.25,1,71.0,299894.0,0,48035.72,1,1,5,1
msg_26,node1,node0,415,2160000,2160001.0,1.0,,,,0.6,300000.0,1,199971.33333333334,53.25,0,46188.192307692305,4,4,5,4
msg_27,node2,node0,415,2160000,2160002.0,2.0,,,,70.0,0.0,1,199971.33333333334,50.76190476190476,0,44477.555555555555,3,3,5,4
msg_28,node3,node0,415,2160000,2160003.0,3.0,,,,71.0,149947.0,1,199971.33333333334,48.54545454545455,0,42889.142857142855,2,2,5,4
msg_29,node4,node0,415,2160000,2160003.0,3.0,,,,71.4,299967.0,1,199971.33333333334,48.54545454545455,0,42889.142857142855,2,2,5,4
msg_30,node0,node2,415,2220002,2520000.0,299998.0,,,,171404.0,44.75,1,58.666666666666664,0.0,0,38738.77419354839,5,5,5,1
msg_31,node0,node3,415,2220003,2220003.0,0.0,,,,199971.33333333334,44.75,1,59.666666666666664,149947.0,0,40030.066666666666,2,2,5,1
msg_32,node1,node0,415,2520000,2520000.0,0.0,,,,0.6666666666666666,300000.0,1,171404.0,44.75,0,38738.77419354839,5,5,5,4
msg_33,node2,node0,415,2520000,2520113.0,113.0,,,,58.666666666666664,0.0,1,171404.0,44.75,0,38738.77419354839,5,5,5,4
msg_34,node3,node0,415,2520000,2520114.0,114.0,,,,59.666666666666664,99964.66666666667,1,187478.25,45.65384615384615,0,44147.44117647059,2,2,5,4
msg_35,node4,node0,415,2520000,2520114.0,114.0,,,,60.0,299967.0,1,187478.25,48.18518518518518,0,42889.34285714286,1,1,5,4
msg_36,node0,node2,415,2580113,2580114.0,1.0,,,,187478.25,50.535714285714285,1,66.42857142857143,149999.0,0,41701.13888888889,1,1,5,1
msg_37,node1,node0,415,2880000,2880000.0,0.0,,,,0.5714285714285714,300000.0,1,166647.44444444444,50.535714285714285,0,40574.10810810811,4,4,5,4
msg_38,node2,node0,415,2880000,2880001.0,1.0,,,,66.42857142857143,99999.66666666667,1,166647.44444444444,48.793103448275865,0,39506.36842105263,3,3,5,4
msg_39,node3,node0,415,2880000,2880002.0,2.0,,,,67.42857142857143,99964.66666666667,1,166647.44444444444,47.2,0,38493.41025641026,2,2,5,4
msg_40,node4,node0,415,2880000,2880002.0,2.0,,,,67.71428571428571,299967.0,1,166647.44444444444,47.2,0,38493.41025641026,2,2,5,4
msg_41,node1,node0,415,3240000,3240000.0,0.0,,,,0.5,300000.0,1,166647.44444444444,44.375,0,36615.78048780488,4,4,5,4
msg_42,node2,node0,415,3240000,3240001.0,1.0,,,,58.25,99999.66666666667,1,166647.44444444444,44.375,0,36615.78048780488,4,4,5,4
msg_43,node3,node0,415,3240000,3240002.0,2.0,,,,59.25,99964.66666666667,1,166647.44444444444,41.794117647058826,0,34912.74418604651,2,2,5,4
msg_44,node4,node0,415,3240000,3240002.0,2.0,,,,59.5,299967.0,1,166647.44444444444,40.65714285714286,0,34119.318181818184,1,1,5,4
msg_45,node0,node2,415,3300001,3300001.0,0.0,,,,166647.44444444444,39.583333333333336,1,51.888888888888886,99999.66666666667,0,33361.15555555555,1,1,5,1
msg_46,node0,node4,416,3300002,3300004.0,2.0,,,,149982.7,39.583333333333336,1,53.111111111111114,299967.0,0,32635.91304347826,1,1,5,1
msg_47,node1,node0,415,3600000,3600001.0,1.0,,,,0.4444444444444444,300000.0,1,136348.0909090909,39.583333333333336,0,31941.574468085106,4,4,5,4
msg_48,node2,node0,415,3600000,3600002.0,2.0,,,,51.888888888888886,74999.75,1,136348.0909090909,38.54054054054054,0,31276.145833333332,3,3,5,4
msg_49,node3,node0,415,3600000,3600003.0,3.0,,,,52.888888888888886,99964.66666666667,1,136348.0909090909,37.578947368421055,0,30637.897959183672,2,2,5,4
msg_50,node4,node0,415,3600000,3600004.0,4.0,,,,53.111111111111114,199978.66666666666,1,136348.0909090909,36.69230769230769,0,30025.2,1,1,5,4
msg_51,node0,node1,416,3660001,3960000.0,299999.0,,,,136348.0909090909,35.875,1,0.5,300000.0,0,29436.549019607843,5,5,5,1
msg_52,node1,node0,416,3960000,3960000.0,0.0,,,,0.5,300000.0,1,136348.0909090909,35.875,0,29436.549019607843,5,5,5,4
msg_53,node2,node0,416,3960000,3960011.0,11.0,,,,46.9,74999.75,1,136348.0909090909,35.875,0,29436.549019607843,5,5,5,4
msg_54,node3,node0,416,3960000,3960012.0,12.0,,,,47.9,99964.66666666667,1,149985.66666666666,34.42857142857143,0,33356.92592592593,2,2,5,4
msg_55,node4,node0,416,3960000,3960012.0,12.0,,,,48.2,199978.66666666666,1,149985.66666666666,33.906976744186046,0,32750.654545454545,1,1,5,4
msg_56,node1,node0,416,4320000,4320001.0,1.0,,,,0.45454545454545453,299999.5,1,149985.66666666666,33.40909090909091,0,32166.035714285714,4,4,5,4
msg_57,node2,node0,416,4320000,4320002.0,2.0,,,,43.63636363636363,74999.75,1,149985.66666666666,33.40909090909091,0,32166.035714285714,4,4,5,4
msg_58,node3,node0,416,4320000,4320003.0,3.0,,,,44.63636363636363,99964.66666666667,1,149985.66666666666,32.02173913043478,0,31056.91379310345,2,2,5,4
msg_59,node4,node0,416,4320000,4320003.0,3.0,,,,44.90909090909091,199978.66666666666,1,149985.66666666666,31.404255319148938,0,30530.57627118644,1,1,5,4
msg_60,node1,node0,416,4680000,4680000.0,0.0,,,,0.5,299999.5,1,149985.66666666666,30.8125,0,30021.783333333333,4,4,5,4
msg_61,node2,node0,416,4680000,4680001.0,1.0,,,,40.166666666666664,74999.75,1,149985.66666666666,30.8125,0,30021.783333333333,4,4,5,4
msg_62,node3,node0,416,4680000,4680002.0,2.0,,,,41.166666666666664,99964.66666666667,1,149985.66666666666,29.6,0,29053.354838709678,2,2,5,4
msg_63,node4,node0,416,4680000,4680002.0,2.0,,,,41.416666666666664,199978.66666666666,1,149985.66666666666,29.058823529411764,0,28592.222222222223,1,1,5,4
msg_64,node0,node2,416,4740001,4740001.0,0.0,,,,149985.66666666666,28.53846153846154,1,37.15384615384615,74999.75,0,28145.5,1,1,5,1
msg_65,node0,node3,416,4740002,4740003.0,1.0,,,,138448.3076923077,28.53846153846154,1,38.15384615384615,99964.66666666667,0,27712.492307692308,1,1,5,1
msg_66,node1,node0,416,5040000,5040001.0,1.0,,,,0.46153846153846156,299999.5,1,128559.21428571429,28.53846153846154,0,27292.621212121212,4,4,5,4
msg_67,node2,node0,416,5040000,5040002.0,2.0,,,,37.15384615384615,59999.8,1,128559.21428571429,28.53846153846154,0,27292.621212121212,4,4,5,4
msg_68,node3,node0,416,5040000,5040004.0,4.0,,,,38.15384615384615,74973.75,1,128559.21428571429,27.537037037037038,0,26489.941176470587,2,2,5,4
msg_69,node4,node0,416,5040000,5040003.0,3.0,,,,38.38461538461539,199978.66666666666,1,128559.21428571429,27.537037037037038,0,26489.941176470587,2,2,5,4
msg_70,node1,node0,416,5400000,5400000.0,0.0,,,,0.5,299999.5,1,128559.21428571429,26.678571428571427,0,25733.185714285715,4,4,5,4
msg_71,node2,node0,416,5400000,5400001.0,1.0,,,,34.642857142857146,59999.8,1,128559.21428571429,26.678571428571427,0,25733.185714285715,4,4,5,4
msg_72,node3,node0,416,5400000,5400002.0,2.0,,,,35.714285714285715,74973.75,1,128559.21428571429,25.775862068965516,0,25018.38888888889,2,2,5,4
msg_73,node4,node0,416,5400000,5400002.0,2.0,,,,35.857142857142854,199978.66666666666,1,128559.21428571429,25.372881355932204,0,24675.698630136987,1,1,5,4
msg_74,node0,node3,416,5460002,5460003.0,1.0,,,,128559.21428571429,24.983333333333334,2,33.46666666666667,74973.75,0,24342.27027027027,2,2,5,2
msg_75,node0,node4,416,5460002,5460005.0,3.0,,,,119988.66666666667,24.983333333333334,2,33.6,199978.66666666666,0,24017.72,1,1,5,2
msg_76,node1,node0,416,5760000,5760000.0,0.0,,,,0.4666666666666667,299999.5,1,112489.5625,24.983333333333334,0,23701.736842105263,4,4,5,4
msg_77,node2,node0,416,5760000,5760001.0,1.0,,,,32.4,59999.8,1,112489.5625,24.983333333333334,0,23701.736842105263,4,4,5,4
msg_78,node3,node0,416,5760000,5760002.0,2.0,,,,33.46666666666667,59979.2,1,112489.5625,24.193548387096776,0,23094.01282051282,2,2,5,4
msg_79,node4,node0,416,5760000,5760003.0,3.0,,,,33.6,149984.75,1,112489.5625,23.841269841269842,0,22801.708860759492,1,1,5,4
msg_80,node0,node1,416,5820000,5820001.0,1.0,,,,112489.5625,23.515625,1,0.4375,299999.5,0,22516.725,2,2,5,1
msg_81,node0,node2,416,5820001,5820002.0,1.0,,,,112489.5625,23.515625,1,30.4375,59999.8,0,22516.725,2,2,5,1
msg_82,node0,node4,416,5820003,5820004.0,1.0,,,,99990.83333333333,23.515625,1,31.6875,149984.75,0,21967.560975609755,1,1,5,1
msg_83,node1,node0,416,6120000,6120001.0,1.0,,,,0.4375,200000.0,1,94728.21052631579,23.515625,0,21702.90361445783,4,4,5,4
msg_84,node2,node0,416,6120000,6120002.0,2.0,,,,30.4375,50000.0,1,94728.21052631579,23.515625,0,21702.90361445783,4,4,5,4
msg_85,node3,node0,416,6120000,6120003.0,3.0,,,,31.5,59979.2,1,94728.21052631579,22.848484848484848,0,21192.282352941176,2,2,5,4
msg_86,node4,node0,416,6120000,6120004.0,4.0,,,,31.6875,119988.0,1,94728.21052631579,22.55223880597015,0,20945.89534883721,1,1,5,4
msg_87,node1,node0,416,6480000,6480000.0,0.0,,,,0.47058823529411764,200000.0,1,94728.21052631579,22.279411764705884,0,20705.183908045976,4,4,5,4
msg_88,node2,node0,416,6480000,6480001.0,1.0,,,,28.764705882352942,50000.0,1,94728.21052631579,22.279411764705884,0,20705.183908045976,4,4,5,4
msg_89,node3,node0,416,6480000,6480002.0,2.0,,,,29.823529411764707,59979.2,1,94728.21052631579,21.65714285714286,0,20239.91011235955,2,2,5,4
msg_90,node4,node0,416,6480000,6480002.0,2.0,,,,30.058823529411764,119988.0,1,94728.21052631579,21.380281690140844,0,20015.044444444444,1,1,5,4
msg_91,node0,node1,416,6540000,6540000.0,0.0,,,,94728.21052631579,21.11111111111111,1,0.4444444444444444,200000.0,0,19795.120879120877,1,1,5,1
msg_92,node0,node3,416,6540002,6540003.0,1.0,,,,89991.8,21.11111111111111,1,28.27777777777778,59979.2,0,19579.956521739132,1,1,5,1
msg_93,node1,node0,416,6840000,6840000.0,0.0,,,,0.4444444444444444,150000.0,1,85706.52380952382,21.11111111111111,0,19369.43010752688,4,4,5,4
msg_94,node2,node0,416,6840000,6840001.0,1.0,,,,27.22222222222222,50000.0,1,85706.52380952382,21.11111111111111,0,19369.43010752688,4,4,5,4
msg_95,node3,node0,416,6840000,6840002.0,2.0,,,,28.27777777777778,49982.833333333336,1,85706.52380952382,20.554054054054053,0,18961.663157894738,2,2,5,4
msg_96,node4,node0,416,6840000,6840002.0,2.0,,,,28.5,119988.0,1,85706.52380952382,20.30666666666667,0,18764.166666666668,1,1,5,4
msg_97,node0,node1,416,6900000,6900000.0,0.0,,,,85706.52380952382,20.06578947368421,1,0.42105263157894735,150000.0,0,18570.74226804124,1,1,5,1
msg_98,node0,node2,416,6900001,6900001.0,0.0,,,,81810.77272727272,20.06578947368421,1,25.842105263157894,50000.0,0,18381.244897959183,1,1,5,1
msg_99,node0,node4,416,6900002,6900003.0,1.0,,,,78253.78260869565,20.06578947368421,1,27.105263157894736,119988.0,0,18195.575757575756,1,1,5,1
msg_100,node1,node0,416,7200000,7200000.0,0.0,,,,0.42105263157894735,120000.0,1,74993.25,20.06578947368421,0,18013.63,4,4,5,4
msg_101,node2,node0,416,7200000,7200001.0,1.0,,,,25.842105263157894,42857.142857142855,1,74993.25,20.06578947368421,0,18013.63,4,4,5,4
msg_102,node3,node0,416,7200000,7200002.0,2.0,,,,26.894736842105264,49982.833333333336,1,74993.25,19.564102564102566,0,17660.43137254902,2,2,5,4
msg_103,node4,node0,416,7200000,7200002.0,2.0,,,,27.105263157894736,99990.16666666667,1,74993.25,19.341772151898734,0,17488.990291262136,1,1,5,4
msg_104,node0,node2,416,7260001,7260001.0,0.0,,,,74993.25,19.125,1,24.6,42857.142857142855,0,17320.846153846152,1,1,5,1
msg_105,node1,node0,416,7560000,7560000.0,0.0,,,,0.4,120000.0,1,71993.52,19.125,0,17155.885714285716,4,4,5,4
msg_106,node2,node0,416,7560000,7560001.0,1.0,,,,24.6,37500.0,1,71993.52,18.88888888888889,0,16994.037735849055,3,3,5,4
msg_107,node3,node0,416,7560000,7560002.0,2.0,,,,25.65,49982.833333333336,1,71993.52,18.670731707317074,0,16835.22429906542,2,2,5,4
msg_108,node4,node0,416,7560000,7560002.0,2.0,,,,25.85,99990.16666666667,1,71993.52,18.670731707317074,0,16835.22429906542,2,2,5,4
msg_109,node0,node1,416,7620000,7920000.0,300000.0,,,,69224.57692307692,18.273809523809526,1,0.38095238095238093,120000.0,0,16376.127272727274,5,5,5,1
msg_110,node0,node4,416,7620002,7620003.0,1.0,,,,71993.52,18.273809523809526,1,24.714285714285715,99990.16666666667,0,16526.357798165136,2,2,5,1
msg_111,node1,node0,416,7920000,7920000.0,0.0,,,,0.38095238095238093,120000.0,1,69224.57692307692,18.273809523809526,0,16376.127272727274,5,5,5,4
msg_112,node2,node0,416,7920000,7920085.0,85.0,,,,23.476190476190474,37500.0,1,69224.57692307692,18.273809523809526,0,16376.127272727274,5,5,5,4
msg_113,node3,node0,416,7920000,7920086.0,86.0,,,,24.523809523809526,49982.833333333336,1,77771.81481481482,18.837209302325583,0,18596.982300884956,2,2,5,4
msg_114,node4,node0,416,7920000,7920086.0,86.0,,,,24.714285714285715,85706.0,1,77771.81481481482,19.60919540229885,0,18434.605263157893,1,1,5,4
msg_115,node0,node3,416,7980086,8280000.0,299914.0,,,,77771.81481481482,20.363636363636363,1,27.318181818181817,49982.833333333336,0,18275.05217391304,5,5,5,1
msg_116,node1,node0,416,8280000,8280000.0,0.0,,,,0.36363636363636365,150000.0,1,77771.81481481482,20.363636363636363,0,18275.05217391304,5,5,5,4
msg_117,node2,node0,416,8280000,8280102.0,102.0,,,,26.272727272727273,37500.0,1,77771.81481481482,20.363636363636363,0,18275.05217391304,5,5,5,4
msg_118,node3,node0,416,8280000,8280103.0,103.0,,,,27.318181818181817,85687.28571428571,1,85705.46428571429,21.044444444444444,0,20352.9406779661,2,2,5,4
msg_119,node4,node0,416,8280000,8280103.0,103.0,,,,27.5,85706.0,1,85705.46428571429,21.945054945054945,0,20182.7731092437,1,1,5,4
msg_120,node0,node2,416,8340102,8340102.0,0.0,,,,85705.46428571429,22.82608695652174,1,29.565217391304348,37500.0,0,20015.441666666666,1,1,5,1
msg_121,node1,node0,416,8640000,8640000.0,0.0,,,,0.34782608695652173,150000.0,1,82750.10344827586,22.82608695652174,0,19850.02479338843,4,4,5,4
msg_122,node2,node0,416,8640000,8640001.0,1.0,,,,29.565217391304348,33333.333333333336,1,82750.10344827586,22.580645161290324,0,19687.319672131147,3,3,5,4
msg_123,node3,node0,416,8640000,8640002.0,2.0,,,,30.608695652173914,85687.28571428571,1,82750.10344827586,22.580645161290324,0,19687.319672131147,3,3,5,4
msg_124,node4,node0,416,8640000,8640002.0,2.0,,,,30.782608695652176,85706.0,1,82750.10344827586,22.13684210526316,0,19369.8064516129,1,1,5,4
msg_125,node1,node0,416,9000000,9000001.0,1.0,,,,0.3333333333333333,150000.0,1,82750.10344827586,21.927083333333332,0,19214.864,4,4,5,4
msg_126,node2,node0,416,9000000,9000002.0,2.0,,,,28.375,33333.333333333336,1,82750.10344827586,21.927083333333332,0,19214.864,4,4,5,4
msg_127,node3,node0,416,9000000,9000003.0,3.0,,,,29.416666666666668,85687.28571428571,1,82750.10344827586,21.510204081632654,0,18912.291338582676,2,2,5,4
msg_128,node4,node0,416,9000000,9000004.0,4.0,,,,29.583333333333332,85706.0,1,82750.10344827586,21.32323232323232,0,18764.5625,1,1,5,4
msg_129,node1,node0,416,9360000,9360000.0,0.0,,,,0.36,150000.0,1,82750.10344827586,21.15,0,18619.131782945737,4,4,5,4
msg_130,node2,node0,416,9360000,9360001.0,1.0,,,,27.32,33333.333333333336,1,82750.10344827586,21.15,0,18619.131782945737,4,4,5,4
msg_131,node3,node0,416,9360000,9360002.0,2.0,,,,28.36,85687.28571428571,1,82750.10344827586,20.745098039215687,0,18334.87786259542,2,2,5,4
msg_132,node4,node0,416,9360000,9360002.0,2.0,,,,28.56,85706.0,1,82750.10344827586,20.563106796116504,0,18195.992424242424,1,1,5,4
msg_133,node1,node0,416,9720000,9720000.0,0.0,,,,0.34615384615384615,150000.0,1,82750.10344827586,20.384615384615383,0,18059.195488721805,4,4,5,4
msg_134,node2,node0,416,9720000,9720001.0,1.0,,,,26.307692307692307,33333.333333333336,1,82750.10344827586,20.384615384615383,0,18059.195488721805,4,4,5,4
msg_135,node3,node0,416,9720000,9720002.0,2.0,,,,27.346153846153847,85687.28571428571,1,82750.10344827586,20.00943396226415,0,17791.65925925926,2,2,5,4
msg_136,node4,node0,416,9720000,9720002.0,2.0,,,,27.53846153846154,85706.0,1,82750.10344827586,19.8411214953271,0,17660.852941176472,1,1,5,4
msg_137,node0,node3,416,9780002,10080000.0,299998.0,,,,82750.10344827586,19.675925925925927,1,26.40740740740741,85687.28571428571,0,17531.956204379563,5,5,5,1
msg_138,node1,node0,416,10080000,10080001.0,1.0,,,,0.3333333333333333,150000.0,1,89991.7,19.675925925925927,0,19578.8115942029,4,4,5,4
msg_139,node2,node0,416,10080000,10080117.0,117.0,,,,25.37037037037037,33333.333333333336,1,89991.7,19.675925925925927,0,19578.8115942029,4,4,5,4
msg_140,node3,node0,416,10080000,10080118.0,118.0,,,,26.40740740740741,112476.125,1,89991.7,20.39090909090909,0,19299.957142857143,2,2,5,4
msg_141,node4,node0,416,10080000,10080118.0,118.0,,,,26.59259259259259,85706.0,1,89991.7,21.27027027027027,0,19163.91489361702,1,1,5,4
msg_142,node1,node0,416,10440000,10440001.0,1.0,,,,0.35714285714285715,150000.0,1,89991.7,22.133928571428573,0,19029.788732394365,4,4,5,4
msg_143,node2,node0,416,10440000,10440002.0,2.0,,,,28.642857142857142,33333.333333333336,1,89991.7,22.133928571428573,0,19029.788732394365,4,4,5,4
msg_144,node3,node0,416,10440000,10440003.0,3.0,,,,29.678571428571427,112476.125,1,89991.7,21.771929824561404,0,18765.506944444445,2,2,5,4
msg_145,node4,node0,416,10440000,10440004.0,4.0,,,,29.857142857142858,85706.0,1,89991.7,21.608695652173914,0,18636.110344827586,1,1,5,4
msg_146,node0,node4,416,10500004,10800001.0,299997.0,,,,89991.7,21.273504273504273,1,28.96551724137931,85706.0,0,18382.585034013606,4,4,5,1
msg_147,node1,node0,416,10800000,10800000.0,0.0,,,,0.3793103448275862,150000.0,1,89991.7,21.45689655172414,0,18508.49315068493,5,5,5,4
msg_148,node2,node0,416,10800000,10800126.0,126.0,,,,27.724137931034484,33333.333333333336,1,96766.06451612903,21.273504273504273,0,20285.385135135137,3,3,5,4
msg_149,node3,node0,416,10800000,10800127.0,127.0,,,,28.75862068965517,112476.125,1,96766.06451612903,21.273504273504273,0,20285.385135135137,3,3,5,4
msg_150,node4,node0,416,10800000,10800127.0,127.0,,,,28.96551724137931,112492.375,1,96766.06451612903,23.04201680672269,0,20016.6,1,1,5,4
msg_151,node0,node2,416,10860126,11160000.0,299874.0,,,,93742.15625,23.908333333333335,1,31.0,33333.333333333336,0,19754.065789473683,5,5,5,1
msg_152,node0,node3,416,10860127,10860128.0,1.0,,,,96766.06451612903,23.908333333333335,1,32.03333333333333,112476.125,0,19884.880794701985,2,2,5,1
msg_153,node1,node0,416,11160000,11160000.0,0.0,,,,0.36666666666666664,150000.0,1,93742.15625,23.908333333333335,0,19754.065789473683,5,5,5,4
msg_154,node2,node0,416,11160000,11164028.0,4028.0,,,,31.0,33333.333333333336,1,93742.15625,23.908333333333335,0,19754.065789473683,5,5,5,4
msg_155,node3,node0,416,11160000,11164029.0,4029.0,,,,32.03333333333333,99978.88888888889,1,99988.57575757576,56.532786885245905,0,21332.387096774193,2,2,5,4
msg_156,node4,node0,416,11160000,11164029.0,4029.0,,,,32.233333333333334,112492.375,1,99988.57575757576,88.82926829268293,0,21221.46794871795,1,1,5,4
msg_157,node0,node1,416,11220000,11220001.0,1.0,,,,99988.57575757576,120.60483870967742,1,0.3548387096774194,150000.0,0,21111.961783439492,1,1,5,1
msg_158,node0,node2,416,11224028,11224029.0,1.0,,,,97047.76470588235,120.60483870967742,1,159.93548387096774,59987.4,0,20978.348101265823,3,3,5,1
msg_159,node0,node3,416,11224029,11224030.0,1.0,,,,97047.76470588235,120.60483870967742,2,160.96774193548387,99978.88888888889,0,20978.348101265823,3,3,5,2
msg_160,node0,node4,416,11224029,11224031.0,2.0,,,,91656.27777777778,120.60483870967742,2,161.16129032258064,112492.375,0,20716.13125,1,1,5,2
msg_161,node1,node0,416,11520000,11520000.0,0.0,,,,0.3548387096774194,128571.57142857143,1,89179.13513513513,120.60483870967742,0,20587.47204968944,4,4,5,4
msg_162,node2,node0,416,11520000,11520001.0,1.0,,,,159.93548387096774,54534.09090909091,1,89179.13513513513,120.60483870967742,0,20587.47204968944,4,4,5,4
msg_163,node3,node0,416,11520000,11520002.0,2.0,,,,160.96774193548387,89981.1,1,89179.13513513513,118.6984126984127,0,20334.87116564417,2,2,5,4
msg_164,node4,node0,416,11520000,11520002.0,2.0,,,,161.16129032258064,99993.44444444444,1,89179.13513513513,117.77952755905511,0,20210.89024390244,1,1,5,4
msg_165,node0,node3,416,11580002,11580002.0,0.0,,,,89179.13513513513,116.875,1,156.0,89981.1,0,20088.41212121212,1,1,5,1
msg_166,node1,node0,416,11880000,11880000.0,0.0,,,,0.34375,128571.57142857143,1,86832.31578947368,116.875,0,19967.397590361445,4,4,5,4
msg_167,node2,node0,416,11880000,11880001.0,1.0,,,,154.96875,54534.09090909091,1,86832.31578947368,115.96899224806202,0,19847.83233532934,3,3,5,4
msg_168,node3,node0,416,11880000,11880002.0,2.0,,,,156.0,81801.0,1,86832.31578947368,115.08461538461539,0,19729.696428571428,2,2,5,4
msg_169,node4,node0,416,11880000,11880002.0,2.0,,,,156.1875,99993.44444444444,1,86832.31578947368,115.08461538461539,0,19729.696428571428,2,2,5,4
msg_170,node1,node0,416,12240000,12240000.0,0.0,,,,0.3333333333333333,128571.57142857143,1,86832.31578947368,113.37121212121212,0,19497.605882352942,4,4,5,4
msg_171,node2,node0,416,12240000,12240001.0,1.0,,,,150.3030303030303,54534.09090909091,1,86832.31578947368,112.5187969924812,0,19383.584795321636,3,3,5,4
msg_172,node3,node0,416,12240000,12240002.0,2.0,,,,151.33333333333334,81801.0,1,86832.31578947368,111.68656716417911,0,19270.89534883721,2,2,5,4
msg_173,node4,node0,416,12240000,12240002.0,2.0,,,,151.5151515151515,99993.44444444444,1,86832.31578947368,111.68656716417911,0,19270.89534883721,2,2,5,4
msg_174,node0,node1,416,12300000,12600000.0,300000.0,,,,86832.31578947368,110.07352941176471,1,0.3235294117647059,128571.57142857143,0,19049.41379310345,5,5,5,1
msg_175,node1,node0,416,12600000,12600001.0,1.0,,,,0.3235294117647059,128571.57142857143,1,86832.31578947368,110.07352941176471,0,19049.41379310345,5,5,5,4
msg_176,node2,node0,416,12600000,12600108.0,108.0,,,,145.91176470588235,54534.09090909091,1,92298.15384615384,109.27737226277372,0,20537.49431818182,3,3,5,4
msg_177,node3,node0,416,12600000,12600109.0,109.0,,,,146.94117647058823,81801.0,1,92298.15384615384,109.26811594202898,0,20422.073446327682,2,2,5,4
msg_178,node4,node0,416,12600000,12600109.0,109.0,,,,147.11764705882354,99993.44444444444,1,92298.15384615384,109.26811594202898,0,20422.073446327682,2,2,5,4
msg_179,node1,node0,416,12960000,12960001.0,1.0,,,,0.34285714285714286,150000.125,1,92298.15384615384,109.26428571428572,0,20195.111731843575,4,4,5,4
msg_180,node2,node0,416,12960000,12960003.0,3.0,,,,144.82857142857142,54534.09090909091,1,92298.15384615384,109.26428571428572,0,20195.111731843575,4,4,5,4
msg_181,node3,node0,416,12960000,12960004.0,4.0,,,,145.85714285714286,81801.0,1,92298.15384615384,109.26428571428572,0,20195.111731843575,4,4,5,4
msg_182,node4,node0,416,12960000,12960004.0,4.0,,,,146.02857142857144,99993.44444444444,1,92298.15384615384,107.02797202797203,0,19862.26923076923,1,1,5,4
msg_183,node0,node4,416,13020004,13320001.0,299997.0,,,,92298.15384615384,106.3125,1,142.08333333333334,99993.44444444444,0,19753.754098360656,5,5,5,1
msg_184,node1,node0,416,13320000,13320001.0,1.0,,,,0.3611111111111111,150000.125,1,97490.625,106.3125,0,21276.815217391304,4,4,5,4
msg_185,node2,node0,416,13320000,13320035.0,35.0,,,,140.88888888888889,54534.09090909091,1,97490.625,105.58620689655173,0,21161.81081081081,3,3,5,4
msg_186,node3,node0,416,13320000,13320036.0,36.0,,,,141.91666666666666,81801.0,1,97490.625,105.1027397260274,0,21048.225806451614,2,2,5,4
msg_187,node4,node0,416,13320000,13320037.0,37.0,,,,142.08333333333334,119993.8,1,97490.625,105.1027397260274,0,21048.225806451614,2,2,5,4
msg_188,node1,node0,416,13680000,13680001.0,1.0,,,,0.3783783783783784,150000.125,1,97490.625,104.17567567567568,0,20824.69680851064,4,4,5,4
msg_189,node2,node0,416,13680000,13680003.0,3.0,,,,138.02702702702703,54534.09090909091,1,97490.625,104.17567567567568,0,20824.69680851064,4,4,5,4
msg_190,node3,node0,416,13680000,13680004.0,4.0,,,,139.05405405405406,81801.0,1,97490.625,102.81333333333333,0,20605.51052631579,2,2,5,4
msg_191,node4,node0,416,13680000,13680004.0,4.0,,,,139.24324324324326,119993.8,1,97490.625,102.15894039735099,0,20497.649214659687,1,1,5,4
msg_192,node0,node3,416,13740004,13740005.0,1.0,,,,97490.625,101.51315789473684,1,135.5,81801.0,0,20390.911458333332,1,1,5,1
msg_193,node1,node0,416,14040000,14040001.0,1.0,,,,0.39473684210526316,150000.125,1,95112.82926829268,101.51315789473684,0,20285.26424870466,4,4,5,4
msg_194,node2,node0,416,14040000,14040003.0,3.0,,,,134.47368421052633,54534.09090909091,1,95112.82926829268,100.85620915032679,0,20180.70618556701,3,3,5,4
msg_195,node3,node0,416,14040000,14040004.0,4.0,,,,135.5,74984.33333333333,1,95112.82926829268,100.22077922077922,0,20077.23076923077,2,2,5,4
msg_196,node4,node0,416,14040000,14040005.0,5.0,,,,135.68421052631578,119993.8,1,95112.82926829268,100.22077922077922,0,20077.23076923077,2,2,5,4
msg_197,node1,node0,416,14400000,14400001.0,1.0,,,,0.41025641025641024,150000.125,1,95112.82926829268,98.99358974358974,0,19873.446700507615,4,4,5,4
msg_198,node2,node0,416,14400000,14400003.0,3.0,,,,131.10256410256412,54534.09090909091,1,95112.82926829268,98.99358974358974,0,19873.446700507615,4,4,5,4
msg_199,node3,node0,416,14400000,14400004.0,4.0,,,,132.12820512820514,74984.33333333333,1,95112.82926829268,97.76582278481013,0,19673.73366834171,2,2,5,4
msg_200,node4,node0,416,14400000,14400004.0,4.0,,,,132.33333333333334,119993.8,1,95112.82926829268,97.17610062893081,0,19575.385,1,1,5,4
msg_201,node1,node0,416,14760000,14760001.0,1.0,,,,0.425,150000.125,1,95112.82926829268,96.59375,0,19478.014925373136,4,4,5,4
msg_202,node2,node0,416,14760000,14760003.0,3.0,,,,127.9,54534.09090909091,1,95112.82926829268,96.59375,0,19478.014925373136,4,4,5,4
msg_203,node3,node0,416,14760000,14760004.0,4.0,,,,128.925,74984.33333333333,1,95112.82926829268,95.42592592592592,0,19286.13300492611,2,2,5,4
msg_204,node4,node0,416,14760000,14760005.0,5.0,,,,129.125,119993.8,1,95112.82926829268,94.86503067484662,0,19191.61274509804,1,1,5,4
msg_205,node0,node3,416,14820004,15120000.0,299996.0,,,,95112.82926829268,94.3170731707317,1,125.8780487804878,74984.33333333333,0,19098.019512195122,5,5,5,1
msg_206,node1,node0,416,15120000,15120001.0,1.0,,,,0.43902439024390244,150000.125,1,95112.82926829268,94.3170731707317,0,19098.019512195122,5,5,5,4
msg_207,node2,node0,416,15120000,15120056.0,56.0,,,,124.85365853658537,54534.09090909091,1,99991.0,93.75151515151515,0,20362.75845410628,3,3,5,4
msg_208,node3,node0,416,15120000,15120057.0,57.0,,,,125.8780487804878,92292.92307692308,1,99991.0,93.52409638554217,0,20265.12980769231,2,2,5,4
msg_209,node4,node0,416,15120000,15120058.0,58.0,,,,126.09756097560975,119993.8,1,99991.0,93.52409638554217,0,20265.12980769231,2,2,5,4
msg_210,node1,node0,416,15480000,15480000.0,0.0,,,,0.4523809523809524,150000.125,1,99991.0,93.0952380952381,0,20072.67619047619,4,4,5,4
msg_211,node2,node0,416,15480000,15480001.0,1.0,,,,123.21428571428571,54534.09090909091,1,99991.0,93.0952380952381,0,20072.67619047619,4,4,5,4
msg_212,node3,node0,416,15480000,15480002.0,2.0,,,,124.23809523809524,92292.92307692308,1,99991.0,92.00588235294117,0,19883.31603773585,2,2,5,4
msg_213,node4,node0,416,15480000,15480002.0,2.0,,,,124.47619047619048,119993.8,1,99991.0,91.47953216374269,0,19789.976525821596,1,1,5,4
msg_214,node0,node2,416,15540001,15540001.0,0.0,,,,99991.0,90.95930232558139,1,120.37209302325581,54534.09090909091,0,19697.50934579439,1,1,5,1
msg_215,node1,node0,416,15840000,15840000.0,0.0,,,,0.4418604651162791,150000.125,1,97665.62790697675,90.95930232558139,0,19605.893023255812,4,4,5,4
msg_216,node2,node0,416,15840000,15840002.0,2.0,,,,120.37209302325581,49989.583333333336,1,97665.62790697675,90.43352601156069,0,19515.125,3,3,5,4
msg_217,node3,node0,416,15840000,15840003.0,3.0,,,,121.3953488372093,92292.92307692308,1,97665.62790697675,90.43352601156069,0,19515.125,3,3,5,4
msg_218,node4,node0,416,15840000,15840003.0,3.0,,,,121.62790697674419,119993.8,1,97665.62790697675,89.42857142857143,0,19336.110091743118,1,1,5,4
msg_219,node0,node1,416,15900000,16200000.0,300000.0,,,,95445.97727272728,88.9375,1,0.4318181818181818,150000.125,0,19160.345454545455,5,5,5,1
msg_220,node0,node4,416,15900003,15900004.0,1.0,,,,97665.62790697675,88.9375,1,118.93181818181819,119993.8,0,19247.83105022831,2,2,5,1
msg_221,node1,node0,416,16200000,16200001.0,1.0,,,,0.4318181818181818,166666.77777777778,1,99991.62222222223,88.9375,0,20431.113122171944,4,4,5,4
msg_222,node2,node0,416,16200000,16200109.0,109.0,,,,117.68181818181819,49989.583333333336,1,99991.62222222223,88.9375,0,20431.113122171944,4,4,5,4
msg_223,node3,node0,416,16200000,16200110.0,110.0,,,,118.70454545454545,92292.92307692308,1,99991.62222222223,88.5561797752809,0,20248.367713004485,2,2,5,4
msg_224,node4,node0,416,16200000,16200110.0,110.0,,,,118.93181818181819,109085.36363636363,1,99991.62222222223,88.67597765363128,0,20158.464285714286,1,1,5,4
msg_225,node0,node1,416,16260001,16260001.0,0.0,,,,99991.62222222223,88.79444444444445,1,0.4444444444444444,166666.77777777778,0,20069.36,1,1,5,1
msg_226,node1,node0,416,16560000,16560001.0,1.0,,,,0.4444444444444444,150000.1,1,97817.89130434782,88.79444444444445,0,19980.557522123894,4,4,5,4
msg_227,node2,node0,416,16560000,16560003.0,3.0,,,,117.4888888888889,49989.583333333336,1,97817.89130434782,88.79444444444445,0,19980.557522123894,4,4,5,4
msg_228,node3,node0,416,16560000,16560004.0,4.0,,,,118.5111111111111,92292.92307692308,1,97817.89130434782,87.84065934065934,0,19805.30701754386,2,2,5,4
msg_229,node4,node0,416,16560000,16560005.0,5.0,,,,118.73333333333333,109085.36363636363,1,97817.89130434782,87.38251366120218,0,19718.838427947598,1,1,5,4
msg_230,node0,node1,416,16620001,16620002.0,1.0,,,,97817.89130434782,86.93478260869566,1,0.45652173913043476,150000.1,0,19633.126086956523,1,1,5,1
msg_231,node1,node0,416,16920000,16920001.0,1.0,,,,0.45652173913043476,136363.81818181818,1,95736.68085106384,86.93478260869566,0,19548.138528138526,4,4,5,4
msg_232,node2,node0,416,16920000,16920002.0,2.0,,,,115.0,49989.583333333336,1,95736.68085106384,86.47027027027028,0,19463.883620689656,3,3,5,4
msg_233,node3,node0,416,16920000,16920003.0,3.0,,,,116.02173913043478,92292.92307692308,1,95736.68085106384,86.01612903225806,0,19380.356223175964,2,2,5,4
msg_234,node4,node0,416,16920000,16920004.0,4.0,,,,116.26086956521739,109085.36363636363,1,95736.68085106384,86.01612903225806,0,19380.356223175964,2,2,5,4
msg_235,node0,node2,416,16980002,17280000.0,299998.0,,,,95736.68085106384,85.13829787234043,1,112.59574468085107,49989.583333333336,0,19215.44680851064,5,5,5,1
msg_236,node1,node0,416,17280000,17280000.0,0.0,,,,0.46808510638297873,136363.81818181818,1,95736.68085106384,85.13829787234043,0,19215.44680851064,5,5,5,4
msg_237,node2,node0,416,17280000,17280012.0,12.0,,,,112.59574468085107,49989.583333333336,1,95736.68085106384,85.13829787234043,0,19215.44680851064,5,5,5,4
msg_238,node3,node0,416,17280000,17280013.0,13.0,,,,113.61702127659575,92292.92307692308,1,99992.125,84.30526315789474,0,20233.78151260504,2,2,5,4
msg_239,node4,node0,416,17280000,17280013.0,13.0,,,,113.87234042553192,109085.36363636363,1,99992.125,83.93193717277487,0,20149.175732217573,1,1,5,4
msg_240,node0,node2,416,17340012,17640000.0,299988.0,,,,97951.48979591837,83.5625,1,110.5,69221.0,0,19982.020746887967,5,5,5,1
msg_241,node0,node3,416,17340013,17340014.0,1.0,,,,99992.125,83.5625,1,111.52083333333333,92292.92307692308,0,20065.275,2,2,5,1
msg_242,node1,node0,416,17640000,17640001.0,1.0,,,,0.4583333333333333,136363.81818181818,1,97951.48979591837,83.5625,0,19982.020746887967,5,5,5,4
msg_243,node2,node0,416,17640000,17640089.0,89.0,,,,110.5,85704.35714285714,1,101992.22,83.13471502590673,0,21052.08230452675,3,3,5,4
msg_244,node3,node0,416,17640000,17640090.0,90.0,,,,111.52083333333333,85700.64285714286,1,101992.22,83.16494845360825,0,20966.168032786885,2,2,5,4
msg_245,node4,node0,416,17640000,17640090.0,90.0,,,,111.77083333333333,109085.36363636363,1,101992.22,83.16494845360825,0,20966.168032786885,2,2,5,4
msg_246,node0,node2,416,17700089,18000000.0,299911.0,,,,101992.22,83.23469387755102,1,110.06122448979592,85704.35714285714,0,20796.443089430893,5,5,5,1
msg_247,node1,node0,416,18000000,18000000.0,0.0,,,,0.46938775510204084,136363.81818181818,1,101992.22,83.23469387755102,0,20796.443089430893,5,5,5,4
msg_248,node2,node0,416,18000000,18000107.0,107.0,,,,110.06122448979592,85704.35714285714,1,101992.22,83.23469387755102,0,20796.443089430893,5,5,5,4
msg_249,node3,node0,416,18000000,18000108.0,108.0,,,,111.08163265306122,85700.64285714286,1,105872.98039215687,82.93434343434343,0,21750.775100401606,2,2,5,4
msg_250,node4,node0,416,18000000,18000108.0,108.0,,,,111.3265306122449,109085.36363636363,1,105872.98039215687,83.06030150753769,0,21664.204,1,1,5,4
msg_251,node0,node2,416,18060107,18060107.0,0.0,,,,105872.98039215687,83.185,1,110.0,99984.8,0,21578.322709163345,1,1,5,1
msg_252,node0,node3,416,18060108,18060109.0,1.0,,,,103836.96153846153,83.185,1,111.02,85700.64285714286,0,21492.694444444445,1,1,5,1
msg_253,node1,node0,416,18360000,18360001.0,1.0,,,,0.46,136363.81818181818,1,101877.7924528302,83.185,0,21407.747035573124,4,4,5,4
msg_254,node2,node0,416,18360000,18360005.0,5.0,,,,110.0,93735.75,1,101877.7924528302,83.185,0,21407.747035573124,4,4,5,4
msg_255,node3,node0,416,18360000,18360007.0,7.0,,,,111.02,79987.33333333333,1,101877.7924528302,82.01477832512315,0,21156.921875,1,1,5,4
msg_256,node4,node0,416,18360000,18360006.0,6.0,,,,111.26,109085.36363636363,1,101877.7924528302,82.39108910891089,0,21239.866666666665,2,2,5,4
msg_257,node0,node4,416,18420006,18420008.0,2.0,,,,101877.7924528302,81.6470588235294,1,109.19607843137256,109085.36363636363,0,21074.62645914397,1,1,5,1
msg_258,node1,node0,416,18720000,18720000.0,0.0,,,,0.47058823529411764,136363.81818181818,1,99991.20370370371,81.6470588235294,0,20992.9496124031,4,4,5,4
msg_259,node2,node0,416,18720000,18720001.0,1.0,,,,107.94117647058823,93735.75,1,99991.20370370371,81.24878048780488,0,20911.895752895754,3,3,5,4
msg_260,node3,node0,416,18720000,18720002.0,2.0,,,,108.98039215686275,79987.33333333333,1,99991.20370370371,81.24878048780488,0,20911.895752895754,3,3,5,4
msg_261,node4,node0,416,18720000,18720003.0,3.0,,,,109.19607843137256,99995.08333333333,1,99991.20370370371,80.47826086956522,0,20751.66283524904,1,1,5,4
msg_262,node0,node1,416,18780000,19080000.0,300000.0,,,,98173.2,80.10576923076923,1,0.46153846153846156,136363.81818181818,0,20593.87072243346,5,5,5,1
msg_263,node0,node3,416,18780002,18780003.0,1.0,,,,99991.20370370371,80.10576923076923,1,106.92307692307692,79987.33333333333,0,20672.469465648854,2,2,5,1
msg_264,node1,node0,416,19080000,19080001.0,1.0,,,,0.46153846153846156,150000.16666666666,1,101777.25,80.10576923076923,0,21652.227272727272,4,4,5,4
msg_265,node2,node0,416,19080000,19080099.0,99.0,,,,105.88461538461539,93735.75,1,101777.25,80.10576923076923,0,21652.227272727272,4,4,5,4
msg_266,node3,node0,416,19080000,19080100.0,100.0,,,,106.92307692307692,74988.1875,1,101777.25,79.81904761904762,0,21489.804511278195,2,2,5,4
msg_267,node4,node0,416,19080000,19080100.0,100.0,,,,107.15384615384616,99995.08333333333,1,101777.25,79.91469194312796,0,21409.69288389513,1,1,5,4
msg_268,node0,node2,416,19140099,19440000.0,299901.0,,,,101777.25,80.00943396226415,1,105.75471698113208,93735.75,0,21330.17910447761,5,5,5,1
msg_269,node1,node0,416,19440000,19440000.0,0.0,,,,0.4716981132075472,150000.16666666666,1,101777.25,80.00943396226415,0,21330.17910447761,5,5,5,4
msg_270,node2,node0,416,19440000,19440107.0,107.0,,,,105.75471698113208,93735.75,1,101777.25,80.00943396226415,0,21330.17910447761,5,5,5,4
msg_271,node3,node0,416,19440000,19440108.0,108.0,,,,106.79245283018868,74988.1875,1,105253.1052631579,79.76168224299066,0,22201.09225092251,2,2,5,4
msg_272,node4,node0,416,19440000,19440108.0,108.0,,,,107.01886792452831,99995.08333333333,1,105253.1052631579,79.89302325581396,0,22119.867647058825,1,1,5,4
msg_273,node0,node3,416,19500108,19500109.0,1.0,,,,105253.1052631579,80.02314814814815,1,106.81481481481481,74988.1875,0,22039.238095238095,1,1,5,1
msg_274,node1,node0,416,19800000,19800000.0,0.0,,,,0.46296296296296297,150000.16666666666,1,103438.41379310345,80.02314814814815,0,21958.806569343065,4,4,5,4
msg_275,node2,node0,416,19800000,19800002.0,2.0,,,,105.77777777777777,105863.11764705883,1,103438.41379310345,80.02314814814815,0,21958.806569343065,4,4,5,4
msg_276,node3,node0,416,19800000,19800003.0,3.0,,,,106.81481481481481,70577.17647058824,1,103438.41379310345,79.29816513761467,0,21799.692028985508,2,2,5,4
msg_277,node4,node0,416,19800000,19800003.0,3.0,,,,107.03703703703704,99995.08333333333,1,103438.41379310345,78.94977168949772,0,21721.003610108302,1,1,5,4
msg_278,node0,node3,416,19860003,20160000.0,299997.0,,,,103438.41379310345,78.60454545454546,1,104.92727272727272,70577.17647058824,0,21642.88129496403,5,5,5,1
msg_279,node1,node0,416,20160000,20160001.0,1.0,,,,0.45454545454545453,150000.16666666666,1,106769.91525423729,78.60454545454546,0,22640.566308243728,4,4,5,4
msg_280,node2,node0,416,20160000,20160111.0,111.0,,,,103.89090909090909,105863.11764705883,1,106769.91525423729,78.60454545454546,0,22640.566308243728,4,4,5,4
msg_281,node3,node0,416,20160000,20160112.0,112.0,,,,104.92727272727272,83322.72222222222,1,106769.91525423729,78.40090090090091,0,22479.822064056938,2,2,5,4
msg_282,node4,node0,416,20160000,20160113.0,113.0,,,,105.14545454545454,99995.08333333333,1,106769.91525423729,78.55156950672645,0,22400.50354609929,1,1,5,4
msg_283,node1,node0,416,20520000,20520001.0,1.0,,,,0.4642857142857143,150000.16666666666,1,106769.91525423729,78.70535714285714,0,22321.749116607774,4,4,5,4
msg_284,node2,node0,416,20520000,20520004.0,4.0,,,,104.01785714285714,105863.11764705883,1,106769.91525423729,78.70535714285714,0,22321.749116607774,4,4,5,4
msg_285,node3,node0,416,20520000,20520005.0,5.0,,,,105.05357142857143,83322.72222222222,1,106769.91525423729,78.03097345132744,0,22165.122807017542,2,2,5,4
msg_286,node4,node0,416,20520000,20520006.0,6.0,,,,105.28571428571429,99995.08333333333,1,106769.91525423729,77.70925110132158,0,22087.63986013986,1,1,5,4
msg_287,node0,node2,416,20580004,20580006.0,2.0,,,,106769.91525423729,77.39473684210526,1,102.26315789473684,105863.11764705883,0,22010.700348432056,2,2,5,1
msg_288,node0,node4,416,20580006,20580008.0,2.0,,,,106769.91525423729,77.39473684210526,1,103.54385964912281,99995.08333333333,0,22010.700348432056,2,2,5,1
msg_289,node1,node0,416,20880000,20880000.0,0.0,,,,0.47368421052631576,150000.16666666666,1,103269.32786885246,77.39473684210526,0,21858.39100346021,4,4,5,4
msg_290,node2,node0,416,20880000,20880001.0,1.0,,,,102.26315789473684,99981.94444444444,1,103269.32786885246,77.39473684210526,0,21858.39100346021,4,4,5,4
msg_291,node3,node0,416,20880000,20880002.0,2.0,,,,103.29824561403508,83322.72222222222,1,103269.32786885246,76.72608695652174,0,21708.164948453606,2,2,5,4
msg_292,node4,node0,416,20880000,20880003.0,3.0,,,,103.54385964912281,92303.30769230769,1,103269.32786885246,76.40259740259741,0,21633.828767123287,1,1,5,4
msg_293,node0,node1,416,20940000,20940000.0,0.0,,,,103269.32786885246,76.08620689655173,1,0.46551724137931033,150000.16666666666,0,21560.003412969283,1,1,5,1
msg_294,node0,node2,416,20940001,20940001.0,0.0,,,,101603.69354838709,76.08620689655173,1,100.51724137931035,99981.94444444444,0,21486.67006802721,1,1,5,1
msg_295,node1,node0,416,21240000,21240001.0,1.0,,,,0.46551724137931033,138461.6923076923,1,99990.93650793651,76.08620689655173,0,21413.833898305085,4,4,5,4
msg_296,node2,node0,416,21240000,21240005.0,5.0,,,,100.51724137931035,94719.73684210527,1,99990.93650793651,76.08620689655173,0,21413.833898305085,4,4,5,4
msg_297,node3,node0,416,21240000,21240006.0,6.0,,,,101.55172413793103,83322.72222222222,1,99990.93650793651,75.46153846153847,0,21269.6531986532,2,2,5,4
msg_298,node4,node0,416,21240000,21240006.0,6.0,,,,101.8103448275862,92303.30769230769,1,99990.93650793651,75.1659574468085,0,21198.298657718122,1,1,5,4
msg_299,node0,node2,416,21300005,21600000.0,299995.0,,,,98428.578125,74.87288135593221,1,98.89830508474576,94719.73684210527,0,21056.996666666666,5,5,5,1
msg_300,node0,node3,416,21300006,21300006.0,0.0,,,,99990.93650793651,74.87288135593221,1,99.9322033898305,83322.72222222222,0,21127.421404682274,2,2,5,1
msg_301,node1,node0,416,21600000,21600001.0,1.0,,,,0.4745762711864407,138461.6923076923,1,98428.578125,74.87288135593221,0,21056.996666666666,5,5,5,4
msg_302,node2,node0,416,21600000,21600090.0,90.0,,,,98.89830508474576,104983.5,1,101529.6,74.56118143459915,0,21910.91059602649,3,3,5,4
msg_303,node3,node0,416,21600000,21600091.0,91.0,,,,99.9322033898305,78937.31578947368,1,101529.6,74.62605042016807,0,21838.894389438945,2,2,5,4
msg_304,node4,node0,416,21600000,21600091.0,91.0,,,,100.1864406779661,92303.30769230769,1,101529.6,74.62605042016807,0,21838.894389438945,2,2,5,4
msg_305,node1,node0,416,21960000,21960000.0,0.0,,,,0.48333333333333334,138461.6923076923,1,101529.6,74.7625,0,21696.28524590164,4,4,5,4
msg_306,node2,node0,416,21960000,21960001.0,1.0,,,,98.75,104983.5,1,101529.6,74.7625,0,21696.28524590164,4,4,5,4
msg_307,node3,node0,416,21960000,21960002.0,2.0,,,,99.78333333333333,78937.31578947368,1,101529.6,74.14876033057851,0,21554.944625407166,2,2,5,4
msg_308,node4,node0,416,21960000,21960002.0,2.0,,,,100.03333333333333,92303.30769230769,1,101529.6,73.85185185185185,0,21484.967532467534,1,1,5,4
msg_309,node0,node1,416,22020000,22020000.0,0.0,,,,101529.6,73.55737704918033,1,0.47540983606557374,138461.6923076923,0,21415.44336569579,1,1,5,1
msg_310,node0,node2,416,22020001,22020002.0,1.0,,,,99991.27272727272,73.55737704918033,1,97.14754098360656,104983.5,0,21346.36129032258,1,1,5,1
msg_311,node1,node0,416,22320000,22320000.0,0.0,,,,0.47540983606557374,128571.57142857143,1,98498.88059701493,73.55737704918033,0,21277.726688102895,4,4,5,4
msg_312,node2,node0,416,22320000,22320002.0,2.0,,,,97.14754098360656,99984.33333333333,1,98498.88059701493,73.55737704918033,0,21277.726688102895,4,4,5,4
msg_313,node3,node0,416,22320000,22320003.0,3.0,,,,98.18032786885246,78937.31578947368,1,98498.88059701493,72.96747967479675,0,21141.7731629393,2,2,5,4
msg_314,node4,node0,416,22320000,22320003.0,3.0,,,,98.42622950819673,92303.30769230769,1,98498.88059701493,72.6842105263158,0,21074.452229299364,1,1,5,4
msg_315,node1,node0,416,22680000,22680000.0,0.0,,,,0.46774193548387094,128571.57142857143,1,98498.88059701493,72.40322580645162,0,21007.55873015873,4,4,5,4
msg_316,node2,node0,416,22680000,22680002.0,2.0,,,,95.61290322580645,99984.33333333333,1,98498.88059701493,72.40322580645162,0,21007.55873015873,4,4,5,4
msg_317,node3,node0,416,22680000,22680003.0,3.0,,,,96.64516129032258,78937.31578947368,1,98498.88059701493,71.832,0,20875.02523659306,2,2,5,4
msg_318,node4,node0,416,22680000,22680003.0,3.0,,,,96.88709677419355,92303.30769230769,1,98498.88059701493,71.55776892430279,0,20809.389937106916,1,1,5,4
msg_319,node0,node2,416,22740002,22740003.0,1.0,,,,98498.88059701493,71.28571428571429,1,94.12698412698413,99984.33333333333,0,20744.166144200626,2,2,5,1
msg_320,node0,node3,416,22740003,22740004.0,1.0,,,,98498.88059701493,71.28571428571429,1,95.15873015873017,78937.31578947368,0,20744.166144200626,2,2,5,1
msg_321,node1,node0,416,23040000,23040000.0,0.0,,,,0.4603174603174603,128571.57142857143,1,95643.86956521739,71.28571428571429,0,20614.92523364486,4,4,5,4
msg_322,node2,node0,416,23040000,23040004.0,4.0,,,,94.12698412698413,95439.63636363637,1,95643.86956521739,71.28571428571429,0,20614.92523364486,4,4,5,4
msg_323,node3,node0,416,23040000,23040005.0,5.0,,,,95.15873015873017,74990.5,1,95643.86956521739,70.74015748031496,0,20487.291021671826,2,2,5,4
msg_324,node4,node0,416,23040000,23040005.0,5.0,,,,95.39682539682539,92303.30769230769,1,95643.86956521739,70.48235294117647,0,20424.074074074073,1,1,5,4
msg_325,node0,node2,416,23100004,23100004.0,0.0,,,,95643.86956521739,70.2265625,1,92.71875,95439.63636363637,0,20361.246153846154,1,1,5,1
msg_326,node1,node0,416,23400000,23400000.0,0.0,,,,0.453125,128571.57142857143,1,94277.52857142857,70.2265625,0,20298.78834355828,4,4,5,4
msg_327,node2,node0,416,23400000,23400003.0,3.0,,,,92.71875,91290.08695652174,1,94277.52857142857,69.95330739299611,0,20236.7125382263,3,3,5,4
msg_328,node3,node0,416,23400000,23400003.0,3.0,,,,93.75,74990.5,1,94277.52857142857,69.43243243243244,0,20113.70820668693,1,1,5,4
msg_329,node4,node0,416,23400000,23400002.0,2.0,,,,93.984375,92303.30769230769,1,94277.52857142857,69.95330739299611,0,20236.7125382263,3,3,5,4
msg_330,node0,node1,416,23460000,23760000.0,300000.0,,,,94277.52857142857,69.17692307692307,1,0.4461538461538462,128571.57142857143,0,20052.766666666666,5,5,5,1
msg_331,node1,node0,416,23760000,23760001.0,1.0,,,,0.4461538461538462,128571.57142857143,1,94277.52857142857,69.17692307692307,0,20052.766666666666,5,5,5,4
msg_332,node2,node0,416,23760000,23760075.0,75.0,,,,91.33846153846154,91290.08695652174,1,97175.02816901408,68.91570881226053,0,20835.5843373494,3,3,5,4
msg_333,node3,node0,416,23760000,23760076.0,76.0,,,,92.35384615384615,74990.5,1,97175.02816901408,68.93893129770993,0,20773.24024024024,2,2,5,4
msg_334,node4,node0,416,23760000,23760077.0,77.0,,,,92.56923076923077,92303.30769230769,1,97175.02816901408,68.93893129770993,0,20773.24024024024,2,2,5,4
msg_335,node1,node0,416,24120000,24120001.0,1.0,,,,0.45454545454545453,140000.13333333333,1,97175.02816901408,68.99621212121212,0,20649.6776119403,4,4,5,4
msg_336,node2,node0,416,24120000,24120005.0,5.0,,,,91.0909090909091,91290.08695652174,1,97175.02816901408,68.73962264150943,0,20588.223214285714,3,3,5,4
msg_337,node3,node0,416,24120000,24120006.0,6.0,,,,92.10606060606061,74990.5,1,97175.02816901408,68.5,0,20527.145400593472,2,2,5,4
msg_338,node4,node0,416,24120000,24120007.0,7.0,,,,92.33333333333333,92303.30769230769,1,97175.02816901408,68.5,0,20527.145400593472,2,2,5,4
msg_339,node0,node3,416,24180006,24480000.0,299994.0,,,,97175.02816901408,68.03731343283582,1,90.82089552238806,74990.5,0,20406.0796460177,5,5,5,1
msg_340,node1,node0,416,24480000,24480000.0,0.0,,,,0.4626865671641791,140000.13333333333,1,97175.02816901408,68.03731343283582,0,20406.0796460177,5,5,5,4
msg_341,node2,node0,416,24480000,24480046.0,46.0,,,,89.80597014925372,91290.08695652174,1,97175.02816901408,68.03731343283582,0,20406.0796460177,5,5,5,4
msg_342,node3,node0,416,24480000,24480047.0,47.0,,,,90.82089552238806,85704.95238095238,1,99991.95833333333,67.70370370370371,0,21104.38888888889,2,2,5,4
msg_343,node4,node0,416,24480000,24480047.0,47.0,,,,91.05970149253731,92303.30769230769,1,99991.95833333333,67.62730627306273,0,21042.997084548104,1,1,5,4
msg_344,node0,node2,416,24540046,24540046.0,0.0,,,,99991.95833333333,67.55147058823529,1,89.16176470588235,91290.08695652174,0,20981.962209302324,1,1,5,1
msg_345,node1,node0,416,24840000,24840000.0,0.0,,,,0.45588235294117646,140000.13333333333,1,98622.20547945205,67.55147058823529,0,20921.144927536232,4,4,5,4
msg_346,node2,node0,416,24840000,24840002.0,2.0,,,,89.16176470588235,87486.33333333333,1,98622.20547945205,67.3040293040293,0,20860.679190751445,3,3,5,4
msg_347,node3,node0,416,24840000,24840003.0,3.0,,,,90.17647058823529,85704.95238095238,1,98622.20547945205,67.06569343065694,0,20800.567723342938,2,2,5,4
msg_348,node4,node0,416,24840000,24840003.0,3.0,,,,90.41176470588235,92303.30769230769,1,98622.20547945205,67.06569343065694,0,20800.567723342938,2,2,5,4
msg_349,node0,node1,416,24900000,25200000.0,300000.0,,,,98622.20547945205,66.60144927536231,1,0.4492753623188406,140000.13333333333,0,20681.383954154728,5,5,5,1
msg_350,node1,node0,416,25200000,25200000.0,0.0,,,,0.4492753623188406,140000.13333333333,1,98622.20547945205,66.60144927536231,0,20681.383954154728,5,5,5,4
msg_351,node2,node0,416,25200000,25200105.0,105.0,,,,87.89855072463769,87486.33333333333,1,98622.20547945205,66.60144927536231,0,20681.383954154728,5,5,5,4
msg_352,node3,node0,416,25200000,25200106.0,106.0,,,,88.91304347826087,85704.95238095238,1,101343.52702702703,66.5,0,21357.69318181818,2,2,5,4
msg_353,node4,node0,416,25200000,25200106.0,106.0,,,,89.14492753623189,92303.30769230769,1,101343.52702702703,66.6415770609319,0,21297.490084985835,1,1,5,4
msg_354,node0,node2,416,25260105,25260105.0,0.0,,,,101343.52702702703,66.78214285714286,1,88.14285714285714,87486.33333333333,0,21237.627118644068,1,1,5,1
msg_355,node1,node0,416,25560000,25560001.0,1.0,,,,0.44285714285714284,150000.125,1,99992.28,66.78214285714286,0,21177.802816901407,4,4,5,4
msg_356,node2,node0,416,25560000,25560007.0,7.0,,,,88.14285714285714,83986.88,1,99992.28,66.33333333333333,0,21059.179271708683,2,2,5,4
msg_357,node3,node0,416,25560000,25560006.0,6.0,,,,89.15714285714286,85704.95238095238,1,99992.28,66.54804270462634,0,21118.317415730337,3,3,5,4
msg_358,node4,node0,416,25560000,25560008.0,8.0,,,,89.38571428571429,92303.30769230769,1,99992.28,66.33333333333333,0,21059.179271708683,2,2,5,4
msg_359,node0,node2,416,25620007,25920000.0,299993.0,,,,99992.28,65.91901408450704,1,87.0,83986.88,0,20941.899721448466,5,5,5,1
msg_360,node1,node0,416,25920000,25920001.0,1.0,,,,0.4507042253521127,150000.125,1,99992.28,65.91901408450704,0,20941.899721448466,5,5,5,4
msg_361,node2,node0,416,25920000,25920060.0,60.0,,,,87.0,92294.80769230769,1,102623.86842105263,65.69122807017544,0,21656.8864265928,3,3,5,4
msg_362,node3,node0,416,25920000,25920061.0,61.0,,,,87.98591549295774,85704.95238095238,1,102623.86842105263,65.67132867132867,0,21597.226519337015,2,2,5,4
msg_363,node4,node0,416,25920000,25920062.0,62.0,,,,88.2394366197183,92303.30769230769,1,102623.86842105263,65.67132867132867,0,21597.226519337015,2,2,5,4
msg_364,node1,node0,416,26280000,26280001.0,1.0,,,,0.4583333333333333,150000.125,1,102623.86842105263,65.64236111111111,0,21478.898351648353,4,4,5,4
msg_365,node2,node0,416,26280000,26280006.0,6.0,,,,86.625,92294.80769230769,1,102623.86842105263,65.64236111111111,0,21478.898351648353,4,4,5,4
msg_366,node3,node0,416,26280000,26280007.0,7.0,,,,87.61111111111111,85704.95238095238,1,102623.86842105263,65.21379310344828,0,21361.546448087433,2,2,5,4
msg_367,node4,node0,416,26280000,26280008.0,8.0,,,,87.875,92303.30769230769,1,102623.86842105263,65.01374570446735,0,21303.359673024523,1,1,5,4
msg_368,node0,node4,416,26340008,26640001.0,299993.0,,,,102623.86842105263,64.81849315068493,1,86.78082191780823,92303.30769230769,0,21245.491847826088,5,5,5,1
msg_369,node1,node0,416,26640000,26640001.0,1.0,,,,0.4657534246575342,150000.125,1,102623.86842105263,64.81849315068493,0,21245.491847826088,5,5,5,4
msg_370,node2,node0,416,26640000,26640096.0,96.0,,,,85.52054794520548,92294.80769230769,1,105187.1038961039,64.60068259385666,0,21941.445945945947,3,3,5,4
msg_371,node3,node0,416,26640000,26640097.0,97.0,,,,86.5068493150685,85704.95238095238,1,105187.1038961039,64.70748299319727,0,21882.56334231806,2,2,5,4
msg_372,node4,node0,416,26640000,26640098.0,98.0,,,,86.78082191780823,107138.28571428571,1,105187.1038961039,64.70748299319727,0,21882.56334231806,2,2,5,4
msg_373,node0,node2,416,26700096,27000000.0,299904.0,,,,105187.1038961039,64.92905405405405,1,85.66216216216216,92294.80769230769,0,21765.753351206433,5,5,5,1
msg_374,node1,node0,416,27000000,27000000.0,0.0,,,,0.47297297297297297,150000.125,1,105187.1038961039,64.92905405405405,0,21765.753351206433,5,5,5,4
msg_375,node2,node0,416,27000000,27000115.0,115.0,,,,85.66216216216216,92294.80769230769,1,105187.1038961039,64.92905405405405,0,21765.753351206433,5,5,5,4
msg_376,node3,node0,416,27000000,27000116.0,116.0,,,,86.64864864864865,85704.95238095238,1,107683.47435897436,64.87919463087249,0,22390.01329787234,2,2,5,4
msg_377,node4,node0,416,27000000,27000117.0,117.0,,,,86.93243243243244,107138.28571428571,1,107683.47435897436,65.05016722408027,0,22330.931034482757,1,1,5,4
msg_378,node1,node0,416,27360000,27360000.0,0.0,,,,0.4666666666666667,150000.125,1,107683.47435897436,65.22333333333333,0,22272.164021164022,4,4,5,4
msg_379,node2,node0,416,27360000,27360002.0,2.0,,,,86.05333333333333,99984.03703703704,1,107683.47435897436,65.22333333333333,0,22272.164021164022,4,4,5,4
msg_380,node3,node0,416,27360000,27360003.0,3.0,,,,87.04,85704.95238095238,1,107683.47435897436,64.79801324503312,0,22154.947368421053,2,2,5,4
msg_381,node4,node0,416,27360000,27360004.0,4.0,,,,87.33333333333333,107138.28571428571,1,107683.47435897436,64.5940594059406,0,22096.805774278215,1,1,5,4
msg_382,node1,node0,416,27720000,27720000.0,0.0,,,,0.4605263157894737,150000.125,1,107683.47435897436,64.39473684210526,0,22038.97120418848,4,4,5,4
msg_383,node2,node0,416,27720000,27720002.0,2.0,,,,84.94736842105263,99984.03703703704,1,107683.47435897436,64.18360655737705,0,21981.42819843342,3,3,5,4
msg_384,node3,node0,416,27720000,27720003.0,3.0,,,,85.9342105263158,85704.95238095238,1,107683.47435897436,63.98039215686274,0,21924.190104166668,2,2,5,4
msg_385,node4,node0,416,27720000,27720003.0,3.0,,,,86.23684210526316,107138.28571428571,1,107683.47435897436,63.98039215686274,0,21924.190104166668,2,2,5,4
msg_386,node0,node2,416,27780002,28080000.0,299998.0,,,,106320.41772151898,63.58441558441559,1,83.87012987012987,99984.03703703704,0,21754.25581395349,5,5,5,1
msg_387,node0,node4,416,27780003,27780005.0,2.0,,,,107683.47435897436,63.58441558441559,1,85.15584415584415,107138.28571428571,0,21810.608808290155,2,2,5,1
msg_388,node1,node0,416,28080000,28080000.0,0.0,,,,0.45454545454545453,150000.125,1,106320.41772151898,63.58441558441559,0,21754.25581395349,5,5,5,4
msg_389,node2,node0,416,28080000,28080074.0,74.0,,,,83.87012987012987,99984.03703703704,1,106320.41772151898,63.58441558441559,0,21754.25581395349,5,5,5,4
msg_390,node3,node0,416,28080000,28080075.0,75.0,,,,84.85714285714286,85704.95238095238,1,108741.3875,63.41290322580645,0,22356.330769230768,2,2,5,4
msg_391,node4,node0,416,28080000,28080076.0,76.0,,,,85.15584415584415,99995.86666666667,1,108741.3875,63.450160771704184,0,22299.345268542198,1,1,5,4
msg_392,node1,node0,416,28440000,28440000.0,0.0,,,,0.44871794871794873,150000.125,1,108741.3875,63.49038461538461,0,22242.65306122449,4,4,5,4
msg_393,node2,node0,416,28440000,28440002.0,2.0,,,,83.74358974358974,107127.39285714286,1,108741.3875,63.287539936102235,0,22186.055979643766,3,3,5,4
msg_394,node3,node0,416,28440000,28440003.0,3.0,,,,84.73076923076923,85704.95238095238,1,108741.3875,63.09235668789809,0,22129.751269035532,2,2,5,4
msg_395,node4,node0,416,28440000,28440003.0,3.0,,,,85.03846153846153,99995.86666666667,1,108741.3875,63.09235668789809,0,22129.751269035532,2,2,5,4
msg_396,node1,node0,416,28800000,28800000.0,0.0,,,,0.4430379746835443,150000.125,1,108741.3875,62.712025316455694,0,22018.0,4,4,5,4
msg_397,node2,node0,416,28800000,28800002.0,2.0,,,,82.70886075949367,107127.39285714286,1,108741.3875,62.712025316455694,0,22018.0,4,4,5,4
msg_398,node3,node0,416,28800000,28800003.0,3.0,,,,83.69620253164557,85704.95238095238,1,108741.3875,62.32389937106918,0,21907.361809045226,2,2,5,4
msg_399,node4,node0,416,28800000,28800003.0,3.0,,,,84.0,99995.86666666667,1,108741.3875,62.13793103448276,0,21852.46365914787,1,1,5,4
msg_400,node0,node4,416,28860003,29160001.0,299998.0,,,,108741.3875,61.953125,1,82.9875,99995.86666666667,0,21797.84,5,5,5,1
msg_401,node1,node0,416,29160000,29160000.0,0.0,,,,0.4375,150000.125,1,108741.3875,61.953125,0,21797.84,5,5,5,4
msg_402,node2,node0,416,29160000,29160087.0,87.0,,,,81.7,107127.39285714286,1,111102.58024691358,61.7601246105919,0,22435.65671641791,3,3,5,4
msg_403,node3,node0,416,29160000,29160088.0,88.0,,,,82.6875,85704.95238095238,1,111102.58024691358,61.838509316770185,0,22380.20099255583,2,2,5,4
msg_404,node4,node0,416,29160000,29160088.0,88.0,,,,82.9875,112496.0,1,111102.58024691358,61.838509316770185,0,22380.20099255583,2,2,5,4
msg_405,node0,node1,416,29220000,29520000.0,300000.0,,,,108425.43373493975,62.0,1,0.43209876543209874,150000.125,0,22160.685503685505,5,5,5,1
msg_406,node0,node2,416,29220087,29220088.0,1.0,,,,111102.58024691358,62.0,1,81.76543209876543,107127.39285714286,0,22270.116049382716,3,3,5,1
msg_407,node0,node3,416,29220088,29220089.0,1.0,,,,111102.58024691358,62.0,1,82.75308641975309,85704.95238095238,0,22270.116049382716,3,3,5,1
msg_408,node1,node0,416,29520000,29520000.0,0.0,,,,0.43209876543209874,150000.125,1,108425.43373493975,62.0,0,22160.685503685505,5,5,5,4
msg_409,node2,node0,416,29520000,29521064.0,1064.0,,,,81.76543209876543,103433.37931034483,1,108425.43373493975,62.0,0,22160.685503685505,5,5,5,4
msg_410,node3,node0,416,29520000,29521065.0,1065.0,,,,82.75308641975309,81809.31818181818,1,110706.08333333333,64.88343558282209,0,22732.836585365854,2,2,5,4
msg_411,node4,node0,416,29520000,29521065.0,1065.0,,,,83.04938271604938,112496.0,1,110706.08333333333,67.94189602446484,0,22680.116788321167,1,1,5,4
msg_412,node0,node3,416,29581065,29581065.0,0.0,,,,110706.08333333333,70.98170731707317,1,94.73170731707317,81809.31818181818,0,22627.65291262136,1,1,5,1
msg_413,node1,node0,416,29880000,29880000.0,0.0,,,,0.4268292682926829,158823.64705882352,1,109403.65882352942,70.98170731707317,0,22572.86440677966,4,4,5,4
msg_414,node2,node0,416,29880000,29880007.0,7.0,,,,93.7439024390244,103433.37931034483,1,109403.65882352942,70.76595744680851,0,22518.340579710144,3,3,5,4
msg_415,node3,node0,416,29880000,29880008.0,8.0,,,,94.73170731707317,78252.39130434782,1,109403.65882352942,70.76595744680851,0,22518.340579710144,3,3,5,4
msg_416,node4,node0,416,29880000,29880008.0,8.0,,,,95.02439024390245,112496.0,1,109403.65882352942,70.38368580060423,0,22410.115384615383,1,1,5,4
msg_417,node1,node0,416,30240000,30240000.0,0.0,,,,0.42168674698795183,158823.64705882352,1,109403.65882352942,70.19578313253012,0,22356.3932853717,4,4,5,4
msg_418,node2,node0,416,30240000,30240002.0,2.0,,,,92.6987951807229,103433.37931034483,1,109403.65882352942,70.19578313253012,0,22356.3932853717,4,4,5,4
msg_419,node3,node0,416,30240000,30240003.0,3.0,,,,93.6867469879518,78252.39130434782,1,109403.65882352942,69.7814371257485,0,22249.684964200478,2,2,5,4
msg_420,node4,node0,416,30240000,30240004.0,4.0,,,,93.97590361445783,112496.0,1,109403.65882352942,69.58208955223881,0,22196.716666666667,1,1,5,4
msg_421,node1,node0,416,30600000,30600000.0,0.0,,,,0.4166666666666667,158823.64705882352,1,109403.65882352942,69.38690476190476,0,22144.002375296914,4,4,5,4
msg_422,node2,node0,416,30600000,30600003.0,3.0,,,,91.61904761904762,103433.37931034483,1,109403.65882352942,69.18100890207715,0,22091.528436018958,3,3,5,4
msg_423,node3,node0,416,30600000,30600004.0,4.0,,,,92.60714285714286,78252.39130434782,1,109403.65882352942,68.98520710059172,0,22039.309692671395,2,2,5,4
msg_424,node4,node0,416,30600000,30600004.0,4.0,,,,92.9047619047619,112496.0,1,109403.65882352942,68.98520710059172,0,22039.309692671395,2,2,5,4
msg_425,node0,node1,416,30660000,30960000.0,300000.0,,,,108131.52325581395,68.6029411764706,1,0.4117647058823529,158823.64705882352,0,21884.1220657277,5,5,5,1
msg_426,node0,node2,416,30660003,30660003.0,0.0,,,,109403.65882352942,68.6029411764706,1,90.5764705882353,103433.37931034483,0,21935.61411764706,2,2,5,1
msg_427,node1,node0,416,30960000,30960001.0,1.0,,,,0.4117647058823529,158823.64705882352,1,108131.52325581395,68.6029411764706,0,21884.1220657277,5,5,5,4
msg_428,node2,node0,416,30960000,30960075.0,75.0,,,,90.5764705882353,99985.6,1,110336.908045977,68.40469208211144,0,22482.796728971964,3,3,5,4
msg_429,node3,node0,416,30960000,30960076.0,76.0,,,,91.56470588235294,78252.39130434782,1,110336.908045977,68.42397660818713,0,22430.5641025641,2,2,5,4
msg_430,node4,node0,416,30960000,30960077.0,77.0,,,,91.85882352941177,112496.0,1,110336.908045977,68.42397660818713,0,22430.5641025641,2,2,5,4
msg_431,node1,node0,416,31320000,31320000.0,0.0,,,,0.4186046511627907,166666.77777777778,1,110336.908045977,68.47093023255815,0,22326.83294663573,4,4,5,4
msg_432,node2,node0,416,31320000,31320002.0,2.0,,,,90.3953488372093,99985.6,1,110336.908045977,68.47093023255815,0,22326.83294663573,4,4,5,4
msg_433,node3,node0,416,31320000,31320003.0,3.0,,,,91.38372093023256,78252.39130434782,1,110336.908045977,68.08092485549133,0,22223.711316397228,2,2,5,4
msg_434,node4,node0,416,31320000,31320004.0,4.0,,,,91.68604651162791,112496.0,1,110336.908045977,67.89337175792507,0,22172.511520737327,1,1,5,4
msg_435,node0,node1,416,31380000,31680000.0,300000.0,,,,110336.908045977,67.70977011494253,1,0.41379310344827586,166666.77777777778,0,22121.549425287358,5,5,5,1
msg_436,node1,node0,416,31680000,31680000.0,0.0,,,,0.41379310344827586,166666.77777777778,1,110336.908045977,67.70977011494253,0,22121.549425287358,5,5,5,4
msg_437,node2,node0,416,31680000,31680044.0,44.0,,,,89.37931034482759,99985.6,1,110336.908045977,67.70977011494253,0,22121.549425287358,5,5,5,4
msg_438,node3,node0,416,31680000,31680045.0,45.0,,,,90.36781609195403,78252.39130434782,1,112492.17045454546,67.44857142857143,0,22655.06392694064,2,2,5,4
msg_439,node4,node0,416,31680000,31680045.0,45.0,,,,90.67816091954023,112496.0,1,112492.17045454546,67.38461538461539,0,22603.56036446469,1,1,5,4
msg_440,node0,node1,416,31740000,32040000.0,300000.0,,,,109992.34444444445,67.32102272727273,1,0.4090909090909091,173684.31578947368,0,22450.2443438914,5,5,5,1
msg_441,node0,node2,416,31740044,31740044.0,0.0,,,,112492.17045454546,67.32102272727273,1,88.86363636363636,99985.6,0,22552.29090909091,2,2,5,1
msg_442,node0,node3,416,31740045,31740045.0,0.0,,,,111228.21348314607,67.32102272727273,1,89.85227272727273,78252.39130434782,0,22501.15192743764,2,2,5,1
msg_443,node1,node0,416,32040000,32040000.0,0.0,,,,0.4090909090909091,173684.31578947368,1,109992.34444444445,67.32102272727273,0,22450.2443438914,5,5,5,4
msg_444,node2,node0,416,32040000,32040082.0,82.0,,,,88.86363636363636,96760.25806451614,1,109992.34444444445,67.32102272727273,0,22450.2443438914,5,5,5,4
msg_445,node3,node0,416,32040000,32040083.0,83.0,,,,89.85227272727273,74991.875,1,112080.34065934065,67.17231638418079,0,22973.23595505618,2,2,5,4
msg_446,node4,node0,416,32040000,32040083.0,83.0,,,,90.1590909090909,112496.0,1,112080.34065934065,67.21690140845071,0,22921.912556053812,1,1,5,4
msg_447,node0,node3,416,32100083,32400000.0,299917.0,,,,112080.34065934065,67.26123595505618,1,89.7752808988764,74991.875,0,22870.81879194631,5,5,5,1
msg_448,node1,node0,416,32400000,32400000.0,0.0,,,,0.4044943820224719,180000.1,1,112080.34065934065,67.26123595505618,0,22870.81879194631,5,5,5,4
msg_449,node2,node0,416,32400000,32400046.0,46.0,,,,88.78651685393258,96760.25806451614,1,112080.34065934065,67.26123595505618,0,22870.81879194631,5,5,5,4
msg_450,node3,node0,416,32400000,32400047.0,47.0,,,,89.7752808988764,83988.88,1,114122.04347826086,67.01396648044692,0,23384.931111111113,2,2,5,4
msg_451,node4,node0,416,32400000,32400047.0,47.0,,,,90.07865168539325,112496.0,1,114122.04347826086,66.958217270195,0,23333.18403547672,1,1,5,4
msg_452,node0,node1,416,32460000,32760000.0,300000.0,,,,114122.04347826086,66.90277777777777,1,0.4,180000.1,0,23281.66592920354,5,5,5,1
msg_453,node1,node0,416,32760000,32760001.0,1.0,,,,0.4,185714.38095238095,1,116120.7311827957,66.90277777777777,0,23892.523178807947,4,4,5,4
msg_454,node2,node0,416,32760000,32760098.0,98.0,,,,88.31111111111112,96760.25806451614,1,116120.7311827957,66.90277777777777,0,23892.523178807947,4,4,5,4
msg_455,node3,node0,416,32760000,32760099.0,99.0,,,,89.3,83988.88,1,116120.7311827957,66.80662983425414,0,23787.71868131868,2,2,5,4
msg_456,node4,node0,416,32760000,32760100.0,100.0,,,,89.6,112496.0,1,116120.7311827957,66.89531680440771,0,23735.769736842107,1,1,5,4
msg_457,node0,node1,416,32820002,33120000.0,299998.0,,,,113676.11578947368,66.98626373626374,1,0.4065934065934066,185714.38095238095,0,23580.858387799562,5,5,5,1
msg_458,node0,node3,416,32820099,32820100.0,1.0,,,,116120.7311827957,66.98626373626374,1,89.4065934065934,83988.88,0,23684.05032822757,3,3,5,1
msg_459,node0,node4,416,32820100,32820102.0,2.0,,,,116120.7311827957,66.98626373626374,1,89.71428571428571,112496.0,0,23684.05032822757,3,3,5,1
msg_460,node1,node0,416,33120000,33120000.0,0.0,,,,0.4065934065934066,185714.38095238095,1,113676.11578947368,66.98626373626374,0,23580.858387799562,5,5,5,4
msg_461,node2,node0,416,33120000,33121080.0,1080.0,,,,88.41758241758242,96760.25806451614,1,115616.96875,66.8027397260274,0,24129.310195227765,3,3,5,4
msg_462,node3,node0,416,33120000,33121081.0,1081.0,,,,89.4065934065934,80758.57692307692,1,115616.96875,66.8027397260274,0,24129.310195227765,3,3,5,4
msg_463,node4,node0,416,33120000,33121082.0,1082.0,,,,89.71428571428571,105878.70588235294,1,115616.96875,72.32697547683924,0,24029.747300215982,1,1,5,4
msg_464,node1,node0,416,33480000,33480000.0,0.0,,,,0.40217391304347827,190909.0909090909,1,115616.96875,75.07065217391305,0,23980.290948275862,4,4,5,4
msg_465,node2,node0,416,33480000,33480010.0,10.0,,,,99.19565217391305,96760.25806451614,1,115616.96875,75.07065217391305,0,23980.290948275862,4,4,5,4
msg_466,node3,node0,416,33480000,33480011.0,11.0,,,,100.18478260869566,80758.57692307692,1,115616.96875,74.69189189189188,0,23877.39270386266,2,2,5,4
msg_467,node4,node0,416,33480000,33480011.0,11.0,,,,100.5,105878.70588235294,1,115616.96875,74.52021563342318,0,23826.2869379015,1,1,5,4
msg_468,node0,node2,416,33540010,33540011.0,1.0,,,,115616.96875,74.34946236559139,1,98.23655913978494,96760.25806451614,0,23775.399572649574,2,2,5,1
msg_469,node0,node3,416,33540011,33540012.0,1.0,,,,114425.05154639175,74.34946236559139,1,99.2258064516129,80758.57692307692,0,23724.7078891258,1,1,5,1
msg_470,node1,node0,416,33840000,33840000.0,0.0,,,,0.3978494623655914,190909.0909090909,1,113257.45918367348,74.34946236559139,0,23674.23191489362,4,4,5,4
msg_471,node2,node0,416,33840000,33840005.0,5.0,,,,98.23655913978494,93736.53125,1,113257.45918367348,73.96256684491979,0,23573.925847457627,2,2,5,4
msg_472,node3,node0,416,33840000,33840005.0,5.0,,,,99.2258064516129,77767.55555555556,1,113257.45918367348,73.77866666666667,0,23524.097251585623,1,1,5,4
msg_473,node4,node0,416,33840000,33840004.0,4.0,,,,99.53763440860214,105878.70588235294,1,113257.45918367348,74.34946236559139,0,23674.23191489362,4,4,5,4
msg_474,node0,node2,416,33900005,34200000.0,299995.0,,,,113257.45918367348,73.59574468085107,1,97.24468085106383,93736.53125,0,23474.478902953586,5,5,5,1
msg_475,node1,node0,416,34200000,34200000.0,0.0,,,,0.39361702127659576,190909.0909090909,1,113257.45918367348,73.59574468085107,0,23474.478902953586,5,5,5,4
msg_476,node2,node0,416,34200000,34200084.0,84.0,,,,97.24468085106383,93736.53125,1,113257.45918367348,73.59574468085107,0,23474.478902953586,5,5,5,4
msg_477,node3,node0,416,34200000,34200085.0,85.0,,,,98.22340425531915,77767.55555555556,1,115143.69696969698,73.42857142857143,0,23955.937106918238,2,2,5,4
msg_478,node4,node0,416,34200000,34200085.0,85.0,,,,98.52127659574468,105878.70588235294,1,115143.69696969698,73.45910290237467,0,23905.99790794979,1,1,5,4
msg_479,node0,node3,416,34260085,34260086.0,1.0,,,,115143.69696969698,73.48947368421052,2,98.08421052631579,77767.55555555556,0,23856.267223382045,2,2,5,2
msg_480,node0,node4,417,34260085,34260088.0,3.0,,,,115143.69696969698,73.48947368421052,2,98.37894736842105,105878.70588235294,0,23856.267223382045,2,2,5,2
msg_481,node1,node0,416,34560000,34560000.0,0.0,,,,0.3894736842105263,190909.0909090909,1,112863.66336633664,73.48947368421052,0,23757.08108108108,4,4,5,4
msg_482,node2,node0,416,34560000,34560003.0,3.0,,,,97.10526315789474,99986.78787878787,1,112863.66336633664,73.48947368421052,0,23757.08108108108,4,4,5,4
msg_483,node3,node0,416,34560000,34560004.0,4.0,,,,98.08421052631579,74990.17857142857,1,112863.66336633664,73.11256544502618,0,23658.714285714286,2,2,5,4
msg_484,node4,node0,416,34560000,34560004.0,4.0,,,,98.37894736842105,99996.72222222222,1,112863.66336633664,72.93211488250653,0,23609.840909090908,1,1,5,4
msg_485,node0,node1,417,34620000,34920000.0,300000.0,,,,111757.16666666667,72.75260416666667,1,0.3854166666666667,190909.0909090909,0,23512.69135802469,5,5,5,1
msg_486,node0,node3,417,34620004,34620005.0,1.0,,,,112863.66336633664,72.75260416666667,1,97.10416666666667,74990.17857142857,0,23561.16907216495,2,2,5,1
msg_487,node1,node0,416,34920000,34920000.0,0.0,,,,0.3854166666666667,190909.0909090909,1,111757.16666666667,72.75260416666667,0,23512.69135802469,5,5,5,4
msg_488,node2,node0,416,34920000,34920086.0,86.0,,,,96.125,99986.78787878787,1,113584.76699029126,72.56363636363636,0,24031.081967213115,3,3,5,4
msg_489,node3,node0,416,34920000,34920087.0,87.0,,,,97.10416666666667,72404.3448275862,1,113584.76699029126,72.59844559585493,0,23982.114519427403,2,2,5,4
msg_490,node4,node0,416,34920000,34920087.0,87.0,,,,97.39583333333333,99996.72222222222,1,113584.76699029126,72.59844559585493,0,23982.114519427403,2,2,5,4
msg_491,node0,node1,417,34980000,35280000.0,300000.0,,,,112492.61538461539,72.67268041237114,1,0.38144329896907214,195652.1739130435,0,23836.23780487805,5,5,5,1
msg_492,node0,node3,417,34980087,34980088.0,1.0,,,,113584.76699029126,72.67268041237114,1,97.0,72404.3448275862,0,23884.782077393076,2,2,5,1
msg_493,node1,node0,416,35280000,35280001.0,1.0,,,,0.38144329896907214,195652.1739130435,1,112492.61538461539,72.67268041237114,0,23836.23780487805,5,5,5,4
msg_494,node2,node0,416,35280000,35280093.0,93.0,,,,96.02061855670104,99986.78787878787,1,114278.4,72.48843187660668,0,24347.024291497975,3,3,5,4
msg_495,node3,node0,416,35280000,35280094.0,94.0,,,,97.0,69990.9,1,114278.4,72.54102564102564,0,24298.026262626263,2,2,5,4
msg_496,node4,node0,416,35280000,35280094.0,94.0,,,,97.28865979381443,99996.72222222222,1,114278.4,72.59590792838874,0,24249.227822580644,1,1,5,4
msg_497,node0,node4,417,35340094,35640001.0,299907.0,,,,114278.4,72.65051020408163,1,97.25510204081633,99996.72222222222,0,24200.625754527162,5,5,5,1
msg_498,node1,node0,416,35640000,35640001.0,1.0,,,,0.3877551020408163,200000.0,1,116029.61320754717,72.65051020408163,0,24754.253012048193,4,4,5,4
msg_499,node2,node0,416,35640000,35640092.0,92.0,,,,95.98979591836735,99986.78787878787,1,116029.61320754717,72.65051020408163,0,24754.253012048193,4,4,5,4
msg_500,node3,node0,416,35640000,35640093.0,93.0,,,,96.96938775510205,69990.9,1,116029.61320754717,72.51776649746193,0,24655.422,2,2,5,4
msg_501,node4,node0,416,35640000,35640094.0,94.0,,,,97.25510204081633,110518.31578947368,1,116029.61320754717,72.56962025316456,0,24606.395209580838,1,1,5,4
msg_502,node0,node3,417,35700093,36000000.0,299907.0,,,,116029.61320754717,72.62373737373737,1,96.92929292929293,69990.9,0,24557.56573705179,5,5,5,1
msg_503,node1,node0,416,36000000,36000000.0,0.0,,,,0.3939393939393939,200000.0,1,116029.61320754717,72.62373737373737,0,24557.56573705179,5,5,5,4
msg_504,node2,node0,416,36000000,36000016.0,16.0,,,,95.94949494949495,99986.78787878787,1,117748.09345794392,72.44080604534005,0,25055.16865079365,3,3,5,4
msg_505,node3,node0,416,36000000,36000017.0,17.0,,,,96.92929292929293,77407.54838709677,1,117748.09345794392,72.29899497487438,0,25005.58613861386,2,2,5,4
msg_506,node4,node0,416,36000000,36000017.0,17.0,,,,97.22222222222223,110518.31578947368,1,117748.09345794392,72.29899497487438,0,25005.58613861386,2,2,5,4
msg_507,node1,node0,417,36360000,36360000.0,0.0,,,,0.39,200000.0,1,117748.09345794392,72.0225,0,24907.011834319528,4,4,5,4
msg_508,node2,node0,417,36360000,36360007.0,7.0,,,,95.15,99986.78787878787,1,117748.09345794392,72.0225,0,24907.011834319528,4,4,5,4
msg_509,node3,node0,417,36360000,36360008.0,8.0,,,,96.13,77407.54838709677,1,117748.09345794392,71.68159203980099,0,24809.159135559923,2,2,5,4
msg_510,node4,node0,417,36360000,36360008.0,8.0,,,,96.42,110518.31578947368,1,117748.09345794392,71.52357320099256,0,24760.529411764706,1,1,5,4
msg_511,node0,node2,417,36420007,36420007.0,0.0,,,,117748.09345794392,71.36633663366337,1,94.27722772277228,99986.78787878787,0,24712.09001956947,1,1,5,1
msg_512,node1,node0,417,36720000,36720001.0,1.0,,,,0.38613861386138615,200000.0,1,116657.83333333333,71.36633663366337,0,24663.82421875,4,4,5,4
msg_513,node2,node0,417,36720000,36720013.0,13.0,,,,94.27722772277228,97046.0,1,116657.83333333333,70.8992628992629,0,24520.198058252427,1,1,5,4
msg_514,node3,node0,417,36720000,36720011.0,11.0,,,,95.25742574257426,77407.54838709677,1,116657.83333333333,71.19259259259259,0,24615.748538011696,3,3,5,4
msg_515,node4,node0,417,36720000,36720012.0,12.0,,,,95.54455445544555,110518.31578947368,1,116657.83333333333,71.19259259259259,0,24615.748538011696,3,3,5,4
msg_516,node0,node1,417,36780001,37080000.0,299999.0,,,,115587.58715596331,70.75735294117646,1,0.39215686274509803,200000.0,0,24425.36943907157,5,5,5,1
msg_517,node0,node4,417,36780012,36780013.0,1.0,,,,116657.83333333333,70.75735294117646,1,94.72549019607843,110518.31578947368,0,24472.70348837209,2,2,5,1
msg_518,node1,node0,417,37080000,37080001.0,1.0,,,,0.39215686274509803,200000.0,1,115587.58715596331,70.75735294117646,0,24425.36943907157,5,5,5,4
msg_519,node2,node0,417,37080000,37080089.0,89.0,,,,93.48039215686275,97046.0,1,117264.05454545455,70.58679706601467,0,24909.27938342967,3,3,5,4
msg_520,node3,node0,417,37080000,37080090.0,90.0,,,,94.43137254901961,77407.54838709677,1,117264.05454545455,70.63170731707316,0,24861.548076923078,2,2,5,4
msg_521,node4,node0,417,37080000,37080091.0,91.0,,,,94.72549019607843,104992.45,1,117264.05454545455,70.63170731707316,0,24861.548076923078,2,2,5,4
msg_522,node0,node1,417,37140001,37440000.0,299999.0,,,,115170.0625,70.72815533980582,1,0.39805825242718446,203999.96,0,24672.112595419847,5,5,5,1
msg_523,node0,node2,417,37140089,37140089.0,0.0,,,,117264.05454545455,70.72815533980582,1,93.4368932038835,97046.0,0,24766.639846743295,2,2,5,1
msg_524,node0,node4,417,37140091,37140092.0,1.0,,,,116207.62162162163,70.72815533980582,1,94.68932038834951,104992.45,0,24719.284894837478,2,2,5,1
msg_525,node1,node0,417,37440000,37440000.0,0.0,,,,0.39805825242718446,203999.96,1,115170.0625,70.72815533980582,0,24672.112595419847,5,5,5,4
msg_526,node2,node0,417,37440000,37440086.0,86.0,,,,93.4368932038835,94273.25714285714,1,115170.0625,70.72815533980582,0,24672.112595419847,5,5,5,4
msg_527,node3,node0,417,37440000,37440087.0,87.0,,,,94.3883495145631,77407.54838709677,1,116805.7168141593,70.59420289855072,0,25101.085388994306,2,2,5,4
msg_528,node4,node0,417,37440000,37440087.0,87.0,,,,94.68932038834951,99992.85714285714,1,116805.7168141593,70.63373493975904,0,25053.710227272728,1,1,5,4
msg_529,node0,node1,417,37500000,37800000.0,300000.0,,,,116805.7168141593,70.67307692307692,1,0.3942307692307692,207692.23076923078,0,25006.514177693763,5,5,5,1
msg_530,node1,node0,417,37800000,37800000.0,0.0,,,,0.3942307692307692,207692.23076923078,1,116805.7168141593,70.67307692307692,0,25006.514177693763,5,5,5,4
msg_531,node2,node0,417,37800000,37800015.0,15.0,,,,93.36538461538461,94273.25714285714,1,116805.7168141593,70.67307692307692,0,25006.514177693763,5,5,5,4
msg_532,node3,node0,417,37800000,37800016.0,16.0,,,,94.3173076923077,77407.54838709677,1,118412.68421052632,70.37081339712918,0,25429.437969924813,2,2,5,4
msg_533,node4,node0,417,37800000,37800016.0,16.0,,,,94.61538461538461,99992.85714285714,1,118412.68421052632,70.24105011933175,0,25381.757973733584,1,1,5,4
msg_534,node0,node2,417,37860015,37860015.0,0.0,,,,118412.68421052632,70.11190476190477,1,92.61904761904762,94273.25714285714,0,25334.256554307118,1,1,5,1
msg_535,node0,node4,417,37860016,37860017.0,1.0,,,,117383.00869565217,70.11190476190477,1,93.86666666666666,99992.85714285714,0,25286.902803738318,1,1,5,1
msg_536,node1,node0,417,38160000,38160000.0,0.0,,,,0.3904761904761905,211111.03703703705,1,116371.0948275862,70.11190476190477,0,25239.7276119403,4,4,5,4
msg_537,node2,node0,417,38160000,38160008.0,8.0,,,,92.61904761904762,91654.55555555556,1,116371.0948275862,70.11190476190477,0,25239.7276119403,4,4,5,4
msg_538,node3,node0,417,38160000,38160009.0,9.0,,,,93.57142857142857,77407.54838709677,1,116371.0948275862,69.79857819905213,0,25145.914498141265,2,2,5,4
msg_539,node4,node0,417,38160000,38160009.0,9.0,,,,93.86666666666666,95447.77272727272,1,116371.0948275862,69.79857819905213,0,25145.914498141265,2,2,5,4
msg_540,node0,node4,417,38220009,38520001.0,299992.0,,,,116371.0948275862,69.51179245283019,1,93.06603773584905,95447.77272727272,0,25052.814814814814,5,5,5,1
msg_541,node1,node0,417,38520000,38520000.0,0.0,,,,0.3867924528301887,211111.03703703705,1,116371.0948275862,69.51179245283019,0,25052.814814814814,5,5,5,4
msg_542,node2,node0,417,38520000,38520096.0,96.0,,,,91.82075471698113,91654.55555555556,1,117940.50427350428,69.34823529411764,0,25513.859778597787,3,3,5,4
msg_543,node3,node0,417,38520000,38520097.0,97.0,,,,92.77358490566037,77407.54838709677,1,117940.50427350428,69.41079812206573,0,25467.049723756907,2,2,5,4
msg_544,node4,node0,417,38520000,38520098.0,98.0,,,,93.06603773584905,104341.0,1,117940.50427350428,69.41079812206573,0,25467.049723756907,2,2,5,4
msg_545,node0,node4,417,38580098,38880001.0,299903.0,,,,117940.50427350428,69.54205607476635,1,93.11214953271028,104341.0,0,25373.950458715597,5,5,5,1
msg_546,node1,node0,417,38880000,38880001.0,1.0,,,,0.38317757009345793,211111.03703703705,1,117940.50427350428,69.54205607476635,0,25373.950458715597,5,5,5,4
msg_547,node2,node0,417,38880000,38880090.0,90.0,,,,91.85981308411215,91654.55555555556,1,119482.55932203389,69.38228438228438,0,25829.446069469835,3,3,5,4
msg_548,node3,node0,417,38880000,38880091.0,91.0,,,,92.81308411214954,77407.54838709677,1,119482.55932203389,69.43023255813954,0,25782.47627737226,2,2,5,4
msg_549,node4,node0,417,38880000,38880091.0,91.0,,,,93.11214953271028,112489.41666666667,1,119482.55932203389,69.43023255813954,0,25782.47627737226,2,2,5,4
msg_550,node1,node0,417,39240000,39240000.0,0.0,,,,0.3888888888888889,211111.03703703705,1,119482.55932203389,69.5300925925926,0,25689.052727272727,4,4,5,4
msg_551,node2,node0,417,39240000,39240013.0,13.0,,,,91.8425925925926,91654.55555555556,1,119482.55932203389,69.5300925925926,0,25689.052727272727,4,4,5,4
msg_552,node3,node0,417,39240000,39240014.0,14.0,,,,92.79629629629629,77407.54838709677,1,119482.55932203389,69.23963133640552,0,25596.0,2,2,5,4
msg_553,node4,node0,417,39240000,39240014.0,14.0,,,,93.0925925925926,112489.41666666667,1,119482.55932203389,69.11264367816092,0,25549.739602169982,1,1,5,4
msg_554,node1,node0,417,39600000,39600000.0,0.0,,,,0.3853211009174312,211111.03703703705,1,119482.55932203389,68.9862385321101,0,25503.646209386283,4,4,5,4
msg_555,node2,node0,417,39600000,39600011.0,11.0,,,,91.11926605504587,91654.55555555556,1,119482.55932203389,68.9862385321101,0,25503.646209386283,4,4,5,4
msg_556,node3,node0,417,39600000,39600012.0,12.0,,,,92.07339449541284,77407.54838709677,1,119482.55932203389,68.69634703196347,0,25411.926258992808,2,2,5,4
msg_557,node4,node0,417,39600000,39600012.0,12.0,,,,92.36697247706422,112489.41666666667,1,119482.55932203389,68.56719817767653,0,25366.324955116695,1,1,5,4
msg_558,node0,node1,417,39660000,39660000.0,0.0,,,,119482.55932203389,68.43863636363636,1,0.38181818181818183,211111.03703703705,0,25320.887096774193,1,1,5,1
msg_559,node1,node0,417,39960000,39960000.0,0.0,,,,0.38181818181818183,203571.35714285713,1,118478.50420168067,68.43863636363636,0,25275.590339892664,4,4,5,4
msg_560,node2,node0,417,39960000,39960007.0,7.0,,,,90.39090909090909,91654.55555555556,1,118478.50420168067,68.43863636363636,0,25275.590339892664,4,4,5,4
msg_561,node3,node0,417,39960000,39960008.0,8.0,,,,91.34545454545454,77407.54838709677,1,118478.50420168067,68.1447963800905,0,25185.49376114082,2,2,5,4
msg_562,node4,node0,417,39960000,39960009.0,9.0,,,,91.63636363636364,112489.41666666667,1,118478.50420168067,68.00902934537245,0,25140.693950177934,1,1,5,4
msg_563,node0,node3,417,40020008,40020008.0,0.0,,,,118478.50420168067,67.87612612612612,1,90.5945945945946,77407.54838709677,0,25096.055062166964,1,1,5,1
msg_564,node0,node4,417,40020009,40020011.0,2.0,,,,117491.18333333333,67.87612612612612,1,90.89189189189189,112489.41666666667,0,25051.558510638297,1,1,5,1
msg_565,node1,node0,417,40320000,40320000.0,0.0,,,,0.3783783783783784,203571.35714285713,1,116520.19834710743,67.87612612612612,0,25007.223008849556,4,4,5,4
msg_566,node2,node0,417,40320000,40320005.0,5.0,,,,89.63963963963964,91654.55555555556,1,116520.19834710743,67.87612612612612,0,25007.223008849556,4,4,5,4
msg_567,node3,node0,417,40320000,40320006.0,6.0,,,,90.5945945945946,74988.5625,1,116520.19834710743,67.5829596412556,0,24919.022927689595,2,2,5,4
msg_568,node4,node0,417,40320000,40320006.0,6.0,,,,90.89189189189189,107989.92,1,116520.19834710743,67.44519015659955,0,24875.161971830985,1,1,5,4
msg_569,node0,node3,417,40380006,40680000.0,299994.0,,,,116520.19834710743,67.30803571428571,1,89.83928571428571,74988.5625,0,24831.455184534272,5,5,5,1
msg_570,node1,node0,417,40680000,40680001.0,1.0,,,,0.375,203571.35714285713,1,116520.19834710743,67.30803571428571,0,24831.455184534272,5,5,5,4
msg_571,node2,node0,417,40680000,40680039.0,39.0,,,,88.88392857142857,91654.55555555556,1,118024.08196721312,67.16035634743875,0,25269.865148861645,3,3,5,4
msg_572,node3,node0,417,40680000,40680040.0,40.0,,,,89.83928571428571,81806.90909090909,1,118024.08196721312,67.09777777777778,0,25225.755244755244,2,2,5,4
msg_573,node4,node0,417,40680000,40680041.0,41.0,,,,90.13392857142857,107989.92,1,118024.08196721312,67.03769401330376,0,25181.801047120418,1,1,5,4
msg_574,node1,node0,417,41040000,41040000.0,0.0,,,,0.3805309734513274,203571.35714285713,1,118024.08196721312,66.98008849557522,0,25138.00174216028,4,4,5,4
msg_575,node2,node0,417,41040000,41040005.0,5.0,,,,88.4424778761062,91654.55555555556,1,118024.08196721312,66.83222958057395,0,25094.28347826087,3,3,5,4
msg_576,node3,node0,417,41040000,41040006.0,6.0,,,,89.39823008849558,81806.90909090909,1,118024.08196721312,66.83222958057395,0,25094.28347826087,3,3,5,4
msg_577,node4,node0,417,41040000,41040006.0,6.0,,,,89.69911504424779,107989.92,1,118024.08196721312,66.56263736263736,0,25007.32062391681,1,1,5,4
msg_578,node0,node4,417,41100006,41100007.0,1.0,,,,118024.08196721312,66.4298245614035,1,88.96491228070175,107989.92,0,24964.065743944637,1,1,5,1
msg_579,node1,node0,417,41400000,41400000.0,0.0,,,,0.37719298245614036,203571.35714285713,1,117064.54471544715,66.4298245614035,0,24920.95164075993,4,4,5,4
msg_580,node2,node0,417,41400000,41400015.0,15.0,,,,87.71052631578948,91654.55555555556,1,117064.54471544715,66.4298245614035,0,24920.95164075993,4,4,5,4
msg_581,node3,node0,417,41400000,41400016.0,16.0,,,,88.66666666666667,81806.90909090909,1,117064.54471544715,66.17248908296943,0,24835.19104991394,2,2,5,4
msg_582,node4,node0,417,41400000,41400016.0,16.0,,,,88.96491228070175,103836.5,1,117064.54471544715,66.06318082788671,0,24792.546391752578,1,1,5,4
msg_583,node0,node2,417,41460015,41460015.0,0.0,,,,117064.54471544715,65.95434782608696,1,87.07826086956521,91654.55555555556,0,24750.048027444253,1,1,5,1
msg_584,node1,node0,417,41760000,41760000.0,0.0,,,,0.3739130434782609,203571.35714285713,1,116120.4758064516,65.95434782608696,0,24707.66780821918,4,4,5,4
msg_585,node2,node0,417,41760000,41760008.0,8.0,,,,87.07826086956521,89177.4054054054,1,116120.4758064516,65.95434782608696,0,24707.66780821918,4,4,5,4
msg_586,node3,node0,417,41760000,41760009.0,9.0,,,,88.03478260869565,81806.90909090909,1,116120.4758064516,65.68614718614718,0,24623.35494880546,2,2,5,4
msg_587,node4,node0,417,41760000,41760009.0,9.0,,,,88.33043478260869,103836.5,1,116120.4758064516,65.56371490280777,0,24581.422487223168,1,1,5,4
msg_588,node0,node2,417,41820008,41820008.0,0.0,,,,116120.4758064516,65.44181034482759,1,86.39655172413794,89177.4054054054,0,24539.632653061224,1,1,5,1
msg_589,node0,node3,417,41820009,41820009.0,0.0,,,,115191.512,65.44181034482759,1,87.35344827586206,81806.90909090909,0,24497.969439728353,1,1,5,1
msg_590,node1,node0,417,42120000,42120000.0,0.0,,,,0.3706896551724138,203571.35714285713,1,114277.29365079365,65.44181034482759,0,24456.44745762712,4,4,5,4
msg_591,node2,node0,417,42120000,42120007.0,7.0,,,,86.39655172413794,86830.63157894737,1,114277.29365079365,65.3010752688172,0,24415.065989847717,3,3,5,4
msg_592,node3,node0,417,42120000,42120008.0,8.0,,,,87.35344827586206,79400.82352941176,1,114277.29365079365,65.17596566523605,0,24373.83614864865,2,2,5,4
msg_593,node4,node0,417,42120000,42120008.0,8.0,,,,87.64655172413794,103836.5,1,114277.29365079365,65.17596566523605,0,24373.83614864865,2,2,5,4
msg_594,node0,node1,417,42180000,42480000.0,300000.0,,,,112491.7421875,64.93162393162393,1,0.36752136752136755,203571.35714285713,0,24210.28691275168,5,5,5,1
msg_595,node0,node3,417,42180008,42180009.0,1.0,,,,114277.29365079365,64.93162393162393,2,86.67521367521367,79400.82352941176,0,24291.796296296296,3,3,5,2
msg_596,node0,node4,417,42180008,42180011.0,3.0,,,,114277.29365079365,64.93162393162393,2,86.96581196581197,103836.5,0,24291.796296296296,3,3,5,2
msg_597,node1,node0,417,42480000,42480001.0,1.0,,,,0.36752136752136755,203571.35714285713,1,112491.7421875,64.93162393162393,0,24210.28691275168,5,5,5,4
msg_598,node2,node0,417,42480000,42480079.0,79.0,,,,85.71794871794872,86830.63157894737,1,113945.2945736434,64.7953091684435,0,24630.989966555186,3,3,5,4
msg_599,node3,node0,417,42480000,42480080.0,80.0,,,,86.67521367521367,77132.25714285714,1,113945.2945736434,64.82553191489362,0,24590.00166944908,2,2,5,4
msg_600,node4,node0,417,42480000,42480081.0,81.0,,,,86.96581196581197,99990.81481481482,1,113945.2945736434,64.82553191489362,0,24590.00166944908,2,2,5,4
msg_601,node1,node0,417,42840000,42840000.0,0.0,,,,0.3728813559322034,206896.4827586207,1,113945.2945736434,64.89194915254237,0,24508.439267886853,4,4,5,4
msg_602,node2,node0,417,42840000,42840005.0,5.0,,,,85.66101694915254,86830.63157894737,1,113945.2945736434,64.89194915254237,0,24508.439267886853,4,4,5,4
msg_603,node3,node0,417,42840000,42840006.0,6.0,,,,86.61864406779661,77132.25714285714,1,113945.2945736434,64.62869198312237,0,24427.1592039801,2,2,5,4
msg_604,node4,node0,417,42840000,42840006.0,6.0,,,,86.91525423728814,99990.81481481482,1,113945.2945736434,64.50526315789473,0,24386.726821192053,1,1,5,4
msg_605,node0,node1,417,42900000,42900000.0,0.0,,,,113945.2945736434,64.38235294117646,1,0.3697478991596639,206896.4827586207,0,24346.428099173554,1,1,5,1
msg_606,node1,node0,417,43200000,43200000.0,0.0,,,,0.3697478991596639,199999.93333333332,1,113068.7923076923,64.38235294117646,0,24306.252475247526,4,4,5,4
msg_607,node2,node0,417,43200000,43200014.0,14.0,,,,84.98319327731092,86830.63157894737,1,113068.7923076923,64.38235294117646,0,24306.252475247526,4,4,5,4
msg_608,node3,node0,417,43200000,43200015.0,15.0,,,,85.94117647058823,77132.25714285714,1,113068.7923076923,64.14225941422595,0,24226.32072368421,2,2,5,4
msg_609,node4,node0,417,43200000,43200015.0,15.0,,,,86.23529411764706,99990.81481481482,1,113068.7923076923,64.03966597077245,0,24186.56486042693,1,1,5,4
msg_610,node0,node1,417,43260000,43260000.0,0.0,,,,113068.7923076923,63.9375,1,0.36666666666666664,199999.93333333332,0,24146.939344262297,1,1,5,1
msg_611,node0,node3,417,43260015,43260015.0,0.0,,,,112205.6717557252,63.9375,2,85.35,77132.25714285714,0,24107.418985270047,2,2,5,2
msg_612,node0,node4,417,43260015,43260017.0,2.0,,,,112205.6717557252,63.9375,2,85.64166666666667,99990.81481481482,0,24107.418985270047,2,2,5,2
msg_613,node1,node0,417,43560000,43560000.0,0.0,,,,0.36666666666666664,193548.32258064515,1,110518.38345864661,63.9375,0,24028.768352365416,4,4,5,4
msg_614,node2,node0,417,43560000,43560005.0,5.0,,,,84.39166666666667,86830.63157894737,1,110518.38345864661,63.9375,0,24028.768352365416,4,4,5,4
msg_615,node3,node0,417,43560000,43560006.0,6.0,,,,85.35,74989.69444444444,1,110518.38345864661,63.68257261410788,0,23950.634146341465,2,2,5,4
msg_616,node4,node0,417,43560000,43560007.0,7.0,,,,85.64166666666667,96419.78571428571,1,110518.38345864661,63.56314699792961,0,23911.762987012986,1,1,5,4
msg_617,node0,node4,417,43620007,43920001.0,299994.0,,,,110518.38345864661,63.446280991735534,1,84.99173553719008,96419.78571428571,0,23873.019448946514,5,5,5,1
msg_618,node1,node0,417,43920000,43920000.0,0.0,,,,0.36363636363636365,193548.32258064515,1,110518.38345864661,63.446280991735534,0,23873.019448946514,5,5,5,4
msg_619,node2,node0,417,43920000,43920063.0,63.0,,,,83.73553719008264,86830.63157894737,1,111932.38059701493,63.31275720164609,0,24241.46612903226,2,2,5,4
msg_620,node3,node0,417,43920000,43920063.0,63.0,,,,84.69421487603306,74989.69444444444,1,111932.38059701493,63.31211498973306,0,24202.531400966185,1,1,5,4
msg_621,node4,node0,417,43920000,43920062.0,62.0,,,,84.99173553719008,103439.58620689655,1,111932.38059701493,63.315463917525776,0,24280.528271405492,3,3,5,4
msg_622,node0,node4,417,43980062,43980063.0,1.0,,,,111932.38059701493,63.31147540983606,1,84.80327868852459,103439.58620689655,0,24163.721864951767,1,1,5,1
msg_623,node1,node0,417,44280000,44280000.0,0.0,,,,0.36065573770491804,193548.32258064515,1,111103.25925925926,63.31147540983606,0,24124.937399678973,4,4,5,4
msg_624,node2,node0,417,44280000,44280014.0,14.0,,,,83.56557377049181,86830.63157894737,1,111103.25925925926,63.18200408997955,0,24086.27564102564,3,3,5,4
msg_625,node3,node0,417,44280000,44280015.0,15.0,,,,84.51639344262296,74989.69444444444,1,111103.25925925926,63.08163265306123,0,24047.76,2,2,5,4
msg_626,node4,node0,417,44280000,44280015.0,15.0,,,,84.80327868852459,99991.63333333333,1,111103.25925925926,63.08163265306123,0,24047.76,2,2,5,4
msg_627,node0,node2,417,44340014,44640000.0,299986.0,,,,110286.33088235294,62.886178861788615,1,83.0,86830.63157894737,0,23932.93152866242,5,5,5,1
msg_628,node0,node3,417,44340015,44340016.0,1.0,,,,111103.25925925926,62.886178861788615,1,83.95121951219512,74989.69444444444,0,23971.1004784689,2,2,5,1
msg_629,node1,node0,417,44640000,44640000.0,0.0,,,,0.35772357723577236,193548.32258064515,1,110286.33088235294,62.886178861788615,0,23932.93152866242,5,5,5,4
msg_630,node2,node0,417,44640000,44640087.0,87.0,,,,83.0,86830.63157894737,1,110286.33088235294,62.886178861788615,0,23932.93152866242,5,5,5,4
msg_631,node3,node0,417,44640000,44640089.0,89.0,,,,83.95121951219512,72962.97297297297,1,111671.0,62.85858585858586,0,24256.395569620254,1,1,5,4
msg_632,node4,node0,417,44640000,44640088.0,88.0,,,,84.23577235772358,99991.63333333333,1,111671.0,62.80769230769231,0,24294.69730586371,2,2,5,4
msg_633,node0,node1,417,44700000,45000000.0,300000.0,,,,111671.0,62.91129032258065,1,0.3548387096774194,193548.32258064515,0,24218.21642969984,5,5,5,1
msg_634,node1,node0,417,45000000,45000001.0,1.0,,,,0.3548387096774194,196874.9375,1,113035.70289855072,62.91129032258065,0,24653.203470031545,4,4,5,4
msg_635,node2,node0,417,45000000,45000080.0,80.0,,,,83.03225806451613,92296.15384615384,1,113035.70289855072,62.91129032258065,0,24653.203470031545,4,4,5,4
msg_636,node3,node0,417,45000000,45000081.0,81.0,,,,83.99193548387096,72962.97297297297,1,113035.70289855072,62.821285140562246,0,24575.80503144654,2,2,5,4
msg_637,node4,node0,417,45000000,45000081.0,81.0,,,,84.26612903225806,99991.63333333333,1,113035.70289855072,62.857715430861724,0,24537.351648351647,1,1,5,4
msg_638,node1,node0,417,45360000,45360000.0,0.0,,,,0.36,196874.9375,1,113035.70289855072,62.894,0,24499.01880877743,4,4,5,4
msg_639,node2,node0,417,45360000,45360015.0,15.0,,,,83.008,92296.15384615384,1,113035.70289855072,62.768463073852296,0,24460.67918622848,3,3,5,4
msg_640,node3,node0,417,45360000,45360016.0,16.0,,,,83.968,72962.97297297297,1,113035.70289855072,62.768463073852296,0,24460.67918622848,3,3,5,4
msg_641,node4,node0,417,45360000,45360016.0,16.0,,,,84.24,99991.63333333333,1,113035.70289855072,62.58051689860835,0,24384.40717628705,1,1,5,4
msg_642,node0,node1,417,45420000,45420000.0,0.0,,,,113035.70289855072,62.48809523809524,1,0.35714285714285715,196874.9375,0,24346.45015576324,1,1,5,1
msg_643,node0,node2,417,45420015,45420015.0,0.0,,,,112222.4964028777,62.48809523809524,1,82.46825396825396,92296.15384615384,0,24308.58631415241,1,1,5,1
msg_644,node1,node0,417,45720000,45720000.0,0.0,,,,0.35714285714285715,190909.0303030303,1,111420.90714285715,62.48809523809524,0,24270.8400621118,4,4,5,4
msg_645,node2,node0,417,45720000,45720016.0,16.0,,,,82.46825396825396,89988.75,1,111420.90714285715,62.175542406311635,0,24158.346213292116,1,1,5,4
msg_646,node3,node0,417,45720000,45720014.0,14.0,,,,83.42857142857143,72962.97297297297,1,111420.90714285715,62.364356435643565,0,24233.21085271318,3,3,5,4
msg_647,node4,node0,417,45720000,45720015.0,15.0,,,,83.6984126984127,99991.63333333333,1,111420.90714285715,62.364356435643565,0,24233.21085271318,3,3,5,4
msg_648,node0,node4,417,45780015,45780016.0,1.0,,,,111420.90714285715,62.08464566929134,1,83.15748031496064,99991.63333333333,0,24121.08950617284,2,2,5,1
msg_649,node0,node2,417,45780016,45780017.0,1.0,,,,111420.90714285715,62.08464566929134,1,81.94488188976378,89988.75,0,24121.08950617284,2,2,5,1
msg_650,node1,node0,417,46080000,46080000.0,0.0,,,,0.3543307086614173,190909.0303030303,1,109851.61267605633,62.08464566929134,0,24046.873846153845,4,4,5,4
msg_651,node2,node0,417,46080000,46080007.0,7.0,,,,81.94488188976378,87793.9268292683,1,109851.61267605633,61.74168297455969,0,23936.415007656968,1,1,5,4
msg_652,node3,node0,417,46080000,46080005.0,5.0,,,,82.88188976377953,72962.97297297297,1,109851.61267605633,62.08464566929134,0,24046.873846153845,4,4,5,4
msg_653,node4,node0,417,46080000,46080006.0,6.0,,,,83.15748031496064,96766.12903225806,1,109851.61267605633,61.85098039215686,0,23973.11809815951,2,2,5,4
msg_654,node0,node3,417,46140005,46440000.0,299995.0,,,,109851.61267605633,61.634765625,1,82.2734375,72962.97297297297,0,23899.825688073393,5,5,5,1
msg_655,node1,node0,417,46440000,46440000.0,0.0,,,,0.3515625,190909.0303030303,1,109851.61267605633,61.634765625,0,23899.825688073393,5,5,5,4
msg_656,node2,node0,417,46440000,46440080.0,80.0,,,,81.359375,87793.9268292683,1,111181.28671328671,61.54863813229572,0,24247.427701674278,2,2,5,4
msg_657,node3,node0,417,46440000,46440079.0,79.0,,,,82.2734375,72962.97297297297,1,109851.61267605633,61.634765625,0,23899.825688073393,5,5,5,4
msg_658,node4,node0,417,46440000,46440081.0,81.0,,,,82.5546875,96766.12903225806,1,111181.28671328671,61.584466019417476,0,24210.699088145895,1,1,5,4
msg_659,node0,node2,417,46500080,46500080.0,0.0,,,,111181.28671328671,61.622093023255815,1,81.34883720930233,87793.9268292683,0,24174.08345978756,1,1,5,1
msg_660,node1,node0,417,46800000,46800000.0,0.0,,,,0.3488372093023256,190909.0303030303,1,110409.19444444444,61.622093023255815,0,24137.456060606062,4,4,5,4
msg_661,node2,node0,417,46800000,46800007.0,7.0,,,,81.34883720930233,85703.59523809524,1,110409.19444444444,61.502901353965186,0,24100.939485627838,3,3,5,4
msg_662,node3,node0,417,46800000,46800008.0,8.0,,,,82.24806201550388,78937.5,1,110409.19444444444,61.502901353965186,0,24100.939485627838,3,3,5,4
msg_663,node4,node0,417,46800000,46800008.0,8.0,,,,82.54263565891473,96766.12903225806,1,110409.19444444444,61.29479768786127,0,24028.25942684766,1,1,5,4
msg_664,node0,node4,417,46860008,46860009.0,1.0,,,,110409.19444444444,61.19230769230769,1,81.96923076923076,96766.12903225806,0,23992.0843373494,1,1,5,1
msg_665,node1,node0,417,47160000,47160000.0,0.0,,,,0.34615384615384615,190909.0303030303,1,109647.75862068965,61.19230769230769,0,23956.007518796992,4,4,5,4
msg_666,node2,node0,417,47160000,47160017.0,17.0,,,,80.77692307692308,85703.59523809524,1,109647.75862068965,61.19230769230769,0,23956.007518796992,4,4,5,4
msg_667,node3,node0,417,47160000,47160018.0,18.0,,,,81.67692307692307,78937.5,1,109647.75862068965,60.990421455938694,0,23884.200899550226,2,2,5,4
msg_668,node4,node0,417,47160000,47160018.0,18.0,,,,81.96923076923076,93742.21875,1,109647.75862068965,60.90822179732314,0,23848.473053892216,1,1,5,4
msg_669,node0,node2,417,47220017,47220017.0,0.0,,,,109647.75862068965,60.8263358778626,1,80.29007633587786,85703.59523809524,0,23812.85201793722,1,1,5,1
msg_670,node1,node0,417,47520000,47520000.0,0.0,,,,0.3435114503816794,190909.0303030303,1,108896.74657534246,60.8263358778626,0,23777.310447761192,4,4,5,4
msg_671,node2,node0,417,47520000,47520017.0,17.0,,,,80.29007633587786,83710.48837209302,1,108896.74657534246,60.53889943074004,0,23671.365527488855,1,1,5,4
msg_672,node3,node0,417,47520000,47520015.0,15.0,,,,81.19083969465649,78937.5,1,108896.74657534246,60.8263358778626,0,23777.310447761192,4,4,5,4
msg_673,node4,node0,417,47520000,47520016.0,16.0,,,,81.48091603053435,93742.21875,1,108896.74657534246,60.62357414448669,0,23706.566964285714,2,2,5,4
msg_674,node0,node1,417,47580000,47580000.0,0.0,,,,108896.74657534246,60.45643939393939,1,0.3409090909090909,190909.0303030303,0,23636.27002967359,1,1,5,1
msg_675,node0,node3,417,47580015,47580015.0,0.0,,,,108155.95238095238,60.45643939393939,1,80.68939393939394,78937.5,0,23601.253333333334,1,1,5,1
msg_676,node0,node4,417,47580016,47580017.0,1.0,,,,107425.16891891892,60.45643939393939,1,80.98484848484848,93742.21875,0,23566.340236686392,1,1,5,1
msg_677,node1,node0,417,47880000,47880000.0,0.0,,,,0.3409090909090909,185294.0588235294,1,106704.20134228189,60.45643939393939,0,23531.5317577548,4,4,5,4
msg_678,node2,node0,417,47880000,47880005.0,5.0,,,,79.81060606060606,83710.48837209302,1,106704.20134228189,60.45643939393939,0,23531.5317577548,4,4,5,4
msg_679,node3,node0,417,47880000,47880006.0,6.0,,,,80.68939393939394,76913.46153846153,1,106704.20134228189,60.237735849056605,0,23462.22680412371,2,2,5,4
msg_680,node4,node0,417,47880000,47880006.0,6.0,,,,80.98484848484848,90901.57575757576,1,106704.20134228189,60.13559322033898,0,23427.732352941177,1,1,5,4
msg_681,node0,node3,417,47940006,47940006.0,0.0,,,,106704.20134228189,60.03383458646616,1,80.12781954887218,76913.46153846153,0,23393.33920704846,1,1,5,1
msg_682,node1,node0,417,48240000,48240000.0,0.0,,,,0.3383458646616541,185294.0588235294,1,105992.84,60.03383458646616,0,23359.038123167156,4,4,5,4
msg_683,node2,node0,417,48240000,48240009.0,9.0,,,,79.24812030075188,83710.48837209302,1,105992.84,59.92120075046904,0,23324.83748169839,3,3,5,4
msg_684,node3,node0,417,48240000,48240010.0,10.0,,,,80.12781954887218,74990.625,1,105992.84,59.825842696629216,0,23290.75,2,2,5,4
msg_685,node4,node0,417,48240000,48240010.0,10.0,,,,80.42105263157895,90901.57575757576,1,105992.84,59.825842696629216,0,23290.75,2,2,5,4
msg_686,node0,node3,417,48300010,48600000.0,299990.0,,,,105992.84,59.639925373134325,2,79.6044776119403,74990.625,0,23222.87609329446,6,6,5,2
msg_687,node0,node4,417,48300010,48600002.0,299992.0,,,,107277.58940397351,59.639925373134325,2,79.8955223880597,90901.57575757576,0,23625.73944687045,5,5,5,2
msg_688,node1,node0,417,48600000,48600001.0,1.0,,,,0.3358208955223881,185294.0588235294,1,107277.58940397351,59.639925373134325,0,23625.73944687045,5,5,5,4
msg_689,node2,node0,417,48600000,48600061.0,61.0,,,,78.72388059701493,83710.48837209302,1,108545.44736842105,59.53072625698324,0,23992.56313497823,3,3,5,4
msg_690,node3,node0,417,48600000,48600062.0,62.0,,,,79.6044776119403,80478.41463414633,1,108545.44736842105,59.53345724907063,0,23957.879710144927,2,2,5,4
msg_691,node4,node0,417,48600000,48600062.0,62.0,,,,79.8955223880597,97051.29411764706,1,108545.44736842105,59.53345724907063,0,23957.879710144927,2,2,5,4
msg_692,node0,node4,417,48660062,48960001.0,299939.0,,,,108545.44736842105,59.54259259259259,1,79.76296296296296,97051.29411764706,0,23888.816473988438,5,5,5,1
msg_693,node1,node0,417,48960000,48960001.0,1.0,,,,0.34074074074074073,185294.0588235294,1,108545.44736842105,59.54259259259259,0,23888.816473988438,5,5,5,4
msg_694,node2,node0,417,48960000,48960051.0,51.0,,,,78.5925925925926,83710.48837209302,1,109796.38562091504,59.43438077634011,0,24252.16282420749,3,3,5,4
msg_695,node3,node0,417,48960000,48960052.0,52.0,,,,79.47407407407407,80478.41463414633,1,109796.38562091504,59.41881918819188,0,24217.341007194245,2,2,5,4
msg_696,node4,node0,417,48960000,48960052.0,52.0,,,,79.76296296296296,102848.08571428571,1,109796.38562091504,59.40515653775322,0,24182.620689655174,1,1,5,4
msg_697,node1,node0,417,49320000,49320000.0,0.0,,,,0.34558823529411764,185294.0588235294,1,109796.38562091504,59.39154411764706,0,24148.0,4,4,5,4
msg_698,node2,node0,417,49320000,49320010.0,10.0,,,,78.38970588235294,83710.48837209302,1,109796.38562091504,59.39154411764706,0,24148.0,4,4,5,4
msg_699,node3,node0,417,49320000,49320011.0,11.0,,,,79.2720588235294,80478.41463414633,1,109796.38562091504,59.19230769230769,0,24078.92131616595,2,2,5,4
msg_700,node4,node0,417,49320000,49320011.0,11.0,,,,79.55882352941177,102848.08571428571,1,109796.38562091504,59.10420475319927,0,24044.538571428573,1,1,5,4
msg_701,node1,node0,417,49680000,49680000.0,0.0,,,,0.34306569343065696,185294.0588235294,1,109796.38562091504,59.01642335766423,0,24010.25392296719,4,4,5,4
msg_702,node2,node0,417,49680000,49680009.0,9.0,,,,77.8905109489051,83710.48837209302,1,109796.38562091504,59.01642335766423,0,24010.25392296719,4,4,5,4
msg_703,node3,node0,417,49680000,49680010.0,10.0,,,,78.77372262773723,80478.41463414633,1,109796.38562091504,58.81818181818182,0,23941.958748221907,2,2,5,4
msg_704,node4,node0,417,49680000,49680010.0,10.0,,,,79.05839416058394,102848.08571428571,1,109796.38562091504,58.72958257713248,0,23907.964488636364,1,1,5,4
msg_705,node0,node3,417,49740010,49740010.0,0.0,,,,109796.38562091504,58.641304347826086,1,78.27536231884058,80478.41463414633,0,23874.066666666666,1,1,5,1
msg_706,node1,node0,417,50040000,50040000.0,0.0,,,,0.34057971014492755,185294.0588235294,1,109083.42207792208,58.641304347826086,0,23840.2507082153,4,4,5,4
msg_707,node2,node0,417,50040000,50040006.0,6.0,,,,77.3913043478261,83710.48837209302,1,109083.42207792208,58.641304347826086,0,23840.2507082153,4,4,5,4
msg_708,node3,node0,417,50040000,50040007.0,7.0,,,,78.27536231884058,78562.26190476191,1,109083.42207792208,58.44043321299639,0,23772.91384180791,2,2,5,4
msg_709,node4,node0,417,50040000,50040007.0,7.0,,,,78.55797101449275,102848.08571428571,1,109083.42207792208,58.347747747747746,0,23739.393511988717,1,1,5,4
msg_710,node0,node4,417,50100007,50400001.0,299994.0,,,,109083.42207792208,58.25539568345324,1,78.0431654676259,102848.08571428571,0,23705.967605633803,5,5,5,1
msg_711,node1,node0,417,50400000,50400001.0,1.0,,,,0.3381294964028777,185294.0588235294,1,110315.10322580645,58.25539568345324,0,24094.558368495076,4,4,5,4
msg_712,node2,node0,417,50400000,50400120.0,120.0,,,,76.87769784172662,83710.48837209302,1,110315.10322580645,58.152603231597844,0,24060.719101123595,3,3,5,4
msg_713,node3,node0,417,50400000,50400121.0,121.0,,,,77.76258992805755,78562.26190476191,1,110315.10322580645,58.152603231597844,0,24060.719101123595,3,3,5,4
msg_714,node4,node0,417,50400000,50400122.0,122.0,,,,78.0431654676259,108324.36111111111,1,110315.10322580645,58.37567084078712,0,23993.659663865546,1,1,5,4
msg_715,node1,node0,417,50760000,50760000.0,0.0,,,,0.34285714285714286,185294.0588235294,1,110315.10322580645,58.489285714285714,0,23960.272727272728,4,4,5,4
msg_716,node2,node0,417,50760000,50760010.0,10.0,,,,77.18571428571428,83710.48837209302,1,110315.10322580645,58.38502673796791,0,23926.808659217877,3,3,5,4
msg_717,node3,node0,417,50760000,50760011.0,11.0,,,,78.07142857142857,78562.26190476191,1,110315.10322580645,58.38502673796791,0,23926.808659217877,3,3,5,4
msg_718,node4,node0,417,50760000,50760011.0,11.0,,,,78.35714285714286,108324.36111111111,1,110315.10322580645,58.214920071047956,0,23860.189415041783,1,1,5,4
msg_719,node0,node1,417,50820000,51120000.0,300000.0,,,,108909.8280254777,58.13120567375886,1,0.3404255319148936,185294.0588235294,0,23760.927877947295,5,5,5,1
msg_720,node0,node3,417,50820011,50820011.0,0.0,,,,110315.10322580645,58.13120567375886,2,77.59574468085107,78562.26190476191,0,23827.019471488176,3,3,5,2
msg_721,node0,node4,417,50820011,50820013.0,2.0,,,,110315.10322580645,58.13120567375886,2,77.87943262411348,108324.36111111111,0,23827.019471488176,3,3,5,2
msg_722,node1,node0,417,51120000,51120001.0,1.0,,,,0.3404255319148936,185294.0588235294,1,108909.8280254777,58.13120567375886,0,23760.927877947295,5,5,5,4
msg_723,node2,node0,417,51120000,51121082.0,1082.0,,,,76.70921985815603,83710.48837209302,1,110119.25949367089,58.03008849557522,0,24110.138312586445,3,3,5,4
msg_724,node3,node0,417,51120000,51121083.0,1083.0,,,,77.59574468085107,76735.23255813954,1,110119.25949367089,59.83922261484099,0,24078.331491712706,2,2,5,4
msg_725,node4,node0,417,51120000,51121084.0,1084.0,,,,77.87943262411348,105396.72972972973,1,110119.25949367089,61.64373897707231,0,24046.61379310345,1,1,5,4
msg_726,node1,node0,417,51480000,51480000.0,0.0,,,,0.34507042253521125,188571.37142857144,1,110119.25949367089,63.443661971830984,0,24014.984848484848,4,4,5,4
msg_727,node2,node0,417,51480000,51480007.0,7.0,,,,83.78873239436619,83710.48837209302,1,110119.25949367089,63.443661971830984,0,24014.984848484848,4,4,5,4
msg_728,node3,node0,417,51480000,51480008.0,8.0,,,,84.67605633802818,76735.23255813954,1,110119.25949367089,63.233333333333334,0,23949.01923076923,2,2,5,4
msg_729,node4,node0,417,51480000,51480009.0,9.0,,,,84.96478873239437,105396.72972972973,1,110119.25949367089,63.13660245183888,0,23916.178326474623,1,1,5,4
msg_730,node1,node0,417,51840000,51840000.0,0.0,,,,0.34265734265734266,188571.37142857144,1,110119.25949367089,63.04195804195804,0,23883.42876712329,4,4,5,4
msg_731,node2,node0,417,51840000,51840006.0,6.0,,,,83.25174825174825,83710.48837209302,1,110119.25949367089,63.04195804195804,0,23883.42876712329,4,4,5,4
msg_732,node3,node0,417,51840000,51840007.0,7.0,,,,84.13986013986013,76735.23255813954,1,110119.25949367089,62.832752613240416,0,23818.18169398907,2,2,5,4
msg_733,node4,node0,417,51840000,51840007.0,7.0,,,,84.43356643356644,105396.72972972973,1,110119.25949367089,62.735652173913046,0,23785.697135061393,1,1,5,4
msg_734,node0,node1,417,51900000,51900000.0,0.0,,,,110119.25949367089,62.638888888888886,1,0.3402777777777778,188571.37142857144,0,23753.301089918255,1,1,5,1
msg_735,node0,node2,417,51900006,51900006.0,0.0,,,,109426.68553459119,62.638888888888886,1,82.71527777777777,83710.48837209302,0,23720.98367346939,1,1,5,1
msg_736,node0,node3,417,51900007,51900007.0,0.0,,,,108742.76875,62.638888888888886,1,83.60416666666667,76735.23255813954,0,23688.754076086956,1,1,5,1
msg_737,node1,node0,417,52200000,52200000.0,0.0,,,,0.3402777777777778,183333.27777777778,1,108067.34782608696,62.638888888888886,0,23656.611940298506,4,4,5,4
msg_738,node2,node0,417,52200000,52200007.0,7.0,,,,82.71527777777777,81807.97727272728,1,108067.34782608696,62.638888888888886,0,23656.611940298506,4,4,5,4
msg_739,node3,node0,417,52200000,52200008.0,8.0,,,,83.60416666666667,74991.25,1,108067.34782608696,62.43425605536332,0,23592.598105548037,2,2,5,4
msg_740,node4,node0,417,52200000,52200008.0,8.0,,,,83.89583333333333,105396.72972972973,1,108067.34782608696,62.340241796200345,0,23560.727027027027,1,1,5,4
msg_741,node0,node1,417,52260000,52260000.0,0.0,,,,108067.34782608696,62.24655172413793,1,0.33793103448275863,183333.27777777778,0,23528.941970310392,1,1,5,1
msg_742,node0,node2,417,52260007,52260007.0,0.0,,,,107400.26543209876,62.24655172413793,1,82.19310344827586,81807.97727272728,0,23497.231805929918,1,1,5,1
msg_743,node0,node3,417,52260008,52260008.0,0.0,,,,106741.36809815951,62.24655172413793,2,83.08275862068966,74991.25,0,23465.606998654104,2,2,5,2
msg_744,node0,node4,417,52260008,52260010.0,2.0,,,,106090.50609756098,62.24655172413793,2,83.37241379310345,105396.72972972973,0,23434.067204301075,1,1,5,2
msg_745,node1,node0,417,52560000,52560000.0,0.0,,,,0.33793103448275863,178378.32432432432,1,105447.54545454546,62.24655172413793,0,23402.614765100672,4,4,5,4
msg_746,node2,node0,417,52560000,52560016.0,16.0,,,,82.19310344827586,79990.02222222222,1,105447.54545454546,62.1394148020654,0,23371.243967828417,3,3,5,4
msg_747,node3,node0,417,52560000,52560017.0,17.0,,,,83.08275862068966,73324.77777777778,1,105447.54545454546,62.1394148020654,0,23371.243967828417,3,3,5,4
msg_748,node4,node0,417,52560000,52560017.0,17.0,,,,83.37241379310345,102623.18421052632,1,105447.54545454546,61.98284734133791,0,23308.798128342245,1,1,5,4
msg_749,node0,node2,417,52620016,52620016.0,0.0,,,,105447.54545454546,61.90582191780822,1,81.73972602739725,79990.02222222222,0,23277.70093457944,1,1,5,1
msg_750,node0,node3,417,52620017,52620017.0,0.0,,,,104812.31927710843,61.90582191780822,1,82.63013698630137,73324.77777777778,0,23246.664,1,1,5,1
msg_751,node1,node0,417,52920000,52920000.0,0.0,,,,0.3356164383561644,178378.32432432432,1,104184.70059880239,61.90582191780822,0,23215.709720372837,4,4,5,4
msg_752,node2,node0,417,52920000,52920009.0,9.0,,,,81.73972602739725,78251.10869565218,1,104184.70059880239,61.708191126279864,0,23154.058432934926,2,2,5,4
msg_753,node3,node0,417,52920000,52920009.0,9.0,,,,82.63013698630137,71730.76086956522,1,104184.70059880239,61.61839863713799,0,23123.362068965518,1,1,5,4
msg_754,node4,node0,417,52920000,52920008.0,8.0,,,,82.91780821917808,102623.18421052632,1,104184.70059880239,61.90582191780822,0,23215.709720372837,4,4,5,4
msg_755,node0,node2,417,52980009,52980009.0,0.0,,,,104184.70059880239,61.52891156462585,1,81.24489795918367,78251.10869565218,0,23092.74701986755,1,1,5,1
msg_756,node1,node0,417,53280000,53280000.0,0.0,,,,0.3333333333333333,178378.32432432432,1,103564.55357142857,61.52891156462585,0,23062.20105820106,4,4,5,4
msg_757,node2,node0,417,53280000,53280017.0,17.0,,,,81.24489795918367,76586.1914893617,1,103564.55357142857,61.42444821731749,0,23031.7357992074,3,3,5,4
msg_758,node3,node0,417,53280000,53280018.0,18.0,,,,82.12925170068027,71730.76086956522,1,103564.55357142857,61.349152542372885,0,23001.373350923484,2,2,5,4
msg_759,node4,node0,417,53280000,53280018.0,18.0,,,,82.40816326530613,102623.18421052632,1,103564.55357142857,61.27580372250423,0,22971.092226613964,1,1,5,4
msg_760,node1,node0,417,53640000,53640000.0,0.0,,,,0.3310810810810811,178378.32432432432,1,103564.55357142857,61.2027027027027,0,22940.890789473684,4,4,5,4
msg_761,node2,node0,417,53640000,53640015.0,15.0,,,,80.8108108108108,76586.1914893617,1,103564.55357142857,61.09949409780776,0,22910.745072273323,3,3,5,4
msg_762,node3,node0,417,53640000,53640016.0,16.0,,,,81.69594594594595,71730.76086956522,1,103564.55357142857,61.09949409780776,0,22910.745072273323,3,3,5,4
msg_763,node4,node0,417,53640000,53640016.0,16.0,,,,81.97297297297297,102623.18421052632,1,103564.55357142857,60.94621848739496,0,22850.73132372215,1,1,5,4
msg_764,node0,node1,417,53700000,53700000.0,0.0,,,,103564.55357142857,60.87080536912752,1,0.3288590604026846,178378.32432432432,0,22820.84293193717,1,1,5,1
msg_765,node0,node3,417,53700016,53700016.0,0.0,,,,102951.74556213018,60.87080536912752,1,81.25503355704699,71730.76086956522,0,22791.011764705883,1,1,5,1
msg_766,node1,node0,417,54000000,54000000.0,0.0,,,,0.3288590604026846,173684.15789473685,1,102346.14705882352,60.87080536912752,0,22761.258485639686,4,4,5,4
msg_767,node2,node0,417,54000000,54000009.0,9.0,,,,80.36912751677852,76586.1914893617,1,102346.14705882352,60.87080536912752,0,22761.258485639686,4,4,5,4
msg_768,node3,node0,417,54000000,54000010.0,10.0,,,,81.25503355704699,70204.5744680851,1,102346.14705882352,60.68227424749164,0,22701.99609375,2,2,5,4
msg_769,node4,node0,417,54000000,54000010.0,10.0,,,,81.53020134228188,102623.18421052632,1,102346.14705882352,60.68227424749164,0,22701.99609375,2,2,5,4
msg_770,node1,node0,417,54360000,54360000.0,0.0,,,,0.32666666666666666,173684.15789473685,1,102346.14705882352,60.513333333333335,0,22643.055844155842,4,4,5,4
msg_771,node2,node0,417,54360000,54360011.0,11.0,,,,79.89333333333333,76586.1914893617,1,102346.14705882352,60.513333333333335,0,22643.055844155842,4,4,5,4
msg_772,node3,node0,417,54360000,54360012.0,12.0,,,,80.78,70204.5744680851,1,102346.14705882352,60.33056478405316,0,22584.40932642487,2,2,5,4
msg_773,node4,node0,417,54360000,54360012.0,12.0,,,,81.05333333333333,102623.18421052632,1,102346.14705882352,60.250414593698174,0,22555.20827943079,1,1,5,4
msg_774,node0,node1,417,54420000,54420000.0,0.0,,,,102346.14705882352,60.170529801324506,1,0.32450331125827814,173684.15789473685,0,22526.0826873385,1,1,5,1
msg_775,node0,node2,417,54420011,54420011.0,0.0,,,,101747.63157894737,60.170529801324506,1,79.43708609271523,76586.1914893617,0,22497.016774193547,1,1,5,1
msg_776,node1,node0,417,54720000,54720000.0,0.0,,,,0.32450331125827814,169230.71794871794,1,101156.07558139534,60.170529801324506,0,22468.025773195877,4,4,5,4
msg_777,node2,node0,417,54720000,54720014.0,14.0,,,,79.43708609271523,74990.64583333333,1,101156.07558139534,59.914332784184516,0,22381.531450577662,1,1,5,4
msg_778,node3,node0,417,54720000,54720012.0,12.0,,,,80.32450331125828,70204.5744680851,1,101156.07558139534,60.170529801324506,0,22468.025773195877,4,4,5,4
msg_779,node4,node0,417,54720000,54720013.0,13.0,,,,80.59602649006622,102623.18421052632,1,101156.07558139534,59.991749174917494,0,22410.282776349613,2,2,5,4
msg_780,node1,node0,417,55080000,55080000.0,0.0,,,,0.3223684210526316,169230.71794871794,1,101156.07558139534,59.838815789473685,0,22352.855128205127,4,4,5,4
msg_781,node2,node0,417,55080000,55080017.0,17.0,,,,79.00657894736842,74990.64583333333,1,101156.07558139534,59.838815789473685,0,22352.855128205127,4,4,5,4
msg_782,node3,node0,417,55080000,55080018.0,18.0,,,,79.875,70204.5744680851,1,101156.07558139534,59.670491803278686,0,22295.7084398977,2,2,5,4
msg_783,node4,node0,417,55080000,55080018.0,18.0,,,,80.15131578947368,102623.18421052632,1,101156.07558139534,59.60229132569558,0,22267.256704980842,1,1,5,4
msg_784,node1,node0,417,55440000,55440000.0,0.0,,,,0.3202614379084967,169230.71794871794,1,101156.07558139534,59.53431372549019,0,22238.877551020407,4,4,5,4
msg_785,node2,node0,417,55440000,55440017.0,17.0,,,,78.60130718954248,74990.64583333333,1,101156.07558139534,59.43719412724307,0,22210.547770700636,3,3,5,4
msg_786,node3,node0,417,55440000,55440018.0,18.0,,,,79.47058823529412,70204.5744680851,1,101156.07558139534,59.43719412724307,0,22210.547770700636,3,3,5,4
msg_787,node4,node0,417,55440000,55440018.0,18.0,,,,79.74509803921569,102623.18421052632,1,101156.07558139534,59.300813008130085,0,22154.148665819568,1,1,5,4
msg_788,node0,node4,417,55500018,55800001.0,299983.0,,,,101156.07558139534,59.23376623376623,1,79.34415584415585,102623.18421052632,0,22126.057106598986,5,5,5,1
msg_789,node1,node0,417,55800000,55800001.0,1.0,,,,0.3181818181818182,169230.71794871794,1,102305.3641618497,59.23376623376623,0,22478.220532319392,4,4,5,4
msg_790,node2,node0,417,55800000,55800055.0,55.0,,,,78.2012987012987,74990.64583333333,1,102305.3641618497,59.13938411669368,0,22449.76835443038,3,3,5,4
msg_791,node3,node0,417,55800000,55800056.0,56.0,,,,79.07142857142857,70204.5744680851,1,102305.3641618497,59.13268608414239,0,22421.45638432364,2,2,5,4
msg_792,node4,node0,417,55800000,55800057.0,57.0,,,,79.34415584415585,107683.69230769231,1,102305.3641618497,59.13268608414239,0,22421.45638432364,2,2,5,4
msg_793,node1,node0,417,56160000,56160000.0,0.0,,,,0.3225806451612903,169230.71794871794,1,102305.3641618497,59.1241935483871,0,22365.050441361916,4,4,5,4
msg_794,node2,node0,417,56160000,56160008.0,8.0,,,,78.0516129032258,74990.64583333333,1,102305.3641618497,59.1241935483871,0,22365.050441361916,4,4,5,4
msg_795,node3,node0,417,56160000,56160009.0,9.0,,,,78.92258064516129,70204.5744680851,1,102305.3641618497,58.946945337620576,0,22308.796226415096,2,2,5,4
msg_796,node4,node0,417,56160000,56160009.0,9.0,,,,79.2,107683.69230769231,1,102305.3641618497,58.86677367576244,0,22280.781407035174,1,1,5,4
msg_797,node0,node4,417,56220009,56520001.0,299992.0,,,,102305.3641618497,58.78685897435897,1,78.75,107683.69230769231,0,22252.836888331243,5,5,5,1
msg_798,node1,node0,417,56520000,56520001.0,1.0,,,,0.32051282051282054,169230.71794871794,1,103441.49425287357,58.78685897435897,0,22600.880952380954,4,4,5,4
msg_799,node2,node0,417,56520000,56520072.0,72.0,,,,77.6025641025641,74990.64583333333,1,103441.49425287357,58.78685897435897,0,22600.880952380954,4,4,5,4
msg_800,node3,node0,417,56520000,56520073.0,73.0,,,,78.47435897435898,70204.5744680851,1,103441.49425287357,58.715654952076676,0,22544.47,2,2,5,4
msg_801,node4,node0,417,56520000,56520074.0,74.0,,,,78.75,112491.4,1,103441.49425287357,58.738437001594896,0,22516.415730337078,1,1,5,4
msg_802,node0,node2,417,56580072,56880000.0,299928.0,,,,103441.49425287357,58.76273885350319,1,77.56687898089172,74990.64583333333,0,22488.432668329177,5,5,5,1
msg_803,node1,node0,417,56880000,56880000.0,0.0,,,,0.3248407643312102,169230.71794871794,1,103441.49425287357,58.76273885350319,0,22488.432668329177,5,5,5,4
msg_804,node2,node0,417,56880000,56880082.0,82.0,,,,77.56687898089172,74990.64583333333,1,103441.49425287357,58.76273885350319,0,22488.432668329177,5,5,5,4
msg_805,node3,node0,417,56880000,56880083.0,83.0,,,,78.43949044585987,70204.5744680851,1,104564.27428571429,58.70634920634921,0,22777.30807453416,2,2,5,4
msg_806,node4,node0,417,56880000,56880083.0,83.0,,,,78.71974522292993,112491.4,1,104564.27428571429,58.74484944532488,0,22749.151364764268,1,1,5,4
msg_807,node0,node1,417,56940000,56940000.0,0.0,,,,104564.27428571429,58.78322784810127,1,0.3227848101265823,169230.71794871794,0,22721.064436183395,1,1,5,1
msg_808,node1,node0,417,57240000,57240000.0,0.0,,,,0.3227848101265823,164999.95,1,103970.15909090909,58.78322784810127,0,22692.944306930694,4,4,5,4
msg_809,node2,node0,417,57240000,57240019.0,19.0,,,,77.59493670886076,79581.20408163265,1,103970.15909090909,58.78322784810127,0,22692.944306930694,4,4,5,4
msg_810,node3,node0,417,57240000,57240020.0,20.0,,,,78.46835443037975,70204.5744680851,1,103970.15909090909,58.62776025236593,0,22636.935802469136,2,2,5,4
msg_811,node4,node0,417,57240000,57240020.0,20.0,,,,78.74683544303798,112491.4,1,103970.15909090909,58.56692913385827,0,22609.048088779284,1,1,5,4
msg_812,node0,node1,417,57300000,57300000.0,0.0,,,,103970.15909090909,58.5062893081761,1,0.32075471698113206,164999.95,0,22581.22906403941,1,1,5,1
msg_813,node0,node2,417,57300019,57300019.0,0.0,,,,103382.75706214689,58.5062893081761,1,77.22641509433963,79581.20408163265,0,22553.453874538747,1,1,5,1
msg_814,node1,node0,417,57600000,57600000.0,0.0,,,,0.32075471698113206,160975.56097560975,1,102801.95505617978,58.5062893081761,0,22525.74692874693,4,4,5,4
msg_815,node2,node0,417,57600000,57600017.0,17.0,,,,77.22641509433963,77989.58,1,102801.95505617978,58.280125195618155,0,22443.07099143207,1,1,5,4
msg_816,node3,node0,417,57600000,57600015.0,15.0,,,,78.1006289308176,70204.5744680851,1,102801.95505617978,58.5062893081761,0,22525.74692874693,4,4,5,4
msg_817,node4,node0,417,57600000,57600016.0,16.0,,,,78.37735849056604,112491.4,1,102801.95505617978,58.34639498432602,0,22470.555147058825,2,2,5,4
msg_818,node0,node3,417,57660015,57660015.0,0.0,,,,102801.95505617978,58.215625,1,77.70625,70204.5744680851,0,22415.655256723716,1,1,5,1
msg_819,node1,node0,417,57960000,57960000.0,0.0,,,,0.31875,160975.56097560975,1,102227.64245810056,58.215625,0,22388.285714285714,4,4,5,4
msg_820,node2,node0,417,57960000,57960013.0,13.0,,,,76.85,77989.58,1,102227.64245810056,58.215625,0,22388.285714285714,4,4,5,4
msg_821,node3,node0,417,57960000,57960014.0,14.0,,,,77.70625,68741.97916666667,1,102227.64245810056,58.05451713395639,0,22333.762484774667,2,2,5,4
msg_822,node4,node0,417,57960000,57960014.0,14.0,,,,77.9875,112491.4,1,102227.64245810056,57.98600311041991,0,22306.609489051094,1,1,5,4
msg_823,node0,node4,417,58020014,58320001.0,299987.0,,,,102227.64245810056,57.91770186335404,1,77.59006211180125,112491.4,0,22279.52247873633,5,5,5,1
msg_824,node1,node0,417,58320000,58320001.0,1.0,,,,0.3167701863354037,160975.56097560975,1,103326.30555555556,57.91770186335404,0,22616.546116504855,4,4,5,4
msg_825,node2,node0,417,58320000,58320057.0,57.0,,,,76.45341614906832,77989.58,1,103326.30555555556,57.91770186335404,0,22616.546116504855,4,4,5,4
msg_826,node3,node0,417,58320000,58320058.0,58.0,,,,77.31055900621118,68741.97916666667,1,103326.30555555556,57.828173374613,0,22561.854721549636,2,2,5,4
msg_827,node4,node0,417,58320000,58320059.0,59.0,,,,77.59006211180125,117064.46341463414,1,103326.30555555556,57.82843894899536,0,22534.643288996373,1,1,5,4
msg_828,node0,node4,417,58380059,58680001.0,299942.0,,,,103326.30555555556,57.83024691358025,1,77.4753086419753,117064.46341463414,0,22507.498792270533,5,5,5,1
msg_829,node1,node0,417,58680000,58680001.0,1.0,,,,0.32098765432098764,160975.56097560975,1,103326.30555555556,57.83024691358025,0,22507.498792270533,5,5,5,4
msg_830,node2,node0,417,58680000,58680076.0,76.0,,,,76.33333333333333,77989.58,1,104412.58011049723,57.74268104776579,0,22814.64096385542,3,3,5,4
msg_831,node3,node0,417,58680000,58680077.0,77.0,,,,77.19135802469135,68741.97916666667,1,104412.58011049723,57.74268104776579,0,22814.64096385542,3,3,5,4
msg_832,node4,node0,417,58680000,58680077.0,77.0,,,,77.4753086419753,121418.69047619047,1,104412.58011049723,57.80030721966206,0,22759.981971153848,1,1,5,4
msg_833,node0,node1,417,58740001,58740001.0,0.0,,,,104412.58011049723,57.829754601226995,1,0.32515337423312884,160975.56097560975,0,22732.75150060024,1,1,5,1
msg_834,node0,node2,417,58740076,58740076.0,0.0,,,,103838.88461538461,57.829754601226995,1,76.33128834355828,77989.58,0,22705.494004796165,1,1,5,1
msg_835,node1,node0,417,59040000,59040000.0,0.0,,,,0.32515337423312884,157142.80952380953,1,103271.45901639345,57.829754601226995,0,22678.301796407184,4,4,5,4
msg_836,node2,node0,417,59040000,59040019.0,19.0,,,,76.33128834355828,76460.37254901961,1,103271.45901639345,57.678899082568805,0,22624.132616487455,2,2,5,4
msg_837,node3,node0,417,59040000,59040017.0,17.0,,,,77.19018404907976,68741.97916666667,1,103271.45901639345,57.741194486983154,0,22651.174641148325,3,3,5,4
msg_838,node4,node0,417,59040000,59040018.0,18.0,,,,77.47239263803681,121418.69047619047,1,103271.45901639345,57.678899082568805,0,22624.132616487455,2,2,5,4
msg_839,node0,node3,417,59100017,59400000.0,299983.0,,,,102710.20652173914,57.5594512195122,1,76.82317073170732,68741.97916666667,0,22543.37738095238,5,5,5,1
msg_840,node0,node4,417,59100018,59100019.0,1.0,,,,103271.45901639345,57.5594512195122,1,77.10975609756098,121418.69047619047,0,22570.245530393324,2,2,5,1
msg_841,node1,node0,417,59400000,59400001.0,1.0,,,,0.3231707317073171,157142.80952380953,1,103776.54594594595,57.5594512195122,0,22873.269916765756,4,4,5,4
msg_842,node2,node0,417,59400000,59400094.0,94.0,,,,75.98170731707317,76460.37254901961,1,103776.54594594595,57.5594512195122,0,22873.269916765756,4,4,5,4
msg_843,node3,node0,417,59400000,59400095.0,95.0,,,,76.82317073170732,73461.1836734694,1,103776.54594594595,57.52887537993921,0,22819.1162514828,2,2,5,4
msg_844,node4,node0,417,59400000,59400095.0,95.0,,,,77.10975609756098,118595.02325581395,1,103776.54594594595,57.585735963581186,0,22792.191943127964,1,1,5,4
msg_845,node0,node4,417,59460095,59760001.0,299906.0,,,,103776.54594594595,57.64242424242424,1,77.21818181818182,118595.02325581395,0,22765.331360946744,5,5,5,1
msg_846,node1,node0,417,59760000,59760000.0,0.0,,,,0.32727272727272727,157142.80952380953,1,103776.54594594595,57.64242424242424,0,22765.331360946744,5,5,5,4
msg_847,node2,node0,417,59760000,59760102.0,102.0,,,,76.0909090909091,76460.37254901961,1,104831.00537634408,57.55521936459909,0,23065.656434474615,3,3,5,4
msg_848,node3,node0,417,59760000,59760103.0,103.0,,,,76.93333333333334,73461.1836734694,1,104831.00537634408,57.62235649546828,0,23038.576650943396,2,2,5,4
msg_849,node4,node0,417,59760000,59760103.0,103.0,,,,77.21818181818182,122715.72727272728,1,104831.00537634408,57.62235649546828,0,23038.576650943396,2,2,5,4
msg_850,node0,node2,417,59820102,60120000.0,299898.0,,,,104270.41711229946,57.75903614457831,1,76.24698795180723,76460.37254901961,0,22957.602820211516,5,5,5,1
msg_851,node0,node3,417,59820103,59820104.0,1.0,,,,104831.00537634408,57.75903614457831,1,77.09036144578313,73461.1836734694,0,22984.610588235293,2,2,5,1
msg_852,node1,node0,417,60120000,60120000.0,0.0,,,,0.3253012048192771,157142.80952380953,1,105310.98936170213,57.75903614457831,0,23282.650234741785,4,4,5,4
msg_853,node2,node0,417,60120000,60120106.0,106.0,,,,76.24698795180723,80757.25,1,105310.98936170213,57.67218045112782,0,23255.355216881595,3,3,5,4
msg_854,node3,node0,417,60120000,60120107.0,107.0,,,,77.09036144578313,71991.98,1,105310.98936170213,57.67218045112782,0,23255.355216881595,3,3,5,4
msg_855,node4,node0,417,60120000,60120107.0,107.0,,,,77.37349397590361,122715.72727272728,1,105310.98936170213,57.818590704647676,0,23201.205847953217,1,1,5,4
msg_856,node0,node2,417,60180106,60180106.0,0.0,,,,105310.98936170213,57.89221556886228,1,76.42514970059881,80757.25,0,23174.22663551402,1,1,5,1
msg_857,node1,node0,417,60480000,60480000.0,0.0,,,,0.32335329341317365,157142.80952380953,1,104753.78835978836,57.89221556886228,0,23147.18553092182,4,4,5,4
msg_858,node2,node0,417,60480000,60480010.0,10.0,,,,76.42514970059881,79233.52830188679,1,104753.78835978836,57.89221556886228,0,23147.18553092182,4,4,5,4
msg_859,node3,node0,417,60480000,60480011.0,11.0,,,,77.26946107784431,71991.98,1,104753.78835978836,57.734328358208955,0,23093.303841676367,2,2,5,4
msg_860,node4,node0,417,60480000,60480011.0,11.0,,,,77.55089820359281,122715.72727272728,1,104753.78835978836,57.66467958271237,0,23066.46395348837,1,1,5,4
msg_861,node1,node0,417,60840000,60840000.0,0.0,,,,0.32142857142857145,157142.80952380953,1,104753.78835978836,57.595238095238095,0,23039.686411149825,4,4,5,4
msg_862,node2,node0,417,60840000,60840018.0,18.0,,,,76.0297619047619,79233.52830188679,1,104753.78835978836,57.50965824665676,0,23012.95823665893,3,3,5,4
msg_863,node3,node0,417,60840000,60840019.0,19.0,,,,76.875,71991.98,1,104753.78835978836,57.45103857566765,0,22986.312862108924,2,2,5,4
msg_864,node4,node0,417,60840000,60840019.0,19.0,,,,77.1547619047619,122715.72727272728,1,104753.78835978836,57.39407407407408,0,22959.730324074073,1,1,5,4
msg_865,node0,node2,417,60900018,60900018.0,0.0,,,,104753.78835978836,57.337278106508876,1,75.68639053254438,79233.52830188679,0,22933.209248554915,1,1,5,1
msg_866,node0,node3,417,60900019,60900019.0,0.0,,,,104202.45263157894,57.337278106508876,2,76.53254437869822,71991.98,0,22906.727482678984,2,2,5,2
msg_867,node0,node4,417,60900019,60900021.0,2.0,,,,104202.45263157894,57.337278106508876,2,76.81065088757397,122715.72727272728,0,22906.727482678984,2,2,5,2
msg_868,node1,node0,417,61200000,61200000.0,0.0,,,,0.31952662721893493,157142.80952380953,1,103117.02083333333,57.337278106508876,0,22853.94930875576,4,4,5,4
msg_869,node2,node0,417,61200000,61200010.0,10.0,,,,75.68639053254438,77766.24074074074,1,103117.02083333333,57.337278106508876,0,22853.94930875576,4,4,5,4
msg_870,node3,node0,417,61200000,61200011.0,11.0,,,,76.53254437869822,70580.37254901961,1,103117.02083333333,57.182890855457224,0,22801.422988505747,2,2,5,4
msg_871,node4,node0,417,61200000,61200011.0,11.0,,,,76.81065088757397,119988.75555555556,1,103117.02083333333,57.11487481590574,0,22775.25717566016,1,1,5,4
msg_872,node0,node3,417,61260011,61560000.0,299989.0,,,,103117.02083333333,57.04705882352941,1,76.1470588235294,70580.37254901961,0,22749.15137614679,5,5,5,1
msg_873,node1,node0,417,61560000,61560000.0,0.0,,,,0.3176470588235294,157142.80952380953,1,103117.02083333333,57.04705882352941,0,22749.15137614679,5,5,5,4
msg_874,node2,node0,417,61560000,61560012.0,12.0,,,,75.3,77766.24074074074,1,103117.02083333333,57.04705882352941,0,22749.15137614679,5,5,5,4
msg_875,node3,node0,417,61560000,61560013.0,13.0,,,,76.1470588235294,74992.07692307692,1,104137.0829015544,56.89736070381232,0,23014.01257142857,2,2,5,4
msg_876,node4,node0,417,61560000,61560013.0,13.0,,,,76.4235294117647,119988.75555555556,1,104137.0829015544,56.833089311859446,0,22987.755707762557,1,1,5,4
msg_877,node0,node1,417,61620000,61620000.0,0.0,,,,104137.0829015544,56.76900584795322,1,0.3157894736842105,157142.80952380953,0,22961.558722919042,1,1,5,1
msg_878,node1,node0,417,61920000,61920000.0,0.0,,,,0.3157894736842105,153488.32558139536,1,103600.293814433,56.76900584795322,0,22935.40660592255,4,4,5,4
msg_879,node2,node0,417,61920000,61920013.0,13.0,,,,74.9298245614035,77766.24074074074,1,103600.293814433,56.62099125364431,0,22883.29431818182,2,2,5,4
msg_880,node3,node0,417,61920000,61920013.0,13.0,,,,75.77777777777777,74992.07692307692,1,103600.293814433,56.55749636098981,0,22857.33484676504,1,1,5,4
msg_881,node4,node0,417,61920000,61920012.0,12.0,,,,76.05263157894737,119988.75555555556,1,103600.293814433,56.76900584795322,0,22935.40660592255,4,4,5,4
msg_882,node1,node0,417,62280000,62280000.0,0.0,,,,0.313953488372093,153488.32558139536,1,103600.293814433,56.49418604651163,0,22831.43424036281,4,4,5,4
msg_883,node2,node0,417,62280000,62280019.0,19.0,,,,74.56976744186046,77766.24074074074,1,103600.293814433,56.412191582002905,0,22805.577576443942,3,3,5,4
msg_884,node3,node0,417,62280000,62280020.0,20.0,,,,75.41279069767442,74992.07692307692,1,103600.293814433,56.412191582002905,0,22805.577576443942,3,3,5,4
msg_885,node4,node0,417,62280000,62280020.0,20.0,,,,75.68023255813954,119988.75555555556,1,103600.293814433,56.30535455861071,0,22754.08361581921,1,1,5,4
msg_886,node0,node2,417,62340019,62640000.0,299981.0,,,,103600.293814433,56.25289017341041,1,74.2485549132948,77766.24074074074,0,22728.424379232507,5,5,5,1
msg_887,node1,node0,417,62640000,62640001.0,1.0,,,,0.31213872832369943,153488.32558139536,1,104607.37435897435,56.25289017341041,0,23040.99774520857,4,4,5,4
msg_888,node2,node0,417,62640000,62640084.0,84.0,,,,74.2485549132948,81806.5090909091,1,104607.37435897435,56.25289017341041,0,23040.99774520857,4,4,5,4
msg_889,node3,node0,417,62640000,62640085.0,85.0,,,,75.09248554913295,74992.07692307692,1,104607.37435897435,56.21325648414986,0,22989.2575928009,2,2,5,4
msg_890,node4,node0,417,62640000,62640086.0,86.0,,,,75.35838150289017,119988.75555555556,1,104607.37435897435,56.2546762589928,0,22963.522471910113,1,1,5,4
msg_891,node0,node4,417,62700086,63000001.0,299915.0,,,,104607.37435897435,56.297413793103445,1,75.41954022988506,119988.75555555556,0,22937.846240179573,5,5,5,1
msg_892,node1,node0,417,63000000,63000001.0,1.0,,,,0.3160919540229885,153488.32558139536,1,104607.37435897435,56.297413793103445,0,22937.846240179573,5,5,5,4
msg_893,node2,node0,417,63000000,63000084.0,84.0,,,,74.30459770114942,81806.5090909091,1,105603.84183673469,56.2180774748924,0,23222.325867861142,3,3,5,4
msg_894,node3,node0,417,63000000,63000085.0,85.0,,,,75.14942528735632,74992.07692307692,1,105603.84183673469,56.25787965616046,0,23196.44407158837,2,2,5,4
msg_895,node4,node0,417,63000000,63000086.0,86.0,,,,75.41954022988506,123900.19565217392,1,105603.84183673469,56.25787965616046,0,23196.44407158837,2,2,5,4
msg_896,node0,node4,417,63060086,63360001.0,299915.0,,,,105603.84183673469,56.34142857142857,1,75.48,123900.19565217392,0,23144.85714285714,5,5,5,1
msg_897,node1,node0,417,63360000,63360000.0,0.0,,,,0.32,153488.32558139536,1,105603.84183673469,56.34142857142857,0,23144.85714285714,5,5,5,4
msg_898,node2,node0,417,63360000,63360093.0,93.0,,,,74.36,81806.5090909091,1,106590.19289340102,56.26105563480742,0,23427.290645879733,3,3,5,4
msg_899,node3,node0,417,63360000,63360094.0,94.0,,,,75.20571428571428,74992.07692307692,1,106590.19289340102,56.313390313390315,0,23401.334816462735,2,2,5,4
msg_900,node4,node0,417,63360000,63360094.0,94.0,,,,75.48,127645.1914893617,1,106590.19289340102,56.366998577524896,0,23375.437777777777,1,1,5,4
msg_901,node0,node1,417,63420000,63420000.0,0.0,,,,106590.19289340102,56.42045454545455,1,0.3181818181818182,153488.32558139536,0,23349.59822419534,1,1,5,1
msg_902,node0,node2,417,63420093,63420093.0,0.0,,,,106051.85858585859,56.42045454545455,1,74.4659090909091,81806.5090909091,0,23323.71175166297,1,1,5,1
msg_903,node0,node4,417,63420094,63420096.0,2.0,,,,105518.93467336684,56.42045454545455,1,75.58522727272727,127645.1914893617,0,23297.88261351052,1,1,5,1
msg_904,node1,node0,417,63720000,63720000.0,0.0,,,,0.3181818181818182,149999.95454545456,1,104991.35,56.42045454545455,0,23272.11283185841,4,4,5,4
msg_905,node2,node0,417,63720000,63720010.0,10.0,,,,74.4659090909091,80345.67857142857,1,104991.35,56.340425531914896,0,23246.39779005525,3,3,5,4
msg_906,node3,node0,417,63720000,63720011.0,11.0,,,,75.3125,74992.07692307692,1,104991.35,56.274787535410766,0,23220.75055187638,2,2,5,4
msg_907,node4,node0,417,63720000,63720011.0,11.0,,,,75.58522727272727,124985.95833333333,1,104991.35,56.274787535410766,0,23220.75055187638,2,2,5,4
msg_908,node0,node1,417,63780000,64080000.0,300000.0,,,,103951.83168316832,56.14689265536723,1,0.3163841807909605,149999.95454545456,0,23118.705494505495,5,5,5,1
msg_909,node0,node2,417,63780010,63780010.0,0.0,,,,104991.35,56.14689265536723,1,74.10169491525424,80345.67857142857,0,23169.627753303965,2,2,5,1
msg_910,node0,node3,417,63780011,63780011.0,0.0,,,,104469.00497512438,56.14689265536723,1,74.94915254237289,74992.07692307692,0,23144.138613861385,2,2,5,1
msg_911,node1,node0,417,64080000,64080000.0,0.0,,,,0.3163841807909605,153333.2888888889,1,104917.58620689655,56.14689265536723,0,23422.636663007685,4,4,5,4
msg_912,node2,node0,417,64080000,64080088.0,88.0,,,,74.10169491525424,78936.1052631579,1,104917.58620689655,56.06770098730607,0,23396.95394736842,3,3,5,4
msg_913,node3,node0,417,64080000,64080090.0,90.0,,,,74.94915254237289,73577.1320754717,1,104917.58620689655,56.15893108298172,0,23345.950765864334,1,1,5,4
msg_914,node4,node0,417,64080000,64080089.0,89.0,,,,75.22033898305085,124985.95833333333,1,104917.58620689655,56.06770098730607,0,23396.95394736842,3,3,5,4
msg_915,node0,node1,417,64140000,64140000.0,0.0,,,,104917.58620689655,56.206460674157306,1,0.3146067415730337,153333.2888888889,0,23320.534426229508,1,1,5,1
msg_916,node1,node0,417,64440000,64440000.0,0.0,,,,0.3146067415730337,149999.95652173914,1,104403.2843137255,56.206460674157306,0,23295.075327510916,4,4,5,4
msg_917,node2,node0,417,64440000,64440011.0,11.0,,,,74.17977528089888,78936.1052631579,1,104403.2843137255,56.206460674157306,0,23295.075327510916,4,4,5,4
msg_918,node3,node0,417,64440000,64440012.0,12.0,,,,75.03370786516854,73577.1320754717,1,104403.2843137255,56.206460674157306,0,23295.075327510916,4,4,5,4
msg_919,node4,node0,417,64440000,64440012.0,12.0,,,,75.29775280898876,124985.95833333333,1,104403.2843137255,56.002797202797204,0,23219.055495103374,1,1,5,4
msg_920,node0,node4,417,64500012,64800001.0,299989.0,,,,104403.2843137255,55.94134078212291,1,74.94413407821229,124985.95833333333,0,23193.83043478261,5,5,5,1
msg_921,node1,node0,417,64800000,64800001.0,1.0,,,,0.3128491620111732,149999.95652173914,1,105357.36097560976,55.94134078212291,0,23494.368078175896,4,4,5,4
msg_922,node2,node0,417,64800000,64800044.0,44.0,,,,73.8268156424581,78936.1052631579,1,105357.36097560976,55.86471408647141,0,23468.887201735357,3,3,5,4
msg_923,node3,node0,417,64800000,64800045.0,45.0,,,,74.68156424581005,73577.1320754717,1,105357.36097560976,55.86471408647141,0,23468.887201735357,3,3,5,4
msg_924,node4,node0,417,64800000,64800046.0,46.0,,,,74.94413407821229,128557.44897959183,1,105357.36097560976,55.83310152990264,0,23418.185064935064,1,1,5,4
msg_925,node0,node2,417,64860044,65160000.0,299956.0,,,,105357.36097560976,55.81944444444444,1,73.66111111111111,78936.1052631579,0,23392.91783783784,5,5,5,1
msg_926,node1,node0,417,65160000,65160001.0,1.0,,,,0.31666666666666665,149999.95652173914,1,106302.0145631068,55.81944444444444,0,23691.582073434125,4,4,5,4
msg_927,node2,node0,417,65160000,65160097.0,97.0,,,,73.66111111111111,82746.79310344828,1,106302.0145631068,55.81944444444444,0,23691.582073434125,4,4,5,4
msg_928,node3,node0,417,65160000,65160098.0,98.0,,,,74.51666666666667,73577.1320754717,1,106302.0145631068,55.800554016620495,0,23640.62823275862,2,2,5,4
msg_929,node4,node0,417,65160000,65160099.0,99.0,,,,74.78333333333333,128557.44897959183,1,106302.0145631068,55.85892116182573,0,23615.286329386436,1,1,5,4
msg_930,node1,node0,417,65520000,65520000.0,0.0,,,,0.32044198895027626,149999.95652173914,1,106302.0145631068,55.918508287292816,0,23590.0,4,4,5,4
msg_931,node2,node0,417,65520000,65520017.0,17.0,,,,73.79005524861878,82746.79310344828,1,106302.0145631068,55.918508287292816,0,23590.0,4,4,5,4
msg_932,node3,node0,417,65520000,65520018.0,18.0,,,,74.646408839779,73577.1320754717,1,106302.0145631068,55.78787878787879,0,23539.395922746782,2,2,5,4
msg_933,node4,node0,417,65520000,65520018.0,18.0,,,,74.9171270718232,128557.44897959183,1,106302.0145631068,55.73590096286107,0,23514.18542336549,1,1,5,4
msg_934,node0,node2,417,65580016,65580017.0,1.0,,,,106302.0145631068,55.684065934065934,1,73.47802197802197,82746.79310344828,0,23489.02890792291,1,1,5,1
msg_935,node0,node3,417,65580018,65580018.0,0.0,,,,105788.48309178744,55.684065934065934,1,74.33516483516483,73577.1320754717,0,23463.908021390373,1,1,5,1
msg_936,node1,node0,417,65880000,65880000.0,0.0,,,,0.31868131868131866,149999.95652173914,1,105279.88461538461,55.684065934065934,0,23438.839743589742,4,4,5,4
msg_937,node2,node0,417,65880000,65880017.0,17.0,,,,73.47802197802197,81344.32203389831,1,105279.88461538461,55.6076817558299,0,23413.824973319104,3,3,5,4
msg_938,node3,node0,417,65880000,65880018.0,18.0,,,,74.33516483516483,72214.5925925926,1,105279.88461538461,55.6076817558299,0,23413.824973319104,3,3,5,4
msg_939,node4,node0,417,65880000,65880018.0,18.0,,,,74.6043956043956,128557.44897959183,1,105279.88461538461,55.503419972640216,0,23363.992545260917,1,1,5,4
msg_940,node0,node1,417,65940000,65940000.0,0.0,,,,105279.88461538461,55.452185792349724,1,0.31693989071038253,149999.95652173914,0,23339.156382978723,1,1,5,1
msg_941,node0,node3,417,65940018,66240000.0,299982.0,,,,104776.15311004785,55.452185792349724,1,74.02732240437159,72214.5925925926,0,23314.353878852286,5,5,5,1
msg_942,node1,node0,417,66240000,66240001.0,1.0,,,,0.31693989071038253,146808.46808510637,1,105705.70476190477,55.452185792349724,0,23608.05626326964,4,4,5,4
msg_943,node2,node0,417,66240000,66240106.0,106.0,,,,73.16939890710383,81344.32203389831,1,105705.70476190477,55.452185792349724,0,23608.05626326964,4,4,5,4
msg_944,node3,node0,417,66240000,66240107.0,107.0,,,,74.02732240437159,76355.81818181818,1,105705.70476190477,55.44686648501362,0,23558.15254237288,2,2,5,4
msg_945,node4,node0,417,66240000,66240107.0,107.0,,,,74.29508196721312,128557.44897959183,1,105705.70476190477,55.51700680272109,0,23533.336507936507,1,1,5,4
msg_946,node1,node0,417,66600000,66600000.0,0.0,,,,0.32065217391304346,146808.46808510637,1,105705.70476190477,55.58695652173913,0,23508.572938689216,4,4,5,4
msg_947,node2,node0,417,66600000,66600020.0,20.0,,,,73.34782608695652,81344.32203389831,1,105705.70476190477,55.58695652173913,0,23508.572938689216,4,4,5,4
msg_948,node3,node0,417,66600000,66600022.0,22.0,,,,74.20652173913044,76355.81818181818,1,105705.70476190477,55.46341463414634,0,23458.99789029536,2,2,5,4
msg_949,node4,node0,417,66600000,66600022.0,22.0,,,,74.47282608695652,128557.44897959183,1,105705.70476190477,55.41813261163735,0,23434.301369863013,1,1,5,4
msg_950,node1,node0,417,66960000,66960000.0,0.0,,,,0.31891891891891894,146808.46808510637,1,105705.70476190477,55.372972972972974,0,23409.65684210526,4,4,5,4
msg_951,node2,node0,417,66960000,66960020.0,20.0,,,,73.05945945945946,81344.32203389831,1,105705.70476190477,55.29824561403509,0,23385.041009463723,3,3,5,4
msg_952,node3,node0,417,66960000,66960020.0,20.0,,,,73.92432432432433,76355.81818181818,1,105705.70476190477,55.29824561403509,0,23385.041009463723,3,3,5,4
msg_953,node4,node0,417,66960000,66960020.0,20.0,,,,74.1891891891892,128557.44897959183,1,105705.70476190477,55.203230148048455,0,23336.00629590766,1,1,5,4
msg_954,node1,node0,417,67320000,67320000.0,0.0,,,,0.3172043010752688,146808.46808510637,1,105705.70476190477,55.155913978494624,0,23311.56603773585,4,4,5,4
msg_955,node2,node0,417,67320000,67320014.0,14.0,,,,72.7741935483871,81344.32203389831,1,105705.70476190477,55.155913978494624,0,23311.56603773585,4,4,5,4
msg_956,node3,node0,417,67320000,67320015.0,15.0,,,,73.63440860215054,76355.81818181818,1,105705.70476190477,55.02680965147453,0,23262.81171548117,2,2,5,4
msg_957,node4,node0,417,67320000,67320015.0,15.0,,,,73.89784946236558,128557.44897959183,1,105705.70476190477,54.97322623828648,0,23238.519331243468,1,1,5,4
msg_958,node0,node2,417,67380014,67680000.0,299986.0,,,,105204.73459715639,54.919786096256686,1,72.45989304812834,81344.32203389831,0,23190.071949947862,5,5,5,1
msg_959,node0,node3,417,67380015,67380016.0,1.0,,,,105705.70476190477,54.919786096256686,1,73.32085561497327,76355.81818181818,0,23214.277661795408,2,2,5,1
msg_960,node1,node0,417,67680000,67680001.0,1.0,,,,0.3155080213903743,146808.46808510637,1,105204.73459715639,54.919786096256686,0,23190.071949947862,5,5,5,4
msg_961,node2,node0,417,67680000,67680087.0,87.0,,,,72.45989304812834,84988.35,1,106123.5141509434,54.84779706275033,0,23453.970863683662,3,3,5,4
msg_962,node3,node0,417,67680000,67680088.0,88.0,,,,73.32085561497327,74992.33928571429,1,106123.5141509434,54.89066666666667,0,23429.680873180874,2,2,5,4
msg_963,node4,node0,417,67680000,67680088.0,88.0,,,,73.58288770053476,128557.44897959183,1,106123.5141509434,54.89066666666667,0,23429.680873180874,2,2,5,4
msg_964,node0,node1,417,67740001,68040000.0,299999.0,,,,106123.5141509434,54.97872340425532,1,0.3191489361702128,146808.46808510637,0,23381.254149377593,5,5,5,1
msg_965,node1,node0,417,68040000,68040001.0,1.0,,,,0.3191489361702128,146808.46808510637,1,106123.5141509434,54.97872340425532,0,23381.254149377593,5,5,5,4
msg_966,node2,node0,417,68040000,68040035.0,35.0,,,,72.5372340425532,84988.35,1,107033.72769953051,54.907038512616204,0,23643.404761904763,3,3,5,4
msg_967,node3,node0,417,68040000,68040036.0,36.0,,,,73.39893617021276,74992.33928571429,1,107033.72769953051,54.88063660477454,0,23618.99069286453,2,2,5,4
msg_968,node4,node0,417,68040000,68040037.0,37.0,,,,73.65957446808511,128557.44897959183,1,107033.72769953051,54.88063660477454,0,23618.99069286453,2,2,5,4
msg_969,node1,node0,417,68400000,68400000.0,0.0,,,,0.32275132275132273,149999.9375,1,107033.72769953051,54.83201058201058,0,23570.31682146543,4,4,5,4
msg_970,node2,node0,417,68400000,68400012.0,12.0,,,,72.33862433862434,84988.35,1,107033.72769953051,54.83201058201058,0,23570.31682146543,4,4,5,4
msg_971,node3,node0,417,68400000,68400013.0,13.0,,,,73.2010582010582,74992.33928571429,1,107033.72769953051,54.70316622691293,0,23521.780638516993,2,2,5,4
msg_972,node4,node0,417,68400000,68400013.0,13.0,,,,73.46560846560847,128557.44897959183,1,107033.72769953051,54.648221343873516,0,23497.59465020576,1,1,5,4
msg_973,node0,node1,417,68460000,68760000.0,300000.0,,,,106038.07441860465,54.59342105263158,1,0.32105263157894737,149999.9375,0,23425.309743589743,5,5,5,1
msg_974,node0,node2,417,68460012,68460013.0,1.0,,,,107033.72769953051,54.59342105263158,1,72.02105263157895,84988.35,0,23473.458376156217,3,3,5,1
msg_975,node0,node3,417,68460013,68460014.0,1.0,,,,106533.57476635514,54.59342105263158,1,72.88421052631578,74992.33928571429,0,23449.35934291581,2,2,5,1
msg_976,node1,node0,417,68760000,68760000.0,0.0,,,,0.32105263157894737,149999.9375,1,106038.07441860465,54.59342105263158,0,23425.309743589743,5,5,5,4
msg_977,node2,node0,417,68760000,68760100.0,100.0,,,,72.02105263157895,83595.11475409837,1,106038.07441860465,54.59342105263158,0,23425.309743589743,5,5,5,4
msg_978,node3,node0,417,68760000,68760101.0,101.0,,,,72.88421052631578,73676.70175438597,1,106936.04629629629,54.58136482939633,0,23660.303680981597,2,2,5,4
msg_979,node4,node0,417,68760000,68760101.0,101.0,,,,73.14736842105263,128557.44897959183,1,106936.04629629629,54.642201834862384,0,23636.23901940756,1,1,5,4
msg_980,node0,node2,417,68820100,69120000.0,299900.0,,,,106936.04629629629,54.702879581151834,1,72.16753926701571,83595.11475409837,0,23612.223469387754,5,5,5,1
msg_981,node1,node0,417,69120000,69120001.0,1.0,,,,0.3193717277486911,153061.16326530612,1,107825.28110599078,54.702879581151834,0,23893.8623853211,4,4,5,4
msg_982,node2,node0,417,69120000,69120096.0,96.0,,,,72.16753926701571,87083.90322580645,1,107825.28110599078,54.702879581151834,0,23893.8623853211,4,4,5,4
msg_983,node3,node0,417,69120000,69120097.0,97.0,,,,73.03141361256544,73676.70175438597,1,107825.28110599078,54.68668407310705,0,23845.346897253305,2,2,5,4
msg_984,node4,node0,417,69120000,69120098.0,98.0,,,,73.29319371727749,128557.44897959183,1,107825.28110599078,54.74185136897001,0,23821.212398373984,1,1,5,4
msg_985,node0,node4,417,69180098,69480001.0,299903.0,,,,107825.28110599078,54.798177083333336,1,73.421875,128557.44897959183,0,23797.127918781727,5,5,5,1
msg_986,node1,node0,417,69480000,69480001.0,1.0,,,,0.3229166666666667,153061.16326530612,1,107825.28110599078,54.798177083333336,0,23797.127918781727,5,5,5,4
msg_987,node2,node0,417,69480000,69480066.0,66.0,,,,72.29166666666667,87083.90322580645,1,108706.37155963303,54.72821846553966,0,24052.76089159068,3,3,5,4
msg_988,node3,node0,417,69480000,69480067.0,67.0,,,,73.15625,73676.70175438597,1,108706.37155963303,54.74285714285714,0,24028.482793522267,2,2,5,4
msg_989,node4,node0,417,69480000,69480068.0,68.0,,,,73.421875,131984.36,1,108706.37155963303,54.74285714285714,0,24028.482793522267,2,2,5,4
msg_990,node0,node3,417,69540067,69840000.0,299933.0,,,,108706.37155963303,54.77590673575129,1,73.12435233160622,73676.70175438597,0,23980.07676767677,5,5,5,1
msg_991,node1,node0,417,69840000,69840001.0,1.0,,,,0.32642487046632124,153061.16326530612,1,108706.37155963303,54.77590673575129,0,23980.07676767677,5,5,5,4
msg_992,node2,node0,417,69840000,69840067.0,67.0,,,,72.25906735751295,87083.90322580645,1,109579.55251141553,54.70633893919793,0,24234.082661290322,3,3,5,4
msg_993,node3,node0,417,69840000,69840068.0,68.0,,,,73.12435233160622,77577.6724137931,1,109579.55251141553,54.72222222222222,0,24209.74521651561,2,2,5,4
msg_994,node4,node0,417,69840000,69840069.0,69.0,,,,73.39378238341969,131984.36,1,109579.55251141553,54.72222222222222,0,24209.74521651561,2,2,5,4
msg_995,node0,node1,417,69900001,70200000.0,299999.0,,,,109579.55251141553,54.75773195876289,1,0.32989690721649484,153061.16326530612,0,24161.220100502513,5,5,5,1
msg_996,node1,node0,417,70200000,70200001.0,1.0,,,,0.32989690721649484,155999.92,1,110445.09545454546,54.75773195876289,0,24438.1656626506,4,4,5,4
msg_997,node2,node0,417,70200000,70200088.0,88.0,,,,72.23195876288659,87083.90322580645,1,110445.09545454546,54.75773195876289,0,24438.1656626506,4,4,5,4
msg_998,node3,node0,417,70200000,70200089.0,89.0,,,,73.0979381443299,77577.6724137931,1,110445.09545454546,54.731362467866326,0,24389.280561122243,2,2,5,4
msg_999,node4,node0,417,70200000,70200089.0,89.0,,,,73.37113402061856,131984.36,1,110445.09545454546,54.775353016688065,0,24364.955955955957,1,1,5,4
msg_1000,node0,node2,417,70260088,70260088.0,0.0,,,,110445.09545454546,54.81923076923077,1,72.31282051282051,87083.90322580645,0,24340.68,1,1,5,1
msg_1001,node1,node0,417,70560000,70560000.0,0.0,,,,0.3333333333333333,155999.92,1,109945.34389140272,54.81923076923077,0,24316.363636363636,4,4,5,4
msg_1002,node2,node0,417,70560000,70560016.0,16.0,,,,72.31282051282051,85701.61904761905,1,109945.34389140272,54.81923076923077,0,24316.363636363636,4,4,5,4
msg_1003,node3,node0,417,70560000,70560017.0,17.0,,,,73.17948717948718,77577.6724137931,1,109945.34389140272,54.69948849104859,0,24267.89232303091,2,2,5,4
msg_1004,node4,node0,417,70560000,70560017.0,17.0,,,,73.45128205128205,131984.36,1,109945.34389140272,54.651340996168585,0,24243.738047808765,1,1,5,4
msg_1005,node1,node0,417,70920000,70920000.0,0.0,,,,0.33163265306122447,155999.92,1,109945.34389140272,54.60331632653061,0,24219.63184079602,4,4,5,4
msg_1006,node2,node0,417,70920000,70920015.0,15.0,,,,72.02551020408163,85701.61904761905,1,109945.34389140272,54.53375796178344,0,24195.55666003976,3,3,5,4
msg_1007,node3,node0,417,70920000,70920016.0,16.0,,,,72.89285714285714,77577.6724137931,1,109945.34389140272,54.53375796178344,0,24195.55666003976,3,3,5,4
msg_1008,node4,node0,417,70920000,70920016.0,16.0,,,,73.16326530612245,131984.36,1,109945.34389140272,54.43456162642948,0,24147.58035714286,1,1,5,4
msg_1009,node0,node2,417,70980015,70980015.0,0.0,,,,109945.34389140272,54.38578680203046,1,71.73604060913705,85701.61904761905,0,24123.66402378593,1,1,5,1
msg_1010,node1,node0,417,71280000,71280000.0,0.0,,,,0.3299492385786802,155999.92,1,109450.0945945946,54.38578680203046,0,24099.779207920794,4,4,5,4
msg_1011,node2,node0,417,71280000,71280017.0,17.0,,,,71.73604060913705,84362.53125,1,109450.0945945946,54.38578680203046,0,24099.779207920794,4,4,5,4
msg_1012,node3,node0,417,71280000,71280018.0,18.0,,,,72.60406091370558,77577.6724137931,1,109450.0945945946,54.269620253164554,0,24052.167984189724,2,2,5,4
msg_1013,node4,node0,417,71280000,71280018.0,18.0,,,,72.8730964467005,131984.36,1,109450.0945945946,54.22376738305942,0,24028.442250740376,1,1,5,4
msg_1014,node1,node0,417,71640000,71640000.0,0.0,,,,0.3282828282828283,155999.92,1,109450.0945945946,54.178030303030305,0,24004.763313609466,4,4,5,4
msg_1015,node2,node0,417,71640000,71640020.0,20.0,,,,71.45959595959596,84362.53125,1,109450.0945945946,54.020125786163526,0,23933.98918387414,1,1,5,4
msg_1016,node3,node0,417,71640000,71640018.0,18.0,,,,72.32828282828282,77577.6724137931,1,109450.0945945946,54.10970996216898,0,23981.113300492612,3,3,5,4
msg_1017,node4,node0,417,71640000,71640019.0,19.0,,,,72.5959595959596,131984.36,1,109450.0945945946,54.10970996216898,0,23981.113300492612,3,3,5,4
msg_1018,node1,node0,417,72000000,72000000.0,0.0,,,,0.32663316582914576,155999.92,1,109450.0945945946,53.97738693467337,0,23910.498035363456,4,4,5,4
msg_1019,node2,node0,417,72000000,72000012.0,12.0,,,,71.20100502512562,84362.53125,1,109450.0945945946,53.90966122961104,0,23887.033366045143,3,3,5,4
msg_1020,node3,node0,417,72000000,72000013.0,13.0,,,,72.05527638190955,77577.6724137931,1,109450.0945945946,53.90966122961104,0,23887.033366045143,3,3,5,4
msg_1021,node4,node0,417,72000000,72000013.0,13.0,,,,72.32663316582915,131984.36,1,109450.0945945946,53.80600750938673,0,23840.266405484817,1,1,5,4
msg_1022,node0,node1,417,72060000,72060000.0,0.0,,,,109450.0945945946,53.755,1,0.325,155999.92,0,23816.95205479452,1,1,5,1
msg_1023,node0,node3,417,72060013,72360000.0,299987.0,,,,108959.2869955157,53.755,1,71.76,77577.6724137931,0,23793.670576735094,5,5,5,1
msg_1024,node1,node0,417,72360000,72360000.0,0.0,,,,0.325,152941.0980392157,1,108959.2869955157,53.755,0,23793.670576735094,5,5,5,4
msg_1025,node2,node0,417,72360000,72360025.0,25.0,,,,70.905,84362.53125,1,108959.2869955157,53.755,0,23793.670576735094,5,5,5,4
msg_1026,node3,node0,417,72360000,72360026.0,26.0,,,,71.76,81347.32203389831,1,109812.08928571429,53.65211970074813,0,24016.507797270955,2,2,5,4
msg_1027,node4,node0,417,72360000,72360026.0,26.0,,,,72.03,131984.36,1,109812.08928571429,53.61768368617684,0,23993.14800389484,1,1,5,4
msg_1028,node0,node2,417,72420025,72420025.0,0.0,,,,109812.08928571429,53.583333333333336,1,70.67661691542288,84362.53125,0,23969.833657587547,1,1,5,1
msg_1029,node1,node0,417,72720000,72720000.0,0.0,,,,0.32338308457711445,152941.0980392157,1,109324.03555555556,53.583333333333336,0,23946.539358600585,4,4,5,4
msg_1030,node2,node0,417,72720000,72720024.0,24.0,,,,70.67661691542288,83064.64615384616,1,109324.03555555556,53.43990086741016,0,23876.970930232557,1,1,5,4
msg_1031,node3,node0,417,72720000,72720022.0,22.0,,,,71.53233830845771,81347.32203389831,1,109324.03555555556,53.583333333333336,0,23946.539358600585,4,4,5,4
msg_1032,node4,node0,417,72720000,72720023.0,23.0,,,,71.80099502487562,131984.36,1,109324.03555555556,53.477667493796524,0,23900.107662463626,2,2,5,4
msg_1033,node1,node0,417,73080000,73080000.0,0.0,,,,0.3217821782178218,152941.0980392157,1,109324.03555555556,53.40346534653465,0,23853.87996127783,4,4,5,4
msg_1034,node2,node0,417,73080000,73080013.0,13.0,,,,70.44554455445545,83064.64615384616,1,109324.03555555556,53.40346534653465,0,23853.87996127783,4,4,5,4
msg_1035,node3,node0,417,73080000,73080014.0,14.0,,,,71.2871287128713,81347.32203389831,1,109324.03555555556,53.287654320987656,0,23807.79806763285,2,2,5,4
msg_1036,node4,node0,417,73080000,73080014.0,14.0,,,,71.55940594059406,131984.36,1,109324.03555555556,53.23921085080148,0,23784.83108108108,1,1,5,4
msg_1037,node1,node0,417,73440000,73440000.0,0.0,,,,0.32019704433497537,152941.0980392157,1,109324.03555555556,53.19088669950739,0,23761.908389585344,4,4,5,4
msg_1038,node2,node0,417,73440000,73440022.0,22.0,,,,70.16256157635468,83064.64615384616,1,109324.03555555556,53.125461254612546,0,23739.016377649325,3,3,5,4
msg_1039,node3,node0,417,73440000,73440023.0,23.0,,,,71.00492610837438,81347.32203389831,1,109324.03555555556,53.08722358722359,0,23716.189605389798,2,2,5,4
msg_1040,node4,node0,417,73440000,73440023.0,23.0,,,,71.27586206896552,131984.36,1,109324.03555555556,53.08722358722359,0,23716.189605389798,2,2,5,4
msg_1041,node0,node1,417,73500000,73800000.0,300000.0,,,,109324.03555555556,53.013480392156865,1,0.31862745098039214,152941.0980392157,0,23670.669548511047,5,5,5,1
msg_1042,node1,node0,417,73800000,73800000.0,0.0,,,,0.31862745098039214,152941.0980392157,1,109324.03555555556,53.013480392156865,0,23670.669548511047,5,5,5,4
msg_1043,node2,node0,417,73800000,73800025.0,25.0,,,,69.92647058823529,83064.64615384616,1,109324.03555555556,53.013480392156865,0,23670.669548511047,5,5,5,4
msg_1044,node3,node0,417,73800000,73800026.0,26.0,,,,70.76960784313725,81347.32203389831,1,110167.73451327434,52.914425427872864,0,23890.030651340996,2,2,5,4
msg_1045,node4,node0,417,73800000,73800026.0,26.0,,,,71.03921568627452,131984.36,1,110167.73451327434,52.88156288156288,0,23867.194258373205,1,1,5,4
msg_1046,node1,node0,417,74160000,74160000.0,0.0,,,,0.3170731707317073,155769.15384615384,1,110167.73451327434,52.84878048780488,0,23844.40152963671,4,4,5,4
msg_1047,node2,node0,417,74160000,74160015.0,15.0,,,,69.70731707317073,83064.64615384616,1,110167.73451327434,52.78440925700365,0,23821.627507163324,3,3,5,4
msg_1048,node3,node0,417,74160000,74160016.0,16.0,,,,70.55121951219512,81347.32203389831,1,110167.73451327434,52.73844282238443,0,23798.911259541987,2,2,5,4
msg_1049,node4,node0,417,74160000,74160016.0,16.0,,,,70.81951219512194,131984.36,1,110167.73451327434,52.73844282238443,0,23798.911259541987,2,2,5,4
msg_1050,node0,node1,417,74220000,74520000.0,300000.0,,,,109201.36842105263,52.64927184466019,1,0.3155339805825243,155769.15384615384,0,23708.455323193917,5,5,5,1
msg_1051,node0,node3,417,74220016,74220017.0,1.0,,,,110167.73451327434,52.64927184466019,2,70.2864077669903,81347.32203389831,0,23753.610476190475,3,3,5,2
msg_1052,node0,node4,417,74220016,74220019.0,3.0,,,,109682.41850220265,52.64927184466019,2,70.55339805825243,131984.36,0,23731.010466222644,2,2,5,2
msg_1053,node1,node0,417,74520000,74520000.0,0.0,,,,0.3155339805825243,155769.15384615384,1,109201.36842105263,52.64927184466019,0,23708.455323193917,5,5,5,4
msg_1054,node2,node0,417,74520000,74520097.0,97.0,,,,69.44174757281553,83064.64615384616,1,109201.36842105263,52.64927184466019,0,23708.455323193917,5,5,5,4
msg_1055,node3,node0,417,74520000,74520098.0,98.0,,,,70.2864077669903,79991.55,1,110034.5502183406,52.639225181598064,0,23925.490047393367,2,2,5,4
msg_1056,node4,node0,417,74520000,74520098.0,98.0,,,,70.55339805825243,129396.49019607843,1,110034.5502183406,52.694074969770256,0,23902.926136363636,1,1,5,4
msg_1057,node0,node4,417,74580098,74880001.0,299903.0,,,,110034.5502183406,52.7487922705314,1,70.68599033816425,129396.49019607843,0,23880.40491958373,5,5,5,1
msg_1058,node1,node0,417,74880000,74880000.0,0.0,,,,0.3140096618357488,158490.49056603774,1,110034.5502183406,52.7487922705314,0,23880.40491958373,5,5,5,4
msg_1059,node2,node0,417,74880000,74880016.0,16.0,,,,69.57487922705315,83064.64615384616,1,110860.06521739131,52.68516284680338,0,24118.499527856467,3,3,5,4
msg_1060,node3,node0,417,74880000,74880017.0,17.0,,,,70.42028985507247,79991.55,1,110860.06521739131,52.64096385542169,0,24095.76132075472,2,2,5,4
msg_1061,node4,node0,417,74880000,74880017.0,17.0,,,,70.68599033816425,132675.46153846153,1,110860.06521739131,52.64096385542169,0,24095.76132075472,2,2,5,4
msg_1062,node0,node1,417,74940000,75240000.0,300000.0,,,,110380.16017316017,52.55528846153846,1,0.3125,158490.49056603774,0,24027.79209783631,5,5,5,1
msg_1063,node0,node4,417,74940017,74940019.0,2.0,,,,110860.06521739131,52.55528846153846,1,70.42788461538461,132675.46153846153,0,24050.415254237287,2,2,5,1
msg_1064,node1,node0,417,75240000,75240000.0,0.0,,,,0.3125,158490.49056603774,1,110380.16017316017,52.55528846153846,0,24027.79209783631,5,5,5,4
msg_1065,node2,node0,417,75240000,75243043.0,3043.0,,,,69.3173076923077,83064.64615384616,1,111197.48706896552,52.4921968787515,0,24264.359624413144,3,3,5,4
msg_1066,node3,node0,417,75240000,75243044.0,3044.0,,,,70.16346153846153,79991.55,1,111197.48706896552,56.0779376498801,0,24244.452157598498,2,2,5,4
msg_1067,node4,node0,417,75240000,75243044.0,3044.0,,,,70.42788461538461,130172.18867924529,1,111197.48706896552,56.0779376498801,0,24244.452157598498,2,2,5,4
msg_1068,node1,node0,417,75600000,75600000.0,0.0,,,,0.31100478468899523,161111.03703703705,1,111197.48706896552,63.22607655502392,0,24204.750936329587,4,4,5,4
msg_1069,node2,node0,417,75600000,75600016.0,16.0,,,,83.54545454545455,83064.64615384616,1,111197.48706896552,63.034564958283674,0,24136.977591036415,1,1,5,4
msg_1070,node3,node0,417,75600000,75600014.0,14.0,,,,84.39234449760765,79991.55,1,111197.48706896552,63.22607655502392,0,24204.750936329587,4,4,5,4
msg_1071,node4,node0,417,75600000,75600015.0,15.0,,,,84.6555023923445,130172.18867924529,1,111197.48706896552,63.091885441527445,0,24159.521495327102,2,2,5,4
msg_1072,node1,node0,417,75960000,75960000.0,0.0,,,,0.30952380952380953,161111.03703703705,1,111197.48706896552,62.97857142857143,0,24114.47667910448,4,4,5,4
msg_1073,node2,node0,417,75960000,75960013.0,13.0,,,,83.22380952380952,83064.64615384616,1,111197.48706896552,62.97857142857143,0,24114.47667910448,4,4,5,4
msg_1074,node3,node0,417,75960000,75960014.0,14.0,,,,84.05714285714286,79991.55,1,111197.48706896552,62.84441805225653,0,24069.582867783985,2,2,5,4
msg_1075,node4,node0,417,75960000,75960014.0,14.0,,,,84.32380952380953,130172.18867924529,1,111197.48706896552,62.786476868327405,0,24047.20558139535,1,1,5,4
msg_1076,node0,node4,417,76020014,76320001.0,299987.0,,,,111197.48706896552,62.72867298578199,1,83.99052132701422,130172.18867924529,0,24024.869888475838,5,5,5,1
msg_1077,node1,node0,417,76320000,76320001.0,1.0,,,,0.3080568720379147,161111.03703703705,1,112007.74248927039,62.72867298578199,0,24281.102135561745,4,4,5,4
msg_1078,node2,node0,417,76320000,76320078.0,78.0,,,,82.8909952606635,83064.64615384616,1,112007.74248927039,62.72867298578199,0,24281.102135561745,4,4,5,4
msg_1079,node3,node0,417,76320000,76320079.0,79.0,,,,83.72511848341232,79991.55,1,112007.74248927039,62.673758865248224,0,24236.168674698794,2,2,5,4
msg_1080,node4,node0,417,76320000,76320080.0,80.0,,,,83.99052132701422,133316.90740740742,1,112007.74248927039,62.693034238488785,0,24213.800925925927,1,1,5,4
msg_1081,node0,node4,417,76380080,76680001.0,299921.0,,,,112007.74248927039,62.71344339622642,1,83.97169811320755,133316.90740740742,0,24191.475485661424,5,5,5,1
msg_1082,node1,node0,417,76680000,76680000.0,0.0,,,,0.3113207547169811,161111.03703703705,1,112007.74248927039,62.71344339622642,0,24191.475485661424,5,5,5,4
msg_1083,node2,node0,417,76680000,76680077.0,77.0,,,,82.86792452830188,83064.64615384616,1,112810.7905982906,62.639575971731446,0,24423.73591874423,3,3,5,4
msg_1084,node3,node0,417,76680000,76680078.0,78.0,,,,83.70283018867924,79991.55,1,112810.7905982906,62.656470588235294,0,24401.275830258302,2,2,5,4
msg_1085,node4,node0,417,76680000,76680078.0,78.0,,,,83.97169811320755,136346.07272727272,1,112810.7905982906,62.656470588235294,0,24401.275830258302,2,2,5,4
msg_1086,node0,node1,417,76740000,77040000.0,300000.0,,,,111854.77542372882,62.6924882629108,1,0.30985915492957744,161111.03703703705,0,24311.710477941175,5,5,5,1
msg_1087,node0,node3,417,76740078,76740078.0,0.0,,,,112810.7905982906,62.6924882629108,2,83.67605633802818,79991.55,0,24356.48158379374,3,3,5,2
msg_1088,node0,node4,417,76740078,76740080.0,2.0,,,,112810.7905982906,62.6924882629108,2,83.94366197183099,136346.07272727272,0,24356.48158379374,3,3,5,2
msg_1089,node1,node0,417,77040000,77040001.0,1.0,,,,0.30985915492957744,163636.29090909092,1,112648.63713080168,62.6924882629108,0,24564.867768595042,4,4,5,4
msg_1090,node2,node0,417,77040000,77040058.0,58.0,,,,82.84037558685446,83064.64615384616,1,112648.63713080168,62.6924882629108,0,24564.867768595042,4,4,5,4
msg_1091,node3,node0,417,77040000,77040059.0,59.0,,,,83.67605633802818,78680.2131147541,1,112648.63713080168,62.614754098360656,0,24519.8900091659,2,2,5,4
msg_1092,node4,node0,417,77040000,77040059.0,59.0,,,,83.94366197183099,133911.35714285713,1,112648.63713080168,62.61052631578947,0,24497.489926739927,1,1,5,4
msg_1093,node0,node1,417,77100001,77100001.0,0.0,,,,112648.63713080168,62.606308411214954,1,0.3130841121495327,163636.29090909092,0,24475.130832570907,1,1,5,1
msg_1094,node0,node4,417,77100059,77100060.0,1.0,,,,112175.32352941176,62.606308411214954,1,83.82710280373831,133911.35714285713,0,24452.758683729433,1,1,5,1
msg_1095,node1,node0,417,77400000,77400000.0,0.0,,,,0.3130841121495327,160714.2142857143,1,111705.97489539749,62.606308411214954,0,24430.428310502284,4,4,5,4
msg_1096,node2,node0,417,77400000,77400022.0,22.0,,,,82.72429906542057,83064.64615384616,1,111705.97489539749,62.53325554259043,0,24408.13777372263,3,3,5,4
msg_1097,node3,node0,417,77400000,77400023.0,23.0,,,,83.5607476635514,78680.2131147541,1,111705.97489539749,62.53325554259043,0,24408.13777372263,3,3,5,4
msg_1098,node4,node0,417,77400000,77400023.0,23.0,,,,83.82710280373831,131562.05263157896,1,111705.97489539749,62.44004656577415,0,24363.719489981784,1,1,5,4
msg_1099,node0,node1,417,77460000,77460000.0,0.0,,,,111705.97489539749,62.39418604651163,1,0.3116279069767442,160714.2142857143,0,24341.571428571428,1,1,5,1
msg_1100,node1,node0,417,77760000,77760000.0,0.0,,,,0.3116279069767442,157894.66666666666,1,111240.53333333334,62.39418604651163,0,24319.442727272726,4,4,5,4
msg_1101,node2,node0,417,77760000,77760016.0,16.0,,,,82.44186046511628,83064.64615384616,1,111240.53333333334,62.39418604651163,0,24319.442727272726,4,4,5,4
msg_1102,node3,node0,417,77760000,77760017.0,17.0,,,,83.27906976744185,78680.2131147541,1,111240.53333333334,62.26798143851508,0,24275.320326678764,2,2,5,4
msg_1103,node4,node0,417,77760000,77760017.0,17.0,,,,83.54418604651163,131562.05263157896,1,111240.53333333334,62.215527230590965,0,24253.327289211244,1,1,5,4
msg_1104,node1,node0,417,78120000,78120000.0,0.0,,,,0.3101851851851852,157894.66666666666,1,111240.53333333334,62.16319444444444,0,24231.3740942029,4,4,5,4
msg_1105,node2,node0,417,78120000,78120014.0,14.0,,,,82.13425925925925,83064.64615384616,1,111240.53333333334,62.16319444444444,0,24231.3740942029,4,4,5,4
msg_1106,node3,node0,417,78120000,78120015.0,15.0,,,,82.97222222222223,78680.2131147541,1,111240.53333333334,62.03579676674365,0,24187.568716094032,2,2,5,4
msg_1107,node4,node0,417,78120000,78120015.0,15.0,,,,83.23611111111111,131562.05263157896,1,111240.53333333334,61.98154555940023,0,24165.73261065944,1,1,5,4
msg_1108,node0,node3,417,78180015,78180015.0,0.0,,,,111240.53333333334,61.92741935483871,1,82.6589861751152,78680.2131147541,0,24143.935920577616,1,1,5,1
msg_1109,node1,node0,417,78480000,78480000.0,0.0,,,,0.3087557603686636,157894.66666666666,1,110778.95435684647,61.92741935483871,0,24122.1650135257,4,4,5,4
msg_1110,node2,node0,417,78480000,78480014.0,14.0,,,,81.82027649769586,83064.64615384616,1,110778.95435684647,61.85615650172612,0,24100.433333333334,3,3,5,4
msg_1111,node3,node0,417,78480000,78480015.0,15.0,,,,82.6589861751152,77411.17741935483,1,110778.95435684647,61.801149425287356,0,24078.753375337536,2,2,5,4
msg_1112,node4,node0,417,78480000,78480015.0,15.0,,,,82.92165898617512,131562.05263157896,1,110778.95435684647,61.801149425287356,0,24078.753375337536,2,2,5,4
msg_1113,node0,node1,417,78540000,78840000.0,300000.0,,,,110778.95435684647,61.69380733944954,1,0.3073394495412844,157894.66666666666,0,24035.512129380055,5,5,5,1
msg_1114,node1,node0,417,78840000,78840001.0,1.0,,,,0.3073394495412844,160344.75862068965,1,111560.85950413223,61.69380733944954,0,24283.236086175944,4,4,5,4
msg_1115,node2,node0,417,78840000,78840080.0,80.0,,,,81.5091743119266,83064.64615384616,1,111560.85950413223,61.69380733944954,0,24283.236086175944,4,4,5,4
msg_1116,node3,node0,417,78840000,78840081.0,81.0,,,,82.34862385321101,77411.17741935483,1,111560.85950413223,61.64530892448513,0,24239.790322580644,2,2,5,4
msg_1117,node4,node0,417,78840000,78840081.0,81.0,,,,82.61009174311927,131562.05263157896,1,111560.85950413223,61.66742857142857,0,24218.16204118174,1,1,5,4
msg_1118,node1,node0,417,79200000,79200000.0,0.0,,,,0.3105022831050228,160344.75862068965,1,111560.85950413223,61.68949771689498,0,24196.572450805008,4,4,5,4
msg_1119,node2,node0,417,79200000,79200019.0,19.0,,,,81.50228310502283,83064.64615384616,1,111560.85950413223,61.68949771689498,0,24196.572450805008,4,4,5,4
msg_1120,node3,node0,417,79200000,79200020.0,20.0,,,,82.34246575342466,77411.17741935483,1,111560.85950413223,61.57061503416856,0,24153.38125,2,2,5,4
msg_1121,node4,node0,417,79200000,79200020.0,20.0,,,,82.6027397260274,131562.05263157896,1,111560.85950413223,61.52332195676905,0,24131.85280999108,1,1,5,4
msg_1122,node0,node1,417,79260000,79260000.0,0.0,,,,111560.85950413223,61.476136363636364,1,0.3090909090909091,160344.75862068965,0,24110.36274509804,1,1,5,1
msg_1123,node0,node2,417,79260019,79260019.0,0.0,,,,111101.76131687243,61.476136363636364,1,81.21818181818182,83064.64615384616,0,24088.893143365985,1,1,5,1
msg_1124,node1,node0,417,79560000,79560000.0,0.0,,,,0.3090909090909091,157627.05084745763,1,110646.4262295082,61.476136363636364,0,24067.46174377224,4,4,5,4
msg_1125,node2,node0,417,79560000,79560017.0,17.0,,,,81.21818181818182,81806.09090909091,1,110646.4262295082,61.476136363636364,0,24067.46174377224,4,4,5,4
msg_1126,node3,node0,417,79560000,79560018.0,18.0,,,,82.05909090909091,77411.17741935483,1,110646.4262295082,61.35600907029478,0,24024.728241563054,2,2,5,4
msg_1127,node4,node0,417,79560000,79560018.0,18.0,,,,82.31818181818181,131562.05263157896,1,110646.4262295082,61.30690826727067,0,24003.426796805677,1,1,5,4
msg_1128,node1,node0,417,79920000,79920000.0,0.0,,,,0.3076923076923077,157627.05084745763,1,110646.4262295082,61.2579185520362,0,23982.163120567377,4,4,5,4
msg_1129,node2,node0,417,79920000,79920019.0,19.0,,,,80.92760180995475,81806.09090909091,1,110646.4262295082,61.2579185520362,0,23982.163120567377,4,4,5,4
msg_1130,node3,node0,417,79920000,79920020.0,20.0,,,,81.76923076923077,77411.17741935483,1,110646.4262295082,61.14108352144469,0,23939.733628318583,2,2,5,4
msg_1131,node4,node0,417,79920000,79920020.0,20.0,,,,82.02714932126698,131562.05263157896,1,110646.4262295082,61.09470124013529,0,23918.584438549955,1,1,5,4
msg_1132,node0,node1,417,79980000,79980000.0,0.0,,,,110646.4262295082,61.04842342342342,1,0.3063063063063063,157627.05084745763,0,23897.47261484099,1,1,5,1
msg_1133,node1,node0,417,80280000,80280000.0,0.0,,,,0.3063063063063063,154999.93333333332,1,110194.8081632653,61.04842342342342,0,23876.380406001765,4,4,5,4
msg_1134,node2,node0,417,80280000,80280014.0,14.0,,,,80.64864864864865,81806.09090909091,1,110194.8081632653,61.04842342342342,0,23876.380406001765,4,4,5,4
msg_1135,node3,node0,417,80280000,80280015.0,15.0,,,,81.490990990991,77411.17741935483,1,110194.8081632653,60.92696629213483,0,23834.319823788544,2,2,5,4
msg_1136,node4,node0,417,80280000,80280016.0,16.0,,,,81.74774774774775,131562.05263157896,1,110194.8081632653,60.87542087542087,0,23813.352112676057,1,1,5,4
msg_1137,node1,node0,417,80640000,80640000.0,0.0,,,,0.30493273542600896,154999.93333333332,1,110194.8081632653,60.82511210762332,0,23792.42216358839,4,4,5,4
msg_1138,node2,node0,417,80640000,80640019.0,19.0,,,,80.34977578475336,81806.09090909091,1,110194.8081632653,60.75699888017917,0,23771.514938488577,3,3,5,4
msg_1139,node3,node0,417,80640000,80640020.0,20.0,,,,81.19282511210763,77411.17741935483,1,110194.8081632653,60.75699888017917,0,23771.514938488577,3,3,5,4
msg_1140,node4,node0,417,80640000,80640020.0,20.0,,,,81.45291479820628,131562.05263157896,1,110194.8081632653,60.75699888017917,0,23771.514938488577,3,3,5,4
msg_1141,node1,node0,417,81000000,81000000.0,0.0,,,,0.30357142857142855,154999.93333333332,1,110194.8081632653,60.619419642857146,0,23709.06485539001,4,4,5,4
msg_1142,node2,node0,417,81000000,81000014.0,14.0,,,,80.07589285714286,81806.09090909091,1,110194.8081632653,60.551839464882946,0,23688.30385288967,3,3,5,4
msg_1143,node3,node0,417,81000000,81000015.0,15.0,,,,80.91964285714286,77411.17741935483,1,110194.8081632653,60.5,0,23667.59142607174,2,2,5,4
msg_1144,node4,node0,417,81000000,81000016.0,16.0,,,,81.17857142857143,131562.05263157896,1,110194.8081632653,60.5,0,23667.59142607174,2,2,5,4
msg_1145,node1,node0,417,81360000,81360000.0,0.0,,,,0.3022222222222222,154999.93333333332,1,110194.8081632653,60.4,0,23626.277729257643,4,4,5,4
msg_1146,node2,node0,417,81360000,81360015.0,15.0,,,,79.78222222222222,81806.09090909091,1,110194.8081632653,60.4,0,23626.277729257643,4,4,5,4
msg_1147,node3,node0,417,81360000,81360016.0,16.0,,,,80.62666666666667,77411.17741935483,1,110194.8081632653,60.28270509977827,0,23585.094158674805,2,2,5,4
msg_1148,node4,node0,417,81360000,81360016.0,16.0,,,,80.88888888888889,131562.05263157896,1,110194.8081632653,60.23366555924695,0,23564.563588850175,1,1,5,4
msg_1149,node0,node1,417,81420000,81720000.0,300000.0,,,,110194.8081632653,60.184734513274336,1,0.3008849557522124,154999.93333333332,0,23544.06875543951,5,5,5,1
msg_1150,node1,node0,417,81720000,81720000.0,0.0,,,,0.3008849557522124,154999.93333333332,1,110194.8081632653,60.184734513274336,0,23544.06875543951,5,5,5,4
msg_1151,node2,node0,417,81720000,81720028.0,28.0,,,,79.49557522123894,81806.09090909091,1,110194.8081632653,60.184734513274336,0,23544.06875543951,5,5,5,4
msg_1152,node3,node0,417,81720000,81720029.0,29.0,,,,80.34070796460178,77411.17741935483,1,110966.37398373983,60.08278145695364,0,23743.19704861111,2,2,5,4
msg_1153,node4,node0,417,81720000,81720029.0,29.0,,,,80.60176991150442,131562.05263157896,1,110966.37398373983,60.04851157662624,0,23722.62966175195,1,1,5,4
msg_1154,node1,node0,417,82080000,82080000.0,0.0,,,,0.29955947136563876,157376.9836065574,1,110966.37398373983,60.01431718061674,0,23702.097920277298,4,4,5,4
msg_1155,node2,node0,417,82080000,82080021.0,21.0,,,,79.26872246696036,81806.09090909091,1,110966.37398373983,59.94829482948295,0,23681.576623376623,3,3,5,4
msg_1156,node3,node0,417,82080000,82080022.0,22.0,,,,80.11453744493392,77411.17741935483,1,110966.37398373983,59.94829482948295,0,23681.576623376623,3,3,5,4
msg_1157,node4,node0,417,82080000,82080022.0,22.0,,,,80.37444933920705,131562.05263157896,1,110966.37398373983,59.863885839736554,0,23640.67761452031,1,1,5,4
msg_1158,node0,node1,417,82140000,82140000.0,0.0,,,,110966.37398373983,59.82236842105263,1,0.2982456140350877,157376.9836065574,0,23620.28151986183,1,1,5,1
msg_1159,node0,node4,417,82140022,82140023.0,1.0,,,,110517.11740890688,59.82236842105263,1,80.11842105263158,131562.05263157896,0,23599.90163934426,1,1,5,1
msg_1160,node1,node0,417,82440000,82440000.0,0.0,,,,0.2982456140350877,154838.64516129033,1,110071.4879032258,59.82236842105263,0,23579.55775862069,4,4,5,4
msg_1161,node2,node0,417,82440000,82440022.0,22.0,,,,79.01315789473684,81806.09090909091,1,110071.4879032258,59.75684556407448,0,23559.248062015504,3,3,5,4
msg_1162,node3,node0,417,82440000,82440023.0,23.0,,,,79.85964912280701,77411.17741935483,1,110071.4879032258,59.75684556407448,0,23559.248062015504,3,3,5,4
msg_1163,node4,node0,417,82440000,82440023.0,23.0,,,,80.11842105263158,129293.75862068965,1,110071.4879032258,59.675409836065576,0,23518.77214101462,1,1,5,4
msg_1164,node1,node0,417,82800000,82800000.0,0.0,,,,0.29694323144104806,154838.64516129033,1,110071.4879032258,59.6353711790393,0,23498.58676975945,4,4,5,4
msg_1165,node2,node0,417,82800000,82800016.0,16.0,,,,78.76419213973799,81806.09090909091,1,110071.4879032258,59.57033805888768,0,23478.416309012875,3,3,5,4
msg_1166,node3,node0,417,82800000,82800017.0,17.0,,,,79.61135371179039,77411.17741935483,1,110071.4879032258,59.57033805888768,0,23478.416309012875,3,3,5,4
msg_1167,node4,node0,417,82800000,82800017.0,17.0,,,,79.86899563318778,129293.75862068965,1,110071.4879032258,59.476605005440696,0,23438.207369323052,1,1,5,4
msg_1168,node0,node1,417,82860000,83160000.0,300000.0,,,,109629.43775100402,59.43043478260869,1,0.2956521739130435,154838.64516129033,0,23398.123182207015,5,5,5,1
msg_1169,node0,node4,417,82860017,82860018.0,1.0,,,,110071.4879032258,59.43043478260869,1,79.59565217391304,129293.75862068965,0,23418.154965753423,2,2,5,1
msg_1170,node1,node0,417,83160000,83160001.0,1.0,,,,0.2956521739130435,154838.64516129033,1,109629.43775100402,59.43043478260869,0,23398.123182207015,5,5,5,4
msg_1171,node2,node0,417,83160000,83160084.0,84.0,,,,78.49130434782609,81806.09090909091,1,110390.92,59.36699239956569,0,23614.352690008538,3,3,5,4
msg_1172,node3,node0,417,83160000,83160085.0,85.0,,,,79.3391304347826,77411.17741935483,1,110390.92,59.393709327548805,0,23594.275597269625,2,2,5,4
msg_1173,node4,node0,417,83160000,83160085.0,85.0,,,,79.59565217391304,127102.35593220338,1,110390.92,59.393709327548805,0,23594.275597269625,2,2,5,4
msg_1174,node0,node3,417,83220085,83520000.0,299915.0,,,,110390.92,59.4491341991342,1,79.36363636363636,77411.17741935483,0,23554.22572402044,5,5,5,1
msg_1175,node1,node0,417,83520000,83520001.0,1.0,,,,0.2987012987012987,157142.79365079364,1,110390.92,59.4491341991342,0,23554.22572402044,5,5,5,4
msg_1176,node2,node0,417,83520000,83520070.0,70.0,,,,78.51515151515152,81806.09090909091,1,111145.99601593625,59.38594594594595,0,23769.1981292517,3,3,5,4
msg_1177,node3,node0,417,83520000,83520071.0,71.0,,,,79.36363636363636,80942.98412698413,1,111145.99601593625,59.39740820734341,0,23749.06287170773,2,2,5,4
msg_1178,node4,node0,417,83520000,83520072.0,72.0,,,,79.61904761904762,127102.35593220338,1,111145.99601593625,59.39740820734341,0,23749.06287170773,2,2,5,4
msg_1179,node0,node3,417,83580071,83880000.0,299929.0,,,,110704.94841269842,59.42349137931034,1,79.32758620689656,80942.98412698413,0,23688.806779661016,5,5,5,1
msg_1180,node0,node4,417,83580072,83580074.0,2.0,,,,111145.99601593625,59.42349137931034,1,79.58620689655173,127102.35593220338,0,23708.897370653096,2,2,5,1
msg_1181,node1,node0,417,83880000,83880000.0,0.0,,,,0.3017241379310345,157142.79365079364,1,110704.94841269842,59.42349137931034,0,23688.806779661016,5,5,5,4
msg_1182,node2,node0,417,83880000,83880089.0,89.0,,,,78.47844827586206,81806.09090909091,1,110704.94841269842,59.42349137931034,0,23688.806779661016,5,5,5,4
msg_1183,node3,node0,417,83880000,83880090.0,90.0,,,,79.32758620689656,84364.640625,1,111452.86956521739,59.391397849462365,0,23882.341504649197,2,2,5,4
msg_1184,node4,node0,417,83880000,83880090.0,90.0,,,,79.58620689655173,124984.01666666666,1,111452.86956521739,59.424274973147156,0,23862.24662162162,1,1,5,4
msg_1185,node0,node1,417,83940000,83940000.0,0.0,,,,111452.86956521739,59.457081545064376,1,0.30042918454935624,157142.79365079364,0,23842.185654008437,1,1,5,1
msg_1186,node1,node0,417,84240000,84240000.0,0.0,,,,0.30042918454935624,154687.4375,1,111014.07874015748,59.457081545064376,0,23822.0826306914,4,4,5,4
msg_1187,node2,node0,417,84240000,84240016.0,16.0,,,,78.52360515021459,81806.09090909091,1,111014.07874015748,59.457081545064376,0,23822.0826306914,4,4,5,4
msg_1188,node3,node0,417,84240000,84240017.0,17.0,,,,79.37339055793991,84364.640625,1,111014.07874015748,59.34689507494647,0,23781.991582491584,2,2,5,4
msg_1189,node4,node0,417,84240000,84240017.0,17.0,,,,79.63090128755364,124984.01666666666,1,111014.07874015748,59.30160427807487,0,23762.004205214467,1,1,5,4
msg_1190,node0,node4,417,84300017,84600001.0,299984.0,,,,111014.07874015748,59.1931696905016,1,79.36324786324786,124984.01666666666,0,23722.11586901763,4,4,5,1
msg_1191,node1,node0,417,84600000,84600000.0,0.0,,,,0.29914529914529914,154687.4375,1,111014.07874015748,59.256410256410255,0,23742.050420168067,5,5,5,4
msg_1192,node2,node0,417,84600000,84600080.0,80.0,,,,78.25641025641026,81806.09090909091,1,111014.07874015748,59.1931696905016,0,23722.11586901763,4,4,5,4
msg_1193,node3,node0,417,84600000,84600081.0,81.0,,,,79.1068376068376,84364.640625,1,111755.13725490196,59.21535181236674,0,23933.867560771167,2,2,5,4
msg_1194,node4,node0,417,84600000,84600081.0,81.0,,,,79.36324786324786,127852.86885245901,1,111755.13725490196,59.23855165069222,0,23913.89028475712,1,1,5,4
msg_1195,node1,node0,417,84960000,84960000.0,0.0,,,,0.2978723404255319,154687.4375,1,111755.13725490196,59.261702127659575,0,23893.946443514644,4,4,5,4
msg_1196,node2,node0,417,84960000,84960017.0,17.0,,,,78.26382978723404,81806.09090909091,1,111755.13725490196,59.261702127659575,0,23893.946443514644,4,4,5,4
msg_1197,node3,node0,417,84960000,84960018.0,18.0,,,,79.11489361702128,84364.640625,1,111755.13725490196,59.153927813163484,0,23854.037593984962,2,2,5,4
msg_1198,node4,node0,417,84960000,84960018.0,18.0,,,,79.37021276595745,127852.86885245901,1,111755.13725490196,59.11028632025451,0,23834.141068447414,1,1,5,4
msg_1199,node1,node0,417,85320000,85320000.0,0.0,,,,0.2966101694915254,154687.4375,1,111755.13725490196,59.06673728813559,0,23814.277731442868,4,4,5,4
msg_1200,node2,node0,417,85320000,85320016.0,16.0,,,,78.0042372881356,81806.09090909091,1,111755.13725490196,59.00423280423281,0,23794.4325,3,3,5,4
msg_1201,node3,node0,417,85320000,85320017.0,17.0,,,,78.85593220338983,84364.640625,1,111755.13725490196,58.95877378435518,0,23774.63363863447,2,2,5,4
msg_1202,node4,node0,417,85320000,85320017.0,17.0,,,,79.11016949152543,127852.86885245901,1,111755.13725490196,58.914466737064416,0,23754.868552412645,1,1,5,4
msg_1203,node0,node1,417,85380000,85380000.0,0.0,,,,111755.13725490196,58.870253164556964,1,0.29535864978902954,154687.4375,0,23735.136325852036,1,1,5,1
msg_1204,node1,node0,417,85680000,85680000.0,0.0,,,,0.29535864978902954,152307.63076923077,1,111318.59375,58.870253164556964,0,23715.422757475084,4,4,5,4
msg_1205,node2,node0,417,85680000,85680025.0,25.0,,,,77.74261603375527,81806.09090909091,1,111318.59375,58.870253164556964,0,23715.422757475084,4,4,5,4
msg_1206,node3,node0,417,85680000,85680026.0,26.0,,,,78.59493670886076,84364.640625,1,111318.59375,58.77263157894737,0,23676.114427860695,2,2,5,4
msg_1207,node4,node0,417,85680000,85680026.0,26.0,,,,78.84810126582279,127852.86885245901,1,111318.59375,58.738170347003155,0,23656.520298260148,1,1,5,4
msg_1208,node0,node1,417,85740000,86040000.0,300000.0,,,,110455.66279069768,58.70378151260504,1,0.29411764705882354,152307.63076923077,0,23597.89008264463,5,5,5,1
msg_1209,node0,node2,417,85740025,85740025.0,0.0,,,,111318.59375,58.70378151260504,1,77.52100840336135,81806.09090909091,0,23636.95860927152,2,2,5,1
msg_1210,node0,node3,417,85740026,85740027.0,1.0,,,,110885.44747081712,58.70378151260504,1,78.37394957983193,84364.640625,0,23617.407775020678,2,2,5,1
msg_1211,node1,node0,417,86040000,86040001.0,1.0,,,,0.29411764705882354,152307.63076923077,1,110455.66279069768,58.70378151260504,0,23597.89008264463,5,5,5,4
msg_1212,node2,node0,417,86040000,86040089.0,89.0,,,,77.52100840336135,80585.10447761194,1,111187.4942084942,58.64323189926548,0,23806.47524752475,3,3,5,4
msg_1213,node3,node0,417,86040000,86040091.0,91.0,,,,78.37394957983193,83066.73846153847,1,111187.4942084942,58.675052410901465,0,23786.92250618302,2,2,5,4
msg_1214,node4,node0,417,86040000,86040090.0,90.0,,,,78.62605042016807,127852.86885245901,1,111187.4942084942,58.675052410901465,0,23786.92250618302,2,2,5,4
msg_1215,node0,node1,417,86100001,,,,,,111187.4942084942,58.74163179916318,1,0.29707112970711297,154545.39393939395,0,23747.916049382715,1,1,5,1
