msg_id,sender,receiver,payload_size_B,time_send_ms,time_receive_ms,actual_delay_ms,online_predicted_delay_ms,cluster_predicted_delay_ms,weighted_predicted_delay_ms,sender_average_outgoing_delay_ms,sender_average_incoming_delay_ms,sender_num_messages_sent_simultaneously,receiver_average_outgoing_delay_ms,receiver_average_incoming_delay_ms,receiver_num_messages_sent_simultaneously,network_average_delay_ms,network_num_messages_in_transit,network_num_busy_links,network_num_network_nodes,network_num_messages_sent_simultaneously
msg_0,node49,node0,417,8658,8659.0,1.0,,,,,,49,,,0,,49,49,50,49
msg_1,node49,node1,417,8658,8661.0,3.0,,,,1.0,,49,,,0,1.0,48,48,50,49
msg_2,node49,node2,417,8658,8661.0,3.0,,,,2.0,,49,,,0,2.0,46,46,50,49
msg_3,node49,node3,417,8658,8662.0,4.0,,,,2.25,,49,,,0,2.25,45,45,50,49
msg_4,node49,node4,417,8658,,,,,,9.846642468239564,,49,,,0,9.846642468239564,760,20,50,49
msg_5,node49,node5,417,8658,,,,,,9.846642468239564,,49,,,0,9.846642468239564,760,20,50,49
msg_6,node49,node6,417,8658,8662.0,4.0,,,,2.25,,49,,,0,2.25,45,45,50,49
msg_7,node49,node7,417,8658,8662.0,4.0,,,,2.8333333333333335,,49,,,0,2.8333333333333335,43,43,50,49
msg_8,node49,node8,417,8658,8663.0,5.0,,,,2.8333333333333335,,49,,,0,2.8333333333333335,43,43,50,49
msg_9,node49,node9,417,8658,8664.0,6.0,,,,3.25,,49,,,0,3.25,41,41,50,49
msg_10,node49,node10,419,8658,8660.0,2.0,,,,1.0,,49,,,0,1.0,48,48,50,49
msg_11,node49,node11,419,8658,,,,,,9.846642468239564,,49,,,0,9.846642468239564,760,20,50,49
msg_12,node49,node12,419,8658,,,,,,9.846642468239564,,49,,,0,9.846642468239564,760,20,50,49
msg_13,node49,node13,419,8658,8666.0,8.0,,,,4.0,,49,,,0,4.0,38,38,50,49
msg_14,node49,node14,419,8658,8664.0,6.0,,,,3.5555555555555554,,49,,,0,3.5555555555555554,40,40,50,49
msg_15,node49,node15,419,8658,8666.0,8.0,,,,4.333333333333333,,49,,,0,4.333333333333333,37,37,50,49
msg_16,node49,node16,419,8658,,,,,,9.846642468239564,,49,,,0,9.846642468239564,760,20,50,49
msg_17,node49,node17,419,8658,8667.0,9.0,,,,4.928571428571429,,49,,,0,4.928571428571429,35,35,50,49
msg_18,node49,node18,419,8658,,,,,,9.846642468239564,,49,,,0,9.846642468239564,760,20,50,49
msg_19,node49,node19,419,8658,,,,,,9.846642468239564,,49,,,0,9.846642468239564,760,20,50,49
msg_20,node49,node20,419,8658,8667.0,9.0,,,,5.4375,,49,,,0,5.4375,33,33,50,49
msg_21,node49,node21,419,8658,8664.0,6.0,,,,3.5555555555555554,,49,,,0,3.5555555555555554,40,40,50,49
msg_22,node49,node22,419,8658,,,,,,9.846642468239564,,49,,,0,9.846642468239564,760,20,50,49
msg_23,node49,node23,419,8658,,,,,,9.846642468239564,,49,,,0,9.846642468239564,760,20,50,49
msg_24,node49,node24,419,8658,8668.0,10.0,,,,5.647058823529412,,49,,,0,5.647058823529412,32,32,50,49
msg_25,node49,node25,419,8658,8668.0,10.0,,,,5.647058823529412,,49,,,0,5.647058823529412,32,32,50,49
msg_26,node49,node26,419,8658,,,,,,9.846642468239564,,49,,,0,9.846642468239564,760,20,50,49
msg_27,node49,node27,419,8658,8669.0,11.0,,,,6.105263157894737,,49,,,0,6.105263157894737,30,30,50,49
msg_28,node49,node28,419,8658,,,,,,9.846642468239564,,49,,,0,9.846642468239564,760,20,50,49
msg_29,node49,node29,419,8658,,,,,,9.846642468239564,,49,,,0,9.846642468239564,760,20,50,49
msg_30,node49,node30,419,8658,,,,,,9.846642468239564,,49,,,0,9.846642468239564,760,20,50,49
msg_31,node49,node31,419,8658,8667.0,9.0,,,,4.333333333333333,,49,,,0,4.333333333333333,37,37,50,49
msg_32,node49,node32,419,8658,8667.0,9.0,,,,4.928571428571429,,49,,,0,4.928571428571429,35,35,50,49
msg_33,node49,node33,419,8658,8669.0,11.0,,,,6.105263157894737,,49,,,0,6.105263157894737,30,30,50,49
msg_34,node49,node34,419,8658,,,,,,9.846642468239564,,49,,,0,9.846642468239564,760,20,50,49
msg_35,node49,node35,419,8658,8670.0,12.0,,,,6.571428571428571,,49,,,0,6.571428571428571,28,28,50,49
msg_36,node49,node36,419,8658,8670.0,12.0,,,,6.818181818181818,,49,,,0,6.818181818181818,27,27,50,49
msg_37,node49,node37,419,8658,8670.0,12.0,,,,6.818181818181818,,49,,,0,6.818181818181818,27,27,50,49
msg_38,node49,node38,419,8658,,,,,,9.846642468239564,,49,,,0,9.846642468239564,760,20,50,49
msg_39,node49,node39,419,8658,,,,,,9.846642468239564,,49,,,0,9.846642468239564,760,20,50,49
msg_40,node49,node40,419,8658,8671.0,13.0,,,,7.25,,49,,,0,7.25,25,25,50,49
msg_41,node49,node41,419,8658,8671.0,13.0,,,,7.25,,49,,,0,7.25,25,25,50,49
msg_42,node49,node42,419,8658,,,,,,9.846642468239564,,49,,,0,9.846642468239564,760,20,50,49
msg_43,node49,node43,419,8658,,,,,,9.846642468239564,,49,,,0,9.846642468239564,760,20,50,49
msg_44,node49,node44,419,8658,8671.0,13.0,,,,7.6923076923076925,,49,,,0,7.6923076923076925,23,23,50,49
msg_45,node49,node45,419,8658,8672.0,14.0,,,,7.888888888888889,,49,,,0,7.888888888888889,22,22,50,49
msg_46,node49,node46,419,8658,8672.0,14.0,,,,7.888888888888889,,49,,,0,7.888888888888889,22,22,50,49
msg_47,node49,node47,419,8658,,,,,,9.846642468239564,,49,,,0,9.846642468239564,760,20,50,49
msg_48,node49,node48,419,8658,,,,,,9.846642468239564,,49,,,0,9.846642468239564,760,20,50,49
msg_49,node49,node0,418,121466,121468.0,2.0,,,,8.310344827586206,,49,,1.0,0,8.310344827586206,69,49,50,49
msg_50,node49,node1,418,121466,121469.0,3.0,,,,8.1,,49,,3.0,0,8.1,68,48,50,49
msg_51,node49,node2,418,121466,121469.0,3.0,,,,7.935483870967742,,49,,3.0,0,7.935483870967742,67,47,50,49
msg_52,node49,node3,418,121466,121471.0,5.0,,,,7.529411764705882,,49,,4.0,0,7.529411764705882,64,44,50,49
msg_53,node49,node4,418,121466,,,,,,9.846642468239564,,49,,,0,9.846642468239564,760,20,50,49
msg_54,node49,node5,418,121466,,,,,,9.846642468239564,,49,,,0,9.846642468239564,760,20,50,49
msg_55,node49,node6,418,121466,121471.0,5.0,,,,7.529411764705882,,49,,4.0,0,7.529411764705882,64,44,50,49
msg_56,node49,node7,418,121466,121472.0,6.0,,,,7.388888888888889,,49,,4.0,0,7.388888888888889,62,42,50,49
msg_57,node49,node8,418,121466,121472.0,6.0,,,,7.351351351351352,,49,,5.0,0,7.351351351351352,61,41,50,49
msg_58,node49,node9,418,121466,121473.0,7.0,,,,7.282051282051282,,49,,6.0,0,7.282051282051282,59,39,50,49
msg_59,node49,node10,419,121466,121469.0,3.0,,,,7.935483870967742,,49,,2.0,0,7.935483870967742,67,47,50,49
msg_60,node49,node11,419,121466,,,,,,9.846642468239564,,49,,,0,9.846642468239564,760,20,50,49
msg_61,node49,node12,419,121466,,,,,,9.846642468239564,,49,,,0,9.846642468239564,760,20,50,49
msg_62,node49,node13,419,121466,121474.0,8.0,,,,7.275,,49,,8.0,0,7.275,58,38,50,49
msg_63,node49,node14,419,121466,121470.0,4.0,,,,7.636363636363637,,49,,6.0,0,7.636363636363637,65,45,50,49
msg_64,node49,node15,419,121466,121474.0,8.0,,,,7.2926829268292686,,49,,8.0,0,7.2926829268292686,57,37,50,49
msg_65,node49,node16,419,121466,,,,,,9.846642468239564,,49,,,0,9.846642468239564,760,20,50,49
msg_66,node49,node17,419,121466,121474.0,8.0,,,,7.2926829268292686,,49,,9.0,0,7.2926829268292686,57,37,50,49
msg_67,node49,node18,419,121466,,,,,,9.846642468239564,,49,,,0,9.846642468239564,760,20,50,49
msg_68,node49,node19,419,121466,,,,,,9.846642468239564,,49,,,0,9.846642468239564,760,20,50,49
msg_69,node49,node20,419,121466,121475.0,9.0,,,,7.325581395348837,,49,,9.0,0,7.325581395348837,55,35,50,49
msg_70,node49,node21,419,121466,121472.0,6.0,,,,7.351351351351352,,49,,6.0,0,7.351351351351352,61,41,50,49
msg_71,node49,node22,419,121466,,,,,,9.846642468239564,,49,,,0,9.846642468239564,760,20,50,49
msg_72,node49,node23,419,121466,,,,,,9.846642468239564,,49,,,0,9.846642468239564,760,20,50,49
msg_73,node49,node24,419,121466,121475.0,9.0,,,,7.363636363636363,,49,,10.0,0,7.363636363636363,54,34,50,49
msg_74,node49,node25,419,121466,121477.0,11.0,,,,7.48936170212766,,49,,10.0,0,7.48936170212766,51,31,50,49
msg_75,node49,node26,419,121466,,,,,,9.846642468239564,,49,,,0,9.846642468239564,760,20,50,49
msg_76,node49,node27,419,121466,121477.0,11.0,,,,7.5625,,49,,11.0,0,7.5625,50,30,50,49
msg_77,node49,node28,419,121466,,,,,,9.846642468239564,,49,,,0,9.846642468239564,760,20,50,49
msg_78,node49,node29,419,121466,,,,,,9.846642468239564,,49,,,0,9.846642468239564,760,20,50,49
msg_79,node49,node30,419,121466,,,,,,9.846642468239564,,49,,,0,9.846642468239564,760,20,50,49
msg_80,node49,node31,419,121466,121475.0,9.0,,,,7.4,,49,,9.0,0,7.4,53,33,50,49
msg_81,node49,node32,419,121466,121476.0,10.0,,,,7.4,,49,,9.0,0,7.4,53,33,50,49
msg_82,node49,node33,419,121466,121478.0,12.0,,,,7.5625,,49,,11.0,0,7.5625,50,30,50,49
msg_83,node49,node34,419,121466,,,,,,9.846642468239564,,49,,,0,9.846642468239564,760,20,50,49
msg_84,node49,node35,419,121466,121478.0,12.0,,,,7.72,,49,,12.0,0,7.72,48,28,50,49
msg_85,node49,node36,419,121466,121478.0,12.0,,,,7.72,,49,,12.0,0,7.72,48,28,50,49
msg_86,node49,node37,419,121466,121479.0,13.0,,,,7.884615384615385,,49,,12.0,0,7.884615384615385,46,26,50,49
msg_87,node49,node38,419,121466,,,,,,9.846642468239564,,49,,,0,9.846642468239564,760,20,50,49
msg_88,node49,node39,419,121466,,,,,,9.846642468239564,,49,,,0,9.846642468239564,760,20,50,49
msg_89,node49,node40,419,121466,121479.0,13.0,,,,7.981132075471698,,49,,13.0,0,7.981132075471698,45,25,50,49
msg_90,node49,node41,419,121466,121480.0,14.0,,,,7.981132075471698,,49,,13.0,0,7.981132075471698,45,25,50,49
msg_91,node49,node42,419,121466,,,,,,9.846642468239564,,49,,,0,9.846642468239564,760,20,50,49
msg_92,node49,node43,419,121466,,,,,,9.846642468239564,,49,,,0,9.846642468239564,760,20,50,49
msg_93,node49,node44,419,121466,121480.0,14.0,,,,8.181818181818182,,49,,13.0,0,8.181818181818182,43,23,50,49
msg_94,node49,node45,419,121466,121480.0,14.0,,,,8.285714285714286,,49,,14.0,0,8.285714285714286,42,22,50,49
msg_95,node49,node46,419,121466,121481.0,15.0,,,,8.285714285714286,,49,,14.0,0,8.285714285714286,42,22,50,49
msg_96,node49,node47,419,121466,,,,,,9.846642468239564,,49,,,0,9.846642468239564,760,20,50,49
msg_97,node49,node48,419,121466,,,,,,9.846642468239564,,49,,,0,9.846642468239564,760,20,50,49
msg_98,node49,node0,418,208044,208047.0,3.0,,,,8.5,,49,,1.5,0,8.5,89,49,50,49
msg_99,node49,node1,418,208044,208048.0,4.0,,,,8.40677966101695,,49,,3.0,0,8.40677966101695,88,48,50,49
msg_100,node49,node2,419,208044,208048.0,4.0,,,,8.333333333333334,,49,,3.0,0,8.333333333333334,87,47,50,49
msg_101,node49,node3,419,208044,208050.0,6.0,,,,8.333333333333334,,49,,4.5,0,8.333333333333334,87,47,50,49
msg_102,node49,node4,419,208044,,,,,,9.846642468239564,,49,,,0,9.846642468239564,760,20,50,49
msg_103,node49,node5,419,208044,,,,,,9.846642468239564,,49,,,0,9.846642468239564,760,20,50,49
msg_104,node49,node6,419,208044,208050.0,6.0,,,,8.225806451612904,,49,,4.5,0,8.225806451612904,85,45,50,49
msg_105,node49,node7,419,208044,208050.0,6.0,,,,8.19047619047619,,49,,5.0,0,8.19047619047619,84,44,50,49
msg_106,node49,node8,419,208044,208051.0,7.0,,,,8.15625,,49,,5.5,0,8.15625,83,43,50,49
msg_107,node49,node9,419,208044,208052.0,8.0,,,,8.08955223880597,,49,,6.5,0,8.08955223880597,80,40,50,49
msg_108,node49,node10,420,208044,208050.0,6.0,,,,8.15625,,49,,2.5,0,8.15625,83,43,50,49
msg_109,node49,node11,420,208044,,,,,,9.846642468239564,,49,,,0,9.846642468239564,760,20,50,49
msg_110,node49,node12,420,208044,,,,,,9.846642468239564,,49,,,0,9.846642468239564,760,20,50,49
msg_111,node49,node13,420,208044,208052.0,8.0,,,,8.088235294117647,,49,,8.0,0,8.088235294117647,79,39,50,49
msg_112,node49,node14,420,208044,208051.0,7.0,,,,8.106060606060606,,49,,5.0,0,8.106060606060606,81,41,50,49
msg_113,node49,node15,420,208044,208053.0,9.0,,,,8.088235294117647,,49,,8.0,0,8.088235294117647,79,39,50,49
msg_114,node49,node16,420,208044,,,,,,9.846642468239564,,49,,,0,9.846642468239564,760,20,50,49
msg_115,node49,node17,420,208044,208055.0,11.0,,,,8.126760563380282,,49,,8.5,0,8.126760563380282,76,36,50,49
msg_116,node49,node18,420,208044,,,,,,9.846642468239564,,49,,,0,9.846642468239564,760,20,50,49
msg_117,node49,node19,420,208044,,,,,,9.846642468239564,,49,,,0,9.846642468239564,760,20,50,49
msg_118,node49,node20,420,208044,208055.0,11.0,,,,8.126760563380282,,49,,9.0,0,8.126760563380282,76,36,50,49
msg_119,node49,node21,420,208044,208054.0,10.0,,,,8.1,,49,,6.0,0,8.1,77,37,50,49
msg_120,node49,node22,420,208044,,,,,,9.846642468239564,,49,,,0,9.846642468239564,760,20,50,49
msg_121,node49,node23,420,208044,,,,,,9.846642468239564,,49,,,0,9.846642468239564,760,20,50,49
msg_122,node49,node24,420,208044,208055.0,11.0,,,,8.205479452054794,,49,,9.5,0,8.205479452054794,74,34,50,49
msg_123,node49,node25,420,208044,208056.0,12.0,,,,8.243243243243244,,49,,10.5,0,8.243243243243244,73,33,50,49
msg_124,node49,node26,420,208044,,,,,,9.846642468239564,,49,,,0,9.846642468239564,760,20,50,49
msg_125,node49,node27,420,208044,208056.0,12.0,,,,8.243243243243244,,49,,11.0,0,8.243243243243244,73,33,50,49
msg_126,node49,node28,420,208044,,,,,,9.846642468239564,,49,,,0,9.846642468239564,760,20,50,49
msg_127,node49,node29,420,208044,,,,,,9.846642468239564,,49,,,0,9.846642468239564,760,20,50,49
msg_128,node49,node30,420,208044,,,,,,9.846642468239564,,49,,,0,9.846642468239564,760,20,50,49
msg_129,node49,node31,420,208044,208057.0,13.0,,,,8.342105263157896,,49,,9.0,0,8.342105263157896,71,31,50,49
msg_130,node49,node32,420,208044,208057.0,13.0,,,,8.402597402597403,,49,,9.5,0,8.402597402597403,70,30,50,49
msg_131,node49,node33,420,208044,208058.0,14.0,,,,8.402597402597403,,49,,11.5,0,8.402597402597403,70,30,50,49
msg_132,node49,node34,420,208044,,,,,,9.846642468239564,,49,,,0,9.846642468239564,760,20,50,49
msg_133,node49,node35,420,208044,208059.0,15.0,,,,8.531645569620252,,49,,12.0,0,8.531645569620252,68,28,50,49
msg_134,node49,node36,420,208044,208059.0,15.0,,,,8.6125,,49,,12.0,0,8.6125,67,27,50,49
msg_135,node49,node37,420,208044,208059.0,15.0,,,,8.6125,,49,,12.5,0,8.6125,67,27,50,49
msg_136,node49,node38,420,208044,,,,,,9.846642468239564,,49,,,0,9.846642468239564,760,20,50,49
msg_137,node49,node39,420,208044,,,,,,9.846642468239564,,49,,,0,9.846642468239564,760,20,50,49
msg_138,node49,node40,420,208044,208060.0,16.0,,,,8.768292682926829,,49,,13.0,0,8.768292682926829,65,25,50,49
msg_139,node49,node41,420,208044,208060.0,16.0,,,,8.768292682926829,,49,,13.5,0,8.768292682926829,65,25,50,49
msg_140,node49,node42,420,208044,,,,,,9.846642468239564,,49,,,0,9.846642468239564,760,20,50,49
msg_141,node49,node43,420,208044,,,,,,9.846642468239564,,49,,,0,9.846642468239564,760,20,50,49
msg_142,node49,node44,420,208044,208060.0,16.0,,,,8.94047619047619,,49,,13.5,0,8.94047619047619,63,23,50,49
msg_143,node49,node45,420,208044,208061.0,17.0,,,,9.023529411764706,,49,,14.0,0,9.023529411764706,62,22,50,49
msg_144,node49,node46,420,208044,208061.0,17.0,,,,9.023529411764706,,49,,14.5,0,9.023529411764706,62,22,50,49
msg_145,node49,node47,420,208044,,,,,,9.846642468239564,,49,,,0,9.846642468239564,760,20,50,49
msg_146,node49,node48,420,208044,,,,,,9.846642468239564,,49,,,0,9.846642468239564,760,20,50,49
msg_147,node49,node0,419,225712,225715.0,3.0,,,,9.206896551724139,,49,,2.0,0,9.206896551724139,109,49,50,49
msg_148,node49,node1,419,225712,225716.0,4.0,,,,9.136363636363637,,49,,3.3333333333333335,0,9.136363636363637,108,48,50,49
msg_149,node49,node2,419,225712,225716.0,4.0,,,,9.136363636363637,,49,,3.3333333333333335,0,9.136363636363637,108,48,50,49
msg_150,node49,node3,419,225712,225718.0,6.0,,,,9.022222222222222,,49,,5.0,0,9.022222222222222,106,46,50,49
msg_151,node49,node4,419,225712,,,,,,9.846642468239564,,49,,,0,9.846642468239564,760,20,50,49
msg_152,node49,node5,419,225712,,,,,,9.846642468239564,,49,,,0,9.846642468239564,760,20,50,49
msg_153,node49,node6,419,225712,225718.0,6.0,,,,8.989010989010989,,49,,5.0,0,8.989010989010989,105,45,50,49
msg_154,node49,node7,419,225712,225720.0,8.0,,,,8.924731182795698,,49,,5.333333333333333,0,8.924731182795698,103,43,50,49
msg_155,node49,node8,419,225712,225720.0,8.0,,,,8.914893617021276,,49,,6.0,0,8.914893617021276,102,42,50,49
msg_156,node49,node9,419,225712,225720.0,8.0,,,,8.895833333333334,,49,,7.0,0,8.895833333333334,100,40,50,49
msg_157,node49,node10,420,225712,225718.0,6.0,,,,8.989010989010989,,49,,3.6666666666666665,0,8.989010989010989,105,45,50,49
msg_158,node49,node11,420,225712,,,,,,9.846642468239564,,49,,,0,9.846642468239564,760,20,50,49
msg_159,node49,node12,420,225712,,,,,,9.846642468239564,,49,,,0,9.846642468239564,760,20,50,49
msg_160,node49,node13,420,225712,225722.0,10.0,,,,8.887755102040817,,49,,8.0,0,8.887755102040817,98,38,50,49
msg_161,node49,node14,420,225712,225720.0,8.0,,,,8.914893617021276,,49,,5.666666666666667,0,8.914893617021276,102,42,50,49
msg_162,node49,node15,420,225712,225722.0,10.0,,,,8.8989898989899,,49,,8.333333333333334,0,8.8989898989899,97,37,50,49
msg_163,node49,node16,420,225712,,,,,,9.846642468239564,,49,,,0,9.846642468239564,760,20,50,49
msg_164,node49,node17,420,225712,225723.0,11.0,,,,8.91,,49,,9.333333333333334,0,8.91,96,36,50,49
msg_165,node49,node18,420,225712,,,,,,9.846642468239564,,49,,,0,9.846642468239564,760,20,50,49
msg_166,node49,node19,420,225712,,,,,,9.846642468239564,,49,,,0,9.846642468239564,760,20,50,49
msg_167,node49,node20,420,225712,225724.0,12.0,,,,8.91,,49,,9.666666666666666,0,8.91,96,36,50,49
msg_168,node49,node21,420,225712,225721.0,9.0,,,,8.88659793814433,,49,,7.333333333333333,0,8.88659793814433,99,39,50,49
msg_169,node49,node22,420,225712,,,,,,9.846642468239564,,49,,,0,9.846642468239564,760,20,50,49
msg_170,node49,node23,420,225712,,,,,,9.846642468239564,,49,,,0,9.846642468239564,760,20,50,49
msg_171,node49,node24,420,225712,225724.0,12.0,,,,8.96078431372549,,49,,10.0,0,8.96078431372549,94,34,50,49
msg_172,node49,node25,420,225712,225724.0,12.0,,,,8.990291262135923,,49,,11.0,0,8.990291262135923,93,33,50,49
msg_173,node49,node26,420,225712,,,,,,9.846642468239564,,49,,,0,9.846642468239564,760,20,50,49
msg_174,node49,node27,420,225712,225726.0,14.0,,,,9.084905660377359,,49,,11.333333333333334,0,9.084905660377359,90,30,50,49
msg_175,node49,node28,420,225712,,,,,,9.846642468239564,,49,,,0,9.846642468239564,760,20,50,49
msg_176,node49,node29,420,225712,,,,,,9.846642468239564,,49,,,0,9.846642468239564,760,20,50,49
msg_177,node49,node30,420,225712,,,,,,9.846642468239564,,49,,,0,9.846642468239564,760,20,50,49
msg_178,node49,node31,420,225712,225724.0,12.0,,,,9.01923076923077,,49,,10.333333333333334,0,9.01923076923077,92,32,50,49
msg_179,node49,node32,420,225712,225725.0,13.0,,,,9.047619047619047,,49,,10.666666666666666,0,9.047619047619047,91,31,50,49
msg_180,node49,node33,420,225712,225726.0,14.0,,,,9.130841121495328,,49,,12.333333333333334,0,9.130841121495328,89,29,50,49
msg_181,node49,node34,420,225712,,,,,,9.846642468239564,,49,,,0,9.846642468239564,760,20,50,49
msg_182,node49,node35,420,225712,225727.0,15.0,,,,9.130841121495328,,49,,13.0,0,9.130841121495328,89,29,50,49
msg_183,node49,node36,420,225712,225727.0,15.0,,,,9.229357798165138,,49,,13.0,0,9.229357798165138,87,27,50,49
msg_184,node49,node37,420,225712,225727.0,15.0,,,,9.281818181818181,,49,,13.333333333333334,0,9.281818181818181,86,26,50,49
msg_185,node49,node38,420,225712,,,,,,9.846642468239564,,49,,,0,9.846642468239564,760,20,50,49
msg_186,node49,node39,420,225712,,,,,,9.846642468239564,,49,,,0,9.846642468239564,760,20,50,49
msg_187,node49,node40,420,225712,225728.0,16.0,,,,9.281818181818181,,49,,14.0,0,9.281818181818181,86,26,50,49
msg_188,node49,node41,420,225712,225728.0,16.0,,,,9.392857142857142,,49,,14.333333333333334,0,9.392857142857142,84,24,50,49
msg_189,node49,node42,420,225712,,,,,,9.846642468239564,,49,,,0,9.846642468239564,760,20,50,49
msg_190,node49,node43,420,225712,,,,,,9.846642468239564,,49,,,0,9.846642468239564,760,20,50,49
msg_191,node49,node44,420,225712,225729.0,17.0,,,,9.451327433628318,,49,,14.333333333333334,0,9.451327433628318,83,23,50,49
msg_192,node49,node45,420,225712,225729.0,17.0,,,,9.517543859649123,,49,,15.0,0,9.517543859649123,82,22,50,49
msg_193,node49,node46,420,225712,225729.0,17.0,,,,9.517543859649123,,49,,15.333333333333334,0,9.517543859649123,82,22,50,49
msg_194,node49,node47,420,225712,,,,,,9.846642468239564,,49,,,0,9.846642468239564,760,20,50,49
msg_195,node49,node48,420,225712,,,,,,9.846642468239564,,49,,,0,9.846642468239564,760,20,50,49
msg_196,node49,node0,419,266757,266759.0,2.0,,,,9.64655172413793,,49,,2.25,0,9.64655172413793,129,49,50,49
msg_197,node49,node1,419,266757,266760.0,3.0,,,,9.64655172413793,,49,,3.5,0,9.64655172413793,129,49,50,49
msg_198,node49,node2,419,266757,266761.0,4.0,,,,9.525423728813559,,49,,3.5,0,9.525423728813559,127,47,50,49
msg_199,node49,node3,419,266757,266761.0,4.0,,,,9.478991596638656,,49,,5.25,0,9.478991596638656,126,46,50,49
msg_200,node49,node4,419,266757,,,,,,9.846642468239564,,49,,,0,9.846642468239564,760,20,50,49
msg_201,node49,node5,419,266757,,,,,,9.846642468239564,,49,,,0,9.846642468239564,760,20,50,49
msg_202,node49,node6,419,266757,266762.0,5.0,,,,9.433333333333334,,49,,5.25,0,9.433333333333334,125,45,50,49
msg_203,node49,node7,419,266757,266762.0,5.0,,,,9.360655737704919,,49,,6.0,0,9.360655737704919,123,43,50,49
msg_204,node49,node8,419,266757,266764.0,7.0,,,,9.325203252032521,,49,,6.5,0,9.325203252032521,122,42,50,49
msg_205,node49,node9,419,266757,266764.0,7.0,,,,9.325203252032521,,49,,7.25,0,9.325203252032521,122,42,50,49
msg_206,node49,node10,420,266757,266762.0,5.0,,,,9.433333333333334,,49,,4.25,0,9.433333333333334,125,45,50,49
msg_207,node49,node11,420,266757,,,,,,9.846642468239564,,49,,,0,9.846642468239564,760,20,50,49
msg_208,node49,node12,420,266757,,,,,,9.846642468239564,,49,,,0,9.846642468239564,760,20,50,49
msg_209,node49,node13,420,266757,266764.0,7.0,,,,9.26984126984127,,49,,8.5,0,9.26984126984127,119,39,50,49
msg_210,node49,node14,420,266757,266764.0,7.0,,,,9.288,,49,,6.25,0,9.288,120,40,50,49
msg_211,node49,node15,420,266757,266766.0,9.0,,,,9.2421875,,49,,8.75,0,9.2421875,117,37,50,49
msg_212,node49,node16,420,266757,,,,,,9.846642468239564,,49,,,0,9.846642468239564,760,20,50,49
msg_213,node49,node17,420,266757,266767.0,10.0,,,,9.251908396946565,,49,,9.75,0,9.251908396946565,114,34,50,49
msg_214,node49,node18,420,266757,,,,,,9.846642468239564,,49,,,0,9.846642468239564,760,20,50,49
msg_215,node49,node19,420,266757,,,,,,9.846642468239564,,49,,,0,9.846642468239564,760,20,50,49
msg_216,node49,node20,420,266757,266768.0,11.0,,,,9.257575757575758,,49,,10.25,0,9.257575757575758,113,33,50,49
msg_217,node49,node21,420,266757,266765.0,8.0,,,,9.26984126984127,,49,,7.75,0,9.26984126984127,119,39,50,49
msg_218,node49,node22,420,266757,,,,,,9.846642468239564,,49,,,0,9.846642468239564,760,20,50,49
msg_219,node49,node23,420,266757,,,,,,9.846642468239564,,49,,,0,9.846642468239564,760,20,50,49
msg_220,node49,node24,420,266757,266769.0,12.0,,,,9.257575757575758,,49,,10.5,0,9.257575757575758,113,33,50,49
msg_221,node49,node25,420,266757,266769.0,12.0,,,,9.291044776119403,,49,,11.25,0,9.291044776119403,111,31,50,49
msg_222,node49,node26,420,266757,,,,,,9.846642468239564,,49,,,0,9.846642468239564,760,20,50,49
msg_223,node49,node27,420,266757,266769.0,12.0,,,,9.311111111111112,,49,,12.0,0,9.311111111111112,110,30,50,49
msg_224,node49,node28,420,266757,,,,,,9.846642468239564,,49,,,0,9.846642468239564,760,20,50,49
msg_225,node49,node29,420,266757,,,,,,9.846642468239564,,49,,,0,9.846642468239564,760,20,50,49
msg_226,node49,node30,420,266757,,,,,,9.846642468239564,,49,,,0,9.846642468239564,760,20,50,49
msg_227,node49,node31,420,266757,266767.0,10.0,,,,9.24031007751938,,49,,10.75,0,9.24031007751938,116,36,50,49
msg_228,node49,node32,420,266757,266767.0,10.0,,,,9.24031007751938,,49,,11.25,0,9.24031007751938,116,36,50,49
msg_229,node49,node33,420,266757,266770.0,13.0,,,,9.330882352941176,,49,,12.75,0,9.330882352941176,109,29,50,49
msg_230,node49,node34,420,266757,,,,,,9.846642468239564,,49,,,0,9.846642468239564,760,20,50,49
msg_231,node49,node35,420,266757,266770.0,13.0,,,,9.357664233576642,,49,,13.5,0,9.357664233576642,108,28,50,49
msg_232,node49,node36,420,266757,266771.0,14.0,,,,9.357664233576642,,49,,13.5,0,9.357664233576642,108,28,50,49
msg_233,node49,node37,420,266757,266771.0,14.0,,,,9.417266187050359,,49,,13.75,0,9.417266187050359,106,26,50,49
msg_234,node49,node38,420,266757,,,,,,9.846642468239564,,49,,,0,9.846642468239564,760,20,50,49
msg_235,node49,node39,420,266757,,,,,,9.846642468239564,,49,,,0,9.846642468239564,760,20,50,49
msg_236,node49,node40,420,266757,266771.0,14.0,,,,9.45,,49,,14.5,0,9.45,105,25,50,49
msg_237,node49,node41,420,266757,266772.0,15.0,,,,9.4822695035461,,49,,14.75,0,9.4822695035461,104,24,50,49
msg_238,node49,node42,420,266757,,,,,,9.846642468239564,,49,,,0,9.846642468239564,760,20,50,49
msg_239,node49,node43,420,266757,,,,,,9.846642468239564,,49,,,0,9.846642468239564,760,20,50,49
msg_240,node49,node44,420,266757,266772.0,15.0,,,,9.4822695035461,,49,,15.0,0,9.4822695035461,104,24,50,49
msg_241,node49,node45,420,266757,266773.0,16.0,,,,9.55944055944056,,49,,15.5,0,9.55944055944056,102,22,50,49
msg_242,node49,node46,420,266757,266773.0,16.0,,,,9.604166666666666,,49,,15.75,0,9.604166666666666,101,21,50,49
msg_243,node49,node47,420,266757,,,,,,9.846642468239564,,49,,,0,9.846642468239564,760,20,50,49
msg_244,node49,node48,420,266757,,,,,,9.846642468239564,,49,,,0,9.846642468239564,760,20,50,49
msg_245,node49,node0,419,302572,302574.0,2.0,,,,9.648275862068965,,49,,2.2,0,9.648275862068965,149,49,50,49
msg_246,node49,node1,419,302572,302575.0,3.0,,,,9.595890410958905,,49,,3.4,0,9.595890410958905,148,48,50,49
msg_247,node49,node2,419,302572,302575.0,3.0,,,,9.551020408163266,,49,,3.6,0,9.551020408163266,147,47,50,49
msg_248,node49,node3,419,302572,302577.0,5.0,,,,9.551020408163266,,49,,5.0,0,9.551020408163266,147,47,50,49
msg_249,node49,node4,419,302572,,,,,,9.846642468239564,,49,,,0,9.846642468239564,760,20,50,49
msg_250,node49,node5,419,302572,,,,,,9.846642468239564,,49,,,0,9.846642468239564,760,20,50,49
msg_251,node49,node6,419,302572,302577.0,5.0,,,,9.476510067114093,,49,,5.2,0,9.476510067114093,145,45,50,49
msg_252,node49,node7,419,302572,302577.0,5.0,,,,9.446666666666667,,49,,5.8,0,9.446666666666667,144,44,50,49
msg_253,node49,node8,419,302572,302578.0,6.0,,,,9.417218543046358,,49,,6.6,0,9.417218543046358,143,43,50,49
msg_254,node49,node9,419,302572,302579.0,7.0,,,,9.344155844155845,,49,,7.2,0,9.344155844155845,140,40,50,49
msg_255,node49,node10,420,302572,302577.0,5.0,,,,9.417218543046358,,49,,4.4,0,9.417218543046358,143,43,50,49
msg_256,node49,node11,420,302572,,,,,,9.846642468239564,,49,,,0,9.846642468239564,760,20,50,49
msg_257,node49,node12,420,302572,,,,,,9.846642468239564,,49,,,0,9.846642468239564,760,20,50,49
msg_258,node49,node13,420,302572,302580.0,8.0,,,,9.329032258064515,,49,,8.2,0,9.329032258064515,139,39,50,49
msg_259,node49,node14,420,302572,302578.0,6.0,,,,9.366013071895425,,49,,6.4,0,9.366013071895425,141,41,50,49
msg_260,node49,node15,420,302572,302580.0,8.0,,,,9.320512820512821,,49,,8.8,0,9.320512820512821,138,38,50,49
msg_261,node49,node16,420,302572,,,,,,9.846642468239564,,49,,,0,9.846642468239564,760,20,50,49
msg_262,node49,node17,420,302572,302580.0,8.0,,,,9.312101910828025,,49,,9.8,0,9.312101910828025,137,37,50,49
msg_263,node49,node18,420,302572,,,,,,9.846642468239564,,49,,,0,9.846642468239564,760,20,50,49
msg_264,node49,node19,420,302572,,,,,,9.846642468239564,,49,,,0,9.846642468239564,760,20,50,49
msg_265,node49,node20,420,302572,302581.0,9.0,,,,9.312101910828025,,49,,10.4,0,9.312101910828025,137,37,50,49
msg_266,node49,node21,420,302572,302581.0,9.0,,,,9.30188679245283,,49,,7.8,0,9.30188679245283,135,35,50,49
msg_267,node49,node22,420,302572,,,,,,9.846642468239564,,49,,,0,9.846642468239564,760,20,50,49
msg_268,node49,node23,420,302572,,,,,,9.846642468239564,,49,,,0,9.846642468239564,760,20,50,49
msg_269,node49,node24,420,302572,302583.0,11.0,,,,9.304347826086957,,49,,10.8,0,9.304347826086957,133,33,50,49
msg_270,node49,node25,420,302572,302584.0,12.0,,,,9.319018404907975,,49,,11.4,0,9.319018404907975,131,31,50,49
msg_271,node49,node26,420,302572,,,,,,9.846642468239564,,49,,,0,9.846642468239564,760,20,50,49
msg_272,node49,node27,420,302572,302584.0,12.0,,,,9.335365853658537,,49,,12.0,0,9.335365853658537,130,30,50,49
msg_273,node49,node28,420,302572,,,,,,9.846642468239564,,49,,,0,9.846642468239564,760,20,50,49
msg_274,node49,node29,420,302572,,,,,,9.846642468239564,,49,,,0,9.846642468239564,760,20,50,49
msg_275,node49,node30,420,302572,,,,,,9.846642468239564,,49,,,0,9.846642468239564,760,20,50,49
msg_276,node49,node31,420,302572,302582.0,10.0,,,,9.3,,49,,10.6,0,9.3,134,34,50,49
msg_277,node49,node32,420,302572,302582.0,10.0,,,,9.304347826086957,,49,,11.0,0,9.304347826086957,133,33,50,49
msg_278,node49,node33,420,302572,302584.0,12.0,,,,9.351515151515152,,49,,12.8,0,9.351515151515152,129,29,50,49
msg_279,node49,node34,420,302572,,,,,,9.846642468239564,,49,,,0,9.846642468239564,760,20,50,49
msg_280,node49,node35,420,302572,302585.0,13.0,,,,9.351515151515152,,49,,13.4,0,9.351515151515152,129,29,50,49
msg_281,node49,node36,420,302572,302585.0,13.0,,,,9.389221556886227,,49,,13.6,0,9.389221556886227,127,27,50,49
msg_282,node49,node37,420,302572,302586.0,14.0,,,,9.410714285714286,,49,,13.8,0,9.410714285714286,126,26,50,49
msg_283,node49,node38,420,302572,,,,,,9.846642468239564,,49,,,0,9.846642468239564,760,20,50,49
msg_284,node49,node39,420,302572,,,,,,9.846642468239564,,49,,,0,9.846642468239564,760,20,50,49
msg_285,node49,node40,420,302572,302586.0,14.0,,,,9.437869822485206,,49,,14.4,0,9.437869822485206,125,25,50,49
msg_286,node49,node41,420,302572,302586.0,14.0,,,,9.437869822485206,,49,,14.8,0,9.437869822485206,125,25,50,49
msg_287,node49,node42,420,302572,,,,,,9.846642468239564,,49,,,0,9.846642468239564,760,20,50,49
msg_288,node49,node43,420,302572,,,,,,9.846642468239564,,49,,,0,9.846642468239564,760,20,50,49
msg_289,node49,node44,420,302572,302587.0,15.0,,,,9.491228070175438,,49,,15.0,0,9.491228070175438,123,23,50,49
msg_290,node49,node45,420,302572,302587.0,15.0,,,,9.491228070175438,,49,,15.6,0,9.491228070175438,123,23,50,49
msg_291,node49,node46,420,302572,302587.0,15.0,,,,9.554913294797688,,49,,15.8,0,9.554913294797688,121,21,50,49
msg_292,node49,node47,420,302572,,,,,,9.846642468239564,,49,,,0,9.846642468239564,760,20,50,49
msg_293,node49,node48,420,302572,,,,,,9.846642468239564,,49,,,0,9.846642468239564,760,20,50,49
msg_294,node49,node0,419,365835,365837.0,2.0,,,,9.586206896551724,,49,,2.1666666666666665,0,9.586206896551724,169,49,50,49
msg_295,node49,node1,419,365835,365838.0,3.0,,,,9.542857142857143,,49,,3.3333333333333335,0,9.542857142857143,168,48,50,49
msg_296,node49,node2,419,365835,365838.0,3.0,,,,9.505681818181818,,49,,3.5,0,9.505681818181818,167,47,50,49
msg_297,node49,node3,419,365835,365840.0,5.0,,,,9.468926553672317,,49,,5.0,0,9.468926553672317,166,46,50,49
msg_298,node49,node4,419,365835,,,,,,9.846642468239564,,49,,,0,9.846642468239564,760,20,50,49
msg_299,node49,node5,419,365835,,,,,,9.846642468239564,,49,,,0,9.846642468239564,760,20,50,49
msg_300,node49,node6,419,365835,365840.0,5.0,,,,9.468926553672317,,49,,5.166666666666667,0,9.468926553672317,166,46,50,49
msg_301,node49,node7,419,365835,365840.0,5.0,,,,9.468926553672317,,49,,5.666666666666667,0,9.468926553672317,166,46,50,49
msg_302,node49,node8,419,365835,365841.0,6.0,,,,9.370165745856353,,49,,6.5,0,9.370165745856353,162,42,50,49
msg_303,node49,node9,419,365835,365842.0,7.0,,,,9.370165745856353,,49,,7.166666666666667,0,9.370165745856353,162,42,50,49
msg_304,node49,node10,420,365835,365840.0,5.0,,,,9.394444444444444,,49,,4.5,0,9.394444444444444,163,43,50,49
msg_305,node49,node11,420,365835,,,,,,9.846642468239564,,49,,,0,9.846642468239564,760,20,50,49
msg_306,node49,node12,420,365835,,,,,,9.846642468239564,,49,,,0,9.846642468239564,760,20,50,49
msg_307,node49,node13,420,365835,365843.0,8.0,,,,9.326086956521738,,49,,8.166666666666666,0,9.326086956521738,159,39,50,49
msg_308,node49,node14,420,365835,365842.0,7.0,,,,9.33879781420765,,49,,6.333333333333333,0,9.33879781420765,160,40,50,49
msg_309,node49,node15,420,365835,365843.0,8.0,,,,9.326086956521738,,49,,8.666666666666666,0,9.326086956521738,159,39,50,49
msg_310,node49,node16,420,365835,,,,,,9.846642468239564,,49,,,0,9.846642468239564,760,20,50,49
msg_311,node49,node17,420,365835,365844.0,9.0,,,,9.304812834224599,,49,,9.5,0,9.304812834224599,156,36,50,49
msg_312,node49,node18,420,365835,,,,,,9.846642468239564,,49,,,0,9.846642468239564,760,20,50,49
msg_313,node49,node19,420,365835,,,,,,9.846642468239564,,49,,,0,9.846642468239564,760,20,50,49
msg_314,node49,node20,420,365835,365845.0,10.0,,,,9.303191489361701,,49,,10.166666666666666,0,9.303191489361701,155,35,50,49
msg_315,node49,node21,420,365835,365843.0,8.0,,,,9.326086956521738,,49,,8.0,0,9.326086956521738,159,39,50,49
msg_316,node49,node22,420,365835,,,,,,9.846642468239564,,49,,,0,9.846642468239564,760,20,50,49
msg_317,node49,node23,420,365835,,,,,,9.846642468239564,,49,,,0,9.846642468239564,760,20,50,49
msg_318,node49,node24,420,365835,365847.0,12.0,,,,9.319371727748692,,49,,10.833333333333334,0,9.319371727748692,152,32,50,49
msg_319,node49,node25,420,365835,365847.0,12.0,,,,9.319371727748692,,49,,11.5,0,9.319371727748692,152,32,50,49
msg_320,node49,node26,420,365835,,,,,,9.846642468239564,,49,,,0,9.846642468239564,760,20,50,49
msg_321,node49,node27,420,365835,365848.0,13.0,,,,9.319371727748692,,49,,12.0,0,9.319371727748692,152,32,50,49
msg_322,node49,node28,420,365835,,,,,,9.846642468239564,,49,,,0,9.846642468239564,760,20,50,49
msg_323,node49,node29,420,365835,,,,,,9.846642468239564,,49,,,0,9.846642468239564,760,20,50,49
msg_324,node49,node30,420,365835,,,,,,9.846642468239564,,49,,,0,9.846642468239564,760,20,50,49
msg_325,node49,node31,420,365835,365845.0,10.0,,,,9.303191489361701,,49,,10.5,0,9.303191489361701,155,35,50,49
msg_326,node49,node32,420,365835,365846.0,11.0,,,,9.310526315789474,,49,,10.833333333333334,0,9.310526315789474,153,33,50,49
msg_327,node49,node33,420,365835,365848.0,13.0,,,,9.3659793814433,,49,,12.666666666666666,0,9.3659793814433,149,29,50,49
msg_328,node49,node34,420,365835,,,,,,9.846642468239564,,49,,,0,9.846642468239564,760,20,50,49
msg_329,node49,node35,420,365835,365848.0,13.0,,,,9.384615384615385,,49,,13.333333333333334,0,9.384615384615385,148,28,50,49
msg_330,node49,node36,420,365835,365849.0,14.0,,,,9.403061224489797,,49,,13.5,0,9.403061224489797,147,27,50,49
msg_331,node49,node37,420,365835,365849.0,14.0,,,,9.403061224489797,,49,,13.833333333333334,0,9.403061224489797,147,27,50,49
msg_332,node49,node38,420,365835,,,,,,9.846642468239564,,49,,,0,9.846642468239564,760,20,50,49
msg_333,node49,node39,420,365835,,,,,,9.846642468239564,,49,,,0,9.846642468239564,760,20,50,49
msg_334,node49,node40,420,365835,365849.0,14.0,,,,9.44949494949495,,49,,14.333333333333334,0,9.44949494949495,145,25,50,49
msg_335,node49,node41,420,365835,365850.0,15.0,,,,9.472361809045227,,49,,14.666666666666666,0,9.472361809045227,144,24,50,49
msg_336,node49,node42,420,365835,,,,,,9.846642468239564,,49,,,0,9.846642468239564,760,20,50,49
msg_337,node49,node43,420,365835,,,,,,9.846642468239564,,49,,,0,9.846642468239564,760,20,50,49
msg_338,node49,node44,420,365835,365850.0,15.0,,,,9.472361809045227,,49,,15.0,0,9.472361809045227,144,24,50,49
msg_339,node49,node45,420,365835,365851.0,16.0,,,,9.527363184079602,,49,,15.5,0,9.527363184079602,142,22,50,49
msg_340,node49,node46,420,365835,365851.0,16.0,,,,9.55940594059406,,49,,15.666666666666666,0,9.55940594059406,141,21,50,49
msg_341,node49,node47,420,365835,,,,,,9.846642468239564,,49,,,0,9.846642468239564,760,20,50,49
msg_342,node49,node48,420,365835,,,,,,9.846642468239564,,49,,,0,9.846642468239564,760,20,50,49
msg_343,node49,node0,419,459110,459112.0,2.0,,,,9.591133004926109,,49,,2.142857142857143,0,9.591133004926109,189,49,50,49
msg_344,node49,node1,419,459110,459113.0,3.0,,,,9.591133004926109,,49,,3.2857142857142856,0,9.591133004926109,189,49,50,49
msg_345,node49,node2,419,459110,459114.0,4.0,,,,9.521951219512195,,49,,3.4285714285714284,0,9.521951219512195,187,47,50,49
msg_346,node49,node3,419,459110,459114.0,4.0,,,,9.495145631067961,,49,,5.0,0,9.495145631067961,186,46,50,49
msg_347,node49,node4,419,459110,,,,,,9.846642468239564,,49,,,0,9.846642468239564,760,20,50,49
msg_348,node49,node5,419,459110,,,,,,9.846642468239564,,49,,,0,9.846642468239564,760,20,50,49
msg_349,node49,node6,419,459110,459115.0,5.0,,,,9.468599033816425,,49,,5.142857142857143,0,9.468599033816425,185,45,50,49
msg_350,node49,node7,419,459110,459115.0,5.0,,,,9.425837320574162,,49,,5.571428571428571,0,9.425837320574162,183,43,50,49
msg_351,node49,node8,419,459110,459117.0,7.0,,,,9.404761904761905,,49,,6.428571428571429,0,9.404761904761905,182,42,50,49
msg_352,node49,node9,419,459110,459117.0,7.0,,,,9.404761904761905,,49,,7.142857142857143,0,9.404761904761905,182,42,50,49
msg_353,node49,node10,420,459110,459115.0,5.0,,,,9.447115384615385,,49,,4.571428571428571,0,9.447115384615385,184,44,50,49
msg_354,node49,node11,420,459110,,,,,,9.846642468239564,,49,,,0,9.846642468239564,760,20,50,49
msg_355,node49,node12,420,459110,,,,,,9.846642468239564,,49,,,0,9.846642468239564,760,20,50,49
msg_356,node49,node13,420,459110,459117.0,7.0,,,,9.370892018779342,,49,,8.142857142857142,0,9.370892018779342,179,39,50,49
msg_357,node49,node14,420,459110,459117.0,7.0,,,,9.404761904761905,,49,,6.428571428571429,0,9.404761904761905,182,42,50,49
msg_358,node49,node15,420,459110,459119.0,9.0,,,,9.35981308411215,,49,,8.571428571428571,0,9.35981308411215,178,38,50,49
msg_359,node49,node16,420,459110,,,,,,9.846642468239564,,49,,,0,9.846642468239564,760,20,50,49
msg_360,node49,node17,420,459110,459119.0,9.0,,,,9.35981308411215,,49,,9.428571428571429,0,9.35981308411215,178,38,50,49
msg_361,node49,node18,420,459110,,,,,,9.846642468239564,,49,,,0,9.846642468239564,760,20,50,49
msg_362,node49,node19,420,459110,,,,,,9.846642468239564,,49,,,0,9.846642468239564,760,20,50,49
msg_363,node49,node20,420,459110,459120.0,10.0,,,,9.35483870967742,,49,,10.142857142857142,0,9.35483870967742,175,35,50,49
msg_364,node49,node21,420,459110,459119.0,9.0,,,,9.35981308411215,,49,,8.0,0,9.35981308411215,178,38,50,49
msg_365,node49,node22,420,459110,,,,,,9.846642468239564,,49,,,0,9.846642468239564,760,20,50,49
msg_366,node49,node23,420,459110,,,,,,9.846642468239564,,49,,,0,9.846642468239564,760,20,50,49
msg_367,node49,node24,420,459110,459121.0,11.0,,,,9.357798165137615,,49,,11.0,0,9.357798165137615,174,34,50,49
msg_368,node49,node25,420,459110,459121.0,11.0,,,,9.365296803652969,,49,,11.571428571428571,0,9.365296803652969,173,33,50,49
msg_369,node49,node26,420,459110,,,,,,9.846642468239564,,49,,,0,9.846642468239564,760,20,50,49
msg_370,node49,node27,420,459110,459123.0,13.0,,,,9.391891891891891,,49,,12.142857142857142,0,9.391891891891891,170,30,50,49
msg_371,node49,node28,420,459110,,,,,,9.846642468239564,,49,,,0,9.846642468239564,760,20,50,49
msg_372,node49,node29,420,459110,,,,,,9.846642468239564,,49,,,0,9.846642468239564,760,20,50,49
msg_373,node49,node30,420,459110,,,,,,9.846642468239564,,49,,,0,9.846642468239564,760,20,50,49
msg_374,node49,node31,420,459110,459121.0,11.0,,,,9.365296803652969,,49,,10.428571428571429,0,9.365296803652969,173,33,50,49
msg_375,node49,node32,420,459110,459122.0,12.0,,,,9.380090497737557,,49,,10.857142857142858,0,9.380090497737557,171,31,50,49
msg_376,node49,node33,420,459110,459124.0,14.0,,,,9.391891891891891,,49,,12.714285714285714,0,9.391891891891891,170,30,50,49
msg_377,node49,node34,420,459110,,,,,,9.846642468239564,,49,,,0,9.846642468239564,760,20,50,49
msg_378,node49,node35,420,459110,459125.0,15.0,,,,9.391891891891891,,49,,13.285714285714286,0,9.391891891891891,170,30,50,49
msg_379,node49,node36,420,459110,459125.0,15.0,,,,9.453333333333333,,49,,13.571428571428571,0,9.453333333333333,167,27,50,49
msg_380,node49,node37,420,459110,459125.0,15.0,,,,9.47787610619469,,49,,13.857142857142858,0,9.47787610619469,166,26,50,49
msg_381,node49,node38,420,459110,,,,,,9.846642468239564,,49,,,0,9.846642468239564,760,20,50,49
msg_382,node49,node39,420,459110,,,,,,9.846642468239564,,49,,,0,9.846642468239564,760,20,50,49
msg_383,node49,node40,420,459110,459127.0,17.0,,,,9.502202643171806,,49,,14.285714285714286,0,9.502202643171806,165,25,50,49
msg_384,node49,node41,420,459110,459127.0,17.0,,,,9.502202643171806,,49,,14.714285714285714,0,9.502202643171806,165,25,50,49
msg_385,node49,node42,420,459110,,,,,,9.846642468239564,,49,,,0,9.846642468239564,760,20,50,49
msg_386,node49,node43,420,459110,,,,,,9.846642468239564,,49,,,0,9.846642468239564,760,20,50,49
msg_387,node49,node44,420,459110,459128.0,18.0,,,,9.56768558951965,,49,,15.0,0,9.56768558951965,163,23,50,49
msg_388,node49,node45,420,459110,459128.0,18.0,,,,9.604347826086956,,49,,15.571428571428571,0,9.604347826086956,162,22,50,49
msg_389,node49,node46,420,459110,459128.0,18.0,,,,9.604347826086956,,49,,15.714285714285714,0,9.604347826086956,162,22,50,49
msg_390,node49,node47,420,459110,,,,,,9.846642468239564,,49,,,0,9.846642468239564,760,20,50,49
msg_391,node49,node48,420,459110,,,,,,9.846642468239564,,49,,,0,9.846642468239564,760,20,50,49
msg_392,node49,node0,419,465022,465024.0,2.0,,,,9.676724137931034,,49,,2.125,0,9.676724137931034,209,49,50,49
msg_393,node49,node1,419,465022,465026.0,4.0,,,,9.676724137931034,,49,,3.25,0,9.676724137931034,209,49,50,49
msg_394,node49,node2,419,465022,465026.0,4.0,,,,9.591489361702127,,49,,3.5,0,9.591489361702127,206,46,50,49
msg_395,node49,node3,419,465022,465027.0,5.0,,,,9.567796610169491,,49,,4.875,0,9.567796610169491,205,45,50,49
msg_396,node49,node4,419,465022,,,,,,9.846642468239564,,49,,,0,9.846642468239564,760,20,50,49
msg_397,node49,node5,419,465022,,,,,,9.846642468239564,,49,,,0,9.846642468239564,760,20,50,49
msg_398,node49,node6,419,465022,465027.0,5.0,,,,9.548523206751055,,49,,5.125,0,9.548523206751055,204,44,50,49
msg_399,node49,node7,419,465022,465027.0,5.0,,,,9.529411764705882,,49,,5.5,0,9.529411764705882,203,43,50,49
msg_400,node49,node8,419,465022,465028.0,6.0,,,,9.529411764705882,,49,,6.5,0,9.529411764705882,203,43,50,49
msg_401,node49,node9,419,465022,465029.0,7.0,,,,9.529411764705882,,49,,7.125,0,9.529411764705882,203,43,50,49
msg_402,node49,node10,420,465022,465025.0,3.0,,,,9.676724137931034,,49,,4.625,0,9.676724137931034,209,49,50,49
msg_403,node49,node11,420,465022,,,,,,9.846642468239564,,49,,,0,9.846642468239564,760,20,50,49
msg_404,node49,node12,420,465022,,,,,,9.846642468239564,,49,,,0,9.846642468239564,760,20,50,49
msg_405,node49,node13,420,465022,465031.0,9.0,,,,9.465020576131687,,49,,8.0,0,9.465020576131687,198,38,50,49
msg_406,node49,node14,420,465022,465029.0,7.0,,,,9.529411764705882,,49,,6.5,0,9.529411764705882,203,43,50,49
msg_407,node49,node15,420,465022,465031.0,9.0,,,,9.46311475409836,,49,,8.625,0,9.46311475409836,197,37,50,49
msg_408,node49,node16,420,465022,,,,,,9.846642468239564,,49,,,0,9.846642468239564,760,20,50,49
msg_409,node49,node17,420,465022,465032.0,10.0,,,,9.463414634146341,,49,,9.375,0,9.463414634146341,195,35,50,49
msg_410,node49,node18,420,465022,,,,,,9.846642468239564,,49,,,0,9.846642468239564,760,20,50,49
msg_411,node49,node19,420,465022,,,,,,9.846642468239564,,49,,,0,9.846642468239564,760,20,50,49
msg_412,node49,node20,420,465022,465032.0,10.0,,,,9.46774193548387,,49,,10.125,0,9.46774193548387,193,33,50,49
msg_413,node49,node21,420,465022,465029.0,7.0,,,,9.475206611570249,,49,,8.125,0,9.475206611570249,199,39,50,49
msg_414,node49,node22,420,465022,,,,,,9.846642468239564,,49,,,0,9.846642468239564,760,20,50,49
msg_415,node49,node23,420,465022,,,,,,9.846642468239564,,49,,,0,9.846642468239564,760,20,50,49
msg_416,node49,node24,420,465022,465033.0,11.0,,,,9.46987951807229,,49,,11.0,0,9.46987951807229,192,32,50,49
msg_417,node49,node25,420,465022,465033.0,11.0,,,,9.476,,49,,11.5,0,9.476,191,31,50,49
msg_418,node49,node26,420,465022,,,,,,9.846642468239564,,49,,,0,9.846642468239564,760,20,50,49
msg_419,node49,node27,420,465022,465034.0,12.0,,,,9.48207171314741,,49,,12.25,0,9.48207171314741,190,30,50,49
msg_420,node49,node28,420,465022,,,,,,9.846642468239564,,49,,,0,9.846642468239564,760,20,50,49
msg_421,node49,node29,420,465022,,,,,,9.846642468239564,,49,,,0,9.846642468239564,760,20,50,49
msg_422,node49,node30,420,465022,,,,,,9.846642468239564,,49,,,0,9.846642468239564,760,20,50,49
msg_423,node49,node31,420,465022,465032.0,10.0,,,,9.46311475409836,,49,,10.5,0,9.46311475409836,197,37,50,49
msg_424,node49,node32,420,465022,465032.0,10.0,,,,9.465587044534413,,49,,11.0,0,9.465587044534413,194,34,50,49
msg_425,node49,node33,420,465022,465034.0,12.0,,,,9.48207171314741,,49,,12.875,0,9.48207171314741,190,30,50,49
msg_426,node49,node34,420,465022,,,,,,9.846642468239564,,49,,,0,9.846642468239564,760,20,50,49
msg_427,node49,node35,420,465022,465035.0,13.0,,,,9.48207171314741,,49,,13.5,0,9.48207171314741,190,30,50,49
msg_428,node49,node36,420,465022,465035.0,13.0,,,,9.515748031496063,,49,,13.75,0,9.515748031496063,187,27,50,49
msg_429,node49,node37,420,465022,465035.0,13.0,,,,9.529411764705882,,49,,14.0,0,9.529411764705882,186,26,50,49
msg_430,node49,node38,420,465022,,,,,,9.846642468239564,,49,,,0,9.846642468239564,760,20,50,49
msg_431,node49,node39,420,465022,,,,,,9.846642468239564,,49,,,0,9.846642468239564,760,20,50,49
msg_432,node49,node40,420,465022,465036.0,14.0,,,,9.54296875,,49,,14.625,0,9.54296875,185,25,50,49
msg_433,node49,node41,420,465022,465036.0,14.0,,,,9.54296875,,49,,15.0,0,9.54296875,185,25,50,49
msg_434,node49,node42,420,465022,,,,,,9.846642468239564,,49,,,0,9.846642468239564,760,20,50,49
msg_435,node49,node43,420,465022,,,,,,9.846642468239564,,49,,,0,9.846642468239564,760,20,50,49
msg_436,node49,node44,420,465022,465036.0,14.0,,,,9.577519379844961,,49,,15.375,0,9.577519379844961,183,23,50,49
msg_437,node49,node45,420,465022,465037.0,15.0,,,,9.594594594594595,,49,,15.875,0,9.594594594594595,182,22,50,49
msg_438,node49,node46,420,465022,465037.0,15.0,,,,9.594594594594595,,49,,16.0,0,9.594594594594595,182,22,50,49
msg_439,node49,node47,420,465022,,,,,,9.846642468239564,,49,,,0,9.846642468239564,760,20,50,49
msg_440,node49,node48,420,465022,,,,,,9.846642468239564,,49,,,0,9.846642468239564,760,20,50,49
msg_441,node49,node0,419,466749,466751.0,2.0,,,,9.636015325670497,,49,,2.111111111111111,0,9.636015325670497,229,49,50,49
msg_442,node49,node1,419,466749,466752.0,3.0,,,,9.636015325670497,,49,,3.3333333333333335,0,9.636015325670497,229,49,50,49
msg_443,node49,node2,419,466749,466752.0,3.0,,,,9.581749049429657,,49,,3.5555555555555554,0,9.581749049429657,227,47,50,49
msg_444,node49,node3,419,466749,466752.0,3.0,,,,9.556818181818182,,49,,4.888888888888889,0,9.556818181818182,226,46,50,49
msg_445,node49,node4,419,466749,,,,,,9.846642468239564,,49,,,0,9.846642468239564,760,20,50,49
msg_446,node49,node5,419,466749,,,,,,9.846642468239564,,49,,,0,9.846642468239564,760,20,50,49
msg_447,node49,node6,419,466749,466755.0,6.0,,,,9.511278195488721,,49,,5.111111111111111,0,9.511278195488721,224,44,50,49
msg_448,node49,node7,419,466749,466755.0,6.0,,,,9.511278195488721,,49,,5.444444444444445,0,9.511278195488721,224,44,50,49
msg_449,node49,node8,419,466749,466756.0,7.0,,,,9.448148148148148,,49,,6.444444444444445,0,9.448148148148148,220,40,50,49
msg_450,node49,node9,419,466749,466756.0,7.0,,,,9.439114391143912,,49,,7.111111111111111,0,9.439114391143912,219,39,50,49
msg_451,node49,node10,420,466749,466753.0,4.0,,,,9.532075471698112,,49,,4.444444444444445,0,9.532075471698112,225,45,50,49
msg_452,node49,node11,420,466749,,,,,,9.846642468239564,,49,,,0,9.846642468239564,760,20,50,49
msg_453,node49,node12,420,466749,,,,,,9.846642468239564,,49,,,0,9.846642468239564,760,20,50,49
msg_454,node49,node13,420,466749,466757.0,8.0,,,,9.430147058823529,,49,,8.11111111111111,0,9.430147058823529,218,38,50,49
msg_455,node49,node14,420,466749,466753.0,4.0,,,,9.511278195488721,,49,,6.555555555555555,0,9.511278195488721,224,44,50,49
msg_456,node49,node15,420,466749,466757.0,8.0,,,,9.424908424908425,,49,,8.666666666666666,0,9.424908424908425,217,37,50,49
msg_457,node49,node16,420,466749,,,,,,9.846642468239564,,49,,,0,9.846642468239564,760,20,50,49
msg_458,node49,node17,420,466749,466757.0,8.0,,,,9.41970802919708,,49,,9.444444444444445,0,9.41970802919708,216,36,50,49
msg_459,node49,node18,420,466749,,,,,,9.846642468239564,,49,,,0,9.846642468239564,760,20,50,49
msg_460,node49,node19,420,466749,,,,,,9.846642468239564,,49,,,0,9.846642468239564,760,20,50,49
msg_461,node49,node20,420,466749,466758.0,9.0,,,,9.414545454545454,,49,,10.11111111111111,0,9.414545454545454,215,35,50,49
msg_462,node49,node21,420,466749,466754.0,5.0,,,,9.511278195488721,,49,,8.0,0,9.511278195488721,224,44,50,49
msg_463,node49,node22,420,466749,,,,,,9.846642468239564,,49,,,0,9.846642468239564,760,20,50,49
msg_464,node49,node23,420,466749,,,,,,9.846642468239564,,49,,,0,9.846642468239564,760,20,50,49
msg_465,node49,node24,420,466749,466758.0,9.0,,,,9.41304347826087,,49,,11.0,0,9.41304347826087,214,34,50,49
msg_466,node49,node25,420,466749,466760.0,11.0,,,,9.412186379928315,,49,,11.444444444444445,0,9.412186379928315,211,31,50,49
msg_467,node49,node26,420,466749,,,,,,9.846642468239564,,49,,,0,9.846642468239564,760,20,50,49
msg_468,node49,node27,420,466749,466760.0,11.0,,,,9.417857142857143,,49,,12.222222222222221,0,9.417857142857143,210,30,50,49
msg_469,node49,node28,420,466749,,,,,,9.846642468239564,,49,,,0,9.846642468239564,760,20,50,49
msg_470,node49,node29,420,466749,,,,,,9.846642468239564,,49,,,0,9.846642468239564,760,20,50,49
msg_471,node49,node30,420,466749,,,,,,9.846642468239564,,49,,,0,9.846642468239564,760,20,50,49
msg_472,node49,node31,420,466749,466758.0,9.0,,,,9.41304347826087,,49,,10.444444444444445,0,9.41304347826087,214,34,50,49
msg_473,node49,node32,420,466749,466759.0,10.0,,,,9.41304347826087,,49,,10.88888888888889,0,9.41304347826087,214,34,50,49
msg_474,node49,node33,420,466749,466761.0,12.0,,,,9.423487544483987,,49,,12.777777777777779,0,9.423487544483987,209,29,50,49
msg_475,node49,node34,420,466749,,,,,,9.846642468239564,,49,,,0,9.846642468239564,760,20,50,49
msg_476,node49,node35,420,466749,466761.0,12.0,,,,9.432624113475176,,49,,13.444444444444445,0,9.432624113475176,208,28,50,49
msg_477,node49,node36,420,466749,466761.0,12.0,,,,9.441696113074205,,49,,13.666666666666666,0,9.441696113074205,207,27,50,49
msg_478,node49,node37,420,466749,466762.0,13.0,,,,9.441696113074205,,49,,13.88888888888889,0,9.441696113074205,207,27,50,49
msg_479,node49,node38,420,466749,,,,,,9.846642468239564,,49,,,0,9.846642468239564,760,20,50,49
msg_480,node49,node39,420,466749,,,,,,9.846642468239564,,49,,,0,9.846642468239564,760,20,50,49
msg_481,node49,node40,420,466749,466762.0,13.0,,,,9.441696113074205,,49,,14.555555555555555,0,9.441696113074205,207,27,50,49
msg_482,node49,node41,420,466749,466762.0,13.0,,,,9.441696113074205,,49,,14.88888888888889,0,9.441696113074205,207,27,50,49
msg_483,node49,node42,420,466749,,,,,,9.846642468239564,,49,,,0,9.846642468239564,760,20,50,49
msg_484,node49,node43,420,466749,,,,,,9.846642468239564,,49,,,0,9.846642468239564,760,20,50,49
msg_485,node49,node44,420,466749,466763.0,14.0,,,,9.487804878048781,,49,,15.222222222222221,0,9.487804878048781,203,23,50,49
msg_486,node49,node45,420,466749,466763.0,14.0,,,,9.503472222222221,,49,,15.777777777777779,0,9.503472222222221,202,22,50,49
msg_487,node49,node46,420,466749,466764.0,15.0,,,,9.519031141868512,,49,,15.88888888888889,0,9.519031141868512,201,21,50,49
msg_488,node49,node47,420,466749,,,,,,9.846642468239564,,49,,,0,9.846642468239564,760,20,50,49
msg_489,node49,node48,420,466749,,,,,,9.846642468239564,,49,,,0,9.846642468239564,760,20,50,49
msg_490,node49,node0,419,575135,575138.0,3.0,,,,9.537931034482758,,49,,2.1,0,9.537931034482758,249,49,50,49
msg_491,node49,node1,419,575135,575139.0,4.0,,,,9.515463917525773,,49,,3.3,0,9.515463917525773,248,48,50,49
msg_492,node49,node2,419,575135,575139.0,4.0,,,,9.496575342465754,,49,,3.5,0,9.496575342465754,247,47,50,49
msg_493,node49,node3,419,575135,575141.0,6.0,,,,9.477815699658702,,49,,4.7,0,9.477815699658702,246,46,50,49
msg_494,node49,node4,419,575135,,,,,,9.846642468239564,,49,,,0,9.846642468239564,760,20,50,49
msg_495,node49,node5,419,575135,,,,,,9.846642468239564,,49,,,0,9.846642468239564,760,20,50,49
msg_496,node49,node6,419,575135,575141.0,6.0,,,,9.465986394557824,,49,,5.2,0,9.465986394557824,245,45,50,49
msg_497,node49,node7,419,575135,575141.0,6.0,,,,9.454237288135593,,49,,5.5,0,9.454237288135593,244,44,50,49
msg_498,node49,node8,419,575135,575142.0,7.0,,,,9.43097643097643,,49,,6.5,0,9.43097643097643,242,42,50,49
msg_499,node49,node9,419,575135,575143.0,8.0,,,,9.422818791946309,,49,,7.1,0,9.422818791946309,241,41,50,49
msg_500,node49,node10,420,575135,575141.0,6.0,,,,9.442567567567568,,49,,4.4,0,9.442567567567568,243,43,50,49
msg_501,node49,node11,420,575135,,,,,,9.846642468239564,,49,,,0,9.846642468239564,760,20,50,49
msg_502,node49,node12,420,575135,,,,,,9.846642468239564,,49,,,0,9.846642468239564,760,20,50,49
msg_503,node49,node13,420,575135,575143.0,8.0,,,,9.413333333333334,,49,,8.1,0,9.413333333333334,239,39,50,49
msg_504,node49,node14,420,575135,575143.0,8.0,,,,9.418060200668897,,49,,6.3,0,9.418060200668897,240,40,50,49
msg_505,node49,node15,420,575135,575144.0,9.0,,,,9.408637873754152,,49,,8.6,0,9.408637873754152,238,38,50,49
msg_506,node49,node16,420,575135,,,,,,9.846642468239564,,49,,,0,9.846642468239564,760,20,50,49
msg_507,node49,node17,420,575135,575146.0,11.0,,,,9.407284768211921,,49,,9.3,0,9.407284768211921,237,37,50,49
msg_508,node49,node18,420,575135,,,,,,9.846642468239564,,49,,,0,9.846642468239564,760,20,50,49
msg_509,node49,node19,420,575135,,,,,,9.846642468239564,,49,,,0,9.846642468239564,760,20,50,49
msg_510,node49,node20,420,575135,575146.0,11.0,,,,9.407284768211921,,49,,10.0,0,9.407284768211921,237,37,50,49
msg_511,node49,node21,420,575135,575144.0,9.0,,,,9.407284768211921,,49,,7.7,0,9.407284768211921,237,37,50,49
msg_512,node49,node22,420,575135,,,,,,9.846642468239564,,49,,,0,9.846642468239564,760,20,50,49
msg_513,node49,node23,420,575135,,,,,,9.846642468239564,,49,,,0,9.846642468239564,760,20,50,49
msg_514,node49,node24,420,575135,575148.0,13.0,,,,9.42483660130719,,49,,10.8,0,9.42483660130719,233,33,50,49
msg_515,node49,node25,420,575135,575148.0,13.0,,,,9.436482084690553,,49,,11.4,0,9.436482084690553,232,32,50,49
msg_516,node49,node26,420,575135,,,,,,9.846642468239564,,49,,,0,9.846642468239564,760,20,50,49
msg_517,node49,node27,420,575135,575149.0,14.0,,,,9.448051948051948,,49,,12.1,0,9.448051948051948,231,31,50,49
msg_518,node49,node28,420,575135,,,,,,9.846642468239564,,49,,,0,9.846642468239564,760,20,50,49
msg_519,node49,node29,420,575135,,,,,,9.846642468239564,,49,,,0,9.846642468239564,760,20,50,49
msg_520,node49,node30,420,575135,,,,,,9.846642468239564,,49,,,0,9.846642468239564,760,20,50,49
msg_521,node49,node31,420,575135,575147.0,12.0,,,,9.416393442622951,,49,,10.3,0,9.416393442622951,234,34,50,49
msg_522,node49,node32,420,575135,575149.0,14.0,,,,9.462783171521036,,49,,10.8,0,9.462783171521036,230,30,50,49
msg_523,node49,node33,420,575135,575150.0,15.0,,,,9.477419354838709,,49,,12.7,0,9.477419354838709,229,29,50,49
msg_524,node49,node34,420,575135,,,,,,9.846642468239564,,49,,,0,9.846642468239564,760,20,50,49
msg_525,node49,node35,420,575135,575150.0,15.0,,,,9.495176848874598,,49,,13.3,0,9.495176848874598,228,28,50,49
msg_526,node49,node36,420,575135,575151.0,16.0,,,,9.512820512820513,,49,,13.5,0,9.512820512820513,227,27,50,49
msg_527,node49,node37,420,575135,575151.0,16.0,,,,9.533546325878595,,49,,13.8,0,9.533546325878595,226,26,50,49
msg_528,node49,node38,420,575135,,,,,,9.846642468239564,,49,,,0,9.846642468239564,760,20,50,49
msg_529,node49,node39,420,575135,,,,,,9.846642468239564,,49,,,0,9.846642468239564,760,20,50,49
msg_530,node49,node40,420,575135,575152.0,17.0,,,,9.554140127388536,,49,,14.4,0,9.554140127388536,225,25,50,49
msg_531,node49,node41,420,575135,575152.0,17.0,,,,9.577777777777778,,49,,14.7,0,9.577777777777778,224,24,50,49
msg_532,node49,node42,420,575135,,,,,,9.846642468239564,,49,,,0,9.846642468239564,760,20,50,49
msg_533,node49,node43,420,575135,,,,,,9.846642468239564,,49,,,0,9.846642468239564,760,20,50,49
msg_534,node49,node44,420,575135,575152.0,17.0,,,,9.60126582278481,,49,,15.1,0,9.60126582278481,223,23,50,49
msg_535,node49,node45,420,575135,575153.0,18.0,,,,9.624605678233438,,49,,15.6,0,9.624605678233438,222,22,50,49
msg_536,node49,node46,420,575135,575153.0,18.0,,,,9.650943396226415,,49,,15.8,0,9.650943396226415,221,21,50,49
msg_537,node49,node47,420,575135,,,,,,9.846642468239564,,49,,,0,9.846642468239564,760,20,50,49
msg_538,node49,node48,420,575135,,,,,,9.846642468239564,,49,,,0,9.846642468239564,760,20,50,49
msg_539,node49,node0,419,609154,609156.0,2.0,,,,9.677115987460816,,49,,2.1818181818181817,0,9.677115987460816,269,49,50,49
msg_540,node49,node1,419,609154,609157.0,3.0,,,,9.653125,,49,,3.3636363636363638,0,9.653125,268,48,50,49
msg_541,node49,node2,419,609154,609157.0,3.0,,,,9.632398753894082,,49,,3.5454545454545454,0,9.632398753894082,267,47,50,49
msg_542,node49,node3,419,609154,609159.0,5.0,,,,9.574074074074074,,49,,4.818181818181818,0,9.574074074074074,264,44,50,49
msg_543,node49,node4,419,609154,,,,,,9.846642468239564,,49,,,0,9.846642468239564,760,20,50,49
msg_544,node49,node5,419,609154,,,,,,9.846642468239564,,49,,,0,9.846642468239564,760,20,50,49
msg_545,node49,node6,419,609154,609159.0,5.0,,,,9.56,,49,,5.2727272727272725,0,9.56,263,43,50,49
msg_546,node49,node7,419,609154,609160.0,6.0,,,,9.54601226993865,,49,,5.545454545454546,0,9.54601226993865,262,42,50,49
msg_547,node49,node8,419,609154,609160.0,6.0,,,,9.524390243902438,,49,,6.545454545454546,0,9.524390243902438,260,40,50,49
msg_548,node49,node9,419,609154,609161.0,7.0,,,,9.513677811550153,,49,,7.181818181818182,0,9.513677811550153,259,39,50,49
msg_549,node49,node10,420,609154,609157.0,3.0,,,,9.611801242236025,,49,,4.545454545454546,0,9.611801242236025,266,46,50,49
msg_550,node49,node11,420,609154,,,,,,9.846642468239564,,49,,,0,9.846642468239564,760,20,50,49
msg_551,node49,node12,420,609154,,,,,,9.846642468239564,,49,,,0,9.846642468239564,760,20,50,49
msg_552,node49,node13,420,609154,609162.0,8.0,,,,9.506060606060606,,49,,8.090909090909092,0,9.506060606060606,258,38,50,49
msg_553,node49,node14,420,609154,609158.0,4.0,,,,9.591331269349846,,49,,6.454545454545454,0,9.591331269349846,265,45,50,49
msg_554,node49,node15,420,609154,609162.0,8.0,,,,9.501510574018127,,49,,8.636363636363637,0,9.501510574018127,257,37,50,49
msg_555,node49,node16,420,609154,,,,,,9.846642468239564,,49,,,0,9.846642468239564,760,20,50,49
msg_556,node49,node17,420,609154,609162.0,8.0,,,,9.49698795180723,,49,,9.454545454545455,0,9.49698795180723,256,36,50,49
msg_557,node49,node18,420,609154,,,,,,9.846642468239564,,49,,,0,9.846642468239564,760,20,50,49
msg_558,node49,node19,420,609154,,,,,,9.846642468239564,,49,,,0,9.846642468239564,760,20,50,49
msg_559,node49,node20,420,609154,609163.0,9.0,,,,9.492492492492492,,49,,10.090909090909092,0,9.492492492492492,255,35,50,49
msg_560,node49,node21,420,609154,609160.0,6.0,,,,9.535168195718654,,49,,7.818181818181818,0,9.535168195718654,261,41,50,49
msg_561,node49,node22,420,609154,,,,,,9.846642468239564,,49,,,0,9.846642468239564,760,20,50,49
msg_562,node49,node23,420,609154,,,,,,9.846642468239564,,49,,,0,9.846642468239564,760,20,50,49
msg_563,node49,node24,420,609154,609165.0,11.0,,,,9.488095238095237,,49,,11.0,0,9.488095238095237,252,32,50,49
msg_564,node49,node25,420,609154,609165.0,11.0,,,,9.492581602373887,,49,,11.545454545454545,0,9.492581602373887,251,31,50,49
msg_565,node49,node26,420,609154,,,,,,9.846642468239564,,49,,,0,9.846642468239564,760,20,50,49
msg_566,node49,node27,420,609154,609165.0,11.0,,,,9.497041420118343,,49,,12.272727272727273,0,9.497041420118343,250,30,50,49
msg_567,node49,node28,420,609154,,,,,,9.846642468239564,,49,,,0,9.846642468239564,760,20,50,49
msg_568,node49,node29,420,609154,,,,,,9.846642468239564,,49,,,0,9.846642468239564,760,20,50,49
msg_569,node49,node30,420,609154,,,,,,9.846642468239564,,49,,,0,9.846642468239564,760,20,50,49
msg_570,node49,node31,420,609154,609163.0,9.0,,,,9.491017964071856,,49,,10.454545454545455,0,9.491017964071856,254,34,50,49
msg_571,node49,node32,420,609154,609163.0,9.0,,,,9.48955223880597,,49,,11.090909090909092,0,9.48955223880597,253,33,50,49
msg_572,node49,node33,420,609154,609166.0,12.0,,,,9.501474926253687,,49,,12.909090909090908,0,9.501474926253687,249,29,50,49
msg_573,node49,node34,420,609154,,,,,,9.846642468239564,,49,,,0,9.846642468239564,760,20,50,49
msg_574,node49,node35,420,609154,609166.0,12.0,,,,9.508823529411766,,49,,13.454545454545455,0,9.508823529411766,248,28,50,49
msg_575,node49,node36,420,609154,609166.0,12.0,,,,9.516129032258064,,49,,13.727272727272727,0,9.516129032258064,247,27,50,49
msg_576,node49,node37,420,609154,609167.0,13.0,,,,9.523391812865498,,49,,14.0,0,9.523391812865498,246,26,50,49
msg_577,node49,node38,420,609154,,,,,,9.846642468239564,,49,,,0,9.846642468239564,760,20,50,49
msg_578,node49,node39,420,609154,,,,,,9.846642468239564,,49,,,0,9.846642468239564,760,20,50,49
msg_579,node49,node40,420,609154,609167.0,13.0,,,,9.533527696793003,,49,,14.636363636363637,0,9.533527696793003,245,25,50,49
msg_580,node49,node41,420,609154,609168.0,14.0,,,,9.543604651162791,,49,,14.909090909090908,0,9.543604651162791,244,24,50,49
msg_581,node49,node42,420,609154,,,,,,9.846642468239564,,49,,,0,9.846642468239564,760,20,50,49
msg_582,node49,node43,420,609154,,,,,,9.846642468239564,,49,,,0,9.846642468239564,760,20,50,49
msg_583,node49,node44,420,609154,609168.0,14.0,,,,9.556521739130435,,49,,15.272727272727273,0,9.556521739130435,243,23,50,49
msg_584,node49,node45,420,609154,609168.0,14.0,,,,9.56936416184971,,49,,15.818181818181818,0,9.56936416184971,242,22,50,49
msg_585,node49,node46,420,609154,609169.0,15.0,,,,9.56936416184971,,49,,16.0,0,9.56936416184971,242,22,50,49
msg_586,node49,node47,420,609154,,,,,,9.846642468239564,,49,,,0,9.846642468239564,760,20,50,49
msg_587,node49,node48,420,609154,,,,,,9.846642468239564,,49,,,0,9.846642468239564,760,20,50,49
msg_588,node49,node0,419,695354,695357.0,3.0,,,,9.597701149425287,,49,,2.1666666666666665,0,9.597701149425287,289,49,50,49
msg_589,node49,node1,419,695354,695358.0,4.0,,,,9.578796561604584,,49,,3.3333333333333335,0,9.578796561604584,288,48,50,49
msg_590,node49,node2,419,695354,695358.0,4.0,,,,9.562857142857142,,49,,3.5,0,9.562857142857142,287,47,50,49
msg_591,node49,node3,419,695354,695360.0,6.0,,,,9.534090909090908,,49,,4.833333333333333,0,9.534090909090908,285,45,50,49
msg_592,node49,node4,419,695354,,,,,,9.846642468239564,,49,,,0,9.846642468239564,760,20,50,49
msg_593,node49,node5,419,695354,,,,,,9.846642468239564,,49,,,0,9.846642468239564,760,20,50,49
msg_594,node49,node6,419,695354,695360.0,6.0,,,,9.524079320113314,,49,,5.25,0,9.524079320113314,284,44,50,49
msg_595,node49,node7,419,695354,695360.0,6.0,,,,9.514124293785311,,49,,5.583333333333333,0,9.514124293785311,283,43,50,49
msg_596,node49,node8,419,695354,695361.0,7.0,,,,9.504225352112677,,49,,6.5,0,9.504225352112677,282,42,50,49
msg_597,node49,node9,419,695354,695361.0,7.0,,,,9.497191011235955,,49,,7.166666666666667,0,9.497191011235955,281,41,50,49
msg_598,node49,node10,420,695354,695359.0,5.0,,,,9.547008547008547,,49,,4.416666666666667,0,9.547008547008547,286,46,50,49
msg_599,node49,node11,420,695354,,,,,,9.846642468239564,,49,,,0,9.846642468239564,760,20,50,49
msg_600,node49,node12,420,695354,,,,,,9.846642468239564,,49,,,0,9.846642468239564,760,20,50,49
msg_601,node49,node13,420,695354,695363.0,9.0,,,,9.481894150417828,,49,,8.083333333333334,0,9.481894150417828,278,38,50,49
msg_602,node49,node14,420,695354,695362.0,8.0,,,,9.490196078431373,,49,,6.25,0,9.490196078431373,280,40,50,49
msg_603,node49,node15,420,695354,695364.0,10.0,,,,9.481994459833794,,49,,8.583333333333334,0,9.481994459833794,276,36,50,49
msg_604,node49,node16,420,695354,,,,,,9.846642468239564,,49,,,0,9.846642468239564,760,20,50,49
msg_605,node49,node17,420,695354,695364.0,10.0,,,,9.48342541436464,,49,,9.333333333333334,0,9.48342541436464,275,35,50,49
msg_606,node49,node18,420,695354,,,,,,9.846642468239564,,49,,,0,9.846642468239564,760,20,50,49
msg_607,node49,node19,420,695354,,,,,,9.846642468239564,,49,,,0,9.846642468239564,760,20,50,49
msg_608,node49,node20,420,695354,695366.0,12.0,,,,9.489010989010989,,49,,10.0,0,9.489010989010989,273,33,50,49
msg_609,node49,node21,420,695354,695362.0,8.0,,,,9.486033519553073,,49,,7.666666666666667,0,9.486033519553073,279,39,50,49
msg_610,node49,node22,420,695354,,,,,,9.846642468239564,,49,,,0,9.846642468239564,760,20,50,49
msg_611,node49,node23,420,695354,,,,,,9.846642468239564,,49,,,0,9.846642468239564,760,20,50,49
msg_612,node49,node24,420,695354,695366.0,12.0,,,,9.495890410958904,,49,,11.0,0,9.495890410958904,272,32,50,49
msg_613,node49,node25,420,695354,695366.0,12.0,,,,9.502732240437158,,49,,11.5,0,9.502732240437158,271,31,50,49
msg_614,node49,node26,420,695354,,,,,,9.846642468239564,,49,,,0,9.846642468239564,760,20,50,49
msg_615,node49,node27,420,695354,695367.0,13.0,,,,9.509536784741144,,49,,12.166666666666666,0,9.509536784741144,270,30,50,49
msg_616,node49,node28,420,695354,,,,,,9.846642468239564,,49,,,0,9.846642468239564,760,20,50,49
msg_617,node49,node29,420,695354,,,,,,9.846642468239564,,49,,,0,9.846642468239564,760,20,50,49
msg_618,node49,node30,420,695354,,,,,,9.846642468239564,,49,,,0,9.846642468239564,760,20,50,49
msg_619,node49,node31,420,695354,695364.0,10.0,,,,9.480555555555556,,49,,10.333333333333334,0,9.480555555555556,277,37,50,49
msg_620,node49,node32,420,695354,695365.0,11.0,,,,9.484848484848484,,49,,10.916666666666666,0,9.484848484848484,274,34,50,49
msg_621,node49,node33,420,695354,695367.0,13.0,,,,9.519021739130435,,49,,12.833333333333334,0,9.519021739130435,269,29,50,49
msg_622,node49,node34,420,695354,,,,,,9.846642468239564,,49,,,0,9.846642468239564,760,20,50,49
msg_623,node49,node35,420,695354,695368.0,14.0,,,,9.528455284552846,,49,,13.333333333333334,0,9.528455284552846,268,28,50,49
msg_624,node49,node36,420,695354,695368.0,14.0,,,,9.54054054054054,,49,,13.583333333333334,0,9.54054054054054,267,27,50,49
msg_625,node49,node37,420,695354,695368.0,14.0,,,,9.55256064690027,,49,,13.916666666666666,0,9.55256064690027,266,26,50,49
msg_626,node49,node38,420,695354,,,,,,9.846642468239564,,49,,,0,9.846642468239564,760,20,50,49
msg_627,node49,node39,420,695354,,,,,,9.846642468239564,,49,,,0,9.846642468239564,760,20,50,49
msg_628,node49,node40,420,695354,695369.0,15.0,,,,9.564516129032258,,49,,14.5,0,9.564516129032258,265,25,50,49
msg_629,node49,node41,420,695354,695369.0,15.0,,,,9.579088471849866,,49,,14.833333333333334,0,9.579088471849866,264,24,50,49
msg_630,node49,node42,420,695354,,,,,,9.846642468239564,,49,,,0,9.846642468239564,760,20,50,49
msg_631,node49,node43,420,695354,,,,,,9.846642468239564,,49,,,0,9.846642468239564,760,20,50,49
msg_632,node49,node44,420,695354,695369.0,15.0,,,,9.593582887700535,,49,,15.166666666666666,0,9.593582887700535,263,23,50,49
msg_633,node49,node45,420,695354,695370.0,16.0,,,,9.608,,49,,15.666666666666666,0,9.608,262,22,50,49
msg_634,node49,node46,420,695354,695370.0,16.0,,,,9.625,,49,,15.916666666666666,0,9.625,261,21,50,49
msg_635,node49,node47,420,695354,,,,,,9.846642468239564,,49,,,0,9.846642468239564,760,20,50,49
msg_636,node49,node48,420,695354,,,,,,9.846642468239564,,49,,,0,9.846642468239564,760,20,50,49
msg_637,node49,node0,419,695482,695484.0,2.0,,,,9.641909814323608,,49,,2.230769230769231,0,9.641909814323608,309,49,50,49
msg_638,node49,node1,419,695482,695485.0,3.0,,,,9.621693121693122,,49,,3.3846153846153846,0,9.621693121693122,308,48,50,49
msg_639,node49,node2,419,695482,695485.0,3.0,,,,9.604221635883905,,49,,3.5384615384615383,0,9.604221635883905,307,47,50,49
msg_640,node49,node3,419,695482,695487.0,5.0,,,,9.586842105263157,,49,,4.923076923076923,0,9.586842105263157,306,46,50,49
msg_641,node49,node4,419,695482,,,,,,9.846642468239564,,49,,,0,9.846642468239564,760,20,50,49
msg_642,node49,node5,419,695482,,,,,,9.846642468239564,,49,,,0,9.846642468239564,760,20,50,49
msg_643,node49,node6,419,695482,695487.0,5.0,,,,9.5748031496063,,49,,5.3076923076923075,0,9.5748031496063,305,45,50,49
msg_644,node49,node7,419,695482,695487.0,5.0,,,,9.56282722513089,,49,,5.615384615384615,0,9.56282722513089,304,44,50,49
msg_645,node49,node8,419,695482,695488.0,6.0,,,,9.5390625,,49,,6.538461538461538,0,9.5390625,302,42,50,49
msg_646,node49,node9,419,695482,695489.0,7.0,,,,9.520725388601036,,49,,7.153846153846154,0,9.520725388601036,300,40,50,49
msg_647,node49,node10,420,695482,695487.0,5.0,,,,9.550913838120104,,49,,4.461538461538462,0,9.550913838120104,303,43,50,49
msg_648,node49,node11,420,695482,,,,,,9.846642468239564,,49,,,0,9.846642468239564,760,20,50,49
msg_649,node49,node12,420,695482,,,,,,9.846642468239564,,49,,,0,9.846642468239564,760,20,50,49
msg_650,node49,node13,420,695482,695489.0,7.0,,,,9.51421188630491,,49,,8.153846153846153,0,9.51421188630491,299,39,50,49
msg_651,node49,node14,420,695482,695488.0,6.0,,,,9.52987012987013,,49,,6.384615384615385,0,9.52987012987013,301,41,50,49
msg_652,node49,node15,420,695482,695490.0,8.0,,,,9.507731958762887,,49,,8.692307692307692,0,9.507731958762887,298,38,50,49
msg_653,node49,node16,420,695482,,,,,,9.846642468239564,,49,,,0,9.846642468239564,760,20,50,49
msg_654,node49,node17,420,695482,695490.0,8.0,,,,9.503856041131105,,49,,9.384615384615385,0,9.503856041131105,297,37,50,49
msg_655,node49,node18,420,695482,,,,,,9.846642468239564,,49,,,0,9.846642468239564,760,20,50,49
msg_656,node49,node19,420,695482,,,,,,9.846642468239564,,49,,,0,9.846642468239564,760,20,50,49
msg_657,node49,node20,420,695482,695492.0,10.0,,,,9.49616368286445,,49,,10.153846153846153,0,9.49616368286445,295,35,50,49
msg_658,node49,node21,420,695482,695490.0,8.0,,,,9.5,,49,,7.6923076923076925,0,9.5,296,36,50,49
msg_659,node49,node22,420,695482,,,,,,9.846642468239564,,49,,,0,9.846642468239564,760,20,50,49
msg_660,node49,node23,420,695482,,,,,,9.846642468239564,,49,,,0,9.846642468239564,760,20,50,49
msg_661,node49,node24,420,695482,695493.0,11.0,,,,9.497448979591837,,49,,11.076923076923077,0,9.497448979591837,294,34,50,49
msg_662,node49,node25,420,695482,695494.0,12.0,,,,9.501272264631043,,49,,11.538461538461538,0,9.501272264631043,293,33,50,49
msg_663,node49,node26,420,695482,,,,,,9.846642468239564,,49,,,0,9.846642468239564,760,20,50,49
msg_664,node49,node27,420,695482,695494.0,12.0,,,,9.51392405063291,,49,,12.23076923076923,0,9.51392405063291,291,31,50,49
msg_665,node49,node28,420,695482,,,,,,9.846642468239564,,49,,,0,9.846642468239564,760,20,50,49
msg_666,node49,node29,420,695482,,,,,,9.846642468239564,,49,,,0,9.846642468239564,760,20,50,49
msg_667,node49,node30,420,695482,,,,,,9.846642468239564,,49,,,0,9.846642468239564,760,20,50,49
msg_668,node49,node31,420,695482,695494.0,12.0,,,,9.50761421319797,,49,,10.307692307692308,0,9.50761421319797,292,32,50,49
msg_669,node49,node32,420,695482,695494.0,12.0,,,,9.52020202020202,,49,,10.923076923076923,0,9.52020202020202,290,30,50,49
msg_670,node49,node33,420,695482,695496.0,14.0,,,,9.526448362720403,,49,,12.846153846153847,0,9.526448362720403,289,29,50,49
msg_671,node49,node34,420,695482,,,,,,9.846642468239564,,49,,,0,9.846642468239564,760,20,50,49
msg_672,node49,node35,420,695482,695496.0,14.0,,,,9.537688442211055,,49,,13.384615384615385,0,9.537688442211055,288,28,50,49
msg_673,node49,node36,420,695482,695496.0,14.0,,,,9.548872180451127,,49,,13.615384615384615,0,9.548872180451127,287,27,50,49
msg_674,node49,node37,420,695482,695497.0,15.0,,,,9.56,,49,,13.923076923076923,0,9.56,286,26,50,49
msg_675,node49,node38,420,695482,,,,,,9.846642468239564,,49,,,0,9.846642468239564,760,20,50,49
msg_676,node49,node39,420,695482,,,,,,9.846642468239564,,49,,,0,9.846642468239564,760,20,50,49
msg_677,node49,node40,420,695482,695497.0,15.0,,,,9.57356608478803,,49,,14.538461538461538,0,9.57356608478803,285,25,50,49
msg_678,node49,node41,420,695482,695498.0,16.0,,,,9.587064676616915,,49,,14.846153846153847,0,9.587064676616915,284,24,50,49
msg_679,node49,node42,420,695482,,,,,,9.846642468239564,,49,,,0,9.846642468239564,760,20,50,49
msg_680,node49,node43,420,695482,,,,,,9.846642468239564,,49,,,0,9.846642468239564,760,20,50,49
msg_681,node49,node44,420,695482,695498.0,16.0,,,,9.602977667493796,,49,,15.153846153846153,0,9.602977667493796,283,23,50,49
msg_682,node49,node45,420,695482,695499.0,17.0,,,,9.618811881188119,,49,,15.692307692307692,0,9.618811881188119,282,22,50,49
msg_683,node49,node46,420,695482,695499.0,17.0,,,,9.637037037037038,,49,,15.923076923076923,0,9.637037037037038,281,21,50,49
msg_684,node49,node47,420,695482,,,,,,9.846642468239564,,49,,,0,9.846642468239564,760,20,50,49
msg_685,node49,node48,420,695482,,,,,,9.846642468239564,,49,,,0,9.846642468239564,760,20,50,49
msg_686,node49,node0,419,730851,730853.0,2.0,,,,9.655172413793103,,49,,2.2142857142857144,0,9.655172413793103,329,49,50,49
msg_687,node49,node1,419,730851,730854.0,3.0,,,,9.636363636363637,,49,,3.357142857142857,0,9.636363636363637,328,48,50,49
msg_688,node49,node2,419,730851,730855.0,4.0,,,,9.620098039215685,,49,,3.5,0,9.620098039215685,327,47,50,49
msg_689,node49,node3,419,730851,730855.0,4.0,,,,9.60635696821516,,49,,4.928571428571429,0,9.60635696821516,326,46,50,49
msg_690,node49,node4,419,730851,,,,,,9.846642468239564,,49,,,0,9.846642468239564,760,20,50,49
msg_691,node49,node5,419,730851,,,,,,9.846642468239564,,49,,,0,9.846642468239564,760,20,50,49
msg_692,node49,node6,419,730851,730856.0,5.0,,,,9.592682926829267,,49,,5.285714285714286,0,9.592682926829267,325,45,50,49
msg_693,node49,node7,419,730851,730856.0,5.0,,,,9.570388349514563,,49,,5.571428571428571,0,9.570388349514563,323,43,50,49
msg_694,node49,node8,419,730851,730858.0,7.0,,,,9.559322033898304,,49,,6.5,0,9.559322033898304,322,42,50,49
msg_695,node49,node9,419,730851,730858.0,7.0,,,,9.553140096618357,,49,,7.142857142857143,0,9.553140096618357,321,41,50,49
msg_696,node49,node10,420,730851,730856.0,5.0,,,,9.581508515815084,,49,,4.5,0,9.581508515815084,324,44,50,49
msg_697,node49,node11,420,730851,,,,,,9.846642468239564,,49,,,0,9.846642468239564,760,20,50,49
msg_698,node49,node12,420,730851,,,,,,9.846642468239564,,49,,,0,9.846642468239564,760,20,50,49
msg_699,node49,node13,420,730851,730858.0,7.0,,,,9.540865384615385,,49,,8.071428571428571,0,9.540865384615385,319,39,50,49
msg_700,node49,node14,420,730851,730858.0,7.0,,,,9.546987951807228,,49,,6.357142857142857,0,9.546987951807228,320,40,50,49
msg_701,node49,node15,420,730851,730860.0,9.0,,,,9.534772182254196,,49,,8.642857142857142,0,9.534772182254196,318,38,50,49
msg_702,node49,node16,420,730851,,,,,,9.846642468239564,,49,,,0,9.846642468239564,760,20,50,49
msg_703,node49,node17,420,730851,730860.0,9.0,,,,9.532219570405728,,49,,9.285714285714286,0,9.532219570405728,316,36,50,49
msg_704,node49,node18,420,730851,,,,,,9.846642468239564,,49,,,0,9.846642468239564,760,20,50,49
msg_705,node49,node19,420,730851,,,,,,9.846642468239564,,49,,,0,9.846642468239564,760,20,50,49
msg_706,node49,node20,420,730851,730862.0,11.0,,,,9.530952380952382,,49,,10.142857142857142,0,9.530952380952382,315,35,50,49
msg_707,node49,node21,420,730851,730860.0,9.0,,,,9.533492822966506,,49,,7.714285714285714,0,9.533492822966506,317,37,50,49
msg_708,node49,node22,420,730851,,,,,,9.846642468239564,,49,,,0,9.846642468239564,760,20,50,49
msg_709,node49,node23,420,730851,,,,,,9.846642468239564,,49,,,0,9.846642468239564,760,20,50,49
msg_710,node49,node24,420,730851,730862.0,11.0,,,,9.534441805225653,,49,,11.071428571428571,0,9.534441805225653,314,34,50,49
msg_711,node49,node25,420,730851,730863.0,12.0,,,,9.537914691943127,,49,,11.571428571428571,0,9.537914691943127,313,33,50,49
msg_712,node49,node26,420,730851,,,,,,9.846642468239564,,49,,,0,9.846642468239564,760,20,50,49
msg_713,node49,node27,420,730851,730863.0,12.0,,,,9.549528301886792,,49,,12.214285714285714,0,9.549528301886792,311,31,50,49
msg_714,node49,node28,420,730851,,,,,,9.846642468239564,,49,,,0,9.846642468239564,760,20,50,49
msg_715,node49,node29,420,730851,,,,,,9.846642468239564,,49,,,0,9.846642468239564,760,20,50,49
msg_716,node49,node30,420,730851,,,,,,9.846642468239564,,49,,,0,9.846642468239564,760,20,50,49
msg_717,node49,node31,420,730851,730863.0,12.0,,,,9.543735224586289,,49,,10.428571428571429,0,9.543735224586289,312,32,50,49
msg_718,node49,node32,420,730851,730864.0,13.0,,,,9.555294117647058,,49,,11.0,0,9.555294117647058,310,30,50,49
msg_719,node49,node33,420,730851,730865.0,14.0,,,,9.56338028169014,,49,,12.928571428571429,0,9.56338028169014,309,29,50,49
msg_720,node49,node34,420,730851,,,,,,9.846642468239564,,49,,,0,9.846642468239564,760,20,50,49
msg_721,node49,node35,420,730851,730865.0,14.0,,,,9.573770491803279,,49,,13.428571428571429,0,9.573770491803279,308,28,50,49
msg_722,node49,node36,420,730851,730865.0,14.0,,,,9.58411214953271,,49,,13.642857142857142,0,9.58411214953271,307,27,50,49
msg_723,node49,node37,420,730851,730866.0,15.0,,,,9.594405594405595,,49,,14.0,0,9.594405594405595,306,26,50,49
msg_724,node49,node38,420,730851,,,,,,9.846642468239564,,49,,,0,9.846642468239564,760,20,50,49
msg_725,node49,node39,420,730851,,,,,,9.846642468239564,,49,,,0,9.846642468239564,760,20,50,49
msg_726,node49,node40,420,730851,730866.0,15.0,,,,9.606976744186046,,49,,14.571428571428571,0,9.606976744186046,305,25,50,49
msg_727,node49,node41,420,730851,730867.0,16.0,,,,9.619489559164734,,49,,14.928571428571429,0,9.619489559164734,304,24,50,49
msg_728,node49,node42,420,730851,,,,,,9.846642468239564,,49,,,0,9.846642468239564,760,20,50,49
msg_729,node49,node43,420,730851,,,,,,9.846642468239564,,49,,,0,9.846642468239564,760,20,50,49
msg_730,node49,node44,420,730851,730867.0,16.0,,,,9.63425925925926,,49,,15.214285714285714,0,9.63425925925926,303,23,50,49
msg_731,node49,node45,420,730851,730867.0,16.0,,,,9.648960739030024,,49,,15.785714285714286,0,9.648960739030024,302,22,50,49
msg_732,node49,node46,420,730851,730868.0,17.0,,,,9.663594470046084,,49,,16.0,0,9.663594470046084,301,21,50,49
msg_733,node49,node47,420,730851,,,,,,9.846642468239564,,49,,,0,9.846642468239564,760,20,50,49
msg_734,node49,node48,420,730851,,,,,,9.846642468239564,,49,,,0,9.846642468239564,760,20,50,49
msg_735,node49,node0,419,807560,807562.0,2.0,,,,9.680459770114943,,49,,2.2,0,9.680459770114943,349,49,50,49
msg_736,node49,node1,419,807560,807563.0,3.0,,,,9.662844036697248,,49,,3.3333333333333335,0,9.662844036697248,348,48,50,49
msg_737,node49,node2,419,807560,807563.0,3.0,,,,9.647597254004577,,49,,3.533333333333333,0,9.647597254004577,347,47,50,49
msg_738,node49,node3,419,807560,807564.0,4.0,,,,9.617312072892938,,49,,4.866666666666666,0,9.617312072892938,345,45,50,49
msg_739,node49,node4,419,807560,,,,,,9.846642468239564,,49,,,0,9.846642468239564,760,20,50,49
msg_740,node49,node5,419,807560,,,,,,9.846642468239564,,49,,,0,9.846642468239564,760,20,50,49
msg_741,node49,node6,419,807560,807564.0,4.0,,,,9.604545454545455,,49,,5.266666666666667,0,9.604545454545455,344,44,50,49
msg_742,node49,node7,419,807560,807565.0,5.0,,,,9.591836734693878,,49,,5.533333333333333,0,9.591836734693878,343,43,50,49
msg_743,node49,node8,419,807560,807565.0,5.0,,,,9.581447963800905,,49,,6.533333333333333,0,9.581447963800905,342,42,50,49
msg_744,node49,node9,419,807560,807565.0,5.0,,,,9.571106094808126,,49,,7.133333333333334,0,9.571106094808126,341,41,50,49
msg_745,node49,node10,420,807560,807563.0,3.0,,,,9.632420091324201,,49,,4.533333333333333,0,9.632420091324201,346,46,50,49
msg_746,node49,node11,420,807560,,,,,,9.846642468239564,,49,,,0,9.846642468239564,760,20,50,49
msg_747,node49,node12,420,807560,,,,,,9.846642468239564,,49,,,0,9.846642468239564,760,20,50,49
msg_748,node49,node13,420,807560,807569.0,9.0,,,,9.535714285714286,,49,,8.0,0,9.535714285714286,336,36,50,49
msg_749,node49,node14,420,807560,807566.0,6.0,,,,9.56081081081081,,49,,6.4,0,9.56081081081081,340,40,50,49
msg_750,node49,node15,420,807560,807569.0,9.0,,,,9.534521158129175,,49,,8.666666666666666,0,9.534521158129175,335,35,50,49
msg_751,node49,node16,420,807560,,,,,,9.846642468239564,,49,,,0,9.846642468239564,760,20,50,49
msg_752,node49,node17,420,807560,807570.0,10.0,,,,9.533333333333333,,49,,9.266666666666667,0,9.533333333333333,334,34,50,49
msg_753,node49,node18,420,807560,,,,,,9.846642468239564,,49,,,0,9.846642468239564,760,20,50,49
msg_754,node49,node19,420,807560,,,,,,9.846642468239564,,49,,,0,9.846642468239564,760,20,50,49
msg_755,node49,node20,420,807560,807570.0,10.0,,,,9.534368070953438,,49,,10.2,0,9.534368070953438,333,33,50,49
msg_756,node49,node21,420,807560,807567.0,7.0,,,,9.552808988764045,,49,,7.8,0,9.552808988764045,339,39,50,49
msg_757,node49,node22,420,807560,,,,,,9.846642468239564,,49,,,0,9.846642468239564,760,20,50,49
msg_758,node49,node23,420,807560,,,,,,9.846642468239564,,49,,,0,9.846642468239564,760,20,50,49
msg_759,node49,node24,420,807560,807570.0,10.0,,,,9.535398230088495,,49,,11.066666666666666,0,9.535398230088495,332,32,50,49
msg_760,node49,node25,420,807560,807571.0,11.0,,,,9.536423841059603,,49,,11.6,0,9.536423841059603,331,31,50,49
msg_761,node49,node26,420,807560,,,,,,9.846642468239564,,49,,,0,9.846642468239564,760,20,50,49
msg_762,node49,node27,420,807560,807571.0,11.0,,,,9.539647577092511,,49,,12.2,0,9.539647577092511,330,30,50,49
msg_763,node49,node28,420,807560,,,,,,9.846642468239564,,49,,,0,9.846642468239564,760,20,50,49
msg_764,node49,node29,420,807560,,,,,,9.846642468239564,,49,,,0,9.846642468239564,760,20,50,49
msg_765,node49,node30,420,807560,,,,,,9.846642468239564,,49,,,0,9.846642468239564,760,20,50,49
msg_766,node49,node31,420,807560,807567.0,7.0,,,,9.547085201793722,,49,,10.533333333333333,0,9.547085201793722,338,38,50,49
msg_767,node49,node32,420,807560,807567.0,7.0,,,,9.5413870246085,,49,,11.133333333333333,0,9.5413870246085,337,37,50,49
msg_768,node49,node33,420,807560,807571.0,11.0,,,,9.542857142857143,,49,,13.0,0,9.542857142857143,329,29,50,49
msg_769,node49,node34,420,807560,,,,,,9.846642468239564,,49,,,0,9.846642468239564,760,20,50,49
msg_770,node49,node35,420,807560,807572.0,12.0,,,,9.546052631578947,,49,,13.466666666666667,0,9.546052631578947,328,28,50,49
msg_771,node49,node36,420,807560,807572.0,12.0,,,,9.551422319474836,,49,,13.666666666666666,0,9.551422319474836,327,27,50,49
msg_772,node49,node37,420,807560,807573.0,13.0,,,,9.556768558951966,,49,,14.066666666666666,0,9.556768558951966,326,26,50,49
msg_773,node49,node38,420,807560,,,,,,9.846642468239564,,49,,,0,9.846642468239564,760,20,50,49
msg_774,node49,node39,420,807560,,,,,,9.846642468239564,,49,,,0,9.846642468239564,760,20,50,49
msg_775,node49,node40,420,807560,807573.0,13.0,,,,9.564270152505447,,49,,14.6,0,9.564270152505447,325,25,50,49
msg_776,node49,node41,420,807560,807573.0,13.0,,,,9.571739130434782,,49,,15.0,0,9.571739130434782,324,24,50,49
msg_777,node49,node42,420,807560,,,,,,9.846642468239564,,49,,,0,9.846642468239564,760,20,50,49
msg_778,node49,node43,420,807560,,,,,,9.846642468239564,,49,,,0,9.846642468239564,760,20,50,49
msg_779,node49,node44,420,807560,807574.0,14.0,,,,9.579175704989154,,49,,15.266666666666667,0,9.579175704989154,323,23,50,49
msg_780,node49,node45,420,807560,807574.0,14.0,,,,9.58874458874459,,49,,15.8,0,9.58874458874459,322,22,50,49
msg_781,node49,node46,420,807560,807574.0,14.0,,,,9.59827213822894,,49,,16.066666666666666,0,9.59827213822894,321,21,50,49
msg_782,node49,node47,420,807560,,,,,,9.846642468239564,,49,,,0,9.846642468239564,760,20,50,49
msg_783,node49,node48,420,807560,,,,,,9.846642468239564,,49,,,0,9.846642468239564,760,20,50,49
msg_784,node49,node0,419,823144,823147.0,3.0,,,,9.607758620689655,,49,,2.1875,0,9.607758620689655,369,49,50,49
msg_785,node49,node1,419,823144,823148.0,4.0,,,,9.593548387096774,,49,,3.3125,0,9.593548387096774,368,48,50,49
msg_786,node49,node2,419,823144,823148.0,4.0,,,,9.581545064377682,,49,,3.5,0,9.581545064377682,367,47,50,49
msg_787,node49,node3,419,823144,823148.0,4.0,,,,9.569593147751606,,49,,4.8125,0,9.569593147751606,366,46,50,49
msg_788,node49,node4,419,823144,,,,,,9.846642468239564,,49,,,0,9.846642468239564,760,20,50,49
msg_789,node49,node5,419,823144,,,,,,9.846642468239564,,49,,,0,9.846642468239564,760,20,50,49
msg_790,node49,node6,419,823144,823149.0,5.0,,,,9.557692307692308,,49,,5.1875,0,9.557692307692308,365,45,50,49
msg_791,node49,node7,419,823144,823149.0,5.0,,,,9.547974413646056,,49,,5.5,0,9.547974413646056,364,44,50,49
msg_792,node49,node8,419,823144,823150.0,6.0,,,,9.538297872340426,,49,,6.4375,0,9.538297872340426,363,43,50,49
msg_793,node49,node9,419,823144,823153.0,9.0,,,,9.51157894736842,,49,,7.0,0,9.51157894736842,358,38,50,49
msg_794,node49,node10,420,823144,823151.0,7.0,,,,9.530785562632696,,49,,4.4375,0,9.530785562632696,362,42,50,49
msg_795,node49,node11,420,823144,,,,,,9.846642468239564,,49,,,0,9.846642468239564,760,20,50,49
msg_796,node49,node12,420,823144,,,,,,9.846642468239564,,49,,,0,9.846642468239564,760,20,50,49
msg_797,node49,node13,420,823144,823154.0,10.0,,,,9.50943396226415,,49,,8.0625,0,9.50943396226415,356,36,50,49
msg_798,node49,node14,420,823144,823151.0,7.0,,,,9.525423728813559,,49,,6.375,0,9.525423728813559,361,41,50,49
msg_799,node49,node15,420,823144,823154.0,10.0,,,,9.510460251046025,,49,,8.6875,0,9.510460251046025,355,35,50,49
msg_800,node49,node16,420,823144,,,,,,9.846642468239564,,49,,,0,9.846642468239564,760,20,50,49
msg_801,node49,node17,420,823144,823155.0,11.0,,,,9.511482254697286,,49,,9.3125,0,9.511482254697286,354,34,50,49
msg_802,node49,node18,420,823144,,,,,,9.846642468239564,,49,,,0,9.846642468239564,760,20,50,49
msg_803,node49,node19,420,823144,,,,,,9.846642468239564,,49,,,0,9.846642468239564,760,20,50,49
msg_804,node49,node20,420,823144,823155.0,11.0,,,,9.514583333333333,,49,,10.1875,0,9.514583333333333,353,33,50,49
msg_805,node49,node21,420,823144,823151.0,7.0,,,,9.520084566596195,,49,,7.75,0,9.520084566596195,360,40,50,49
msg_806,node49,node22,420,823144,,,,,,9.846642468239564,,49,,,0,9.846642468239564,760,20,50,49
msg_807,node49,node23,420,823144,,,,,,9.846642468239564,,49,,,0,9.846642468239564,760,20,50,49
msg_808,node49,node24,420,823144,823155.0,11.0,,,,9.517671517671518,,49,,11.0,0,9.517671517671518,352,32,50,49
msg_809,node49,node25,420,823144,823156.0,12.0,,,,9.520746887966805,,49,,11.5625,0,9.520746887966805,351,31,50,49
msg_810,node49,node26,420,823144,,,,,,9.846642468239564,,49,,,0,9.846642468239564,760,20,50,49
msg_811,node49,node27,420,823144,823156.0,12.0,,,,9.525879917184264,,49,,12.125,0,9.525879917184264,350,30,50,49
msg_812,node49,node28,420,823144,,,,,,9.846642468239564,,49,,,0,9.846642468239564,760,20,50,49
msg_813,node49,node29,420,823144,,,,,,9.846642468239564,,49,,,0,9.846642468239564,760,20,50,49
msg_814,node49,node30,420,823144,,,,,,9.846642468239564,,49,,,0,9.846642468239564,760,20,50,49
msg_815,node49,node31,420,823144,823152.0,8.0,,,,9.514767932489452,,49,,10.3125,0,9.514767932489452,359,39,50,49
msg_816,node49,node32,420,823144,823153.0,9.0,,,,9.510504201680673,,49,,10.875,0,9.510504201680673,357,37,50,49
msg_817,node49,node33,420,823144,823156.0,12.0,,,,9.53099173553719,,49,,12.875,0,9.53099173553719,349,29,50,49
msg_818,node49,node34,420,823144,,,,,,9.846642468239564,,49,,,0,9.846642468239564,760,20,50,49
msg_819,node49,node35,420,823144,823157.0,13.0,,,,9.536082474226804,,49,,13.375,0,9.536082474226804,348,28,50,49
msg_820,node49,node36,420,823144,823157.0,13.0,,,,9.54320987654321,,49,,13.5625,0,9.54320987654321,347,27,50,49
msg_821,node49,node37,420,823144,823158.0,14.0,,,,9.550308008213552,,49,,14.0,0,9.550308008213552,346,26,50,49
msg_822,node49,node38,420,823144,,,,,,9.846642468239564,,49,,,0,9.846642468239564,760,20,50,49
msg_823,node49,node39,420,823144,,,,,,9.846642468239564,,49,,,0,9.846642468239564,760,20,50,49
msg_824,node49,node40,420,823144,823158.0,14.0,,,,9.559426229508198,,49,,14.5,0,9.559426229508198,345,25,50,49
msg_825,node49,node41,420,823144,823158.0,14.0,,,,9.568507157464213,,49,,14.875,0,9.568507157464213,344,24,50,49
msg_826,node49,node42,420,823144,,,,,,9.846642468239564,,49,,,0,9.846642468239564,760,20,50,49
msg_827,node49,node43,420,823144,,,,,,9.846642468239564,,49,,,0,9.846642468239564,760,20,50,49
msg_828,node49,node44,420,823144,823159.0,15.0,,,,9.577551020408164,,49,,15.1875,0,9.577551020408164,343,23,50,49
msg_829,node49,node45,420,823144,823159.0,15.0,,,,9.588594704684319,,49,,15.6875,0,9.588594704684319,342,22,50,49
msg_830,node49,node46,420,823144,823159.0,15.0,,,,9.59959349593496,,49,,15.9375,0,9.59959349593496,341,21,50,49
msg_831,node49,node47,420,823144,,,,,,9.846642468239564,,49,,,0,9.846642468239564,760,20,50,49
msg_832,node49,node48,420,823144,,,,,,9.846642468239564,,49,,,0,9.846642468239564,760,20,50,49
msg_833,node49,node0,419,997467,997470.0,3.0,,,,9.610547667342798,,49,,2.235294117647059,0,9.610547667342798,389,49,50,49
msg_834,node49,node1,419,997467,997470.0,3.0,,,,9.597165991902834,,49,,3.3529411764705883,0,9.597165991902834,388,48,50,49
msg_835,node49,node2,419,997467,997470.0,3.0,,,,9.583838383838383,,49,,3.5294117647058822,0,9.583838383838383,387,47,50,49
msg_836,node49,node3,419,997467,997471.0,4.0,,,,9.557344064386317,,49,,4.764705882352941,0,9.557344064386317,385,45,50,49
msg_837,node49,node4,419,997467,,,,,,9.846642468239564,,49,,,0,9.846642468239564,760,20,50,49
msg_838,node49,node5,419,997467,,,,,,9.846642468239564,,49,,,0,9.846642468239564,760,20,50,49
msg_839,node49,node6,419,997467,997471.0,4.0,,,,9.546184738955823,,49,,5.176470588235294,0,9.546184738955823,384,44,50,49
msg_840,node49,node7,419,997467,997472.0,5.0,,,,9.535070140280562,,49,,5.470588235294118,0,9.535070140280562,383,43,50,49
msg_841,node49,node8,419,997467,997472.0,5.0,,,,9.526,,49,,6.411764705882353,0,9.526,382,42,50,49
msg_842,node49,node9,419,997467,997473.0,6.0,,,,9.51696606786427,,49,,7.117647058823529,0,9.51696606786427,381,41,50,49
msg_843,node49,node10,420,997467,997470.0,3.0,,,,9.570564516129032,,49,,4.588235294117647,0,9.570564516129032,386,46,50,49
msg_844,node49,node11,420,997467,,,,,,9.846642468239564,,49,,,0,9.846642468239564,760,20,50,49
msg_845,node49,node12,420,997467,,,,,,9.846642468239564,,49,,,0,9.846642468239564,760,20,50,49
msg_846,node49,node13,420,997467,997473.0,6.0,,,,9.50996015936255,,49,,8.176470588235293,0,9.50996015936255,380,40,50,49
msg_847,node49,node14,420,997467,997474.0,7.0,,,,9.502982107355864,,49,,6.411764705882353,0,9.502982107355864,379,39,50,49
msg_848,node49,node15,420,997467,997476.0,9.0,,,,9.487179487179487,,49,,8.764705882352942,0,9.487179487179487,375,35,50,49
msg_849,node49,node16,420,997467,,,,,,9.846642468239564,,49,,,0,9.846642468239564,760,20,50,49
msg_850,node49,node17,420,997467,997477.0,10.0,,,,9.486220472440944,,49,,9.411764705882353,0,9.486220472440944,374,34,50,49
msg_851,node49,node18,420,997467,,,,,,9.846642468239564,,49,,,0,9.846642468239564,760,20,50,49
msg_852,node49,node19,420,997467,,,,,,9.846642468239564,,49,,,0,9.846642468239564,760,20,50,49
msg_853,node49,node20,420,997467,997477.0,10.0,,,,9.487229862475441,,49,,10.235294117647058,0,9.487229862475441,373,33,50,49
msg_854,node49,node21,420,997467,997474.0,7.0,,,,9.498015873015873,,49,,7.705882352941177,0,9.498015873015873,378,38,50,49
msg_855,node49,node22,420,997467,,,,,,9.846642468239564,,49,,,0,9.846642468239564,760,20,50,49
msg_856,node49,node23,420,997467,,,,,,9.846642468239564,,49,,,0,9.846642468239564,760,20,50,49
msg_857,node49,node24,420,997467,997477.0,10.0,,,,9.488235294117647,,49,,11.0,0,9.488235294117647,372,32,50,49
msg_858,node49,node25,420,997467,997478.0,11.0,,,,9.489236790606654,,49,,11.588235294117647,0,9.489236790606654,371,31,50,49
msg_859,node49,node26,420,997467,,,,,,9.846642468239564,,49,,,0,9.846642468239564,760,20,50,49
msg_860,node49,node27,420,997467,997478.0,11.0,,,,9.4921875,,49,,12.117647058823529,0,9.4921875,370,30,50,49
msg_861,node49,node28,420,997467,,,,,,9.846642468239564,,49,,,0,9.846642468239564,760,20,50,49
msg_862,node49,node29,420,997467,,,,,,9.846642468239564,,49,,,0,9.846642468239564,760,20,50,49
msg_863,node49,node30,420,997467,,,,,,9.846642468239564,,49,,,0,9.846642468239564,760,20,50,49
msg_864,node49,node31,420,997467,997475.0,8.0,,,,9.493069306930693,,49,,10.176470588235293,0,9.493069306930693,377,37,50,49
msg_865,node49,node32,420,997467,997475.0,8.0,,,,9.4901185770751,,49,,10.764705882352942,0,9.4901185770751,376,36,50,49
msg_866,node49,node33,420,997467,997478.0,11.0,,,,9.495126705653021,,49,,12.823529411764707,0,9.495126705653021,369,29,50,49
msg_867,node49,node34,420,997467,,,,,,9.846642468239564,,49,,,0,9.846642468239564,760,20,50,49
msg_868,node49,node35,420,997467,997479.0,12.0,,,,9.498054474708171,,49,,13.352941176470589,0,9.498054474708171,368,28,50,49
msg_869,node49,node36,420,997467,997479.0,12.0,,,,9.502912621359224,,49,,13.529411764705882,0,9.502912621359224,367,27,50,49
msg_870,node49,node37,420,997467,997480.0,13.0,,,,9.507751937984496,,49,,14.0,0,9.507751937984496,366,26,50,49
msg_871,node49,node38,420,997467,,,,,,9.846642468239564,,49,,,0,9.846642468239564,760,20,50,49
msg_872,node49,node39,420,997467,,,,,,9.846642468239564,,49,,,0,9.846642468239564,760,20,50,49
msg_873,node49,node40,420,997467,997480.0,13.0,,,,9.51450676982592,,49,,14.470588235294118,0,9.51450676982592,365,25,50,49
msg_874,node49,node41,420,997467,997480.0,13.0,,,,9.521235521235521,,49,,14.823529411764707,0,9.521235521235521,364,24,50,49
msg_875,node49,node42,420,997467,,,,,,9.846642468239564,,49,,,0,9.846642468239564,760,20,50,49
msg_876,node49,node43,420,997467,,,,,,9.846642468239564,,49,,,0,9.846642468239564,760,20,50,49
msg_877,node49,node44,420,997467,997481.0,14.0,,,,9.527938342967245,,49,,15.176470588235293,0,9.527938342967245,363,23,50,49
msg_878,node49,node45,420,997467,997481.0,14.0,,,,9.536538461538461,,49,,15.647058823529411,0,9.536538461538461,362,22,50,49
msg_879,node49,node46,420,997467,997481.0,14.0,,,,9.54510556621881,,49,,15.882352941176471,0,9.54510556621881,361,21,50,49
msg_880,node49,node47,420,997467,,,,,,9.846642468239564,,49,,,0,9.846642468239564,760,20,50,49
msg_881,node49,node48,420,997467,,,,,,9.846642468239564,,49,,,0,9.846642468239564,760,20,50,49
msg_882,node49,node0,419,1136483,1136486.0,3.0,,,,9.553639846743295,,49,,2.2777777777777777,0,9.553639846743295,409,49,50,49
msg_883,node49,node1,419,1136483,1136487.0,4.0,,,,9.54110898661568,,49,,3.3333333333333335,0,9.54110898661568,408,48,50,49
msg_884,node49,node2,419,1136483,1136487.0,4.0,,,,9.530534351145038,,49,,3.5,0,9.530534351145038,407,47,50,49
msg_885,node49,node3,419,1136483,1136489.0,6.0,,,,9.52,,49,,4.722222222222222,0,9.52,406,46,50,49
msg_886,node49,node4,419,1136483,,,,,,9.846642468239564,,49,,,0,9.846642468239564,760,20,50,49
msg_887,node49,node5,419,1136483,,,,,,9.846642468239564,,49,,,0,9.846642468239564,760,20,50,49
msg_888,node49,node6,419,1136483,1136489.0,6.0,,,,9.513307984790874,,49,,5.111111111111111,0,9.513307984790874,405,45,50,49
msg_889,node49,node7,419,1136483,1136489.0,6.0,,,,9.506641366223908,,49,,5.444444444444445,0,9.506641366223908,404,44,50,49
msg_890,node49,node8,419,1136483,1136490.0,7.0,,,,9.493383742911153,,49,,6.333333333333333,0,9.493383742911153,402,42,50,49
msg_891,node49,node9,419,1136483,1136491.0,8.0,,,,9.483992467043315,,49,,7.055555555555555,0,9.483992467043315,400,40,50,49
msg_892,node49,node10,420,1136483,1136489.0,6.0,,,,9.5,,49,,4.5,0,9.5,403,43,50,49
msg_893,node49,node11,420,1136483,,,,,,9.846642468239564,,49,,,0,9.846642468239564,760,20,50,49
msg_894,node49,node12,420,1136483,,,,,,9.846642468239564,,49,,,0,9.846642468239564,760,20,50,49
msg_895,node49,node13,420,1136483,1136491.0,8.0,,,,9.481203007518797,,49,,8.055555555555555,0,9.481203007518797,399,39,50,49
msg_896,node49,node14,420,1136483,1136490.0,7.0,,,,9.488679245283018,,49,,6.444444444444445,0,9.488679245283018,401,41,50,49
msg_897,node49,node15,420,1136483,1136492.0,9.0,,,,9.47842401500938,,49,,8.777777777777779,0,9.47842401500938,398,38,50,49
msg_898,node49,node16,420,1136483,,,,,,9.846642468239564,,49,,,0,9.846642468239564,760,20,50,49
msg_899,node49,node17,420,1136483,1136494.0,11.0,,,,9.476635514018692,,49,,9.444444444444445,0,9.476635514018692,396,36,50,49
msg_900,node49,node18,420,1136483,,,,,,9.846642468239564,,49,,,0,9.846642468239564,760,20,50,49
msg_901,node49,node19,420,1136483,,,,,,9.846642468239564,,49,,,0,9.846642468239564,760,20,50,49
msg_902,node49,node20,420,1136483,1136494.0,11.0,,,,9.479477611940299,,49,,10.222222222222221,0,9.479477611940299,395,35,50,49
msg_903,node49,node21,420,1136483,1136492.0,9.0,,,,9.47752808988764,,49,,7.666666666666667,0,9.47752808988764,397,37,50,49
msg_904,node49,node22,420,1136483,,,,,,9.846642468239564,,49,,,0,9.846642468239564,760,20,50,49
msg_905,node49,node23,420,1136483,,,,,,9.846642468239564,,49,,,0,9.846642468239564,760,20,50,49
msg_906,node49,node24,420,1136483,1136495.0,12.0,,,,9.482309124767225,,49,,10.944444444444445,0,9.482309124767225,394,34,50,49
msg_907,node49,node25,420,1136483,1136496.0,13.0,,,,9.486988847583643,,49,,11.555555555555555,0,9.486988847583643,393,33,50,49
msg_908,node49,node26,420,1136483,,,,,,9.846642468239564,,49,,,0,9.846642468239564,760,20,50,49
msg_909,node49,node27,420,1136483,1136496.0,13.0,,,,9.5,,49,,12.055555555555555,0,9.5,391,31,50,49
msg_910,node49,node28,420,1136483,,,,,,9.846642468239564,,49,,,0,9.846642468239564,760,20,50,49
msg_911,node49,node29,420,1136483,,,,,,9.846642468239564,,49,,,0,9.846642468239564,760,20,50,49
msg_912,node49,node30,420,1136483,,,,,,9.846642468239564,,49,,,0,9.846642468239564,760,20,50,49
msg_913,node49,node31,420,1136483,1136496.0,13.0,,,,9.493506493506494,,49,,10.055555555555555,0,9.493506493506494,392,32,50,49
msg_914,node49,node32,420,1136483,1136496.0,13.0,,,,9.506469500924215,,49,,10.61111111111111,0,9.506469500924215,390,30,50,49
msg_915,node49,node33,420,1136483,1136498.0,15.0,,,,9.512915129151292,,49,,12.722222222222221,0,9.512915129151292,389,29,50,49
msg_916,node49,node34,420,1136483,,,,,,9.846642468239564,,49,,,0,9.846642468239564,760,20,50,49
msg_917,node49,node35,420,1136483,1136498.0,15.0,,,,9.523020257826888,,49,,13.277777777777779,0,9.523020257826888,388,28,50,49
msg_918,node49,node36,420,1136483,1136499.0,16.0,,,,9.533088235294118,,49,,13.444444444444445,0,9.533088235294118,387,27,50,49
msg_919,node49,node37,420,1136483,1136499.0,16.0,,,,9.544954128440367,,49,,13.944444444444445,0,9.544954128440367,386,26,50,49
msg_920,node49,node38,420,1136483,,,,,,9.846642468239564,,49,,,0,9.846642468239564,760,20,50,49
msg_921,node49,node39,420,1136483,,,,,,9.846642468239564,,49,,,0,9.846642468239564,760,20,50,49
msg_922,node49,node40,420,1136483,1136500.0,17.0,,,,9.556776556776557,,49,,14.38888888888889,0,9.556776556776557,385,25,50,49
msg_923,node49,node41,420,1136483,1136500.0,17.0,,,,9.570383912248628,,49,,14.722222222222221,0,9.570383912248628,384,24,50,49
msg_924,node49,node42,420,1136483,,,,,,9.846642468239564,,49,,,0,9.846642468239564,760,20,50,49
msg_925,node49,node43,420,1136483,,,,,,9.846642468239564,,49,,,0,9.846642468239564,760,20,50,49
msg_926,node49,node44,420,1136483,1136500.0,17.0,,,,9.583941605839415,,49,,15.11111111111111,0,9.583941605839415,383,23,50,49
msg_927,node49,node45,420,1136483,1136501.0,18.0,,,,9.597449908925318,,49,,15.555555555555555,0,9.597449908925318,382,22,50,49
msg_928,node49,node46,420,1136483,1136501.0,18.0,,,,9.612727272727273,,49,,15.777777777777779,0,9.612727272727273,381,21,50,49
msg_929,node49,node47,420,1136483,,,,,,9.846642468239564,,49,,,0,9.846642468239564,760,20,50,49
msg_930,node49,node48,420,1136483,,,,,,9.846642468239564,,49,,,0,9.846642468239564,760,20,50,49
msg_931,node49,node0,419,1138347,1138350.0,3.0,,,,9.627949183303086,,49,,2.3157894736842106,0,9.627949183303086,429,49,50,49
msg_932,node49,node1,419,1138347,1138351.0,4.0,,,,9.615942028985508,,49,,3.3684210526315788,0,9.615942028985508,428,48,50,49
msg_933,node49,node2,419,1138347,1138351.0,4.0,,,,9.605786618444846,,49,,3.526315789473684,0,9.605786618444846,427,47,50,49
msg_934,node49,node3,419,1138347,1138353.0,6.0,,,,9.5956678700361,,49,,4.7894736842105265,0,9.5956678700361,426,46,50,49
msg_935,node49,node4,419,1138347,,,,,,9.846642468239564,,49,,,0,9.846642468239564,760,20,50,49
msg_936,node49,node5,419,1138347,,,,,,9.846642468239564,,49,,,0,9.846642468239564,760,20,50,49
msg_937,node49,node6,419,1138347,1138353.0,6.0,,,,9.58918918918919,,49,,5.157894736842105,0,9.58918918918919,425,45,50,49
msg_938,node49,node7,419,1138347,1138353.0,6.0,,,,9.582733812949641,,49,,5.473684210526316,0,9.582733812949641,424,44,50,49
msg_939,node49,node8,419,1138347,1138354.0,7.0,,,,9.56989247311828,,49,,6.368421052631579,0,9.56989247311828,422,42,50,49
msg_940,node49,node9,419,1138347,1138355.0,8.0,,,,9.560714285714285,,49,,7.105263157894737,0,9.560714285714285,420,40,50,49
msg_941,node49,node10,420,1138347,1138353.0,6.0,,,,9.576301615798922,,49,,4.578947368421052,0,9.576301615798922,423,43,50,49
msg_942,node49,node11,420,1138347,,,,,,9.846642468239564,,49,,,0,9.846642468239564,760,20,50,49
msg_943,node49,node12,420,1138347,,,,,,9.846642468239564,,49,,,0,9.846642468239564,760,20,50,49
msg_944,node49,node13,420,1138347,1138355.0,8.0,,,,9.557932263814617,,49,,8.052631578947368,0,9.557932263814617,419,39,50,49
msg_945,node49,node14,420,1138347,1138354.0,7.0,,,,9.565295169946333,,49,,6.473684210526316,0,9.565295169946333,421,41,50,49
msg_946,node49,node15,420,1138347,1138356.0,9.0,,,,9.555160142348754,,49,,8.789473684210526,0,9.555160142348754,418,38,50,49
msg_947,node49,node16,420,1138347,,,,,,9.846642468239564,,49,,,0,9.846642468239564,760,20,50,49
msg_948,node49,node17,420,1138347,1138357.0,10.0,,,,9.554174067495559,,49,,9.526315789473685,0,9.554174067495559,417,37,50,49
msg_949,node49,node18,420,1138347,,,,,,9.846642468239564,,49,,,0,9.846642468239564,760,20,50,49
msg_950,node49,node19,420,1138347,,,,,,9.846642468239564,,49,,,0,9.846642468239564,760,20,50,49
msg_951,node49,node20,420,1138347,1138359.0,12.0,,,,9.55575221238938,,49,,10.263157894736842,0,9.55575221238938,415,35,50,49
msg_952,node49,node21,420,1138347,1138357.0,10.0,,,,9.554964539007091,,49,,7.7368421052631575,0,9.554964539007091,416,36,50,49
msg_953,node49,node22,420,1138347,,,,,,9.846642468239564,,49,,,0,9.846642468239564,760,20,50,49
msg_954,node49,node23,420,1138347,,,,,,9.846642468239564,,49,,,0,9.846642468239564,760,20,50,49
msg_955,node49,node24,420,1138347,1138360.0,13.0,,,,9.560070671378092,,49,,11.0,0,9.560070671378092,414,34,50,49
msg_956,node49,node25,420,1138347,1138361.0,14.0,,,,9.566137566137566,,49,,11.631578947368421,0,9.566137566137566,413,33,50,49
msg_957,node49,node26,420,1138347,,,,,,9.846642468239564,,49,,,0,9.846642468239564,760,20,50,49
msg_958,node49,node27,420,1138347,1138361.0,14.0,,,,9.581722319859402,,49,,12.105263157894736,0,9.581722319859402,411,31,50,49
msg_959,node49,node28,420,1138347,,,,,,9.846642468239564,,49,,,0,9.846642468239564,760,20,50,49
msg_960,node49,node29,420,1138347,,,,,,9.846642468239564,,49,,,0,9.846642468239564,760,20,50,49
msg_961,node49,node30,420,1138347,,,,,,9.846642468239564,,49,,,0,9.846642468239564,760,20,50,49
msg_962,node49,node31,420,1138347,1138361.0,14.0,,,,9.57394366197183,,49,,10.210526315789474,0,9.57394366197183,412,32,50,49
msg_963,node49,node32,420,1138347,1138361.0,14.0,,,,9.589473684210526,,49,,10.736842105263158,0,9.589473684210526,410,30,50,49
msg_964,node49,node33,420,1138347,1138363.0,16.0,,,,9.597197898423818,,49,,12.842105263157896,0,9.597197898423818,409,29,50,49
msg_965,node49,node34,420,1138347,,,,,,9.846642468239564,,49,,,0,9.846642468239564,760,20,50,49
msg_966,node49,node35,420,1138347,1138363.0,16.0,,,,9.608391608391608,,49,,13.368421052631579,0,9.608391608391608,408,28,50,49
msg_967,node49,node36,420,1138347,1138364.0,17.0,,,,9.6195462478185,,49,,13.578947368421053,0,9.6195462478185,407,27,50,49
msg_968,node49,node37,420,1138347,1138365.0,18.0,,,,9.632404181184668,,49,,14.052631578947368,0,9.632404181184668,406,26,50,49
msg_969,node49,node38,420,1138347,,,,,,9.846642468239564,,49,,,0,9.846642468239564,760,20,50,49
msg_970,node49,node39,420,1138347,,,,,,9.846642468239564,,49,,,0,9.846642468239564,760,20,50,49
msg_971,node49,node40,420,1138347,1138365.0,18.0,,,,9.646956521739131,,49,,14.526315789473685,0,9.646956521739131,405,25,50,49
msg_972,node49,node41,420,1138347,1138365.0,18.0,,,,9.661458333333334,,49,,14.842105263157896,0,9.661458333333334,404,24,50,49
msg_973,node49,node42,420,1138347,,,,,,9.846642468239564,,49,,,0,9.846642468239564,760,20,50,49
msg_974,node49,node43,420,1138347,,,,,,9.846642468239564,,49,,,0,9.846642468239564,760,20,50,49
msg_975,node49,node44,420,1138347,1138366.0,19.0,,,,9.675909878682843,,49,,15.210526315789474,0,9.675909878682843,403,23,50,49
msg_976,node49,node45,420,1138347,1138366.0,19.0,,,,9.69204152249135,,49,,15.68421052631579,0,9.69204152249135,402,22,50,49
msg_977,node49,node46,420,1138347,1138367.0,20.0,,,,9.708117443868739,,49,,15.894736842105264,0,9.708117443868739,401,21,50,49
msg_978,node49,node47,420,1138347,,,,,,9.846642468239564,,49,,,0,9.846642468239564,760,20,50,49
msg_979,node49,node48,420,1138347,,,,,,9.846642468239564,,49,,,0,9.846642468239564,760,20,50,49
msg_980,node49,node0,419,1139895,1139897.0,2.0,,,,9.725862068965517,,49,,2.35,0,9.725862068965517,449,49,50,49
msg_981,node49,node1,419,1139895,1139898.0,3.0,,,,9.712564543889846,,49,,3.4,0,9.712564543889846,448,48,50,49
msg_982,node49,node2,419,1139895,1139898.0,3.0,,,,9.70103092783505,,49,,3.55,0,9.70103092783505,447,47,50,49
msg_983,node49,node3,419,1139895,1139900.0,5.0,,,,9.689536878216124,,49,,4.85,0,9.689536878216124,446,46,50,49
msg_984,node49,node4,419,1139895,,,,,,9.846642468239564,,49,,,0,9.846642468239564,760,20,50,49
msg_985,node49,node5,419,1139895,,,,,,9.846642468239564,,49,,,0,9.846642468239564,760,20,50,49
msg_986,node49,node6,419,1139895,1139900.0,5.0,,,,9.681506849315069,,49,,5.2,0,9.681506849315069,445,45,50,49
msg_987,node49,node7,419,1139895,1139900.0,5.0,,,,9.673504273504273,,49,,5.5,0,9.673504273504273,444,44,50,49
msg_988,node49,node8,419,1139895,1139901.0,6.0,,,,9.665529010238908,,49,,6.4,0,9.665529010238908,443,43,50,49
msg_989,node49,node9,419,1139895,1139903.0,8.0,,,,9.642372881355932,,49,,7.15,0,9.642372881355932,439,39,50,49
msg_990,node49,node10,420,1139895,1139901.0,6.0,,,,9.659284497444634,,49,,4.65,0,9.659284497444634,442,42,50,49
msg_991,node49,node11,420,1139895,,,,,,9.846642468239564,,49,,,0,9.846642468239564,760,20,50,49
msg_992,node49,node12,420,1139895,,,,,,9.846642468239564,,49,,,0,9.846642468239564,760,20,50,49
msg_993,node49,node13,420,1139895,1139904.0,9.0,,,,9.639593908629442,,49,,8.05,0,9.639593908629442,438,38,50,49
msg_994,node49,node14,420,1139895,1139901.0,6.0,,,,9.653061224489797,,49,,6.5,0,9.653061224489797,441,41,50,49
msg_995,node49,node15,420,1139895,1139904.0,9.0,,,,9.638513513513514,,49,,8.8,0,9.638513513513514,437,37,50,49
msg_996,node49,node16,420,1139895,,,,,,9.846642468239564,,49,,,0,9.846642468239564,760,20,50,49
msg_997,node49,node17,420,1139895,1139904.0,9.0,,,,9.63743676222597,,49,,9.55,0,9.63743676222597,436,36,50,49
msg_998,node49,node18,420,1139895,,,,,,9.846642468239564,,49,,,0,9.846642468239564,760,20,50,49
msg_999,node49,node19,420,1139895,,,,,,9.846642468239564,,49,,,0,9.846642468239564,760,20,50,49
msg_1000,node49,node20,421,1139895,1139905.0,10.0,,,,9.636363636363637,,49,,10.35,0,9.636363636363637,435,35,50,49
msg_1001,node49,node21,421,1139895,1139902.0,7.0,,,,9.64685908319185,,49,,7.85,0,9.64685908319185,440,40,50,49
msg_1002,node49,node22,421,1139895,,,,,,9.846642468239564,,49,,,0,9.846642468239564,760,20,50,49
msg_1003,node49,node23,421,1139895,,,,,,9.846642468239564,,49,,,0,9.846642468239564,760,20,50,49
msg_1004,node49,node24,421,1139895,1139905.0,10.0,,,,9.636974789915966,,49,,11.1,0,9.636974789915966,434,34,50,49
msg_1005,node49,node25,421,1139895,1139906.0,11.0,,,,9.642140468227424,,49,,11.75,0,9.642140468227424,431,31,50,49
msg_1006,node49,node26,421,1139895,,,,,,9.846642468239564,,49,,,0,9.846642468239564,760,20,50,49
msg_1007,node49,node27,421,1139895,1139907.0,12.0,,,,9.64440734557596,,49,,12.2,0,9.64440734557596,430,30,50,49
msg_1008,node49,node28,421,1139895,,,,,,9.846642468239564,,49,,,0,9.846642468239564,760,20,50,49
msg_1009,node49,node29,421,1139895,,,,,,9.846642468239564,,49,,,0,9.846642468239564,760,20,50,49
msg_1010,node49,node30,421,1139895,,,,,,9.846642468239564,,49,,,0,9.846642468239564,760,20,50,49
msg_1011,node49,node31,421,1139895,1139906.0,11.0,,,,9.63758389261745,,49,,10.4,0,9.63758389261745,433,33,50,49
msg_1012,node49,node32,421,1139895,1139906.0,11.0,,,,9.639865996649917,,49,,10.9,0,9.639865996649917,432,32,50,49
msg_1013,node49,node33,421,1139895,1139907.0,12.0,,,,9.648333333333333,,49,,13.0,0,9.648333333333333,429,29,50,49
msg_1014,node49,node34,421,1139895,,,,,,9.846642468239564,,49,,,0,9.846642468239564,760,20,50,49
msg_1015,node49,node35,421,1139895,1139908.0,13.0,,,,9.6522462562396,,49,,13.5,0,9.6522462562396,428,28,50,49
msg_1016,node49,node36,421,1139895,1139908.0,13.0,,,,9.6578073089701,,49,,13.75,0,9.6578073089701,427,27,50,49
msg_1017,node49,node37,421,1139895,1139909.0,14.0,,,,9.663349917081261,,49,,14.25,0,9.663349917081261,426,26,50,49
msg_1018,node49,node38,421,1139895,,,,,,9.846642468239564,,49,,,0,9.846642468239564,760,20,50,49
msg_1019,node49,node39,421,1139895,,,,,,9.846642468239564,,49,,,0,9.846642468239564,760,20,50,49
msg_1020,node49,node40,421,1139895,1139909.0,14.0,,,,9.670529801324504,,49,,14.7,0,9.670529801324504,425,25,50,49
msg_1021,node49,node41,421,1139895,1139909.0,14.0,,,,9.677685950413224,,49,,15.0,0,9.677685950413224,424,24,50,49
msg_1022,node49,node42,421,1139895,,,,,,9.846642468239564,,49,,,0,9.846642468239564,760,20,50,49
msg_1023,node49,node43,421,1139895,,,,,,9.846642468239564,,49,,,0,9.846642468239564,760,20,50,49
msg_1024,node49,node44,421,1139895,1139910.0,15.0,,,,9.684818481848184,,49,,15.4,0,9.684818481848184,423,23,50,49
msg_1025,node49,node45,421,1139895,1139910.0,15.0,,,,9.693574958813839,,49,,15.85,0,9.693574958813839,422,22,50,49
msg_1026,node49,node46,421,1139895,1139910.0,15.0,,,,9.702302631578947,,49,,16.1,0,9.702302631578947,421,21,50,49
msg_1027,node49,node47,421,1139895,,,,,,9.846642468239564,,49,,,0,9.846642468239564,760,20,50,49
msg_1028,node49,node48,421,1139895,,,,,,9.846642468239564,,49,,,0,9.846642468239564,760,20,50,49
msg_1029,node49,node0,420,1186670,1186672.0,2.0,,,,9.711001642036125,,49,,2.3333333333333335,0,9.711001642036125,469,49,50,49
msg_1030,node49,node1,420,1186670,1186673.0,3.0,,,,9.698360655737705,,49,,3.380952380952381,0,9.698360655737705,468,48,50,49
msg_1031,node49,node2,420,1186670,1186673.0,3.0,,,,9.687397708674304,,49,,3.5238095238095237,0,9.687397708674304,467,47,50,49
msg_1032,node49,node3,420,1186670,1186675.0,5.0,,,,9.656351791530945,,49,,4.857142857142857,0,9.656351791530945,464,44,50,49
msg_1033,node49,node4,420,1186670,,,,,,9.846642468239564,,49,,,0,9.846642468239564,760,20,50,49
msg_1034,node49,node5,420,1186670,,,,,,9.846642468239564,,49,,,0,9.846642468239564,760,20,50,49
msg_1035,node49,node6,420,1186670,1186675.0,5.0,,,,9.648780487804878,,49,,5.190476190476191,0,9.648780487804878,463,43,50,49
msg_1036,node49,node7,420,1186670,1186676.0,6.0,,,,9.641233766233766,,49,,5.476190476190476,0,9.641233766233766,462,42,50,49
msg_1037,node49,node8,420,1186670,1186676.0,6.0,,,,9.629449838187702,,49,,6.380952380952381,0,9.629449838187702,460,40,50,49
msg_1038,node49,node9,420,1186670,1186677.0,7.0,,,,9.623586429725364,,49,,7.190476190476191,0,9.623586429725364,459,39,50,49
msg_1039,node49,node10,421,1186670,1186673.0,3.0,,,,9.676470588235293,,49,,4.714285714285714,0,9.676470588235293,466,46,50,49
msg_1040,node49,node11,421,1186670,,,,,,9.846642468239564,,49,,,0,9.846642468239564,760,20,50,49
msg_1041,node49,node12,421,1186670,,,,,,9.846642468239564,,49,,,0,9.846642468239564,760,20,50,49
msg_1042,node49,node13,421,1186670,1186678.0,8.0,,,,9.619354838709677,,49,,8.095238095238095,0,9.619354838709677,458,38,50,49
msg_1043,node49,node14,421,1186670,1186674.0,4.0,,,,9.66557911908646,,49,,6.476190476190476,0,9.66557911908646,465,45,50,49
msg_1044,node49,node15,421,1186670,1186678.0,8.0,,,,9.616747181964573,,49,,8.80952380952381,0,9.616747181964573,457,37,50,49
msg_1045,node49,node16,421,1186670,,,,,,9.846642468239564,,49,,,0,9.846642468239564,760,20,50,49
msg_1046,node49,node17,421,1186670,1186678.0,8.0,,,,9.614147909967846,,49,,9.523809523809524,0,9.614147909967846,456,36,50,49
msg_1047,node49,node18,421,1186670,,,,,,9.846642468239564,,49,,,0,9.846642468239564,760,20,50,49
msg_1048,node49,node19,421,1186670,,,,,,9.846642468239564,,49,,,0,9.846642468239564,760,20,50,49
msg_1049,node49,node20,421,1186670,1186679.0,9.0,,,,9.6115569823435,,49,,10.333333333333334,0,9.6115569823435,455,35,50,49
msg_1050,node49,node21,421,1186670,1186676.0,6.0,,,,9.635332252836305,,49,,7.809523809523809,0,9.635332252836305,461,41,50,49
msg_1051,node49,node22,421,1186670,,,,,,9.846642468239564,,49,,,0,9.846642468239564,760,20,50,49
msg_1052,node49,node23,421,1186670,,,,,,9.846642468239564,,49,,,0,9.846642468239564,760,20,50,49
msg_1053,node49,node24,421,1186670,1186681.0,11.0,,,,9.608626198083067,,49,,11.047619047619047,0,9.608626198083067,452,32,50,49
msg_1054,node49,node25,421,1186670,1186681.0,11.0,,,,9.610845295055821,,49,,11.714285714285714,0,9.610845295055821,451,31,50,49
msg_1055,node49,node26,421,1186670,,,,,,9.846642468239564,,49,,,0,9.846642468239564,760,20,50,49
msg_1056,node49,node27,421,1186670,1186681.0,11.0,,,,9.613057324840764,,49,,12.19047619047619,0,9.613057324840764,450,30,50,49
msg_1057,node49,node28,421,1186670,,,,,,9.846642468239564,,49,,,0,9.846642468239564,760,20,50,49
msg_1058,node49,node29,421,1186670,,,,,,9.846642468239564,,49,,,0,9.846642468239564,760,20,50,49
msg_1059,node49,node30,421,1186670,,,,,,9.846642468239564,,49,,,0,9.846642468239564,760,20,50,49
msg_1060,node49,node31,421,1186670,1186679.0,9.0,,,,9.610576923076923,,49,,10.428571428571429,0,9.610576923076923,454,34,50,49
msg_1061,node49,node32,421,1186670,1186679.0,9.0,,,,9.6096,,49,,10.904761904761905,0,9.6096,453,33,50,49
msg_1062,node49,node33,421,1186670,1186682.0,12.0,,,,9.615262321144675,,49,,12.952380952380953,0,9.615262321144675,449,29,50,49
msg_1063,node49,node34,421,1186670,,,,,,9.846642468239564,,49,,,0,9.846642468239564,760,20,50,49
msg_1064,node49,node35,421,1186670,1186682.0,12.0,,,,9.619047619047619,,49,,13.476190476190476,0,9.619047619047619,448,28,50,49
msg_1065,node49,node36,421,1186670,1186682.0,12.0,,,,9.622820919175911,,49,,13.714285714285714,0,9.622820919175911,447,27,50,49
msg_1066,node49,node37,421,1186670,1186683.0,13.0,,,,9.626582278481013,,49,,14.238095238095237,0,9.626582278481013,446,26,50,49
msg_1067,node49,node38,421,1186670,,,,,,9.846642468239564,,49,,,0,9.846642468239564,760,20,50,49
msg_1068,node49,node39,421,1186670,,,,,,9.846642468239564,,49,,,0,9.846642468239564,760,20,50,49
msg_1069,node49,node40,421,1186670,1186683.0,13.0,,,,9.631911532385466,,49,,14.666666666666666,0,9.631911532385466,445,25,50,49
msg_1070,node49,node41,421,1186670,1186684.0,14.0,,,,9.637223974763407,,49,,14.952380952380953,0,9.637223974763407,444,24,50,49
msg_1071,node49,node42,421,1186670,,,,,,9.846642468239564,,49,,,0,9.846642468239564,760,20,50,49
msg_1072,node49,node43,421,1186670,,,,,,9.846642468239564,,49,,,0,9.846642468239564,760,20,50,49
msg_1073,node49,node44,421,1186670,1186684.0,14.0,,,,9.644094488188976,,49,,15.380952380952381,0,9.644094488188976,443,23,50,49
msg_1074,node49,node45,421,1186670,1186684.0,14.0,,,,9.650943396226415,,49,,15.80952380952381,0,9.650943396226415,442,22,50,49
msg_1075,node49,node46,421,1186670,1186685.0,15.0,,,,9.657770800627944,,49,,16.047619047619047,0,9.657770800627944,441,21,50,49
msg_1076,node49,node47,421,1186670,,,,,,9.846642468239564,,49,,,0,9.846642468239564,760,20,50,49
msg_1077,node49,node48,421,1186670,,,,,,9.846642468239564,,49,,,0,9.846642468239564,760,20,50,49
msg_1078,node49,node0,420,1354631,1354633.0,2.0,,,,9.66614420062696,,49,,2.3181818181818183,0,9.66614420062696,489,49,50,49
msg_1079,node49,node1,420,1354631,1354634.0,3.0,,,,9.65414710485133,,49,,3.3636363636363638,0,9.65414710485133,488,48,50,49
msg_1080,node49,node2,420,1354631,1354635.0,4.0,,,,9.64375,,49,,3.5,0,9.64375,487,47,50,49
msg_1081,node49,node3,420,1354631,1354636.0,5.0,,,,9.634945397815912,,49,,4.863636363636363,0,9.634945397815912,486,46,50,49
msg_1082,node49,node4,420,1354631,,,,,,9.846642468239564,,49,,,0,9.846642468239564,760,20,50,49
msg_1083,node49,node5,420,1354631,,,,,,9.846642468239564,,49,,,0,9.846642468239564,760,20,50,49
msg_1084,node49,node6,420,1354631,1354636.0,5.0,,,,9.62772585669782,,49,,5.181818181818182,0,9.62772585669782,485,45,50,49
msg_1085,node49,node7,420,1354631,1354636.0,5.0,,,,9.620528771384137,,49,,5.5,0,9.620528771384137,484,44,50,49
msg_1086,node49,node8,420,1354631,1354637.0,6.0,,,,9.613354037267081,,49,,6.363636363636363,0,9.613354037267081,483,43,50,49
msg_1087,node49,node9,420,1354631,1354639.0,8.0,,,,9.592592592592593,,49,,7.181818181818182,0,9.592592592592593,479,39,50,49
msg_1088,node49,node10,421,1354631,1354637.0,6.0,,,,9.607751937984496,,49,,4.636363636363637,0,9.607751937984496,482,42,50,49
msg_1089,node49,node11,421,1354631,,,,,,9.846642468239564,,49,,,0,9.846642468239564,760,20,50,49
msg_1090,node49,node12,421,1354631,,,,,,9.846642468239564,,49,,,0,9.846642468239564,760,20,50,49
msg_1091,node49,node13,421,1354631,1354639.0,8.0,,,,9.590138674884438,,49,,8.090909090909092,0,9.590138674884438,478,38,50,49
msg_1092,node49,node14,421,1354631,1354637.0,6.0,,,,9.602167182662539,,49,,6.363636363636363,0,9.602167182662539,481,41,50,49
msg_1093,node49,node15,421,1354631,1354640.0,9.0,,,,9.587692307692308,,49,,8.772727272727273,0,9.587692307692308,477,37,50,49
msg_1094,node49,node16,421,1354631,,,,,,9.846642468239564,,49,,,0,9.846642468239564,760,20,50,49
msg_1095,node49,node17,421,1354631,1354640.0,9.0,,,,9.58678955453149,,49,,9.454545454545455,0,9.58678955453149,476,36,50,49
msg_1096,node49,node18,421,1354631,,,,,,9.846642468239564,,49,,,0,9.846642468239564,760,20,50,49
msg_1097,node49,node19,421,1354631,,,,,,9.846642468239564,,49,,,0,9.846642468239564,760,20,50,49
msg_1098,node49,node20,421,1354631,1354641.0,10.0,,,,9.585889570552148,,49,,10.272727272727273,0,9.585889570552148,475,35,50,49
msg_1099,node49,node21,421,1354631,1354638.0,7.0,,,,9.59659969088099,,49,,7.7272727272727275,0,9.59659969088099,480,40,50,49
msg_1100,node49,node22,421,1354631,,,,,,9.846642468239564,,49,,,0,9.846642468239564,760,20,50,49
msg_1101,node49,node23,421,1354631,,,,,,9.846642468239564,,49,,,0,9.846642468239564,760,20,50,49
msg_1102,node49,node24,421,1354631,1354641.0,10.0,,,,9.587155963302752,,49,,11.045454545454545,0,9.587155963302752,473,33,50,49
msg_1103,node49,node25,421,1354631,1354642.0,11.0,,,,9.587786259541986,,49,,11.681818181818182,0,9.587786259541986,472,32,50,49
msg_1104,node49,node26,421,1354631,,,,,,9.846642468239564,,49,,,0,9.846642468239564,760,20,50,49
msg_1105,node49,node27,421,1354631,1354643.0,12.0,,,,9.592085235920852,,49,,12.136363636363637,0,9.592085235920852,470,30,50,49
msg_1106,node49,node28,421,1354631,,,,,,9.846642468239564,,49,,,0,9.846642468239564,760,20,50,49
msg_1107,node49,node29,421,1354631,,,,,,9.846642468239564,,49,,,0,9.846642468239564,760,20,50,49
msg_1108,node49,node30,421,1354631,,,,,,9.846642468239564,,49,,,0,9.846642468239564,760,20,50,49
msg_1109,node49,node31,421,1354631,1354641.0,10.0,,,,9.586523736600306,,49,,10.363636363636363,0,9.586523736600306,474,34,50,49
msg_1110,node49,node32,421,1354631,1354642.0,11.0,,,,9.589939024390244,,49,,10.818181818181818,0,9.589939024390244,471,31,50,49
msg_1111,node49,node33,421,1354631,1354644.0,13.0,,,,9.595744680851064,,49,,12.909090909090908,0,9.595744680851064,469,29,50,49
msg_1112,node49,node34,421,1354631,,,,,,9.846642468239564,,49,,,0,9.846642468239564,760,20,50,49
msg_1113,node49,node35,421,1354631,1354644.0,13.0,,,,9.600910470409712,,49,,13.409090909090908,0,9.600910470409712,468,28,50,49
msg_1114,node49,node36,421,1354631,1354644.0,13.0,,,,9.606060606060606,,49,,13.636363636363637,0,9.606060606060606,467,27,50,49
msg_1115,node49,node37,421,1354631,1354645.0,14.0,,,,9.611195158850228,,49,,14.181818181818182,0,9.611195158850228,466,26,50,49
msg_1116,node49,node38,421,1354631,,,,,,9.846642468239564,,49,,,0,9.846642468239564,760,20,50,49
msg_1117,node49,node39,421,1354631,,,,,,9.846642468239564,,49,,,0,9.846642468239564,760,20,50,49
msg_1118,node49,node40,421,1354631,1354645.0,14.0,,,,9.617824773413897,,49,,14.590909090909092,0,9.617824773413897,465,25,50,49
msg_1119,node49,node41,421,1354631,1354645.0,14.0,,,,9.624434389140271,,49,,14.909090909090908,0,9.624434389140271,464,24,50,49
msg_1120,node49,node42,421,1354631,,,,,,9.846642468239564,,49,,,0,9.846642468239564,760,20,50,49
msg_1121,node49,node43,421,1354631,,,,,,9.846642468239564,,49,,,0,9.846642468239564,760,20,50,49
msg_1122,node49,node44,421,1354631,1354646.0,15.0,,,,9.631024096385541,,49,,15.318181818181818,0,9.631024096385541,463,23,50,49
msg_1123,node49,node45,421,1354631,1354646.0,15.0,,,,9.639097744360901,,49,,15.727272727272727,0,9.639097744360901,462,22,50,49
msg_1124,node49,node46,421,1354631,1354646.0,15.0,,,,9.647147147147146,,49,,16.0,0,9.647147147147146,461,21,50,49
msg_1125,node49,node47,421,1354631,,,,,,9.846642468239564,,49,,,0,9.846642468239564,760,20,50,49
msg_1126,node49,node48,421,1354631,,,,,,9.846642468239564,,49,,,0,9.846642468239564,760,20,50,49
msg_1127,node49,node0,420,1383430,1383432.0,2.0,,,,9.655172413793103,,49,,2.3043478260869565,0,9.655172413793103,509,49,50,49
msg_1128,node49,node1,420,1383430,1383433.0,3.0,,,,9.6437125748503,,49,,3.347826086956522,0,9.6437125748503,508,48,50,49
msg_1129,node49,node2,420,1383430,1383434.0,4.0,,,,9.633781763826606,,49,,3.5217391304347827,0,9.633781763826606,507,47,50,49
msg_1130,node49,node3,420,1383430,1383435.0,5.0,,,,9.625373134328358,,49,,4.869565217391305,0,9.625373134328358,506,46,50,49
msg_1131,node49,node4,420,1383430,,,,,,9.846642468239564,,49,,,0,9.846642468239564,760,20,50,49
msg_1132,node49,node5,420,1383430,,,,,,9.846642468239564,,49,,,0,9.846642468239564,760,20,50,49
msg_1133,node49,node6,420,1383430,1383435.0,5.0,,,,9.618479880774963,,49,,5.173913043478261,0,9.618479880774963,505,45,50,49
msg_1134,node49,node7,420,1383430,1383435.0,5.0,,,,9.604754829123328,,49,,5.478260869565218,0,9.604754829123328,503,43,50,49
msg_1135,node49,node8,420,1383430,1383437.0,7.0,,,,9.59792284866469,,49,,6.3478260869565215,0,9.59792284866469,502,42,50,49
msg_1136,node49,node9,420,1383430,1383437.0,7.0,,,,9.594074074074074,,49,,7.217391304347826,0,9.594074074074074,501,41,50,49
msg_1137,node49,node10,421,1383430,1383435.0,5.0,,,,9.611607142857142,,49,,4.695652173913044,0,9.611607142857142,504,44,50,49
msg_1138,node49,node11,421,1383430,,,,,,9.846642468239564,,49,,,0,9.846642468239564,760,20,50,49
msg_1139,node49,node12,421,1383430,,,,,,9.846642468239564,,49,,,0,9.846642468239564,760,20,50,49
msg_1140,node49,node13,421,1383430,1383437.0,7.0,,,,9.586410635155096,,49,,8.08695652173913,0,9.586410635155096,499,39,50,49
msg_1141,node49,node14,421,1383430,1383437.0,7.0,,,,9.590236686390533,,49,,6.3478260869565215,0,9.590236686390533,500,40,50,49
msg_1142,node49,node15,421,1383430,1383439.0,9.0,,,,9.58259587020649,,49,,8.782608695652174,0,9.58259587020649,498,38,50,49
msg_1143,node49,node16,421,1383430,,,,,,9.846642468239564,,49,,,0,9.846642468239564,760,20,50,49
msg_1144,node49,node17,421,1383430,1383439.0,9.0,,,,9.580882352941176,,49,,9.434782608695652,0,9.580882352941176,496,36,50,49
msg_1145,node49,node18,421,1383430,,,,,,9.846642468239564,,49,,,0,9.846642468239564,760,20,50,49
msg_1146,node49,node19,421,1383430,,,,,,9.846642468239564,,49,,,0,9.846642468239564,760,20,50,49
msg_1147,node49,node20,421,1383430,1383441.0,11.0,,,,9.580645161290322,,49,,10.26086956521739,0,9.580645161290322,494,34,50,49
msg_1148,node49,node21,421,1383430,1383439.0,9.0,,,,9.581737849779087,,49,,7.695652173913044,0,9.581737849779087,497,37,50,49
msg_1149,node49,node22,421,1383430,,,,,,9.846642468239564,,49,,,0,9.846642468239564,760,20,50,49
msg_1150,node49,node23,421,1383430,,,,,,9.846642468239564,,49,,,0,9.846642468239564,760,20,50,49
msg_1151,node49,node24,421,1383430,1383442.0,12.0,,,,9.58272327964861,,49,,11.0,0,9.58272327964861,493,33,50,49
msg_1152,node49,node25,421,1383430,1383442.0,12.0,,,,9.586257309941521,,49,,11.652173913043478,0,9.586257309941521,492,32,50,49
msg_1153,node49,node26,421,1383430,,,,,,9.846642468239564,,49,,,0,9.846642468239564,760,20,50,49
msg_1154,node49,node27,421,1383430,1383443.0,13.0,,,,9.594752186588922,,49,,12.130434782608695,0,9.594752186588922,490,30,50,49
msg_1155,node49,node28,421,1383430,,,,,,9.846642468239564,,49,,,0,9.846642468239564,760,20,50,49
msg_1156,node49,node29,421,1383430,,,,,,9.846642468239564,,49,,,0,9.846642468239564,760,20,50,49
msg_1157,node49,node30,421,1383430,,,,,,9.846642468239564,,49,,,0,9.846642468239564,760,20,50,49
msg_1158,node49,node31,421,1383430,1383440.0,10.0,,,,9.580029368575625,,49,,10.347826086956522,0,9.580029368575625,495,35,50,49
msg_1159,node49,node32,421,1383430,1383443.0,13.0,,,,9.58978102189781,,49,,10.826086956521738,0,9.58978102189781,491,31,50,49
msg_1160,node49,node33,421,1383430,1383444.0,14.0,,,,9.599708879184861,,49,,12.91304347826087,0,9.599708879184861,489,29,50,49
msg_1161,node49,node34,421,1383430,,,,,,9.846642468239564,,49,,,0,9.846642468239564,760,20,50,49
msg_1162,node49,node35,421,1383430,1383444.0,14.0,,,,9.606104651162791,,49,,13.391304347826088,0,9.606104651162791,488,28,50,49
msg_1163,node49,node36,421,1383430,1383444.0,14.0,,,,9.612481857764877,,49,,13.608695652173912,0,9.612481857764877,487,27,50,49
msg_1164,node49,node37,421,1383430,1383445.0,15.0,,,,9.618840579710145,,49,,14.173913043478262,0,9.618840579710145,486,26,50,49
msg_1165,node49,node38,421,1383430,,,,,,9.846642468239564,,49,,,0,9.846642468239564,760,20,50,49
msg_1166,node49,node39,421,1383430,,,,,,9.846642468239564,,49,,,0,9.846642468239564,760,20,50,49
msg_1167,node49,node40,421,1383430,1383445.0,15.0,,,,9.626628075253256,,49,,14.565217391304348,0,9.626628075253256,485,25,50,49
msg_1168,node49,node41,421,1383430,1383446.0,16.0,,,,9.634393063583815,,49,,14.869565217391305,0,9.634393063583815,484,24,50,49
msg_1169,node49,node42,421,1383430,,,,,,9.846642468239564,,49,,,0,9.846642468239564,760,20,50,49
msg_1170,node49,node43,421,1383430,,,,,,9.846642468239564,,49,,,0,9.846642468239564,760,20,50,49
msg_1171,node49,node44,421,1383430,1383446.0,16.0,,,,9.643578643578644,,49,,15.304347826086957,0,9.643578643578644,483,23,50,49
msg_1172,node49,node45,421,1383430,1383446.0,16.0,,,,9.652737752161384,,49,,15.695652173913043,0,9.652737752161384,482,22,50,49
msg_1173,node49,node46,421,1383430,1383447.0,17.0,,,,9.661870503597122,,49,,15.956521739130435,0,9.661870503597122,481,21,50,49
msg_1174,node49,node47,421,1383430,,,,,,9.846642468239564,,49,,,0,9.846642468239564,760,20,50,49
msg_1175,node49,node48,421,1383430,,,,,,9.846642468239564,,49,,,0,9.846642468239564,760,20,50,49
msg_1176,node49,node0,420,1398075,1398078.0,3.0,,,,9.672413793103448,,49,,2.2916666666666665,0,9.672413793103448,529,49,50,49
msg_1177,node49,node1,420,1398075,1398079.0,4.0,,,,9.662840746054519,,49,,3.3333333333333335,0,9.662840746054519,528,48,50,49
msg_1178,node49,node2,420,1398075,1398079.0,4.0,,,,9.654727793696274,,49,,3.5416666666666665,0,9.654727793696274,527,47,50,49
msg_1179,node49,node3,420,1398075,1398079.0,4.0,,,,9.646638054363375,,49,,4.875,0,9.646638054363375,526,46,50,49
msg_1180,node49,node4,420,1398075,,,,,,9.846642468239564,,49,,,0,9.846642468239564,760,20,50,49
msg_1181,node49,node5,420,1398075,,,,,,9.846642468239564,,49,,,0,9.846642468239564,760,20,50,49
msg_1182,node49,node6,420,1398075,1398082.0,7.0,,,,9.620199146514937,,49,,5.166666666666667,0,9.620199146514937,522,42,50,49
msg_1183,node49,node7,420,1398075,1398082.0,7.0,,,,9.616477272727273,,49,,5.458333333333333,0,9.616477272727273,521,41,50,49
msg_1184,node49,node8,420,1398075,1398083.0,8.0,,,,9.61276595744681,,49,,6.375,0,9.61276595744681,520,40,50,49
msg_1185,node49,node9,420,1398075,1398083.0,8.0,,,,9.610481586402265,,49,,7.208333333333333,0,9.610481586402265,519,39,50,49
msg_1186,node49,node10,421,1398075,1398080.0,5.0,,,,9.638571428571428,,49,,4.708333333333333,0,9.638571428571428,525,45,50,49
msg_1187,node49,node11,421,1398075,,,,,,9.846642468239564,,49,,,0,9.846642468239564,760,20,50,49
msg_1188,node49,node12,421,1398075,,,,,,9.846642468239564,,49,,,0,9.846642468239564,760,20,50,49
msg_1189,node49,node13,421,1398075,1398084.0,9.0,,,,9.608203677510609,,49,,8.041666666666666,0,9.608203677510609,518,38,50,49
msg_1190,node49,node14,421,1398075,1398080.0,5.0,,,,9.631954350927247,,49,,6.375,0,9.631954350927247,524,44,50,49
msg_1191,node49,node15,421,1398075,1398084.0,9.0,,,,9.607344632768362,,49,,8.791666666666666,0,9.607344632768362,517,37,50,49
msg_1192,node49,node16,421,1398075,,,,,,9.846642468239564,,49,,,0,9.846642468239564,760,20,50,49
msg_1193,node49,node17,421,1398075,1398085.0,10.0,,,,9.606488011283497,,49,,9.416666666666666,0,9.606488011283497,516,36,50,49
msg_1194,node49,node18,421,1398075,,,,,,9.846642468239564,,49,,,0,9.846642468239564,760,20,50,49
msg_1195,node49,node19,421,1398075,,,,,,9.846642468239564,,49,,,0,9.846642468239564,760,20,50,49
msg_1196,node49,node20,421,1398075,1398085.0,10.0,,,,9.607042253521128,,49,,10.291666666666666,0,9.607042253521128,515,35,50,49
msg_1197,node49,node21,421,1398075,1398081.0,6.0,,,,9.625356125356126,,49,,7.75,0,9.625356125356126,523,43,50,49
msg_1198,node49,node22,421,1398075,,,,,,9.846642468239564,,49,,,0,9.846642468239564,760,20,50,49
msg_1199,node49,node23,421,1398075,,,,,,9.846642468239564,,49,,,0,9.846642468239564,760,20,50,49
msg_1200,node49,node24,421,1398075,1398085.0,10.0,,,,9.60759493670886,,49,,11.041666666666666,0,9.60759493670886,514,34,50,49
msg_1201,node49,node25,421,1398075,1398086.0,11.0,,,,9.60814606741573,,49,,11.666666666666666,0,9.60814606741573,513,33,50,49
msg_1202,node49,node26,421,1398075,,,,,,9.846642468239564,,49,,,0,9.846642468239564,760,20,50,49
msg_1203,node49,node27,421,1398075,1398086.0,11.0,,,,9.610098176718093,,49,,12.166666666666666,0,9.610098176718093,512,32,50,49
msg_1204,node49,node28,421,1398075,,,,,,9.846642468239564,,49,,,0,9.846642468239564,760,20,50,49
msg_1205,node49,node29,421,1398075,,,,,,9.846642468239564,,49,,,0,9.846642468239564,760,20,50,49
msg_1206,node49,node30,421,1398075,,,,,,9.846642468239564,,49,,,0,9.846642468239564,760,20,50,49
msg_1207,node49,node31,421,1398075,1398086.0,11.0,,,,9.61204481792717,,49,,10.333333333333334,0,9.61204481792717,511,31,50,49
msg_1208,node49,node32,421,1398075,1398086.0,11.0,,,,9.613986013986015,,49,,10.916666666666666,0,9.613986013986015,510,30,50,49
msg_1209,node49,node33,421,1398075,1398088.0,13.0,,,,9.615921787709498,,49,,12.958333333333334,0,9.615921787709498,509,29,50,49
msg_1210,node49,node34,421,1398075,,,,,,9.846642468239564,,49,,,0,9.846642468239564,760,20,50,49
msg_1211,node49,node35,421,1398075,1398088.0,13.0,,,,9.620641562064156,,49,,13.416666666666666,0,9.620641562064156,508,28,50,49
msg_1212,node49,node36,421,1398075,1398088.0,13.0,,,,9.625348189415043,,49,,13.625,0,9.625348189415043,507,27,50,49
msg_1213,node49,node37,421,1398075,1398089.0,14.0,,,,9.630041724617524,,49,,14.208333333333334,0,9.630041724617524,506,26,50,49
msg_1214,node49,node38,421,1398075,,,,,,9.846642468239564,,49,,,0,9.846642468239564,760,20,50,49
msg_1215,node49,node39,421,1398075,,,,,,9.846642468239564,,49,,,0,9.846642468239564,760,20,50,49
msg_1216,node49,node40,421,1398075,1398089.0,14.0,,,,9.636111111111111,,49,,14.583333333333334,0,9.636111111111111,505,25,50,49
msg_1217,node49,node41,421,1398075,1398089.0,14.0,,,,9.642163661581137,,49,,14.916666666666666,0,9.642163661581137,504,24,50,49
msg_1218,node49,node42,421,1398075,,,,,,9.846642468239564,,49,,,0,9.846642468239564,760,20,50,49
msg_1219,node49,node43,421,1398075,,,,,,9.846642468239564,,49,,,0,9.846642468239564,760,20,50,49
msg_1220,node49,node44,421,1398075,1398090.0,15.0,,,,9.64819944598338,,49,,15.333333333333334,0,9.64819944598338,503,23,50,49
msg_1221,node49,node45,421,1398075,1398090.0,15.0,,,,9.655601659751037,,49,,15.708333333333334,0,9.655601659751037,502,22,50,49
msg_1222,node49,node46,421,1398075,1398091.0,16.0,,,,9.662983425414364,,49,,16.0,0,9.662983425414364,501,21,50,49
msg_1223,node49,node47,421,1398075,,,,,,9.846642468239564,,49,,,0,9.846642468239564,760,20,50,49
msg_1224,node49,node48,421,1398075,,,,,,9.846642468239564,,49,,,0,9.846642468239564,760,20,50,49
msg_1225,node49,node0,420,1430978,1430980.0,2.0,,,,9.671724137931035,,49,,2.32,0,9.671724137931035,549,49,50,49
msg_1226,node49,node1,420,1430978,1430981.0,3.0,,,,9.661157024793388,,49,,3.36,0,9.661157024793388,548,48,50,49
msg_1227,node49,node2,420,1430978,1430982.0,4.0,,,,9.642857142857142,,49,,3.56,0,9.642857142857142,546,46,50,49
msg_1228,node49,node3,420,1430978,1430983.0,5.0,,,,9.627397260273973,,49,,4.84,0,9.627397260273973,544,44,50,49
msg_1229,node49,node4,420,1430978,,,,,,9.846642468239564,,49,,,0,9.846642468239564,760,20,50,49
msg_1230,node49,node5,420,1430978,,,,,,9.846642468239564,,49,,,0,9.846642468239564,760,20,50,49
msg_1231,node49,node6,420,1430978,1430984.0,6.0,,,,9.621067031463749,,49,,5.24,0,9.621067031463749,543,43,50,49
msg_1232,node49,node7,420,1430978,1430984.0,6.0,,,,9.616120218579235,,49,,5.52,0,9.616120218579235,542,42,50,49
msg_1233,node49,node8,420,1430978,1430984.0,6.0,,,,9.61118690313779,,49,,6.44,0,9.61118690313779,541,41,50,49
msg_1234,node49,node9,420,1430978,1430985.0,7.0,,,,9.601360544217687,,49,,7.24,0,9.601360544217687,539,39,50,49
msg_1235,node49,node10,421,1430978,1430981.0,3.0,,,,9.651994497936727,,49,,4.72,0,9.651994497936727,547,47,50,49
msg_1236,node49,node11,421,1430978,,,,,,9.846642468239564,,49,,,0,9.846642468239564,760,20,50,49
msg_1237,node49,node12,421,1430978,,,,,,9.846642468239564,,49,,,0,9.846642468239564,760,20,50,49
msg_1238,node49,node13,421,1430978,1430985.0,7.0,,,,9.597826086956522,,49,,8.08,0,9.597826086956522,538,38,50,49
msg_1239,node49,node14,421,1430978,1430982.0,4.0,,,,9.635116598079561,,49,,6.32,0,9.635116598079561,545,45,50,49
msg_1240,node49,node15,421,1430978,1430986.0,8.0,,,,9.594301221166893,,49,,8.8,0,9.594301221166893,537,37,50,49
msg_1241,node49,node16,421,1430978,,,,,,9.846642468239564,,49,,,0,9.846642468239564,760,20,50,49
msg_1242,node49,node17,421,1430978,1430986.0,8.0,,,,9.592140921409214,,49,,9.44,0,9.592140921409214,536,36,50,49
msg_1243,node49,node18,421,1430978,,,,,,9.846642468239564,,49,,,0,9.846642468239564,760,20,50,49
msg_1244,node49,node19,421,1430978,,,,,,9.846642468239564,,49,,,0,9.846642468239564,760,20,50,49
msg_1245,node49,node20,421,1430978,1430987.0,9.0,,,,9.589986468200271,,49,,10.28,0,9.589986468200271,535,35,50,49
msg_1246,node49,node21,421,1430978,1430984.0,6.0,,,,9.606267029972752,,49,,7.68,0,9.606267029972752,540,40,50,49
msg_1247,node49,node22,421,1430978,,,,,,9.846642468239564,,49,,,0,9.846642468239564,760,20,50,49
msg_1248,node49,node23,421,1430978,,,,,,9.846642468239564,,49,,,0,9.846642468239564,760,20,50,49
msg_1249,node49,node24,421,1430978,1430989.0,11.0,,,,9.588948787061994,,49,,11.0,0,9.588948787061994,532,32,50,49
msg_1250,node49,node25,421,1430978,1430989.0,11.0,,,,9.590847913862719,,49,,11.64,0,9.590847913862719,531,31,50,49
msg_1251,node49,node26,421,1430978,,,,,,9.846642468239564,,49,,,0,9.846642468239564,760,20,50,49
msg_1252,node49,node27,421,1430978,1430989.0,11.0,,,,9.59274193548387,,49,,12.12,0,9.59274193548387,530,30,50,49
msg_1253,node49,node28,421,1430978,,,,,,9.846642468239564,,49,,,0,9.846642468239564,760,20,50,49
msg_1254,node49,node29,421,1430978,,,,,,9.846642468239564,,49,,,0,9.846642468239564,760,20,50,49
msg_1255,node49,node30,421,1430978,,,,,,9.846642468239564,,49,,,0,9.846642468239564,760,20,50,49
msg_1256,node49,node31,421,1430978,1430987.0,9.0,,,,9.58918918918919,,49,,10.36,0,9.58918918918919,534,34,50,49
msg_1257,node49,node32,421,1430978,1430988.0,10.0,,,,9.588394062078272,,49,,10.92,0,9.588394062078272,533,33,50,49
msg_1258,node49,node33,421,1430978,1430990.0,12.0,,,,9.594630872483222,,49,,12.96,0,9.594630872483222,529,29,50,49
msg_1259,node49,node34,421,1430978,,,,,,9.846642468239564,,49,,,0,9.846642468239564,760,20,50,49
msg_1260,node49,node35,421,1430978,1430990.0,12.0,,,,9.597855227882038,,49,,13.4,0,9.597855227882038,528,28,50,49
msg_1261,node49,node36,421,1430978,1430991.0,13.0,,,,9.601070950468541,,49,,13.6,0,9.601070950468541,527,27,50,49
msg_1262,node49,node37,421,1430978,1430991.0,13.0,,,,9.605614973262032,,49,,14.2,0,9.605614973262032,526,26,50,49
msg_1263,node49,node38,421,1430978,,,,,,9.846642468239564,,49,,,0,9.846642468239564,760,20,50,49
msg_1264,node49,node39,421,1430978,,,,,,9.846642468239564,,49,,,0,9.846642468239564,760,20,50,49
msg_1265,node49,node40,421,1430978,1430991.0,13.0,,,,9.610146862483312,,49,,14.56,0,9.610146862483312,525,25,50,49
msg_1266,node49,node41,421,1430978,1430992.0,14.0,,,,9.614666666666666,,49,,14.88,0,9.614666666666666,524,24,50,49
msg_1267,node49,node42,421,1430978,,,,,,9.846642468239564,,49,,,0,9.846642468239564,760,20,50,49
msg_1268,node49,node43,421,1430978,,,,,,9.846642468239564,,49,,,0,9.846642468239564,760,20,50,49
msg_1269,node49,node44,421,1430978,1430992.0,14.0,,,,9.620505992010653,,49,,15.32,0,9.620505992010653,523,23,50,49
msg_1270,node49,node45,421,1430978,1430992.0,14.0,,,,9.626329787234043,,49,,15.68,0,9.626329787234043,522,22,50,49
msg_1271,node49,node46,421,1430978,1430993.0,15.0,,,,9.632138114209827,,49,,16.0,0,9.632138114209827,521,21,50,49
msg_1272,node49,node47,421,1430978,,,,,,9.846642468239564,,49,,,0,9.846642468239564,760,20,50,49
msg_1273,node49,node48,421,1430978,,,,,,9.846642468239564,,49,,,0,9.846642468239564,760,20,50,49
msg_1274,node49,node0,420,1432748,1432750.0,2.0,,,,9.639257294429708,,49,,2.3076923076923075,0,9.639257294429708,569,49,50,49
msg_1275,node49,node1,420,1432748,1432751.0,3.0,,,,9.629139072847682,,49,,3.3461538461538463,0,9.629139072847682,568,48,50,49
msg_1276,node49,node2,420,1432748,1432751.0,3.0,,,,9.62037037037037,,49,,3.576923076923077,0,9.62037037037037,567,47,50,49
msg_1277,node49,node3,420,1432748,1432753.0,5.0,,,,9.611624834874505,,49,,4.846153846153846,0,9.611624834874505,566,46,50,49
msg_1278,node49,node4,420,1432748,,,,,,9.846642468239564,,49,,,0,9.846642468239564,760,20,50,49
msg_1279,node49,node5,420,1432748,,,,,,9.846642468239564,,49,,,0,9.846642468239564,760,20,50,49
msg_1280,node49,node6,420,1432748,1432753.0,5.0,,,,9.605540897097626,,49,,5.269230769230769,0,9.605540897097626,565,45,50,49
msg_1281,node49,node7,420,1432748,1432753.0,5.0,,,,9.599472990777338,,49,,5.538461538461538,0,9.599472990777338,564,44,50,49
msg_1282,node49,node8,420,1432748,1432754.0,6.0,,,,9.588699080157687,,49,,6.423076923076923,0,9.588699080157687,562,42,50,49
msg_1283,node49,node9,420,1432748,1432755.0,7.0,,,,9.579292267365663,,49,,7.230769230769231,0,9.579292267365663,560,40,50,49
msg_1284,node49,node10,421,1432748,1432754.0,6.0,,,,9.593421052631578,,49,,4.653846153846154,0,9.593421052631578,563,43,50,49
msg_1285,node49,node11,421,1432748,,,,,,9.846642468239564,,49,,,0,9.846642468239564,760,20,50,49
msg_1286,node49,node12,421,1432748,,,,,,9.846642468239564,,49,,,0,9.846642468239564,760,20,50,49
msg_1287,node49,node13,421,1432748,1432756.0,8.0,,,,9.575916230366492,,49,,8.038461538461538,0,9.575916230366492,559,39,50,49
msg_1288,node49,node14,421,1432748,1432754.0,6.0,,,,9.583989501312336,,49,,6.230769230769231,0,9.583989501312336,561,41,50,49
msg_1289,node49,node15,421,1432748,1432756.0,8.0,,,,9.573856209150327,,49,,8.76923076923077,0,9.573856209150327,558,38,50,49
msg_1290,node49,node16,421,1432748,,,,,,9.846642468239564,,49,,,0,9.846642468239564,760,20,50,49
msg_1291,node49,node17,421,1432748,1432756.0,8.0,,,,9.571801566579634,,49,,9.384615384615385,0,9.571801566579634,557,37,50,49
msg_1292,node49,node18,421,1432748,,,,,,9.846642468239564,,49,,,0,9.846642468239564,760,20,50,49
msg_1293,node49,node19,421,1432748,,,,,,9.846642468239564,,49,,,0,9.846642468239564,760,20,50,49
msg_1294,node49,node20,421,1432748,1432758.0,10.0,,,,9.567708333333334,,49,,10.23076923076923,0,9.567708333333334,555,35,50,49
msg_1295,node49,node21,421,1432748,1432756.0,8.0,,,,9.569752281616688,,49,,7.615384615384615,0,9.569752281616688,556,36,50,49
msg_1296,node49,node22,421,1432748,,,,,,9.846642468239564,,49,,,0,9.846642468239564,760,20,50,49
msg_1297,node49,node23,421,1432748,,,,,,9.846642468239564,,49,,,0,9.846642468239564,760,20,50,49
msg_1298,node49,node24,421,1432748,1432759.0,11.0,,,,9.57012987012987,,49,,11.0,0,9.57012987012987,553,33,50,49
msg_1299,node49,node25,421,1432748,1432760.0,12.0,,,,9.575129533678757,,49,,11.615384615384615,0,9.575129533678757,551,31,50,49
msg_1300,node49,node26,421,1432748,,,,,,9.846642468239564,,49,,,0,9.846642468239564,760,20,50,49
msg_1301,node49,node27,421,1432748,1432761.0,13.0,,,,9.578266494178525,,49,,12.076923076923077,0,9.578266494178525,550,30,50,49
msg_1302,node49,node28,421,1432748,,,,,,9.846642468239564,,49,,,0,9.846642468239564,760,20,50,49
msg_1303,node49,node29,421,1432748,,,,,,9.846642468239564,,49,,,0,9.846642468239564,760,20,50,49
msg_1304,node49,node30,421,1432748,,,,,,9.846642468239564,,49,,,0,9.846642468239564,760,20,50,49
msg_1305,node49,node31,421,1432748,1432759.0,11.0,,,,9.568270481144344,,49,,10.307692307692308,0,9.568270481144344,554,34,50,49
msg_1306,node49,node32,421,1432748,1432760.0,12.0,,,,9.571984435797665,,49,,10.884615384615385,0,9.571984435797665,552,32,50,49
msg_1307,node49,node33,421,1432748,1432761.0,13.0,,,,9.582687338501293,,49,,12.923076923076923,0,9.582687338501293,549,29,50,49
msg_1308,node49,node34,421,1432748,,,,,,9.846642468239564,,49,,,0,9.846642468239564,760,20,50,49
msg_1309,node49,node35,421,1432748,1432762.0,14.0,,,,9.587096774193549,,49,,13.346153846153847,0,9.587096774193549,548,28,50,49
msg_1310,node49,node36,421,1432748,1432762.0,14.0,,,,9.592783505154639,,49,,13.576923076923077,0,9.592783505154639,547,27,50,49
msg_1311,node49,node37,421,1432748,1432762.0,14.0,,,,9.5984555984556,,49,,14.153846153846153,0,9.5984555984556,546,26,50,49
msg_1312,node49,node38,421,1432748,,,,,,9.846642468239564,,49,,,0,9.846642468239564,760,20,50,49
msg_1313,node49,node39,421,1432748,,,,,,9.846642468239564,,49,,,0,9.846642468239564,760,20,50,49
msg_1314,node49,node40,421,1432748,1432764.0,16.0,,,,9.604113110539846,,49,,14.5,0,9.604113110539846,545,25,50,49
msg_1315,node49,node41,421,1432748,1432764.0,16.0,,,,9.61232349165597,,49,,14.846153846153847,0,9.61232349165597,544,24,50,49
msg_1316,node49,node42,421,1432748,,,,,,9.846642468239564,,49,,,0,9.846642468239564,760,20,50,49
msg_1317,node49,node43,421,1432748,,,,,,9.846642468239564,,49,,,0,9.846642468239564,760,20,50,49
msg_1318,node49,node44,421,1432748,1432765.0,17.0,,,,9.62051282051282,,49,,15.26923076923077,0,9.62051282051282,543,23,50,49
msg_1319,node49,node45,421,1432748,1432765.0,17.0,,,,9.629961587708067,,49,,15.615384615384615,0,9.629961587708067,542,22,50,49
msg_1320,node49,node46,421,1432748,1432765.0,17.0,,,,9.639386189258312,,49,,15.961538461538462,0,9.639386189258312,541,21,50,49
msg_1321,node49,node47,421,1432748,,,,,,9.846642468239564,,49,,,0,9.846642468239564,760,20,50,49
msg_1322,node49,node48,421,1432748,,,,,,9.846642468239564,,49,,,0,9.846642468239564,760,20,50,49
msg_1323,node49,node0,420,1447786,1447789.0,3.0,,,,9.648786717752236,,49,,2.2962962962962963,0,9.648786717752236,589,49,50,49
msg_1324,node49,node1,420,1447786,1447789.0,3.0,,,,9.64030612244898,,49,,3.3333333333333335,0,9.64030612244898,588,48,50,49
msg_1325,node49,node2,420,1447786,1447789.0,3.0,,,,9.631847133757962,,49,,3.5555555555555554,0,9.631847133757962,587,47,50,49
msg_1326,node49,node3,420,1447786,1447790.0,4.0,,,,9.614993646759848,,49,,4.851851851851852,0,9.614993646759848,585,45,50,49
msg_1327,node49,node4,420,1447786,,,,,,9.846642468239564,,49,,,0,9.846642468239564,760,20,50,49
msg_1328,node49,node5,420,1447786,,,,,,9.846642468239564,,49,,,0,9.846642468239564,760,20,50,49
msg_1329,node49,node6,420,1447786,1447790.0,4.0,,,,9.607868020304569,,49,,5.2592592592592595,0,9.607868020304569,584,44,50,49
msg_1330,node49,node7,420,1447786,1447791.0,5.0,,,,9.600760456273765,,49,,5.518518518518518,0,9.600760456273765,583,43,50,49
msg_1331,node49,node8,420,1447786,1447791.0,5.0,,,,9.594936708860759,,49,,6.407407407407407,0,9.594936708860759,582,42,50,49
msg_1332,node49,node9,420,1447786,1447792.0,6.0,,,,9.58912768647282,,49,,7.222222222222222,0,9.58912768647282,581,41,50,49
msg_1333,node49,node10,421,1447786,1447789.0,3.0,,,,9.623409669211195,,49,,4.703703703703703,0,9.623409669211195,586,46,50,49
msg_1334,node49,node11,421,1447786,,,,,,9.846642468239564,,49,,,0,9.846642468239564,760,20,50,49
msg_1335,node49,node12,421,1447786,,,,,,9.846642468239564,,49,,,0,9.846642468239564,760,20,50,49
msg_1336,node49,node13,421,1447786,1447795.0,9.0,,,,9.57286432160804,,49,,8.037037037037036,0,9.57286432160804,576,36,50,49
msg_1337,node49,node14,421,1447786,1447793.0,7.0,,,,9.58459595959596,,49,,6.222222222222222,0,9.58459595959596,580,40,50,49
msg_1338,node49,node15,421,1447786,1447795.0,9.0,,,,9.572145545796738,,49,,8.74074074074074,0,9.572145545796738,575,35,50,49
msg_1339,node49,node16,421,1447786,,,,,,9.846642468239564,,49,,,0,9.846642468239564,760,20,50,49
msg_1340,node49,node17,421,1447786,1447796.0,10.0,,,,9.571428571428571,,49,,9.333333333333334,0,9.571428571428571,574,34,50,49
msg_1341,node49,node18,421,1447786,,,,,,9.846642468239564,,49,,,0,9.846642468239564,760,20,50,49
msg_1342,node49,node19,421,1447786,,,,,,9.846642468239564,,49,,,0,9.846642468239564,760,20,50,49
msg_1343,node49,node20,421,1447786,1447796.0,10.0,,,,9.571964956195243,,49,,10.222222222222221,0,9.571964956195243,573,33,50,49
msg_1344,node49,node21,421,1447786,1447793.0,7.0,,,,9.581336696090794,,49,,7.62962962962963,0,9.581336696090794,579,39,50,49
msg_1345,node49,node22,421,1447786,,,,,,9.846642468239564,,49,,,0,9.846642468239564,760,20,50,49
msg_1346,node49,node23,421,1447786,,,,,,9.846642468239564,,49,,,0,9.846642468239564,760,20,50,49
msg_1347,node49,node24,421,1447786,1447796.0,10.0,,,,9.5725,,49,,11.0,0,9.5725,572,32,50,49
msg_1348,node49,node25,421,1447786,1447797.0,11.0,,,,9.573033707865168,,49,,11.62962962962963,0,9.573033707865168,571,31,50,49
msg_1349,node49,node26,421,1447786,,,,,,9.846642468239564,,49,,,0,9.846642468239564,760,20,50,49
msg_1350,node49,node27,421,1447786,1447797.0,11.0,,,,9.574812967581048,,49,,12.11111111111111,0,9.574812967581048,570,30,50,49
msg_1351,node49,node28,421,1447786,,,,,,9.846642468239564,,49,,,0,9.846642468239564,760,20,50,49
msg_1352,node49,node29,421,1447786,,,,,,9.846642468239564,,49,,,0,9.846642468239564,760,20,50,49
msg_1353,node49,node30,421,1447786,,,,,,9.846642468239564,,49,,,0,9.846642468239564,760,20,50,49
msg_1354,node49,node31,421,1447786,1447793.0,7.0,,,,9.57808564231738,,49,,10.333333333333334,0,9.57808564231738,578,38,50,49
msg_1355,node49,node32,421,1447786,1447794.0,8.0,,,,9.574842767295598,,49,,10.925925925925926,0,9.574842767295598,577,37,50,49
msg_1356,node49,node33,421,1447786,1447797.0,11.0,,,,9.576587795765878,,49,,12.925925925925926,0,9.576587795765878,569,29,50,49
msg_1357,node49,node34,421,1447786,,,,,,9.846642468239564,,49,,,0,9.846642468239564,760,20,50,49
msg_1358,node49,node35,421,1447786,1447798.0,12.0,,,,9.578358208955224,,49,,13.37037037037037,0,9.578358208955224,568,28,50,49
msg_1359,node49,node36,421,1447786,1447798.0,12.0,,,,9.58136645962733,,49,,13.592592592592593,0,9.58136645962733,567,27,50,49
msg_1360,node49,node37,421,1447786,1447799.0,13.0,,,,9.584367245657567,,49,,14.148148148148149,0,9.584367245657567,566,26,50,49
msg_1361,node49,node38,421,1447786,,,,,,9.846642468239564,,49,,,0,9.846642468239564,760,20,50,49
msg_1362,node49,node39,421,1447786,,,,,,9.846642468239564,,49,,,0,9.846642468239564,760,20,50,49
msg_1363,node49,node40,421,1447786,1447799.0,13.0,,,,9.588599752168525,,49,,14.555555555555555,0,9.588599752168525,565,25,50,49
msg_1364,node49,node41,421,1447786,1447799.0,13.0,,,,9.592821782178218,,49,,14.88888888888889,0,9.592821782178218,564,24,50,49
msg_1365,node49,node42,421,1447786,,,,,,9.846642468239564,,49,,,0,9.846642468239564,760,20,50,49
msg_1366,node49,node43,421,1447786,,,,,,9.846642468239564,,49,,,0,9.846642468239564,760,20,50,49
msg_1367,node49,node44,421,1447786,1447800.0,14.0,,,,9.597033374536466,,49,,15.333333333333334,0,9.597033374536466,563,23,50,49
msg_1368,node49,node45,421,1447786,1447800.0,14.0,,,,9.602469135802469,,49,,15.666666666666666,0,9.602469135802469,562,22,50,49
msg_1369,node49,node46,421,1447786,1447800.0,14.0,,,,9.607891491985203,,49,,16.0,0,9.607891491985203,561,21,50,49
msg_1370,node49,node47,421,1447786,,,,,,9.846642468239564,,49,,,0,9.846642468239564,760,20,50,49
msg_1371,node49,node48,421,1447786,,,,,,9.846642468239564,,49,,,0,9.846642468239564,760,20,50,49
msg_1372,node49,node0,420,1482349,1482351.0,2.0,,,,9.613300492610838,,49,,2.3214285714285716,0,9.613300492610838,609,49,50,49
msg_1373,node49,node1,420,1482349,1482352.0,3.0,,,,9.603936039360393,,49,,3.3214285714285716,0,9.603936039360393,608,48,50,49
msg_1374,node49,node2,420,1482349,1482353.0,4.0,,,,9.595823095823096,,49,,3.5357142857142856,0,9.595823095823096,607,47,50,49
msg_1375,node49,node3,420,1482349,1482354.0,5.0,,,,9.588957055214724,,49,,4.821428571428571,0,9.588957055214724,606,46,50,49
msg_1376,node49,node4,420,1482349,,,,,,9.846642468239564,,49,,,0,9.846642468239564,760,20,50,49
msg_1377,node49,node5,420,1482349,,,,,,9.846642468239564,,49,,,0,9.846642468239564,760,20,50,49
msg_1378,node49,node6,420,1482349,1482354.0,5.0,,,,9.583333333333334,,49,,5.214285714285714,0,9.583333333333334,605,45,50,49
msg_1379,node49,node7,420,1482349,1482356.0,7.0,,,,9.572127139364303,,49,,5.5,0,9.572127139364303,603,43,50,49
msg_1380,node49,node8,420,1482349,1482356.0,7.0,,,,9.568986568986569,,49,,6.357142857142857,0,9.568986568986569,602,42,50,49
msg_1381,node49,node9,420,1482349,1482356.0,7.0,,,,9.56272838002436,,49,,7.178571428571429,0,9.56272838002436,600,40,50,49
msg_1382,node49,node10,421,1482349,1482354.0,5.0,,,,9.577723378212974,,49,,4.642857142857143,0,9.577723378212974,604,44,50,49
msg_1383,node49,node11,421,1482349,,,,,,9.846642468239564,,49,,,0,9.846642468239564,760,20,50,49
msg_1384,node49,node12,421,1482349,,,,,,9.846642468239564,,49,,,0,9.846642468239564,760,20,50,49
msg_1385,node49,node13,421,1482349,1482358.0,9.0,,,,9.55771567436209,,49,,8.071428571428571,0,9.55771567436209,598,38,50,49
msg_1386,node49,node14,421,1482349,1482356.0,7.0,,,,9.565853658536586,,49,,6.25,0,9.565853658536586,601,41,50,49
msg_1387,node49,node15,421,1482349,1482359.0,10.0,,,,9.557038834951456,,49,,8.75,0,9.557038834951456,597,37,50,49
msg_1388,node49,node16,421,1482349,,,,,,9.846642468239564,,49,,,0,9.846642468239564,760,20,50,49
msg_1389,node49,node17,421,1482349,1482359.0,10.0,,,,9.557575757575757,,49,,9.357142857142858,0,9.557575757575757,596,36,50,49
msg_1390,node49,node18,421,1482349,,,,,,9.846642468239564,,49,,,0,9.846642468239564,760,20,50,49
msg_1391,node49,node19,421,1482349,,,,,,9.846642468239564,,49,,,0,9.846642468239564,760,20,50,49
msg_1392,node49,node20,421,1482349,1482359.0,10.0,,,,9.558111380145279,,49,,10.214285714285714,0,9.558111380145279,595,35,50,49
msg_1393,node49,node21,421,1482349,1482357.0,8.0,,,,9.559610705596107,,49,,7.607142857142857,0,9.559610705596107,599,39,50,49
msg_1394,node49,node22,421,1482349,,,,,,9.846642468239564,,49,,,0,9.846642468239564,760,20,50,49
msg_1395,node49,node23,421,1482349,,,,,,9.846642468239564,,49,,,0,9.846642468239564,760,20,50,49
msg_1396,node49,node24,421,1482349,1482360.0,11.0,,,,9.558645707376058,,49,,10.964285714285714,0,9.558645707376058,594,34,50,49
msg_1397,node49,node25,421,1482349,1482360.0,11.0,,,,9.560386473429952,,49,,11.607142857142858,0,9.560386473429952,593,33,50,49
msg_1398,node49,node26,421,1482349,,,,,,9.846642468239564,,49,,,0,9.846642468239564,760,20,50,49
msg_1399,node49,node27,421,1482349,1482360.0,11.0,,,,9.562123039806997,,49,,12.071428571428571,0,9.562123039806997,592,32,50,49
msg_1400,node49,node28,421,1482349,,,,,,9.846642468239564,,49,,,0,9.846642468239564,760,20,50,49
msg_1401,node49,node29,421,1482349,,,,,,9.846642468239564,,49,,,0,9.846642468239564,760,20,50,49
msg_1402,node49,node30,421,1482349,,,,,,9.846642468239564,,49,,,0,9.846642468239564,760,20,50,49
msg_1403,node49,node31,421,1482349,1482361.0,12.0,,,,9.563855421686746,,49,,10.214285714285714,0,9.563855421686746,591,31,50,49
msg_1404,node49,node32,421,1482349,1482361.0,12.0,,,,9.566787003610107,,49,,10.821428571428571,0,9.566787003610107,590,30,50,49
msg_1405,node49,node33,421,1482349,1482362.0,13.0,,,,9.569711538461538,,49,,12.857142857142858,0,9.569711538461538,589,29,50,49
msg_1406,node49,node34,421,1482349,,,,,,9.846642468239564,,49,,,0,9.846642468239564,760,20,50,49
msg_1407,node49,node35,421,1482349,1482363.0,14.0,,,,9.573829531812725,,49,,13.321428571428571,0,9.573829531812725,588,28,50,49
msg_1408,node49,node36,421,1482349,1482363.0,14.0,,,,9.579136690647482,,49,,13.535714285714286,0,9.579136690647482,587,27,50,49
msg_1409,node49,node37,421,1482349,1482363.0,14.0,,,,9.58443113772455,,49,,14.107142857142858,0,9.58443113772455,586,26,50,49
msg_1410,node49,node38,421,1482349,,,,,,9.846642468239564,,49,,,0,9.846642468239564,760,20,50,49
msg_1411,node49,node39,421,1482349,,,,,,9.846642468239564,,49,,,0,9.846642468239564,760,20,50,49
msg_1412,node49,node40,421,1482349,1482364.0,15.0,,,,9.589712918660288,,49,,14.5,0,9.589712918660288,585,25,50,49
msg_1413,node49,node41,421,1482349,1482364.0,15.0,,,,9.596176821983274,,49,,14.821428571428571,0,9.596176821983274,584,24,50,49
msg_1414,node49,node42,421,1482349,,,,,,9.846642468239564,,49,,,0,9.846642468239564,760,20,50,49
msg_1415,node49,node43,421,1482349,,,,,,9.846642468239564,,49,,,0,9.846642468239564,760,20,50,49
msg_1416,node49,node44,421,1482349,1482365.0,16.0,,,,9.602625298329356,,49,,15.285714285714286,0,9.602625298329356,583,23,50,49
msg_1417,node49,node45,421,1482349,1482365.0,16.0,,,,9.610250297973778,,49,,15.607142857142858,0,9.610250297973778,582,22,50,49
msg_1418,node49,node46,421,1482349,1482365.0,16.0,,,,9.617857142857142,,49,,15.928571428571429,0,9.617857142857142,581,21,50,49
msg_1419,node49,node47,421,1482349,,,,,,9.846642468239564,,49,,,0,9.846642468239564,760,20,50,49
msg_1420,node49,node48,421,1482349,,,,,,9.846642468239564,,49,,,0,9.846642468239564,760,20,50,49
msg_1421,node49,node0,420,1523436,1523439.0,3.0,,,,9.625445897740784,,49,,2.310344827586207,0,9.625445897740784,629,49,50,49
msg_1422,node49,node1,420,1523436,1523440.0,4.0,,,,9.617577197149643,,49,,3.310344827586207,0,9.617577197149643,628,48,50,49
msg_1423,node49,node2,420,1523436,1523440.0,4.0,,,,9.610913404507711,,49,,3.5517241379310347,0,9.610913404507711,627,47,50,49
msg_1424,node49,node3,420,1523436,1523442.0,6.0,,,,9.604265402843602,,49,,4.827586206896552,0,9.604265402843602,626,46,50,49
msg_1425,node49,node4,420,1523436,,,,,,9.846642468239564,,49,,,0,9.846642468239564,760,20,50,49
msg_1426,node49,node5,420,1523436,,,,,,9.846642468239564,,49,,,0,9.846642468239564,760,20,50,49
msg_1427,node49,node6,420,1523436,1523442.0,6.0,,,,9.6,,49,,5.206896551724138,0,9.6,625,45,50,49
msg_1428,node49,node7,420,1523436,1523442.0,6.0,,,,9.595744680851064,,49,,5.551724137931035,0,9.595744680851064,624,44,50,49
msg_1429,node49,node8,420,1523436,1523443.0,7.0,,,,9.588443396226415,,49,,6.379310344827586,0,9.588443396226415,622,42,50,49
msg_1430,node49,node9,420,1523436,1523444.0,8.0,,,,9.58235294117647,,49,,7.172413793103448,0,9.58235294117647,620,40,50,49
msg_1431,node49,node10,421,1523436,1523443.0,7.0,,,,9.591499409681228,,49,,4.655172413793103,0,9.591499409681228,623,43,50,49
msg_1432,node49,node11,421,1523436,,,,,,9.846642468239564,,49,,,0,9.846642468239564,760,20,50,49
msg_1433,node49,node12,421,1523436,,,,,,9.846642468239564,,49,,,0,9.846642468239564,760,20,50,49
msg_1434,node49,node13,421,1523436,1523445.0,9.0,,,,9.580493537015276,,49,,8.10344827586207,0,9.580493537015276,619,39,50,49
msg_1435,node49,node14,421,1523436,1523443.0,7.0,,,,9.585394581861014,,49,,6.275862068965517,0,9.585394581861014,621,41,50,49
msg_1436,node49,node15,421,1523436,1523445.0,9.0,,,,9.57981220657277,,49,,8.793103448275861,0,9.57981220657277,618,38,50,49
msg_1437,node49,node16,421,1523436,,,,,,9.846642468239564,,49,,,0,9.846642468239564,760,20,50,49
msg_1438,node49,node17,421,1523436,1523445.0,9.0,,,,9.57913247362251,,49,,9.379310344827585,0,9.57913247362251,617,37,50,49
msg_1439,node49,node18,421,1523436,,,,,,9.846642468239564,,49,,,0,9.846642468239564,760,20,50,49
msg_1440,node49,node19,421,1523436,,,,,,9.846642468239564,,49,,,0,9.846642468239564,760,20,50,49
msg_1441,node49,node20,421,1523436,1523447.0,11.0,,,,9.577777777777778,,49,,10.206896551724139,0,9.577777777777778,615,35,50,49
msg_1442,node49,node21,421,1523436,1523445.0,9.0,,,,9.578454332552694,,49,,7.620689655172414,0,9.578454332552694,616,36,50,49
msg_1443,node49,node22,421,1523436,,,,,,9.846642468239564,,49,,,0,9.846642468239564,760,20,50,49
msg_1444,node49,node23,421,1523436,,,,,,9.846642468239564,,49,,,0,9.846642468239564,760,20,50,49
msg_1445,node49,node24,421,1523436,1523448.0,12.0,,,,9.582263710618436,,49,,10.96551724137931,0,9.582263710618436,613,33,50,49
msg_1446,node49,node25,421,1523436,1523449.0,13.0,,,,9.58905704307334,,49,,11.586206896551724,0,9.58905704307334,611,31,50,49
msg_1447,node49,node26,421,1523436,,,,,,9.846642468239564,,49,,,0,9.846642468239564,760,20,50,49
msg_1448,node49,node27,421,1523436,1523450.0,14.0,,,,9.593023255813954,,49,,12.03448275862069,0,9.593023255813954,610,30,50,49
msg_1449,node49,node28,421,1523436,,,,,,9.846642468239564,,49,,,0,9.846642468239564,760,20,50,49
msg_1450,node49,node29,421,1523436,,,,,,9.846642468239564,,49,,,0,9.846642468239564,760,20,50,49
msg_1451,node49,node30,421,1523436,,,,,,9.846642468239564,,49,,,0,9.846642468239564,760,20,50,49
msg_1452,node49,node31,421,1523436,1523448.0,12.0,,,,9.57943925233645,,49,,10.275862068965518,0,9.57943925233645,614,34,50,49
msg_1453,node49,node32,421,1523436,1523449.0,13.0,,,,9.585081585081586,,49,,10.862068965517242,0,9.585081585081586,612,32,50,49
msg_1454,node49,node33,421,1523436,1523450.0,14.0,,,,9.59814169570267,,49,,12.862068965517242,0,9.59814169570267,609,29,50,49
msg_1455,node49,node34,421,1523436,,,,,,9.846642468239564,,49,,,0,9.846642468239564,760,20,50,49
msg_1456,node49,node35,421,1523436,1523451.0,15.0,,,,9.60324825986079,,49,,13.344827586206897,0,9.60324825986079,608,28,50,49
msg_1457,node49,node36,421,1523436,1523451.0,15.0,,,,9.609501738122827,,49,,13.551724137931034,0,9.609501738122827,607,27,50,49
msg_1458,node49,node37,421,1523436,1523451.0,15.0,,,,9.61574074074074,,49,,14.10344827586207,0,9.61574074074074,606,26,50,49
msg_1459,node49,node38,421,1523436,,,,,,9.846642468239564,,49,,,0,9.846642468239564,760,20,50,49
msg_1460,node49,node39,421,1523436,,,,,,9.846642468239564,,49,,,0,9.846642468239564,760,20,50,49
msg_1461,node49,node40,421,1523436,1523453.0,17.0,,,,9.621965317919075,,49,,14.517241379310345,0,9.621965317919075,605,25,50,49
msg_1462,node49,node41,421,1523436,1523453.0,17.0,,,,9.630484988452656,,49,,14.827586206896552,0,9.630484988452656,604,24,50,49
msg_1463,node49,node42,421,1523436,,,,,,9.846642468239564,,49,,,0,9.846642468239564,760,20,50,49
msg_1464,node49,node43,421,1523436,,,,,,9.846642468239564,,49,,,0,9.846642468239564,760,20,50,49
msg_1465,node49,node44,421,1523436,1523454.0,18.0,,,,9.638985005767013,,49,,15.310344827586206,0,9.638985005767013,603,23,50,49
msg_1466,node49,node45,421,1523436,1523454.0,18.0,,,,9.648617511520737,,49,,15.620689655172415,0,9.648617511520737,602,22,50,49
msg_1467,node49,node46,421,1523436,1523454.0,18.0,,,,9.658227848101266,,49,,15.931034482758621,0,9.658227848101266,601,21,50,49
msg_1468,node49,node47,421,1523436,,,,,,9.846642468239564,,49,,,0,9.846642468239564,760,20,50,49
msg_1469,node49,node48,421,1523436,,,,,,9.846642468239564,,49,,,0,9.846642468239564,760,20,50,49
msg_1470,node49,node0,420,1539360,1539362.0,2.0,,,,9.667816091954023,,49,,2.3333333333333335,0,9.667816091954023,649,49,50,49
msg_1471,node49,node1,420,1539360,1539363.0,3.0,,,,9.659012629161882,,49,,3.3333333333333335,0,9.659012629161882,648,48,50,49
msg_1472,node49,node2,420,1539360,1539363.0,3.0,,,,9.65137614678899,,49,,3.566666666666667,0,9.65137614678899,647,47,50,49
msg_1473,node49,node3,420,1539360,1539365.0,5.0,,,,9.643757159221076,,49,,4.866666666666666,0,9.643757159221076,646,46,50,49
msg_1474,node49,node4,420,1539360,,,,,,9.846642468239564,,49,,,0,9.846642468239564,760,20,50,49
msg_1475,node49,node5,420,1539360,,,,,,9.846642468239564,,49,,,0,9.846642468239564,760,20,50,49
msg_1476,node49,node6,420,1539360,1539365.0,5.0,,,,9.638443935926773,,49,,5.233333333333333,0,9.638443935926773,645,45,50,49
msg_1477,node49,node7,420,1539360,1539365.0,5.0,,,,9.633142857142857,,49,,5.566666666666666,0,9.633142857142857,644,44,50,49
msg_1478,node49,node8,420,1539360,1539366.0,6.0,,,,9.623717217787913,,49,,6.4,0,9.623717217787913,642,42,50,49
msg_1479,node49,node9,420,1539360,1539367.0,7.0,,,,9.61547212741752,,49,,7.2,0,9.61547212741752,640,40,50,49
msg_1480,node49,node10,421,1539360,1539366.0,6.0,,,,9.627853881278538,,49,,4.733333333333333,0,9.627853881278538,643,43,50,49
msg_1481,node49,node11,421,1539360,,,,,,9.846642468239564,,49,,,0,9.846642468239564,760,20,50,49
msg_1482,node49,node12,421,1539360,,,,,,9.846642468239564,,49,,,0,9.846642468239564,760,20,50,49
msg_1483,node49,node13,421,1539360,1539368.0,8.0,,,,9.6125,,49,,8.133333333333333,0,9.6125,639,39,50,49
msg_1484,node49,node14,421,1539360,1539366.0,6.0,,,,9.619589977220956,,49,,6.3,0,9.619589977220956,641,41,50,49
msg_1485,node49,node15,421,1539360,1539368.0,8.0,,,,9.61066969353008,,49,,8.8,0,9.61066969353008,638,38,50,49
msg_1486,node49,node16,421,1539360,,,,,,9.846642468239564,,49,,,0,9.846642468239564,760,20,50,49
msg_1487,node49,node17,421,1539360,1539368.0,8.0,,,,9.608843537414966,,49,,9.366666666666667,0,9.608843537414966,637,37,50,49
msg_1488,node49,node18,421,1539360,,,,,,9.846642468239564,,49,,,0,9.846642468239564,760,20,50,49
msg_1489,node49,node19,421,1539360,,,,,,9.846642468239564,,49,,,0,9.846642468239564,760,20,50,49
msg_1490,node49,node20,421,1539360,1539370.0,10.0,,,,9.605203619909503,,49,,10.233333333333333,0,9.605203619909503,635,35,50,49
msg_1491,node49,node21,421,1539360,1539368.0,8.0,,,,9.607021517553793,,49,,7.666666666666667,0,9.607021517553793,636,36,50,49
msg_1492,node49,node22,421,1539360,,,,,,9.846642468239564,,49,,,0,9.846642468239564,760,20,50,49
msg_1493,node49,node23,421,1539360,,,,,,9.846642468239564,,49,,,0,9.846642468239564,760,20,50,49
msg_1494,node49,node24,421,1539360,1539372.0,12.0,,,,9.608793686583992,,49,,11.0,0,9.608793686583992,632,32,50,49
msg_1495,node49,node25,421,1539360,1539373.0,13.0,,,,9.611486486486486,,49,,11.633333333333333,0,9.611486486486486,631,31,50,49
msg_1496,node49,node26,421,1539360,,,,,,9.846642468239564,,49,,,0,9.846642468239564,760,20,50,49
msg_1497,node49,node27,421,1539360,1539373.0,13.0,,,,9.615298087739033,,49,,12.1,0,9.615298087739033,630,30,50,49
msg_1498,node49,node28,421,1539360,,,,,,9.846642468239564,,49,,,0,9.846642468239564,760,20,50,49
msg_1499,node49,node29,421,1539360,,,,,,9.846642468239564,,49,,,0,9.846642468239564,760,20,50,49
msg_1500,node49,node30,421,1539360,,,,,,9.846642468239564,,49,,,0,9.846642468239564,760,20,50,49
msg_1501,node49,node31,421,1539360,1539371.0,11.0,,,,9.605649717514124,,49,,10.333333333333334,0,9.605649717514124,634,34,50,49
msg_1502,node49,node32,421,1539360,1539371.0,11.0,,,,9.607223476297968,,49,,10.933333333333334,0,9.607223476297968,633,33,50,49
msg_1503,node49,node33,421,1539360,1539373.0,13.0,,,,9.619101123595506,,49,,12.9,0,9.619101123595506,629,29,50,49
msg_1504,node49,node34,421,1539360,,,,,,9.846642468239564,,49,,,0,9.846642468239564,760,20,50,49
msg_1505,node49,node35,421,1539360,1539374.0,14.0,,,,9.622895622895623,,49,,13.4,0,9.622895622895623,628,28,50,49
msg_1506,node49,node36,421,1539360,1539374.0,14.0,,,,9.627802690582959,,49,,13.6,0,9.627802690582959,627,27,50,49
msg_1507,node49,node37,421,1539360,1539374.0,14.0,,,,9.632698768197088,,49,,14.133333333333333,0,9.632698768197088,626,26,50,49
msg_1508,node49,node38,421,1539360,,,,,,9.846642468239564,,49,,,0,9.846642468239564,760,20,50,49
msg_1509,node49,node39,421,1539360,,,,,,9.846642468239564,,49,,,0,9.846642468239564,760,20,50,49
msg_1510,node49,node40,421,1539360,1539375.0,15.0,,,,9.63758389261745,,49,,14.6,0,9.63758389261745,625,25,50,49
msg_1511,node49,node41,421,1539360,1539376.0,16.0,,,,9.643575418994413,,49,,14.9,0,9.643575418994413,624,24,50,49
msg_1512,node49,node42,421,1539360,,,,,,9.846642468239564,,49,,,0,9.846642468239564,760,20,50,49
msg_1513,node49,node43,421,1539360,,,,,,9.846642468239564,,49,,,0,9.846642468239564,760,20,50,49
msg_1514,node49,node44,421,1539360,1539377.0,17.0,,,,9.650669642857142,,49,,15.4,0,9.650669642857142,623,23,50,49
msg_1515,node49,node45,421,1539360,1539377.0,17.0,,,,9.658862876254181,,49,,15.7,0,9.658862876254181,622,22,50,49
msg_1516,node49,node46,421,1539360,1539377.0,17.0,,,,9.667037861915368,,49,,16.0,0,9.667037861915368,621,21,50,49
msg_1517,node49,node47,421,1539360,,,,,,9.846642468239564,,49,,,0,9.846642468239564,760,20,50,49
msg_1518,node49,node48,421,1539360,,,,,,9.846642468239564,,49,,,0,9.846642468239564,760,20,50,49
msg_1519,node49,node0,420,1555108,1555110.0,2.0,,,,9.67519466073415,,49,,2.3225806451612905,0,9.67519466073415,669,49,50,49
msg_1520,node49,node1,420,1555108,1555111.0,3.0,,,,9.666666666666666,,49,,3.3225806451612905,0,9.666666666666666,668,48,50,49
msg_1521,node49,node2,420,1555108,1555112.0,4.0,,,,9.64562569213732,,49,,3.5483870967741935,0,9.64562569213732,665,45,50,49
msg_1522,node49,node3,420,1555108,1555113.0,5.0,,,,9.639380530973451,,49,,4.870967741935484,0,9.639380530973451,664,44,50,49
msg_1523,node49,node4,420,1555108,,,,,,9.846642468239564,,49,,,0,9.846642468239564,760,20,50,49
msg_1524,node49,node5,420,1555108,,,,,,9.846642468239564,,49,,,0,9.846642468239564,760,20,50,49
msg_1525,node49,node6,420,1555108,1555114.0,6.0,,,,9.634254143646409,,49,,5.225806451612903,0,9.634254143646409,663,43,50,49
msg_1526,node49,node7,420,1555108,1555114.0,6.0,,,,9.630242825607064,,49,,5.548387096774194,0,9.630242825607064,662,42,50,49
msg_1527,node49,node8,420,1555108,1555114.0,6.0,,,,9.626240352811466,,49,,6.387096774193548,0,9.626240352811466,661,41,50,49
msg_1528,node49,node9,420,1555108,1555115.0,7.0,,,,9.618261826182618,,49,,7.193548387096774,0,9.618261826182618,659,39,50,49
msg_1529,node49,node10,421,1555108,1555111.0,3.0,,,,9.659267480577137,,49,,4.774193548387097,0,9.659267480577137,667,47,50,49
msg_1530,node49,node11,421,1555108,,,,,,9.846642468239564,,49,,,0,9.846642468239564,760,20,50,49
msg_1531,node49,node12,421,1555108,,,,,,9.846642468239564,,49,,,0,9.846642468239564,760,20,50,49
msg_1532,node49,node13,421,1555108,1555115.0,7.0,,,,9.615384615384615,,49,,8.129032258064516,0,9.615384615384615,658,38,50,49
msg_1533,node49,node14,421,1555108,1555112.0,4.0,,,,9.651884700665189,,49,,6.290322580645161,0,9.651884700665189,666,46,50,49
msg_1534,node49,node15,421,1555108,1555116.0,8.0,,,,9.612513721185511,,49,,8.774193548387096,0,9.612513721185511,657,37,50,49
msg_1535,node49,node16,421,1555108,,,,,,9.846642468239564,,49,,,0,9.846642468239564,760,20,50,49
msg_1536,node49,node17,421,1555108,1555116.0,8.0,,,,9.610745614035087,,49,,9.32258064516129,0,9.610745614035087,656,36,50,49
msg_1537,node49,node18,421,1555108,,,,,,9.846642468239564,,49,,,0,9.846642468239564,760,20,50,49
msg_1538,node49,node19,421,1555108,,,,,,9.846642468239564,,49,,,0,9.846642468239564,760,20,50,49
msg_1539,node49,node20,421,1555108,1555117.0,9.0,,,,9.608981380065718,,49,,10.225806451612904,0,9.608981380065718,655,35,50,49
msg_1540,node49,node21,421,1555108,1555114.0,6.0,,,,9.622246696035242,,49,,7.67741935483871,0,9.622246696035242,660,40,50,49
msg_1541,node49,node22,421,1555108,,,,,,9.846642468239564,,49,,,0,9.846642468239564,760,20,50,49
msg_1542,node49,node23,421,1555108,,,,,,9.846642468239564,,49,,,0,9.846642468239564,760,20,50,49
msg_1543,node49,node24,421,1555108,1555119.0,11.0,,,,9.608078602620088,,49,,11.03225806451613,0,9.608078602620088,652,32,50,49
msg_1544,node49,node25,421,1555108,1555119.0,11.0,,,,9.60959651035987,,49,,11.67741935483871,0,9.60959651035987,651,31,50,49
msg_1545,node49,node26,421,1555108,,,,,,9.846642468239564,,49,,,0,9.846642468239564,760,20,50,49
msg_1546,node49,node27,421,1555108,1555119.0,11.0,,,,9.61111111111111,,49,,12.129032258064516,0,9.61111111111111,650,30,50,49
msg_1547,node49,node28,421,1555108,,,,,,9.846642468239564,,49,,,0,9.846642468239564,760,20,50,49
msg_1548,node49,node29,421,1555108,,,,,,9.846642468239564,,49,,,0,9.846642468239564,760,20,50,49
msg_1549,node49,node30,421,1555108,,,,,,9.846642468239564,,49,,,0,9.846642468239564,760,20,50,49
msg_1550,node49,node31,421,1555108,1555117.0,9.0,,,,9.608315098468271,,49,,10.35483870967742,0,9.608315098468271,654,34,50,49
msg_1551,node49,node32,421,1555108,1555118.0,10.0,,,,9.607650273224044,,49,,10.935483870967742,0,9.607650273224044,653,33,50,49
msg_1552,node49,node33,421,1555108,1555120.0,12.0,,,,9.612622415669206,,49,,12.903225806451612,0,9.612622415669206,649,29,50,49
msg_1553,node49,node34,421,1555108,,,,,,9.846642468239564,,49,,,0,9.846642468239564,760,20,50,49
msg_1554,node49,node35,421,1555108,1555120.0,12.0,,,,9.615217391304348,,49,,13.419354838709678,0,9.615217391304348,648,28,50,49
msg_1555,node49,node36,421,1555108,1555121.0,13.0,,,,9.617806731813246,,49,,13.612903225806452,0,9.617806731813246,647,27,50,49
msg_1556,node49,node37,421,1555108,1555121.0,13.0,,,,9.621475054229935,,49,,14.129032258064516,0,9.621475054229935,646,26,50,49
msg_1557,node49,node38,421,1555108,,,,,,9.846642468239564,,49,,,0,9.846642468239564,760,20,50,49
msg_1558,node49,node39,421,1555108,,,,,,9.846642468239564,,49,,,0,9.846642468239564,760,20,50,49
msg_1559,node49,node40,421,1555108,1555121.0,13.0,,,,9.62513542795233,,49,,14.612903225806452,0,9.62513542795233,645,25,50,49
msg_1560,node49,node41,421,1555108,1555122.0,14.0,,,,9.628787878787879,,49,,14.935483870967742,0,9.628787878787879,644,24,50,49
msg_1561,node49,node42,421,1555108,,,,,,9.846642468239564,,49,,,0,9.846642468239564,760,20,50,49
msg_1562,node49,node43,421,1555108,,,,,,9.846642468239564,,49,,,0,9.846642468239564,760,20,50,49
msg_1563,node49,node44,421,1555108,1555122.0,14.0,,,,9.633513513513513,,49,,15.451612903225806,0,9.633513513513513,643,23,50,49
msg_1564,node49,node45,421,1555108,1555122.0,14.0,,,,9.638228941684666,,49,,15.741935483870968,0,9.638228941684666,642,22,50,49
msg_1565,node49,node46,421,1555108,1555123.0,15.0,,,,9.642934196332254,,49,,16.032258064516128,0,9.642934196332254,641,21,50,49
msg_1566,node49,node47,421,1555108,,,,,,9.846642468239564,,49,,,0,9.846642468239564,760,20,50,49
msg_1567,node49,node48,421,1555108,,,,,,9.846642468239564,,49,,,0,9.846642468239564,760,20,50,49
msg_1568,node49,node0,420,1569922,1569926.0,4.0,,,,9.648706896551724,,49,,2.3125,0,9.648706896551724,689,49,50,49
msg_1569,node49,node1,420,1569922,1569928.0,6.0,,,,9.642626480086115,,49,,3.3125,0,9.642626480086115,688,48,50,49
msg_1570,node49,node2,420,1569922,1569928.0,6.0,,,,9.638709677419355,,49,,3.5625,0,9.638709677419355,687,47,50,49
msg_1571,node49,node3,420,1569922,1569928.0,6.0,,,,9.634801288936627,,49,,4.875,0,9.634801288936627,686,46,50,49
msg_1572,node49,node4,420,1569922,,,,,,9.846642468239564,,49,,,0,9.846642468239564,760,20,50,49
msg_1573,node49,node5,420,1569922,,,,,,9.846642468239564,,49,,,0,9.846642468239564,760,20,50,49
msg_1574,node49,node6,420,1569922,1569930.0,8.0,,,,9.630901287553648,,49,,5.25,0,9.630901287553648,685,45,50,49
msg_1575,node49,node7,420,1569922,1569930.0,8.0,,,,9.629153269024652,,49,,5.5625,0,9.629153269024652,684,44,50,49
msg_1576,node49,node8,420,1569922,1569931.0,9.0,,,,9.627408993576017,,49,,6.375,0,9.627408993576017,683,43,50,49
msg_1577,node49,node9,420,1569922,1569931.0,9.0,,,,9.626737967914439,,49,,7.1875,0,9.626737967914439,682,42,50,49
msg_1578,node49,node10,421,1569922,1569931.0,9.0,,,,9.626068376068377,,49,,4.71875,0,9.626068376068377,681,41,50,49
msg_1579,node49,node11,421,1569922,,,,,,9.846642468239564,,49,,,0,9.846642468239564,760,20,50,49
msg_1580,node49,node12,421,1569922,,,,,,9.846642468239564,,49,,,0,9.846642468239564,760,20,50,49
msg_1581,node49,node13,421,1569922,1569934.0,12.0,,,,9.627263045793397,,49,,8.09375,0,9.627263045793397,678,38,50,49
msg_1582,node49,node14,421,1569922,1569932.0,10.0,,,,9.625400213447172,,49,,6.21875,0,9.625400213447172,680,40,50,49
msg_1583,node49,node15,421,1569922,1569934.0,12.0,,,,9.629787234042553,,49,,8.75,0,9.629787234042553,677,37,50,49
msg_1584,node49,node16,421,1569922,,,,,,9.846642468239564,,49,,,0,9.846642468239564,760,20,50,49
msg_1585,node49,node17,421,1569922,1569934.0,12.0,,,,9.63230605738576,,49,,9.28125,0,9.63230605738576,676,36,50,49
msg_1586,node49,node18,421,1569922,,,,,,9.846642468239564,,49,,,0,9.846642468239564,760,20,50,49
msg_1587,node49,node19,421,1569922,,,,,,9.846642468239564,,49,,,0,9.846642468239564,760,20,50,49
msg_1588,node49,node20,421,1569922,1569935.0,13.0,,,,9.634819532908704,,49,,10.1875,0,9.634819532908704,675,35,50,49
msg_1589,node49,node21,421,1569922,1569933.0,11.0,,,,9.625799573560768,,49,,7.625,0,9.625799573560768,679,39,50,49
msg_1590,node49,node22,421,1569922,,,,,,9.846642468239564,,49,,,0,9.846642468239564,760,20,50,49
msg_1591,node49,node23,421,1569922,,,,,,9.846642468239564,,49,,,0,9.846642468239564,760,20,50,49
msg_1592,node49,node24,421,1569922,1569936.0,14.0,,,,9.638388123011666,,49,,11.03125,0,9.638388123011666,674,34,50,49
msg_1593,node49,node25,421,1569922,1569936.0,14.0,,,,9.647619047619047,,49,,11.65625,0,9.647619047619047,672,32,50,49
msg_1594,node49,node26,421,1569922,,,,,,9.846642468239564,,49,,,0,9.846642468239564,760,20,50,49
msg_1595,node49,node27,421,1569922,1569936.0,14.0,,,,9.656810982048574,,49,,12.09375,0,9.656810982048574,670,30,50,49
msg_1596,node49,node28,421,1569922,,,,,,9.846642468239564,,49,,,0,9.846642468239564,760,20,50,49
msg_1597,node49,node29,421,1569922,,,,,,9.846642468239564,,49,,,0,9.846642468239564,760,20,50,49
msg_1598,node49,node30,421,1569922,,,,,,9.846642468239564,,49,,,0,9.846642468239564,760,20,50,49
msg_1599,node49,node31,421,1569922,1569936.0,14.0,,,,9.643008474576272,,49,,10.3125,0,9.643008474576272,673,33,50,49
msg_1600,node49,node32,421,1569922,1569936.0,14.0,,,,9.652219873150106,,49,,10.90625,0,9.652219873150106,671,31,50,49
msg_1601,node49,node33,421,1569922,1569937.0,15.0,,,,9.66139240506329,,49,,12.875,0,9.66139240506329,669,29,50,49
msg_1602,node49,node34,421,1569922,,,,,,9.846642468239564,,49,,,0,9.846642468239564,760,20,50,49
msg_1603,node49,node35,421,1569922,1569938.0,16.0,,,,9.667017913593256,,49,,13.375,0,9.667017913593256,668,28,50,49
msg_1604,node49,node36,421,1569922,1569938.0,16.0,,,,9.673684210526316,,49,,13.59375,0,9.673684210526316,667,27,50,49
msg_1605,node49,node37,421,1569922,1569939.0,17.0,,,,9.680336487907466,,49,,14.09375,0,9.680336487907466,666,26,50,49
msg_1606,node49,node38,421,1569922,,,,,,9.846642468239564,,49,,,0,9.846642468239564,760,20,50,49
msg_1607,node49,node39,421,1569922,,,,,,9.846642468239564,,49,,,0,9.846642468239564,760,20,50,49
msg_1608,node49,node40,421,1569922,1569939.0,17.0,,,,9.688025210084033,,49,,14.5625,0,9.688025210084033,665,25,50,49
msg_1609,node49,node41,421,1569922,1569939.0,17.0,,,,9.695697796432318,,49,,14.90625,0,9.695697796432318,664,24,50,49
msg_1610,node49,node42,421,1569922,,,,,,9.846642468239564,,49,,,0,9.846642468239564,760,20,50,49
msg_1611,node49,node43,421,1569922,,,,,,9.846642468239564,,49,,,0,9.846642468239564,760,20,50,49
msg_1612,node49,node44,421,1569922,1569940.0,18.0,,,,9.70335429769392,,49,,15.40625,0,9.70335429769392,663,23,50,49
msg_1613,node49,node45,421,1569922,1569940.0,18.0,,,,9.712041884816754,,49,,15.6875,0,9.712041884816754,662,22,50,49
msg_1614,node49,node46,421,1569922,1569940.0,18.0,,,,9.72071129707113,,49,,16.0,0,9.72071129707113,661,21,50,49
msg_1615,node49,node47,421,1569922,,,,,,9.846642468239564,,49,,,0,9.846642468239564,760,20,50,49
msg_1616,node49,node48,421,1569922,,,,,,9.846642468239564,,49,,,0,9.846642468239564,760,20,50,49
msg_1617,node49,node0,420,1606849,1606852.0,3.0,,,,9.729362591431556,,49,,2.3636363636363638,0,9.729362591431556,709,49,50,49
msg_1618,node49,node1,420,1606849,1606853.0,4.0,,,,9.722338204592901,,49,,3.393939393939394,0,9.722338204592901,708,48,50,49
msg_1619,node49,node2,420,1606849,1606853.0,4.0,,,,9.716371220020855,,49,,3.6363636363636362,0,9.716371220020855,707,47,50,49
msg_1620,node49,node3,420,1606849,1606855.0,6.0,,,,9.710416666666667,,49,,4.909090909090909,0,9.710416666666667,706,46,50,49
msg_1621,node49,node4,420,1606849,,,,,,9.846642468239564,,49,,,0,9.846642468239564,760,20,50,49
msg_1622,node49,node5,420,1606849,,,,,,9.846642468239564,,49,,,0,9.846642468239564,760,20,50,49
msg_1623,node49,node6,420,1606849,1606855.0,6.0,,,,9.706555671175858,,49,,5.333333333333333,0,9.706555671175858,705,45,50,49
msg_1624,node49,node7,420,1606849,1606855.0,6.0,,,,9.698857736240914,,49,,5.636363636363637,0,9.698857736240914,703,43,50,49
msg_1625,node49,node8,420,1606849,1606857.0,8.0,,,,9.69222797927461,,49,,6.454545454545454,0,9.69222797927461,701,41,50,49
msg_1626,node49,node9,420,1606849,1606857.0,8.0,,,,9.69047619047619,,49,,7.242424242424242,0,9.69047619047619,700,40,50,49
msg_1627,node49,node10,421,1606849,1606855.0,6.0,,,,9.702702702702704,,49,,4.848484848484849,0,9.702702702702704,704,44,50,49
msg_1628,node49,node11,421,1606849,,,,,,9.846642468239564,,49,,,0,9.846642468239564,760,20,50,49
msg_1629,node49,node12,421,1606849,,,,,,9.846642468239564,,49,,,0,9.846642468239564,760,20,50,49
msg_1630,node49,node13,421,1606849,1606858.0,9.0,,,,9.688728024819028,,49,,8.212121212121213,0,9.688728024819028,699,39,50,49
msg_1631,node49,node14,421,1606849,1606856.0,7.0,,,,9.695020746887966,,49,,6.333333333333333,0,9.695020746887966,702,42,50,49
msg_1632,node49,node15,421,1606849,1606858.0,9.0,,,,9.688016528925619,,49,,8.848484848484848,0,9.688016528925619,698,38,50,49
msg_1633,node49,node16,421,1606849,,,,,,9.846642468239564,,49,,,0,9.846642468239564,760,20,50,49
msg_1634,node49,node17,421,1606849,1606859.0,10.0,,,,9.687306501547988,,49,,9.363636363636363,0,9.687306501547988,697,37,50,49
msg_1635,node49,node18,421,1606849,,,,,,9.846642468239564,,49,,,0,9.846642468239564,760,20,50,49
msg_1636,node49,node19,421,1606849,,,,,,9.846642468239564,,49,,,0,9.846642468239564,760,20,50,49
msg_1637,node49,node20,421,1606849,1606859.0,10.0,,,,9.68762886597938,,49,,10.272727272727273,0,9.68762886597938,696,36,50,49
msg_1638,node49,node21,421,1606849,1606859.0,10.0,,,,9.687950566426364,,49,,7.7272727272727275,0,9.687950566426364,695,35,50,49
msg_1639,node49,node22,421,1606849,,,,,,9.846642468239564,,49,,,0,9.846642468239564,760,20,50,49
msg_1640,node49,node23,421,1606849,,,,,,9.846642468239564,,49,,,0,9.846642468239564,760,20,50,49
msg_1641,node49,node24,421,1606849,1606861.0,12.0,,,,9.6896197327852,,49,,11.121212121212121,0,9.6896197327852,693,33,50,49
msg_1642,node49,node25,421,1606849,1606862.0,13.0,,,,9.695384615384615,,49,,11.727272727272727,0,9.695384615384615,691,31,50,49
msg_1643,node49,node26,421,1606849,,,,,,9.846642468239564,,49,,,0,9.846642468239564,760,20,50,49
msg_1644,node49,node27,421,1606849,1606862.0,13.0,,,,9.698770491803279,,49,,12.151515151515152,0,9.698770491803279,690,30,50,49
msg_1645,node49,node28,421,1606849,,,,,,9.846642468239564,,49,,,0,9.846642468239564,760,20,50,49
msg_1646,node49,node29,421,1606849,,,,,,9.846642468239564,,49,,,0,9.846642468239564,760,20,50,49
msg_1647,node49,node30,421,1606849,,,,,,9.846642468239564,,49,,,0,9.846642468239564,760,20,50,49
msg_1648,node49,node31,421,1606849,1606860.0,11.0,,,,9.688271604938272,,49,,10.424242424242424,0,9.688271604938272,694,34,50,49
msg_1649,node49,node32,421,1606849,1606862.0,13.0,,,,9.69199178644764,,49,,11.0,0,9.69199178644764,692,32,50,49
msg_1650,node49,node33,421,1606849,1606863.0,14.0,,,,9.702149437052201,,49,,12.93939393939394,0,9.702149437052201,689,29,50,49
msg_1651,node49,node34,421,1606849,,,,,,9.846642468239564,,49,,,0,9.846642468239564,760,20,50,49
msg_1652,node49,node35,421,1606849,1606863.0,14.0,,,,9.706543967280163,,49,,13.454545454545455,0,9.706543967280163,688,28,50,49
msg_1653,node49,node36,421,1606849,1606863.0,14.0,,,,9.710929519918285,,49,,13.666666666666666,0,9.710929519918285,687,27,50,49
msg_1654,node49,node37,421,1606849,1606864.0,15.0,,,,9.715306122448979,,49,,14.181818181818182,0,9.715306122448979,686,26,50,49
msg_1655,node49,node38,421,1606849,,,,,,9.846642468239564,,49,,,0,9.846642468239564,760,20,50,49
msg_1656,node49,node39,421,1606849,,,,,,9.846642468239564,,49,,,0,9.846642468239564,760,20,50,49
msg_1657,node49,node40,421,1606849,1606864.0,15.0,,,,9.720693170234455,,49,,14.636363636363637,0,9.720693170234455,685,25,50,49
msg_1658,node49,node41,421,1606849,1606865.0,16.0,,,,9.726069246435845,,49,,14.969696969696969,0,9.726069246435845,684,24,50,49
msg_1659,node49,node42,421,1606849,,,,,,9.846642468239564,,49,,,0,9.846642468239564,760,20,50,49
msg_1660,node49,node43,421,1606849,,,,,,9.846642468239564,,49,,,0,9.846642468239564,760,20,50,49
msg_1661,node49,node44,421,1606849,1606865.0,16.0,,,,9.732451678535096,,49,,15.484848484848484,0,9.732451678535096,683,23,50,49
msg_1662,node49,node45,421,1606849,1606865.0,16.0,,,,9.738821138211382,,49,,15.757575757575758,0,9.738821138211382,682,22,50,49
msg_1663,node49,node46,421,1606849,1606866.0,17.0,,,,9.74517766497462,,49,,16.060606060606062,0,9.74517766497462,681,21,50,49
msg_1664,node49,node47,421,1606849,,,,,,9.846642468239564,,49,,,0,9.846642468239564,760,20,50,49
msg_1665,node49,node48,421,1606849,,,,,,9.846642468239564,,49,,,0,9.846642468239564,760,20,50,49
msg_1666,node49,node0,420,1627380,1627383.0,3.0,,,,9.752535496957403,,49,,2.3823529411764706,0,9.752535496957403,729,49,50,49
msg_1667,node49,node1,420,1627380,1627384.0,4.0,,,,9.745694022289767,,49,,3.411764705882353,0,9.745694022289767,728,48,50,49
msg_1668,node49,node2,420,1627380,1627385.0,5.0,,,,9.739878542510121,,49,,3.6470588235294117,0,9.739878542510121,727,47,50,49
msg_1669,node49,node3,420,1627380,1627386.0,6.0,,,,9.735085945399394,,49,,4.9411764705882355,0,9.735085945399394,726,46,50,49
msg_1670,node49,node4,420,1627380,,,,,,9.846642468239564,,49,,,0,9.846642468239564,760,20,50,49
msg_1671,node49,node5,420,1627380,,,,,,9.846642468239564,,49,,,0,9.846642468239564,760,20,50,49
msg_1672,node49,node6,420,1627380,1627386.0,6.0,,,,9.731313131313131,,49,,5.352941176470588,0,9.731313131313131,725,45,50,49
msg_1673,node49,node7,420,1627380,1627386.0,6.0,,,,9.723790322580646,,49,,5.647058823529412,0,9.723790322580646,723,43,50,49
msg_1674,node49,node8,420,1627380,1627388.0,8.0,,,,9.720040281973816,,49,,6.5,0,9.720040281973816,722,42,50,49
msg_1675,node49,node9,420,1627380,1627388.0,8.0,,,,9.71830985915493,,49,,7.264705882352941,0,9.71830985915493,721,41,50,49
msg_1676,node49,node10,421,1627380,1627386.0,6.0,,,,9.727547931382443,,49,,4.882352941176471,0,9.727547931382443,724,44,50,49
msg_1677,node49,node11,421,1627380,,,,,,9.846642468239564,,49,,,0,9.846642468239564,760,20,50,49
msg_1678,node49,node12,421,1627380,,,,,,9.846642468239564,,49,,,0,9.846642468239564,760,20,50,49
msg_1679,node49,node13,421,1627380,1627388.0,8.0,,,,9.714859437751004,,49,,8.235294117647058,0,9.714859437751004,719,39,50,49
msg_1680,node49,node14,421,1627380,1627388.0,8.0,,,,9.716582914572864,,49,,6.352941176470588,0,9.716582914572864,720,40,50,49
msg_1681,node49,node15,421,1627380,1627390.0,10.0,,,,9.7124248496994,,49,,8.852941176470589,0,9.7124248496994,717,37,50,49
msg_1682,node49,node16,421,1627380,,,,,,9.846642468239564,,49,,,0,9.846642468239564,760,20,50,49
msg_1683,node49,node17,421,1627380,1627391.0,11.0,,,,9.712712712712714,,49,,9.382352941176471,0,9.712712712712714,716,36,50,49
msg_1684,node49,node18,421,1627380,,,,,,9.846642468239564,,49,,,0,9.846642468239564,760,20,50,49
msg_1685,node49,node19,421,1627380,,,,,,9.846642468239564,,49,,,0,9.846642468239564,760,20,50,49
msg_1686,node49,node20,421,1627380,1627391.0,11.0,,,,9.714,,49,,10.264705882352942,0,9.714,715,35,50,49
msg_1687,node49,node21,421,1627380,1627389.0,9.0,,,,9.713139418254764,,49,,7.794117647058823,0,9.713139418254764,718,38,50,49
msg_1688,node49,node22,421,1627380,,,,,,9.846642468239564,,49,,,0,9.846642468239564,760,20,50,49
msg_1689,node49,node23,421,1627380,,,,,,9.846642468239564,,49,,,0,9.846642468239564,760,20,50,49
msg_1690,node49,node24,421,1627380,1627392.0,12.0,,,,9.717564870259482,,49,,11.147058823529411,0,9.717564870259482,713,33,50,49
msg_1691,node49,node25,421,1627380,1627392.0,12.0,,,,9.72211155378486,,49,,11.764705882352942,0,9.72211155378486,711,31,50,49
msg_1692,node49,node26,421,1627380,,,,,,9.846642468239564,,49,,,0,9.846642468239564,760,20,50,49
msg_1693,node49,node27,421,1627380,1627394.0,14.0,,,,9.724378109452736,,49,,12.176470588235293,0,9.724378109452736,710,30,50,49
msg_1694,node49,node28,421,1627380,,,,,,9.846642468239564,,49,,,0,9.846642468239564,760,20,50,49
msg_1695,node49,node29,421,1627380,,,,,,9.846642468239564,,49,,,0,9.846642468239564,760,20,50,49
msg_1696,node49,node30,421,1627380,,,,,,9.846642468239564,,49,,,0,9.846642468239564,760,20,50,49
msg_1697,node49,node31,421,1627380,1627392.0,12.0,,,,9.715284715284715,,49,,10.441176470588236,0,9.715284715284715,714,34,50,49
msg_1698,node49,node32,421,1627380,1627392.0,12.0,,,,9.719840478564308,,49,,11.058823529411764,0,9.719840478564308,712,32,50,49
msg_1699,node49,node33,421,1627380,1627394.0,14.0,,,,9.728628230616302,,49,,12.970588235294118,0,9.728628230616302,709,29,50,49
msg_1700,node49,node34,421,1627380,,,,,,9.846642468239564,,49,,,0,9.846642468239564,760,20,50,49
msg_1701,node49,node35,421,1627380,1627394.0,14.0,,,,9.73286991062562,,49,,13.470588235294118,0,9.73286991062562,708,28,50,49
msg_1702,node49,node36,421,1627380,1627395.0,15.0,,,,9.737103174603174,,49,,13.676470588235293,0,9.737103174603174,707,27,50,49
msg_1703,node49,node37,421,1627380,1627395.0,15.0,,,,9.742319127849356,,49,,14.205882352941176,0,9.742319127849356,706,26,50,49
msg_1704,node49,node38,421,1627380,,,,,,9.846642468239564,,49,,,0,9.846642468239564,760,20,50,49
msg_1705,node49,node39,421,1627380,,,,,,9.846642468239564,,49,,,0,9.846642468239564,760,20,50,49
msg_1706,node49,node40,421,1627380,1627396.0,16.0,,,,9.747524752475247,,49,,14.647058823529411,0,9.747524752475247,705,25,50,49
msg_1707,node49,node41,421,1627380,1627396.0,16.0,,,,9.753709198813056,,49,,15.0,0,9.753709198813056,704,24,50,49
msg_1708,node49,node42,421,1627380,,,,,,9.846642468239564,,49,,,0,9.846642468239564,760,20,50,49
msg_1709,node49,node43,421,1627380,,,,,,9.846642468239564,,49,,,0,9.846642468239564,760,20,50,49
msg_1710,node49,node44,421,1627380,1627396.0,16.0,,,,9.7598814229249,,49,,15.5,0,9.7598814229249,703,23,50,49
msg_1711,node49,node45,421,1627380,1627397.0,17.0,,,,9.76604146100691,,49,,15.764705882352942,0,9.76604146100691,702,22,50,49
msg_1712,node49,node46,421,1627380,1627397.0,17.0,,,,9.773175542406312,,49,,16.08823529411765,0,9.773175542406312,701,21,50,49
msg_1713,node49,node47,421,1627380,,,,,,9.846642468239564,,49,,,0,9.846642468239564,760,20,50,49
msg_1714,node49,node48,421,1627380,,,,,,9.846642468239564,,49,,,0,9.846642468239564,760,20,50,49
msg_1715,node49,node0,420,1628685,1628687.0,2.0,,,,9.780295566502463,,49,,2.4,0,9.780295566502463,749,49,50,49
msg_1716,node49,node1,420,1628685,1628688.0,3.0,,,,9.77263779527559,,49,,3.4285714285714284,0,9.77263779527559,748,48,50,49
msg_1717,node49,node2,420,1628685,1628688.0,3.0,,,,9.765978367748279,,49,,3.6857142857142855,0,9.765978367748279,747,47,50,49
msg_1718,node49,node3,420,1628685,1628690.0,5.0,,,,9.759332023575638,,49,,4.9714285714285715,0,9.759332023575638,746,46,50,49
msg_1719,node49,node4,420,1628685,,,,,,9.846642468239564,,49,,,0,9.846642468239564,760,20,50,49
msg_1720,node49,node5,420,1628685,,,,,,9.846642468239564,,49,,,0,9.846642468239564,760,20,50,49
msg_1721,node49,node6,420,1628685,1628690.0,5.0,,,,9.754661432777233,,49,,5.371428571428571,0,9.754661432777233,745,45,50,49
msg_1722,node49,node7,420,1628685,1628691.0,6.0,,,,9.75,,49,,5.6571428571428575,0,9.75,744,44,50,49
msg_1723,node49,node8,420,1628685,1628692.0,7.0,,,,9.743639921722114,,49,,6.542857142857143,0,9.743639921722114,742,42,50,49
msg_1724,node49,node9,420,1628685,1628693.0,8.0,,,,9.7392578125,,49,,7.285714285714286,0,9.7392578125,740,40,50,49
msg_1725,node49,node10,421,1628685,1628692.0,7.0,,,,9.746327130264447,,49,,4.914285714285715,0,9.746327130264447,743,43,50,49
msg_1726,node49,node11,421,1628685,,,,,,9.846642468239564,,49,,,0,9.846642468239564,760,20,50,49
msg_1727,node49,node12,421,1628685,,,,,,9.846642468239564,,49,,,0,9.846642468239564,760,20,50,49
msg_1728,node49,node13,421,1628685,1628694.0,9.0,,,,9.737560975609757,,49,,8.228571428571428,0,9.737560975609757,739,39,50,49
msg_1729,node49,node14,421,1628685,1628693.0,8.0,,,,9.740957966764418,,49,,6.4,0,9.740957966764418,741,41,50,49
msg_1730,node49,node15,421,1628685,1628694.0,9.0,,,,9.736842105263158,,49,,8.885714285714286,0,9.736842105263158,738,38,50,49
msg_1731,node49,node16,421,1628685,,,,,,9.846642468239564,,49,,,0,9.846642468239564,760,20,50,49
msg_1732,node49,node17,421,1628685,1628696.0,11.0,,,,9.735408560311283,,49,,9.428571428571429,0,9.735408560311283,736,36,50,49
msg_1733,node49,node18,421,1628685,,,,,,9.846642468239564,,49,,,0,9.846642468239564,760,20,50,49
msg_1734,node49,node19,421,1628685,,,,,,9.846642468239564,,49,,,0,9.846642468239564,760,20,50,49
msg_1735,node49,node20,421,1628685,1628696.0,11.0,,,,9.736637512147716,,49,,10.285714285714286,0,9.736637512147716,735,35,50,49
msg_1736,node49,node21,421,1628685,1628694.0,9.0,,,,9.736124634858813,,49,,7.828571428571428,0,9.736124634858813,737,37,50,49
msg_1737,node49,node22,421,1628685,,,,,,9.846642468239564,,49,,,0,9.846642468239564,760,20,50,49
msg_1738,node49,node23,421,1628685,,,,,,9.846642468239564,,49,,,0,9.846642468239564,760,20,50,49
msg_1739,node49,node24,421,1628685,1628698.0,13.0,,,,9.741279069767442,,49,,11.17142857142857,0,9.741279069767442,732,32,50,49
msg_1740,node49,node25,421,1628685,1628698.0,13.0,,,,9.744433688286543,,49,,11.771428571428572,0,9.744433688286543,731,31,50,49
msg_1741,node49,node26,421,1628685,,,,,,9.846642468239564,,49,,,0,9.846642468239564,760,20,50,49
msg_1742,node49,node27,421,1628685,1628699.0,14.0,,,,9.747582205029014,,49,,12.228571428571428,0,9.747582205029014,730,30,50,49
msg_1743,node49,node28,421,1628685,,,,,,9.846642468239564,,49,,,0,9.846642468239564,760,20,50,49
msg_1744,node49,node29,421,1628685,,,,,,9.846642468239564,,49,,,0,9.846642468239564,760,20,50,49
msg_1745,node49,node30,421,1628685,,,,,,9.846642468239564,,49,,,0,9.846642468239564,760,20,50,49
msg_1746,node49,node31,421,1628685,1628696.0,11.0,,,,9.737864077669903,,49,,10.485714285714286,0,9.737864077669903,734,34,50,49
msg_1747,node49,node32,421,1628685,1628697.0,12.0,,,,9.739088263821532,,49,,11.085714285714285,0,9.739088263821532,733,33,50,49
msg_1748,node49,node33,421,1628685,1628699.0,14.0,,,,9.75169082125604,,49,,13.0,0,9.75169082125604,729,29,50,49
msg_1749,node49,node34,421,1628685,,,,,,9.846642468239564,,49,,,0,9.846642468239564,760,20,50,49
msg_1750,node49,node35,421,1628685,1628700.0,15.0,,,,9.755791505791505,,49,,13.485714285714286,0,9.755791505791505,728,28,50,49
msg_1751,node49,node36,421,1628685,1628700.0,15.0,,,,9.760848601735777,,49,,13.714285714285714,0,9.760848601735777,727,27,50,49
msg_1752,node49,node37,421,1628685,1628701.0,16.0,,,,9.765895953757225,,49,,14.228571428571428,0,9.765895953757225,726,26,50,49
msg_1753,node49,node38,421,1628685,,,,,,9.846642468239564,,49,,,0,9.846642468239564,760,20,50,49
msg_1754,node49,node39,421,1628685,,,,,,9.846642468239564,,49,,,0,9.846642468239564,760,20,50,49
msg_1755,node49,node40,421,1628685,1628701.0,16.0,,,,9.77189605389798,,49,,14.685714285714285,0,9.77189605389798,725,25,50,49
msg_1756,node49,node41,421,1628685,1628702.0,17.0,,,,9.777884615384615,,49,,15.028571428571428,0,9.777884615384615,724,24,50,49
msg_1757,node49,node42,421,1628685,,,,,,9.846642468239564,,49,,,0,9.846642468239564,760,20,50,49
msg_1758,node49,node43,421,1628685,,,,,,9.846642468239564,,49,,,0,9.846642468239564,760,20,50,49
msg_1759,node49,node44,421,1628685,1628702.0,17.0,,,,9.784822286263209,,49,,15.514285714285714,0,9.784822286263209,723,23,50,49
msg_1760,node49,node45,421,1628685,1628702.0,17.0,,,,9.791746641074855,,49,,15.8,0,9.791746641074855,722,22,50,49
msg_1761,node49,node46,421,1628685,1628703.0,18.0,,,,9.798657718120806,,49,,16.114285714285714,0,9.798657718120806,721,21,50,49
msg_1762,node49,node47,421,1628685,,,,,,9.846642468239564,,49,,,0,9.846642468239564,760,20,50,49
msg_1763,node49,node48,421,1628685,,,,,,9.846642468239564,,49,,,0,9.846642468239564,760,20,50,49
msg_1764,node49,node0,420,1737737,1737740.0,3.0,,,,9.806513409961687,,49,,2.388888888888889,0,9.806513409961687,769,49,50,49
msg_1765,node49,node1,420,1737737,1737741.0,4.0,,,,9.8,,49,,3.4166666666666665,0,9.8,768,48,50,49
msg_1766,node49,node2,420,1737737,1737741.0,4.0,,,,9.794455066921605,,49,,3.6666666666666665,0,9.794455066921605,767,47,50,49
msg_1767,node49,node3,420,1737737,1737743.0,6.0,,,,9.788920725883477,,49,,4.972222222222222,0,9.788920725883477,766,46,50,49
msg_1768,node49,node4,420,1737737,,,,,,9.846642468239564,,49,,,0,9.846642468239564,760,20,50,49
msg_1769,node49,node5,420,1737737,,,,,,9.846642468239564,,49,,,0,9.846642468239564,760,20,50,49
msg_1770,node49,node6,420,1737737,1737743.0,6.0,,,,9.78530534351145,,49,,5.361111111111111,0,9.78530534351145,765,45,50,49
msg_1771,node49,node7,420,1737737,1737743.0,6.0,,,,9.781696854146807,,49,,5.666666666666667,0,9.781696854146807,764,44,50,49
msg_1772,node49,node8,420,1737737,1737744.0,7.0,,,,9.775451950523312,,49,,6.555555555555555,0,9.775451950523312,762,42,50,49
msg_1773,node49,node9,420,1737737,1737745.0,8.0,,,,9.770180436847104,,49,,7.305555555555555,0,9.770180436847104,760,40,50,49
msg_1774,node49,node10,421,1737737,1737744.0,7.0,,,,9.778095238095238,,49,,4.972222222222222,0,9.778095238095238,763,43,50,49
msg_1775,node49,node11,421,1737737,,,,,,9.846642468239564,,49,,,0,9.846642468239564,760,20,50,49
msg_1776,node49,node12,421,1737737,,,,,,9.846642468239564,,49,,,0,9.846642468239564,760,20,50,49
msg_1777,node49,node13,421,1737737,1737746.0,9.0,,,,9.768500948766603,,49,,8.25,0,9.768500948766603,759,39,50,49
msg_1778,node49,node14,421,1737737,1737744.0,7.0,,,,9.772813688212928,,49,,6.444444444444445,0,9.772813688212928,761,41,50,49
msg_1779,node49,node15,421,1737737,1737746.0,9.0,,,,9.76777251184834,,49,,8.88888888888889,0,9.76777251184834,758,38,50,49
msg_1780,node49,node16,421,1737737,,,,,,9.846642468239564,,49,,,0,9.846642468239564,760,20,50,49
msg_1781,node49,node17,421,1737737,1737746.0,9.0,,,,9.767045454545455,,49,,9.472222222222221,0,9.767045454545455,757,37,50,49
msg_1782,node49,node18,421,1737737,,,,,,9.846642468239564,,49,,,0,9.846642468239564,760,20,50,49
msg_1783,node49,node19,421,1737737,,,,,,9.846642468239564,,49,,,0,9.846642468239564,760,20,50,49
msg_1784,node49,node20,421,1737737,1737747.0,10.0,,,,9.766319772942289,,49,,10.305555555555555,0,9.766319772942289,756,36,50,49
msg_1785,node49,node21,421,1737737,1737747.0,10.0,,,,9.766540642722116,,49,,7.861111111111111,0,9.766540642722116,755,35,50,49
msg_1786,node49,node22,421,1737737,,,,,,9.846642468239564,,49,,,0,9.846642468239564,760,20,50,49
msg_1787,node49,node23,421,1737737,,,,,,9.846642468239564,,49,,,0,9.846642468239564,760,20,50,49
msg_1788,node49,node24,421,1737737,1737749.0,12.0,,,,9.769085768143261,,49,,11.222222222222221,0,9.769085768143261,752,32,50,49
msg_1789,node49,node25,421,1737737,1737750.0,13.0,,,,9.771186440677965,,49,,11.805555555555555,0,9.771186440677965,751,31,50,49
msg_1790,node49,node26,421,1737737,,,,,,9.846642468239564,,49,,,0,9.846642468239564,760,20,50,49
msg_1791,node49,node27,421,1737737,1737750.0,13.0,,,,9.774223894637817,,49,,12.277777777777779,0,9.774223894637817,750,30,50,49
msg_1792,node49,node28,421,1737737,,,,,,9.846642468239564,,49,,,0,9.846642468239564,760,20,50,49
msg_1793,node49,node29,421,1737737,,,,,,9.846642468239564,,49,,,0,9.846642468239564,760,20,50,49
msg_1794,node49,node30,421,1737737,,,,,,9.846642468239564,,49,,,0,9.846642468239564,760,20,50,49
msg_1795,node49,node31,421,1737737,1737748.0,11.0,,,,9.766761095372994,,49,,10.5,0,9.766761095372994,754,34,50,49
msg_1796,node49,node32,421,1737737,1737748.0,11.0,,,,9.767924528301887,,49,,11.11111111111111,0,9.767924528301887,753,33,50,49
msg_1797,node49,node33,421,1737737,1737751.0,14.0,,,,9.777255639097744,,49,,13.027777777777779,0,9.777255639097744,749,29,50,49
msg_1798,node49,node34,421,1737737,,,,,,9.846642468239564,,49,,,0,9.846642468239564,760,20,50,49
msg_1799,node49,node35,421,1737737,1737751.0,14.0,,,,9.781220657276995,,49,,13.527777777777779,0,9.781220657276995,748,28,50,49
msg_1800,node49,node36,421,1737737,1737751.0,14.0,,,,9.785178236397748,,49,,13.75,0,9.785178236397748,747,27,50,49
msg_1801,node49,node37,421,1737737,1737752.0,15.0,,,,9.78912839737582,,49,,14.277777777777779,0,9.78912839737582,746,26,50,49
msg_1802,node49,node38,421,1737737,,,,,,9.846642468239564,,49,,,0,9.846642468239564,760,20,50,49
msg_1803,node49,node39,421,1737737,,,,,,9.846642468239564,,49,,,0,9.846642468239564,760,20,50,49
msg_1804,node49,node40,421,1737737,1737752.0,15.0,,,,9.794007490636703,,49,,14.722222222222221,0,9.794007490636703,745,25,50,49
msg_1805,node49,node41,421,1737737,1737752.0,15.0,,,,9.79887745556595,,49,,15.083333333333334,0,9.79887745556595,744,24,50,49
msg_1806,node49,node42,421,1737737,,,,,,9.846642468239564,,49,,,0,9.846642468239564,760,20,50,49
msg_1807,node49,node43,421,1737737,,,,,,9.846642468239564,,49,,,0,9.846642468239564,760,20,50,49
msg_1808,node49,node44,421,1737737,1737753.0,16.0,,,,9.80373831775701,,49,,15.555555555555555,0,9.80373831775701,743,23,50,49
msg_1809,node49,node45,421,1737737,1737753.0,16.0,,,,9.80952380952381,,49,,15.833333333333334,0,9.80952380952381,742,22,50,49
msg_1810,node49,node46,421,1737737,1737754.0,17.0,,,,9.815298507462687,,49,,16.166666666666668,0,9.815298507462687,741,21,50,49
msg_1811,node49,node47,421,1737737,,,,,,9.846642468239564,,49,,,0,9.846642468239564,760,20,50,49
msg_1812,node49,node48,421,1737737,,,,,,9.846642468239564,,49,,,0,9.846642468239564,760,20,50,49
msg_1813,node49,node0,420,1786514,1786517.0,3.0,,,,9.821994408201304,,49,,2.4054054054054053,0,9.821994408201304,789,49,50,49
msg_1814,node49,node1,420,1786514,1786518.0,4.0,,,,9.815642458100559,,49,,3.4324324324324325,0,9.815642458100559,788,48,50,49
msg_1815,node49,node2,420,1786514,1786519.0,5.0,,,,9.810232558139536,,49,,3.675675675675676,0,9.810232558139536,787,47,50,49
msg_1816,node49,node3,420,1786514,1786520.0,6.0,,,,9.805762081784387,,49,,5.0,0,9.805762081784387,786,46,50,49
msg_1817,node49,node4,420,1786514,,,,,,9.846642468239564,,49,,,0,9.846642468239564,760,20,50,49
msg_1818,node49,node5,420,1786514,,,,,,9.846642468239564,,49,,,0,9.846642468239564,760,20,50,49
msg_1819,node49,node6,420,1786514,1786520.0,6.0,,,,9.802228412256268,,49,,5.378378378378378,0,9.802228412256268,785,45,50,49
msg_1820,node49,node7,420,1786514,1786520.0,6.0,,,,9.7987012987013,,49,,5.675675675675675,0,9.7987012987013,784,44,50,49
msg_1821,node49,node8,420,1786514,1786521.0,7.0,,,,9.791666666666666,,49,,6.5675675675675675,0,9.791666666666666,782,42,50,49
msg_1822,node49,node9,420,1786514,1786522.0,8.0,,,,9.789084181313598,,49,,7.324324324324325,0,9.789084181313598,781,41,50,49
msg_1823,node49,node10,421,1786514,1786520.0,6.0,,,,9.795180722891565,,49,,5.027027027027027,0,9.795180722891565,783,43,50,49
msg_1824,node49,node11,421,1786514,,,,,,9.846642468239564,,49,,,0,9.846642468239564,760,20,50,49
msg_1825,node49,node12,421,1786514,,,,,,9.846642468239564,,49,,,0,9.846642468239564,760,20,50,49
msg_1826,node49,node13,421,1786514,1786522.0,8.0,,,,9.78578024007387,,49,,8.27027027027027,0,9.78578024007387,779,39,50,49
msg_1827,node49,node14,421,1786514,1786522.0,8.0,,,,9.78743068391867,,49,,6.45945945945946,0,9.78743068391867,780,40,50,49
msg_1828,node49,node15,421,1786514,1786523.0,9.0,,,,9.784132841328413,,49,,8.891891891891891,0,9.784132841328413,778,38,50,49
msg_1829,node49,node16,421,1786514,,,,,,9.846642468239564,,49,,,0,9.846642468239564,760,20,50,49
msg_1830,node49,node17,421,1786514,1786525.0,11.0,,,,9.78268876611418,,49,,9.45945945945946,0,9.78268876611418,776,36,50,49
msg_1831,node49,node18,421,1786514,,,,,,9.846642468239564,,49,,,0,9.846642468239564,760,20,50,49
msg_1832,node49,node19,421,1786514,,,,,,9.846642468239564,,49,,,0,9.846642468239564,760,20,50,49
msg_1833,node49,node20,421,1786514,1786525.0,11.0,,,,9.783808647654094,,49,,10.297297297297296,0,9.783808647654094,775,35,50,49
msg_1834,node49,node21,421,1786514,1786523.0,9.0,,,,9.783410138248849,,49,,7.918918918918919,0,9.783410138248849,777,37,50,49
msg_1835,node49,node22,421,1786514,,,,,,9.846642468239564,,49,,,0,9.846642468239564,760,20,50,49
msg_1836,node49,node23,421,1786514,,,,,,9.846642468239564,,49,,,0,9.846642468239564,760,20,50,49
msg_1837,node49,node24,421,1786514,1786527.0,13.0,,,,9.788073394495413,,49,,11.243243243243244,0,9.788073394495413,772,32,50,49
msg_1838,node49,node25,421,1786514,1786527.0,13.0,,,,9.791017415215398,,49,,11.837837837837839,0,9.791017415215398,771,31,50,49
msg_1839,node49,node26,421,1786514,,,,,,9.846642468239564,,49,,,0,9.846642468239564,760,20,50,49
msg_1840,node49,node27,421,1786514,1786528.0,14.0,,,,9.793956043956044,,49,,12.297297297297296,0,9.793956043956044,770,30,50,49
msg_1841,node49,node28,421,1786514,,,,,,9.846642468239564,,49,,,0,9.846642468239564,760,20,50,49
msg_1842,node49,node29,421,1786514,,,,,,9.846642468239564,,49,,,0,9.846642468239564,760,20,50,49
msg_1843,node49,node30,421,1786514,,,,,,9.846642468239564,,49,,,0,9.846642468239564,760,20,50,49
msg_1844,node49,node31,421,1786514,1786525.0,11.0,,,,9.784926470588236,,49,,10.513513513513514,0,9.784926470588236,774,34,50,49
msg_1845,node49,node32,421,1786514,1786526.0,12.0,,,,9.786042240587696,,49,,11.108108108108109,0,9.786042240587696,773,33,50,49
msg_1846,node49,node33,421,1786514,1786528.0,14.0,,,,9.797804208600184,,49,,13.054054054054054,0,9.797804208600184,769,29,50,49
msg_1847,node49,node34,421,1786514,,,,,,9.846642468239564,,49,,,0,9.846642468239564,760,20,50,49
msg_1848,node49,node35,421,1786514,1786529.0,15.0,,,,9.80164533820841,,49,,13.54054054054054,0,9.80164533820841,768,28,50,49
msg_1849,node49,node36,421,1786514,1786529.0,15.0,,,,9.806392694063927,,49,,13.756756756756756,0,9.806392694063927,767,27,50,49
msg_1850,node49,node37,421,1786514,1786529.0,15.0,,,,9.811131386861314,,49,,14.297297297297296,0,9.811131386861314,766,26,50,49
msg_1851,node49,node38,421,1786514,,,,,,9.846642468239564,,49,,,0,9.846642468239564,760,20,50,49
msg_1852,node49,node39,421,1786514,,,,,,9.846642468239564,,49,,,0,9.846642468239564,760,20,50,49
msg_1853,node49,node40,421,1786514,1786530.0,16.0,,,,9.815861440291705,,49,,14.72972972972973,0,9.815861440291705,765,25,50,49
msg_1854,node49,node41,421,1786514,1786530.0,16.0,,,,9.821493624772314,,49,,15.08108108108108,0,9.821493624772314,764,24,50,49
msg_1855,node49,node42,421,1786514,,,,,,9.846642468239564,,49,,,0,9.846642468239564,760,20,50,49
msg_1856,node49,node43,421,1786514,,,,,,9.846642468239564,,49,,,0,9.846642468239564,760,20,50,49
msg_1857,node49,node44,421,1786514,1786531.0,17.0,,,,9.827115559599637,,49,,15.567567567567568,0,9.827115559599637,763,23,50,49
msg_1858,node49,node45,421,1786514,1786531.0,17.0,,,,9.833636363636364,,49,,15.837837837837839,0,9.833636363636364,762,22,50,49
msg_1859,node49,node46,421,1786514,1786531.0,17.0,,,,9.84014532243415,,49,,16.18918918918919,0,9.84014532243415,761,21,50,49
msg_1860,node49,node47,421,1786514,,,,,,9.846642468239564,,49,,,0,9.846642468239564,760,20,50,49
msg_1861,node49,node48,421,1786514,,,,,,9.846642468239564,,49,,,0,9.846642468239564,760,20,50,49
