msg_id,sender,receiver,payload_size_B,time_send_ms,time_receive_ms,actual_delay_ms,online_predicted_delay_ms,cluster_predicted_delay_ms,weighted_predicted_delay_ms,sender_average_outgoing_delay_ms,sender_average_incoming_delay_ms,sender_num_messages_sent_simultaneously,receiver_average_outgoing_delay_ms,receiver_average_incoming_delay_ms,receiver_num_messages_sent_simultaneously,network_average_delay_ms,network_num_messages_in_transit,network_num_busy_links,network_num_network_nodes,network_num_messages_sent_simultaneously
msg_0,node49,node0,225,187460,187462.0,2.0,,,,,,49,,,0,,49,49,50,49
msg_1,node49,node1,225,187460,187462.0,2.0,,,,2.0,,49,,,0,2.0,48,48,50,49
msg_2,node49,node2,225,187460,187462.0,2.0,,,,2.0,,49,,,0,2.0,47,47,50,49
msg_3,node49,node3,225,187460,187462.0,2.0,,,,2.0,,49,,,0,2.0,47,47,50,49
msg_4,node49,node4,225,187460,,,,,,6.202917771883289,,49,,,0,6.202917771883289,520,20,50,49
msg_5,node49,node5,225,187460,,,,,,6.202917771883289,,49,,,0,6.202917771883289,520,20,50,49
msg_6,node49,node6,225,187460,187463.0,3.0,,,,2.0,,49,,,0,2.0,45,45,50,49
msg_7,node49,node7,225,187460,187465.0,5.0,,,,3.0,,49,,,0,3.0,41,41,50,49
msg_8,node49,node8,225,187460,187465.0,5.0,,,,3.2222222222222223,,49,,,0,3.2222222222222223,40,40,50,49
msg_9,node49,node9,225,187460,187466.0,6.0,,,,3.2222222222222223,,49,,,0,3.2222222222222223,40,40,50,49
msg_10,node49,node10,227,187460,187464.0,4.0,,,,2.2,,49,,,0,2.2,44,44,50,49
msg_11,node49,node11,227,187460,,,,,,6.202917771883289,,49,,,0,6.202917771883289,520,20,50,49
msg_12,node49,node12,227,187460,,,,,,6.202917771883289,,49,,,0,6.202917771883289,520,20,50,49
msg_13,node49,node13,227,187460,187466.0,6.0,,,,3.6363636363636362,,49,,,0,3.6363636363636362,38,38,50,49
msg_14,node49,node14,227,187460,187464.0,4.0,,,,2.5,,49,,,0,2.5,43,43,50,49
msg_15,node49,node15,227,187460,187466.0,6.0,,,,4.0,,49,,,0,4.0,36,36,50,49
msg_16,node49,node16,227,187460,,,,,,6.202917771883289,,49,,,0,6.202917771883289,520,20,50,49
msg_17,node49,node17,227,187460,187467.0,7.0,,,,4.266666666666667,,49,,,0,4.266666666666667,34,34,50,49
msg_18,node49,node18,227,187460,,,,,,6.202917771883289,,49,,,0,6.202917771883289,520,20,50,49
msg_19,node49,node19,227,187460,,,,,,6.202917771883289,,49,,,0,6.202917771883289,520,20,50,49
msg_20,node49,node20,227,187460,187467.0,7.0,,,,4.4375,,49,,,0,4.4375,33,33,50,49
msg_21,node49,node21,227,187460,187465.0,5.0,,,,2.5,,49,,,0,2.5,43,43,50,49
msg_22,node49,node22,227,187460,,,,,,6.202917771883289,,49,,,0,6.202917771883289,520,20,50,49
msg_23,node49,node23,227,187460,,,,,,6.202917771883289,,49,,,0,6.202917771883289,520,20,50,49
msg_24,node49,node24,227,187460,187467.0,7.0,,,,4.4375,,49,,,0,4.4375,33,33,50,49
msg_25,node49,node25,227,187460,187467.0,7.0,,,,4.722222222222222,,49,,,0,4.722222222222222,31,31,50,49
msg_26,node49,node26,227,187460,,,,,,6.202917771883289,,49,,,0,6.202917771883289,520,20,50,49
msg_27,node49,node27,227,187460,187468.0,8.0,,,,4.842105263157895,,49,,,0,4.842105263157895,30,30,50,49
msg_28,node49,node28,227,187460,,,,,,6.202917771883289,,49,,,0,6.202917771883289,520,20,50,49
msg_29,node49,node29,227,187460,,,,,,6.202917771883289,,49,,,0,6.202917771883289,520,20,50,49
msg_30,node49,node30,227,187460,,,,,,6.202917771883289,,49,,,0,6.202917771883289,520,20,50,49
msg_31,node49,node31,227,187460,187466.0,6.0,,,,3.6363636363636362,,49,,,0,3.6363636363636362,38,38,50,49
msg_32,node49,node32,227,187460,187466.0,6.0,,,,4.0,,49,,,0,4.0,36,36,50,49
msg_33,node49,node33,227,187460,187468.0,8.0,,,,4.842105263157895,,49,,,0,4.842105263157895,30,30,50,49
msg_34,node49,node34,227,187460,,,,,,6.202917771883289,,49,,,0,6.202917771883289,520,20,50,49
msg_35,node49,node35,227,187460,187468.0,8.0,,,,5.142857142857143,,49,,,0,5.142857142857143,28,28,50,49
msg_36,node49,node36,227,187460,187468.0,8.0,,,,5.142857142857143,,49,,,0,5.142857142857143,28,28,50,49
msg_37,node49,node37,227,187460,187468.0,8.0,,,,5.391304347826087,,49,,,0,5.391304347826087,26,26,50,49
msg_38,node49,node38,227,187460,,,,,,6.202917771883289,,49,,,0,6.202917771883289,520,20,50,49
msg_39,node49,node39,227,187460,,,,,,6.202917771883289,,49,,,0,6.202917771883289,520,20,50,49
msg_40,node49,node40,227,187460,187469.0,9.0,,,,5.5,,49,,,0,5.5,25,25,50,49
msg_41,node49,node41,227,187460,187469.0,9.0,,,,5.5,,49,,,0,5.5,25,25,50,49
msg_42,node49,node42,227,187460,,,,,,6.202917771883289,,49,,,0,6.202917771883289,520,20,50,49
msg_43,node49,node43,227,187460,,,,,,6.202917771883289,,49,,,0,6.202917771883289,520,20,50,49
msg_44,node49,node44,227,187460,187469.0,9.0,,,,5.769230769230769,,49,,,0,5.769230769230769,23,23,50,49
msg_45,node49,node45,227,187460,187469.0,9.0,,,,5.769230769230769,,49,,,0,5.769230769230769,23,23,50,49
msg_46,node49,node46,227,187460,187470.0,10.0,,,,6.0,,49,,,0,6.0,21,21,50,49
msg_47,node49,node47,227,187460,,,,,,6.202917771883289,,49,,,0,6.202917771883289,520,20,50,49
msg_48,node49,node48,227,187460,,,,,,6.202917771883289,,49,,,0,6.202917771883289,520,20,50,49
msg_49,node49,node0,226,364652,364654.0,2.0,,,,6.137931034482759,,49,,2.0,0,6.137931034482759,69,49,50,49
msg_50,node49,node1,226,364652,364655.0,3.0,,,,6.137931034482759,,49,,2.0,0,6.137931034482759,69,49,50,49
msg_51,node49,node2,226,364652,364655.0,3.0,,,,5.8125,,49,,2.0,0,5.8125,66,46,50,49
msg_52,node49,node3,226,364652,364655.0,3.0,,,,5.8125,,49,,2.0,0,5.8125,66,46,50,49
msg_53,node49,node4,226,364652,,,,,,6.202917771883289,,49,,,0,6.202917771883289,520,20,50,49
msg_54,node49,node5,226,364652,,,,,,6.202917771883289,,49,,,0,6.202917771883289,520,20,50,49
msg_55,node49,node6,226,364652,364656.0,4.0,,,,5.647058823529412,,49,,3.0,0,5.647058823529412,64,44,50,49
msg_56,node49,node7,226,364652,364656.0,4.0,,,,5.6,,49,,5.0,0,5.6,63,43,50,49
msg_57,node49,node8,226,364652,364656.0,4.0,,,,5.555555555555555,,49,,5.0,0,5.555555555555555,62,42,50,49
msg_58,node49,node9,226,364652,364656.0,4.0,,,,5.555555555555555,,49,,6.0,0,5.555555555555555,62,42,50,49
msg_59,node49,node10,227,364652,364655.0,3.0,,,,5.903225806451613,,49,,4.0,0,5.903225806451613,67,47,50,49
msg_60,node49,node11,227,364652,,,,,,6.202917771883289,,49,,,0,6.202917771883289,520,20,50,49
msg_61,node49,node12,227,364652,,,,,,6.202917771883289,,49,,,0,6.202917771883289,520,20,50,49
msg_62,node49,node13,227,364652,364658.0,6.0,,,,5.45,,49,,6.0,0,5.45,58,38,50,49
msg_63,node49,node14,227,364652,364657.0,5.0,,,,5.473684210526316,,49,,4.0,0,5.473684210526316,60,40,50,49
msg_64,node49,node15,227,364652,364659.0,7.0,,,,5.511627906976744,,49,,6.0,0,5.511627906976744,55,35,50,49
msg_65,node49,node16,227,364652,,,,,,6.202917771883289,,49,,,0,6.202917771883289,520,20,50,49
msg_66,node49,node17,227,364652,364659.0,7.0,,,,5.545454545454546,,49,,7.0,0,5.545454545454546,54,34,50,49
msg_67,node49,node18,227,364652,,,,,,6.202917771883289,,49,,,0,6.202917771883289,520,20,50,49
msg_68,node49,node19,227,364652,,,,,,6.202917771883289,,49,,,0,6.202917771883289,520,20,50,49
msg_69,node49,node20,227,364652,364660.0,8.0,,,,5.5777777777777775,,49,,7.0,0,5.5777777777777775,53,33,50,49
msg_70,node49,node21,227,364652,364657.0,5.0,,,,5.461538461538462,,49,,5.0,0,5.461538461538462,59,39,50,49
msg_71,node49,node22,227,364652,,,,,,6.202917771883289,,49,,,0,6.202917771883289,520,20,50,49
msg_72,node49,node23,227,364652,,,,,,6.202917771883289,,49,,,0,6.202917771883289,520,20,50,49
msg_73,node49,node24,227,364652,364660.0,8.0,,,,5.630434782608695,,49,,7.0,0,5.630434782608695,52,32,50,49
msg_74,node49,node25,227,364652,364660.0,8.0,,,,5.680851063829787,,49,,7.0,0,5.680851063829787,51,31,50,49
msg_75,node49,node26,227,364652,,,,,,6.202917771883289,,49,,,0,6.202917771883289,520,20,50,49
msg_76,node49,node27,227,364652,364660.0,8.0,,,,5.680851063829787,,49,,8.0,0,5.680851063829787,51,31,50,49
msg_77,node49,node28,227,364652,,,,,,6.202917771883289,,49,,,0,6.202917771883289,520,20,50,49
msg_78,node49,node29,227,364652,,,,,,6.202917771883289,,49,,,0,6.202917771883289,520,20,50,49
msg_79,node49,node30,227,364652,,,,,,6.202917771883289,,49,,,0,6.202917771883289,520,20,50,49
msg_80,node49,node31,227,364652,364658.0,6.0,,,,5.45,,49,,6.0,0,5.45,58,38,50,49
msg_81,node49,node32,227,364652,364659.0,7.0,,,,5.476190476190476,,49,,6.0,0,5.476190476190476,56,36,50,49
msg_82,node49,node33,227,364652,364660.0,8.0,,,,5.775510204081633,,49,,8.0,0,5.775510204081633,49,29,50,49
msg_83,node49,node34,227,364652,,,,,,6.202917771883289,,49,,,0,6.202917771883289,520,20,50,49
msg_84,node49,node35,227,364652,364661.0,9.0,,,,5.82,,49,,8.0,0,5.82,48,28,50,49
msg_85,node49,node36,227,364652,364661.0,9.0,,,,5.82,,49,,8.0,0,5.82,48,28,50,49
msg_86,node49,node37,227,364652,364661.0,9.0,,,,5.9423076923076925,,49,,8.0,0,5.9423076923076925,46,26,50,49
msg_87,node49,node38,227,364652,,,,,,6.202917771883289,,49,,,0,6.202917771883289,520,20,50,49
msg_88,node49,node39,227,364652,,,,,,6.202917771883289,,49,,,0,6.202917771883289,520,20,50,49
msg_89,node49,node40,227,364652,364661.0,9.0,,,,5.9423076923076925,,49,,9.0,0,5.9423076923076925,46,26,50,49
msg_90,node49,node41,227,364652,364662.0,10.0,,,,6.055555555555555,,49,,9.0,0,6.055555555555555,44,24,50,49
msg_91,node49,node42,227,364652,,,,,,6.202917771883289,,49,,,0,6.202917771883289,520,20,50,49
msg_92,node49,node43,227,364652,,,,,,6.202917771883289,,49,,,0,6.202917771883289,520,20,50,49
msg_93,node49,node44,227,364652,364662.0,10.0,,,,6.127272727272727,,49,,9.0,0,6.127272727272727,43,23,50,49
msg_94,node49,node45,227,364652,364662.0,10.0,,,,6.127272727272727,,49,,9.0,0,6.127272727272727,43,23,50,49
msg_95,node49,node46,227,364652,364662.0,10.0,,,,6.2631578947368425,,49,,10.0,0,6.2631578947368425,41,21,50,49
msg_96,node49,node47,227,364652,,,,,,6.202917771883289,,49,,,0,6.202917771883289,520,20,50,49
msg_97,node49,node48,227,364652,,,,,,6.202917771883289,,49,,,0,6.202917771883289,520,20,50,49
msg_98,node49,node0,226,368146,368148.0,2.0,,,,6.327586206896552,,49,,2.0,0,6.327586206896552,89,49,50,49
msg_99,node49,node1,226,368146,368148.0,2.0,,,,6.254237288135593,,49,,2.5,0,6.254237288135593,88,48,50,49
msg_100,node49,node2,227,368146,368148.0,2.0,,,,6.183333333333334,,49,,2.5,0,6.183333333333334,87,47,50,49
msg_101,node49,node3,227,368146,368149.0,3.0,,,,6.048387096774194,,49,,2.5,0,6.048387096774194,85,45,50,49
msg_102,node49,node4,227,368146,,,,,,6.202917771883289,,49,,,0,6.202917771883289,520,20,50,49
msg_103,node49,node5,227,368146,,,,,,6.202917771883289,,49,,,0,6.202917771883289,520,20,50,49
msg_104,node49,node6,227,368146,368149.0,3.0,,,,6.0,,49,,3.5,0,6.0,84,44,50,49
msg_105,node49,node7,227,368146,368149.0,3.0,,,,6.0,,49,,4.5,0,6.0,84,44,50,49
msg_106,node49,node8,227,368146,368149.0,3.0,,,,5.907692307692308,,49,,4.5,0,5.907692307692308,82,42,50,49
msg_107,node49,node9,227,368146,368150.0,4.0,,,,5.863636363636363,,49,,5.0,0,5.863636363636363,81,41,50,49
msg_108,node49,node10,228,368146,368148.0,2.0,,,,6.183333333333334,,49,,3.5,0,6.183333333333334,87,47,50,49
msg_109,node49,node11,228,368146,,,,,,6.202917771883289,,49,,,0,6.202917771883289,520,20,50,49
msg_110,node49,node12,228,368146,,,,,,6.202917771883289,,49,,,0,6.202917771883289,520,20,50,49
msg_111,node49,node13,228,368146,368152.0,6.0,,,,5.8,,49,,6.0,0,5.8,77,37,50,49
msg_112,node49,node14,228,368146,368150.0,4.0,,,,5.863636363636363,,49,,4.5,0,5.863636363636363,81,41,50,49
msg_113,node49,node15,228,368146,368152.0,6.0,,,,5.805555555555555,,49,,6.5,0,5.805555555555555,75,35,50,49
msg_114,node49,node16,228,368146,,,,,,6.202917771883289,,49,,,0,6.202917771883289,520,20,50,49
msg_115,node49,node17,228,368146,368153.0,7.0,,,,5.805555555555555,,49,,7.0,0,5.805555555555555,75,35,50,49
msg_116,node49,node18,228,368146,,,,,,6.202917771883289,,49,,,0,6.202917771883289,520,20,50,49
msg_117,node49,node19,228,368146,,,,,,6.202917771883289,,49,,,0,6.202917771883289,520,20,50,49
msg_118,node49,node20,228,368146,368153.0,7.0,,,,5.824324324324325,,49,,7.5,0,5.824324324324325,73,33,50,49
msg_119,node49,node21,228,368146,368151.0,5.0,,,,5.8088235294117645,,49,,5.0,0,5.8088235294117645,79,39,50,49
msg_120,node49,node22,228,368146,,,,,,6.202917771883289,,49,,,0,6.202917771883289,520,20,50,49
msg_121,node49,node23,228,368146,,,,,,6.202917771883289,,49,,,0,6.202917771883289,520,20,50,49
msg_122,node49,node24,228,368146,368153.0,7.0,,,,5.84,,49,,7.5,0,5.84,72,32,50,49
msg_123,node49,node25,228,368146,368153.0,7.0,,,,5.855263157894737,,49,,7.5,0,5.855263157894737,71,31,50,49
msg_124,node49,node26,228,368146,,,,,,6.202917771883289,,49,,,0,6.202917771883289,520,20,50,49
msg_125,node49,node27,228,368146,368153.0,7.0,,,,5.855263157894737,,49,,8.0,0,5.855263157894737,71,31,50,49
msg_126,node49,node28,228,368146,,,,,,6.202917771883289,,49,,,0,6.202917771883289,520,20,50,49
msg_127,node49,node29,228,368146,,,,,,6.202917771883289,,49,,,0,6.202917771883289,520,20,50,49
msg_128,node49,node30,228,368146,,,,,,6.202917771883289,,49,,,0,6.202917771883289,520,20,50,49
msg_129,node49,node31,228,368146,368152.0,6.0,,,,5.8088235294117645,,49,,6.0,0,5.8088235294117645,79,39,50,49
msg_130,node49,node32,228,368146,368152.0,6.0,,,,5.802816901408451,,49,,6.5,0,5.802816901408451,76,36,50,49
msg_131,node49,node33,228,368146,368154.0,8.0,,,,5.884615384615385,,49,,8.0,0,5.884615384615385,69,29,50,49
msg_132,node49,node34,228,368146,,,,,,6.202917771883289,,49,,,0,6.202917771883289,520,20,50,49
msg_133,node49,node35,228,368146,368154.0,8.0,,,,5.9113924050632916,,49,,8.5,0,5.9113924050632916,68,28,50,49
msg_134,node49,node36,228,368146,368154.0,8.0,,,,5.9113924050632916,,49,,8.5,0,5.9113924050632916,68,28,50,49
msg_135,node49,node37,228,368146,368154.0,8.0,,,,5.962962962962963,,49,,8.5,0,5.962962962962963,66,26,50,49
msg_136,node49,node38,228,368146,,,,,,6.202917771883289,,49,,,0,6.202917771883289,520,20,50,49
msg_137,node49,node39,228,368146,,,,,,6.202917771883289,,49,,,0,6.202917771883289,520,20,50,49
msg_138,node49,node40,228,368146,368155.0,9.0,,,,5.987804878048781,,49,,9.0,0,5.987804878048781,65,25,50,49
msg_139,node49,node41,228,368146,368155.0,9.0,,,,5.987804878048781,,49,,9.5,0,5.987804878048781,65,25,50,49
msg_140,node49,node42,228,368146,,,,,,6.202917771883289,,49,,,0,6.202917771883289,520,20,50,49
msg_141,node49,node43,228,368146,,,,,,6.202917771883289,,49,,,0,6.202917771883289,520,20,50,49
msg_142,node49,node44,228,368146,368155.0,9.0,,,,6.059523809523809,,49,,9.5,0,6.059523809523809,63,23,50,49
msg_143,node49,node45,228,368146,368155.0,9.0,,,,6.094117647058823,,49,,9.5,0,6.094117647058823,62,22,50,49
msg_144,node49,node46,228,368146,368156.0,10.0,,,,6.094117647058823,,49,,10.0,0,6.094117647058823,62,22,50,49
msg_145,node49,node47,228,368146,,,,,,6.202917771883289,,49,,,0,6.202917771883289,520,20,50,49
msg_146,node49,node48,228,368146,,,,,,6.202917771883289,,49,,,0,6.202917771883289,520,20,50,49
msg_147,node49,node0,227,373466,373468.0,2.0,,,,6.172413793103448,,49,,2.0,0,6.172413793103448,109,49,50,49
msg_148,node49,node1,227,373466,373468.0,2.0,,,,6.125,,49,,2.3333333333333335,0,6.125,108,48,50,49
msg_149,node49,node2,227,373466,373468.0,2.0,,,,6.078651685393258,,49,,2.3333333333333335,0,6.078651685393258,107,47,50,49
msg_150,node49,node3,227,373466,373469.0,3.0,,,,5.989010989010989,,49,,2.6666666666666665,0,5.989010989010989,105,45,50,49
msg_151,node49,node4,227,373466,,,,,,6.202917771883289,,49,,,0,6.202917771883289,520,20,50,49
msg_152,node49,node5,227,373466,,,,,,6.202917771883289,,49,,,0,6.202917771883289,520,20,50,49
msg_153,node49,node6,227,373466,373469.0,3.0,,,,5.956521739130435,,49,,3.3333333333333335,0,5.956521739130435,104,44,50,49
msg_154,node49,node7,227,373466,373469.0,3.0,,,,5.956521739130435,,49,,4.0,0,5.956521739130435,104,44,50,49
msg_155,node49,node8,227,373466,373469.0,3.0,,,,5.8936170212765955,,49,,4.0,0,5.8936170212765955,102,42,50,49
msg_156,node49,node9,227,373466,373470.0,4.0,,,,5.863157894736842,,49,,4.666666666666667,0,5.863157894736842,101,41,50,49
msg_157,node49,node10,228,373466,373468.0,2.0,,,,6.078651685393258,,49,,3.0,0,6.078651685393258,107,47,50,49
msg_158,node49,node11,228,373466,,,,,,6.202917771883289,,49,,,0,6.202917771883289,520,20,50,49
msg_159,node49,node12,228,373466,,,,,,6.202917771883289,,49,,,0,6.202917771883289,520,20,50,49
msg_160,node49,node13,228,373466,373472.0,6.0,,,,5.828282828282828,,49,,6.0,0,5.828282828282828,97,37,50,49
msg_161,node49,node14,228,373466,373471.0,5.0,,,,5.863157894736842,,49,,4.333333333333333,0,5.863157894736842,101,41,50,49
msg_162,node49,node15,228,373466,373472.0,6.0,,,,5.83,,49,,6.333333333333333,0,5.83,96,36,50,49
msg_163,node49,node16,228,373466,,,,,,6.202917771883289,,49,,,0,6.202917771883289,520,20,50,49
msg_164,node49,node17,228,373466,373473.0,7.0,,,,5.833333333333333,,49,,7.0,0,5.833333333333333,94,34,50,49
msg_165,node49,node18,228,373466,,,,,,6.202917771883289,,49,,,0,6.202917771883289,520,20,50,49
msg_166,node49,node19,228,373466,,,,,,6.202917771883289,,49,,,0,6.202917771883289,520,20,50,49
msg_167,node49,node20,228,373466,373473.0,7.0,,,,5.844660194174757,,49,,7.333333333333333,0,5.844660194174757,93,33,50,49
msg_168,node49,node21,228,373466,373471.0,5.0,,,,5.835051546391752,,49,,5.0,0,5.835051546391752,99,39,50,49
msg_169,node49,node22,228,373466,,,,,,6.202917771883289,,49,,,0,6.202917771883289,520,20,50,49
msg_170,node49,node23,228,373466,,,,,,6.202917771883289,,49,,,0,6.202917771883289,520,20,50,49
msg_171,node49,node24,228,373466,373473.0,7.0,,,,5.855769230769231,,49,,7.333333333333333,0,5.855769230769231,92,32,50,49
msg_172,node49,node25,228,373466,373473.0,7.0,,,,5.866666666666666,,49,,7.333333333333333,0,5.866666666666666,91,31,50,49
msg_173,node49,node26,228,373466,,,,,,6.202917771883289,,49,,,0,6.202917771883289,520,20,50,49
msg_174,node49,node27,228,373466,373474.0,8.0,,,,5.866666666666666,,49,,7.666666666666667,0,5.866666666666666,91,31,50,49
msg_175,node49,node28,228,373466,,,,,,6.202917771883289,,49,,,0,6.202917771883289,520,20,50,49
msg_176,node49,node29,228,373466,,,,,,6.202917771883289,,49,,,0,6.202917771883289,520,20,50,49
msg_177,node49,node30,228,373466,,,,,,6.202917771883289,,49,,,0,6.202917771883289,520,20,50,49
msg_178,node49,node31,228,373466,373472.0,6.0,,,,5.826530612244898,,49,,6.0,0,5.826530612244898,98,38,50,49
msg_179,node49,node32,228,373466,373472.0,6.0,,,,5.83,,49,,6.333333333333333,0,5.83,96,36,50,49
msg_180,node49,node33,228,373466,373474.0,8.0,,,,5.866666666666666,,49,,8.0,0,5.866666666666666,91,31,50,49
msg_181,node49,node34,228,373466,,,,,,6.202917771883289,,49,,,0,6.202917771883289,520,20,50,49
msg_182,node49,node35,228,373466,373474.0,8.0,,,,5.916666666666667,,49,,8.333333333333334,0,5.916666666666667,88,28,50,49
msg_183,node49,node36,228,373466,373474.0,8.0,,,,5.935779816513762,,49,,8.333333333333334,0,5.935779816513762,87,27,50,49
msg_184,node49,node37,228,373466,373474.0,8.0,,,,5.954545454545454,,49,,8.333333333333334,0,5.954545454545454,86,26,50,49
msg_185,node49,node38,228,373466,,,,,,6.202917771883289,,49,,,0,6.202917771883289,520,20,50,49
msg_186,node49,node39,228,373466,,,,,,6.202917771883289,,49,,,0,6.202917771883289,520,20,50,49
msg_187,node49,node40,228,373466,373475.0,9.0,,,,5.954545454545454,,49,,9.0,0,5.954545454545454,86,26,50,49
msg_188,node49,node41,228,373466,373475.0,9.0,,,,6.0,,49,,9.333333333333334,0,6.0,84,24,50,49
msg_189,node49,node42,228,373466,,,,,,6.202917771883289,,49,,,0,6.202917771883289,520,20,50,49
msg_190,node49,node43,228,373466,,,,,,6.202917771883289,,49,,,0,6.202917771883289,520,20,50,49
msg_191,node49,node44,228,373466,373475.0,9.0,,,,6.0265486725663715,,49,,9.333333333333334,0,6.0265486725663715,83,23,50,49
msg_192,node49,node45,228,373466,373475.0,9.0,,,,6.0265486725663715,,49,,9.333333333333334,0,6.0265486725663715,83,23,50,49
msg_193,node49,node46,228,373466,373476.0,10.0,,,,6.078260869565217,,49,,10.0,0,6.078260869565217,81,21,50,49
msg_194,node49,node47,228,373466,,,,,,6.202917771883289,,49,,,0,6.202917771883289,520,20,50,49
msg_195,node49,node48,228,373466,,,,,,6.202917771883289,,49,,,0,6.202917771883289,520,20,50,49
msg_196,node49,node0,227,481758,481761.0,3.0,,,,6.112068965517241,,49,,2.0,0,6.112068965517241,129,49,50,49
msg_197,node49,node1,227,481758,481762.0,4.0,,,,6.085470085470085,,49,,2.25,0,6.085470085470085,128,48,50,49
msg_198,node49,node2,227,481758,481762.0,4.0,,,,6.085470085470085,,49,,2.25,0,6.085470085470085,128,48,50,49
msg_199,node49,node3,227,481758,481762.0,4.0,,,,6.033333333333333,,49,,2.75,0,6.033333333333333,125,45,50,49
msg_200,node49,node4,227,481758,,,,,,6.202917771883289,,49,,,0,6.202917771883289,520,20,50,49
msg_201,node49,node5,227,481758,,,,,,6.202917771883289,,49,,,0,6.202917771883289,520,20,50,49
msg_202,node49,node6,227,481758,481762.0,4.0,,,,6.033333333333333,,49,,3.25,0,6.033333333333333,125,45,50,49
msg_203,node49,node7,227,481758,481763.0,5.0,,,,6.0,,49,,3.75,0,6.0,123,43,50,49
msg_204,node49,node8,227,481758,481763.0,5.0,,,,5.991869918699187,,49,,3.75,0,5.991869918699187,122,42,50,49
msg_205,node49,node9,227,481758,481763.0,5.0,,,,5.976,,49,,4.5,0,5.976,120,40,50,49
msg_206,node49,node10,228,481758,481762.0,4.0,,,,6.050420168067227,,49,,2.75,0,6.050420168067227,126,46,50,49
msg_207,node49,node11,228,481758,,,,,,6.202917771883289,,49,,,0,6.202917771883289,520,20,50,49
msg_208,node49,node12,228,481758,,,,,,6.202917771883289,,49,,,0,6.202917771883289,520,20,50,49
msg_209,node49,node13,228,481758,481764.0,6.0,,,,5.968253968253968,,49,,6.0,0,5.968253968253968,119,39,50,49
msg_210,node49,node14,228,481758,481763.0,5.0,,,,5.991869918699187,,49,,4.5,0,5.991869918699187,122,42,50,49
msg_211,node49,node15,228,481758,481764.0,6.0,,,,5.96875,,49,,6.25,0,5.96875,117,37,50,49
msg_212,node49,node16,228,481758,,,,,,6.202917771883289,,49,,,0,6.202917771883289,520,20,50,49
msg_213,node49,node17,228,481758,481764.0,6.0,,,,5.9689922480620154,,49,,7.0,0,5.9689922480620154,116,36,50,49
msg_214,node49,node18,228,481758,,,,,,6.202917771883289,,49,,,0,6.202917771883289,520,20,50,49
msg_215,node49,node19,228,481758,,,,,,6.202917771883289,,49,,,0,6.202917771883289,520,20,50,49
msg_216,node49,node20,228,481758,481764.0,6.0,,,,5.9689922480620154,,49,,7.25,0,5.9689922480620154,116,36,50,49
msg_217,node49,node21,228,481758,481764.0,6.0,,,,5.968253968253968,,49,,5.0,0,5.968253968253968,119,39,50,49
msg_218,node49,node22,228,481758,,,,,,6.202917771883289,,49,,,0,6.202917771883289,520,20,50,49
msg_219,node49,node23,228,481758,,,,,,6.202917771883289,,49,,,0,6.202917771883289,520,20,50,49
msg_220,node49,node24,228,481758,481765.0,7.0,,,,5.9772727272727275,,49,,7.25,0,5.9772727272727275,113,33,50,49
msg_221,node49,node25,228,481758,481765.0,7.0,,,,5.992537313432836,,49,,7.25,0,5.992537313432836,111,31,50,49
msg_222,node49,node26,228,481758,,,,,,6.202917771883289,,49,,,0,6.202917771883289,520,20,50,49
msg_223,node49,node27,228,481758,481766.0,8.0,,,,6.0,,49,,7.75,0,6.0,110,30,50,49
msg_224,node49,node28,228,481758,,,,,,6.202917771883289,,49,,,0,6.202917771883289,520,20,50,49
msg_225,node49,node29,228,481758,,,,,,6.202917771883289,,49,,,0,6.202917771883289,520,20,50,49
msg_226,node49,node30,228,481758,,,,,,6.202917771883289,,49,,,0,6.202917771883289,520,20,50,49
msg_227,node49,node31,228,481758,481765.0,7.0,,,,5.969465648854962,,49,,6.0,0,5.969465648854962,114,34,50,49
msg_228,node49,node32,228,481758,481765.0,7.0,,,,5.9772727272727275,,49,,6.25,0,5.9772727272727275,113,33,50,49
msg_229,node49,node33,228,481758,481766.0,8.0,,,,6.0,,49,,8.0,0,6.0,110,30,50,49
msg_230,node49,node34,228,481758,,,,,,6.202917771883289,,49,,,0,6.202917771883289,520,20,50,49
msg_231,node49,node35,228,481758,481766.0,8.0,,,,6.0,,49,,8.25,0,6.0,110,30,50,49
msg_232,node49,node36,228,481758,481766.0,8.0,,,,6.043478260869565,,49,,8.25,0,6.043478260869565,107,27,50,49
msg_233,node49,node37,228,481758,481766.0,8.0,,,,6.057553956834532,,49,,8.25,0,6.057553956834532,106,26,50,49
msg_234,node49,node38,228,481758,,,,,,6.202917771883289,,49,,,0,6.202917771883289,520,20,50,49
msg_235,node49,node39,228,481758,,,,,,6.202917771883289,,49,,,0,6.202917771883289,520,20,50,49
msg_236,node49,node40,228,481758,481767.0,9.0,,,,6.057553956834532,,49,,9.0,0,6.057553956834532,106,26,50,49
msg_237,node49,node41,228,481758,481767.0,9.0,,,,6.092198581560283,,49,,9.25,0,6.092198581560283,104,24,50,49
msg_238,node49,node42,228,481758,,,,,,6.202917771883289,,49,,,0,6.202917771883289,520,20,50,49
msg_239,node49,node43,228,481758,,,,,,6.202917771883289,,49,,,0,6.202917771883289,520,20,50,49
msg_240,node49,node44,228,481758,481767.0,9.0,,,,6.112676056338028,,49,,9.25,0,6.112676056338028,103,23,50,49
msg_241,node49,node45,228,481758,481767.0,9.0,,,,6.1328671328671325,,49,,9.25,0,6.1328671328671325,102,22,50,49
msg_242,node49,node46,228,481758,481768.0,10.0,,,,6.1328671328671325,,49,,10.0,0,6.1328671328671325,102,22,50,49
msg_243,node49,node47,228,481758,,,,,,6.202917771883289,,49,,,0,6.202917771883289,520,20,50,49
msg_244,node49,node48,228,481758,,,,,,6.202917771883289,,49,,,0,6.202917771883289,520,20,50,49
msg_245,node49,node0,227,561658,561660.0,2.0,,,,6.179310344827586,,49,,2.2,0,6.179310344827586,149,49,50,49
msg_246,node49,node1,227,561658,561661.0,3.0,,,,6.179310344827586,,49,,2.6,0,6.179310344827586,149,49,50,49
msg_247,node49,node2,227,561658,561661.0,3.0,,,,6.108108108108108,,49,,2.6,0,6.108108108108108,146,46,50,49
msg_248,node49,node3,227,561658,561661.0,3.0,,,,6.087248322147651,,49,,3.0,0,6.087248322147651,145,45,50,49
msg_249,node49,node4,227,561658,,,,,,6.202917771883289,,49,,,0,6.202917771883289,520,20,50,49
msg_250,node49,node5,227,561658,,,,,,6.202917771883289,,49,,,0,6.202917771883289,520,20,50,49
msg_251,node49,node6,227,561658,561662.0,4.0,,,,6.087248322147651,,49,,3.4,0,6.087248322147651,145,45,50,49
msg_252,node49,node7,227,561658,561662.0,4.0,,,,6.052980132450331,,49,,4.0,0,6.052980132450331,143,43,50,49
msg_253,node49,node8,227,561658,561662.0,4.0,,,,6.0394736842105265,,49,,4.0,0,6.0394736842105265,142,42,50,49
msg_254,node49,node9,227,561658,561662.0,4.0,,,,6.026143790849673,,49,,4.6,0,6.026143790849673,141,41,50,49
msg_255,node49,node10,228,561658,561661.0,3.0,,,,6.129251700680272,,49,,3.0,0,6.129251700680272,147,47,50,49
msg_256,node49,node11,228,561658,,,,,,6.202917771883289,,49,,,0,6.202917771883289,520,20,50,49
msg_257,node49,node12,228,561658,,,,,,6.202917771883289,,49,,,0,6.202917771883289,520,20,50,49
msg_258,node49,node13,228,561658,561664.0,6.0,,,,6.006451612903226,,49,,6.0,0,6.006451612903226,139,39,50,49
msg_259,node49,node14,228,561658,561663.0,5.0,,,,6.012987012987013,,49,,4.6,0,6.012987012987013,140,40,50,49
msg_260,node49,node15,228,561658,561665.0,7.0,,,,6.012578616352202,,49,,6.2,0,6.012578616352202,135,35,50,49
msg_261,node49,node16,228,561658,,,,,,6.202917771883289,,49,,,0,6.202917771883289,520,20,50,49
msg_262,node49,node17,228,561658,561665.0,7.0,,,,6.012578616352202,,49,,6.8,0,6.012578616352202,135,35,50,49
msg_263,node49,node18,228,561658,,,,,,6.202917771883289,,49,,,0,6.202917771883289,520,20,50,49
msg_264,node49,node19,228,561658,,,,,,6.202917771883289,,49,,,0,6.202917771883289,520,20,50,49
msg_265,node49,node20,228,561658,561666.0,8.0,,,,6.024844720496894,,49,,7.0,0,6.024844720496894,133,33,50,49
msg_266,node49,node21,228,561658,561663.0,5.0,,,,6.006451612903226,,49,,5.2,0,6.006451612903226,139,39,50,49
msg_267,node49,node22,228,561658,,,,,,6.202917771883289,,49,,,0,6.202917771883289,520,20,50,49
msg_268,node49,node23,228,561658,,,,,,6.202917771883289,,49,,,0,6.202917771883289,520,20,50,49
msg_269,node49,node24,228,561658,561666.0,8.0,,,,6.037037037037037,,49,,7.2,0,6.037037037037037,132,32,50,49
msg_270,node49,node25,228,561658,561666.0,8.0,,,,6.037037037037037,,49,,7.2,0,6.037037037037037,132,32,50,49
msg_271,node49,node26,228,561658,,,,,,6.202917771883289,,49,,,0,6.202917771883289,520,20,50,49
msg_272,node49,node27,228,561658,561666.0,8.0,,,,6.037037037037037,,49,,7.8,0,6.037037037037037,132,32,50,49
msg_273,node49,node28,228,561658,,,,,,6.202917771883289,,49,,,0,6.202917771883289,520,20,50,49
msg_274,node49,node29,228,561658,,,,,,6.202917771883289,,49,,,0,6.202917771883289,520,20,50,49
msg_275,node49,node30,228,561658,,,,,,6.202917771883289,,49,,,0,6.202917771883289,520,20,50,49
msg_276,node49,node31,228,561658,561665.0,7.0,,,,6.0,,49,,6.2,0,6.0,137,37,50,49
msg_277,node49,node32,228,561658,561665.0,7.0,,,,6.006329113924051,,49,,6.4,0,6.006329113924051,136,36,50,49
msg_278,node49,node33,228,561658,561667.0,9.0,,,,6.072727272727272,,49,,8.0,0,6.072727272727272,129,29,50,49
msg_279,node49,node34,228,561658,,,,,,6.202917771883289,,49,,,0,6.202917771883289,520,20,50,49
msg_280,node49,node35,228,561658,561667.0,9.0,,,,6.090361445783133,,49,,8.2,0,6.090361445783133,128,28,50,49
msg_281,node49,node36,228,561658,561667.0,9.0,,,,6.107784431137724,,49,,8.2,0,6.107784431137724,127,27,50,49
msg_282,node49,node37,228,561658,561667.0,9.0,,,,6.125,,49,,8.2,0,6.125,126,26,50,49
msg_283,node49,node38,228,561658,,,,,,6.202917771883289,,49,,,0,6.202917771883289,520,20,50,49
msg_284,node49,node39,228,561658,,,,,,6.202917771883289,,49,,,0,6.202917771883289,520,20,50,49
msg_285,node49,node40,228,561658,561667.0,9.0,,,,6.1420118343195265,,49,,9.0,0,6.1420118343195265,125,25,50,49
msg_286,node49,node41,228,561658,561668.0,10.0,,,,6.1420118343195265,,49,,9.2,0,6.1420118343195265,125,25,50,49
msg_287,node49,node42,228,561658,,,,,,6.202917771883289,,49,,,0,6.202917771883289,520,20,50,49
msg_288,node49,node43,228,561658,,,,,,6.202917771883289,,49,,,0,6.202917771883289,520,20,50,49
msg_289,node49,node44,228,561658,561668.0,10.0,,,,6.181286549707602,,49,,9.2,0,6.181286549707602,123,23,50,49
msg_290,node49,node45,228,561658,561668.0,10.0,,,,6.203488372093023,,49,,9.2,0,6.203488372093023,122,22,50,49
msg_291,node49,node46,228,561658,561668.0,10.0,,,,6.203488372093023,,49,,10.0,0,6.203488372093023,122,22,50,49
msg_292,node49,node47,228,561658,,,,,,6.202917771883289,,49,,,0,6.202917771883289,520,20,50,49
msg_293,node49,node48,228,561658,,,,,,6.202917771883289,,49,,,0,6.202917771883289,520,20,50,49
msg_294,node49,node0,227,628129,628131.0,2.0,,,,6.247126436781609,,49,,2.1666666666666665,0,6.247126436781609,169,49,50,49
msg_295,node49,node1,227,628129,628131.0,2.0,,,,6.247126436781609,,49,,2.6666666666666665,0,6.247126436781609,169,49,50,49
msg_296,node49,node2,227,628129,628131.0,2.0,,,,6.198863636363637,,49,,2.6666666666666665,0,6.198863636363637,167,47,50,49
msg_297,node49,node3,227,628129,628132.0,3.0,,,,6.151685393258427,,49,,3.0,0,6.151685393258427,165,45,50,49
msg_298,node49,node4,227,628129,,,,,,6.202917771883289,,49,,,0,6.202917771883289,520,20,50,49
msg_299,node49,node5,227,628129,,,,,,6.202917771883289,,49,,,0,6.202917771883289,520,20,50,49
msg_300,node49,node6,227,628129,628132.0,3.0,,,,6.151685393258427,,49,,3.5,0,6.151685393258427,165,45,50,49
msg_301,node49,node7,227,628129,628132.0,3.0,,,,6.116666666666666,,49,,4.0,0,6.116666666666666,163,43,50,49
msg_302,node49,node8,227,628129,628132.0,3.0,,,,6.099447513812155,,49,,4.0,0,6.099447513812155,162,42,50,49
msg_303,node49,node9,227,628129,628133.0,4.0,,,,6.099447513812155,,49,,4.5,0,6.099447513812155,162,42,50,49
msg_304,node49,node10,228,628129,628131.0,2.0,,,,6.175141242937853,,49,,3.0,0,6.175141242937853,166,46,50,49
msg_305,node49,node11,228,628129,,,,,,6.202917771883289,,49,,,0,6.202917771883289,520,20,50,49
msg_306,node49,node12,228,628129,,,,,,6.202917771883289,,49,,,0,6.202917771883289,520,20,50,49
msg_307,node49,node13,228,628129,628133.0,4.0,,,,6.099447513812155,,49,,6.0,0,6.099447513812155,162,42,50,49
msg_308,node49,node14,228,628129,628134.0,5.0,,,,6.059782608695652,,49,,4.666666666666667,0,6.059782608695652,159,39,50,49
msg_309,node49,node15,228,628129,628135.0,6.0,,,,6.048387096774194,,49,,6.333333333333333,0,6.048387096774194,157,37,50,49
msg_310,node49,node16,228,628129,,,,,,6.202917771883289,,49,,,0,6.202917771883289,520,20,50,49
msg_311,node49,node17,228,628129,628135.0,6.0,,,,6.0476190476190474,,49,,6.833333333333333,0,6.0476190476190474,154,34,50,49
msg_312,node49,node18,228,628129,,,,,,6.202917771883289,,49,,,0,6.202917771883289,520,20,50,49
msg_313,node49,node19,228,628129,,,,,,6.202917771883289,,49,,,0,6.202917771883289,520,20,50,49
msg_314,node49,node20,228,628129,628136.0,7.0,,,,6.0476190476190474,,49,,7.166666666666667,0,6.0476190476190474,154,34,50,49
msg_315,node49,node21,228,628129,628134.0,5.0,,,,6.054054054054054,,49,,5.166666666666667,0,6.054054054054054,158,38,50,49
msg_316,node49,node22,228,628129,,,,,,6.202917771883289,,49,,,0,6.202917771883289,520,20,50,49
msg_317,node49,node23,228,628129,,,,,,6.202917771883289,,49,,,0,6.202917771883289,520,20,50,49
msg_318,node49,node24,228,628129,628136.0,7.0,,,,6.052356020942408,,49,,7.333333333333333,0,6.052356020942408,152,32,50,49
msg_319,node49,node25,228,628129,628136.0,7.0,,,,6.057291666666667,,49,,7.333333333333333,0,6.057291666666667,151,31,50,49
msg_320,node49,node26,228,628129,,,,,,6.202917771883289,,49,,,0,6.202917771883289,520,20,50,49
msg_321,node49,node27,228,628129,628137.0,8.0,,,,6.062176165803109,,49,,7.833333333333333,0,6.062176165803109,150,30,50,49
msg_322,node49,node28,228,628129,,,,,,6.202917771883289,,49,,,0,6.202917771883289,520,20,50,49
msg_323,node49,node29,228,628129,,,,,,6.202917771883289,,49,,,0,6.202917771883289,520,20,50,49
msg_324,node49,node30,228,628129,,,,,,6.202917771883289,,49,,,0,6.202917771883289,520,20,50,49
msg_325,node49,node31,228,628129,628135.0,6.0,,,,6.048387096774194,,49,,6.333333333333333,0,6.048387096774194,157,37,50,49
msg_326,node49,node32,228,628129,628135.0,6.0,,,,6.047872340425532,,49,,6.5,0,6.047872340425532,155,35,50,49
msg_327,node49,node33,228,628129,628137.0,8.0,,,,6.062176165803109,,49,,8.166666666666666,0,6.062176165803109,150,30,50,49
msg_328,node49,node34,228,628129,,,,,,6.202917771883289,,49,,,0,6.202917771883289,520,20,50,49
msg_329,node49,node35,228,628129,628137.0,8.0,,,,6.082051282051282,,49,,8.333333333333334,0,6.082051282051282,148,28,50,49
msg_330,node49,node36,228,628129,628137.0,8.0,,,,6.091836734693878,,49,,8.333333333333334,0,6.091836734693878,147,27,50,49
msg_331,node49,node37,228,628129,628137.0,8.0,,,,6.091836734693878,,49,,8.333333333333334,0,6.091836734693878,147,27,50,49
msg_332,node49,node38,228,628129,,,,,,6.202917771883289,,49,,,0,6.202917771883289,520,20,50,49
msg_333,node49,node39,228,628129,,,,,,6.202917771883289,,49,,,0,6.202917771883289,520,20,50,49
msg_334,node49,node40,228,628129,628138.0,9.0,,,,6.091836734693878,,49,,9.0,0,6.091836734693878,147,27,50,49
msg_335,node49,node41,228,628129,628138.0,9.0,,,,6.125628140703518,,49,,9.333333333333334,0,6.125628140703518,144,24,50,49
msg_336,node49,node42,228,628129,,,,,,6.202917771883289,,49,,,0,6.202917771883289,520,20,50,49
msg_337,node49,node43,228,628129,,,,,,6.202917771883289,,49,,,0,6.202917771883289,520,20,50,49
msg_338,node49,node44,228,628129,628138.0,9.0,,,,6.14,,49,,9.333333333333334,0,6.14,143,23,50,49
msg_339,node49,node45,228,628129,628138.0,9.0,,,,6.154228855721393,,49,,9.333333333333334,0,6.154228855721393,142,22,50,49
msg_340,node49,node46,228,628129,628139.0,10.0,,,,6.154228855721393,,49,,10.0,0,6.154228855721393,142,22,50,49
msg_341,node49,node47,228,628129,,,,,,6.202917771883289,,49,,,0,6.202917771883289,520,20,50,49
msg_342,node49,node48,228,628129,,,,,,6.202917771883289,,49,,,0,6.202917771883289,520,20,50,49
msg_343,node49,node0,227,650231,650234.0,3.0,,,,6.187192118226601,,49,,2.142857142857143,0,6.187192118226601,189,49,50,49
msg_344,node49,node1,227,650231,650234.0,3.0,,,,6.187192118226601,,49,,2.5714285714285716,0,6.187192118226601,189,49,50,49
msg_345,node49,node2,227,650231,650234.0,3.0,,,,6.15609756097561,,49,,2.5714285714285716,0,6.15609756097561,187,47,50,49
msg_346,node49,node3,227,650231,650234.0,3.0,,,,6.140776699029126,,49,,3.0,0,6.140776699029126,186,46,50,49
msg_347,node49,node4,227,650231,,,,,,6.202917771883289,,49,,,0,6.202917771883289,520,20,50,49
msg_348,node49,node5,227,650231,,,,,,6.202917771883289,,49,,,0,6.202917771883289,520,20,50,49
msg_349,node49,node6,227,650231,650236.0,5.0,,,,6.125603864734299,,49,,3.4285714285714284,0,6.125603864734299,185,45,50,49
msg_350,node49,node7,227,650231,650236.0,5.0,,,,6.1,,49,,3.857142857142857,0,6.1,182,42,50,49
msg_351,node49,node8,227,650231,650237.0,6.0,,,,6.0947867298578196,,49,,3.857142857142857,0,6.0947867298578196,181,41,50,49
msg_352,node49,node9,227,650231,650237.0,6.0,,,,6.09433962264151,,49,,4.428571428571429,0,6.09433962264151,180,40,50,49
msg_353,node49,node10,228,650231,650235.0,4.0,,,,6.125603864734299,,49,,2.857142857142857,0,6.125603864734299,185,45,50,49
msg_354,node49,node11,228,650231,,,,,,6.202917771883289,,49,,,0,6.202917771883289,520,20,50,49
msg_355,node49,node12,228,650231,,,,,,6.202917771883289,,49,,,0,6.202917771883289,520,20,50,49
msg_356,node49,node13,228,650231,650237.0,6.0,,,,6.09433962264151,,49,,5.714285714285714,0,6.09433962264151,180,40,50,49
msg_357,node49,node14,228,650231,650235.0,4.0,,,,6.125603864734299,,49,,4.714285714285714,0,6.125603864734299,185,45,50,49
msg_358,node49,node15,228,650231,650237.0,6.0,,,,6.093023255813954,,49,,6.285714285714286,0,6.093023255813954,177,37,50,49
msg_359,node49,node16,228,650231,,,,,,6.202917771883289,,49,,,0,6.202917771883289,520,20,50,49
msg_360,node49,node17,228,650231,650237.0,6.0,,,,6.093023255813954,,49,,6.714285714285714,0,6.093023255813954,177,37,50,49
msg_361,node49,node18,228,650231,,,,,,6.202917771883289,,49,,,0,6.202917771883289,520,20,50,49
msg_362,node49,node19,228,650231,,,,,,6.202917771883289,,49,,,0,6.202917771883289,520,20,50,49
msg_363,node49,node20,228,650231,650239.0,8.0,,,,6.0963302752293576,,49,,7.142857142857143,0,6.0963302752293576,174,34,50,49
msg_364,node49,node21,228,650231,650237.0,6.0,,,,6.093457943925234,,49,,5.142857142857143,0,6.093457943925234,178,38,50,49
msg_365,node49,node22,228,650231,,,,,,6.202917771883289,,49,,,0,6.202917771883289,520,20,50,49
msg_366,node49,node23,228,650231,,,,,,6.202917771883289,,49,,,0,6.202917771883289,520,20,50,49
msg_367,node49,node24,228,650231,650239.0,8.0,,,,6.105022831050229,,49,,7.285714285714286,0,6.105022831050229,173,33,50,49
msg_368,node49,node25,228,650231,650239.0,8.0,,,,6.113636363636363,,49,,7.285714285714286,0,6.113636363636363,172,32,50,49
msg_369,node49,node26,228,650231,,,,,,6.202917771883289,,49,,,0,6.202917771883289,520,20,50,49
msg_370,node49,node27,228,650231,650239.0,8.0,,,,6.13063063063063,,49,,7.857142857142857,0,6.13063063063063,170,30,50,49
msg_371,node49,node28,228,650231,,,,,,6.202917771883289,,49,,,0,6.202917771883289,520,20,50,49
msg_372,node49,node29,228,650231,,,,,,6.202917771883289,,49,,,0,6.202917771883289,520,20,50,49
msg_373,node49,node30,228,650231,,,,,,6.202917771883289,,49,,,0,6.202917771883289,520,20,50,49
msg_374,node49,node31,228,650231,650238.0,7.0,,,,6.093023255813954,,49,,6.285714285714286,0,6.093023255813954,177,37,50,49
msg_375,node49,node32,228,650231,650239.0,8.0,,,,6.113636363636363,,49,,6.428571428571429,0,6.113636363636363,172,32,50,49
msg_376,node49,node33,228,650231,650240.0,9.0,,,,6.139013452914798,,49,,8.142857142857142,0,6.139013452914798,169,29,50,49
msg_377,node49,node34,228,650231,,,,,,6.202917771883289,,49,,,0,6.202917771883289,520,20,50,49
msg_378,node49,node35,228,650231,650240.0,9.0,,,,6.139013452914798,,49,,8.285714285714286,0,6.139013452914798,169,29,50,49
msg_379,node49,node36,228,650231,650240.0,9.0,,,,6.164444444444444,,49,,8.285714285714286,0,6.164444444444444,167,27,50,49
msg_380,node49,node37,228,650231,650241.0,10.0,,,,6.176991150442478,,49,,8.285714285714286,0,6.176991150442478,166,26,50,49
msg_381,node49,node38,228,650231,,,,,,6.202917771883289,,49,,,0,6.202917771883289,520,20,50,49
msg_382,node49,node39,228,650231,,,,,,6.202917771883289,,49,,,0,6.202917771883289,520,20,50,49
msg_383,node49,node40,228,650231,650241.0,10.0,,,,6.1938325991189425,,49,,9.0,0,6.1938325991189425,165,25,50,49
msg_384,node49,node41,228,650231,650241.0,10.0,,,,6.1938325991189425,,49,,9.285714285714286,0,6.1938325991189425,165,25,50,49
msg_385,node49,node42,228,650231,,,,,,6.202917771883289,,49,,,0,6.202917771883289,520,20,50,49
msg_386,node49,node43,228,650231,,,,,,6.202917771883289,,49,,,0,6.202917771883289,520,20,50,49
msg_387,node49,node44,228,650231,650241.0,10.0,,,,6.1938325991189425,,49,,9.285714285714286,0,6.1938325991189425,165,25,50,49
msg_388,node49,node45,228,650231,650241.0,10.0,,,,6.243478260869566,,49,,9.285714285714286,0,6.243478260869566,162,22,50,49
msg_389,node49,node46,228,650231,650242.0,11.0,,,,6.259740259740259,,49,,10.0,0,6.259740259740259,161,21,50,49
msg_390,node49,node47,228,650231,,,,,,6.202917771883289,,49,,,0,6.202917771883289,520,20,50,49
msg_391,node49,node48,228,650231,,,,,,6.202917771883289,,49,,,0,6.202917771883289,520,20,50,49
msg_392,node49,node0,227,706108,706110.0,2.0,,,,6.280172413793103,,49,,2.25,0,6.280172413793103,209,49,50,49
msg_393,node49,node1,227,706108,706110.0,2.0,,,,6.280172413793103,,49,,2.625,0,6.280172413793103,209,49,50,49
msg_394,node49,node2,227,706108,706110.0,2.0,,,,6.243589743589744,,49,,2.625,0,6.243589743589744,207,47,50,49
msg_395,node49,node3,227,706108,706111.0,3.0,,,,6.2076271186440675,,49,,3.0,0,6.2076271186440675,205,45,50,49
msg_396,node49,node4,227,706108,,,,,,6.202917771883289,,49,,,0,6.202917771883289,520,20,50,49
msg_397,node49,node5,227,706108,,,,,,6.202917771883289,,49,,,0,6.202917771883289,520,20,50,49
msg_398,node49,node6,227,706108,706111.0,3.0,,,,6.194092827004219,,49,,3.625,0,6.194092827004219,204,44,50,49
msg_399,node49,node7,227,706108,706111.0,3.0,,,,6.194092827004219,,49,,4.0,0,6.194092827004219,204,44,50,49
msg_400,node49,node8,227,706108,706111.0,3.0,,,,6.194092827004219,,49,,4.125,0,6.194092827004219,204,44,50,49
msg_401,node49,node9,227,706108,706112.0,4.0,,,,6.154166666666667,,49,,4.625,0,6.154166666666667,201,41,50,49
msg_402,node49,node10,228,706108,706110.0,2.0,,,,6.225531914893617,,49,,3.0,0,6.225531914893617,206,46,50,49
msg_403,node49,node11,228,706108,,,,,,6.202917771883289,,49,,,0,6.202917771883289,520,20,50,49
msg_404,node49,node12,228,706108,,,,,,6.202917771883289,,49,,,0,6.202917771883289,520,20,50,49
msg_405,node49,node13,228,706108,706114.0,6.0,,,,6.135245901639344,,49,,5.75,0,6.135245901639344,197,37,50,49
msg_406,node49,node14,228,706108,706113.0,5.0,,,,6.145228215767635,,49,,4.625,0,6.145228215767635,200,40,50,49
msg_407,node49,node15,228,706108,706114.0,6.0,,,,6.134693877551021,,49,,6.25,0,6.134693877551021,196,36,50,49
msg_408,node49,node16,228,706108,,,,,,6.202917771883289,,49,,,0,6.202917771883289,520,20,50,49
msg_409,node49,node17,228,706108,706114.0,6.0,,,,6.133603238866397,,49,,6.625,0,6.133603238866397,194,34,50,49
msg_410,node49,node18,228,706108,,,,,,6.202917771883289,,49,,,0,6.202917771883289,520,20,50,49
msg_411,node49,node19,228,706108,,,,,,6.202917771883289,,49,,,0,6.202917771883289,520,20,50,49
msg_412,node49,node20,228,706108,706115.0,7.0,,,,6.133603238866397,,49,,7.25,0,6.133603238866397,194,34,50,49
msg_413,node49,node21,228,706108,706113.0,5.0,,,,6.145228215767635,,49,,5.25,0,6.145228215767635,200,40,50,49
msg_414,node49,node22,228,706108,,,,,,6.202917771883289,,49,,,0,6.202917771883289,520,20,50,49
msg_415,node49,node23,228,706108,,,,,,6.202917771883289,,49,,,0,6.202917771883289,520,20,50,49
msg_416,node49,node24,228,706108,706115.0,7.0,,,,6.133603238866397,,49,,7.375,0,6.133603238866397,194,34,50,49
msg_417,node49,node25,228,706108,706115.0,7.0,,,,6.133603238866397,,49,,7.375,0,6.133603238866397,194,34,50,49
msg_418,node49,node26,228,706108,,,,,,6.202917771883289,,49,,,0,6.202917771883289,520,20,50,49
msg_419,node49,node27,228,706108,706116.0,8.0,,,,6.143426294820717,,49,,7.875,0,6.143426294820717,190,30,50,49
msg_420,node49,node28,228,706108,,,,,,6.202917771883289,,49,,,0,6.202917771883289,520,20,50,49
msg_421,node49,node29,228,706108,,,,,,6.202917771883289,,49,,,0,6.202917771883289,520,20,50,49
msg_422,node49,node30,228,706108,,,,,,6.202917771883289,,49,,,0,6.202917771883289,520,20,50,49
msg_423,node49,node31,228,706108,706114.0,6.0,,,,6.145228215767635,,49,,6.375,0,6.145228215767635,200,40,50,49
msg_424,node49,node32,228,706108,706114.0,6.0,,,,6.134146341463414,,49,,6.625,0,6.134146341463414,195,35,50,49
msg_425,node49,node33,228,706108,706116.0,8.0,,,,6.150793650793651,,49,,8.25,0,6.150793650793651,189,29,50,49
msg_426,node49,node34,228,706108,,,,,,6.202917771883289,,49,,,0,6.202917771883289,520,20,50,49
msg_427,node49,node35,228,706108,706116.0,8.0,,,,6.158102766798419,,49,,8.375,0,6.158102766798419,188,28,50,49
msg_428,node49,node36,228,706108,706116.0,8.0,,,,6.165354330708661,,49,,8.375,0,6.165354330708661,187,27,50,49
msg_429,node49,node37,228,706108,706116.0,8.0,,,,6.165354330708661,,49,,8.5,0,6.165354330708661,187,27,50,49
msg_430,node49,node38,228,706108,,,,,,6.202917771883289,,49,,,0,6.202917771883289,520,20,50,49
msg_431,node49,node39,228,706108,,,,,,6.202917771883289,,49,,,0,6.202917771883289,520,20,50,49
msg_432,node49,node40,228,706108,706117.0,9.0,,,,6.165354330708661,,49,,9.125,0,6.165354330708661,187,27,50,49
msg_433,node49,node41,228,706108,706117.0,9.0,,,,6.165354330708661,,49,,9.375,0,6.165354330708661,187,27,50,49
msg_434,node49,node42,228,706108,,,,,,6.202917771883289,,49,,,0,6.202917771883289,520,20,50,49
msg_435,node49,node43,228,706108,,,,,,6.202917771883289,,49,,,0,6.202917771883289,520,20,50,49
msg_436,node49,node44,228,706108,706117.0,9.0,,,,6.2015503875969,,49,,9.375,0,6.2015503875969,183,23,50,49
msg_437,node49,node45,228,706108,706117.0,9.0,,,,6.212355212355212,,49,,9.375,0,6.212355212355212,182,22,50,49
msg_438,node49,node46,228,706108,706118.0,10.0,,,,6.223076923076923,,49,,10.125,0,6.223076923076923,181,21,50,49
msg_439,node49,node47,228,706108,,,,,,6.202917771883289,,49,,,0,6.202917771883289,520,20,50,49
msg_440,node49,node48,228,706108,,,,,,6.202917771883289,,49,,,0,6.202917771883289,520,20,50,49
msg_441,node49,node0,227,762113,762115.0,2.0,,,,6.237547892720307,,49,,2.2222222222222223,0,6.237547892720307,229,49,50,49
msg_442,node49,node1,227,762113,762116.0,3.0,,,,6.237547892720307,,49,,2.5555555555555554,0,6.237547892720307,229,49,50,49
msg_443,node49,node2,227,762113,762116.0,3.0,,,,6.196969696969697,,49,,2.5555555555555554,0,6.196969696969697,226,46,50,49
msg_444,node49,node3,227,762113,762117.0,4.0,,,,6.184905660377359,,49,,3.0,0,6.184905660377359,225,45,50,49
msg_445,node49,node4,227,762113,,,,,,6.202917771883289,,49,,,0,6.202917771883289,520,20,50,49
msg_446,node49,node5,227,762113,,,,,,6.202917771883289,,49,,,0,6.202917771883289,520,20,50,49
msg_447,node49,node6,227,762113,762117.0,4.0,,,,6.176691729323308,,49,,3.5555555555555554,0,6.176691729323308,224,44,50,49
msg_448,node49,node7,227,762113,762117.0,4.0,,,,6.168539325842697,,49,,3.888888888888889,0,6.168539325842697,223,43,50,49
msg_449,node49,node8,227,762113,762117.0,4.0,,,,6.16044776119403,,49,,4.0,0,6.16044776119403,222,42,50,49
msg_450,node49,node9,227,762113,762117.0,4.0,,,,6.152416356877324,,49,,4.555555555555555,0,6.152416356877324,221,41,50,49
msg_451,node49,node10,228,762113,762116.0,3.0,,,,6.237547892720307,,49,,2.888888888888889,0,6.237547892720307,229,49,50,49
msg_452,node49,node11,228,762113,,,,,,6.202917771883289,,49,,,0,6.202917771883289,520,20,50,49
msg_453,node49,node12,228,762113,,,,,,6.202917771883289,,49,,,0,6.202917771883289,520,20,50,49
msg_454,node49,node13,228,762113,762119.0,6.0,,,,6.136029411764706,,49,,5.777777777777778,0,6.136029411764706,218,38,50,49
msg_455,node49,node14,228,762113,762118.0,5.0,,,,6.144444444444445,,49,,4.666666666666667,0,6.144444444444445,220,40,50,49
msg_456,node49,node15,228,762113,762120.0,7.0,,,,6.136029411764706,,49,,6.222222222222222,0,6.136029411764706,218,38,50,49
msg_457,node49,node16,228,762113,,,,,,6.202917771883289,,49,,,0,6.202917771883289,520,20,50,49
msg_458,node49,node17,228,762113,762120.0,7.0,,,,6.141304347826087,,49,,6.555555555555555,0,6.141304347826087,214,34,50,49
msg_459,node49,node18,228,762113,,,,,,6.202917771883289,,49,,,0,6.202917771883289,520,20,50,49
msg_460,node49,node19,228,762113,,,,,,6.202917771883289,,49,,,0,6.202917771883289,520,20,50,49
msg_461,node49,node20,228,762113,762121.0,8.0,,,,6.144404332129964,,49,,7.222222222222222,0,6.144404332129964,213,33,50,49
msg_462,node49,node21,228,762113,762118.0,5.0,,,,6.1402214022140225,,49,,5.222222222222222,0,6.1402214022140225,219,39,50,49
msg_463,node49,node22,228,762113,,,,,,6.202917771883289,,49,,,0,6.202917771883289,520,20,50,49
msg_464,node49,node23,228,762113,,,,,,6.202917771883289,,49,,,0,6.202917771883289,520,20,50,49
msg_465,node49,node24,228,762113,762121.0,8.0,,,,6.151079136690647,,49,,7.333333333333333,0,6.151079136690647,212,32,50,49
msg_466,node49,node25,228,762113,762121.0,8.0,,,,6.157706093189964,,49,,7.333333333333333,0,6.157706093189964,211,31,50,49
msg_467,node49,node26,228,762113,,,,,,6.202917771883289,,49,,,0,6.202917771883289,520,20,50,49
msg_468,node49,node27,228,762113,762121.0,8.0,,,,6.164285714285715,,49,,7.888888888888889,0,6.164285714285715,210,30,50,49
msg_469,node49,node28,228,762113,,,,,,6.202917771883289,,49,,,0,6.202917771883289,520,20,50,49
msg_470,node49,node29,228,762113,,,,,,6.202917771883289,,49,,,0,6.202917771883289,520,20,50,49
msg_471,node49,node30,228,762113,,,,,,6.202917771883289,,49,,,0,6.202917771883289,520,20,50,49
msg_472,node49,node31,228,762113,762119.0,6.0,,,,6.136029411764706,,49,,6.333333333333333,0,6.136029411764706,218,38,50,49
msg_473,node49,node32,228,762113,762120.0,7.0,,,,6.136029411764706,,49,,6.555555555555555,0,6.136029411764706,218,38,50,49
msg_474,node49,node33,228,762113,762121.0,8.0,,,,6.164285714285715,,49,,8.222222222222221,0,6.164285714285715,210,30,50,49
msg_475,node49,node34,228,762113,,,,,,6.202917771883289,,49,,,0,6.202917771883289,520,20,50,49
msg_476,node49,node35,228,762113,762122.0,9.0,,,,6.164285714285715,,49,,8.333333333333334,0,6.164285714285715,210,30,50,49
msg_477,node49,node36,228,762113,762122.0,9.0,,,,6.164285714285715,,49,,8.333333333333334,0,6.164285714285715,210,30,50,49
msg_478,node49,node37,228,762113,762122.0,9.0,,,,6.197183098591549,,49,,8.444444444444445,0,6.197183098591549,206,26,50,49
msg_479,node49,node38,228,762113,,,,,,6.202917771883289,,49,,,0,6.202917771883289,520,20,50,49
msg_480,node49,node39,228,762113,,,,,,6.202917771883289,,49,,,0,6.202917771883289,520,20,50,49
msg_481,node49,node40,228,762113,762122.0,9.0,,,,6.207017543859649,,49,,9.11111111111111,0,6.207017543859649,205,25,50,49
msg_482,node49,node41,228,762113,762123.0,10.0,,,,6.216783216783217,,49,,9.333333333333334,0,6.216783216783217,204,24,50,49
msg_483,node49,node42,228,762113,,,,,,6.202917771883289,,49,,,0,6.202917771883289,520,20,50,49
msg_484,node49,node43,228,762113,,,,,,6.202917771883289,,49,,,0,6.202917771883289,520,20,50,49
msg_485,node49,node44,228,762113,762123.0,10.0,,,,6.229965156794425,,49,,9.333333333333334,0,6.229965156794425,203,23,50,49
msg_486,node49,node45,228,762113,762123.0,10.0,,,,6.229965156794425,,49,,9.333333333333334,0,6.229965156794425,203,23,50,49
msg_487,node49,node46,228,762113,762123.0,10.0,,,,6.229965156794425,,49,,10.11111111111111,0,6.229965156794425,203,23,50,49
msg_488,node49,node47,228,762113,,,,,,6.202917771883289,,49,,,0,6.202917771883289,520,20,50,49
msg_489,node49,node48,228,762113,,,,,,6.202917771883289,,49,,,0,6.202917771883289,520,20,50,49
msg_490,node49,node0,227,814337,814339.0,2.0,,,,6.268965517241379,,49,,2.2,0,6.268965517241379,249,49,50,49
msg_491,node49,node1,227,814337,814339.0,2.0,,,,6.268965517241379,,49,,2.6,0,6.268965517241379,249,49,50,49
msg_492,node49,node2,227,814337,814339.0,2.0,,,,6.268965517241379,,49,,2.6,0,6.268965517241379,249,49,50,49
msg_493,node49,node3,227,814337,814339.0,2.0,,,,6.225255972696246,,49,,3.1,0,6.225255972696246,246,46,50,49
msg_494,node49,node4,227,814337,,,,,,6.202917771883289,,49,,,0,6.202917771883289,520,20,50,49
msg_495,node49,node5,227,814337,,,,,,6.202917771883289,,49,,,0,6.202917771883289,520,20,50,49
msg_496,node49,node6,227,814337,814340.0,3.0,,,,6.210884353741497,,49,,3.6,0,6.210884353741497,245,45,50,49
msg_497,node49,node7,227,814337,814340.0,3.0,,,,6.2,,49,,3.9,0,6.2,244,44,50,49
msg_498,node49,node8,227,814337,814341.0,4.0,,,,6.171140939597316,,49,,4.0,0,6.171140939597316,241,41,50,49
msg_499,node49,node9,227,814337,814341.0,4.0,,,,6.156666666666666,,49,,4.5,0,6.156666666666666,239,39,50,49
msg_500,node49,node10,228,814337,814340.0,3.0,,,,6.1891891891891895,,49,,2.9,0,6.1891891891891895,243,43,50,49
msg_501,node49,node11,228,814337,,,,,,6.202917771883289,,49,,,0,6.202917771883289,520,20,50,49
msg_502,node49,node12,228,814337,,,,,,6.202917771883289,,49,,,0,6.202917771883289,520,20,50,49
msg_503,node49,node13,228,814337,814342.0,5.0,,,,6.149501661129568,,49,,5.8,0,6.149501661129568,238,38,50,49
msg_504,node49,node14,228,814337,814341.0,4.0,,,,6.178451178451178,,49,,4.7,0,6.178451178451178,242,42,50,49
msg_505,node49,node15,228,814337,814342.0,5.0,,,,6.145695364238411,,49,,6.3,0,6.145695364238411,237,37,50,49
msg_506,node49,node16,228,814337,,,,,,6.202917771883289,,49,,,0,6.202917771883289,520,20,50,49
msg_507,node49,node17,228,814337,814342.0,5.0,,,,6.141914191419142,,49,,6.6,0,6.141914191419142,236,36,50,49
msg_508,node49,node18,228,814337,,,,,,6.202917771883289,,49,,,0,6.202917771883289,520,20,50,49
msg_509,node49,node19,228,814337,,,,,,6.202917771883289,,49,,,0,6.202917771883289,520,20,50,49
msg_510,node49,node20,228,814337,814343.0,6.0,,,,6.1381578947368425,,49,,7.3,0,6.1381578947368425,235,35,50,49
msg_511,node49,node21,228,814337,814341.0,4.0,,,,6.1638795986622075,,49,,5.2,0,6.1638795986622075,240,40,50,49
msg_512,node49,node22,228,814337,,,,,,6.202917771883289,,49,,,0,6.202917771883289,520,20,50,49
msg_513,node49,node23,228,814337,,,,,,6.202917771883289,,49,,,0,6.202917771883289,520,20,50,49
msg_514,node49,node24,228,814337,814343.0,6.0,,,,6.137704918032787,,49,,7.4,0,6.137704918032787,234,34,50,49
msg_515,node49,node25,228,814337,814344.0,7.0,,,,6.137254901960785,,49,,7.4,0,6.137254901960785,233,33,50,49
msg_516,node49,node26,228,814337,,,,,,6.202917771883289,,49,,,0,6.202917771883289,520,20,50,49
msg_517,node49,node27,228,814337,814345.0,8.0,,,,6.145631067961165,,49,,7.9,0,6.145631067961165,230,30,50,49
msg_518,node49,node28,228,814337,,,,,,6.202917771883289,,49,,,0,6.202917771883289,520,20,50,49
msg_519,node49,node29,228,814337,,,,,,6.202917771883289,,49,,,0,6.202917771883289,520,20,50,49
msg_520,node49,node30,228,814337,,,,,,6.202917771883289,,49,,,0,6.202917771883289,520,20,50,49
msg_521,node49,node31,228,814337,814344.0,7.0,,,,6.140065146579804,,49,,6.3,0,6.140065146579804,232,32,50,49
msg_522,node49,node32,228,814337,814344.0,7.0,,,,6.142857142857143,,49,,6.6,0,6.142857142857143,231,31,50,49
msg_523,node49,node33,228,814337,814345.0,8.0,,,,6.151612903225806,,49,,8.2,0,6.151612903225806,229,29,50,49
msg_524,node49,node34,228,814337,,,,,,6.202917771883289,,49,,,0,6.202917771883289,520,20,50,49
msg_525,node49,node35,228,814337,814345.0,8.0,,,,6.151612903225806,,49,,8.4,0,6.151612903225806,229,29,50,49
msg_526,node49,node36,228,814337,814345.0,8.0,,,,6.151612903225806,,49,,8.4,0,6.151612903225806,229,29,50,49
msg_527,node49,node37,228,814337,814345.0,8.0,,,,6.169329073482428,,49,,8.5,0,6.169329073482428,226,26,50,49
msg_528,node49,node38,228,814337,,,,,,6.202917771883289,,49,,,0,6.202917771883289,520,20,50,49
msg_529,node49,node39,228,814337,,,,,,6.202917771883289,,49,,,0,6.202917771883289,520,20,50,49
msg_530,node49,node40,228,814337,814346.0,9.0,,,,6.17515923566879,,49,,9.1,0,6.17515923566879,225,25,50,49
msg_531,node49,node41,228,814337,814346.0,9.0,,,,6.184126984126984,,49,,9.4,0,6.184126984126984,224,24,50,49
msg_532,node49,node42,228,814337,,,,,,6.202917771883289,,49,,,0,6.202917771883289,520,20,50,49
msg_533,node49,node43,228,814337,,,,,,6.202917771883289,,49,,,0,6.202917771883289,520,20,50,49
msg_534,node49,node44,228,814337,814346.0,9.0,,,,6.193037974683544,,49,,9.4,0,6.193037974683544,223,23,50,49
msg_535,node49,node45,228,814337,814346.0,9.0,,,,6.201892744479495,,49,,9.4,0,6.201892744479495,222,22,50,49
msg_536,node49,node46,228,814337,814347.0,10.0,,,,6.210691823899371,,49,,10.1,0,6.210691823899371,221,21,50,49
msg_537,node49,node47,228,814337,,,,,,6.202917771883289,,49,,,0,6.202917771883289,520,20,50,49
msg_538,node49,node48,228,814337,,,,,,6.202917771883289,,49,,,0,6.202917771883289,520,20,50,49
msg_539,node49,node0,227,824681,824683.0,2.0,,,,6.222570532915361,,49,,2.1818181818181817,0,6.222570532915361,269,49,50,49
msg_540,node49,node1,227,824681,824683.0,2.0,,,,6.209375,,49,,2.5454545454545454,0,6.209375,268,48,50,49
msg_541,node49,node2,227,824681,824684.0,3.0,,,,6.183229813664596,,49,,2.5454545454545454,0,6.183229813664596,266,46,50,49
msg_542,node49,node3,227,824681,824684.0,3.0,,,,6.173374613003096,,49,,3.0,0,6.173374613003096,265,45,50,49
msg_543,node49,node4,227,824681,,,,,,6.202917771883289,,49,,,0,6.202917771883289,520,20,50,49
msg_544,node49,node5,227,824681,,,,,,6.202917771883289,,49,,,0,6.202917771883289,520,20,50,49
msg_545,node49,node6,227,824681,824685.0,4.0,,,,6.16358024691358,,49,,3.5454545454545454,0,6.16358024691358,264,44,50,49
msg_546,node49,node7,227,824681,824685.0,4.0,,,,6.156923076923077,,49,,3.8181818181818183,0,6.156923076923077,263,43,50,49
msg_547,node49,node8,227,824681,824685.0,4.0,,,,6.1503067484662575,,49,,4.0,0,6.1503067484662575,262,42,50,49
msg_548,node49,node9,227,824681,824685.0,4.0,,,,6.143730886850153,,49,,4.454545454545454,0,6.143730886850153,261,41,50,49
msg_549,node49,node10,228,824681,824683.0,2.0,,,,6.196261682242991,,49,,2.909090909090909,0,6.196261682242991,267,47,50,49
msg_550,node49,node11,228,824681,,,,,,6.202917771883289,,49,,,0,6.202917771883289,520,20,50,49
msg_551,node49,node12,228,824681,,,,,,6.202917771883289,,49,,,0,6.202917771883289,520,20,50,49
msg_552,node49,node13,228,824681,824687.0,6.0,,,,6.1299093655589125,,49,,5.7272727272727275,0,6.1299093655589125,257,37,50,49
msg_553,node49,node14,228,824681,824686.0,5.0,,,,6.137195121951219,,49,,4.636363636363637,0,6.137195121951219,260,40,50,49
msg_554,node49,node15,228,824681,824687.0,6.0,,,,6.129518072289157,,49,,6.181818181818182,0,6.129518072289157,256,36,50,49
msg_555,node49,node16,228,824681,,,,,,6.202917771883289,,49,,,0,6.202917771883289,520,20,50,49
msg_556,node49,node17,228,824681,824688.0,7.0,,,,6.131736526946108,,49,,6.454545454545454,0,6.131736526946108,254,34,50,49
msg_557,node49,node18,228,824681,,,,,,6.202917771883289,,49,,,0,6.202917771883289,520,20,50,49
msg_558,node49,node19,228,824681,,,,,,6.202917771883289,,49,,,0,6.202917771883289,520,20,50,49
msg_559,node49,node20,228,824681,824688.0,7.0,,,,6.134328358208955,,49,,7.181818181818182,0,6.134328358208955,253,33,50,49
msg_560,node49,node21,228,824681,824686.0,5.0,,,,6.133738601823708,,49,,5.090909090909091,0,6.133738601823708,259,39,50,49
msg_561,node49,node22,228,824681,,,,,,6.202917771883289,,49,,,0,6.202917771883289,520,20,50,49
msg_562,node49,node23,228,824681,,,,,,6.202917771883289,,49,,,0,6.202917771883289,520,20,50,49
msg_563,node49,node24,228,824681,824689.0,8.0,,,,6.136904761904762,,49,,7.2727272727272725,0,6.136904761904762,252,32,50,49
msg_564,node49,node25,228,824681,824689.0,8.0,,,,6.142433234421365,,49,,7.363636363636363,0,6.142433234421365,251,31,50,49
msg_565,node49,node26,228,824681,,,,,,6.202917771883289,,49,,,0,6.202917771883289,520,20,50,49
msg_566,node49,node27,228,824681,824689.0,8.0,,,,6.14792899408284,,49,,7.909090909090909,0,6.14792899408284,250,30,50,49
msg_567,node49,node28,228,824681,,,,,,6.202917771883289,,49,,,0,6.202917771883289,520,20,50,49
msg_568,node49,node29,228,824681,,,,,,6.202917771883289,,49,,,0,6.202917771883289,520,20,50,49
msg_569,node49,node30,228,824681,,,,,,6.202917771883289,,49,,,0,6.202917771883289,520,20,50,49
msg_570,node49,node31,228,824681,824687.0,6.0,,,,6.13030303030303,,49,,6.363636363636363,0,6.13030303030303,258,38,50,49
msg_571,node49,node32,228,824681,824688.0,7.0,,,,6.129129129129129,,49,,6.636363636363637,0,6.129129129129129,255,35,50,49
msg_572,node49,node33,228,824681,824689.0,8.0,,,,6.153392330383481,,49,,8.181818181818182,0,6.153392330383481,249,29,50,49
msg_573,node49,node34,228,824681,,,,,,6.202917771883289,,49,,,0,6.202917771883289,520,20,50,49
msg_574,node49,node35,228,824681,824690.0,9.0,,,,6.158823529411765,,49,,8.363636363636363,0,6.158823529411765,248,28,50,49
msg_575,node49,node36,228,824681,824690.0,9.0,,,,6.167155425219941,,49,,8.363636363636363,0,6.167155425219941,247,27,50,49
msg_576,node49,node37,228,824681,824690.0,9.0,,,,6.175438596491228,,49,,8.454545454545455,0,6.175438596491228,246,26,50,49
msg_577,node49,node38,228,824681,,,,,,6.202917771883289,,49,,,0,6.202917771883289,520,20,50,49
msg_578,node49,node39,228,824681,,,,,,6.202917771883289,,49,,,0,6.202917771883289,520,20,50,49
msg_579,node49,node40,228,824681,824690.0,9.0,,,,6.183673469387755,,49,,9.090909090909092,0,6.183673469387755,245,25,50,49
msg_580,node49,node41,228,824681,824690.0,9.0,,,,6.191860465116279,,49,,9.363636363636363,0,6.191860465116279,244,24,50,49
msg_581,node49,node42,228,824681,,,,,,6.202917771883289,,49,,,0,6.202917771883289,520,20,50,49
msg_582,node49,node43,228,824681,,,,,,6.202917771883289,,49,,,0,6.202917771883289,520,20,50,49
msg_583,node49,node44,228,824681,824691.0,10.0,,,,6.2,,49,,9.363636363636363,0,6.2,243,23,50,49
msg_584,node49,node45,228,824681,824691.0,10.0,,,,6.210982658959537,,49,,9.363636363636363,0,6.210982658959537,242,22,50,49
msg_585,node49,node46,228,824681,824691.0,10.0,,,,6.221902017291066,,49,,10.090909090909092,0,6.221902017291066,241,21,50,49
msg_586,node49,node47,228,824681,,,,,,6.202917771883289,,49,,,0,6.202917771883289,520,20,50,49
msg_587,node49,node48,228,824681,,,,,,6.202917771883289,,49,,,0,6.202917771883289,520,20,50,49
msg_588,node49,node0,227,858479,858481.0,2.0,,,,6.232758620689655,,49,,2.1666666666666665,0,6.232758620689655,289,49,50,49
msg_589,node49,node1,227,858479,858482.0,3.0,,,,6.2206303724928365,,49,,2.5,0,6.2206303724928365,288,48,50,49
msg_590,node49,node2,227,858479,858482.0,3.0,,,,6.202279202279202,,49,,2.5833333333333335,0,6.202279202279202,286,46,50,49
msg_591,node49,node3,227,858479,858483.0,4.0,,,,6.193181818181818,,49,,3.0,0,6.193181818181818,285,45,50,49
msg_592,node49,node4,227,858479,,,,,,6.202917771883289,,49,,,0,6.202917771883289,520,20,50,49
msg_593,node49,node5,227,858479,,,,,,6.202917771883289,,49,,,0,6.202917771883289,520,20,50,49
msg_594,node49,node6,227,858479,858483.0,4.0,,,,6.186968838526912,,49,,3.5833333333333335,0,6.186968838526912,284,44,50,49
msg_595,node49,node7,227,858479,858483.0,4.0,,,,6.1807909604519775,,49,,3.8333333333333335,0,6.1807909604519775,283,43,50,49
msg_596,node49,node8,227,858479,858483.0,4.0,,,,6.174647887323943,,49,,4.0,0,6.174647887323943,282,42,50,49
msg_597,node49,node9,227,858479,858483.0,4.0,,,,6.168539325842697,,49,,4.416666666666667,0,6.168539325842697,281,41,50,49
msg_598,node49,node10,228,858479,858482.0,3.0,,,,6.211428571428572,,49,,2.8333333333333335,0,6.211428571428572,287,47,50,49
msg_599,node49,node11,228,858479,,,,,,6.202917771883289,,49,,,0,6.202917771883289,520,20,50,49
msg_600,node49,node12,228,858479,,,,,,6.202917771883289,,49,,,0,6.202917771883289,520,20,50,49
msg_601,node49,node13,228,858479,858485.0,6.0,,,,6.155988857938719,,49,,5.75,0,6.155988857938719,278,38,50,49
msg_602,node49,node14,228,858479,858484.0,5.0,,,,6.162464985994398,,49,,4.666666666666667,0,6.162464985994398,280,40,50,49
msg_603,node49,node15,228,858479,858486.0,7.0,,,,6.157894736842105,,49,,6.166666666666667,0,6.157894736842105,276,36,50,49
msg_604,node49,node16,228,858479,,,,,,6.202917771883289,,49,,,0,6.202917771883289,520,20,50,49
msg_605,node49,node17,228,858479,858486.0,7.0,,,,6.162534435261708,,49,,6.5,0,6.162534435261708,274,34,50,49
msg_606,node49,node18,228,858479,,,,,,6.202917771883289,,49,,,0,6.202917771883289,520,20,50,49
msg_607,node49,node19,228,858479,,,,,,6.202917771883289,,49,,,0,6.202917771883289,520,20,50,49
msg_608,node49,node20,228,858479,858487.0,8.0,,,,6.164835164835165,,49,,7.166666666666667,0,6.164835164835165,273,33,50,49
msg_609,node49,node21,228,858479,858484.0,5.0,,,,6.159217877094972,,49,,5.083333333333333,0,6.159217877094972,279,39,50,49
msg_610,node49,node22,228,858479,,,,,,6.202917771883289,,49,,,0,6.202917771883289,520,20,50,49
msg_611,node49,node23,228,858479,,,,,,6.202917771883289,,49,,,0,6.202917771883289,520,20,50,49
msg_612,node49,node24,228,858479,858487.0,8.0,,,,6.16986301369863,,49,,7.333333333333333,0,6.16986301369863,272,32,50,49
msg_613,node49,node25,228,858479,858487.0,8.0,,,,6.174863387978142,,49,,7.416666666666667,0,6.174863387978142,271,31,50,49
msg_614,node49,node26,228,858479,,,,,,6.202917771883289,,49,,,0,6.202917771883289,520,20,50,49
msg_615,node49,node27,228,858479,858487.0,8.0,,,,6.179836512261581,,49,,7.916666666666667,0,6.179836512261581,270,30,50,49
msg_616,node49,node28,228,858479,,,,,,6.202917771883289,,49,,,0,6.202917771883289,520,20,50,49
msg_617,node49,node29,228,858479,,,,,,6.202917771883289,,49,,,0,6.202917771883289,520,20,50,49
msg_618,node49,node30,228,858479,,,,,,6.202917771883289,,49,,,0,6.202917771883289,520,20,50,49
msg_619,node49,node31,228,858479,858486.0,7.0,,,,6.155555555555556,,49,,6.333333333333333,0,6.155555555555556,277,37,50,49
msg_620,node49,node32,228,858479,858486.0,7.0,,,,6.1602209944751385,,49,,6.666666666666667,0,6.1602209944751385,275,35,50,49
msg_621,node49,node33,228,858479,858488.0,9.0,,,,6.184782608695652,,49,,8.166666666666666,0,6.184782608695652,269,29,50,49
msg_622,node49,node34,228,858479,,,,,,6.202917771883289,,49,,,0,6.202917771883289,520,20,50,49
msg_623,node49,node35,228,858479,858488.0,9.0,,,,6.1924119241192415,,49,,8.416666666666666,0,6.1924119241192415,268,28,50,49
msg_624,node49,node36,228,858479,858488.0,9.0,,,,6.2,,49,,8.416666666666666,0,6.2,267,27,50,49
msg_625,node49,node37,228,858479,858488.0,9.0,,,,6.2075471698113205,,49,,8.5,0,6.2075471698113205,266,26,50,49
msg_626,node49,node38,228,858479,,,,,,6.202917771883289,,49,,,0,6.202917771883289,520,20,50,49
msg_627,node49,node39,228,858479,,,,,,6.202917771883289,,49,,,0,6.202917771883289,520,20,50,49
msg_628,node49,node40,228,858479,858488.0,9.0,,,,6.21505376344086,,49,,9.083333333333334,0,6.21505376344086,265,25,50,49
msg_629,node49,node41,228,858479,858489.0,10.0,,,,6.222520107238606,,49,,9.333333333333334,0,6.222520107238606,264,24,50,49
msg_630,node49,node42,228,858479,,,,,,6.202917771883289,,49,,,0,6.202917771883289,520,20,50,49
msg_631,node49,node43,228,858479,,,,,,6.202917771883289,,49,,,0,6.202917771883289,520,20,50,49
msg_632,node49,node44,228,858479,858489.0,10.0,,,,6.232620320855615,,49,,9.416666666666666,0,6.232620320855615,263,23,50,49
msg_633,node49,node45,228,858479,858489.0,10.0,,,,6.242666666666667,,49,,9.416666666666666,0,6.242666666666667,262,22,50,49
msg_634,node49,node46,228,858479,858489.0,10.0,,,,6.252659574468085,,49,,10.083333333333334,0,6.252659574468085,261,21,50,49
msg_635,node49,node47,228,858479,,,,,,6.202917771883289,,49,,,0,6.202917771883289,520,20,50,49
msg_636,node49,node48,228,858479,,,,,,6.202917771883289,,49,,,0,6.202917771883289,520,20,50,49
msg_637,node49,node0,227,888485,888487.0,2.0,,,,6.262599469496021,,49,,2.1538461538461537,0,6.262599469496021,309,49,50,49
msg_638,node49,node1,227,888485,888488.0,3.0,,,,6.251322751322752,,49,,2.5384615384615383,0,6.251322751322752,308,48,50,49
msg_639,node49,node2,227,888485,888488.0,3.0,,,,6.234210526315789,,49,,2.6153846153846154,0,6.234210526315789,306,46,50,49
msg_640,node49,node3,227,888485,888488.0,3.0,,,,6.225721784776903,,49,,3.076923076923077,0,6.225721784776903,305,45,50,49
msg_641,node49,node4,227,888485,,,,,,6.202917771883289,,49,,,0,6.202917771883289,520,20,50,49
msg_642,node49,node5,227,888485,,,,,,6.202917771883289,,49,,,0,6.202917771883289,520,20,50,49
msg_643,node49,node6,227,888485,888489.0,4.0,,,,6.217277486910994,,49,,3.6153846153846154,0,6.217277486910994,304,44,50,49
msg_644,node49,node7,227,888485,888489.0,4.0,,,,6.211488250652741,,49,,3.8461538461538463,0,6.211488250652741,303,43,50,49
msg_645,node49,node8,227,888485,888489.0,4.0,,,,6.205729166666667,,49,,4.0,0,6.205729166666667,302,42,50,49
msg_646,node49,node9,227,888485,888489.0,4.0,,,,6.2,,49,,4.384615384615385,0,6.2,301,41,50,49
msg_647,node49,node10,228,888485,888488.0,3.0,,,,6.242744063324539,,49,,2.8461538461538463,0,6.242744063324539,307,47,50,49
msg_648,node49,node11,228,888485,,,,,,6.202917771883289,,49,,,0,6.202917771883289,520,20,50,49
msg_649,node49,node12,228,888485,,,,,,6.202917771883289,,49,,,0,6.202917771883289,520,20,50,49
msg_650,node49,node13,228,888485,888491.0,6.0,,,,6.188144329896907,,49,,5.769230769230769,0,6.188144329896907,298,38,50,49
msg_651,node49,node14,228,888485,888490.0,5.0,,,,6.194300518134715,,49,,4.6923076923076925,0,6.194300518134715,300,40,50,49
msg_652,node49,node15,228,888485,888491.0,6.0,,,,6.187660668380463,,49,,6.230769230769231,0,6.187660668380463,297,37,50,49
msg_653,node49,node16,228,888485,,,,,,6.202917771883289,,49,,,0,6.202917771883289,520,20,50,49
msg_654,node49,node17,228,888485,888492.0,7.0,,,,6.187179487179487,,49,,6.538461538461538,0,6.187179487179487,296,36,50,49
msg_655,node49,node18,228,888485,,,,,,6.202917771883289,,49,,,0,6.202917771883289,520,20,50,49
msg_656,node49,node19,228,888485,,,,,,6.202917771883289,,49,,,0,6.202917771883289,520,20,50,49
msg_657,node49,node20,228,888485,888492.0,7.0,,,,6.189258312020461,,49,,7.230769230769231,0,6.189258312020461,295,35,50,49
msg_658,node49,node21,228,888485,888490.0,5.0,,,,6.191214470284238,,49,,5.076923076923077,0,6.191214470284238,299,39,50,49
msg_659,node49,node22,228,888485,,,,,,6.202917771883289,,49,,,0,6.202917771883289,520,20,50,49
msg_660,node49,node23,228,888485,,,,,,6.202917771883289,,49,,,0,6.202917771883289,520,20,50,49
msg_661,node49,node24,228,888485,888492.0,7.0,,,,6.193384223918575,,49,,7.384615384615385,0,6.193384223918575,293,33,50,49
msg_662,node49,node25,228,888485,888492.0,7.0,,,,6.19746835443038,,49,,7.461538461538462,0,6.19746835443038,291,31,50,49
msg_663,node49,node26,228,888485,,,,,,6.202917771883289,,49,,,0,6.202917771883289,520,20,50,49
msg_664,node49,node27,228,888485,888493.0,8.0,,,,6.19949494949495,,49,,7.923076923076923,0,6.19949494949495,290,30,50,49
msg_665,node49,node28,228,888485,,,,,,6.202917771883289,,49,,,0,6.202917771883289,520,20,50,49
msg_666,node49,node29,228,888485,,,,,,6.202917771883289,,49,,,0,6.202917771883289,520,20,50,49
msg_667,node49,node30,228,888485,,,,,,6.202917771883289,,49,,,0,6.202917771883289,520,20,50,49
msg_668,node49,node31,228,888485,888492.0,7.0,,,,6.191326530612245,,49,,6.384615384615385,0,6.191326530612245,294,34,50,49
msg_669,node49,node32,228,888485,888492.0,7.0,,,,6.195431472081219,,49,,6.6923076923076925,0,6.195431472081219,292,32,50,49
msg_670,node49,node33,228,888485,888494.0,9.0,,,,6.204030226700252,,49,,8.23076923076923,0,6.204030226700252,289,29,50,49
msg_671,node49,node34,228,888485,,,,,,6.202917771883289,,49,,,0,6.202917771883289,520,20,50,49
msg_672,node49,node35,228,888485,888494.0,9.0,,,,6.211055276381909,,49,,8.461538461538462,0,6.211055276381909,288,28,50,49
msg_673,node49,node36,228,888485,888494.0,9.0,,,,6.2180451127819545,,49,,8.461538461538462,0,6.2180451127819545,287,27,50,49
msg_674,node49,node37,228,888485,888494.0,9.0,,,,6.225,,49,,8.538461538461538,0,6.225,286,26,50,49
msg_675,node49,node38,228,888485,,,,,,6.202917771883289,,49,,,0,6.202917771883289,520,20,50,49
msg_676,node49,node39,228,888485,,,,,,6.202917771883289,,49,,,0,6.202917771883289,520,20,50,49
msg_677,node49,node40,228,888485,888494.0,9.0,,,,6.231920199501247,,49,,9.076923076923077,0,6.231920199501247,285,25,50,49
msg_678,node49,node41,228,888485,888495.0,10.0,,,,6.2388059701492535,,49,,9.384615384615385,0,6.2388059701492535,284,24,50,49
msg_679,node49,node42,228,888485,,,,,,6.202917771883289,,49,,,0,6.202917771883289,520,20,50,49
msg_680,node49,node43,228,888485,,,,,,6.202917771883289,,49,,,0,6.202917771883289,520,20,50,49
msg_681,node49,node44,228,888485,888495.0,10.0,,,,6.248138957816377,,49,,9.461538461538462,0,6.248138957816377,283,23,50,49
msg_682,node49,node45,228,888485,888495.0,10.0,,,,6.257425742574258,,49,,9.461538461538462,0,6.257425742574258,282,22,50,49
msg_683,node49,node46,228,888485,888495.0,10.0,,,,6.266666666666667,,49,,10.076923076923077,0,6.266666666666667,281,21,50,49
msg_684,node49,node47,228,888485,,,,,,6.202917771883289,,49,,,0,6.202917771883289,520,20,50,49
msg_685,node49,node48,228,888485,,,,,,6.202917771883289,,49,,,0,6.202917771883289,520,20,50,49
msg_686,node49,node0,227,965512,965514.0,2.0,,,,6.275862068965517,,49,,2.142857142857143,0,6.275862068965517,329,49,50,49
msg_687,node49,node1,227,965512,965515.0,3.0,,,,6.2653562653562656,,49,,2.5714285714285716,0,6.2653562653562656,328,48,50,49
msg_688,node49,node2,227,965512,965515.0,3.0,,,,6.249388753056235,,49,,2.642857142857143,0,6.249388753056235,326,46,50,49
msg_689,node49,node3,227,965512,965516.0,4.0,,,,6.241463414634146,,49,,3.0714285714285716,0,6.241463414634146,325,45,50,49
msg_690,node49,node4,227,965512,,,,,,6.202917771883289,,49,,,0,6.202917771883289,520,20,50,49
msg_691,node49,node5,227,965512,,,,,,6.202917771883289,,49,,,0,6.202917771883289,520,20,50,49
msg_692,node49,node6,227,965512,965516.0,4.0,,,,6.236009732360097,,49,,3.642857142857143,0,6.236009732360097,324,44,50,49
msg_693,node49,node7,227,965512,965516.0,4.0,,,,6.230582524271845,,49,,3.857142857142857,0,6.230582524271845,323,43,50,49
msg_694,node49,node8,227,965512,965516.0,4.0,,,,6.225181598062954,,49,,4.0,0,6.225181598062954,322,42,50,49
msg_695,node49,node9,227,965512,965516.0,4.0,,,,6.219806763285024,,49,,4.357142857142857,0,6.219806763285024,321,41,50,49
msg_696,node49,node10,228,965512,965515.0,3.0,,,,6.257352941176471,,49,,2.857142857142857,0,6.257352941176471,327,47,50,49
msg_697,node49,node11,228,965512,,,,,,6.202917771883289,,49,,,0,6.202917771883289,520,20,50,49
msg_698,node49,node12,228,965512,,,,,,6.202917771883289,,49,,,0,6.202917771883289,520,20,50,49
msg_699,node49,node13,228,965512,965518.0,6.0,,,,6.2086330935251794,,49,,5.785714285714286,0,6.2086330935251794,318,38,50,49
msg_700,node49,node14,228,965512,965517.0,5.0,,,,6.214457831325301,,49,,4.714285714285714,0,6.214457831325301,320,40,50,49
msg_701,node49,node15,228,965512,965519.0,7.0,,,,6.210023866348449,,49,,6.214285714285714,0,6.210023866348449,316,36,50,49
msg_702,node49,node16,228,965512,,,,,,6.202917771883289,,49,,,0,6.202917771883289,520,20,50,49
msg_703,node49,node17,228,965512,965519.0,7.0,,,,6.2137767220902616,,49,,6.571428571428571,0,6.2137767220902616,314,34,50,49
msg_704,node49,node18,228,965512,,,,,,6.202917771883289,,49,,,0,6.202917771883289,520,20,50,49
msg_705,node49,node19,228,965512,,,,,,6.202917771883289,,49,,,0,6.202917771883289,520,20,50,49
msg_706,node49,node20,228,965512,965520.0,8.0,,,,6.2156398104265405,,49,,7.214285714285714,0,6.2156398104265405,313,33,50,49
msg_707,node49,node21,228,965512,965517.0,5.0,,,,6.211538461538462,,49,,5.071428571428571,0,6.211538461538462,319,39,50,49
msg_708,node49,node22,228,965512,,,,,,6.202917771883289,,49,,,0,6.202917771883289,520,20,50,49
msg_709,node49,node23,228,965512,,,,,,6.202917771883289,,49,,,0,6.202917771883289,520,20,50,49
msg_710,node49,node24,228,965512,965520.0,8.0,,,,6.219858156028369,,49,,7.357142857142857,0,6.219858156028369,312,32,50,49
msg_711,node49,node25,228,965512,965520.0,8.0,,,,6.224056603773585,,49,,7.428571428571429,0,6.224056603773585,311,31,50,49
msg_712,node49,node26,228,965512,,,,,,6.202917771883289,,49,,,0,6.202917771883289,520,20,50,49
msg_713,node49,node27,228,965512,965520.0,8.0,,,,6.228235294117647,,49,,7.928571428571429,0,6.228235294117647,310,30,50,49
msg_714,node49,node28,228,965512,,,,,,6.202917771883289,,49,,,0,6.202917771883289,520,20,50,49
msg_715,node49,node29,228,965512,,,,,,6.202917771883289,,49,,,0,6.202917771883289,520,20,50,49
msg_716,node49,node30,228,965512,,,,,,6.202917771883289,,49,,,0,6.202917771883289,520,20,50,49
msg_717,node49,node31,228,965512,965519.0,7.0,,,,6.208133971291866,,49,,6.428571428571429,0,6.208133971291866,317,37,50,49
msg_718,node49,node32,228,965512,965519.0,7.0,,,,6.211904761904762,,49,,6.714285714285714,0,6.211904761904762,315,35,50,49
msg_719,node49,node33,228,965512,965521.0,9.0,,,,6.232394366197183,,49,,8.285714285714286,0,6.232394366197183,309,29,50,49
msg_720,node49,node34,228,965512,,,,,,6.202917771883289,,49,,,0,6.202917771883289,520,20,50,49
msg_721,node49,node35,228,965512,965521.0,9.0,,,,6.23887587822014,,49,,8.5,0,6.23887587822014,308,28,50,49
msg_722,node49,node36,228,965512,965521.0,9.0,,,,6.2453271028037385,,49,,8.5,0,6.2453271028037385,307,27,50,49
msg_723,node49,node37,228,965512,965521.0,9.0,,,,6.251748251748252,,49,,8.571428571428571,0,6.251748251748252,306,26,50,49
msg_724,node49,node38,228,965512,,,,,,6.202917771883289,,49,,,0,6.202917771883289,520,20,50,49
msg_725,node49,node39,228,965512,,,,,,6.202917771883289,,49,,,0,6.202917771883289,520,20,50,49
msg_726,node49,node40,228,965512,965521.0,9.0,,,,6.258139534883721,,49,,9.071428571428571,0,6.258139534883721,305,25,50,49
msg_727,node49,node41,228,965512,965522.0,10.0,,,,6.2645011600928076,,49,,9.428571428571429,0,6.2645011600928076,304,24,50,49
msg_728,node49,node42,228,965512,,,,,,6.202917771883289,,49,,,0,6.202917771883289,520,20,50,49
msg_729,node49,node43,228,965512,,,,,,6.202917771883289,,49,,,0,6.202917771883289,520,20,50,49
msg_730,node49,node44,228,965512,965522.0,10.0,,,,6.273148148148148,,49,,9.5,0,6.273148148148148,303,23,50,49
msg_731,node49,node45,228,965512,965522.0,10.0,,,,6.28175519630485,,49,,9.5,0,6.28175519630485,302,22,50,49
msg_732,node49,node46,228,965512,965522.0,10.0,,,,6.290322580645161,,49,,10.071428571428571,0,6.290322580645161,301,21,50,49
msg_733,node49,node47,228,965512,,,,,,6.202917771883289,,49,,,0,6.202917771883289,520,20,50,49
msg_734,node49,node48,228,965512,,,,,,6.202917771883289,,49,,,0,6.202917771883289,520,20,50,49
msg_735,node49,node0,227,1281284,1281286.0,2.0,,,,6.2988505747126435,,49,,2.1333333333333333,0,6.2988505747126435,349,49,50,49
msg_736,node49,node1,227,1281284,1281286.0,2.0,,,,6.2889908256880735,,49,,2.6,0,6.2889908256880735,348,48,50,49
msg_737,node49,node2,227,1281284,1281286.0,2.0,,,,6.279176201372998,,49,,2.6666666666666665,0,6.279176201372998,347,47,50,49
msg_738,node49,node3,227,1281284,1281286.0,2.0,,,,6.259681093394078,,49,,3.1333333333333333,0,6.259681093394078,345,45,50,49
msg_739,node49,node4,227,1281284,,,,,,6.202917771883289,,49,,,0,6.202917771883289,520,20,50,49
msg_740,node49,node5,227,1281284,,,,,,6.202917771883289,,49,,,0,6.202917771883289,520,20,50,49
msg_741,node49,node6,227,1281284,1281287.0,3.0,,,,6.25,,49,,3.6666666666666665,0,6.25,344,44,50,49
msg_742,node49,node7,227,1281284,1281287.0,3.0,,,,6.242630385487528,,49,,3.8666666666666667,0,6.242630385487528,343,43,50,49
msg_743,node49,node8,227,1281284,1281287.0,3.0,,,,6.235294117647059,,49,,4.0,0,6.235294117647059,342,42,50,49
msg_744,node49,node9,227,1281284,1281288.0,4.0,,,,6.227990970654628,,49,,4.333333333333333,0,6.227990970654628,341,41,50,49
msg_745,node49,node10,228,1281284,1281286.0,2.0,,,,6.269406392694064,,49,,2.8666666666666667,0,6.269406392694064,346,46,50,49
msg_746,node49,node11,228,1281284,,,,,,6.202917771883289,,49,,,0,6.202917771883289,520,20,50,49
msg_747,node49,node12,228,1281284,,,,,,6.202917771883289,,49,,,0,6.202917771883289,520,20,50,49
msg_748,node49,node13,228,1281284,1281290.0,6.0,,,,6.217002237136465,,49,,5.8,0,6.217002237136465,337,37,50,49
msg_749,node49,node14,228,1281284,1281289.0,5.0,,,,6.222972972972973,,49,,4.733333333333333,0,6.222972972972973,340,40,50,49
msg_750,node49,node15,228,1281284,1281290.0,6.0,,,,6.216035634743875,,49,,6.266666666666667,0,6.216035634743875,335,35,50,49
msg_751,node49,node16,228,1281284,,,,,,6.202917771883289,,49,,,0,6.202917771883289,520,20,50,49
msg_752,node49,node17,228,1281284,1281291.0,7.0,,,,6.2155555555555555,,49,,6.6,0,6.2155555555555555,334,34,50,49
msg_753,node49,node18,228,1281284,,,,,,6.202917771883289,,49,,,0,6.202917771883289,520,20,50,49
msg_754,node49,node19,228,1281284,,,,,,6.202917771883289,,49,,,0,6.202917771883289,520,20,50,49
msg_755,node49,node20,228,1281284,1281291.0,7.0,,,,6.21729490022173,,49,,7.266666666666667,0,6.21729490022173,333,33,50,49
msg_756,node49,node21,228,1281284,1281289.0,5.0,,,,6.2202247191011235,,49,,5.066666666666666,0,6.2202247191011235,339,39,50,49
msg_757,node49,node22,228,1281284,,,,,,6.202917771883289,,49,,,0,6.202917771883289,520,20,50,49
msg_758,node49,node23,228,1281284,,,,,,6.202917771883289,,49,,,0,6.202917771883289,520,20,50,49
msg_759,node49,node24,228,1281284,1281291.0,7.0,,,,6.219026548672566,,49,,7.4,0,6.219026548672566,332,32,50,49
msg_760,node49,node25,228,1281284,1281291.0,7.0,,,,6.22075055187638,,49,,7.466666666666667,0,6.22075055187638,331,31,50,49
msg_761,node49,node26,228,1281284,,,,,,6.202917771883289,,49,,,0,6.202917771883289,520,20,50,49
msg_762,node49,node27,228,1281284,1281292.0,8.0,,,,6.222466960352423,,49,,7.933333333333334,0,6.222466960352423,330,30,50,49
msg_763,node49,node28,228,1281284,,,,,,6.202917771883289,,49,,,0,6.202917771883289,520,20,50,49
msg_764,node49,node29,228,1281284,,,,,,6.202917771883289,,49,,,0,6.202917771883289,520,20,50,49
msg_765,node49,node30,228,1281284,,,,,,6.202917771883289,,49,,,0,6.202917771883289,520,20,50,49
msg_766,node49,node31,228,1281284,1281290.0,6.0,,,,6.2174887892376685,,49,,6.466666666666667,0,6.2174887892376685,338,38,50,49
msg_767,node49,node32,228,1281284,1281290.0,6.0,,,,6.216517857142857,,49,,6.733333333333333,0,6.216517857142857,336,36,50,49
msg_768,node49,node33,228,1281284,1281292.0,8.0,,,,6.2263736263736265,,49,,8.333333333333334,0,6.2263736263736265,329,29,50,49
msg_769,node49,node34,228,1281284,,,,,,6.202917771883289,,49,,,0,6.202917771883289,520,20,50,49
msg_770,node49,node35,228,1281284,1281292.0,8.0,,,,6.230263157894737,,49,,8.533333333333333,0,6.230263157894737,328,28,50,49
msg_771,node49,node36,228,1281284,1281292.0,8.0,,,,6.234135667396061,,49,,8.533333333333333,0,6.234135667396061,327,27,50,49
msg_772,node49,node37,228,1281284,1281292.0,8.0,,,,6.237991266375546,,49,,8.6,0,6.237991266375546,326,26,50,49
msg_773,node49,node38,228,1281284,,,,,,6.202917771883289,,49,,,0,6.202917771883289,520,20,50,49
msg_774,node49,node39,228,1281284,,,,,,6.202917771883289,,49,,,0,6.202917771883289,520,20,50,49
msg_775,node49,node40,228,1281284,1281293.0,9.0,,,,6.241830065359477,,49,,9.066666666666666,0,6.241830065359477,325,25,50,49
msg_776,node49,node41,228,1281284,1281293.0,9.0,,,,6.247826086956522,,49,,9.466666666666667,0,6.247826086956522,324,24,50,49
msg_777,node49,node42,228,1281284,,,,,,6.202917771883289,,49,,,0,6.202917771883289,520,20,50,49
msg_778,node49,node43,228,1281284,,,,,,6.202917771883289,,49,,,0,6.202917771883289,520,20,50,49
msg_779,node49,node44,228,1281284,1281293.0,9.0,,,,6.253796095444685,,49,,9.533333333333333,0,6.253796095444685,323,23,50,49
msg_780,node49,node45,228,1281284,1281293.0,9.0,,,,6.259740259740259,,49,,9.533333333333333,0,6.259740259740259,322,22,50,49
msg_781,node49,node46,228,1281284,1281294.0,10.0,,,,6.265658747300216,,49,,10.066666666666666,0,6.265658747300216,321,21,50,49
msg_782,node49,node47,228,1281284,,,,,,6.202917771883289,,49,,,0,6.202917771883289,520,20,50,49
msg_783,node49,node48,228,1281284,,,,,,6.202917771883289,,49,,,0,6.202917771883289,520,20,50,49
msg_784,node49,node0,227,1460308,1460310.0,2.0,,,,6.273706896551724,,49,,2.125,0,6.273706896551724,369,49,50,49
msg_785,node49,node1,227,1460308,1460310.0,2.0,,,,6.264516129032258,,49,,2.5625,0,6.264516129032258,368,48,50,49
msg_786,node49,node2,227,1460308,1460310.0,2.0,,,,6.255364806866953,,49,,2.625,0,6.255364806866953,367,47,50,49
msg_787,node49,node3,227,1460308,1460311.0,3.0,,,,6.237179487179487,,49,,3.0625,0,6.237179487179487,365,45,50,49
msg_788,node49,node4,227,1460308,,,,,,6.202917771883289,,49,,,0,6.202917771883289,520,20,50,49
msg_789,node49,node5,227,1460308,,,,,,6.202917771883289,,49,,,0,6.202917771883289,520,20,50,49
msg_790,node49,node6,227,1460308,1460311.0,3.0,,,,6.230277185501066,,49,,3.625,0,6.230277185501066,364,44,50,49
msg_791,node49,node7,227,1460308,1460311.0,3.0,,,,6.223404255319149,,49,,3.8125,0,6.223404255319149,363,43,50,49
msg_792,node49,node8,227,1460308,1460311.0,3.0,,,,6.2165605095541405,,49,,3.9375,0,6.2165605095541405,362,42,50,49
msg_793,node49,node9,227,1460308,1460312.0,4.0,,,,6.209745762711864,,49,,4.3125,0,6.209745762711864,361,41,50,49
msg_794,node49,node10,228,1460308,1460310.0,2.0,,,,6.2462526766595285,,49,,2.8125,0,6.2462526766595285,366,46,50,49
msg_795,node49,node11,228,1460308,,,,,,6.202917771883289,,49,,,0,6.202917771883289,520,20,50,49
msg_796,node49,node12,228,1460308,,,,,,6.202917771883289,,49,,,0,6.202917771883289,520,20,50,49
msg_797,node49,node13,228,1460308,1460314.0,6.0,,,,6.199579831932773,,49,,5.8125,0,6.199579831932773,357,37,50,49
msg_798,node49,node14,228,1460308,1460313.0,5.0,,,,6.20507399577167,,49,,4.75,0,6.20507399577167,360,40,50,49
msg_799,node49,node15,228,1460308,1460314.0,6.0,,,,6.19916142557652,,49,,6.25,0,6.19916142557652,356,36,50,49
msg_800,node49,node16,228,1460308,,,,,,6.202917771883289,,49,,,0,6.202917771883289,520,20,50,49
msg_801,node49,node17,228,1460308,1460314.0,6.0,,,,6.198329853862213,,49,,6.625,0,6.198329853862213,354,34,50,49
msg_802,node49,node18,228,1460308,,,,,,6.202917771883289,,49,,,0,6.202917771883289,520,20,50,49
msg_803,node49,node19,228,1460308,,,,,,6.202917771883289,,49,,,0,6.202917771883289,520,20,50,49
msg_804,node49,node20,228,1460308,1460315.0,7.0,,,,6.197916666666667,,49,,7.25,0,6.197916666666667,353,33,50,49
msg_805,node49,node21,228,1460308,1460313.0,5.0,,,,6.2025316455696204,,49,,5.0625,0,6.2025316455696204,359,39,50,49
msg_806,node49,node22,228,1460308,,,,,,6.202917771883289,,49,,,0,6.202917771883289,520,20,50,49
msg_807,node49,node23,228,1460308,,,,,,6.202917771883289,,49,,,0,6.202917771883289,520,20,50,49
msg_808,node49,node24,228,1460308,1460315.0,7.0,,,,6.1995841995842,,49,,7.375,0,6.1995841995842,352,32,50,49
msg_809,node49,node25,228,1460308,1460315.0,7.0,,,,6.2012448132780085,,49,,7.4375,0,6.2012448132780085,351,31,50,49
msg_810,node49,node26,228,1460308,,,,,,6.202917771883289,,49,,,0,6.202917771883289,520,20,50,49
msg_811,node49,node27,228,1460308,1460316.0,8.0,,,,6.202898550724638,,49,,7.9375,0,6.202898550724638,350,30,50,49
msg_812,node49,node28,228,1460308,,,,,,6.202917771883289,,49,,,0,6.202917771883289,520,20,50,49
msg_813,node49,node29,228,1460308,,,,,,6.202917771883289,,49,,,0,6.202917771883289,520,20,50,49
msg_814,node49,node30,228,1460308,,,,,,6.202917771883289,,49,,,0,6.202917771883289,520,20,50,49
msg_815,node49,node31,228,1460308,1460314.0,6.0,,,,6.2,,49,,6.4375,0,6.2,358,38,50,49
msg_816,node49,node32,228,1460308,1460314.0,6.0,,,,6.198744769874477,,49,,6.6875,0,6.198744769874477,355,35,50,49
msg_817,node49,node33,228,1460308,1460316.0,8.0,,,,6.206611570247934,,49,,8.3125,0,6.206611570247934,349,29,50,49
msg_818,node49,node34,228,1460308,,,,,,6.202917771883289,,49,,,0,6.202917771883289,520,20,50,49
msg_819,node49,node35,228,1460308,1460316.0,8.0,,,,6.210309278350516,,49,,8.5,0,6.210309278350516,348,28,50,49
msg_820,node49,node36,228,1460308,1460316.0,8.0,,,,6.2139917695473255,,49,,8.5,0,6.2139917695473255,347,27,50,49
msg_821,node49,node37,228,1460308,1460316.0,8.0,,,,6.217659137577002,,49,,8.5625,0,6.217659137577002,346,26,50,49
msg_822,node49,node38,228,1460308,,,,,,6.202917771883289,,49,,,0,6.202917771883289,520,20,50,49
msg_823,node49,node39,228,1460308,,,,,,6.202917771883289,,49,,,0,6.202917771883289,520,20,50,49
msg_824,node49,node40,228,1460308,1460317.0,9.0,,,,6.221311475409836,,49,,9.0625,0,6.221311475409836,345,25,50,49
msg_825,node49,node41,228,1460308,1460317.0,9.0,,,,6.226993865030675,,49,,9.4375,0,6.226993865030675,344,24,50,49
msg_826,node49,node42,228,1460308,,,,,,6.202917771883289,,49,,,0,6.202917771883289,520,20,50,49
msg_827,node49,node43,228,1460308,,,,,,6.202917771883289,,49,,,0,6.202917771883289,520,20,50,49
msg_828,node49,node44,228,1460308,1460317.0,9.0,,,,6.2326530612244895,,49,,9.5,0,6.2326530612244895,343,23,50,49
msg_829,node49,node45,228,1460308,1460317.0,9.0,,,,6.238289205702648,,49,,9.5,0,6.238289205702648,342,22,50,49
msg_830,node49,node46,228,1460308,1460318.0,10.0,,,,6.2439024390243905,,49,,10.0625,0,6.2439024390243905,341,21,50,49
msg_831,node49,node47,228,1460308,,,,,,6.202917771883289,,49,,,0,6.202917771883289,520,20,50,49
msg_832,node49,node48,228,1460308,,,,,,6.202917771883289,,49,,,0,6.202917771883289,520,20,50,49
msg_833,node49,node0,227,1507447,1507449.0,2.0,,,,6.251521298174442,,49,,2.1176470588235294,0,6.251521298174442,389,49,50,49
msg_834,node49,node1,227,1507447,1507449.0,2.0,,,,6.242914979757085,,49,,2.5294117647058822,0,6.242914979757085,388,48,50,49
msg_835,node49,node2,227,1507447,1507449.0,2.0,,,,6.234343434343434,,49,,2.588235294117647,0,6.234343434343434,387,47,50,49
msg_836,node49,node3,227,1507447,1507449.0,2.0,,,,6.217303822937626,,49,,3.0588235294117645,0,6.217303822937626,385,45,50,49
msg_837,node49,node4,227,1507447,,,,,,6.202917771883289,,49,,,0,6.202917771883289,520,20,50,49
msg_838,node49,node5,227,1507447,,,,,,6.202917771883289,,49,,,0,6.202917771883289,520,20,50,49
msg_839,node49,node6,227,1507447,1507450.0,3.0,,,,6.208835341365462,,49,,3.588235294117647,0,6.208835341365462,384,44,50,49
msg_840,node49,node7,227,1507447,1507450.0,3.0,,,,6.202404809619239,,49,,3.764705882352941,0,6.202404809619239,383,43,50,49
msg_841,node49,node8,227,1507447,1507450.0,3.0,,,,6.196,,49,,3.8823529411764706,0,6.196,382,42,50,49
msg_842,node49,node9,227,1507447,1507451.0,4.0,,,,6.189620758483034,,49,,4.294117647058823,0,6.189620758483034,381,41,50,49
msg_843,node49,node10,228,1507447,1507449.0,2.0,,,,6.225806451612903,,49,,2.764705882352941,0,6.225806451612903,386,46,50,49
msg_844,node49,node11,228,1507447,,,,,,6.202917771883289,,49,,,0,6.202917771883289,520,20,50,49
msg_845,node49,node12,228,1507447,,,,,,6.202917771883289,,49,,,0,6.202917771883289,520,20,50,49
msg_846,node49,node13,228,1507447,1507453.0,6.0,,,,6.18019801980198,,49,,5.823529411764706,0,6.18019801980198,377,37,50,49
msg_847,node49,node14,228,1507447,1507452.0,5.0,,,,6.185258964143427,,49,,4.764705882352941,0,6.185258964143427,380,40,50,49
msg_848,node49,node15,228,1507447,1507453.0,6.0,,,,6.17948717948718,,49,,6.235294117647059,0,6.17948717948718,375,35,50,49
msg_849,node49,node16,228,1507447,,,,,,6.202917771883289,,49,,,0,6.202917771883289,520,20,50,49
msg_850,node49,node17,228,1507447,1507454.0,7.0,,,,6.179133858267717,,49,,6.588235294117647,0,6.179133858267717,374,34,50,49
msg_851,node49,node18,228,1507447,,,,,,6.202917771883289,,49,,,0,6.202917771883289,520,20,50,49
msg_852,node49,node19,228,1507447,,,,,,6.202917771883289,,49,,,0,6.202917771883289,520,20,50,49
msg_853,node49,node20,228,1507447,1507454.0,7.0,,,,6.180746561886051,,49,,7.235294117647059,0,6.180746561886051,373,33,50,49
msg_854,node49,node21,228,1507447,1507452.0,5.0,,,,6.182902584493042,,49,,5.0588235294117645,0,6.182902584493042,379,39,50,49
msg_855,node49,node22,228,1507447,,,,,,6.202917771883289,,49,,,0,6.202917771883289,520,20,50,49
msg_856,node49,node23,228,1507447,,,,,,6.202917771883289,,49,,,0,6.202917771883289,520,20,50,49
msg_857,node49,node24,228,1507447,1507454.0,7.0,,,,6.182352941176471,,49,,7.352941176470588,0,6.182352941176471,372,32,50,49
msg_858,node49,node25,228,1507447,1507454.0,7.0,,,,6.183953033268102,,49,,7.411764705882353,0,6.183953033268102,371,31,50,49
msg_859,node49,node26,228,1507447,,,,,,6.202917771883289,,49,,,0,6.202917771883289,520,20,50,49
msg_860,node49,node27,228,1507447,1507455.0,8.0,,,,6.185546875,,49,,7.9411764705882355,0,6.185546875,370,30,50,49
msg_861,node49,node28,228,1507447,,,,,,6.202917771883289,,49,,,0,6.202917771883289,520,20,50,49
msg_862,node49,node29,228,1507447,,,,,,6.202917771883289,,49,,,0,6.202917771883289,520,20,50,49
msg_863,node49,node30,228,1507447,,,,,,6.202917771883289,,49,,,0,6.202917771883289,520,20,50,49
msg_864,node49,node31,228,1507447,1507453.0,6.0,,,,6.180555555555555,,49,,6.411764705882353,0,6.180555555555555,378,38,50,49
msg_865,node49,node32,228,1507447,1507453.0,6.0,,,,6.179841897233201,,49,,6.647058823529412,0,6.179841897233201,376,36,50,49
msg_866,node49,node33,228,1507447,1507455.0,8.0,,,,6.189083820662768,,49,,8.294117647058824,0,6.189083820662768,369,29,50,49
msg_867,node49,node34,228,1507447,,,,,,6.202917771883289,,49,,,0,6.202917771883289,520,20,50,49
msg_868,node49,node35,228,1507447,1507455.0,8.0,,,,6.192607003891051,,49,,8.470588235294118,0,6.192607003891051,368,28,50,49
msg_869,node49,node36,228,1507447,1507455.0,8.0,,,,6.196116504854369,,49,,8.470588235294118,0,6.196116504854369,367,27,50,49
msg_870,node49,node37,228,1507447,1507455.0,8.0,,,,6.199612403100775,,49,,8.529411764705882,0,6.199612403100775,366,26,50,49
msg_871,node49,node38,228,1507447,,,,,,6.202917771883289,,49,,,0,6.202917771883289,520,20,50,49
msg_872,node49,node39,228,1507447,,,,,,6.202917771883289,,49,,,0,6.202917771883289,520,20,50,49
msg_873,node49,node40,228,1507447,1507456.0,9.0,,,,6.203094777562863,,49,,9.058823529411764,0,6.203094777562863,365,25,50,49
msg_874,node49,node41,228,1507447,1507456.0,9.0,,,,6.2084942084942085,,49,,9.411764705882353,0,6.2084942084942085,364,24,50,49
msg_875,node49,node42,228,1507447,,,,,,6.202917771883289,,49,,,0,6.202917771883289,520,20,50,49
msg_876,node49,node43,228,1507447,,,,,,6.202917771883289,,49,,,0,6.202917771883289,520,20,50,49
msg_877,node49,node44,228,1507447,1507456.0,9.0,,,,6.213872832369942,,49,,9.470588235294118,0,6.213872832369942,363,23,50,49
msg_878,node49,node45,228,1507447,1507456.0,9.0,,,,6.219230769230769,,49,,9.470588235294118,0,6.219230769230769,362,22,50,49
msg_879,node49,node46,228,1507447,1507457.0,10.0,,,,6.224568138195777,,49,,10.058823529411764,0,6.224568138195777,361,21,50,49
msg_880,node49,node47,228,1507447,,,,,,6.202917771883289,,49,,,0,6.202917771883289,520,20,50,49
msg_881,node49,node48,228,1507447,,,,,,6.202917771883289,,49,,,0,6.202917771883289,520,20,50,49
msg_882,node49,node0,227,1542757,1542759.0,2.0,,,,6.231800766283525,,49,,2.111111111111111,0,6.231800766283525,409,49,50,49
msg_883,node49,node1,227,1542757,1542759.0,2.0,,,,6.223709369024856,,49,,2.5,0,6.223709369024856,408,48,50,49
msg_884,node49,node2,227,1542757,1542759.0,2.0,,,,6.215648854961832,,49,,2.5555555555555554,0,6.215648854961832,407,47,50,49
msg_885,node49,node3,227,1542757,1542759.0,2.0,,,,6.199619771863118,,49,,3.0,0,6.199619771863118,405,45,50,49
msg_886,node49,node4,227,1542757,,,,,,6.202917771883289,,49,,,0,6.202917771883289,520,20,50,49
msg_887,node49,node5,227,1542757,,,,,,6.202917771883289,,49,,,0,6.202917771883289,520,20,50,49
msg_888,node49,node6,227,1542757,1542760.0,3.0,,,,6.191650853889943,,49,,3.5555555555555554,0,6.191650853889943,404,44,50,49
msg_889,node49,node7,227,1542757,1542760.0,3.0,,,,6.1856060606060606,,49,,3.7222222222222223,0,6.1856060606060606,403,43,50,49
msg_890,node49,node8,227,1542757,1542760.0,3.0,,,,6.1795841209829865,,49,,3.8333333333333335,0,6.1795841209829865,402,42,50,49
msg_891,node49,node9,227,1542757,1542761.0,4.0,,,,6.173584905660378,,49,,4.277777777777778,0,6.173584905660378,401,41,50,49
msg_892,node49,node10,228,1542757,1542759.0,2.0,,,,6.207619047619048,,49,,2.7222222222222223,0,6.207619047619048,406,46,50,49
msg_893,node49,node11,228,1542757,,,,,,6.202917771883289,,49,,,0,6.202917771883289,520,20,50,49
msg_894,node49,node12,228,1542757,,,,,,6.202917771883289,,49,,,0,6.202917771883289,520,20,50,49
msg_895,node49,node13,228,1542757,1542763.0,6.0,,,,6.164794007490637,,49,,5.833333333333333,0,6.164794007490637,397,37,50,49
msg_896,node49,node14,228,1542757,1542762.0,5.0,,,,6.169491525423729,,49,,4.777777777777778,0,6.169491525423729,400,40,50,49
msg_897,node49,node15,228,1542757,1542763.0,6.0,,,,6.164179104477612,,49,,6.222222222222222,0,6.164179104477612,395,35,50,49
msg_898,node49,node16,228,1542757,,,,,,6.202917771883289,,49,,,0,6.202917771883289,520,20,50,49
msg_899,node49,node17,228,1542757,1542764.0,7.0,,,,6.1638733705772815,,49,,6.611111111111111,0,6.1638733705772815,394,34,50,49
msg_900,node49,node18,228,1542757,,,,,,6.202917771883289,,49,,,0,6.202917771883289,520,20,50,49
msg_901,node49,node19,228,1542757,,,,,,6.202917771883289,,49,,,0,6.202917771883289,520,20,50,49
msg_902,node49,node20,228,1542757,1542764.0,7.0,,,,6.16542750929368,,49,,7.222222222222222,0,6.16542750929368,393,33,50,49
msg_903,node49,node21,228,1542757,1542762.0,5.0,,,,6.167293233082707,,49,,5.055555555555555,0,6.167293233082707,399,39,50,49
msg_904,node49,node22,228,1542757,,,,,,6.202917771883289,,49,,,0,6.202917771883289,520,20,50,49
msg_905,node49,node23,228,1542757,,,,,,6.202917771883289,,49,,,0,6.202917771883289,520,20,50,49
msg_906,node49,node24,228,1542757,1542764.0,7.0,,,,6.166975881261595,,49,,7.333333333333333,0,6.166975881261595,392,32,50,49
msg_907,node49,node25,228,1542757,1542764.0,7.0,,,,6.1685185185185185,,49,,7.388888888888889,0,6.1685185185185185,391,31,50,49
msg_908,node49,node26,228,1542757,,,,,,6.202917771883289,,49,,,0,6.202917771883289,520,20,50,49
msg_909,node49,node27,228,1542757,1542765.0,8.0,,,,6.170055452865065,,49,,7.944444444444445,0,6.170055452865065,390,30,50,49
msg_910,node49,node28,228,1542757,,,,,,6.202917771883289,,49,,,0,6.202917771883289,520,20,50,49
msg_911,node49,node29,228,1542757,,,,,,6.202917771883289,,49,,,0,6.202917771883289,520,20,50,49
msg_912,node49,node30,228,1542757,,,,,,6.202917771883289,,49,,,0,6.202917771883289,520,20,50,49
msg_913,node49,node31,228,1542757,1542763.0,6.0,,,,6.165103189493434,,49,,6.388888888888889,0,6.165103189493434,398,38,50,49
msg_914,node49,node32,228,1542757,1542763.0,6.0,,,,6.164485981308411,,49,,6.611111111111111,0,6.164485981308411,396,36,50,49
msg_915,node49,node33,228,1542757,1542765.0,8.0,,,,6.173431734317343,,49,,8.277777777777779,0,6.173431734317343,389,29,50,49
msg_916,node49,node34,228,1542757,,,,,,6.202917771883289,,49,,,0,6.202917771883289,520,20,50,49
msg_917,node49,node35,228,1542757,1542765.0,8.0,,,,6.176795580110498,,49,,8.444444444444445,0,6.176795580110498,388,28,50,49
msg_918,node49,node36,228,1542757,1542765.0,8.0,,,,6.180147058823529,,49,,8.444444444444445,0,6.180147058823529,387,27,50,49
msg_919,node49,node37,228,1542757,1542765.0,8.0,,,,6.18348623853211,,49,,8.5,0,6.18348623853211,386,26,50,49
msg_920,node49,node38,228,1542757,,,,,,6.202917771883289,,49,,,0,6.202917771883289,520,20,50,49
msg_921,node49,node39,228,1542757,,,,,,6.202917771883289,,49,,,0,6.202917771883289,520,20,50,49
msg_922,node49,node40,228,1542757,1542766.0,9.0,,,,6.186813186813187,,49,,9.055555555555555,0,6.186813186813187,385,25,50,49
msg_923,node49,node41,228,1542757,1542766.0,9.0,,,,6.1919561243144425,,49,,9.38888888888889,0,6.1919561243144425,384,24,50,49
msg_924,node49,node42,228,1542757,,,,,,6.202917771883289,,49,,,0,6.202917771883289,520,20,50,49
msg_925,node49,node43,228,1542757,,,,,,6.202917771883289,,49,,,0,6.202917771883289,520,20,50,49
msg_926,node49,node44,228,1542757,1542766.0,9.0,,,,6.197080291970803,,49,,9.444444444444445,0,6.197080291970803,383,23,50,49
msg_927,node49,node45,228,1542757,1542766.0,9.0,,,,6.202185792349726,,49,,9.444444444444445,0,6.202185792349726,382,22,50,49
msg_928,node49,node46,228,1542757,1542767.0,10.0,,,,6.207272727272727,,49,,10.055555555555555,0,6.207272727272727,381,21,50,49
msg_929,node49,node47,228,1542757,,,,,,6.202917771883289,,49,,,0,6.202917771883289,520,20,50,49
msg_930,node49,node48,228,1542757,,,,,,6.202917771883289,,49,,,0,6.202917771883289,520,20,50,49
msg_931,node49,node0,227,1561497,1561499.0,2.0,,,,6.214156079854809,,49,,2.1052631578947367,0,6.214156079854809,429,49,50,49
msg_932,node49,node1,227,1561497,1561499.0,2.0,,,,6.206521739130435,,49,,2.473684210526316,0,6.206521739130435,428,48,50,49
msg_933,node49,node2,227,1561497,1561499.0,2.0,,,,6.198915009041591,,49,,2.526315789473684,0,6.198915009041591,427,47,50,49
msg_934,node49,node3,227,1561497,1561500.0,3.0,,,,6.183783783783784,,49,,2.9473684210526314,0,6.183783783783784,425,45,50,49
msg_935,node49,node4,227,1561497,,,,,,6.202917771883289,,49,,,0,6.202917771883289,520,20,50,49
msg_936,node49,node5,227,1561497,,,,,,6.202917771883289,,49,,,0,6.202917771883289,520,20,50,49
msg_937,node49,node6,227,1561497,1561500.0,3.0,,,,6.178057553956834,,49,,3.526315789473684,0,6.178057553956834,424,44,50,49
msg_938,node49,node7,227,1561497,1561500.0,3.0,,,,6.1723518850987436,,49,,3.6842105263157894,0,6.1723518850987436,423,43,50,49
msg_939,node49,node8,227,1561497,1561500.0,3.0,,,,6.166666666666667,,49,,3.789473684210526,0,6.166666666666667,422,42,50,49
msg_940,node49,node9,227,1561497,1561501.0,4.0,,,,6.161001788908766,,49,,4.2631578947368425,0,6.161001788908766,421,41,50,49
msg_941,node49,node10,228,1561497,1561499.0,2.0,,,,6.191335740072202,,49,,2.6842105263157894,0,6.191335740072202,426,46,50,49
msg_942,node49,node11,228,1561497,,,,,,6.202917771883289,,49,,,0,6.202917771883289,520,20,50,49
msg_943,node49,node12,228,1561497,,,,,,6.202917771883289,,49,,,0,6.202917771883289,520,20,50,49
msg_944,node49,node13,228,1561497,1561502.0,5.0,,,,6.147424511545293,,49,,5.842105263157895,0,6.147424511545293,417,37,50,49
msg_945,node49,node14,228,1561497,1561501.0,4.0,,,,6.1571428571428575,,49,,4.7894736842105265,0,6.1571428571428575,420,40,50,49
msg_946,node49,node15,228,1561497,1561503.0,6.0,,,,6.1453900709219855,,49,,6.2105263157894735,0,6.1453900709219855,416,36,50,49
msg_947,node49,node16,228,1561497,,,,,,6.202917771883289,,49,,,0,6.202917771883289,520,20,50,49
msg_948,node49,node17,228,1561497,1561503.0,6.0,,,,6.145132743362832,,49,,6.631578947368421,0,6.145132743362832,415,35,50,49
msg_949,node49,node18,228,1561497,,,,,,6.202917771883289,,49,,,0,6.202917771883289,520,20,50,49
msg_950,node49,node19,228,1561497,,,,,,6.202917771883289,,49,,,0,6.202917771883289,520,20,50,49
msg_951,node49,node20,228,1561497,1561503.0,6.0,,,,6.144876325088339,,49,,7.2105263157894735,0,6.144876325088339,414,34,50,49
msg_952,node49,node21,228,1561497,1561501.0,4.0,,,,6.153297682709447,,49,,5.052631578947368,0,6.153297682709447,419,39,50,49
msg_953,node49,node22,228,1561497,,,,,,6.202917771883289,,49,,,0,6.202917771883289,520,20,50,49
msg_954,node49,node23,228,1561497,,,,,,6.202917771883289,,49,,,0,6.202917771883289,520,20,50,49
msg_955,node49,node24,228,1561497,1561503.0,6.0,,,,6.144366197183099,,49,,7.315789473684211,0,6.144366197183099,412,32,50,49
msg_956,node49,node25,228,1561497,1561504.0,7.0,,,,6.1441124780316345,,49,,7.368421052631579,0,6.1441124780316345,411,31,50,49
msg_957,node49,node26,228,1561497,,,,,,6.202917771883289,,49,,,0,6.202917771883289,520,20,50,49
msg_958,node49,node27,228,1561497,1561505.0,8.0,,,,6.1456140350877195,,49,,7.947368421052632,0,6.1456140350877195,410,30,50,49
msg_959,node49,node28,228,1561497,,,,,,6.202917771883289,,49,,,0,6.202917771883289,520,20,50,49
msg_960,node49,node29,228,1561497,,,,,,6.202917771883289,,49,,,0,6.202917771883289,520,20,50,49
msg_961,node49,node30,228,1561497,,,,,,6.202917771883289,,49,,,0,6.202917771883289,520,20,50,49
msg_962,node49,node31,228,1561497,1561502.0,5.0,,,,6.149466192170818,,49,,6.368421052631579,0,6.149466192170818,418,38,50,49
msg_963,node49,node32,228,1561497,1561503.0,6.0,,,,6.144620811287478,,49,,6.578947368421052,0,6.144620811287478,413,33,50,49
msg_964,node49,node33,228,1561497,1561505.0,8.0,,,,6.148861646234676,,49,,8.263157894736842,0,6.148861646234676,409,29,50,49
msg_965,node49,node34,228,1561497,,,,,,6.202917771883289,,49,,,0,6.202917771883289,520,20,50,49
msg_966,node49,node35,228,1561497,1561505.0,8.0,,,,6.1520979020979025,,49,,8.421052631578947,0,6.1520979020979025,408,28,50,49
msg_967,node49,node36,228,1561497,1561505.0,8.0,,,,6.155322862129145,,49,,8.421052631578947,0,6.155322862129145,407,27,50,49
msg_968,node49,node37,228,1561497,1561505.0,8.0,,,,6.158536585365853,,49,,8.473684210526315,0,6.158536585365853,406,26,50,49
msg_969,node49,node38,228,1561497,,,,,,6.202917771883289,,49,,,0,6.202917771883289,520,20,50,49
msg_970,node49,node39,228,1561497,,,,,,6.202917771883289,,49,,,0,6.202917771883289,520,20,50,49
msg_971,node49,node40,228,1561497,1561506.0,9.0,,,,6.161739130434783,,49,,9.052631578947368,0,6.161739130434783,405,25,50,49
msg_972,node49,node41,228,1561497,1561506.0,9.0,,,,6.166666666666667,,49,,9.368421052631579,0,6.166666666666667,404,24,50,49
msg_973,node49,node42,228,1561497,,,,,,6.202917771883289,,49,,,0,6.202917771883289,520,20,50,49
msg_974,node49,node43,228,1561497,,,,,,6.202917771883289,,49,,,0,6.202917771883289,520,20,50,49
msg_975,node49,node44,228,1561497,1561506.0,9.0,,,,6.17157712305026,,49,,9.421052631578947,0,6.17157712305026,403,23,50,49
msg_976,node49,node45,228,1561497,1561506.0,9.0,,,,6.176470588235294,,49,,9.421052631578947,0,6.176470588235294,402,22,50,49
msg_977,node49,node46,228,1561497,1561507.0,10.0,,,,6.181347150259067,,49,,10.052631578947368,0,6.181347150259067,401,21,50,49
msg_978,node49,node47,228,1561497,,,,,,6.202917771883289,,49,,,0,6.202917771883289,520,20,50,49
msg_979,node49,node48,228,1561497,,,,,,6.202917771883289,,49,,,0,6.202917771883289,520,20,50,49
msg_980,node49,node0,227,1563692,1563695.0,3.0,,,,6.187931034482759,,49,,2.1,0,6.187931034482759,449,49,50,49
msg_981,node49,node1,227,1563692,1563696.0,4.0,,,,6.182444061962134,,49,,2.45,0,6.182444061962134,448,48,50,49
msg_982,node49,node2,227,1563692,1563696.0,4.0,,,,6.178694158075602,,49,,2.5,0,6.178694158075602,447,47,50,49
msg_983,node49,node3,227,1563692,1563696.0,4.0,,,,6.171232876712328,,49,,2.95,0,6.171232876712328,445,45,50,49
msg_984,node49,node4,227,1563692,,,,,,6.202917771883289,,49,,,0,6.202917771883289,520,20,50,49
msg_985,node49,node5,227,1563692,,,,,,6.202917771883289,,49,,,0,6.202917771883289,520,20,50,49
msg_986,node49,node6,227,1563692,1563696.0,4.0,,,,6.167521367521368,,49,,3.5,0,6.167521367521368,444,44,50,49
msg_987,node49,node7,227,1563692,1563697.0,5.0,,,,6.163822525597269,,49,,3.65,0,6.163822525597269,443,43,50,49
msg_988,node49,node8,227,1563692,1563697.0,5.0,,,,6.159863945578231,,49,,3.75,0,6.159863945578231,441,41,50,49
msg_989,node49,node9,227,1563692,1563697.0,5.0,,,,6.157894736842105,,49,,4.25,0,6.157894736842105,440,40,50,49
msg_990,node49,node10,228,1563692,1563696.0,4.0,,,,6.174957118353345,,49,,2.65,0,6.174957118353345,446,46,50,49
msg_991,node49,node11,228,1563692,,,,,,6.202917771883289,,49,,,0,6.202917771883289,520,20,50,49
msg_992,node49,node12,228,1563692,,,,,,6.202917771883289,,49,,,0,6.202917771883289,520,20,50,49
msg_993,node49,node13,228,1563692,1563698.0,6.0,,,,6.15593220338983,,49,,5.8,0,6.15593220338983,439,39,50,49
msg_994,node49,node14,228,1563692,1563697.0,5.0,,,,6.161839863713799,,49,,4.75,0,6.161839863713799,442,42,50,49
msg_995,node49,node15,228,1563692,1563698.0,6.0,,,,6.155405405405405,,49,,6.2,0,6.155405405405405,437,37,50,49
msg_996,node49,node16,228,1563692,,,,,,6.202917771883289,,49,,,0,6.202917771883289,520,20,50,49
msg_997,node49,node17,228,1563692,1563698.0,6.0,,,,6.155143338954469,,49,,6.6,0,6.155143338954469,436,36,50,49
msg_998,node49,node18,228,1563692,,,,,,6.202917771883289,,49,,,0,6.202917771883289,520,20,50,49
msg_999,node49,node19,228,1563692,,,,,,6.202917771883289,,49,,,0,6.202917771883289,520,20,50,49
msg_1000,node49,node20,229,1563692,1563698.0,6.0,,,,6.154882154882155,,49,,7.15,0,6.154882154882155,435,35,50,49
msg_1001,node49,node21,229,1563692,1563698.0,6.0,,,,6.155668358714044,,49,,5.0,0,6.155668358714044,438,38,50,49
msg_1002,node49,node22,229,1563692,,,,,,6.202917771883289,,49,,,0,6.202917771883289,520,20,50,49
msg_1003,node49,node23,229,1563692,,,,,,6.202917771883289,,49,,,0,6.202917771883289,520,20,50,49
msg_1004,node49,node24,229,1563692,1563699.0,7.0,,,,6.156040268456376,,49,,7.25,0,6.156040268456376,433,33,50,49
msg_1005,node49,node25,229,1563692,1563699.0,7.0,,,,6.15886287625418,,49,,7.35,0,6.15886287625418,431,31,50,49
msg_1006,node49,node26,229,1563692,,,,,,6.202917771883289,,49,,,0,6.202917771883289,520,20,50,49
msg_1007,node49,node27,229,1563692,1563700.0,8.0,,,,6.160267111853089,,49,,7.95,0,6.160267111853089,430,30,50,49
msg_1008,node49,node28,229,1563692,,,,,,6.202917771883289,,49,,,0,6.202917771883289,520,20,50,49
msg_1009,node49,node29,229,1563692,,,,,,6.202917771883289,,49,,,0,6.202917771883289,520,20,50,49
msg_1010,node49,node30,229,1563692,,,,,,6.202917771883289,,49,,,0,6.202917771883289,520,20,50,49
msg_1011,node49,node31,229,1563692,1563699.0,7.0,,,,6.154621848739496,,49,,6.3,0,6.154621848739496,434,34,50,49
msg_1012,node49,node32,229,1563692,1563699.0,7.0,,,,6.157453936348409,,49,,6.55,0,6.157453936348409,432,32,50,49
msg_1013,node49,node33,229,1563692,1563700.0,8.0,,,,6.163333333333333,,49,,8.25,0,6.163333333333333,429,29,50,49
msg_1014,node49,node34,229,1563692,,,,,,6.202917771883289,,49,,,0,6.202917771883289,520,20,50,49
msg_1015,node49,node35,229,1563692,1563700.0,8.0,,,,6.166389351081531,,49,,8.4,0,6.166389351081531,428,28,50,49
msg_1016,node49,node36,229,1563692,1563700.0,8.0,,,,6.1694352159468435,,49,,8.4,0,6.1694352159468435,427,27,50,49
msg_1017,node49,node37,229,1563692,1563700.0,8.0,,,,6.172470978441128,,49,,8.45,0,6.172470978441128,426,26,50,49
msg_1018,node49,node38,229,1563692,,,,,,6.202917771883289,,49,,,0,6.202917771883289,520,20,50,49
msg_1019,node49,node39,229,1563692,,,,,,6.202917771883289,,49,,,0,6.202917771883289,520,20,50,49
msg_1020,node49,node40,229,1563692,1563701.0,9.0,,,,6.175496688741722,,49,,9.05,0,6.175496688741722,425,25,50,49
msg_1021,node49,node41,229,1563692,1563701.0,9.0,,,,6.180165289256198,,49,,9.35,0,6.180165289256198,424,24,50,49
msg_1022,node49,node42,229,1563692,,,,,,6.202917771883289,,49,,,0,6.202917771883289,520,20,50,49
msg_1023,node49,node43,229,1563692,,,,,,6.202917771883289,,49,,,0,6.202917771883289,520,20,50,49
msg_1024,node49,node44,229,1563692,1563701.0,9.0,,,,6.184818481848184,,49,,9.4,0,6.184818481848184,423,23,50,49
msg_1025,node49,node45,229,1563692,1563701.0,9.0,,,,6.189456342668863,,49,,9.4,0,6.189456342668863,422,22,50,49
msg_1026,node49,node46,229,1563692,1563702.0,10.0,,,,6.194078947368421,,49,,10.05,0,6.194078947368421,421,21,50,49
msg_1027,node49,node47,229,1563692,,,,,,6.202917771883289,,49,,,0,6.202917771883289,520,20,50,49
msg_1028,node49,node48,229,1563692,,,,,,6.202917771883289,,49,,,0,6.202917771883289,520,20,50,49
msg_1029,node49,node0,228,1565360,1565362.0,2.0,,,,6.200328407224959,,49,,2.142857142857143,0,6.200328407224959,469,49,50,49
msg_1030,node49,node1,228,1565360,1565362.0,2.0,,,,6.19344262295082,,49,,2.5238095238095237,0,6.19344262295082,468,48,50,49
msg_1031,node49,node2,228,1565360,1565362.0,2.0,,,,6.18657937806874,,49,,2.5714285714285716,0,6.18657937806874,467,47,50,49
msg_1032,node49,node3,228,1565360,1565362.0,2.0,,,,6.1797385620915035,,49,,3.0,0,6.1797385620915035,466,46,50,49
msg_1033,node49,node4,228,1565360,,,,,,6.202917771883289,,49,,,0,6.202917771883289,520,20,50,49
msg_1034,node49,node5,228,1565360,,,,,,6.202917771883289,,49,,,0,6.202917771883289,520,20,50,49
msg_1035,node49,node6,228,1565360,1565364.0,4.0,,,,6.162601626016261,,49,,3.5238095238095237,0,6.162601626016261,463,43,50,49
msg_1036,node49,node7,228,1565360,1565364.0,4.0,,,,6.159090909090909,,49,,3.7142857142857144,0,6.159090909090909,462,42,50,49
msg_1037,node49,node8,228,1565360,1565365.0,5.0,,,,6.1537216828478964,,49,,3.8095238095238093,0,6.1537216828478964,460,40,50,49
msg_1038,node49,node9,228,1565360,1565366.0,6.0,,,,6.1518578352180935,,49,,4.285714285714286,0,6.1518578352180935,459,39,50,49
msg_1039,node49,node10,229,1565360,1565363.0,3.0,,,,6.172920065252855,,49,,2.7142857142857144,0,6.172920065252855,465,45,50,49
msg_1040,node49,node11,229,1565360,,,,,,6.202917771883289,,49,,,0,6.202917771883289,520,20,50,49
msg_1041,node49,node12,229,1565360,,,,,,6.202917771883289,,49,,,0,6.202917771883289,520,20,50,49
msg_1042,node49,node13,229,1565360,1565366.0,6.0,,,,6.151612903225806,,49,,5.809523809523809,0,6.151612903225806,458,38,50,49
msg_1043,node49,node14,229,1565360,1565363.0,3.0,,,,6.1677524429967425,,49,,4.761904761904762,0,6.1677524429967425,464,44,50,49
msg_1044,node49,node15,229,1565360,1565366.0,6.0,,,,6.151368760064412,,49,,6.190476190476191,0,6.151368760064412,457,37,50,49
msg_1045,node49,node16,229,1565360,,,,,,6.202917771883289,,49,,,0,6.202917771883289,520,20,50,49
msg_1046,node49,node17,229,1565360,1565366.0,6.0,,,,6.15112540192926,,49,,6.571428571428571,0,6.15112540192926,456,36,50,49
msg_1047,node49,node18,229,1565360,,,,,,6.202917771883289,,49,,,0,6.202917771883289,520,20,50,49
msg_1048,node49,node19,229,1565360,,,,,,6.202917771883289,,49,,,0,6.202917771883289,520,20,50,49
msg_1049,node49,node20,229,1565360,1565367.0,7.0,,,,6.150882825040129,,49,,7.095238095238095,0,6.150882825040129,455,35,50,49
msg_1050,node49,node21,229,1565360,1565365.0,5.0,,,,6.155591572123177,,49,,5.0476190476190474,0,6.155591572123177,461,41,50,49
msg_1051,node49,node22,229,1565360,,,,,,6.202917771883289,,49,,,0,6.202917771883289,520,20,50,49
msg_1052,node49,node23,229,1565360,,,,,,6.202917771883289,,49,,,0,6.202917771883289,520,20,50,49
msg_1053,node49,node24,229,1565360,1565367.0,7.0,,,,6.152243589743589,,49,,7.238095238095238,0,6.152243589743589,454,34,50,49
msg_1054,node49,node25,229,1565360,1565367.0,7.0,,,,6.1536,,49,,7.333333333333333,0,6.1536,453,33,50,49
msg_1055,node49,node26,229,1565360,,,,,,6.202917771883289,,49,,,0,6.202917771883289,520,20,50,49
msg_1056,node49,node27,229,1565360,1565367.0,7.0,,,,6.156299840510367,,49,,7.9523809523809526,0,6.156299840510367,451,31,50,49
msg_1057,node49,node28,229,1565360,,,,,,6.202917771883289,,49,,,0,6.202917771883289,520,20,50,49
msg_1058,node49,node29,229,1565360,,,,,,6.202917771883289,,49,,,0,6.202917771883289,520,20,50,49
msg_1059,node49,node30,229,1565360,,,,,,6.202917771883289,,49,,,0,6.202917771883289,520,20,50,49
msg_1060,node49,node31,229,1565360,1565367.0,7.0,,,,6.154952076677317,,49,,6.333333333333333,0,6.154952076677317,452,32,50,49
msg_1061,node49,node32,229,1565360,1565367.0,7.0,,,,6.157643312101911,,49,,6.571428571428571,0,6.157643312101911,450,30,50,49
msg_1062,node49,node33,229,1565360,1565368.0,8.0,,,,6.158982511923688,,49,,8.238095238095237,0,6.158982511923688,449,29,50,49
msg_1063,node49,node34,229,1565360,,,,,,6.202917771883289,,49,,,0,6.202917771883289,520,20,50,49
msg_1064,node49,node35,229,1565360,1565368.0,8.0,,,,6.161904761904762,,49,,8.380952380952381,0,6.161904761904762,448,28,50,49
msg_1065,node49,node36,229,1565360,1565368.0,8.0,,,,6.164817749603803,,49,,8.380952380952381,0,6.164817749603803,447,27,50,49
msg_1066,node49,node37,229,1565360,1565369.0,9.0,,,,6.167721518987341,,49,,8.428571428571429,0,6.167721518987341,446,26,50,49
msg_1067,node49,node38,229,1565360,,,,,,6.202917771883289,,49,,,0,6.202917771883289,520,20,50,49
msg_1068,node49,node39,229,1565360,,,,,,6.202917771883289,,49,,,0,6.202917771883289,520,20,50,49
msg_1069,node49,node40,229,1565360,1565369.0,9.0,,,,6.172195892575039,,49,,9.047619047619047,0,6.172195892575039,445,25,50,49
msg_1070,node49,node41,229,1565360,1565369.0,9.0,,,,6.176656151419558,,49,,9.333333333333334,0,6.176656151419558,444,24,50,49
msg_1071,node49,node42,229,1565360,,,,,,6.202917771883289,,49,,,0,6.202917771883289,520,20,50,49
msg_1072,node49,node43,229,1565360,,,,,,6.202917771883289,,49,,,0,6.202917771883289,520,20,50,49
msg_1073,node49,node44,229,1565360,1565369.0,9.0,,,,6.181102362204724,,49,,9.380952380952381,0,6.181102362204724,443,23,50,49
msg_1074,node49,node45,229,1565360,1565369.0,9.0,,,,6.185534591194968,,49,,9.380952380952381,0,6.185534591194968,442,22,50,49
msg_1075,node49,node46,229,1565360,1565370.0,10.0,,,,6.189952904238618,,49,,10.047619047619047,0,6.189952904238618,441,21,50,49
msg_1076,node49,node47,229,1565360,,,,,,6.202917771883289,,49,,,0,6.202917771883289,520,20,50,49
msg_1077,node49,node48,229,1565360,,,,,,6.202917771883289,,49,,,0,6.202917771883289,520,20,50,49
msg_1078,node49,node0,228,1602879,1602882.0,3.0,,,,6.195924764890282,,49,,2.1363636363636362,0,6.195924764890282,489,49,50,49
msg_1079,node49,node1,228,1602879,1602882.0,3.0,,,,6.190923317683881,,49,,2.5,0,6.190923317683881,488,48,50,49
msg_1080,node49,node2,228,1602879,1602882.0,3.0,,,,6.1859375,,49,,2.5454545454545454,0,6.1859375,487,47,50,49
msg_1081,node49,node3,228,1602879,1602883.0,4.0,,,,6.17601246105919,,49,,2.9545454545454546,0,6.17601246105919,485,45,50,49
msg_1082,node49,node4,228,1602879,,,,,,6.202917771883289,,49,,,0,6.202917771883289,520,20,50,49
msg_1083,node49,node5,228,1602879,,,,,,6.202917771883289,,49,,,0,6.202917771883289,520,20,50,49
msg_1084,node49,node6,228,1602879,1602883.0,4.0,,,,6.172628304821151,,49,,3.5454545454545454,0,6.172628304821151,484,44,50,49
msg_1085,node49,node7,228,1602879,1602883.0,4.0,,,,6.169254658385094,,49,,3.727272727272727,0,6.169254658385094,483,43,50,49
msg_1086,node49,node8,228,1602879,1602883.0,4.0,,,,6.162538699690402,,49,,3.8636363636363638,0,6.162538699690402,481,41,50,49
msg_1087,node49,node9,228,1602879,1602884.0,5.0,,,,6.15919629057187,,49,,4.363636363636363,0,6.15919629057187,480,40,50,49
msg_1088,node49,node10,229,1602879,1602882.0,3.0,,,,6.180967238689548,,49,,2.727272727272727,0,6.180967238689548,486,46,50,49
msg_1089,node49,node11,229,1602879,,,,,,6.202917771883289,,49,,,0,6.202917771883289,520,20,50,49
msg_1090,node49,node12,229,1602879,,,,,,6.202917771883289,,49,,,0,6.202917771883289,520,20,50,49
msg_1091,node49,node13,229,1602879,1602884.0,5.0,,,,6.157407407407407,,49,,5.818181818181818,0,6.157407407407407,479,39,50,49
msg_1092,node49,node14,229,1602879,1602883.0,4.0,,,,6.165891472868217,,49,,4.681818181818182,0,6.165891472868217,482,42,50,49
msg_1093,node49,node15,229,1602879,1602885.0,6.0,,,,6.155384615384615,,49,,6.181818181818182,0,6.155384615384615,477,37,50,49
msg_1094,node49,node16,229,1602879,,,,,,6.202917771883289,,49,,,0,6.202917771883289,520,20,50,49
msg_1095,node49,node17,229,1602879,1602885.0,6.0,,,,6.1551459293394775,,49,,6.545454545454546,0,6.1551459293394775,476,36,50,49
msg_1096,node49,node18,229,1602879,,,,,,6.202917771883289,,49,,,0,6.202917771883289,520,20,50,49
msg_1097,node49,node19,229,1602879,,,,,,6.202917771883289,,49,,,0,6.202917771883289,520,20,50,49
msg_1098,node49,node20,229,1602879,1602885.0,6.0,,,,6.154907975460123,,49,,7.090909090909091,0,6.154907975460123,475,35,50,49
msg_1099,node49,node21,229,1602879,1602885.0,6.0,,,,6.155624036979969,,49,,5.045454545454546,0,6.155624036979969,478,38,50,49
msg_1100,node49,node22,229,1602879,,,,,,6.202917771883289,,49,,,0,6.202917771883289,520,20,50,49
msg_1101,node49,node23,229,1602879,,,,,,6.202917771883289,,49,,,0,6.202917771883289,520,20,50,49
msg_1102,node49,node24,229,1602879,1602886.0,7.0,,,,6.155963302752293,,49,,7.2272727272727275,0,6.155963302752293,473,33,50,49
msg_1103,node49,node25,229,1602879,1602886.0,7.0,,,,6.158536585365853,,49,,7.318181818181818,0,6.158536585365853,471,31,50,49
msg_1104,node49,node26,229,1602879,,,,,,6.202917771883289,,49,,,0,6.202917771883289,520,20,50,49
msg_1105,node49,node27,229,1602879,1602887.0,8.0,,,,6.159817351598173,,49,,7.909090909090909,0,6.159817351598173,470,30,50,49
msg_1106,node49,node28,229,1602879,,,,,,6.202917771883289,,49,,,0,6.202917771883289,520,20,50,49
msg_1107,node49,node29,229,1602879,,,,,,6.202917771883289,,49,,,0,6.202917771883289,520,20,50,49
msg_1108,node49,node30,229,1602879,,,,,,6.202917771883289,,49,,,0,6.202917771883289,520,20,50,49
msg_1109,node49,node31,229,1602879,1602886.0,7.0,,,,6.154670750382849,,49,,6.363636363636363,0,6.154670750382849,474,34,50,49
msg_1110,node49,node32,229,1602879,1602886.0,7.0,,,,6.157251908396947,,49,,6.590909090909091,0,6.157251908396947,472,32,50,49
msg_1111,node49,node33,229,1602879,1602887.0,8.0,,,,6.1626139817629175,,49,,8.227272727272727,0,6.1626139817629175,469,29,50,49
msg_1112,node49,node34,229,1602879,,,,,,6.202917771883289,,49,,,0,6.202917771883289,520,20,50,49
msg_1113,node49,node35,229,1602879,1602887.0,8.0,,,,6.165402124430956,,49,,8.363636363636363,0,6.165402124430956,468,28,50,49
msg_1114,node49,node36,229,1602879,1602887.0,8.0,,,,6.168181818181818,,49,,8.363636363636363,0,6.168181818181818,467,27,50,49
msg_1115,node49,node37,229,1602879,1602887.0,8.0,,,,6.170953101361573,,49,,8.454545454545455,0,6.170953101361573,466,26,50,49
msg_1116,node49,node38,229,1602879,,,,,,6.202917771883289,,49,,,0,6.202917771883289,520,20,50,49
msg_1117,node49,node39,229,1602879,,,,,,6.202917771883289,,49,,,0,6.202917771883289,520,20,50,49
msg_1118,node49,node40,229,1602879,1602888.0,9.0,,,,6.173716012084592,,49,,9.045454545454545,0,6.173716012084592,465,25,50,49
msg_1119,node49,node41,229,1602879,1602888.0,9.0,,,,6.177978883861237,,49,,9.318181818181818,0,6.177978883861237,464,24,50,49
msg_1120,node49,node42,229,1602879,,,,,,6.202917771883289,,49,,,0,6.202917771883289,520,20,50,49
msg_1121,node49,node43,229,1602879,,,,,,6.202917771883289,,49,,,0,6.202917771883289,520,20,50,49
msg_1122,node49,node44,229,1602879,1602888.0,9.0,,,,6.182228915662651,,49,,9.363636363636363,0,6.182228915662651,463,23,50,49
msg_1123,node49,node45,229,1602879,1602888.0,9.0,,,,6.186466165413534,,49,,9.363636363636363,0,6.186466165413534,462,22,50,49
msg_1124,node49,node46,229,1602879,1602889.0,10.0,,,,6.1906906906906904,,49,,10.045454545454545,0,6.1906906906906904,461,21,50,49
msg_1125,node49,node47,229,1602879,,,,,,6.202917771883289,,49,,,0,6.202917771883289,520,20,50,49
msg_1126,node49,node48,229,1602879,,,,,,6.202917771883289,,49,,,0,6.202917771883289,520,20,50,49
msg_1127,node49,node0,228,1625882,1625884.0,2.0,,,,6.19640179910045,,49,,2.1739130434782608,0,6.19640179910045,509,49,50,49
msg_1128,node49,node1,228,1625882,1625885.0,3.0,,,,6.190119760479042,,49,,2.5217391304347827,0,6.190119760479042,508,48,50,49
msg_1129,node49,node2,228,1625882,1625885.0,3.0,,,,6.185351270553064,,49,,2.5652173913043477,0,6.185351270553064,507,47,50,49
msg_1130,node49,node3,228,1625882,1625885.0,3.0,,,,6.1805970149253735,,49,,3.0,0,6.1805970149253735,506,46,50,49
msg_1131,node49,node4,228,1625882,,,,,,6.202917771883289,,49,,,0,6.202917771883289,520,20,50,49
msg_1132,node49,node5,228,1625882,,,,,,6.202917771883289,,49,,,0,6.202917771883289,520,20,50,49
msg_1133,node49,node6,228,1625882,1625886.0,4.0,,,,6.175856929955291,,49,,3.5652173913043477,0,6.175856929955291,505,45,50,49
msg_1134,node49,node7,228,1625882,1625886.0,4.0,,,,6.1726190476190474,,49,,3.739130434782609,0,6.1726190476190474,504,44,50,49
msg_1135,node49,node8,228,1625882,1625887.0,5.0,,,,6.169390787518574,,49,,3.869565217391304,0,6.169390787518574,503,43,50,49
msg_1136,node49,node9,228,1625882,1625887.0,5.0,,,,6.167655786350148,,49,,4.391304347826087,0,6.167655786350148,502,42,50,49
msg_1137,node49,node10,229,1625882,1625887.0,5.0,,,,6.165925925925926,,49,,2.739130434782609,0,6.165925925925926,501,41,50,49
msg_1138,node49,node11,229,1625882,,,,,,6.202917771883289,,49,,,0,6.202917771883289,520,20,50,49
msg_1139,node49,node12,229,1625882,,,,,,6.202917771883289,,49,,,0,6.202917771883289,520,20,50,49
msg_1140,node49,node13,229,1625882,1625888.0,6.0,,,,6.16248153618907,,49,,5.782608695652174,0,6.16248153618907,499,39,50,49
msg_1141,node49,node14,229,1625882,1625887.0,5.0,,,,6.164201183431953,,49,,4.6521739130434785,0,6.164201183431953,500,40,50,49
msg_1142,node49,node15,229,1625882,1625889.0,7.0,,,,6.163475699558174,,49,,6.173913043478261,0,6.163475699558174,497,37,50,49
msg_1143,node49,node16,229,1625882,,,,,,6.202917771883289,,49,,,0,6.202917771883289,520,20,50,49
msg_1144,node49,node17,229,1625882,1625889.0,7.0,,,,6.1647058823529415,,49,,6.521739130434782,0,6.1647058823529415,496,36,50,49
msg_1145,node49,node18,229,1625882,,,,,,6.202917771883289,,49,,,0,6.202917771883289,520,20,50,49
msg_1146,node49,node19,229,1625882,,,,,,6.202917771883289,,49,,,0,6.202917771883289,520,20,50,49
msg_1147,node49,node20,229,1625882,1625889.0,7.0,,,,6.165932452276064,,49,,7.043478260869565,0,6.165932452276064,495,35,50,49
msg_1148,node49,node21,229,1625882,1625889.0,7.0,,,,6.162241887905605,,49,,5.086956521739131,0,6.162241887905605,498,38,50,49
msg_1149,node49,node22,229,1625882,,,,,,6.202917771883289,,49,,,0,6.202917771883289,520,20,50,49
msg_1150,node49,node23,229,1625882,,,,,,6.202917771883289,,49,,,0,6.202917771883289,520,20,50,49
msg_1151,node49,node24,229,1625882,1625890.0,8.0,,,,6.169838945827233,,49,,7.217391304347826,0,6.169838945827233,493,33,50,49
msg_1152,node49,node25,229,1625882,1625890.0,8.0,,,,6.175182481751825,,49,,7.304347826086956,0,6.175182481751825,491,31,50,49
msg_1153,node49,node26,229,1625882,,,,,,6.202917771883289,,49,,,0,6.202917771883289,520,20,50,49
msg_1154,node49,node27,229,1625882,1625891.0,9.0,,,,6.177842565597667,,49,,7.913043478260869,0,6.177842565597667,490,30,50,49
msg_1155,node49,node28,229,1625882,,,,,,6.202917771883289,,49,,,0,6.202917771883289,520,20,50,49
msg_1156,node49,node29,229,1625882,,,,,,6.202917771883289,,49,,,0,6.202917771883289,520,20,50,49
msg_1157,node49,node30,229,1625882,,,,,,6.202917771883289,,49,,,0,6.202917771883289,520,20,50,49
msg_1158,node49,node31,229,1625882,1625890.0,8.0,,,,6.167155425219941,,49,,6.391304347826087,0,6.167155425219941,494,34,50,49
msg_1159,node49,node32,229,1625882,1625890.0,8.0,,,,6.1725146198830405,,49,,6.608695652173913,0,6.1725146198830405,492,32,50,49
msg_1160,node49,node33,229,1625882,1625891.0,9.0,,,,6.181950509461426,,49,,8.217391304347826,0,6.181950509461426,489,29,50,49
msg_1161,node49,node34,229,1625882,,,,,,6.202917771883289,,49,,,0,6.202917771883289,520,20,50,49
msg_1162,node49,node35,229,1625882,1625891.0,9.0,,,,6.186046511627907,,49,,8.347826086956522,0,6.186046511627907,488,28,50,49
msg_1163,node49,node36,229,1625882,1625892.0,10.0,,,,6.190130624092888,,49,,8.347826086956522,0,6.190130624092888,487,27,50,49
msg_1164,node49,node37,229,1625882,1625892.0,10.0,,,,6.195652173913044,,49,,8.434782608695652,0,6.195652173913044,486,26,50,49
msg_1165,node49,node38,229,1625882,,,,,,6.202917771883289,,49,,,0,6.202917771883289,520,20,50,49
msg_1166,node49,node39,229,1625882,,,,,,6.202917771883289,,49,,,0,6.202917771883289,520,20,50,49
msg_1167,node49,node40,229,1625882,1625892.0,10.0,,,,6.201157742402316,,49,,9.043478260869565,0,6.201157742402316,485,25,50,49
msg_1168,node49,node41,229,1625882,1625892.0,10.0,,,,6.206647398843931,,49,,9.304347826086957,0,6.206647398843931,484,24,50,49
msg_1169,node49,node42,229,1625882,,,,,,6.202917771883289,,49,,,0,6.202917771883289,520,20,50,49
msg_1170,node49,node43,229,1625882,,,,,,6.202917771883289,,49,,,0,6.202917771883289,520,20,50,49
msg_1171,node49,node44,229,1625882,1625893.0,11.0,,,,6.212121212121212,,49,,9.347826086956522,0,6.212121212121212,483,23,50,49
msg_1172,node49,node45,229,1625882,1625893.0,11.0,,,,6.219020172910663,,49,,9.347826086956522,0,6.219020172910663,482,22,50,49
msg_1173,node49,node46,229,1625882,1625893.0,11.0,,,,6.22589928057554,,49,,10.043478260869565,0,6.22589928057554,481,21,50,49
msg_1174,node49,node47,229,1625882,,,,,,6.202917771883289,,49,,,0,6.202917771883289,520,20,50,49
msg_1175,node49,node48,229,1625882,,,,,,6.202917771883289,,49,,,0,6.202917771883289,520,20,50,49
msg_1176,node49,node0,228,1654567,1654569.0,2.0,,,,6.232758620689655,,49,,2.1666666666666665,0,6.232758620689655,529,49,50,49
msg_1177,node49,node1,228,1654567,1654569.0,2.0,,,,6.226685796269727,,49,,2.5416666666666665,0,6.226685796269727,528,48,50,49
msg_1178,node49,node2,228,1654567,1654569.0,2.0,,,,6.2206303724928365,,49,,2.5833333333333335,0,6.2206303724928365,527,47,50,49
msg_1179,node49,node3,228,1654567,1654570.0,3.0,,,,6.208571428571428,,49,,3.0,0,6.208571428571428,525,45,50,49
msg_1180,node49,node4,228,1654567,,,,,,6.202917771883289,,49,,,0,6.202917771883289,520,20,50,49
msg_1181,node49,node5,228,1654567,,,,,,6.202917771883289,,49,,,0,6.202917771883289,520,20,50,49
msg_1182,node49,node6,228,1654567,1654570.0,3.0,,,,6.203994293865906,,49,,3.5833333333333335,0,6.203994293865906,524,44,50,49
msg_1183,node49,node7,228,1654567,1654570.0,3.0,,,,6.199430199430199,,49,,3.75,0,6.199430199430199,523,43,50,49
msg_1184,node49,node8,228,1654567,1654570.0,3.0,,,,6.194879089615932,,49,,3.9166666666666665,0,6.194879089615932,522,42,50,49
msg_1185,node49,node9,228,1654567,1654571.0,4.0,,,,6.190340909090909,,49,,4.416666666666667,0,6.190340909090909,521,41,50,49
msg_1186,node49,node10,229,1654567,1654569.0,2.0,,,,6.214592274678112,,49,,2.8333333333333335,0,6.214592274678112,526,46,50,49
msg_1187,node49,node11,229,1654567,,,,,,6.202917771883289,,49,,,0,6.202917771883289,520,20,50,49
msg_1188,node49,node12,229,1654567,,,,,,6.202917771883289,,49,,,0,6.202917771883289,520,20,50,49
msg_1189,node49,node13,229,1654567,1654571.0,4.0,,,,6.187234042553191,,49,,5.791666666666667,0,6.187234042553191,520,40,50,49
msg_1190,node49,node14,229,1654567,1654572.0,5.0,,,,6.18413597733711,,49,,4.666666666666667,0,6.18413597733711,519,39,50,49
msg_1191,node49,node15,229,1654567,1654573.0,6.0,,,,6.180535966149506,,49,,6.208333333333333,0,6.180535966149506,516,36,50,49
msg_1192,node49,node16,229,1654567,,,,,,6.202917771883289,,49,,,0,6.202917771883289,520,20,50,49
msg_1193,node49,node17,229,1654567,1654573.0,6.0,,,,6.180028129395218,,49,,6.541666666666667,0,6.180028129395218,514,34,50,49
msg_1194,node49,node18,229,1654567,,,,,,6.202917771883289,,49,,,0,6.202917771883289,520,20,50,49
msg_1195,node49,node19,229,1654567,,,,,,6.202917771883289,,49,,,0,6.202917771883289,520,20,50,49
msg_1196,node49,node20,229,1654567,1654574.0,7.0,,,,6.179775280898877,,49,,7.041666666666667,0,6.179775280898877,513,33,50,49
msg_1197,node49,node21,229,1654567,1654572.0,5.0,,,,6.182461103253183,,49,,5.166666666666667,0,6.182461103253183,518,38,50,49
msg_1198,node49,node22,229,1654567,,,,,,6.202917771883289,,49,,,0,6.202917771883289,520,20,50,49
msg_1199,node49,node23,229,1654567,,,,,,6.202917771883289,,49,,,0,6.202917771883289,520,20,50,49
msg_1200,node49,node24,229,1654567,1654574.0,7.0,,,,6.180925666199158,,49,,7.25,0,6.180925666199158,512,32,50,49
msg_1201,node49,node25,229,1654567,1654574.0,7.0,,,,6.182072829131653,,49,,7.333333333333333,0,6.182072829131653,511,31,50,49
msg_1202,node49,node26,229,1654567,,,,,,6.202917771883289,,49,,,0,6.202917771883289,520,20,50,49
msg_1203,node49,node27,229,1654567,1654575.0,8.0,,,,6.183216783216783,,49,,7.958333333333333,0,6.183216783216783,510,30,50,49
msg_1204,node49,node28,229,1654567,,,,,,6.202917771883289,,49,,,0,6.202917771883289,520,20,50,49
msg_1205,node49,node29,229,1654567,,,,,,6.202917771883289,,49,,,0,6.202917771883289,520,20,50,49
msg_1206,node49,node30,229,1654567,,,,,,6.202917771883289,,49,,,0,6.202917771883289,520,20,50,49
msg_1207,node49,node31,229,1654567,1654573.0,6.0,,,,6.1807909604519775,,49,,6.458333333333333,0,6.1807909604519775,517,37,50,49
msg_1208,node49,node32,229,1654567,1654573.0,6.0,,,,6.180281690140845,,49,,6.666666666666667,0,6.180281690140845,515,35,50,49
msg_1209,node49,node33,229,1654567,1654575.0,8.0,,,,6.185754189944134,,49,,8.25,0,6.185754189944134,509,29,50,49
msg_1210,node49,node34,229,1654567,,,,,,6.202917771883289,,49,,,0,6.202917771883289,520,20,50,49
msg_1211,node49,node35,229,1654567,1654575.0,8.0,,,,6.188284518828452,,49,,8.375,0,6.188284518828452,508,28,50,49
msg_1212,node49,node36,229,1654567,1654575.0,8.0,,,,6.190807799442897,,49,,8.416666666666666,0,6.190807799442897,507,27,50,49
msg_1213,node49,node37,229,1654567,1654575.0,8.0,,,,6.193324061196106,,49,,8.5,0,6.193324061196106,506,26,50,49
msg_1214,node49,node38,229,1654567,,,,,,6.202917771883289,,49,,,0,6.202917771883289,520,20,50,49
msg_1215,node49,node39,229,1654567,,,,,,6.202917771883289,,49,,,0,6.202917771883289,520,20,50,49
msg_1216,node49,node40,229,1654567,1654576.0,9.0,,,,6.195833333333334,,49,,9.083333333333334,0,6.195833333333334,505,25,50,49
msg_1217,node49,node41,229,1654567,1654576.0,9.0,,,,6.199722607489598,,49,,9.333333333333334,0,6.199722607489598,504,24,50,49
msg_1218,node49,node42,229,1654567,,,,,,6.202917771883289,,49,,,0,6.202917771883289,520,20,50,49
msg_1219,node49,node43,229,1654567,,,,,,6.202917771883289,,49,,,0,6.202917771883289,520,20,50,49
msg_1220,node49,node44,229,1654567,1654576.0,9.0,,,,6.203601108033241,,49,,9.416666666666666,0,6.203601108033241,503,23,50,49
msg_1221,node49,node45,229,1654567,1654576.0,9.0,,,,6.20746887966805,,49,,9.416666666666666,0,6.20746887966805,502,22,50,49
msg_1222,node49,node46,229,1654567,1654577.0,10.0,,,,6.211325966850829,,49,,10.083333333333334,0,6.211325966850829,501,21,50,49
msg_1223,node49,node47,229,1654567,,,,,,6.202917771883289,,49,,,0,6.202917771883289,520,20,50,49
msg_1224,node49,node48,229,1654567,,,,,,6.202917771883289,,49,,,0,6.202917771883289,520,20,50,49
msg_1225,node49,node0,228,1787988,1787990.0,2.0,,,,6.216551724137931,,49,,2.16,0,6.216551724137931,549,49,50,49
msg_1226,node49,node1,228,1787988,1787990.0,2.0,,,,6.210743801652892,,49,,2.52,0,6.210743801652892,548,48,50,49
msg_1227,node49,node2,228,1787988,1787990.0,2.0,,,,6.204951856946355,,49,,2.56,0,6.204951856946355,547,47,50,49
msg_1228,node49,node3,228,1787988,1787991.0,3.0,,,,6.193415637860082,,49,,3.0,0,6.193415637860082,545,45,50,49
msg_1229,node49,node4,228,1787988,,,,,,6.202917771883289,,49,,,0,6.202917771883289,520,20,50,49
msg_1230,node49,node5,228,1787988,,,,,,6.202917771883289,,49,,,0,6.202917771883289,520,20,50,49
msg_1231,node49,node6,228,1787988,1787991.0,3.0,,,,6.189041095890411,,49,,3.56,0,6.189041095890411,544,44,50,49
msg_1232,node49,node7,228,1787988,1787991.0,3.0,,,,6.1846785225718195,,49,,3.72,0,6.1846785225718195,543,43,50,49
msg_1233,node49,node8,228,1787988,1787991.0,3.0,,,,6.180327868852459,,49,,3.88,0,6.180327868852459,542,42,50,49
msg_1234,node49,node9,228,1787988,1787992.0,4.0,,,,6.175989085948158,,49,,4.4,0,6.175989085948158,541,41,50,49
msg_1235,node49,node10,229,1787988,1787990.0,2.0,,,,6.199175824175824,,49,,2.8,0,6.199175824175824,546,46,50,49
msg_1236,node49,node11,229,1787988,,,,,,6.202917771883289,,49,,,0,6.202917771883289,520,20,50,49
msg_1237,node49,node12,229,1787988,,,,,,6.202917771883289,,49,,,0,6.202917771883289,520,20,50,49
msg_1238,node49,node13,229,1787988,1787994.0,6.0,,,,6.168249660786974,,49,,5.72,0,6.168249660786974,537,37,50,49
msg_1239,node49,node14,229,1787988,1787992.0,4.0,,,,6.1730245231607626,,49,,4.68,0,6.1730245231607626,540,40,50,49
msg_1240,node49,node15,229,1787988,1787994.0,6.0,,,,6.168021680216802,,49,,6.2,0,6.168021680216802,536,36,50,49
msg_1241,node49,node16,229,1787988,,,,,,6.202917771883289,,49,,,0,6.202917771883289,520,20,50,49
msg_1242,node49,node17,229,1787988,1787994.0,6.0,,,,6.167567567567567,,49,,6.52,0,6.167567567567567,534,34,50,49
msg_1243,node49,node18,229,1787988,,,,,,6.202917771883289,,49,,,0,6.202917771883289,520,20,50,49
msg_1244,node49,node19,229,1787988,,,,,,6.202917771883289,,49,,,0,6.202917771883289,520,20,50,49
msg_1245,node49,node20,229,1787988,1787995.0,7.0,,,,6.1673414304993255,,49,,7.04,0,6.1673414304993255,533,33,50,49
msg_1246,node49,node21,229,1787988,1787993.0,5.0,,,,6.170068027210885,,49,,5.16,0,6.170068027210885,539,39,50,49
msg_1247,node49,node22,229,1787988,,,,,,6.202917771883289,,49,,,0,6.202917771883289,520,20,50,49
msg_1248,node49,node23,229,1787988,,,,,,6.202917771883289,,49,,,0,6.202917771883289,520,20,50,49
msg_1249,node49,node24,229,1787988,1787995.0,7.0,,,,6.168463611859838,,49,,7.24,0,6.168463611859838,532,32,50,49
msg_1250,node49,node25,229,1787988,1787995.0,7.0,,,,6.169582772543742,,49,,7.32,0,6.169582772543742,531,31,50,49
msg_1251,node49,node26,229,1787988,,,,,,6.202917771883289,,49,,,0,6.202917771883289,520,20,50,49
msg_1252,node49,node27,229,1787988,1787996.0,8.0,,,,6.170698924731183,,49,,7.96,0,6.170698924731183,530,30,50,49
msg_1253,node49,node28,229,1787988,,,,,,6.202917771883289,,49,,,0,6.202917771883289,520,20,50,49
msg_1254,node49,node29,229,1787988,,,,,,6.202917771883289,,49,,,0,6.202917771883289,520,20,50,49
msg_1255,node49,node30,229,1787988,,,,,,6.202917771883289,,49,,,0,6.202917771883289,520,20,50,49
msg_1256,node49,node31,229,1787988,1787994.0,6.0,,,,6.168478260869565,,49,,6.44,0,6.168478260869565,538,38,50,49
msg_1257,node49,node32,229,1787988,1787994.0,6.0,,,,6.167794316644113,,49,,6.64,0,6.167794316644113,535,35,50,49
msg_1258,node49,node33,229,1787988,1787996.0,8.0,,,,6.173154362416107,,49,,8.24,0,6.173154362416107,529,29,50,49
msg_1259,node49,node34,229,1787988,,,,,,6.202917771883289,,49,,,0,6.202917771883289,520,20,50,49
msg_1260,node49,node35,229,1787988,1787996.0,8.0,,,,6.1756032171581765,,49,,8.36,0,6.1756032171581765,528,28,50,49
msg_1261,node49,node36,229,1787988,1787996.0,8.0,,,,6.178045515394913,,49,,8.4,0,6.178045515394913,527,27,50,49
msg_1262,node49,node37,229,1787988,1787996.0,8.0,,,,6.18048128342246,,49,,8.48,0,6.18048128342246,526,26,50,49
msg_1263,node49,node38,229,1787988,,,,,,6.202917771883289,,49,,,0,6.202917771883289,520,20,50,49
msg_1264,node49,node39,229,1787988,,,,,,6.202917771883289,,49,,,0,6.202917771883289,520,20,50,49
msg_1265,node49,node40,229,1787988,1787997.0,9.0,,,,6.182910547396529,,49,,9.08,0,6.182910547396529,525,25,50,49
msg_1266,node49,node41,229,1787988,1787997.0,9.0,,,,6.1866666666666665,,49,,9.32,0,6.1866666666666665,524,24,50,49
msg_1267,node49,node42,229,1787988,,,,,,6.202917771883289,,49,,,0,6.202917771883289,520,20,50,49
msg_1268,node49,node43,229,1787988,,,,,,6.202917771883289,,49,,,0,6.202917771883289,520,20,50,49
msg_1269,node49,node44,229,1787988,1787997.0,9.0,,,,6.1904127829560585,,49,,9.4,0,6.1904127829560585,523,23,50,49
msg_1270,node49,node45,229,1787988,1787997.0,9.0,,,,6.194148936170213,,49,,9.4,0,6.194148936170213,522,22,50,49
msg_1271,node49,node46,229,1787988,1787998.0,10.0,,,,6.197875166002656,,49,,10.08,0,6.197875166002656,521,21,50,49
msg_1272,node49,node47,229,1787988,,,,,,6.202917771883289,,49,,,0,6.202917771883289,520,20,50,49
msg_1273,node49,node48,229,1787988,,,,,,6.202917771883289,,49,,,0,6.202917771883289,520,20,50,49
