msg_id,sender,receiver,payload_size_B,time_send_ms,time_receive_ms,actual_delay_ms,online_predicted_delay_ms,cluster_predicted_delay_ms,weighted_predicted_delay_ms,sender_average_outgoing_delay_ms,sender_average_incoming_delay_ms,sender_num_messages_sent_simultaneously,receiver_average_outgoing_delay_ms,receiver_average_incoming_delay_ms,receiver_num_messages_sent_simultaneously,network_average_delay_ms,network_num_messages_in_transit,network_num_busy_links,network_num_network_nodes,network_num_messages_sent_simultaneously
msg_0,node49,node0,317,8658,8659.0,1.0,,,,,,49,,,0,,49,49,50,49
msg_1,node49,node1,317,8658,8659.0,1.0,,,,1.0,,49,,,0,1.0,48,48,50,49
msg_2,node49,node2,317,8658,8661.0,3.0,,,,1.5,,49,,,0,1.5,45,45,50,49
msg_3,node49,node3,317,8658,8661.0,3.0,,,,1.5,,49,,,0,1.5,45,45,50,49
msg_4,node49,node4,317,8658,,,,,,7.758620689655173,,49,,,0,7.758620689655173,760,20,50,49
msg_5,node49,node5,317,8658,,,,,,7.758620689655173,,49,,,0,7.758620689655173,760,20,50,49
msg_6,node49,node6,317,8658,8662.0,4.0,,,,2.0,,49,,,0,2.0,43,43,50,49
msg_7,node49,node7,317,8658,8662.0,4.0,,,,2.0,,49,,,0,2.0,43,43,50,49
msg_8,node49,node8,317,8658,8663.0,5.0,,,,2.5,,49,,,0,2.5,41,41,50,49
msg_9,node49,node9,317,8658,8663.0,5.0,,,,2.7777777777777777,,49,,,0,2.7777777777777777,40,40,50,49
msg_10,node49,node10,319,8658,8660.0,2.0,,,,1.0,,49,,,0,1.0,48,48,50,49
msg_11,node49,node11,319,8658,,,,,,7.758620689655173,,49,,,0,7.758620689655173,760,20,50,49
msg_12,node49,node12,319,8658,,,,,,7.758620689655173,,49,,,0,7.758620689655173,760,20,50,49
msg_13,node49,node13,319,8658,8663.0,5.0,,,,2.7777777777777777,,49,,,0,2.7777777777777777,40,40,50,49
msg_14,node49,node14,319,8658,8660.0,2.0,,,,1.3333333333333333,,49,,,0,1.3333333333333333,46,46,50,49
msg_15,node49,node15,319,8658,8664.0,6.0,,,,3.1818181818181817,,49,,,0,3.1818181818181817,38,38,50,49
msg_16,node49,node16,319,8658,,,,,,7.758620689655173,,49,,,0,7.758620689655173,760,20,50,49
msg_17,node49,node17,319,8658,8664.0,6.0,,,,3.4166666666666665,,49,,,0,3.4166666666666665,37,37,50,49
msg_18,node49,node18,319,8658,,,,,,7.758620689655173,,49,,,0,7.758620689655173,760,20,50,49
msg_19,node49,node19,319,8658,,,,,,7.758620689655173,,49,,,0,7.758620689655173,760,20,50,49
msg_20,node49,node20,319,8658,8666.0,8.0,,,,4.1875,,49,,,0,4.1875,33,33,50,49
msg_21,node49,node21,319,8658,8664.0,6.0,,,,3.6153846153846154,,49,,,0,3.6153846153846154,36,36,50,49
msg_22,node49,node22,319,8658,,,,,,7.758620689655173,,49,,,0,7.758620689655173,760,20,50,49
msg_23,node49,node23,319,8658,,,,,,7.758620689655173,,49,,,0,7.758620689655173,760,20,50,49
msg_24,node49,node24,319,8658,8666.0,8.0,,,,4.1875,,49,,,0,4.1875,33,33,50,49
msg_25,node49,node25,319,8658,8666.0,8.0,,,,4.611111111111111,,49,,,0,4.611111111111111,31,31,50,49
msg_26,node49,node26,319,8658,,,,,,7.758620689655173,,49,,,0,7.758620689655173,760,20,50,49
msg_27,node49,node27,319,8658,8667.0,9.0,,,,4.7894736842105265,,49,,,0,4.7894736842105265,30,30,50,49
msg_28,node49,node28,319,8658,,,,,,7.758620689655173,,49,,,0,7.758620689655173,760,20,50,49
msg_29,node49,node29,319,8658,,,,,,7.758620689655173,,49,,,0,7.758620689655173,760,20,50,49
msg_30,node49,node30,319,8658,,,,,,7.758620689655173,,49,,,0,7.758620689655173,760,20,50,49
msg_31,node49,node31,319,8658,8665.0,7.0,,,,3.6153846153846154,,49,,,0,3.6153846153846154,36,36,50,49
msg_32,node49,node32,319,8658,8665.0,7.0,,,,4.0,,49,,,0,4.0,34,34,50,49
msg_33,node49,node33,319,8658,8667.0,9.0,,,,4.7894736842105265,,49,,,0,4.7894736842105265,30,30,50,49
msg_34,node49,node34,319,8658,,,,,,7.758620689655173,,49,,,0,7.758620689655173,760,20,50,49
msg_35,node49,node35,319,8658,8667.0,9.0,,,,5.190476190476191,,49,,,0,5.190476190476191,28,28,50,49
msg_36,node49,node36,319,8658,8667.0,9.0,,,,5.363636363636363,,49,,,0,5.363636363636363,27,27,50,49
msg_37,node49,node37,319,8658,8668.0,10.0,,,,5.363636363636363,,49,,,0,5.363636363636363,27,27,50,49
msg_38,node49,node38,319,8658,,,,,,7.758620689655173,,49,,,0,7.758620689655173,760,20,50,49
msg_39,node49,node39,319,8658,,,,,,7.758620689655173,,49,,,0,7.758620689655173,760,20,50,49
msg_40,node49,node40,319,8658,8668.0,10.0,,,,5.708333333333333,,49,,,0,5.708333333333333,25,25,50,49
msg_41,node49,node41,319,8658,8668.0,10.0,,,,5.88,,49,,,0,5.88,24,24,50,49
msg_42,node49,node42,319,8658,,,,,,7.758620689655173,,49,,,0,7.758620689655173,760,20,50,49
msg_43,node49,node43,319,8658,,,,,,7.758620689655173,,49,,,0,7.758620689655173,760,20,50,49
msg_44,node49,node44,319,8658,8669.0,11.0,,,,5.88,,49,,,0,5.88,24,24,50,49
msg_45,node49,node45,319,8658,8669.0,11.0,,,,6.222222222222222,,49,,,0,6.222222222222222,22,22,50,49
msg_46,node49,node46,319,8658,8669.0,11.0,,,,6.392857142857143,,49,,,0,6.392857142857143,21,21,50,49
msg_47,node49,node47,319,8658,,,,,,7.758620689655173,,49,,,0,7.758620689655173,760,20,50,49
msg_48,node49,node48,319,8658,,,,,,7.758620689655173,,49,,,0,7.758620689655173,760,20,50,49
msg_49,node49,node0,318,121466,121469.0,3.0,,,,6.551724137931035,,49,,1.0,0,6.551724137931035,69,49,50,49
msg_50,node49,node1,318,121466,121469.0,3.0,,,,6.433333333333334,,49,,1.0,0,6.433333333333334,68,48,50,49
msg_51,node49,node2,318,121466,121470.0,4.0,,,,6.32258064516129,,49,,3.0,0,6.32258064516129,67,47,50,49
msg_52,node49,node3,318,121466,121470.0,4.0,,,,6.32258064516129,,49,,3.0,0,6.32258064516129,67,47,50,49
msg_53,node49,node4,318,121466,,,,,,7.758620689655173,,49,,,0,7.758620689655173,760,20,50,49
msg_54,node49,node5,318,121466,,,,,,7.758620689655173,,49,,,0,7.758620689655173,760,20,50,49
msg_55,node49,node6,318,121466,121471.0,5.0,,,,6.085714285714285,,49,,4.0,0,6.085714285714285,63,43,50,49
msg_56,node49,node7,318,121466,121472.0,6.0,,,,6.085714285714285,,49,,4.0,0,6.085714285714285,63,43,50,49
msg_57,node49,node8,318,121466,121472.0,6.0,,,,6.054054054054054,,49,,5.0,0,6.054054054054054,61,41,50,49
msg_58,node49,node9,318,121466,121472.0,6.0,,,,6.052631578947368,,49,,5.0,0,6.052631578947368,60,40,50,49
msg_59,node49,node10,319,121466,121470.0,4.0,,,,6.181818181818182,,49,,2.0,0,6.181818181818182,65,45,50,49
msg_60,node49,node11,319,121466,,,,,,7.758620689655173,,49,,,0,7.758620689655173,760,20,50,49
msg_61,node49,node12,319,121466,,,,,,7.758620689655173,,49,,,0,7.758620689655173,760,20,50,49
msg_62,node49,node13,319,121466,121473.0,7.0,,,,6.051282051282051,,49,,5.0,0,6.051282051282051,59,39,50,49
msg_63,node49,node14,319,121466,121471.0,5.0,,,,6.117647058823529,,49,,2.0,0,6.117647058823529,64,44,50,49
msg_64,node49,node15,319,121466,121474.0,8.0,,,,6.097560975609756,,49,,6.0,0,6.097560975609756,57,37,50,49
msg_65,node49,node16,319,121466,,,,,,7.758620689655173,,49,,,0,7.758620689655173,760,20,50,49
msg_66,node49,node17,319,121466,121474.0,8.0,,,,6.142857142857143,,49,,6.0,0,6.142857142857143,56,36,50,49
msg_67,node49,node18,319,121466,,,,,,7.758620689655173,,49,,,0,7.758620689655173,760,20,50,49
msg_68,node49,node19,319,121466,,,,,,7.758620689655173,,49,,,0,7.758620689655173,760,20,50,49
msg_69,node49,node20,319,121466,121474.0,8.0,,,,6.186046511627907,,49,,8.0,0,6.186046511627907,55,35,50,49
msg_70,node49,node21,319,121466,121473.0,7.0,,,,6.051282051282051,,49,,6.0,0,6.051282051282051,59,39,50,49
msg_71,node49,node22,319,121466,,,,,,7.758620689655173,,49,,,0,7.758620689655173,760,20,50,49
msg_72,node49,node23,319,121466,,,,,,7.758620689655173,,49,,,0,7.758620689655173,760,20,50,49
msg_73,node49,node24,319,121466,121475.0,9.0,,,,6.186046511627907,,49,,8.0,0,6.186046511627907,55,35,50,49
msg_74,node49,node25,319,121466,121475.0,9.0,,,,6.288888888888889,,49,,8.0,0,6.288888888888889,53,33,50,49
msg_75,node49,node26,319,121466,,,,,,7.758620689655173,,49,,,0,7.758620689655173,760,20,50,49
msg_76,node49,node27,319,121466,121475.0,9.0,,,,6.288888888888889,,49,,9.0,0,6.288888888888889,53,33,50,49
msg_77,node49,node28,319,121466,,,,,,7.758620689655173,,49,,,0,7.758620689655173,760,20,50,49
msg_78,node49,node29,319,121466,,,,,,7.758620689655173,,49,,,0,7.758620689655173,760,20,50,49
msg_79,node49,node30,319,121466,,,,,,7.758620689655173,,49,,,0,7.758620689655173,760,20,50,49
msg_80,node49,node31,319,121466,121475.0,9.0,,,,6.404255319148936,,49,,7.0,0,6.404255319148936,51,31,50,49
msg_81,node49,node32,319,121466,121476.0,10.0,,,,6.404255319148936,,49,,7.0,0,6.404255319148936,51,31,50,49
msg_82,node49,node33,319,121466,121477.0,11.0,,,,6.530612244897959,,49,,9.0,0,6.530612244897959,49,29,50,49
msg_83,node49,node34,319,121466,,,,,,7.758620689655173,,49,,,0,7.758620689655173,760,20,50,49
msg_84,node49,node35,319,121466,121477.0,11.0,,,,6.62,,49,,9.0,0,6.62,48,28,50,49
msg_85,node49,node36,319,121466,121477.0,11.0,,,,6.62,,49,,9.0,0,6.62,48,28,50,49
msg_86,node49,node37,319,121466,121478.0,12.0,,,,6.788461538461538,,49,,10.0,0,6.788461538461538,46,26,50,49
msg_87,node49,node38,319,121466,,,,,,7.758620689655173,,49,,,0,7.758620689655173,760,20,50,49
msg_88,node49,node39,319,121466,,,,,,7.758620689655173,,49,,,0,7.758620689655173,760,20,50,49
msg_89,node49,node40,319,121466,121478.0,12.0,,,,6.886792452830188,,49,,10.0,0,6.886792452830188,45,25,50,49
msg_90,node49,node41,319,121466,121479.0,13.0,,,,6.886792452830188,,49,,10.0,0,6.886792452830188,45,25,50,49
msg_91,node49,node42,319,121466,,,,,,7.758620689655173,,49,,,0,7.758620689655173,760,20,50,49
msg_92,node49,node43,319,121466,,,,,,7.758620689655173,,49,,,0,7.758620689655173,760,20,50,49
msg_93,node49,node44,319,121466,121479.0,13.0,,,,7.090909090909091,,49,,11.0,0,7.090909090909091,43,23,50,49
msg_94,node49,node45,319,121466,121479.0,13.0,,,,7.196428571428571,,49,,11.0,0,7.196428571428571,42,22,50,49
msg_95,node49,node46,319,121466,121480.0,14.0,,,,7.298245614035087,,49,,11.0,0,7.298245614035087,41,21,50,49
msg_96,node49,node47,319,121466,,,,,,7.758620689655173,,49,,,0,7.758620689655173,760,20,50,49
msg_97,node49,node48,319,121466,,,,,,7.758620689655173,,49,,,0,7.758620689655173,760,20,50,49
msg_98,node49,node0,318,208044,208047.0,3.0,,,,7.413793103448276,,49,,2.0,0,7.413793103448276,89,49,50,49
msg_99,node49,node1,318,208044,208047.0,3.0,,,,7.413793103448276,,49,,2.0,0,7.413793103448276,89,49,50,49
msg_100,node49,node2,319,208044,208048.0,4.0,,,,7.266666666666667,,49,,3.5,0,7.266666666666667,87,47,50,49
msg_101,node49,node3,319,208044,208048.0,4.0,,,,7.213114754098361,,49,,3.5,0,7.213114754098361,86,46,50,49
msg_102,node49,node4,319,208044,,,,,,7.758620689655173,,49,,,0,7.758620689655173,760,20,50,49
msg_103,node49,node5,319,208044,,,,,,7.758620689655173,,49,,,0,7.758620689655173,760,20,50,49
msg_104,node49,node6,319,208044,208050.0,6.0,,,,7.0625,,49,,4.5,0,7.0625,83,43,50,49
msg_105,node49,node7,319,208044,208050.0,6.0,,,,7.046153846153846,,49,,5.0,0,7.046153846153846,82,42,50,49
msg_106,node49,node8,319,208044,208050.0,6.0,,,,7.046153846153846,,49,,5.5,0,7.046153846153846,82,42,50,49
msg_107,node49,node9,319,208044,208051.0,7.0,,,,7.014925373134329,,49,,5.5,0,7.014925373134329,80,40,50,49
msg_108,node49,node10,320,208044,208048.0,4.0,,,,7.161290322580645,,49,,3.0,0,7.161290322580645,85,45,50,49
msg_109,node49,node11,320,208044,,,,,,7.758620689655173,,49,,,0,7.758620689655173,760,20,50,49
msg_110,node49,node12,320,208044,,,,,,7.758620689655173,,49,,,0,7.758620689655173,760,20,50,49
msg_111,node49,node13,320,208044,208051.0,7.0,,,,7.014705882352941,,49,,6.0,0,7.014705882352941,79,39,50,49
msg_112,node49,node14,320,208044,208048.0,4.0,,,,7.161290322580645,,49,,3.5,0,7.161290322580645,85,45,50,49
msg_113,node49,node15,320,208044,208051.0,7.0,,,,7.014285714285714,,49,,7.0,0,7.014285714285714,77,37,50,49
msg_114,node49,node16,320,208044,,,,,,7.758620689655173,,49,,,0,7.758620689655173,760,20,50,49
msg_115,node49,node17,320,208044,208052.0,8.0,,,,7.014084507042254,,49,,7.0,0,7.014084507042254,76,36,50,49
msg_116,node49,node18,320,208044,,,,,,7.758620689655173,,49,,,0,7.758620689655173,760,20,50,49
msg_117,node49,node19,320,208044,,,,,,7.758620689655173,,49,,,0,7.758620689655173,760,20,50,49
msg_118,node49,node20,320,208044,208053.0,9.0,,,,7.014084507042254,,49,,8.0,0,7.014084507042254,76,36,50,49
msg_119,node49,node21,320,208044,208051.0,7.0,,,,7.014705882352941,,49,,6.5,0,7.014705882352941,79,39,50,49
msg_120,node49,node22,320,208044,,,,,,7.758620689655173,,49,,,0,7.758620689655173,760,20,50,49
msg_121,node49,node23,320,208044,,,,,,7.758620689655173,,49,,,0,7.758620689655173,760,20,50,49
msg_122,node49,node24,320,208044,208053.0,9.0,,,,7.054794520547945,,49,,8.5,0,7.054794520547945,74,34,50,49
msg_123,node49,node25,320,208044,208053.0,9.0,,,,7.081081081081081,,49,,8.5,0,7.081081081081081,73,33,50,49
msg_124,node49,node26,320,208044,,,,,,7.758620689655173,,49,,,0,7.758620689655173,760,20,50,49
msg_125,node49,node27,320,208044,208054.0,10.0,,,,7.131578947368421,,49,,9.0,0,7.131578947368421,71,31,50,49
msg_126,node49,node28,320,208044,,,,,,7.758620689655173,,49,,,0,7.758620689655173,760,20,50,49
msg_127,node49,node29,320,208044,,,,,,7.758620689655173,,49,,,0,7.758620689655173,760,20,50,49
msg_128,node49,node30,320,208044,,,,,,7.758620689655173,,49,,,0,7.758620689655173,760,20,50,49
msg_129,node49,node31,320,208044,208053.0,9.0,,,,7.081081081081081,,49,,8.0,0,7.081081081081081,73,33,50,49
msg_130,node49,node32,320,208044,208054.0,10.0,,,,7.1688311688311686,,49,,8.5,0,7.1688311688311686,70,30,50,49
msg_131,node49,node33,320,208044,208055.0,11.0,,,,7.1688311688311686,,49,,10.0,0,7.1688311688311686,70,30,50,49
msg_132,node49,node34,320,208044,,,,,,7.758620689655173,,49,,,0,7.758620689655173,760,20,50,49
msg_133,node49,node35,320,208044,208055.0,11.0,,,,7.253164556962025,,49,,10.0,0,7.253164556962025,68,28,50,49
msg_134,node49,node36,320,208044,208055.0,11.0,,,,7.253164556962025,,49,,10.0,0,7.253164556962025,68,28,50,49
msg_135,node49,node37,320,208044,208056.0,12.0,,,,7.345679012345679,,49,,11.0,0,7.345679012345679,66,26,50,49
msg_136,node49,node38,320,208044,,,,,,7.758620689655173,,49,,,0,7.758620689655173,760,20,50,49
msg_137,node49,node39,320,208044,,,,,,7.758620689655173,,49,,,0,7.758620689655173,760,20,50,49
msg_138,node49,node40,320,208044,208056.0,12.0,,,,7.402439024390244,,49,,11.0,0,7.402439024390244,65,25,50,49
msg_139,node49,node41,320,208044,208056.0,12.0,,,,7.402439024390244,,49,,11.5,0,7.402439024390244,65,25,50,49
msg_140,node49,node42,320,208044,,,,,,7.758620689655173,,49,,,0,7.758620689655173,760,20,50,49
msg_141,node49,node43,320,208044,,,,,,7.758620689655173,,49,,,0,7.758620689655173,760,20,50,49
msg_142,node49,node44,320,208044,208056.0,12.0,,,,7.511904761904762,,49,,12.0,0,7.511904761904762,63,23,50,49
msg_143,node49,node45,320,208044,208057.0,13.0,,,,7.511904761904762,,49,,12.0,0,7.511904761904762,63,23,50,49
msg_144,node49,node46,320,208044,208057.0,13.0,,,,7.627906976744186,,49,,12.5,0,7.627906976744186,61,21,50,49
msg_145,node49,node47,320,208044,,,,,,7.758620689655173,,49,,,0,7.758620689655173,760,20,50,49
msg_146,node49,node48,320,208044,,,,,,7.758620689655173,,49,,,0,7.758620689655173,760,20,50,49
msg_147,node49,node0,319,225712,225714.0,2.0,,,,7.689655172413793,,49,,2.3333333333333335,0,7.689655172413793,109,49,50,49
msg_148,node49,node1,319,225712,225714.0,2.0,,,,7.625,,49,,2.3333333333333335,0,7.625,108,48,50,49
msg_149,node49,node2,319,225712,225715.0,3.0,,,,7.561797752808989,,49,,3.6666666666666665,0,7.561797752808989,107,47,50,49
msg_150,node49,node3,319,225712,225715.0,3.0,,,,7.511111111111111,,49,,3.6666666666666665,0,7.511111111111111,106,46,50,49
msg_151,node49,node4,319,225712,,,,,,7.758620689655173,,49,,,0,7.758620689655173,760,20,50,49
msg_152,node49,node5,319,225712,,,,,,7.758620689655173,,49,,,0,7.758620689655173,760,20,50,49
msg_153,node49,node6,319,225712,225718.0,6.0,,,,7.376344086021505,,49,,5.0,0,7.376344086021505,103,43,50,49
msg_154,node49,node7,319,225712,225718.0,6.0,,,,7.336842105263158,,49,,5.333333333333333,0,7.336842105263158,101,41,50,49
msg_155,node49,node8,319,225712,225718.0,6.0,,,,7.322916666666667,,49,,5.666666666666667,0,7.322916666666667,100,40,50,49
msg_156,node49,node9,319,225712,225718.0,6.0,,,,7.322916666666667,,49,,6.0,0,7.322916666666667,100,40,50,49
msg_157,node49,node10,320,225712,225715.0,3.0,,,,7.511111111111111,,49,,3.3333333333333335,0,7.511111111111111,106,46,50,49
msg_158,node49,node11,320,225712,,,,,,7.758620689655173,,49,,,0,7.758620689655173,760,20,50,49
msg_159,node49,node12,320,225712,,,,,,7.758620689655173,,49,,,0,7.758620689655173,760,20,50,49
msg_160,node49,node13,320,225712,225719.0,7.0,,,,7.295918367346939,,49,,6.333333333333333,0,7.295918367346939,98,38,50,49
msg_161,node49,node14,320,225712,225716.0,4.0,,,,7.413043478260869,,49,,3.6666666666666665,0,7.413043478260869,104,44,50,49
msg_162,node49,node15,320,225712,225719.0,7.0,,,,7.292929292929293,,49,,7.0,0,7.292929292929293,97,37,50,49
msg_163,node49,node16,320,225712,,,,,,7.758620689655173,,49,,,0,7.758620689655173,760,20,50,49
msg_164,node49,node17,320,225712,225719.0,7.0,,,,7.292929292929293,,49,,7.333333333333333,0,7.292929292929293,97,37,50,49
msg_165,node49,node18,320,225712,,,,,,7.758620689655173,,49,,,0,7.758620689655173,760,20,50,49
msg_166,node49,node19,320,225712,,,,,,7.758620689655173,,49,,,0,7.758620689655173,760,20,50,49
msg_167,node49,node20,320,225712,225720.0,8.0,,,,7.29126213592233,,49,,8.333333333333334,0,7.29126213592233,93,33,50,49
msg_168,node49,node21,320,225712,225717.0,5.0,,,,7.376344086021505,,49,,6.666666666666667,0,7.376344086021505,103,43,50,49
msg_169,node49,node22,320,225712,,,,,,7.758620689655173,,49,,,0,7.758620689655173,760,20,50,49
msg_170,node49,node23,320,225712,,,,,,7.758620689655173,,49,,,0,7.758620689655173,760,20,50,49
msg_171,node49,node24,320,225712,225721.0,9.0,,,,7.29126213592233,,49,,8.666666666666666,0,7.29126213592233,93,33,50,49
msg_172,node49,node25,320,225712,225721.0,9.0,,,,7.314285714285714,,49,,8.666666666666666,0,7.314285714285714,91,31,50,49
msg_173,node49,node26,320,225712,,,,,,7.758620689655173,,49,,,0,7.758620689655173,760,20,50,49
msg_174,node49,node27,320,225712,225721.0,9.0,,,,7.330188679245283,,49,,9.333333333333334,0,7.330188679245283,90,30,50,49
msg_175,node49,node28,320,225712,,,,,,7.758620689655173,,49,,,0,7.758620689655173,760,20,50,49
msg_176,node49,node29,320,225712,,,,,,7.758620689655173,,49,,,0,7.758620689655173,760,20,50,49
msg_177,node49,node30,320,225712,,,,,,7.758620689655173,,49,,,0,7.758620689655173,760,20,50,49
msg_178,node49,node31,320,225712,225719.0,7.0,,,,7.292929292929293,,49,,8.333333333333334,0,7.292929292929293,97,37,50,49
msg_179,node49,node32,320,225712,225720.0,8.0,,,,7.284313725490196,,49,,9.0,0,7.284313725490196,94,34,50,49
msg_180,node49,node33,320,225712,225722.0,10.0,,,,7.345794392523365,,49,,10.333333333333334,0,7.345794392523365,89,29,50,49
msg_181,node49,node34,320,225712,,,,,,7.758620689655173,,49,,,0,7.758620689655173,760,20,50,49
msg_182,node49,node35,320,225712,225722.0,10.0,,,,7.345794392523365,,49,,10.333333333333334,0,7.345794392523365,89,29,50,49
msg_183,node49,node36,320,225712,225722.0,10.0,,,,7.394495412844036,,49,,10.333333333333334,0,7.394495412844036,87,27,50,49
msg_184,node49,node37,320,225712,225723.0,11.0,,,,7.418181818181818,,49,,11.333333333333334,0,7.418181818181818,86,26,50,49
msg_185,node49,node38,320,225712,,,,,,7.758620689655173,,49,,,0,7.758620689655173,760,20,50,49
msg_186,node49,node39,320,225712,,,,,,7.758620689655173,,49,,,0,7.758620689655173,760,20,50,49
msg_187,node49,node40,320,225712,225723.0,11.0,,,,7.418181818181818,,49,,11.333333333333334,0,7.418181818181818,86,26,50,49
msg_188,node49,node41,320,225712,225723.0,11.0,,,,7.482142857142857,,49,,11.666666666666666,0,7.482142857142857,84,24,50,49
msg_189,node49,node42,320,225712,,,,,,7.758620689655173,,49,,,0,7.758620689655173,760,20,50,49
msg_190,node49,node43,320,225712,,,,,,7.758620689655173,,49,,,0,7.758620689655173,760,20,50,49
msg_191,node49,node44,320,225712,225723.0,11.0,,,,7.513274336283186,,49,,12.0,0,7.513274336283186,83,23,50,49
msg_192,node49,node45,320,225712,225724.0,12.0,,,,7.513274336283186,,49,,12.333333333333334,0,7.513274336283186,83,23,50,49
msg_193,node49,node46,320,225712,225724.0,12.0,,,,7.582608695652174,,49,,12.666666666666666,0,7.582608695652174,81,21,50,49
msg_194,node49,node47,320,225712,,,,,,7.758620689655173,,49,,,0,7.758620689655173,760,20,50,49
msg_195,node49,node48,320,225712,,,,,,7.758620689655173,,49,,,0,7.758620689655173,760,20,50,49
msg_196,node49,node0,319,266757,266759.0,2.0,,,,7.620689655172414,,49,,2.25,0,7.620689655172414,129,49,50,49
msg_197,node49,node1,319,266757,266759.0,2.0,,,,7.572649572649572,,49,,2.25,0,7.572649572649572,128,48,50,49
msg_198,node49,node2,319,266757,266760.0,3.0,,,,7.52542372881356,,49,,3.5,0,7.52542372881356,127,47,50,49
msg_199,node49,node3,319,266757,266760.0,3.0,,,,7.52542372881356,,49,,3.5,0,7.52542372881356,127,47,50,49
msg_200,node49,node4,319,266757,,,,,,7.758620689655173,,49,,,0,7.758620689655173,760,20,50,49
msg_201,node49,node5,319,266757,,,,,,7.758620689655173,,49,,,0,7.758620689655173,760,20,50,49
msg_202,node49,node6,319,266757,266761.0,4.0,,,,7.413223140495868,,49,,5.25,0,7.413223140495868,124,44,50,49
msg_203,node49,node7,319,266757,266762.0,5.0,,,,7.357723577235772,,49,,5.5,0,7.357723577235772,122,42,50,49
msg_204,node49,node8,319,266757,266762.0,5.0,,,,7.338709677419355,,49,,5.75,0,7.338709677419355,121,41,50,49
msg_205,node49,node9,319,266757,266762.0,5.0,,,,7.338709677419355,,49,,6.0,0,7.338709677419355,121,41,50,49
msg_206,node49,node10,320,266757,266760.0,3.0,,,,7.45,,49,,3.25,0,7.45,125,45,50,49
msg_207,node49,node11,320,266757,,,,,,7.758620689655173,,49,,,0,7.758620689655173,760,20,50,49
msg_208,node49,node12,320,266757,,,,,,7.758620689655173,,49,,,0,7.758620689655173,760,20,50,49
msg_209,node49,node13,320,266757,266763.0,6.0,,,,7.301587301587301,,49,,6.5,0,7.301587301587301,119,39,50,49
msg_210,node49,node14,320,266757,266761.0,4.0,,,,7.413223140495868,,49,,3.75,0,7.413223140495868,124,44,50,49
msg_211,node49,node15,320,266757,266764.0,7.0,,,,7.28125,,49,,7.0,0,7.28125,117,37,50,49
msg_212,node49,node16,320,266757,,,,,,7.758620689655173,,49,,,0,7.758620689655173,760,20,50,49
msg_213,node49,node17,320,266757,266765.0,8.0,,,,7.27906976744186,,49,,7.25,0,7.27906976744186,116,36,50,49
msg_214,node49,node18,320,266757,,,,,,7.758620689655173,,49,,,0,7.758620689655173,760,20,50,49
msg_215,node49,node19,320,266757,,,,,,7.758620689655173,,49,,,0,7.758620689655173,760,20,50,49
msg_216,node49,node20,320,266757,266765.0,8.0,,,,7.295454545454546,,49,,8.25,0,7.295454545454546,113,33,50,49
msg_217,node49,node21,320,266757,266763.0,6.0,,,,7.291338582677166,,49,,6.25,0,7.291338582677166,118,38,50,49
msg_218,node49,node22,320,266757,,,,,,7.758620689655173,,49,,,0,7.758620689655173,760,20,50,49
msg_219,node49,node23,320,266757,,,,,,7.758620689655173,,49,,,0,7.758620689655173,760,20,50,49
msg_220,node49,node24,320,266757,266766.0,9.0,,,,7.295454545454546,,49,,8.75,0,7.295454545454546,113,33,50,49
msg_221,node49,node25,320,266757,266766.0,9.0,,,,7.313432835820896,,49,,8.75,0,7.313432835820896,111,31,50,49
msg_222,node49,node26,320,266757,,,,,,7.758620689655173,,49,,,0,7.758620689655173,760,20,50,49
msg_223,node49,node27,320,266757,266766.0,9.0,,,,7.325925925925926,,49,,9.25,0,7.325925925925926,110,30,50,49
msg_224,node49,node28,320,266757,,,,,,7.758620689655173,,49,,,0,7.758620689655173,760,20,50,49
msg_225,node49,node29,320,266757,,,,,,7.758620689655173,,49,,,0,7.758620689655173,760,20,50,49
msg_226,node49,node30,320,266757,,,,,,7.758620689655173,,49,,,0,7.758620689655173,760,20,50,49
msg_227,node49,node31,320,266757,266765.0,8.0,,,,7.27906976744186,,49,,8.0,0,7.27906976744186,116,36,50,49
msg_228,node49,node32,320,266757,266765.0,8.0,,,,7.290076335877862,,49,,8.75,0,7.290076335877862,114,34,50,49
msg_229,node49,node33,320,266757,266767.0,10.0,,,,7.325925925925926,,49,,10.25,0,7.325925925925926,110,30,50,49
msg_230,node49,node34,320,266757,,,,,,7.758620689655173,,49,,,0,7.758620689655173,760,20,50,49
msg_231,node49,node35,320,266757,266767.0,10.0,,,,7.357664233576642,,49,,10.25,0,7.357664233576642,108,28,50,49
msg_232,node49,node36,320,266757,266768.0,11.0,,,,7.3768115942028984,,49,,10.25,0,7.3768115942028984,107,27,50,49
msg_233,node49,node37,320,266757,266768.0,11.0,,,,7.402877697841727,,49,,11.25,0,7.402877697841727,106,26,50,49
msg_234,node49,node38,320,266757,,,,,,7.758620689655173,,49,,,0,7.758620689655173,760,20,50,49
msg_235,node49,node39,320,266757,,,,,,7.758620689655173,,49,,,0,7.758620689655173,760,20,50,49
msg_236,node49,node40,320,266757,266768.0,11.0,,,,7.402877697841727,,49,,11.25,0,7.402877697841727,106,26,50,49
msg_237,node49,node41,320,266757,266769.0,12.0,,,,7.453900709219858,,49,,11.5,0,7.453900709219858,104,24,50,49
msg_238,node49,node42,320,266757,,,,,,7.758620689655173,,49,,,0,7.758620689655173,760,20,50,49
msg_239,node49,node43,320,266757,,,,,,7.758620689655173,,49,,,0,7.758620689655173,760,20,50,49
msg_240,node49,node44,320,266757,266769.0,12.0,,,,7.485915492957746,,49,,11.75,0,7.485915492957746,103,23,50,49
msg_241,node49,node45,320,266757,266769.0,12.0,,,,7.485915492957746,,49,,12.25,0,7.485915492957746,103,23,50,49
msg_242,node49,node46,320,266757,266769.0,12.0,,,,7.548611111111111,,49,,12.5,0,7.548611111111111,101,21,50,49
msg_243,node49,node47,320,266757,,,,,,7.758620689655173,,49,,,0,7.758620689655173,760,20,50,49
msg_244,node49,node48,320,266757,,,,,,7.758620689655173,,49,,,0,7.758620689655173,760,20,50,49
msg_245,node49,node0,319,302572,302575.0,3.0,,,,7.5793103448275865,,49,,2.2,0,7.5793103448275865,149,49,50,49
msg_246,node49,node1,319,302572,302575.0,3.0,,,,7.5479452054794525,,49,,2.2,0,7.5479452054794525,148,48,50,49
msg_247,node49,node2,319,302572,302575.0,3.0,,,,7.517006802721088,,49,,3.4,0,7.517006802721088,147,47,50,49
msg_248,node49,node3,319,302572,302575.0,3.0,,,,7.456375838926174,,49,,3.4,0,7.456375838926174,145,45,50,49
msg_249,node49,node4,319,302572,,,,,,7.758620689655173,,49,,,0,7.758620689655173,760,20,50,49
msg_250,node49,node5,319,302572,,,,,,7.758620689655173,,49,,,0,7.758620689655173,760,20,50,49
msg_251,node49,node6,319,302572,302576.0,4.0,,,,7.426666666666667,,49,,5.0,0,7.426666666666667,144,44,50,49
msg_252,node49,node7,319,302572,302576.0,4.0,,,,7.426666666666667,,49,,5.4,0,7.426666666666667,144,44,50,49
msg_253,node49,node8,319,302572,302577.0,5.0,,,,7.381578947368421,,49,,5.6,0,7.381578947368421,142,42,50,49
msg_254,node49,node9,319,302572,302577.0,5.0,,,,7.3441558441558445,,49,,5.8,0,7.3441558441558445,140,40,50,49
msg_255,node49,node10,320,302572,302575.0,3.0,,,,7.517006802721088,,49,,3.2,0,7.517006802721088,147,47,50,49
msg_256,node49,node11,320,302572,,,,,,7.758620689655173,,49,,,0,7.758620689655173,760,20,50,49
msg_257,node49,node12,320,302572,,,,,,7.758620689655173,,49,,,0,7.758620689655173,760,20,50,49
msg_258,node49,node13,320,302572,302578.0,6.0,,,,7.329032258064516,,49,,6.4,0,7.329032258064516,139,39,50,49
msg_259,node49,node14,320,302572,302576.0,4.0,,,,7.381578947368421,,49,,3.8,0,7.381578947368421,142,42,50,49
msg_260,node49,node15,320,302572,302578.0,6.0,,,,7.312101910828026,,49,,7.0,0,7.312101910828026,137,37,50,49
msg_261,node49,node16,320,302572,,,,,,7.758620689655173,,49,,,0,7.758620689655173,760,20,50,49
msg_262,node49,node17,320,302572,302579.0,7.0,,,,7.312101910828026,,49,,7.4,0,7.312101910828026,137,37,50,49
msg_263,node49,node18,320,302572,,,,,,7.758620689655173,,49,,,0,7.758620689655173,760,20,50,49
msg_264,node49,node19,320,302572,,,,,,7.758620689655173,,49,,,0,7.758620689655173,760,20,50,49
msg_265,node49,node20,320,302572,302579.0,7.0,,,,7.30188679245283,,49,,8.2,0,7.30188679245283,135,35,50,49
msg_266,node49,node21,320,302572,302578.0,6.0,,,,7.32051282051282,,49,,6.2,0,7.32051282051282,138,38,50,49
msg_267,node49,node22,320,302572,,,,,,7.758620689655173,,49,,,0,7.758620689655173,760,20,50,49
msg_268,node49,node23,320,302572,,,,,,7.758620689655173,,49,,,0,7.758620689655173,760,20,50,49
msg_269,node49,node24,320,302572,302581.0,9.0,,,,7.298136645962733,,49,,8.8,0,7.298136645962733,133,33,50,49
msg_270,node49,node25,320,302572,302581.0,9.0,,,,7.3128834355828225,,49,,8.8,0,7.3128834355828225,131,31,50,49
msg_271,node49,node26,320,302572,,,,,,7.758620689655173,,49,,,0,7.758620689655173,760,20,50,49
msg_272,node49,node27,320,302572,302581.0,9.0,,,,7.323170731707317,,49,,9.2,0,7.323170731707317,130,30,50,49
msg_273,node49,node28,320,302572,,,,,,7.758620689655173,,49,,,0,7.758620689655173,760,20,50,49
msg_274,node49,node29,320,302572,,,,,,7.758620689655173,,49,,,0,7.758620689655173,760,20,50,49
msg_275,node49,node30,320,302572,,,,,,7.758620689655173,,49,,,0,7.758620689655173,760,20,50,49
msg_276,node49,node31,320,302572,302579.0,7.0,,,,7.3,,49,,8.0,0,7.3,134,34,50,49
msg_277,node49,node32,320,302572,302580.0,8.0,,,,7.298136645962733,,49,,8.6,0,7.298136645962733,133,33,50,49
msg_278,node49,node33,320,302572,302582.0,10.0,,,,7.333333333333333,,49,,10.2,0,7.333333333333333,129,29,50,49
msg_279,node49,node34,320,302572,,,,,,7.758620689655173,,49,,,0,7.758620689655173,760,20,50,49
msg_280,node49,node35,320,302572,302582.0,10.0,,,,7.333333333333333,,49,,10.2,0,7.333333333333333,129,29,50,49
msg_281,node49,node36,320,302572,302582.0,10.0,,,,7.365269461077844,,49,,10.4,0,7.365269461077844,127,27,50,49
msg_282,node49,node37,320,302572,302582.0,10.0,,,,7.380952380952381,,49,,11.2,0,7.380952380952381,126,26,50,49
msg_283,node49,node38,320,302572,,,,,,7.758620689655173,,49,,,0,7.758620689655173,760,20,50,49
msg_284,node49,node39,320,302572,,,,,,7.758620689655173,,49,,,0,7.758620689655173,760,20,50,49
msg_285,node49,node40,320,302572,302583.0,11.0,,,,7.380952380952381,,49,,11.2,0,7.380952380952381,126,26,50,49
msg_286,node49,node41,320,302572,302583.0,11.0,,,,7.41764705882353,,49,,11.6,0,7.41764705882353,124,24,50,49
msg_287,node49,node42,320,302572,,,,,,7.758620689655173,,49,,,0,7.758620689655173,760,20,50,49
msg_288,node49,node43,320,302572,,,,,,7.758620689655173,,49,,,0,7.758620689655173,760,20,50,49
msg_289,node49,node44,320,302572,302583.0,11.0,,,,7.43859649122807,,49,,11.8,0,7.43859649122807,123,23,50,49
msg_290,node49,node45,320,302572,302584.0,12.0,,,,7.459302325581396,,49,,12.2,0,7.459302325581396,122,22,50,49
msg_291,node49,node46,320,302572,302584.0,12.0,,,,7.459302325581396,,49,,12.4,0,7.459302325581396,122,22,50,49
msg_292,node49,node47,320,302572,,,,,,7.758620689655173,,49,,,0,7.758620689655173,760,20,50,49
msg_293,node49,node48,320,302572,,,,,,7.758620689655173,,49,,,0,7.758620689655173,760,20,50,49
msg_294,node49,node0,319,365835,365837.0,2.0,,,,7.511494252873563,,49,,2.3333333333333335,0,7.511494252873563,169,49,50,49
msg_295,node49,node1,319,365835,365838.0,3.0,,,,7.48,,49,,2.3333333333333335,0,7.48,168,48,50,49
msg_296,node49,node2,319,365835,365838.0,3.0,,,,7.454545454545454,,49,,3.3333333333333335,0,7.454545454545454,167,47,50,49
msg_297,node49,node3,319,365835,365838.0,3.0,,,,7.429378531073446,,49,,3.3333333333333335,0,7.429378531073446,166,46,50,49
msg_298,node49,node4,319,365835,,,,,,7.758620689655173,,49,,,0,7.758620689655173,760,20,50,49
msg_299,node49,node5,319,365835,,,,,,7.758620689655173,,49,,,0,7.758620689655173,760,20,50,49
msg_300,node49,node6,319,365835,365839.0,4.0,,,,7.379888268156424,,49,,4.833333333333333,0,7.379888268156424,164,44,50,49
msg_301,node49,node7,319,365835,365839.0,4.0,,,,7.379888268156424,,49,,5.166666666666667,0,7.379888268156424,164,44,50,49
msg_302,node49,node8,319,365835,365840.0,5.0,,,,7.324175824175824,,49,,5.5,0,7.324175824175824,161,41,50,49
msg_303,node49,node9,319,365835,365840.0,5.0,,,,7.324175824175824,,49,,5.666666666666667,0,7.324175824175824,161,41,50,49
msg_304,node49,node10,320,365835,365838.0,3.0,,,,7.429378531073446,,49,,3.1666666666666665,0,7.429378531073446,166,46,50,49
msg_305,node49,node11,320,365835,,,,,,7.758620689655173,,49,,,0,7.758620689655173,760,20,50,49
msg_306,node49,node12,320,365835,,,,,,7.758620689655173,,49,,,0,7.758620689655173,760,20,50,49
msg_307,node49,node13,320,365835,365840.0,5.0,,,,7.324175824175824,,49,,6.333333333333333,0,7.324175824175824,161,41,50,49
msg_308,node49,node14,320,365835,365839.0,4.0,,,,7.342541436464089,,49,,3.8333333333333335,0,7.342541436464089,162,42,50,49
msg_309,node49,node15,320,365835,365841.0,6.0,,,,7.286486486486487,,49,,6.833333333333333,0,7.286486486486487,158,38,50,49
msg_310,node49,node16,320,365835,,,,,,7.758620689655173,,49,,,0,7.758620689655173,760,20,50,49
msg_311,node49,node17,320,365835,365842.0,7.0,,,,7.279569892473118,,49,,7.333333333333333,0,7.279569892473118,157,37,50,49
msg_312,node49,node18,320,365835,,,,,,7.758620689655173,,49,,,0,7.758620689655173,760,20,50,49
msg_313,node49,node19,320,365835,,,,,,7.758620689655173,,49,,,0,7.758620689655173,760,20,50,49
msg_314,node49,node20,320,365835,365843.0,8.0,,,,7.275132275132275,,49,,8.0,0,7.275132275132275,154,34,50,49
msg_315,node49,node21,320,365835,365842.0,7.0,,,,7.279569892473118,,49,,6.166666666666667,0,7.279569892473118,157,37,50,49
msg_316,node49,node22,320,365835,,,,,,7.758620689655173,,49,,,0,7.758620689655173,760,20,50,49
msg_317,node49,node23,320,365835,,,,,,7.758620689655173,,49,,,0,7.758620689655173,760,20,50,49
msg_318,node49,node24,320,365835,365844.0,9.0,,,,7.277486910994765,,49,,8.833333333333334,0,7.277486910994765,152,32,50,49
msg_319,node49,node25,320,365835,365844.0,9.0,,,,7.286458333333333,,49,,8.833333333333334,0,7.286458333333333,151,31,50,49
msg_320,node49,node26,320,365835,,,,,,7.758620689655173,,49,,,0,7.758620689655173,760,20,50,49
msg_321,node49,node27,320,365835,365844.0,9.0,,,,7.295336787564767,,49,,9.166666666666666,0,7.295336787564767,150,30,50,49
msg_322,node49,node28,320,365835,,,,,,7.758620689655173,,49,,,0,7.758620689655173,760,20,50,49
msg_323,node49,node29,320,365835,,,,,,7.758620689655173,,49,,,0,7.758620689655173,760,20,50,49
msg_324,node49,node30,320,365835,,,,,,7.758620689655173,,49,,,0,7.758620689655173,760,20,50,49
msg_325,node49,node31,320,365835,365842.0,7.0,,,,7.276595744680851,,49,,7.833333333333333,0,7.276595744680851,155,35,50,49
msg_326,node49,node32,320,365835,365842.0,7.0,,,,7.275132275132275,,49,,8.5,0,7.275132275132275,154,34,50,49
msg_327,node49,node33,320,365835,365845.0,10.0,,,,7.295336787564767,,49,,10.166666666666666,0,7.295336787564767,150,30,50,49
msg_328,node49,node34,320,365835,,,,,,7.758620689655173,,49,,,0,7.758620689655173,760,20,50,49
msg_329,node49,node35,320,365835,365845.0,10.0,,,,7.317948717948718,,49,,10.166666666666666,0,7.317948717948718,148,28,50,49
msg_330,node49,node36,320,365835,365845.0,10.0,,,,7.331632653061225,,49,,10.333333333333334,0,7.331632653061225,147,27,50,49
msg_331,node49,node37,320,365835,365845.0,10.0,,,,7.345177664974619,,49,,11.0,0,7.345177664974619,146,26,50,49
msg_332,node49,node38,320,365835,,,,,,7.758620689655173,,49,,,0,7.758620689655173,760,20,50,49
msg_333,node49,node39,320,365835,,,,,,7.758620689655173,,49,,,0,7.758620689655173,760,20,50,49
msg_334,node49,node40,320,365835,365846.0,11.0,,,,7.345177664974619,,49,,11.166666666666666,0,7.345177664974619,146,26,50,49
msg_335,node49,node41,320,365835,365846.0,11.0,,,,7.376884422110553,,49,,11.5,0,7.376884422110553,144,24,50,49
msg_336,node49,node42,320,365835,,,,,,7.758620689655173,,49,,,0,7.758620689655173,760,20,50,49
msg_337,node49,node43,320,365835,,,,,,7.758620689655173,,49,,,0,7.758620689655173,760,20,50,49
msg_338,node49,node44,320,365835,365846.0,11.0,,,,7.395,,49,,11.666666666666666,0,7.395,143,23,50,49
msg_339,node49,node45,320,365835,365847.0,12.0,,,,7.412935323383085,,49,,12.166666666666666,0,7.412935323383085,142,22,50,49
msg_340,node49,node46,320,365835,365847.0,12.0,,,,7.435643564356436,,49,,12.333333333333334,0,7.435643564356436,141,21,50,49
msg_341,node49,node47,320,365835,,,,,,7.758620689655173,,49,,,0,7.758620689655173,760,20,50,49
msg_342,node49,node48,320,365835,,,,,,7.758620689655173,,49,,,0,7.758620689655173,760,20,50,49
msg_343,node49,node0,319,459110,459112.0,2.0,,,,7.458128078817734,,49,,2.2857142857142856,0,7.458128078817734,189,49,50,49
msg_344,node49,node1,319,459110,459112.0,2.0,,,,7.458128078817734,,49,,2.4285714285714284,0,7.458128078817734,189,49,50,49
msg_345,node49,node2,319,459110,459113.0,3.0,,,,7.404878048780488,,49,,3.2857142857142856,0,7.404878048780488,187,47,50,49
msg_346,node49,node3,319,459110,459113.0,3.0,,,,7.383495145631068,,49,,3.2857142857142856,0,7.383495145631068,186,46,50,49
msg_347,node49,node4,319,459110,,,,,,7.758620689655173,,49,,,0,7.758620689655173,760,20,50,49
msg_348,node49,node5,319,459110,,,,,,7.758620689655173,,49,,,0,7.758620689655173,760,20,50,49
msg_349,node49,node6,319,459110,459114.0,4.0,,,,7.383495145631068,,49,,4.714285714285714,0,7.383495145631068,186,46,50,49
msg_350,node49,node7,319,459110,459114.0,4.0,,,,7.3253588516746415,,49,,5.0,0,7.3253588516746415,183,43,50,49
msg_351,node49,node8,319,459110,459114.0,4.0,,,,7.309523809523809,,49,,5.428571428571429,0,7.309523809523809,182,42,50,49
msg_352,node49,node9,319,459110,459114.0,4.0,,,,7.293838862559242,,49,,5.571428571428571,0,7.293838862559242,181,41,50,49
msg_353,node49,node10,320,459110,459113.0,3.0,,,,7.383495145631068,,49,,3.142857142857143,0,7.383495145631068,186,46,50,49
msg_354,node49,node11,320,459110,,,,,,7.758620689655173,,49,,,0,7.758620689655173,760,20,50,49
msg_355,node49,node12,320,459110,,,,,,7.758620689655173,,49,,,0,7.758620689655173,760,20,50,49
msg_356,node49,node13,320,459110,459117.0,7.0,,,,7.265116279069767,,49,,6.142857142857143,0,7.265116279069767,177,37,50,49
msg_357,node49,node14,320,459110,459116.0,6.0,,,,7.293838862559242,,49,,3.857142857142857,0,7.293838862559242,181,41,50,49
msg_358,node49,node15,320,459110,459117.0,7.0,,,,7.2626728110599075,,49,,6.714285714285714,0,7.2626728110599075,175,35,50,49
msg_359,node49,node16,320,459110,,,,,,7.758620689655173,,49,,,0,7.758620689655173,760,20,50,49
msg_360,node49,node17,320,459110,459118.0,8.0,,,,7.261467889908257,,49,,7.285714285714286,0,7.261467889908257,174,34,50,49
msg_361,node49,node18,320,459110,,,,,,7.758620689655173,,49,,,0,7.758620689655173,760,20,50,49
msg_362,node49,node19,320,459110,,,,,,7.758620689655173,,49,,,0,7.758620689655173,760,20,50,49
msg_363,node49,node20,320,459110,459118.0,8.0,,,,7.261467889908257,,49,,8.0,0,7.261467889908257,174,34,50,49
msg_364,node49,node21,320,459110,459116.0,6.0,,,,7.272300469483568,,49,,6.285714285714286,0,7.272300469483568,179,39,50,49
msg_365,node49,node22,320,459110,,,,,,7.758620689655173,,49,,,0,7.758620689655173,760,20,50,49
msg_366,node49,node23,320,459110,,,,,,7.758620689655173,,49,,,0,7.758620689655173,760,20,50,49
msg_367,node49,node24,320,459110,459119.0,9.0,,,,7.261467889908257,,49,,8.857142857142858,0,7.261467889908257,174,34,50,49
msg_368,node49,node25,320,459110,459119.0,9.0,,,,7.276018099547511,,49,,8.857142857142858,0,7.276018099547511,171,31,50,49
msg_369,node49,node26,320,459110,,,,,,7.758620689655173,,49,,,0,7.758620689655173,760,20,50,49
msg_370,node49,node27,320,459110,459119.0,9.0,,,,7.283783783783784,,49,,9.142857142857142,0,7.283783783783784,170,30,50,49
msg_371,node49,node28,320,459110,,,,,,7.758620689655173,,49,,,0,7.758620689655173,760,20,50,49
msg_372,node49,node29,320,459110,,,,,,7.758620689655173,,49,,,0,7.758620689655173,760,20,50,49
msg_373,node49,node30,320,459110,,,,,,7.758620689655173,,49,,,0,7.758620689655173,760,20,50,49
msg_374,node49,node31,320,459110,459117.0,7.0,,,,7.266355140186916,,49,,7.714285714285714,0,7.266355140186916,178,38,50,49
msg_375,node49,node32,320,459110,459117.0,7.0,,,,7.265116279069767,,49,,8.285714285714286,0,7.265116279069767,177,37,50,49
msg_376,node49,node33,320,459110,459120.0,10.0,,,,7.291479820627803,,49,,10.142857142857142,0,7.291479820627803,169,29,50,49
msg_377,node49,node34,320,459110,,,,,,7.758620689655173,,49,,,0,7.758620689655173,760,20,50,49
msg_378,node49,node35,320,459110,459120.0,10.0,,,,7.291479820627803,,49,,10.142857142857142,0,7.291479820627803,169,29,50,49
msg_379,node49,node36,320,459110,459120.0,10.0,,,,7.315555555555555,,49,,10.285714285714286,0,7.315555555555555,167,27,50,49
msg_380,node49,node37,320,459110,459120.0,10.0,,,,7.327433628318584,,49,,10.857142857142858,0,7.327433628318584,166,26,50,49
msg_381,node49,node38,320,459110,,,,,,7.758620689655173,,49,,,0,7.758620689655173,760,20,50,49
msg_382,node49,node39,320,459110,,,,,,7.758620689655173,,49,,,0,7.758620689655173,760,20,50,49
msg_383,node49,node40,320,459110,459121.0,11.0,,,,7.3392070484581495,,49,,11.142857142857142,0,7.3392070484581495,165,25,50,49
msg_384,node49,node41,320,459110,459121.0,11.0,,,,7.3392070484581495,,49,,11.428571428571429,0,7.3392070484581495,165,25,50,49
msg_385,node49,node42,320,459110,,,,,,7.758620689655173,,49,,,0,7.758620689655173,760,20,50,49
msg_386,node49,node43,320,459110,,,,,,7.758620689655173,,49,,,0,7.758620689655173,760,20,50,49
msg_387,node49,node44,320,459110,459121.0,11.0,,,,7.37117903930131,,49,,11.571428571428571,0,7.37117903930131,163,23,50,49
msg_388,node49,node45,320,459110,459122.0,12.0,,,,7.386956521739131,,49,,12.142857142857142,0,7.386956521739131,162,22,50,49
msg_389,node49,node46,320,459110,459122.0,12.0,,,,7.386956521739131,,49,,12.285714285714286,0,7.386956521739131,162,22,50,49
msg_390,node49,node47,320,459110,,,,,,7.758620689655173,,49,,,0,7.758620689655173,760,20,50,49
msg_391,node49,node48,320,459110,,,,,,7.758620689655173,,49,,,0,7.758620689655173,760,20,50,49
msg_392,node49,node0,319,465022,465025.0,3.0,,,,7.426724137931035,,49,,2.25,0,7.426724137931035,209,49,50,49
msg_393,node49,node1,319,465022,465025.0,3.0,,,,7.426724137931035,,49,,2.375,0,7.426724137931035,209,49,50,49
msg_394,node49,node2,319,465022,465026.0,4.0,,,,7.426724137931035,,49,,3.25,0,7.426724137931035,209,49,50,49
msg_395,node49,node3,319,465022,465026.0,4.0,,,,7.374468085106383,,49,,3.25,0,7.374468085106383,206,46,50,49
msg_396,node49,node4,319,465022,,,,,,7.758620689655173,,49,,,0,7.758620689655173,760,20,50,49
msg_397,node49,node5,319,465022,,,,,,7.758620689655173,,49,,,0,7.758620689655173,760,20,50,49
msg_398,node49,node6,319,465022,465027.0,5.0,,,,7.345991561181434,,49,,4.625,0,7.345991561181434,204,44,50,49
msg_399,node49,node7,319,465022,465028.0,6.0,,,,7.326359832635983,,49,,4.875,0,7.326359832635983,202,42,50,49
msg_400,node49,node8,319,465022,465028.0,6.0,,,,7.320833333333334,,49,,5.25,0,7.320833333333334,201,41,50,49
msg_401,node49,node9,319,465022,465028.0,6.0,,,,7.3153526970954355,,49,,5.375,0,7.3153526970954355,200,40,50,49
msg_402,node49,node10,320,465022,465026.0,4.0,,,,7.360169491525424,,49,,3.125,0,7.360169491525424,205,45,50,49
msg_403,node49,node11,320,465022,,,,,,7.758620689655173,,49,,,0,7.758620689655173,760,20,50,49
msg_404,node49,node12,320,465022,,,,,,7.758620689655173,,49,,,0,7.758620689655173,760,20,50,49
msg_405,node49,node13,320,465022,465029.0,7.0,,,,7.3153526970954355,,49,,6.25,0,7.3153526970954355,200,40,50,49
msg_406,node49,node14,320,465022,465027.0,5.0,,,,7.345991561181434,,49,,4.125,0,7.345991561181434,204,44,50,49
msg_407,node49,node15,320,465022,465030.0,8.0,,,,7.307377049180328,,49,,6.75,0,7.307377049180328,197,37,50,49
msg_408,node49,node16,320,465022,,,,,,7.758620689655173,,49,,,0,7.758620689655173,760,20,50,49
msg_409,node49,node17,320,465022,465030.0,8.0,,,,7.310204081632653,,49,,7.375,0,7.310204081632653,196,36,50,49
msg_410,node49,node18,320,465022,,,,,,7.758620689655173,,49,,,0,7.758620689655173,760,20,50,49
msg_411,node49,node19,320,465022,,,,,,7.758620689655173,,49,,,0,7.758620689655173,760,20,50,49
msg_412,node49,node20,320,465022,465030.0,8.0,,,,7.313008130081301,,49,,8.0,0,7.313008130081301,195,35,50,49
msg_413,node49,node21,320,465022,465029.0,7.0,,,,7.3153526970954355,,49,,6.25,0,7.3153526970954355,200,40,50,49
msg_414,node49,node22,320,465022,,,,,,7.758620689655173,,49,,,0,7.758620689655173,760,20,50,49
msg_415,node49,node23,320,465022,,,,,,7.758620689655173,,49,,,0,7.758620689655173,760,20,50,49
msg_416,node49,node24,320,465022,465031.0,9.0,,,,7.313008130081301,,49,,8.875,0,7.313008130081301,195,35,50,49
msg_417,node49,node25,320,465022,465031.0,9.0,,,,7.32258064516129,,49,,8.875,0,7.32258064516129,193,33,50,49
msg_418,node49,node26,320,465022,,,,,,7.758620689655173,,49,,,0,7.758620689655173,760,20,50,49
msg_419,node49,node27,320,465022,465032.0,10.0,,,,7.336,,49,,9.125,0,7.336,191,31,50,49
msg_420,node49,node28,320,465022,,,,,,7.758620689655173,,49,,,0,7.758620689655173,760,20,50,49
msg_421,node49,node29,320,465022,,,,,,7.758620689655173,,49,,,0,7.758620689655173,760,20,50,49
msg_422,node49,node30,320,465022,,,,,,7.758620689655173,,49,,,0,7.758620689655173,760,20,50,49
msg_423,node49,node31,320,465022,465031.0,9.0,,,,7.329317269076305,,49,,7.625,0,7.329317269076305,192,32,50,49
msg_424,node49,node32,320,465022,465032.0,10.0,,,,7.336,,49,,8.125,0,7.336,191,31,50,49
msg_425,node49,node33,320,465022,465033.0,11.0,,,,7.336,,49,,10.125,0,7.336,191,31,50,49
msg_426,node49,node34,320,465022,,,,,,7.758620689655173,,49,,,0,7.758620689655173,760,20,50,49
msg_427,node49,node35,320,465022,465033.0,11.0,,,,7.371541501976284,,49,,10.125,0,7.371541501976284,188,28,50,49
msg_428,node49,node36,320,465022,465034.0,12.0,,,,7.3858267716535435,,49,,10.25,0,7.3858267716535435,187,27,50,49
msg_429,node49,node37,320,465022,465035.0,13.0,,,,7.403921568627451,,49,,10.75,0,7.403921568627451,186,26,50,49
msg_430,node49,node38,320,465022,,,,,,7.758620689655173,,49,,,0,7.758620689655173,760,20,50,49
msg_431,node49,node39,320,465022,,,,,,7.758620689655173,,49,,,0,7.758620689655173,760,20,50,49
msg_432,node49,node40,320,465022,465035.0,13.0,,,,7.403921568627451,,49,,11.125,0,7.403921568627451,186,26,50,49
msg_433,node49,node41,320,465022,465035.0,13.0,,,,7.447470817120623,,49,,11.375,0,7.447470817120623,184,24,50,49
msg_434,node49,node42,320,465022,,,,,,7.758620689655173,,49,,,0,7.758620689655173,760,20,50,49
msg_435,node49,node43,320,465022,,,,,,7.758620689655173,,49,,,0,7.758620689655173,760,20,50,49
msg_436,node49,node44,320,465022,465035.0,13.0,,,,7.4689922480620154,,49,,11.5,0,7.4689922480620154,183,23,50,49
msg_437,node49,node45,320,465022,465036.0,14.0,,,,7.4689922480620154,,49,,12.125,0,7.4689922480620154,183,23,50,49
msg_438,node49,node46,320,465022,465036.0,14.0,,,,7.4689922480620154,,49,,12.25,0,7.4689922480620154,183,23,50,49
msg_439,node49,node47,320,465022,,,,,,7.758620689655173,,49,,,0,7.758620689655173,760,20,50,49
msg_440,node49,node48,320,465022,,,,,,7.758620689655173,,49,,,0,7.758620689655173,760,20,50,49
msg_441,node49,node0,319,466749,466751.0,2.0,,,,7.540229885057471,,49,,2.3333333333333335,0,7.540229885057471,229,49,50,49
msg_442,node49,node1,319,466749,466751.0,2.0,,,,7.540229885057471,,49,,2.4444444444444446,0,7.540229885057471,229,49,50,49
msg_443,node49,node2,319,466749,466752.0,3.0,,,,7.540229885057471,,49,,3.3333333333333335,0,7.540229885057471,229,49,50,49
msg_444,node49,node3,319,466749,466752.0,3.0,,,,7.481060606060606,,49,,3.3333333333333335,0,7.481060606060606,226,46,50,49
msg_445,node49,node4,319,466749,,,,,,7.758620689655173,,49,,,0,7.758620689655173,760,20,50,49
msg_446,node49,node5,319,466749,,,,,,7.758620689655173,,49,,,0,7.758620689655173,760,20,50,49
msg_447,node49,node6,319,466749,466753.0,4.0,,,,7.4344569288389515,,49,,4.666666666666667,0,7.4344569288389515,223,43,50,49
msg_448,node49,node7,319,466749,466754.0,5.0,,,,7.4216417910447765,,49,,5.0,0,7.4216417910447765,222,42,50,49
msg_449,node49,node8,319,466749,466754.0,5.0,,,,7.412639405204461,,49,,5.333333333333333,0,7.412639405204461,221,41,50,49
msg_450,node49,node9,319,466749,466754.0,5.0,,,,7.4037037037037035,,49,,5.444444444444445,0,7.4037037037037035,220,40,50,49
msg_451,node49,node10,320,466749,466752.0,3.0,,,,7.464150943396226,,49,,3.2222222222222223,0,7.464150943396226,225,45,50,49
msg_452,node49,node11,320,466749,,,,,,7.758620689655173,,49,,,0,7.758620689655173,760,20,50,49
msg_453,node49,node12,320,466749,,,,,,7.758620689655173,,49,,,0,7.758620689655173,760,20,50,49
msg_454,node49,node13,320,466749,466755.0,6.0,,,,7.394833948339484,,49,,6.333333333333333,0,7.394833948339484,219,39,50,49
msg_455,node49,node14,320,466749,466753.0,4.0,,,,7.447368421052632,,49,,4.222222222222222,0,7.447368421052632,224,44,50,49
msg_456,node49,node15,320,466749,466756.0,7.0,,,,7.394833948339484,,49,,6.888888888888889,0,7.394833948339484,219,39,50,49
msg_457,node49,node16,320,466749,,,,,,7.758620689655173,,49,,,0,7.758620689655173,760,20,50,49
msg_458,node49,node17,320,466749,466756.0,7.0,,,,7.394833948339484,,49,,7.444444444444445,0,7.394833948339484,219,39,50,49
msg_459,node49,node18,320,466749,,,,,,7.758620689655173,,49,,,0,7.758620689655173,760,20,50,49
msg_460,node49,node19,320,466749,,,,,,7.758620689655173,,49,,,0,7.758620689655173,760,20,50,49
msg_461,node49,node20,320,466749,466756.0,7.0,,,,7.381818181818182,,49,,8.0,0,7.381818181818182,215,35,50,49
msg_462,node49,node21,320,466749,466755.0,6.0,,,,7.394833948339484,,49,,6.333333333333333,0,7.394833948339484,219,39,50,49
msg_463,node49,node22,320,466749,,,,,,7.758620689655173,,49,,,0,7.758620689655173,760,20,50,49
msg_464,node49,node23,320,466749,,,,,,7.758620689655173,,49,,,0,7.758620689655173,760,20,50,49
msg_465,node49,node24,320,466749,466757.0,8.0,,,,7.380434782608695,,49,,8.88888888888889,0,7.380434782608695,214,34,50,49
msg_466,node49,node25,320,466749,466757.0,8.0,,,,7.382671480144404,,49,,8.88888888888889,0,7.382671480144404,213,33,50,49
msg_467,node49,node26,320,466749,,,,,,7.758620689655173,,49,,,0,7.758620689655173,760,20,50,49
msg_468,node49,node27,320,466749,466757.0,8.0,,,,7.384892086330935,,49,,9.222222222222221,0,7.384892086330935,212,32,50,49
msg_469,node49,node28,320,466749,,,,,,7.758620689655173,,49,,,0,7.758620689655173,760,20,50,49
msg_470,node49,node29,320,466749,,,,,,7.758620689655173,,49,,,0,7.758620689655173,760,20,50,49
msg_471,node49,node30,320,466749,,,,,,7.758620689655173,,49,,,0,7.758620689655173,760,20,50,49
msg_472,node49,node31,320,466749,466757.0,8.0,,,,7.384892086330935,,49,,7.777777777777778,0,7.384892086330935,212,32,50,49
msg_473,node49,node32,320,466749,466758.0,9.0,,,,7.384892086330935,,49,,8.333333333333334,0,7.384892086330935,212,32,50,49
msg_474,node49,node33,320,466749,466759.0,10.0,,,,7.384892086330935,,49,,10.222222222222221,0,7.384892086330935,212,32,50,49
msg_475,node49,node34,320,466749,,,,,,7.758620689655173,,49,,,0,7.758620689655173,760,20,50,49
msg_476,node49,node35,320,466749,466759.0,10.0,,,,7.404255319148936,,49,,10.222222222222221,0,7.404255319148936,208,28,50,49
msg_477,node49,node36,320,466749,466759.0,10.0,,,,7.413427561837456,,49,,10.444444444444445,0,7.413427561837456,207,27,50,49
msg_478,node49,node37,320,466749,466760.0,11.0,,,,7.422535211267606,,49,,11.0,0,7.422535211267606,206,26,50,49
msg_479,node49,node38,320,466749,,,,,,7.758620689655173,,49,,,0,7.758620689655173,760,20,50,49
msg_480,node49,node39,320,466749,,,,,,7.758620689655173,,49,,,0,7.758620689655173,760,20,50,49
msg_481,node49,node40,320,466749,466760.0,11.0,,,,7.435087719298245,,49,,11.333333333333334,0,7.435087719298245,205,25,50,49
msg_482,node49,node41,320,466749,466760.0,11.0,,,,7.4475524475524475,,49,,11.555555555555555,0,7.4475524475524475,204,24,50,49
msg_483,node49,node42,320,466749,,,,,,7.758620689655173,,49,,,0,7.758620689655173,760,20,50,49
msg_484,node49,node43,320,466749,,,,,,7.758620689655173,,49,,,0,7.758620689655173,760,20,50,49
msg_485,node49,node44,320,466749,466761.0,12.0,,,,7.4475524475524475,,49,,11.666666666666666,0,7.4475524475524475,204,24,50,49
msg_486,node49,node45,320,466749,466761.0,12.0,,,,7.4475524475524475,,49,,12.333333333333334,0,7.4475524475524475,204,24,50,49
msg_487,node49,node46,320,466749,466761.0,12.0,,,,7.4475524475524475,,49,,12.444444444444445,0,7.4475524475524475,204,24,50,49
msg_488,node49,node47,320,466749,,,,,,7.758620689655173,,49,,,0,7.758620689655173,760,20,50,49
msg_489,node49,node48,320,466749,,,,,,7.758620689655173,,49,,,0,7.758620689655173,760,20,50,49
msg_490,node49,node0,319,575135,575138.0,3.0,,,,7.506896551724138,,49,,2.3,0,7.506896551724138,249,49,50,49
msg_491,node49,node1,319,575135,575138.0,3.0,,,,7.491408934707904,,49,,2.4,0,7.491408934707904,248,48,50,49
msg_492,node49,node2,319,575135,575139.0,4.0,,,,7.476027397260274,,49,,3.3,0,7.476027397260274,247,47,50,49
msg_493,node49,node3,319,575135,575139.0,4.0,,,,7.464163822525597,,49,,3.3,0,7.464163822525597,246,46,50,49
msg_494,node49,node4,319,575135,,,,,,7.758620689655173,,49,,,0,7.758620689655173,760,20,50,49
msg_495,node49,node5,319,575135,,,,,,7.758620689655173,,49,,,0,7.758620689655173,760,20,50,49
msg_496,node49,node6,319,575135,575140.0,5.0,,,,7.4324324324324325,,49,,4.6,0,7.4324324324324325,243,43,50,49
msg_497,node49,node7,319,575135,575141.0,6.0,,,,7.424242424242424,,49,,5.0,0,7.424242424242424,242,42,50,49
msg_498,node49,node8,319,575135,575141.0,6.0,,,,7.419463087248322,,49,,5.3,0,7.419463087248322,241,41,50,49
msg_499,node49,node9,319,575135,575141.0,6.0,,,,7.414715719063545,,49,,5.4,0,7.414715719063545,240,40,50,49
msg_500,node49,node10,320,575135,575139.0,4.0,,,,7.4523809523809526,,49,,3.2,0,7.4523809523809526,245,45,50,49
msg_501,node49,node11,320,575135,,,,,,7.758620689655173,,49,,,0,7.758620689655173,760,20,50,49
msg_502,node49,node12,320,575135,,,,,,7.758620689655173,,49,,,0,7.758620689655173,760,20,50,49
msg_503,node49,node13,320,575135,575142.0,7.0,,,,7.41,,49,,6.3,0,7.41,239,39,50,49
msg_504,node49,node14,320,575135,575140.0,5.0,,,,7.440677966101695,,49,,4.2,0,7.440677966101695,244,44,50,49
msg_505,node49,node15,320,575135,575143.0,8.0,,,,7.408637873754153,,49,,6.9,0,7.408637873754153,238,38,50,49
msg_506,node49,node16,320,575135,,,,,,7.758620689655173,,49,,,0,7.758620689655173,760,20,50,49
msg_507,node49,node17,320,575135,575143.0,8.0,,,,7.408637873754153,,49,,7.4,0,7.408637873754153,238,38,50,49
msg_508,node49,node18,320,575135,,,,,,7.758620689655173,,49,,,0,7.758620689655173,760,20,50,49
msg_509,node49,node19,320,575135,,,,,,7.758620689655173,,49,,,0,7.758620689655173,760,20,50,49
msg_510,node49,node20,320,575135,575143.0,8.0,,,,7.411184210526316,,49,,7.9,0,7.411184210526316,235,35,50,49
msg_511,node49,node21,320,575135,575142.0,7.0,,,,7.408637873754153,,49,,6.3,0,7.408637873754153,238,38,50,49
msg_512,node49,node22,320,575135,,,,,,7.758620689655173,,49,,,0,7.758620689655173,760,20,50,49
msg_513,node49,node23,320,575135,,,,,,7.758620689655173,,49,,,0,7.758620689655173,760,20,50,49
msg_514,node49,node24,320,575135,575144.0,9.0,,,,7.413114754098361,,49,,8.8,0,7.413114754098361,234,34,50,49
msg_515,node49,node25,320,575135,575144.0,9.0,,,,7.4183006535947715,,49,,8.8,0,7.4183006535947715,233,33,50,49
msg_516,node49,node26,320,575135,,,,,,7.758620689655173,,49,,,0,7.758620689655173,760,20,50,49
msg_517,node49,node27,320,575135,575144.0,9.0,,,,7.423452768729642,,49,,9.1,0,7.423452768729642,232,32,50,49
msg_518,node49,node28,320,575135,,,,,,7.758620689655173,,49,,,0,7.758620689655173,760,20,50,49
msg_519,node49,node29,320,575135,,,,,,7.758620689655173,,49,,,0,7.758620689655173,760,20,50,49
msg_520,node49,node30,320,575135,,,,,,7.758620689655173,,49,,,0,7.758620689655173,760,20,50,49
msg_521,node49,node31,320,575135,575144.0,9.0,,,,7.428571428571429,,49,,7.8,0,7.428571428571429,231,31,50,49
msg_522,node49,node32,320,575135,575145.0,10.0,,,,7.433656957928803,,49,,8.4,0,7.433656957928803,230,30,50,49
msg_523,node49,node33,320,575135,575146.0,11.0,,,,7.441935483870968,,49,,10.2,0,7.441935483870968,229,29,50,49
msg_524,node49,node34,320,575135,,,,,,7.758620689655173,,49,,,0,7.758620689655173,760,20,50,49
msg_525,node49,node35,320,575135,575146.0,11.0,,,,7.453376205787781,,49,,10.2,0,7.453376205787781,228,28,50,49
msg_526,node49,node36,320,575135,575146.0,11.0,,,,7.464743589743589,,49,,10.4,0,7.464743589743589,227,27,50,49
msg_527,node49,node37,320,575135,575147.0,12.0,,,,7.476038338658147,,49,,11.0,0,7.476038338658147,226,26,50,49
msg_528,node49,node38,320,575135,,,,,,7.758620689655173,,49,,,0,7.758620689655173,760,20,50,49
msg_529,node49,node39,320,575135,,,,,,7.758620689655173,,49,,,0,7.758620689655173,760,20,50,49
msg_530,node49,node40,320,575135,575147.0,12.0,,,,7.490445859872612,,49,,11.3,0,7.490445859872612,225,25,50,49
msg_531,node49,node41,320,575135,575148.0,13.0,,,,7.504761904761905,,49,,11.5,0,7.504761904761905,224,24,50,49
msg_532,node49,node42,320,575135,,,,,,7.758620689655173,,49,,,0,7.758620689655173,760,20,50,49
msg_533,node49,node43,320,575135,,,,,,7.758620689655173,,49,,,0,7.758620689655173,760,20,50,49
msg_534,node49,node44,320,575135,575148.0,13.0,,,,7.522151898734177,,49,,11.7,0,7.522151898734177,223,23,50,49
msg_535,node49,node45,320,575135,575148.0,13.0,,,,7.539432176656152,,49,,12.3,0,7.539432176656152,222,22,50,49
msg_536,node49,node46,320,575135,575148.0,13.0,,,,7.556603773584905,,49,,12.4,0,7.556603773584905,221,21,50,49
msg_537,node49,node47,320,575135,,,,,,7.758620689655173,,49,,,0,7.758620689655173,760,20,50,49
msg_538,node49,node48,320,575135,,,,,,7.758620689655173,,49,,,0,7.758620689655173,760,20,50,49
msg_539,node49,node0,319,609154,609157.0,3.0,,,,7.5736677115987465,,49,,2.3636363636363638,0,7.5736677115987465,269,49,50,49
msg_540,node49,node1,319,609154,609157.0,3.0,,,,7.559375,,49,,2.4545454545454546,0,7.559375,268,48,50,49
msg_541,node49,node2,319,609154,609158.0,4.0,,,,7.545171339563863,,49,,3.3636363636363638,0,7.545171339563863,267,47,50,49
msg_542,node49,node3,319,609154,609158.0,4.0,,,,7.53416149068323,,49,,3.3636363636363638,0,7.53416149068323,266,46,50,49
msg_543,node49,node4,319,609154,,,,,,7.758620689655173,,49,,,0,7.758620689655173,760,20,50,49
msg_544,node49,node5,319,609154,,,,,,7.758620689655173,,49,,,0,7.758620689655173,760,20,50,49
msg_545,node49,node6,319,609154,609158.0,4.0,,,,7.523219814241486,,49,,4.636363636363637,0,7.523219814241486,265,45,50,49
msg_546,node49,node7,319,609154,609159.0,5.0,,,,7.512345679012346,,49,,5.090909090909091,0,7.512345679012346,264,44,50,49
msg_547,node49,node8,319,609154,609159.0,5.0,,,,7.504615384615384,,49,,5.363636363636363,0,7.504615384615384,263,43,50,49
msg_548,node49,node9,319,609154,609160.0,6.0,,,,7.4817073170731705,,49,,5.454545454545454,0,7.4817073170731705,260,40,50,49
msg_549,node49,node10,320,609154,609159.0,5.0,,,,7.4969325153374236,,49,,3.272727272727273,0,7.4969325153374236,262,42,50,49
msg_550,node49,node11,320,609154,,,,,,7.758620689655173,,49,,,0,7.758620689655173,760,20,50,49
msg_551,node49,node12,320,609154,,,,,,7.758620689655173,,49,,,0,7.758620689655173,760,20,50,49
msg_552,node49,node13,320,609154,609161.0,7.0,,,,7.477203647416413,,49,,6.363636363636363,0,7.477203647416413,259,39,50,49
msg_553,node49,node14,320,609154,609159.0,5.0,,,,7.489296636085627,,49,,4.2727272727272725,0,7.489296636085627,261,41,50,49
msg_554,node49,node15,320,609154,609161.0,7.0,,,,7.474320241691843,,49,,7.0,0,7.474320241691843,257,37,50,49
msg_555,node49,node16,320,609154,,,,,,7.758620689655173,,49,,,0,7.758620689655173,760,20,50,49
msg_556,node49,node17,320,609154,609161.0,7.0,,,,7.47289156626506,,49,,7.454545454545454,0,7.47289156626506,256,36,50,49
msg_557,node49,node18,320,609154,,,,,,7.758620689655173,,49,,,0,7.758620689655173,760,20,50,49
msg_558,node49,node19,320,609154,,,,,,7.758620689655173,,49,,,0,7.758620689655173,760,20,50,49
msg_559,node49,node20,320,609154,609162.0,8.0,,,,7.471471471471472,,49,,7.909090909090909,0,7.471471471471472,255,35,50,49
msg_560,node49,node21,320,609154,609161.0,7.0,,,,7.475757575757576,,49,,6.363636363636363,0,7.475757575757576,258,38,50,49
msg_561,node49,node22,320,609154,,,,,,7.758620689655173,,49,,,0,7.758620689655173,760,20,50,49
msg_562,node49,node23,320,609154,,,,,,7.758620689655173,,49,,,0,7.758620689655173,760,20,50,49
msg_563,node49,node24,320,609154,609162.0,8.0,,,,7.473053892215569,,49,,8.818181818181818,0,7.473053892215569,254,34,50,49
msg_564,node49,node25,320,609154,609164.0,10.0,,,,7.483679525222552,,49,,8.818181818181818,0,7.483679525222552,251,31,50,49
msg_565,node49,node26,320,609154,,,,,,7.758620689655173,,49,,,0,7.758620689655173,760,20,50,49
msg_566,node49,node27,320,609154,609164.0,10.0,,,,7.491124260355029,,49,,9.090909090909092,0,7.491124260355029,250,30,50,49
msg_567,node49,node28,320,609154,,,,,,7.758620689655173,,49,,,0,7.758620689655173,760,20,50,49
msg_568,node49,node29,320,609154,,,,,,7.758620689655173,,49,,,0,7.758620689655173,760,20,50,49
msg_569,node49,node30,320,609154,,,,,,7.758620689655173,,49,,,0,7.758620689655173,760,20,50,49
msg_570,node49,node31,320,609154,609163.0,9.0,,,,7.474626865671642,,49,,7.909090909090909,0,7.474626865671642,253,33,50,49
msg_571,node49,node32,320,609154,609163.0,9.0,,,,7.479166666666667,,49,,8.545454545454545,0,7.479166666666667,252,32,50,49
msg_572,node49,node33,320,609154,609165.0,11.0,,,,7.498525073746313,,49,,10.272727272727273,0,7.498525073746313,249,29,50,49
msg_573,node49,node34,320,609154,,,,,,7.758620689655173,,49,,,0,7.758620689655173,760,20,50,49
msg_574,node49,node35,320,609154,609165.0,11.0,,,,7.508823529411765,,49,,10.272727272727273,0,7.508823529411765,248,28,50,49
msg_575,node49,node36,320,609154,609165.0,11.0,,,,7.519061583577713,,49,,10.454545454545455,0,7.519061583577713,247,27,50,49
msg_576,node49,node37,320,609154,609165.0,11.0,,,,7.529239766081871,,49,,11.090909090909092,0,7.529239766081871,246,26,50,49
msg_577,node49,node38,320,609154,,,,,,7.758620689655173,,49,,,0,7.758620689655173,760,20,50,49
msg_578,node49,node39,320,609154,,,,,,7.758620689655173,,49,,,0,7.758620689655173,760,20,50,49
msg_579,node49,node40,320,609154,609166.0,12.0,,,,7.539358600583091,,49,,11.363636363636363,0,7.539358600583091,245,25,50,49
msg_580,node49,node41,320,609154,609166.0,12.0,,,,7.539358600583091,,49,,11.636363636363637,0,7.539358600583091,245,25,50,49
msg_581,node49,node42,320,609154,,,,,,7.758620689655173,,49,,,0,7.758620689655173,760,20,50,49
msg_582,node49,node43,320,609154,,,,,,7.758620689655173,,49,,,0,7.758620689655173,760,20,50,49
msg_583,node49,node44,320,609154,609166.0,12.0,,,,7.539358600583091,,49,,11.818181818181818,0,7.539358600583091,245,25,50,49
msg_584,node49,node45,320,609154,609167.0,13.0,,,,7.539358600583091,,49,,12.363636363636363,0,7.539358600583091,245,25,50,49
msg_585,node49,node46,320,609154,609167.0,13.0,,,,7.593659942363113,,49,,12.454545454545455,0,7.593659942363113,241,21,50,49
msg_586,node49,node47,320,609154,,,,,,7.758620689655173,,49,,,0,7.758620689655173,760,20,50,49
msg_587,node49,node48,320,609154,,,,,,7.758620689655173,,49,,,0,7.758620689655173,760,20,50,49
msg_588,node49,node0,319,695354,695357.0,3.0,,,,7.609195402298851,,49,,2.4166666666666665,0,7.609195402298851,289,49,50,49
msg_589,node49,node1,319,695354,695357.0,3.0,,,,7.595988538681948,,49,,2.5,0,7.595988538681948,288,48,50,49
msg_590,node49,node2,319,695354,695358.0,4.0,,,,7.582857142857143,,49,,3.4166666666666665,0,7.582857142857143,287,47,50,49
msg_591,node49,node3,319,695354,695358.0,4.0,,,,7.572649572649572,,49,,3.4166666666666665,0,7.572649572649572,286,46,50,49
msg_592,node49,node4,319,695354,,,,,,7.758620689655173,,49,,,0,7.758620689655173,760,20,50,49
msg_593,node49,node5,319,695354,,,,,,7.758620689655173,,49,,,0,7.758620689655173,760,20,50,49
msg_594,node49,node6,319,695354,695359.0,5.0,,,,7.545197740112994,,49,,4.583333333333333,0,7.545197740112994,283,43,50,49
msg_595,node49,node7,319,695354,695360.0,6.0,,,,7.538028169014084,,49,,5.083333333333333,0,7.538028169014084,282,42,50,49
msg_596,node49,node8,319,695354,695360.0,6.0,,,,7.533707865168539,,49,,5.333333333333333,0,7.533707865168539,281,41,50,49
msg_597,node49,node9,319,695354,695360.0,6.0,,,,7.529411764705882,,49,,5.5,0,7.529411764705882,280,40,50,49
msg_598,node49,node10,320,695354,695358.0,4.0,,,,7.5625,,49,,3.4166666666666665,0,7.5625,285,45,50,49
msg_599,node49,node11,320,695354,,,,,,7.758620689655173,,49,,,0,7.758620689655173,760,20,50,49
msg_600,node49,node12,320,695354,,,,,,7.758620689655173,,49,,,0,7.758620689655173,760,20,50,49
msg_601,node49,node13,320,695354,695361.0,7.0,,,,7.5251396648044695,,49,,6.416666666666667,0,7.5251396648044695,279,39,50,49
msg_602,node49,node14,320,695354,695359.0,5.0,,,,7.552407932011332,,49,,4.333333333333333,0,7.552407932011332,284,44,50,49
msg_603,node49,node15,320,695354,695362.0,8.0,,,,7.522222222222222,,49,,7.0,0,7.522222222222222,277,37,50,49
msg_604,node49,node16,320,695354,,,,,,7.758620689655173,,49,,,0,7.758620689655173,760,20,50,49
msg_605,node49,node17,320,695354,695362.0,8.0,,,,7.523545706371191,,49,,7.416666666666667,0,7.523545706371191,276,36,50,49
msg_606,node49,node18,320,695354,,,,,,7.758620689655173,,49,,,0,7.758620689655173,760,20,50,49
msg_607,node49,node19,320,695354,,,,,,7.758620689655173,,49,,,0,7.758620689655173,760,20,50,49
msg_608,node49,node20,320,695354,695362.0,8.0,,,,7.524861878453039,,49,,7.916666666666667,0,7.524861878453039,275,35,50,49
msg_609,node49,node21,320,695354,695361.0,7.0,,,,7.523676880222841,,49,,6.416666666666667,0,7.523676880222841,278,38,50,49
msg_610,node49,node22,320,695354,,,,,,7.758620689655173,,49,,,0,7.758620689655173,760,20,50,49
msg_611,node49,node23,320,695354,,,,,,7.758620689655173,,49,,,0,7.758620689655173,760,20,50,49
msg_612,node49,node24,320,695354,695363.0,9.0,,,,7.526170798898072,,49,,8.75,0,7.526170798898072,274,34,50,49
msg_613,node49,node25,320,695354,695363.0,9.0,,,,7.53021978021978,,49,,8.916666666666666,0,7.53021978021978,273,33,50,49
msg_614,node49,node26,320,695354,,,,,,7.758620689655173,,49,,,0,7.758620689655173,760,20,50,49
msg_615,node49,node27,320,695354,695363.0,9.0,,,,7.534246575342466,,49,,9.166666666666666,0,7.534246575342466,272,32,50,49
msg_616,node49,node28,320,695354,,,,,,7.758620689655173,,49,,,0,7.758620689655173,760,20,50,49
msg_617,node49,node29,320,695354,,,,,,7.758620689655173,,49,,,0,7.758620689655173,760,20,50,49
msg_618,node49,node30,320,695354,,,,,,7.758620689655173,,49,,,0,7.758620689655173,760,20,50,49
msg_619,node49,node31,320,695354,695363.0,9.0,,,,7.538251366120218,,49,,8.0,0,7.538251366120218,271,31,50,49
msg_620,node49,node32,320,695354,695364.0,10.0,,,,7.5422343324250685,,49,,8.583333333333334,0,7.5422343324250685,270,30,50,49
msg_621,node49,node33,320,695354,695365.0,11.0,,,,7.548913043478261,,49,,10.333333333333334,0,7.548913043478261,269,29,50,49
msg_622,node49,node34,320,695354,,,,,,7.758620689655173,,49,,,0,7.758620689655173,760,20,50,49
msg_623,node49,node35,320,695354,695365.0,11.0,,,,7.558265582655826,,49,,10.333333333333334,0,7.558265582655826,268,28,50,49
msg_624,node49,node36,320,695354,695365.0,11.0,,,,7.5675675675675675,,49,,10.5,0,7.5675675675675675,267,27,50,49
msg_625,node49,node37,320,695354,695366.0,12.0,,,,7.576819407008086,,49,,11.083333333333334,0,7.576819407008086,266,26,50,49
msg_626,node49,node38,320,695354,,,,,,7.758620689655173,,49,,,0,7.758620689655173,760,20,50,49
msg_627,node49,node39,320,695354,,,,,,7.758620689655173,,49,,,0,7.758620689655173,760,20,50,49
msg_628,node49,node40,320,695354,695366.0,12.0,,,,7.588709677419355,,49,,11.416666666666666,0,7.588709677419355,265,25,50,49
msg_629,node49,node41,320,695354,695367.0,13.0,,,,7.600536193029491,,49,,11.666666666666666,0,7.600536193029491,264,24,50,49
msg_630,node49,node42,320,695354,,,,,,7.758620689655173,,49,,,0,7.758620689655173,760,20,50,49
msg_631,node49,node43,320,695354,,,,,,7.758620689655173,,49,,,0,7.758620689655173,760,20,50,49
msg_632,node49,node44,320,695354,695367.0,13.0,,,,7.614973262032086,,49,,11.833333333333334,0,7.614973262032086,263,23,50,49
msg_633,node49,node45,320,695354,695367.0,13.0,,,,7.629333333333333,,49,,12.416666666666666,0,7.629333333333333,262,22,50,49
msg_634,node49,node46,320,695354,695367.0,13.0,,,,7.6436170212765955,,49,,12.5,0,7.6436170212765955,261,21,50,49
msg_635,node49,node47,320,695354,,,,,,7.758620689655173,,49,,,0,7.758620689655173,760,20,50,49
msg_636,node49,node48,320,695354,,,,,,7.758620689655173,,49,,,0,7.758620689655173,760,20,50,49
msg_637,node49,node0,319,695482,695484.0,2.0,,,,7.657824933687003,,49,,2.4615384615384617,0,7.657824933687003,309,49,50,49
msg_638,node49,node1,319,695482,695484.0,2.0,,,,7.642857142857143,,49,,2.5384615384615383,0,7.642857142857143,308,48,50,49
msg_639,node49,node2,319,695482,695485.0,3.0,,,,7.627968337730871,,49,,3.4615384615384617,0,7.627968337730871,307,47,50,49
msg_640,node49,node3,319,695482,695485.0,3.0,,,,7.61578947368421,,49,,3.4615384615384617,0,7.61578947368421,306,46,50,49
msg_641,node49,node4,319,695482,,,,,,7.758620689655173,,49,,,0,7.758620689655173,760,20,50,49
msg_642,node49,node5,319,695482,,,,,,7.758620689655173,,49,,,0,7.758620689655173,760,20,50,49
msg_643,node49,node6,319,695482,695486.0,4.0,,,,7.582245430809399,,49,,4.615384615384615,0,7.582245430809399,303,43,50,49
msg_644,node49,node7,319,695482,695487.0,5.0,,,,7.572916666666667,,49,,5.153846153846154,0,7.572916666666667,302,42,50,49
msg_645,node49,node8,319,695482,695487.0,5.0,,,,7.566233766233767,,49,,5.384615384615385,0,7.566233766233767,301,41,50,49
msg_646,node49,node9,319,695482,695487.0,5.0,,,,7.5595854922279795,,49,,5.538461538461538,0,7.5595854922279795,300,40,50,49
msg_647,node49,node10,320,695482,695485.0,3.0,,,,7.603674540682415,,49,,3.4615384615384617,0,7.603674540682415,305,45,50,49
msg_648,node49,node11,320,695482,,,,,,7.758620689655173,,49,,,0,7.758620689655173,760,20,50,49
msg_649,node49,node12,320,695482,,,,,,7.758620689655173,,49,,,0,7.758620689655173,760,20,50,49
msg_650,node49,node13,320,695482,695488.0,6.0,,,,7.552971576227391,,49,,6.461538461538462,0,7.552971576227391,299,39,50,49
msg_651,node49,node14,320,695482,695486.0,4.0,,,,7.591623036649215,,49,,4.384615384615385,0,7.591623036649215,304,44,50,49
msg_652,node49,node15,320,695482,695489.0,7.0,,,,7.544987146529563,,49,,7.076923076923077,0,7.544987146529563,297,37,50,49
msg_653,node49,node16,320,695482,,,,,,7.758620689655173,,49,,,0,7.758620689655173,760,20,50,49
msg_654,node49,node17,320,695482,695489.0,7.0,,,,7.543589743589743,,49,,7.461538461538462,0,7.543589743589743,296,36,50,49
msg_655,node49,node18,320,695482,,,,,,7.758620689655173,,49,,,0,7.758620689655173,760,20,50,49
msg_656,node49,node19,320,695482,,,,,,7.758620689655173,,49,,,0,7.758620689655173,760,20,50,49
msg_657,node49,node20,320,695482,695489.0,7.0,,,,7.542199488491049,,49,,7.923076923076923,0,7.542199488491049,295,35,50,49
msg_658,node49,node21,320,695482,695488.0,6.0,,,,7.548969072164948,,49,,6.461538461538462,0,7.548969072164948,298,38,50,49
msg_659,node49,node22,320,695482,,,,,,7.758620689655173,,49,,,0,7.758620689655173,760,20,50,49
msg_660,node49,node23,320,695482,,,,,,7.758620689655173,,49,,,0,7.758620689655173,760,20,50,49
msg_661,node49,node24,320,695482,695490.0,8.0,,,,7.540816326530612,,49,,8.76923076923077,0,7.540816326530612,294,34,50,49
msg_662,node49,node25,320,695482,695490.0,8.0,,,,7.541984732824427,,49,,8.923076923076923,0,7.541984732824427,293,33,50,49
msg_663,node49,node26,320,695482,,,,,,7.758620689655173,,49,,,0,7.758620689655173,760,20,50,49
msg_664,node49,node27,320,695482,695490.0,8.0,,,,7.543147208121828,,49,,9.153846153846153,0,7.543147208121828,292,32,50,49
msg_665,node49,node28,320,695482,,,,,,7.758620689655173,,49,,,0,7.758620689655173,760,20,50,49
msg_666,node49,node29,320,695482,,,,,,7.758620689655173,,49,,,0,7.758620689655173,760,20,50,49
msg_667,node49,node30,320,695482,,,,,,7.758620689655173,,49,,,0,7.758620689655173,760,20,50,49
msg_668,node49,node31,320,695482,695491.0,9.0,,,,7.544303797468355,,49,,8.076923076923077,0,7.544303797468355,291,31,50,49
msg_669,node49,node32,320,695482,695491.0,9.0,,,,7.547979797979798,,49,,8.692307692307692,0,7.547979797979798,290,30,50,49
msg_670,node49,node33,320,695482,695492.0,10.0,,,,7.551637279596977,,49,,10.384615384615385,0,7.551637279596977,289,29,50,49
msg_671,node49,node34,320,695482,,,,,,7.758620689655173,,49,,,0,7.758620689655173,760,20,50,49
msg_672,node49,node35,320,695482,695492.0,10.0,,,,7.557788944723618,,49,,10.384615384615385,0,7.557788944723618,288,28,50,49
msg_673,node49,node36,320,695482,695493.0,11.0,,,,7.56390977443609,,49,,10.538461538461538,0,7.56390977443609,287,27,50,49
msg_674,node49,node37,320,695482,695493.0,11.0,,,,7.5725,,49,,11.153846153846153,0,7.5725,286,26,50,49
msg_675,node49,node38,320,695482,,,,,,7.758620689655173,,49,,,0,7.758620689655173,760,20,50,49
msg_676,node49,node39,320,695482,,,,,,7.758620689655173,,49,,,0,7.758620689655173,760,20,50,49
msg_677,node49,node40,320,695482,695493.0,11.0,,,,7.581047381546135,,49,,11.461538461538462,0,7.581047381546135,285,25,50,49
msg_678,node49,node41,320,695482,695493.0,11.0,,,,7.58955223880597,,49,,11.76923076923077,0,7.58955223880597,284,24,50,49
msg_679,node49,node42,320,695482,,,,,,7.758620689655173,,49,,,0,7.758620689655173,760,20,50,49
msg_680,node49,node43,320,695482,,,,,,7.758620689655173,,49,,,0,7.758620689655173,760,20,50,49
msg_681,node49,node44,320,695482,695494.0,12.0,,,,7.598014888337469,,49,,11.923076923076923,0,7.598014888337469,283,23,50,49
msg_682,node49,node45,320,695482,695494.0,12.0,,,,7.608910891089109,,49,,12.461538461538462,0,7.608910891089109,282,22,50,49
msg_683,node49,node46,320,695482,695494.0,12.0,,,,7.619753086419753,,49,,12.538461538461538,0,7.619753086419753,281,21,50,49
msg_684,node49,node47,320,695482,,,,,,7.758620689655173,,49,,,0,7.758620689655173,760,20,50,49
msg_685,node49,node48,320,695482,,,,,,7.758620689655173,,49,,,0,7.758620689655173,760,20,50,49
msg_686,node49,node0,319,730851,730853.0,2.0,,,,7.630541871921182,,49,,2.4285714285714284,0,7.630541871921182,329,49,50,49
msg_687,node49,node1,319,730851,730853.0,2.0,,,,7.616707616707616,,49,,2.5,0,7.616707616707616,328,48,50,49
msg_688,node49,node2,319,730851,730854.0,3.0,,,,7.602941176470588,,49,,3.4285714285714284,0,7.602941176470588,327,47,50,49
msg_689,node49,node3,319,730851,730854.0,3.0,,,,7.591687041564792,,49,,3.4285714285714284,0,7.591687041564792,326,46,50,49
msg_690,node49,node4,319,730851,,,,,,7.758620689655173,,49,,,0,7.758620689655173,760,20,50,49
msg_691,node49,node5,319,730851,,,,,,7.758620689655173,,49,,,0,7.758620689655173,760,20,50,49
msg_692,node49,node6,319,730851,730855.0,4.0,,,,7.569343065693431,,49,,4.571428571428571,0,7.569343065693431,324,44,50,49
msg_693,node49,node7,319,730851,730855.0,4.0,,,,7.560679611650485,,49,,5.142857142857143,0,7.560679611650485,323,43,50,49
msg_694,node49,node8,319,730851,730856.0,5.0,,,,7.552058111380146,,49,,5.357142857142857,0,7.552058111380146,322,42,50,49
msg_695,node49,node9,319,730851,730856.0,5.0,,,,7.539759036144578,,49,,5.5,0,7.539759036144578,320,40,50,49
msg_696,node49,node10,320,730851,730854.0,3.0,,,,7.580487804878048,,49,,3.4285714285714284,0,7.580487804878048,325,45,50,49
msg_697,node49,node11,320,730851,,,,,,7.758620689655173,,49,,,0,7.758620689655173,760,20,50,49
msg_698,node49,node12,320,730851,,,,,,7.758620689655173,,49,,,0,7.758620689655173,760,20,50,49
msg_699,node49,node13,320,730851,730857.0,6.0,,,,7.5299760191846525,,49,,6.428571428571429,0,7.5299760191846525,318,38,50,49
msg_700,node49,node14,320,730851,730856.0,5.0,,,,7.545893719806763,,49,,4.357142857142857,0,7.545893719806763,321,41,50,49
msg_701,node49,node15,320,730851,730858.0,7.0,,,,7.526315789473684,,49,,7.071428571428571,0,7.526315789473684,317,37,50,49
msg_702,node49,node16,320,730851,,,,,,7.758620689655173,,49,,,0,7.758620689655173,760,20,50,49
msg_703,node49,node17,320,730851,730858.0,7.0,,,,7.5250596658711215,,49,,7.428571428571429,0,7.5250596658711215,316,36,50,49
msg_704,node49,node18,320,730851,,,,,,7.758620689655173,,49,,,0,7.758620689655173,760,20,50,49
msg_705,node49,node19,320,730851,,,,,,7.758620689655173,,49,,,0,7.758620689655173,760,20,50,49
msg_706,node49,node20,320,730851,730858.0,7.0,,,,7.523809523809524,,49,,7.857142857142857,0,7.523809523809524,315,35,50,49
msg_707,node49,node21,320,730851,730857.0,6.0,,,,7.533653846153846,,49,,6.428571428571429,0,7.533653846153846,319,39,50,49
msg_708,node49,node22,320,730851,,,,,,7.758620689655173,,49,,,0,7.758620689655173,760,20,50,49
msg_709,node49,node23,320,730851,,,,,,7.758620689655173,,49,,,0,7.758620689655173,760,20,50,49
msg_710,node49,node24,320,730851,730860.0,9.0,,,,7.524822695035461,,49,,8.714285714285714,0,7.524822695035461,312,32,50,49
msg_711,node49,node25,320,730851,730860.0,9.0,,,,7.528301886792453,,49,,8.857142857142858,0,7.528301886792453,311,31,50,49
msg_712,node49,node26,320,730851,,,,,,7.758620689655173,,49,,,0,7.758620689655173,760,20,50,49
msg_713,node49,node27,320,730851,730861.0,10.0,,,,7.531764705882353,,49,,9.071428571428571,0,7.531764705882353,310,30,50,49
msg_714,node49,node28,320,730851,,,,,,7.758620689655173,,49,,,0,7.758620689655173,760,20,50,49
msg_715,node49,node29,320,730851,,,,,,7.758620689655173,,49,,,0,7.758620689655173,760,20,50,49
msg_716,node49,node30,320,730851,,,,,,7.758620689655173,,49,,,0,7.758620689655173,760,20,50,49
msg_717,node49,node31,320,730851,730859.0,8.0,,,,7.522565320665083,,49,,8.142857142857142,0,7.522565320665083,314,34,50,49
msg_718,node49,node32,320,730851,730859.0,8.0,,,,7.523696682464455,,49,,8.714285714285714,0,7.523696682464455,313,33,50,49
msg_719,node49,node33,320,730851,730861.0,10.0,,,,7.537558685446009,,49,,10.357142857142858,0,7.537558685446009,309,29,50,49
msg_720,node49,node34,320,730851,,,,,,7.758620689655173,,49,,,0,7.758620689655173,760,20,50,49
msg_721,node49,node35,320,730851,730861.0,10.0,,,,7.543325526932084,,49,,10.357142857142858,0,7.543325526932084,308,28,50,49
msg_722,node49,node36,320,730851,730862.0,11.0,,,,7.549065420560748,,49,,10.571428571428571,0,7.549065420560748,307,27,50,49
msg_723,node49,node37,320,730851,730862.0,11.0,,,,7.557109557109557,,49,,11.142857142857142,0,7.557109557109557,306,26,50,49
msg_724,node49,node38,320,730851,,,,,,7.758620689655173,,49,,,0,7.758620689655173,760,20,50,49
msg_725,node49,node39,320,730851,,,,,,7.758620689655173,,49,,,0,7.758620689655173,760,20,50,49
msg_726,node49,node40,320,730851,730862.0,11.0,,,,7.565116279069767,,49,,11.428571428571429,0,7.565116279069767,305,25,50,49
msg_727,node49,node41,320,730851,730863.0,12.0,,,,7.573085846867749,,49,,11.714285714285714,0,7.573085846867749,304,24,50,49
msg_728,node49,node42,320,730851,,,,,,7.758620689655173,,49,,,0,7.758620689655173,760,20,50,49
msg_729,node49,node43,320,730851,,,,,,7.758620689655173,,49,,,0,7.758620689655173,760,20,50,49
msg_730,node49,node44,320,730851,730863.0,12.0,,,,7.583333333333333,,49,,11.928571428571429,0,7.583333333333333,303,23,50,49
msg_731,node49,node45,320,730851,730863.0,12.0,,,,7.593533487297922,,49,,12.428571428571429,0,7.593533487297922,302,22,50,49
msg_732,node49,node46,320,730851,730863.0,12.0,,,,7.6036866359447,,49,,12.5,0,7.6036866359447,301,21,50,49
msg_733,node49,node47,320,730851,,,,,,7.758620689655173,,49,,,0,7.758620689655173,760,20,50,49
msg_734,node49,node48,320,730851,,,,,,7.758620689655173,,49,,,0,7.758620689655173,760,20,50,49
msg_735,node49,node0,319,807560,807562.0,2.0,,,,7.613793103448276,,49,,2.4,0,7.613793103448276,349,49,50,49
msg_736,node49,node1,319,807560,807562.0,2.0,,,,7.60091743119266,,49,,2.466666666666667,0,7.60091743119266,348,48,50,49
msg_737,node49,node2,319,807560,807563.0,3.0,,,,7.588100686498856,,49,,3.4,0,7.588100686498856,347,47,50,49
msg_738,node49,node3,319,807560,807563.0,3.0,,,,7.577625570776256,,49,,3.4,0,7.577625570776256,346,46,50,49
msg_739,node49,node4,319,807560,,,,,,7.758620689655173,,49,,,0,7.758620689655173,760,20,50,49
msg_740,node49,node5,319,807560,,,,,,7.758620689655173,,49,,,0,7.758620689655173,760,20,50,49
msg_741,node49,node6,319,807560,807564.0,4.0,,,,7.567198177676538,,49,,4.533333333333333,0,7.567198177676538,345,45,50,49
msg_742,node49,node7,319,807560,807564.0,4.0,,,,7.5590909090909095,,49,,5.066666666666666,0,7.5590909090909095,344,44,50,49
msg_743,node49,node8,319,807560,807565.0,5.0,,,,7.551020408163265,,49,,5.333333333333333,0,7.551020408163265,343,43,50,49
msg_744,node49,node9,319,807560,807565.0,5.0,,,,7.539503386004514,,49,,5.466666666666667,0,7.539503386004514,341,41,50,49
msg_745,node49,node10,320,807560,807565.0,5.0,,,,7.54524886877828,,49,,3.4,0,7.54524886877828,342,42,50,49
msg_746,node49,node11,320,807560,,,,,,7.758620689655173,,49,,,0,7.758620689655173,760,20,50,49
msg_747,node49,node12,320,807560,,,,,,7.758620689655173,,49,,,0,7.758620689655173,760,20,50,49
msg_748,node49,node13,320,807560,807566.0,6.0,,,,7.52808988764045,,49,,6.4,0,7.52808988764045,339,39,50,49
msg_749,node49,node14,320,807560,807565.0,5.0,,,,7.533783783783784,,49,,4.4,0,7.533783783783784,340,40,50,49
msg_750,node49,node15,320,807560,807567.0,7.0,,,,7.524663677130045,,49,,7.066666666666666,0,7.524663677130045,338,38,50,49
msg_751,node49,node16,320,807560,,,,,,7.758620689655173,,49,,,0,7.758620689655173,760,20,50,49
msg_752,node49,node17,320,807560,807567.0,7.0,,,,7.522321428571429,,49,,7.4,0,7.522321428571429,336,36,50,49
msg_753,node49,node18,320,807560,,,,,,7.758620689655173,,49,,,0,7.758620689655173,760,20,50,49
msg_754,node49,node19,320,807560,,,,,,7.758620689655173,,49,,,0,7.758620689655173,760,20,50,49
msg_755,node49,node20,320,807560,807568.0,8.0,,,,7.521158129175946,,49,,7.8,0,7.521158129175946,335,35,50,49
msg_756,node49,node21,320,807560,807567.0,7.0,,,,7.523489932885906,,49,,6.4,0,7.523489932885906,337,37,50,49
msg_757,node49,node22,320,807560,,,,,,7.758620689655173,,49,,,0,7.758620689655173,760,20,50,49
msg_758,node49,node23,320,807560,,,,,,7.758620689655173,,49,,,0,7.758620689655173,760,20,50,49
msg_759,node49,node24,320,807560,807568.0,8.0,,,,7.522222222222222,,49,,8.733333333333333,0,7.522222222222222,334,34,50,49
msg_760,node49,node25,320,807560,807569.0,9.0,,,,7.523281596452328,,49,,8.866666666666667,0,7.523281596452328,333,33,50,49
msg_761,node49,node26,320,807560,,,,,,7.758620689655173,,49,,,0,7.758620689655173,760,20,50,49
msg_762,node49,node27,320,807560,807569.0,9.0,,,,7.529801324503311,,49,,9.133333333333333,0,7.529801324503311,331,31,50,49
msg_763,node49,node28,320,807560,,,,,,7.758620689655173,,49,,,0,7.758620689655173,760,20,50,49
msg_764,node49,node29,320,807560,,,,,,7.758620689655173,,49,,,0,7.758620689655173,760,20,50,49
msg_765,node49,node30,320,807560,,,,,,7.758620689655173,,49,,,0,7.758620689655173,760,20,50,49
msg_766,node49,node31,320,807560,807569.0,9.0,,,,7.5265486725663715,,49,,8.133333333333333,0,7.5265486725663715,332,32,50,49
msg_767,node49,node32,320,807560,807569.0,9.0,,,,7.533039647577093,,49,,8.666666666666666,0,7.533039647577093,330,30,50,49
msg_768,node49,node33,320,807560,807570.0,10.0,,,,7.536263736263736,,49,,10.333333333333334,0,7.536263736263736,329,29,50,49
msg_769,node49,node34,320,807560,,,,,,7.758620689655173,,49,,,0,7.758620689655173,760,20,50,49
msg_770,node49,node35,320,807560,807571.0,11.0,,,,7.541666666666667,,49,,10.333333333333334,0,7.541666666666667,328,28,50,49
msg_771,node49,node36,320,807560,807571.0,11.0,,,,7.549234135667396,,49,,10.6,0,7.549234135667396,327,27,50,49
msg_772,node49,node37,320,807560,807571.0,11.0,,,,7.556768558951965,,49,,11.133333333333333,0,7.556768558951965,326,26,50,49
msg_773,node49,node38,320,807560,,,,,,7.758620689655173,,49,,,0,7.758620689655173,760,20,50,49
msg_774,node49,node39,320,807560,,,,,,7.758620689655173,,49,,,0,7.758620689655173,760,20,50,49
msg_775,node49,node40,320,807560,807572.0,12.0,,,,7.564270152505447,,49,,11.4,0,7.564270152505447,325,25,50,49
msg_776,node49,node41,320,807560,807573.0,13.0,,,,7.573913043478261,,49,,11.733333333333333,0,7.573913043478261,324,24,50,49
msg_777,node49,node42,320,807560,,,,,,7.758620689655173,,49,,,0,7.758620689655173,760,20,50,49
msg_778,node49,node43,320,807560,,,,,,7.758620689655173,,49,,,0,7.758620689655173,760,20,50,49
msg_779,node49,node44,320,807560,807573.0,13.0,,,,7.585683297180044,,49,,11.933333333333334,0,7.585683297180044,323,23,50,49
msg_780,node49,node45,320,807560,807573.0,13.0,,,,7.597402597402597,,49,,12.4,0,7.597402597402597,322,22,50,49
msg_781,node49,node46,320,807560,807574.0,14.0,,,,7.609071274298056,,49,,12.466666666666667,0,7.609071274298056,321,21,50,49
msg_782,node49,node47,320,807560,,,,,,7.758620689655173,,49,,,0,7.758620689655173,760,20,50,49
msg_783,node49,node48,320,807560,,,,,,7.758620689655173,,49,,,0,7.758620689655173,760,20,50,49
msg_784,node49,node0,319,823144,823147.0,3.0,,,,7.622844827586207,,49,,2.375,0,7.622844827586207,369,49,50,49
msg_785,node49,node1,319,823144,823147.0,3.0,,,,7.612903225806452,,49,,2.4375,0,7.612903225806452,368,48,50,49
msg_786,node49,node2,319,823144,823148.0,4.0,,,,7.603004291845494,,49,,3.375,0,7.603004291845494,367,47,50,49
msg_787,node49,node3,319,823144,823148.0,4.0,,,,7.595289079229122,,49,,3.375,0,7.595289079229122,366,46,50,49
msg_788,node49,node4,319,823144,,,,,,7.758620689655173,,49,,,0,7.758620689655173,760,20,50,49
msg_789,node49,node5,319,823144,,,,,,7.758620689655173,,49,,,0,7.758620689655173,760,20,50,49
msg_790,node49,node6,319,823144,823150.0,6.0,,,,7.574468085106383,,49,,4.5,0,7.574468085106383,363,43,50,49
msg_791,node49,node7,319,823144,823150.0,6.0,,,,7.571125265392781,,49,,5.0,0,7.571125265392781,362,42,50,49
msg_792,node49,node8,319,823144,823150.0,6.0,,,,7.567796610169491,,49,,5.3125,0,7.567796610169491,361,41,50,49
msg_793,node49,node9,319,823144,823150.0,6.0,,,,7.564482029598309,,49,,5.4375,0,7.564482029598309,360,40,50,49
msg_794,node49,node10,320,823144,823148.0,4.0,,,,7.587606837606837,,49,,3.5,0,7.587606837606837,365,45,50,49
msg_795,node49,node11,320,823144,,,,,,7.758620689655173,,49,,,0,7.758620689655173,760,20,50,49
msg_796,node49,node12,320,823144,,,,,,7.758620689655173,,49,,,0,7.758620689655173,760,20,50,49
msg_797,node49,node13,320,823144,823151.0,7.0,,,,7.561181434599156,,49,,6.375,0,7.561181434599156,359,39,50,49
msg_798,node49,node14,320,823144,823149.0,5.0,,,,7.5799573560767595,,49,,4.4375,0,7.5799573560767595,364,44,50,49
msg_799,node49,node15,320,823144,823152.0,8.0,,,,7.5588235294117645,,49,,7.0625,0,7.5588235294117645,357,37,50,49
msg_800,node49,node16,320,823144,,,,,,7.758620689655173,,49,,,0,7.758620689655173,760,20,50,49
msg_801,node49,node17,320,823144,823152.0,8.0,,,,7.560669456066946,,49,,7.375,0,7.560669456066946,355,35,50,49
msg_802,node49,node18,320,823144,,,,,,7.758620689655173,,49,,,0,7.758620689655173,760,20,50,49
msg_803,node49,node19,320,823144,,,,,,7.758620689655173,,49,,,0,7.758620689655173,760,20,50,49
msg_804,node49,node20,320,823144,823153.0,9.0,,,,7.564583333333333,,49,,7.8125,0,7.564583333333333,353,33,50,49
msg_805,node49,node21,320,823144,823151.0,7.0,,,,7.56,,49,,6.4375,0,7.56,358,38,50,49
msg_806,node49,node22,320,823144,,,,,,7.758620689655173,,49,,,0,7.758620689655173,760,20,50,49
msg_807,node49,node23,320,823144,,,,,,7.758620689655173,,49,,,0,7.758620689655173,760,20,50,49
msg_808,node49,node24,320,823144,823154.0,10.0,,,,7.5675675675675675,,49,,8.6875,0,7.5675675675675675,352,32,50,49
msg_809,node49,node25,320,823144,823154.0,10.0,,,,7.572614107883817,,49,,8.875,0,7.572614107883817,351,31,50,49
msg_810,node49,node26,320,823144,,,,,,7.758620689655173,,49,,,0,7.758620689655173,760,20,50,49
msg_811,node49,node27,320,823144,823154.0,10.0,,,,7.577639751552795,,49,,9.125,0,7.577639751552795,350,30,50,49
msg_812,node49,node28,320,823144,,,,,,7.758620689655173,,49,,,0,7.758620689655173,760,20,50,49
msg_813,node49,node29,320,823144,,,,,,7.758620689655173,,49,,,0,7.758620689655173,760,20,50,49
msg_814,node49,node30,320,823144,,,,,,7.758620689655173,,49,,,0,7.758620689655173,760,20,50,49
msg_815,node49,node31,320,823144,823152.0,8.0,,,,7.559748427672956,,49,,8.1875,0,7.559748427672956,356,36,50,49
msg_816,node49,node32,320,823144,823153.0,9.0,,,,7.561586638830898,,49,,8.6875,0,7.561586638830898,354,34,50,49
msg_817,node49,node33,320,823144,823155.0,11.0,,,,7.582644628099174,,49,,10.3125,0,7.582644628099174,349,29,50,49
msg_818,node49,node34,320,823144,,,,,,7.758620689655173,,49,,,0,7.758620689655173,760,20,50,49
msg_819,node49,node35,320,823144,823155.0,11.0,,,,7.589690721649484,,49,,10.375,0,7.589690721649484,348,28,50,49
msg_820,node49,node36,320,823144,823156.0,12.0,,,,7.596707818930041,,49,,10.625,0,7.596707818930041,347,27,50,49
msg_821,node49,node37,320,823144,823156.0,12.0,,,,7.605749486652978,,49,,11.125,0,7.605749486652978,346,26,50,49
msg_822,node49,node38,320,823144,,,,,,7.758620689655173,,49,,,0,7.758620689655173,760,20,50,49
msg_823,node49,node39,320,823144,,,,,,7.758620689655173,,49,,,0,7.758620689655173,760,20,50,49
msg_824,node49,node40,320,823144,823156.0,12.0,,,,7.614754098360656,,49,,11.4375,0,7.614754098360656,345,25,50,49
msg_825,node49,node41,320,823144,823157.0,13.0,,,,7.623721881390593,,49,,11.8125,0,7.623721881390593,344,24,50,49
msg_826,node49,node42,320,823144,,,,,,7.758620689655173,,49,,,0,7.758620689655173,760,20,50,49
msg_827,node49,node43,320,823144,,,,,,7.758620689655173,,49,,,0,7.758620689655173,760,20,50,49
msg_828,node49,node44,320,823144,823157.0,13.0,,,,7.634693877551021,,49,,12.0,0,7.634693877551021,343,23,50,49
msg_829,node49,node45,320,823144,823157.0,13.0,,,,7.6456211812627295,,49,,12.4375,0,7.6456211812627295,342,22,50,49
msg_830,node49,node46,320,823144,823157.0,13.0,,,,7.65650406504065,,49,,12.5625,0,7.65650406504065,341,21,50,49
msg_831,node49,node47,320,823144,,,,,,7.758620689655173,,49,,,0,7.758620689655173,760,20,50,49
msg_832,node49,node48,320,823144,,,,,,7.758620689655173,,49,,,0,7.758620689655173,760,20,50,49
msg_833,node49,node0,319,997467,997469.0,2.0,,,,7.667342799188641,,49,,2.411764705882353,0,7.667342799188641,389,49,50,49
msg_834,node49,node1,319,997467,997469.0,2.0,,,,7.65587044534413,,49,,2.4705882352941178,0,7.65587044534413,388,48,50,49
msg_835,node49,node2,319,997467,997470.0,3.0,,,,7.644444444444445,,49,,3.411764705882353,0,7.644444444444445,387,47,50,49
msg_836,node49,node3,319,997467,997470.0,3.0,,,,7.63508064516129,,49,,3.411764705882353,0,7.63508064516129,386,46,50,49
msg_837,node49,node4,319,997467,,,,,,7.758620689655173,,49,,,0,7.758620689655173,760,20,50,49
msg_838,node49,node5,319,997467,,,,,,7.758620689655173,,49,,,0,7.758620689655173,760,20,50,49
msg_839,node49,node6,319,997467,997471.0,4.0,,,,7.616465863453815,,49,,4.588235294117647,0,7.616465863453815,384,44,50,49
msg_840,node49,node7,319,997467,997471.0,4.0,,,,7.609218436873747,,49,,5.0588235294117645,0,7.609218436873747,383,43,50,49
msg_841,node49,node8,319,997467,997472.0,5.0,,,,7.602,,49,,5.352941176470588,0,7.602,382,42,50,49
msg_842,node49,node9,319,997467,997472.0,5.0,,,,7.5968063872255485,,49,,5.470588235294118,0,7.5968063872255485,381,41,50,49
msg_843,node49,node10,320,997467,997470.0,3.0,,,,7.625754527162978,,49,,3.5294117647058822,0,7.625754527162978,385,45,50,49
msg_844,node49,node11,320,997467,,,,,,7.758620689655173,,49,,,0,7.758620689655173,760,20,50,49
msg_845,node49,node12,320,997467,,,,,,7.758620689655173,,49,,,0,7.758620689655173,760,20,50,49
msg_846,node49,node13,320,997467,997472.0,5.0,,,,7.591633466135458,,49,,6.411764705882353,0,7.591633466135458,380,40,50,49
msg_847,node49,node14,320,997467,997472.0,5.0,,,,7.58648111332008,,49,,4.470588235294118,0,7.58648111332008,379,39,50,49
msg_848,node49,node15,320,997467,997474.0,7.0,,,,7.578217821782178,,49,,7.117647058823529,0,7.578217821782178,377,37,50,49
msg_849,node49,node16,320,997467,,,,,,7.758620689655173,,49,,,0,7.758620689655173,760,20,50,49
msg_850,node49,node17,320,997467,997474.0,7.0,,,,7.5770750988142295,,49,,7.411764705882353,0,7.5770750988142295,376,36,50,49
msg_851,node49,node18,320,997467,,,,,,7.758620689655173,,49,,,0,7.758620689655173,760,20,50,49
msg_852,node49,node19,320,997467,,,,,,7.758620689655173,,49,,,0,7.758620689655173,760,20,50,49
msg_853,node49,node20,320,997467,997474.0,7.0,,,,7.574803149606299,,49,,7.882352941176471,0,7.574803149606299,374,34,50,49
msg_854,node49,node21,320,997467,997473.0,6.0,,,,7.5813492063492065,,49,,6.470588235294118,0,7.5813492063492065,378,38,50,49
msg_855,node49,node22,320,997467,,,,,,7.758620689655173,,49,,,0,7.758620689655173,760,20,50,49
msg_856,node49,node23,320,997467,,,,,,7.758620689655173,,49,,,0,7.758620689655173,760,20,50,49
msg_857,node49,node24,320,997467,997476.0,9.0,,,,7.574509803921568,,49,,8.764705882352942,0,7.574509803921568,372,32,50,49
msg_858,node49,node25,320,997467,997476.0,9.0,,,,7.577299412915851,,49,,8.941176470588236,0,7.577299412915851,371,31,50,49
msg_859,node49,node26,320,997467,,,,,,7.758620689655173,,49,,,0,7.758620689655173,760,20,50,49
msg_860,node49,node27,320,997467,997476.0,9.0,,,,7.580078125,,49,,9.176470588235293,0,7.580078125,370,30,50,49
msg_861,node49,node28,320,997467,,,,,,7.758620689655173,,49,,,0,7.758620689655173,760,20,50,49
msg_862,node49,node29,320,997467,,,,,,7.758620689655173,,49,,,0,7.758620689655173,760,20,50,49
msg_863,node49,node30,320,997467,,,,,,7.758620689655173,,49,,,0,7.758620689655173,760,20,50,49
msg_864,node49,node31,320,997467,997474.0,7.0,,,,7.575936883629192,,49,,8.176470588235293,0,7.575936883629192,375,35,50,49
msg_865,node49,node32,320,997467,997475.0,8.0,,,,7.573673870333988,,49,,8.705882352941176,0,7.573673870333988,373,33,50,49
msg_866,node49,node33,320,997467,997476.0,9.0,,,,7.582846003898635,,49,,10.352941176470589,0,7.582846003898635,369,29,50,49
msg_867,node49,node34,320,997467,,,,,,7.758620689655173,,49,,,0,7.758620689655173,760,20,50,49
msg_868,node49,node35,320,997467,997478.0,11.0,,,,7.585603112840467,,49,,10.411764705882353,0,7.585603112840467,368,28,50,49
msg_869,node49,node36,320,997467,997478.0,11.0,,,,7.592233009708738,,49,,10.705882352941176,0,7.592233009708738,367,27,50,49
msg_870,node49,node37,320,997467,997478.0,11.0,,,,7.598837209302325,,49,,11.176470588235293,0,7.598837209302325,366,26,50,49
msg_871,node49,node38,320,997467,,,,,,7.758620689655173,,49,,,0,7.758620689655173,760,20,50,49
msg_872,node49,node39,320,997467,,,,,,7.758620689655173,,49,,,0,7.758620689655173,760,20,50,49
msg_873,node49,node40,320,997467,997479.0,12.0,,,,7.605415860735009,,49,,11.470588235294118,0,7.605415860735009,365,25,50,49
msg_874,node49,node41,320,997467,997479.0,12.0,,,,7.613899613899614,,49,,11.882352941176471,0,7.613899613899614,364,24,50,49
msg_875,node49,node42,320,997467,,,,,,7.758620689655173,,49,,,0,7.758620689655173,760,20,50,49
msg_876,node49,node43,320,997467,,,,,,7.758620689655173,,49,,,0,7.758620689655173,760,20,50,49
msg_877,node49,node44,320,997467,997479.0,12.0,,,,7.622350674373796,,49,,12.058823529411764,0,7.622350674373796,363,23,50,49
msg_878,node49,node45,320,997467,997480.0,13.0,,,,7.630769230769231,,49,,12.470588235294118,0,7.630769230769231,362,22,50,49
msg_879,node49,node46,320,997467,997480.0,13.0,,,,7.641074856046065,,49,,12.588235294117647,0,7.641074856046065,361,21,50,49
msg_880,node49,node47,320,997467,,,,,,7.758620689655173,,49,,,0,7.758620689655173,760,20,50,49
msg_881,node49,node48,320,997467,,,,,,7.758620689655173,,49,,,0,7.758620689655173,760,20,50,49
msg_882,node49,node0,319,1136483,1136486.0,3.0,,,,7.6513409961685825,,49,,2.388888888888889,0,7.6513409961685825,409,49,50,49
msg_883,node49,node1,319,1136483,1136486.0,3.0,,,,7.642447418738049,,49,,2.4444444444444446,0,7.642447418738049,408,48,50,49
msg_884,node49,node2,319,1136483,1136487.0,4.0,,,,7.633587786259542,,49,,3.388888888888889,0,7.633587786259542,407,47,50,49
msg_885,node49,node3,319,1136483,1136487.0,4.0,,,,7.626666666666667,,49,,3.388888888888889,0,7.626666666666667,406,46,50,49
msg_886,node49,node4,319,1136483,,,,,,7.758620689655173,,49,,,0,7.758620689655173,760,20,50,49
msg_887,node49,node5,319,1136483,,,,,,7.758620689655173,,49,,,0,7.758620689655173,760,20,50,49
msg_888,node49,node6,319,1136483,1136488.0,5.0,,,,7.612903225806452,,49,,4.555555555555555,0,7.612903225806452,404,44,50,49
msg_889,node49,node7,319,1136483,1136489.0,6.0,,,,7.607954545454546,,49,,5.0,0,7.607954545454546,403,43,50,49
msg_890,node49,node8,319,1136483,1136489.0,6.0,,,,7.604914933837429,,49,,5.333333333333333,0,7.604914933837429,402,42,50,49
msg_891,node49,node9,319,1136483,1136489.0,6.0,,,,7.598870056497175,,49,,5.444444444444445,0,7.598870056497175,400,40,50,49
msg_892,node49,node10,320,1136483,1136487.0,4.0,,,,7.619771863117871,,49,,3.5,0,7.619771863117871,405,45,50,49
msg_893,node49,node11,320,1136483,,,,,,7.758620689655173,,49,,,0,7.758620689655173,760,20,50,49
msg_894,node49,node12,320,1136483,,,,,,7.758620689655173,,49,,,0,7.758620689655173,760,20,50,49
msg_895,node49,node13,320,1136483,1136490.0,7.0,,,,7.595864661654136,,49,,6.333333333333333,0,7.595864661654136,399,39,50,49
msg_896,node49,node14,320,1136483,1136489.0,6.0,,,,7.60188679245283,,49,,4.5,0,7.60188679245283,401,41,50,49
msg_897,node49,node15,320,1136483,1136491.0,8.0,,,,7.594746716697936,,49,,7.111111111111111,0,7.594746716697936,398,38,50,49
msg_898,node49,node16,320,1136483,,,,,,7.758620689655173,,49,,,0,7.758620689655173,760,20,50,49
msg_899,node49,node17,320,1136483,1136491.0,8.0,,,,7.59626168224299,,49,,7.388888888888889,0,7.59626168224299,396,36,50,49
msg_900,node49,node18,320,1136483,,,,,,7.758620689655173,,49,,,0,7.758620689655173,760,20,50,49
msg_901,node49,node19,320,1136483,,,,,,7.758620689655173,,49,,,0,7.758620689655173,760,20,50,49
msg_902,node49,node20,320,1136483,1136492.0,9.0,,,,7.602230483271375,,49,,7.833333333333333,0,7.602230483271375,393,33,50,49
msg_903,node49,node21,320,1136483,1136491.0,8.0,,,,7.595505617977528,,49,,6.444444444444445,0,7.595505617977528,397,37,50,49
msg_904,node49,node22,320,1136483,,,,,,7.758620689655173,,49,,,0,7.758620689655173,760,20,50,49
msg_905,node49,node23,320,1136483,,,,,,7.758620689655173,,49,,,0,7.758620689655173,760,20,50,49
msg_906,node49,node24,320,1136483,1136493.0,10.0,,,,7.60482374768089,,49,,8.777777777777779,0,7.60482374768089,392,32,50,49
msg_907,node49,node25,320,1136483,1136493.0,10.0,,,,7.609259259259259,,49,,8.944444444444445,0,7.609259259259259,391,31,50,49
msg_908,node49,node26,320,1136483,,,,,,7.758620689655173,,49,,,0,7.758620689655173,760,20,50,49
msg_909,node49,node27,320,1136483,1136494.0,11.0,,,,7.6136783733826245,,49,,9.166666666666666,0,7.6136783733826245,390,30,50,49
msg_910,node49,node28,320,1136483,,,,,,7.758620689655173,,49,,,0,7.758620689655173,760,20,50,49
msg_911,node49,node29,320,1136483,,,,,,7.758620689655173,,49,,,0,7.758620689655173,760,20,50,49
msg_912,node49,node30,320,1136483,,,,,,7.758620689655173,,49,,,0,7.758620689655173,760,20,50,49
msg_913,node49,node31,320,1136483,1136492.0,9.0,,,,7.597014925373134,,49,,8.11111111111111,0,7.597014925373134,395,35,50,49
msg_914,node49,node32,320,1136483,1136492.0,9.0,,,,7.599627560521415,,49,,8.666666666666666,0,7.599627560521415,394,34,50,49
msg_915,node49,node33,320,1136483,1136495.0,12.0,,,,7.619926199261992,,49,,10.277777777777779,0,7.619926199261992,389,29,50,49
msg_916,node49,node34,320,1136483,,,,,,7.758620689655173,,49,,,0,7.758620689655173,760,20,50,49
msg_917,node49,node35,320,1136483,1136495.0,12.0,,,,7.627992633517495,,49,,10.444444444444445,0,7.627992633517495,388,28,50,49
msg_918,node49,node36,320,1136483,1136495.0,12.0,,,,7.636029411764706,,49,,10.722222222222221,0,7.636029411764706,387,27,50,49
msg_919,node49,node37,320,1136483,1136495.0,12.0,,,,7.6440366972477065,,49,,11.166666666666666,0,7.6440366972477065,386,26,50,49
msg_920,node49,node38,320,1136483,,,,,,7.758620689655173,,49,,,0,7.758620689655173,760,20,50,49
msg_921,node49,node39,320,1136483,,,,,,7.758620689655173,,49,,,0,7.758620689655173,760,20,50,49
msg_922,node49,node40,320,1136483,1136496.0,13.0,,,,7.652014652014652,,49,,11.5,0,7.652014652014652,385,25,50,49
msg_923,node49,node41,320,1136483,1136496.0,13.0,,,,7.661791590493602,,49,,11.88888888888889,0,7.661791590493602,384,24,50,49
msg_924,node49,node42,320,1136483,,,,,,7.758620689655173,,49,,,0,7.758620689655173,760,20,50,49
msg_925,node49,node43,320,1136483,,,,,,7.758620689655173,,49,,,0,7.758620689655173,760,20,50,49
msg_926,node49,node44,320,1136483,1136496.0,13.0,,,,7.671532846715328,,49,,12.055555555555555,0,7.671532846715328,383,23,50,49
msg_927,node49,node45,320,1136483,1136497.0,14.0,,,,7.681238615664845,,49,,12.5,0,7.681238615664845,382,22,50,49
msg_928,node49,node46,320,1136483,1136497.0,14.0,,,,7.692727272727272,,49,,12.61111111111111,0,7.692727272727272,381,21,50,49
msg_929,node49,node47,320,1136483,,,,,,7.758620689655173,,49,,,0,7.758620689655173,760,20,50,49
msg_930,node49,node48,320,1136483,,,,,,7.758620689655173,,49,,,0,7.758620689655173,760,20,50,49
msg_931,node49,node0,319,1138347,1138350.0,3.0,,,,7.704174228675136,,49,,2.4210526315789473,0,7.704174228675136,429,49,50,49
msg_932,node49,node1,319,1138347,1138350.0,3.0,,,,7.695652173913044,,49,,2.473684210526316,0,7.695652173913044,428,48,50,49
msg_933,node49,node2,319,1138347,1138352.0,5.0,,,,7.673873873873874,,49,,3.4210526315789473,0,7.673873873873874,425,45,50,49
msg_934,node49,node3,319,1138347,1138352.0,5.0,,,,7.669064748201439,,49,,3.4210526315789473,0,7.669064748201439,424,44,50,49
msg_935,node49,node4,319,1138347,,,,,,7.758620689655173,,49,,,0,7.758620689655173,760,20,50,49
msg_936,node49,node5,319,1138347,,,,,,7.758620689655173,,49,,,0,7.758620689655173,760,20,50,49
msg_937,node49,node6,319,1138347,1138352.0,5.0,,,,7.66427289048474,,49,,4.578947368421052,0,7.66427289048474,423,43,50,49
msg_938,node49,node7,319,1138347,1138353.0,6.0,,,,7.659498207885305,,49,,5.052631578947368,0,7.659498207885305,422,42,50,49
msg_939,node49,node8,319,1138347,1138354.0,7.0,,,,7.656529516994634,,49,,5.368421052631579,0,7.656529516994634,421,41,50,49
msg_940,node49,node9,319,1138347,1138354.0,7.0,,,,7.6553571428571425,,49,,5.473684210526316,0,7.6553571428571425,420,40,50,49
msg_941,node49,node10,320,1138347,1138351.0,4.0,,,,7.687160940325497,,49,,3.526315789473684,0,7.687160940325497,427,47,50,49
msg_942,node49,node11,320,1138347,,,,,,7.758620689655173,,49,,,0,7.758620689655173,760,20,50,49
msg_943,node49,node12,320,1138347,,,,,,7.758620689655173,,49,,,0,7.758620689655173,760,20,50,49
msg_944,node49,node13,320,1138347,1138354.0,7.0,,,,7.6541889483065955,,49,,6.368421052631579,0,7.6541889483065955,419,39,50,49
msg_945,node49,node14,320,1138347,1138351.0,4.0,,,,7.680505415162455,,49,,4.578947368421052,0,7.680505415162455,426,46,50,49
msg_946,node49,node15,320,1138347,1138355.0,8.0,,,,7.653024911032029,,49,,7.157894736842105,0,7.653024911032029,418,38,50,49
msg_947,node49,node16,320,1138347,,,,,,7.758620689655173,,49,,,0,7.758620689655173,760,20,50,49
msg_948,node49,node17,320,1138347,1138356.0,9.0,,,,7.657243816254417,,49,,7.421052631578948,0,7.657243816254417,414,34,50,49
msg_949,node49,node18,320,1138347,,,,,,7.758620689655173,,49,,,0,7.758620689655173,760,20,50,49
msg_950,node49,node19,320,1138347,,,,,,7.758620689655173,,49,,,0,7.758620689655173,760,20,50,49
msg_951,node49,node20,320,1138347,1138357.0,10.0,,,,7.659611992945326,,49,,7.894736842105263,0,7.659611992945326,413,33,50,49
msg_952,node49,node21,320,1138347,1138355.0,8.0,,,,7.653641207815276,,49,,6.526315789473684,0,7.653641207815276,417,37,50,49
msg_953,node49,node22,320,1138347,,,,,,7.758620689655173,,49,,,0,7.758620689655173,760,20,50,49
msg_954,node49,node23,320,1138347,,,,,,7.758620689655173,,49,,,0,7.758620689655173,760,20,50,49
msg_955,node49,node24,320,1138347,1138357.0,10.0,,,,7.663732394366197,,49,,8.842105263157896,0,7.663732394366197,412,32,50,49
msg_956,node49,node25,320,1138347,1138357.0,10.0,,,,7.6678383128295255,,49,,9.0,0,7.6678383128295255,411,31,50,49
msg_957,node49,node26,320,1138347,,,,,,7.758620689655173,,49,,,0,7.758620689655173,760,20,50,49
msg_958,node49,node27,320,1138347,1138358.0,11.0,,,,7.671929824561404,,49,,9.263157894736842,0,7.671929824561404,410,30,50,49
msg_959,node49,node28,320,1138347,,,,,,7.758620689655173,,49,,,0,7.758620689655173,760,20,50,49
msg_960,node49,node29,320,1138347,,,,,,7.758620689655173,,49,,,0,7.758620689655173,760,20,50,49
msg_961,node49,node30,320,1138347,,,,,,7.758620689655173,,49,,,0,7.758620689655173,760,20,50,49
msg_962,node49,node31,320,1138347,1138355.0,8.0,,,,7.654255319148936,,49,,8.157894736842104,0,7.654255319148936,416,36,50,49
msg_963,node49,node32,320,1138347,1138356.0,9.0,,,,7.654867256637168,,49,,8.68421052631579,0,7.654867256637168,415,35,50,49
msg_964,node49,node33,320,1138347,1138358.0,11.0,,,,7.677758318739055,,49,,10.368421052631579,0,7.677758318739055,409,29,50,49
msg_965,node49,node34,320,1138347,,,,,,7.758620689655173,,49,,,0,7.758620689655173,760,20,50,49
msg_966,node49,node35,320,1138347,1138358.0,11.0,,,,7.683566433566433,,49,,10.526315789473685,0,7.683566433566433,408,28,50,49
msg_967,node49,node36,320,1138347,1138358.0,11.0,,,,7.68935427574171,,49,,10.789473684210526,0,7.68935427574171,407,27,50,49
msg_968,node49,node37,320,1138347,1138359.0,12.0,,,,7.695121951219512,,49,,11.210526315789474,0,7.695121951219512,406,26,50,49
msg_969,node49,node38,320,1138347,,,,,,7.758620689655173,,49,,,0,7.758620689655173,760,20,50,49
msg_970,node49,node39,320,1138347,,,,,,7.758620689655173,,49,,,0,7.758620689655173,760,20,50,49
msg_971,node49,node40,320,1138347,1138359.0,12.0,,,,7.702608695652174,,49,,11.578947368421053,0,7.702608695652174,405,25,50,49
msg_972,node49,node41,320,1138347,1138359.0,12.0,,,,7.710069444444445,,49,,11.947368421052632,0,7.710069444444445,404,24,50,49
msg_973,node49,node42,320,1138347,,,,,,7.758620689655173,,49,,,0,7.758620689655173,760,20,50,49
msg_974,node49,node43,320,1138347,,,,,,7.758620689655173,,49,,,0,7.758620689655173,760,20,50,49
msg_975,node49,node44,320,1138347,1138360.0,13.0,,,,7.717504332755633,,49,,12.105263157894736,0,7.717504332755633,403,23,50,49
msg_976,node49,node45,320,1138347,1138360.0,13.0,,,,7.726643598615917,,49,,12.578947368421053,0,7.726643598615917,402,22,50,49
msg_977,node49,node46,320,1138347,1138360.0,13.0,,,,7.7357512953367875,,49,,12.68421052631579,0,7.7357512953367875,401,21,50,49
msg_978,node49,node47,320,1138347,,,,,,7.758620689655173,,49,,,0,7.758620689655173,760,20,50,49
msg_979,node49,node48,320,1138347,,,,,,7.758620689655173,,49,,,0,7.758620689655173,760,20,50,49
msg_980,node49,node0,319,1139895,1139898.0,3.0,,,,7.744827586206896,,49,,2.45,0,7.744827586206896,449,49,50,49
msg_981,node49,node1,319,1139895,1139898.0,3.0,,,,7.736660929432014,,49,,2.5,0,7.736660929432014,448,48,50,49
msg_982,node49,node2,319,1139895,1139898.0,3.0,,,,7.7285223367697595,,49,,3.5,0,7.7285223367697595,447,47,50,49
msg_983,node49,node3,319,1139895,1139899.0,4.0,,,,7.712328767123288,,49,,3.5,0,7.712328767123288,445,45,50,49
msg_984,node49,node4,319,1139895,,,,,,7.758620689655173,,49,,,0,7.758620689655173,760,20,50,49
msg_985,node49,node5,319,1139895,,,,,,7.758620689655173,,49,,,0,7.758620689655173,760,20,50,49
msg_986,node49,node6,319,1139895,1139899.0,4.0,,,,7.705982905982906,,49,,4.6,0,7.705982905982906,444,44,50,49
msg_987,node49,node7,319,1139895,1139899.0,4.0,,,,7.699658703071672,,49,,5.1,0,7.699658703071672,443,43,50,49
msg_988,node49,node8,319,1139895,1139900.0,5.0,,,,7.687074829931973,,49,,5.45,0,7.687074829931973,441,41,50,49
msg_989,node49,node9,319,1139895,1139900.0,5.0,,,,7.6825127334465195,,49,,5.55,0,7.6825127334465195,440,40,50,49
msg_990,node49,node10,320,1139895,1139898.0,3.0,,,,7.72041166380789,,49,,3.55,0,7.72041166380789,446,46,50,49
msg_991,node49,node11,320,1139895,,,,,,7.758620689655173,,49,,,0,7.758620689655173,760,20,50,49
msg_992,node49,node12,320,1139895,,,,,,7.758620689655173,,49,,,0,7.758620689655173,760,20,50,49
msg_993,node49,node13,320,1139895,1139901.0,6.0,,,,7.677966101694915,,49,,6.4,0,7.677966101694915,439,39,50,49
msg_994,node49,node14,320,1139895,1139899.0,4.0,,,,7.693356047700171,,49,,4.55,0,7.693356047700171,442,42,50,49
msg_995,node49,node15,320,1139895,1139902.0,7.0,,,,7.673986486486487,,49,,7.2,0,7.673986486486487,437,37,50,49
msg_996,node49,node16,320,1139895,,,,,,7.758620689655173,,49,,,0,7.758620689655173,760,20,50,49
msg_997,node49,node17,320,1139895,1139902.0,7.0,,,,7.672849915682968,,49,,7.5,0,7.672849915682968,436,36,50,49
msg_998,node49,node18,320,1139895,,,,,,7.758620689655173,,49,,,0,7.758620689655173,760,20,50,49
msg_999,node49,node19,320,1139895,,,,,,7.758620689655173,,49,,,0,7.758620689655173,760,20,50,49
msg_1000,node49,node20,321,1139895,1139903.0,8.0,,,,7.671717171717172,,49,,8.0,0,7.671717171717172,435,35,50,49
msg_1001,node49,node21,321,1139895,1139902.0,7.0,,,,7.675126903553299,,49,,6.6,0,7.675126903553299,438,38,50,49
msg_1002,node49,node22,321,1139895,,,,,,7.758620689655173,,49,,,0,7.758620689655173,760,20,50,49
msg_1003,node49,node23,321,1139895,,,,,,7.758620689655173,,49,,,0,7.758620689655173,760,20,50,49
msg_1004,node49,node24,321,1139895,1139903.0,8.0,,,,7.6722689075630255,,49,,8.9,0,7.6722689075630255,434,34,50,49
msg_1005,node49,node25,321,1139895,1139903.0,8.0,,,,7.673366834170854,,49,,9.05,0,7.673366834170854,432,32,50,49
msg_1006,node49,node26,321,1139895,,,,,,7.758620689655173,,49,,,0,7.758620689655173,760,20,50,49
msg_1007,node49,node27,321,1139895,1139904.0,9.0,,,,7.674457429048414,,49,,9.35,0,7.674457429048414,430,30,50,49
msg_1008,node49,node28,321,1139895,,,,,,7.758620689655173,,49,,,0,7.758620689655173,760,20,50,49
msg_1009,node49,node29,321,1139895,,,,,,7.758620689655173,,49,,,0,7.758620689655173,760,20,50,49
msg_1010,node49,node30,321,1139895,,,,,,7.758620689655173,,49,,,0,7.758620689655173,760,20,50,49
msg_1011,node49,node31,321,1139895,1139903.0,8.0,,,,7.672818791946309,,49,,8.15,0,7.672818791946309,433,33,50,49
msg_1012,node49,node32,321,1139895,1139903.0,8.0,,,,7.673913043478261,,49,,8.7,0,7.673913043478261,431,31,50,49
msg_1013,node49,node33,321,1139895,1139905.0,10.0,,,,7.676666666666667,,49,,10.4,0,7.676666666666667,429,29,50,49
msg_1014,node49,node34,321,1139895,,,,,,7.758620689655173,,49,,,0,7.758620689655173,760,20,50,49
msg_1015,node49,node35,321,1139895,1139905.0,10.0,,,,7.680532445923461,,49,,10.55,0,7.680532445923461,428,28,50,49
msg_1016,node49,node36,321,1139895,1139905.0,10.0,,,,7.6843853820598005,,49,,10.8,0,7.6843853820598005,427,27,50,49
msg_1017,node49,node37,321,1139895,1139905.0,10.0,,,,7.688225538971808,,49,,11.25,0,7.688225538971808,426,26,50,49
msg_1018,node49,node38,321,1139895,,,,,,7.758620689655173,,49,,,0,7.758620689655173,760,20,50,49
msg_1019,node49,node39,321,1139895,,,,,,7.758620689655173,,49,,,0,7.758620689655173,760,20,50,49
msg_1020,node49,node40,321,1139895,1139906.0,11.0,,,,7.69205298013245,,49,,11.6,0,7.69205298013245,425,25,50,49
msg_1021,node49,node41,321,1139895,1139906.0,11.0,,,,7.697520661157025,,49,,11.95,0,7.697520661157025,424,24,50,49
msg_1022,node49,node42,321,1139895,,,,,,7.758620689655173,,49,,,0,7.758620689655173,760,20,50,49
msg_1023,node49,node43,321,1139895,,,,,,7.758620689655173,,49,,,0,7.758620689655173,760,20,50,49
msg_1024,node49,node44,321,1139895,1139906.0,11.0,,,,7.702970297029703,,49,,12.15,0,7.702970297029703,423,23,50,49
msg_1025,node49,node45,321,1139895,1139907.0,12.0,,,,7.7084019769357495,,49,,12.6,0,7.7084019769357495,422,22,50,49
msg_1026,node49,node46,321,1139895,1139907.0,12.0,,,,7.715460526315789,,49,,12.7,0,7.715460526315789,421,21,50,49
msg_1027,node49,node47,321,1139895,,,,,,7.758620689655173,,49,,,0,7.758620689655173,760,20,50,49
msg_1028,node49,node48,321,1139895,,,,,,7.758620689655173,,49,,,0,7.758620689655173,760,20,50,49
msg_1029,node49,node0,320,1186670,1186672.0,2.0,,,,7.722495894909688,,49,,2.4761904761904763,0,7.722495894909688,469,49,50,49
msg_1030,node49,node1,320,1186670,1186672.0,2.0,,,,7.713114754098361,,49,,2.5238095238095237,0,7.713114754098361,468,48,50,49
msg_1031,node49,node2,320,1186670,1186673.0,3.0,,,,7.703764320785598,,49,,3.4761904761904763,0,7.703764320785598,467,47,50,49
msg_1032,node49,node3,320,1186670,1186673.0,3.0,,,,7.696078431372549,,49,,3.5238095238095237,0,7.696078431372549,466,46,50,49
msg_1033,node49,node4,320,1186670,,,,,,7.758620689655173,,49,,,0,7.758620689655173,760,20,50,49
msg_1034,node49,node5,320,1186670,,,,,,7.758620689655173,,49,,,0,7.758620689655173,760,20,50,49
msg_1035,node49,node6,320,1186670,1186675.0,5.0,,,,7.67479674796748,,49,,4.571428571428571,0,7.67479674796748,463,43,50,49
msg_1036,node49,node7,320,1186670,1186675.0,5.0,,,,7.670454545454546,,49,,5.0476190476190474,0,7.670454545454546,462,42,50,49
msg_1037,node49,node8,320,1186670,1186675.0,5.0,,,,7.66612641815235,,49,,5.428571428571429,0,7.66612641815235,461,41,50,49
msg_1038,node49,node9,320,1186670,1186676.0,6.0,,,,7.6575121163166395,,49,,5.523809523809524,0,7.6575121163166395,459,39,50,49
msg_1039,node49,node10,321,1186670,1186673.0,3.0,,,,7.688417618270799,,49,,3.5238095238095237,0,7.688417618270799,465,45,50,49
msg_1040,node49,node11,321,1186670,,,,,,7.758620689655173,,49,,,0,7.758620689655173,760,20,50,49
msg_1041,node49,node12,321,1186670,,,,,,7.758620689655173,,49,,,0,7.758620689655173,760,20,50,49
msg_1042,node49,node13,321,1186670,1186676.0,6.0,,,,7.65483870967742,,49,,6.380952380952381,0,7.65483870967742,458,38,50,49
msg_1043,node49,node14,321,1186670,1186674.0,4.0,,,,7.680781758957655,,49,,4.523809523809524,0,7.680781758957655,464,44,50,49
msg_1044,node49,node15,321,1186670,1186676.0,6.0,,,,7.6521739130434785,,49,,7.190476190476191,0,7.6521739130434785,457,37,50,49
msg_1045,node49,node16,321,1186670,,,,,,7.758620689655173,,49,,,0,7.758620689655173,760,20,50,49
msg_1046,node49,node17,321,1186670,1186677.0,7.0,,,,7.64951768488746,,49,,7.476190476190476,0,7.64951768488746,456,36,50,49
msg_1047,node49,node18,321,1186670,,,,,,7.758620689655173,,49,,,0,7.758620689655173,760,20,50,49
msg_1048,node49,node19,321,1186670,,,,,,7.758620689655173,,49,,,0,7.758620689655173,760,20,50,49
msg_1049,node49,node20,321,1186670,1186677.0,7.0,,,,7.648475120385233,,49,,8.0,0,7.648475120385233,455,35,50,49
msg_1050,node49,node21,321,1186670,1186675.0,5.0,,,,7.6618122977346275,,49,,6.619047619047619,0,7.6618122977346275,460,40,50,49
msg_1051,node49,node22,321,1186670,,,,,,7.758620689655173,,49,,,0,7.758620689655173,760,20,50,49
msg_1052,node49,node23,321,1186670,,,,,,7.758620689655173,,49,,,0,7.758620689655173,760,20,50,49
msg_1053,node49,node24,321,1186670,1186678.0,8.0,,,,7.647435897435898,,49,,8.857142857142858,0,7.647435897435898,454,34,50,49
msg_1054,node49,node25,321,1186670,1186678.0,8.0,,,,7.648,,49,,9.0,0,7.648,453,33,50,49
msg_1055,node49,node26,321,1186670,,,,,,7.758620689655173,,49,,,0,7.758620689655173,760,20,50,49
msg_1056,node49,node27,321,1186670,1186679.0,9.0,,,,7.650717703349282,,49,,9.333333333333334,0,7.650717703349282,451,31,50,49
msg_1057,node49,node28,321,1186670,,,,,,7.758620689655173,,49,,,0,7.758620689655173,760,20,50,49
msg_1058,node49,node29,321,1186670,,,,,,7.758620689655173,,49,,,0,7.758620689655173,760,20,50,49
msg_1059,node49,node30,321,1186670,,,,,,7.758620689655173,,49,,,0,7.758620689655173,760,20,50,49
msg_1060,node49,node31,321,1186670,1186679.0,9.0,,,,7.6485623003194885,,49,,8.142857142857142,0,7.6485623003194885,452,32,50,49
msg_1061,node49,node32,321,1186670,1186679.0,9.0,,,,7.6528662420382165,,49,,8.666666666666666,0,7.6528662420382165,450,30,50,49
msg_1062,node49,node33,321,1186670,1186680.0,10.0,,,,7.655007949125596,,49,,10.380952380952381,0,7.655007949125596,449,29,50,49
msg_1063,node49,node34,321,1186670,,,,,,7.758620689655173,,49,,,0,7.758620689655173,760,20,50,49
msg_1064,node49,node35,321,1186670,1186680.0,10.0,,,,7.658730158730159,,49,,10.523809523809524,0,7.658730158730159,448,28,50,49
msg_1065,node49,node36,321,1186670,1186680.0,10.0,,,,7.662440570522979,,49,,10.761904761904763,0,7.662440570522979,447,27,50,49
msg_1066,node49,node37,321,1186670,1186681.0,11.0,,,,7.666139240506329,,49,,11.19047619047619,0,7.666139240506329,446,26,50,49
msg_1067,node49,node38,321,1186670,,,,,,7.758620689655173,,49,,,0,7.758620689655173,760,20,50,49
msg_1068,node49,node39,321,1186670,,,,,,7.758620689655173,,49,,,0,7.758620689655173,760,20,50,49
msg_1069,node49,node40,321,1186670,1186681.0,11.0,,,,7.671406003159557,,49,,11.571428571428571,0,7.671406003159557,445,25,50,49
msg_1070,node49,node41,321,1186670,1186681.0,11.0,,,,7.676656151419558,,49,,11.904761904761905,0,7.676656151419558,444,24,50,49
msg_1071,node49,node42,321,1186670,,,,,,7.758620689655173,,49,,,0,7.758620689655173,760,20,50,49
msg_1072,node49,node43,321,1186670,,,,,,7.758620689655173,,49,,,0,7.758620689655173,760,20,50,49
msg_1073,node49,node44,321,1186670,1186681.0,11.0,,,,7.681889763779528,,49,,12.095238095238095,0,7.681889763779528,443,23,50,49
msg_1074,node49,node45,321,1186670,1186682.0,12.0,,,,7.687106918238993,,49,,12.571428571428571,0,7.687106918238993,442,22,50,49
msg_1075,node49,node46,321,1186670,1186682.0,12.0,,,,7.6938775510204085,,49,,12.666666666666666,0,7.6938775510204085,441,21,50,49
msg_1076,node49,node47,321,1186670,,,,,,7.758620689655173,,49,,,0,7.758620689655173,760,20,50,49
msg_1077,node49,node48,321,1186670,,,,,,7.758620689655173,,49,,,0,7.758620689655173,760,20,50,49
msg_1078,node49,node0,320,1354631,1354633.0,2.0,,,,7.700626959247649,,49,,2.4545454545454546,0,7.700626959247649,489,49,50,49
msg_1079,node49,node1,320,1354631,1354634.0,3.0,,,,7.691705790297339,,49,,2.5,0,7.691705790297339,488,48,50,49
msg_1080,node49,node2,320,1354631,1354634.0,3.0,,,,7.684375,,49,,3.4545454545454546,0,7.684375,487,47,50,49
msg_1081,node49,node3,320,1354631,1354634.0,3.0,,,,7.669781931464175,,49,,3.5,0,7.669781931464175,485,45,50,49
msg_1082,node49,node4,320,1354631,,,,,,7.758620689655173,,49,,,0,7.758620689655173,760,20,50,49
msg_1083,node49,node5,320,1354631,,,,,,7.758620689655173,,49,,,0,7.758620689655173,760,20,50,49
msg_1084,node49,node6,320,1354631,1354635.0,4.0,,,,7.6625194401244165,,49,,4.590909090909091,0,7.6625194401244165,484,44,50,49
msg_1085,node49,node7,320,1354631,1354635.0,4.0,,,,7.656832298136646,,49,,5.045454545454546,0,7.656832298136646,483,43,50,49
msg_1086,node49,node8,320,1354631,1354635.0,4.0,,,,7.651162790697675,,49,,5.409090909090909,0,7.651162790697675,482,42,50,49
msg_1087,node49,node9,320,1354631,1354636.0,5.0,,,,7.645510835913313,,49,,5.545454545454546,0,7.645510835913313,481,41,50,49
msg_1088,node49,node10,321,1354631,1354634.0,3.0,,,,7.677067082683307,,49,,3.5,0,7.677067082683307,486,46,50,49
msg_1089,node49,node11,321,1354631,,,,,,7.758620689655173,,49,,,0,7.758620689655173,760,20,50,49
msg_1090,node49,node12,321,1354631,,,,,,7.758620689655173,,49,,,0,7.758620689655173,760,20,50,49
msg_1091,node49,node13,321,1354631,1354636.0,5.0,,,,7.641421947449768,,49,,6.363636363636363,0,7.641421947449768,480,40,50,49
msg_1092,node49,node14,321,1354631,1354637.0,6.0,,,,7.637345679012346,,49,,4.5,0,7.637345679012346,479,39,50,49
msg_1093,node49,node15,321,1354631,1354638.0,7.0,,,,7.630368098159509,,49,,7.136363636363637,0,7.630368098159509,475,35,50,49
msg_1094,node49,node16,321,1354631,,,,,,7.758620689655173,,49,,,0,7.758620689655173,760,20,50,49
msg_1095,node49,node17,321,1354631,1354639.0,8.0,,,,7.629402756508423,,49,,7.454545454545454,0,7.629402756508423,474,34,50,49
msg_1096,node49,node18,321,1354631,,,,,,7.758620689655173,,49,,,0,7.758620689655173,760,20,50,49
msg_1097,node49,node19,321,1354631,,,,,,7.758620689655173,,49,,,0,7.758620689655173,760,20,50,49
msg_1098,node49,node20,321,1354631,1354639.0,8.0,,,,7.629969418960244,,49,,7.954545454545454,0,7.629969418960244,473,33,50,49
msg_1099,node49,node21,321,1354631,1354637.0,6.0,,,,7.63482280431433,,49,,6.545454545454546,0,7.63482280431433,478,38,50,49
msg_1100,node49,node22,321,1354631,,,,,,7.758620689655173,,49,,,0,7.758620689655173,760,20,50,49
msg_1101,node49,node23,321,1354631,,,,,,7.758620689655173,,49,,,0,7.758620689655173,760,20,50,49
msg_1102,node49,node24,321,1354631,1354640.0,9.0,,,,7.630534351145038,,49,,8.818181818181818,0,7.630534351145038,472,32,50,49
msg_1103,node49,node25,321,1354631,1354640.0,9.0,,,,7.632621951219512,,49,,8.954545454545455,0,7.632621951219512,471,31,50,49
msg_1104,node49,node26,321,1354631,,,,,,7.758620689655173,,49,,,0,7.758620689655173,760,20,50,49
msg_1105,node49,node27,321,1354631,1354640.0,9.0,,,,7.634703196347032,,49,,9.318181818181818,0,7.634703196347032,470,30,50,49
msg_1106,node49,node28,321,1354631,,,,,,7.758620689655173,,49,,,0,7.758620689655173,760,20,50,49
msg_1107,node49,node29,321,1354631,,,,,,7.758620689655173,,49,,,0,7.758620689655173,760,20,50,49
msg_1108,node49,node30,321,1354631,,,,,,7.758620689655173,,49,,,0,7.758620689655173,760,20,50,49
msg_1109,node49,node31,321,1354631,1354638.0,7.0,,,,7.632307692307692,,49,,8.181818181818182,0,7.632307692307692,477,37,50,49
msg_1110,node49,node32,321,1354631,1354638.0,7.0,,,,7.631336405529954,,49,,8.681818181818182,0,7.631336405529954,476,36,50,49
msg_1111,node49,node33,321,1354631,1354641.0,10.0,,,,7.63677811550152,,49,,10.363636363636363,0,7.63677811550152,469,29,50,49
msg_1112,node49,node34,321,1354631,,,,,,7.758620689655173,,49,,,0,7.758620689655173,760,20,50,49
msg_1113,node49,node35,321,1354631,1354641.0,10.0,,,,7.640364188163884,,49,,10.5,0,7.640364188163884,468,28,50,49
msg_1114,node49,node36,321,1354631,1354641.0,10.0,,,,7.643939393939394,,49,,10.727272727272727,0,7.643939393939394,467,27,50,49
msg_1115,node49,node37,321,1354631,1354641.0,10.0,,,,7.64750378214826,,49,,11.181818181818182,0,7.64750378214826,466,26,50,49
msg_1116,node49,node38,321,1354631,,,,,,7.758620689655173,,49,,,0,7.758620689655173,760,20,50,49
msg_1117,node49,node39,321,1354631,,,,,,7.758620689655173,,49,,,0,7.758620689655173,760,20,50,49
msg_1118,node49,node40,321,1354631,1354642.0,11.0,,,,7.651057401812689,,49,,11.545454545454545,0,7.651057401812689,465,25,50,49
msg_1119,node49,node41,321,1354631,1354642.0,11.0,,,,7.656108597285068,,49,,11.863636363636363,0,7.656108597285068,464,24,50,49
msg_1120,node49,node42,321,1354631,,,,,,7.758620689655173,,49,,,0,7.758620689655173,760,20,50,49
msg_1121,node49,node43,321,1354631,,,,,,7.758620689655173,,49,,,0,7.758620689655173,760,20,50,49
msg_1122,node49,node44,321,1354631,1354642.0,11.0,,,,7.661144578313253,,49,,12.045454545454545,0,7.661144578313253,463,23,50,49
msg_1123,node49,node45,321,1354631,1354643.0,12.0,,,,7.666165413533834,,49,,12.545454545454545,0,7.666165413533834,462,22,50,49
msg_1124,node49,node46,321,1354631,1354643.0,12.0,,,,7.672672672672673,,49,,12.636363636363637,0,7.672672672672673,461,21,50,49
msg_1125,node49,node47,321,1354631,,,,,,7.758620689655173,,49,,,0,7.758620689655173,760,20,50,49
msg_1126,node49,node48,321,1354631,,,,,,7.758620689655173,,49,,,0,7.758620689655173,760,20,50,49
msg_1127,node49,node0,320,1383430,1383432.0,2.0,,,,7.679160419790105,,49,,2.4347826086956523,0,7.679160419790105,509,49,50,49
msg_1128,node49,node1,320,1383430,1383432.0,2.0,,,,7.6706586826347305,,49,,2.5217391304347827,0,7.6706586826347305,508,48,50,49
msg_1129,node49,node2,320,1383430,1383433.0,3.0,,,,7.662182361733931,,49,,3.4347826086956523,0,7.662182361733931,507,47,50,49
msg_1130,node49,node3,320,1383430,1383433.0,3.0,,,,7.655223880597015,,49,,3.4782608695652173,0,7.655223880597015,506,46,50,49
msg_1131,node49,node4,320,1383430,,,,,,7.758620689655173,,49,,,0,7.758620689655173,760,20,50,49
msg_1132,node49,node5,320,1383430,,,,,,7.758620689655173,,49,,,0,7.758620689655173,760,20,50,49
msg_1133,node49,node6,320,1383430,1383434.0,4.0,,,,7.6413690476190474,,49,,4.565217391304348,0,7.6413690476190474,504,44,50,49
msg_1134,node49,node7,320,1383430,1383434.0,4.0,,,,7.635958395245171,,49,,5.0,0,7.635958395245171,503,43,50,49
msg_1135,node49,node8,320,1383430,1383435.0,5.0,,,,7.630563798219584,,49,,5.3478260869565215,0,7.630563798219584,502,42,50,49
msg_1136,node49,node9,320,1383430,1383435.0,5.0,,,,7.626666666666667,,49,,5.521739130434782,0,7.626666666666667,501,41,50,49
msg_1137,node49,node10,321,1383430,1383433.0,3.0,,,,7.648286140089419,,49,,3.4782608695652173,0,7.648286140089419,505,45,50,49
msg_1138,node49,node11,321,1383430,,,,,,7.758620689655173,,49,,,0,7.758620689655173,760,20,50,49
msg_1139,node49,node12,321,1383430,,,,,,7.758620689655173,,49,,,0,7.758620689655173,760,20,50,49
msg_1140,node49,node13,321,1383430,1383435.0,5.0,,,,7.622781065088757,,49,,6.304347826086956,0,7.622781065088757,500,40,50,49
msg_1141,node49,node14,321,1383430,1383435.0,5.0,,,,7.61890694239291,,49,,4.565217391304348,0,7.61890694239291,499,39,50,49
msg_1142,node49,node15,321,1383430,1383437.0,7.0,,,,7.612665684830633,,49,,7.130434782608695,0,7.612665684830633,497,37,50,49
msg_1143,node49,node16,321,1383430,,,,,,7.758620689655173,,49,,,0,7.758620689655173,760,20,50,49
msg_1144,node49,node17,321,1383430,1383437.0,7.0,,,,7.6117647058823525,,49,,7.478260869565218,0,7.6117647058823525,496,36,50,49
msg_1145,node49,node18,321,1383430,,,,,,7.758620689655173,,49,,,0,7.758620689655173,760,20,50,49
msg_1146,node49,node19,321,1383430,,,,,,7.758620689655173,,49,,,0,7.758620689655173,760,20,50,49
msg_1147,node49,node20,321,1383430,1383437.0,7.0,,,,7.609970674486804,,49,,7.956521739130435,0,7.609970674486804,494,34,50,49
msg_1148,node49,node21,321,1383430,1383436.0,6.0,,,,7.615044247787611,,49,,6.521739130434782,0,7.615044247787611,498,38,50,49
msg_1149,node49,node22,321,1383430,,,,,,7.758620689655173,,49,,,0,7.758620689655173,760,20,50,49
msg_1150,node49,node23,321,1383430,,,,,,7.758620689655173,,49,,,0,7.758620689655173,760,20,50,49
msg_1151,node49,node24,321,1383430,1383439.0,9.0,,,,7.609649122807017,,49,,8.826086956521738,0,7.609649122807017,492,32,50,49
msg_1152,node49,node25,321,1383430,1383439.0,9.0,,,,7.611678832116788,,49,,8.956521739130435,0,7.611678832116788,491,31,50,49
msg_1153,node49,node26,321,1383430,,,,,,7.758620689655173,,49,,,0,7.758620689655173,760,20,50,49
msg_1154,node49,node27,321,1383430,1383439.0,9.0,,,,7.613702623906706,,49,,9.304347826086957,0,7.613702623906706,490,30,50,49
msg_1155,node49,node28,321,1383430,,,,,,7.758620689655173,,49,,,0,7.758620689655173,760,20,50,49
msg_1156,node49,node29,321,1383430,,,,,,7.758620689655173,,49,,,0,7.758620689655173,760,20,50,49
msg_1157,node49,node30,321,1383430,,,,,,7.758620689655173,,49,,,0,7.758620689655173,760,20,50,49
msg_1158,node49,node31,321,1383430,1383437.0,7.0,,,,7.610866372980911,,49,,8.130434782608695,0,7.610866372980911,495,35,50,49
msg_1159,node49,node32,321,1383430,1383438.0,8.0,,,,7.609077598828697,,49,,8.608695652173912,0,7.609077598828697,493,33,50,49
msg_1160,node49,node33,321,1383430,1383440.0,10.0,,,,7.615720524017467,,49,,10.347826086956522,0,7.615720524017467,489,29,50,49
msg_1161,node49,node34,321,1383430,,,,,,7.758620689655173,,49,,,0,7.758620689655173,760,20,50,49
msg_1162,node49,node35,321,1383430,1383441.0,11.0,,,,7.619186046511628,,49,,10.478260869565217,0,7.619186046511628,488,28,50,49
msg_1163,node49,node36,321,1383430,1383441.0,11.0,,,,7.6240928882438315,,49,,10.695652173913043,0,7.6240928882438315,487,27,50,49
msg_1164,node49,node37,321,1383430,1383441.0,11.0,,,,7.628985507246377,,49,,11.130434782608695,0,7.628985507246377,486,26,50,49
msg_1165,node49,node38,321,1383430,,,,,,7.758620689655173,,49,,,0,7.758620689655173,760,20,50,49
msg_1166,node49,node39,321,1383430,,,,,,7.758620689655173,,49,,,0,7.758620689655173,760,20,50,49
msg_1167,node49,node40,321,1383430,1383442.0,12.0,,,,7.633863965267728,,49,,11.521739130434783,0,7.633863965267728,485,25,50,49
msg_1168,node49,node41,321,1383430,1383442.0,12.0,,,,7.640173410404624,,49,,11.826086956521738,0,7.640173410404624,484,24,50,49
msg_1169,node49,node42,321,1383430,,,,,,7.758620689655173,,49,,,0,7.758620689655173,760,20,50,49
msg_1170,node49,node43,321,1383430,,,,,,7.758620689655173,,49,,,0,7.758620689655173,760,20,50,49
msg_1171,node49,node44,321,1383430,1383442.0,12.0,,,,7.646464646464646,,49,,12.0,0,7.646464646464646,483,23,50,49
msg_1172,node49,node45,321,1383430,1383443.0,13.0,,,,7.652737752161383,,49,,12.521739130434783,0,7.652737752161383,482,22,50,49
msg_1173,node49,node46,321,1383430,1383443.0,13.0,,,,7.660431654676259,,49,,12.608695652173912,0,7.660431654676259,481,21,50,49
msg_1174,node49,node47,321,1383430,,,,,,7.758620689655173,,49,,,0,7.758620689655173,760,20,50,49
msg_1175,node49,node48,321,1383430,,,,,,7.758620689655173,,49,,,0,7.758620689655173,760,20,50,49
msg_1176,node49,node0,320,1398075,1398077.0,2.0,,,,7.668103448275862,,49,,2.4166666666666665,0,7.668103448275862,529,49,50,49
msg_1177,node49,node1,320,1398075,1398077.0,2.0,,,,7.659971305595409,,49,,2.5,0,7.659971305595409,528,48,50,49
msg_1178,node49,node2,320,1398075,1398078.0,3.0,,,,7.651862464183381,,49,,3.4166666666666665,0,7.651862464183381,527,47,50,49
msg_1179,node49,node3,320,1398075,1398078.0,3.0,,,,7.645207439198855,,49,,3.4583333333333335,0,7.645207439198855,526,46,50,49
msg_1180,node49,node4,320,1398075,,,,,,7.758620689655173,,49,,,0,7.758620689655173,760,20,50,49
msg_1181,node49,node5,320,1398075,,,,,,7.758620689655173,,49,,,0,7.758620689655173,760,20,50,49
msg_1182,node49,node6,320,1398075,1398080.0,5.0,,,,7.626780626780627,,49,,4.541666666666667,0,7.626780626780627,523,43,50,49
msg_1183,node49,node7,320,1398075,1398080.0,5.0,,,,7.623044096728307,,49,,4.958333333333333,0,7.623044096728307,522,42,50,49
msg_1184,node49,node8,320,1398075,1398080.0,5.0,,,,7.619318181818182,,49,,5.333333333333333,0,7.619318181818182,521,41,50,49
msg_1185,node49,node9,320,1398075,1398081.0,6.0,,,,7.611898016997167,,49,,5.5,0,7.611898016997167,519,39,50,49
msg_1186,node49,node10,321,1398075,1398078.0,3.0,,,,7.638571428571429,,49,,3.4583333333333335,0,7.638571428571429,525,45,50,49
msg_1187,node49,node11,321,1398075,,,,,,7.758620689655173,,49,,,0,7.758620689655173,760,20,50,49
msg_1188,node49,node12,321,1398075,,,,,,7.758620689655173,,49,,,0,7.758620689655173,760,20,50,49
msg_1189,node49,node13,321,1398075,1398081.0,6.0,,,,7.60961810466761,,49,,6.25,0,7.60961810466761,518,38,50,49
msg_1190,node49,node14,321,1398075,1398079.0,4.0,,,,7.631954350927247,,49,,4.583333333333333,0,7.631954350927247,524,44,50,49
msg_1191,node49,node15,321,1398075,1398082.0,7.0,,,,7.607344632768362,,49,,7.125,0,7.607344632768362,517,37,50,49
msg_1192,node49,node16,321,1398075,,,,,,7.758620689655173,,49,,,0,7.758620689655173,760,20,50,49
msg_1193,node49,node17,321,1398075,1398082.0,7.0,,,,7.605633802816901,,49,,7.458333333333333,0,7.605633802816901,515,35,50,49
msg_1194,node49,node18,321,1398075,,,,,,7.758620689655173,,49,,,0,7.758620689655173,760,20,50,49
msg_1195,node49,node19,321,1398075,,,,,,7.758620689655173,,49,,,0,7.758620689655173,760,20,50,49
msg_1196,node49,node20,321,1398075,1398083.0,8.0,,,,7.60478199718706,,49,,7.916666666666667,0,7.60478199718706,514,34,50,49
msg_1197,node49,node21,321,1398075,1398080.0,5.0,,,,7.615602836879432,,49,,6.5,0,7.615602836879432,520,40,50,49
msg_1198,node49,node22,321,1398075,,,,,,7.758620689655173,,49,,,0,7.758620689655173,760,20,50,49
msg_1199,node49,node23,321,1398075,,,,,,7.758620689655173,,49,,,0,7.758620689655173,760,20,50,49
msg_1200,node49,node24,321,1398075,1398083.0,8.0,,,,7.605337078651686,,49,,8.833333333333334,0,7.605337078651686,513,33,50,49
msg_1201,node49,node25,321,1398075,1398084.0,9.0,,,,7.605890603085554,,49,,8.958333333333334,0,7.605890603085554,512,32,50,49
msg_1202,node49,node26,321,1398075,,,,,,7.758620689655173,,49,,,0,7.758620689655173,760,20,50,49
msg_1203,node49,node27,321,1398075,1398084.0,9.0,,,,7.607843137254902,,49,,9.291666666666666,0,7.607843137254902,511,31,50,49
msg_1204,node49,node28,321,1398075,,,,,,7.758620689655173,,49,,,0,7.758620689655173,760,20,50,49
msg_1205,node49,node29,321,1398075,,,,,,7.758620689655173,,49,,,0,7.758620689655173,760,20,50,49
msg_1206,node49,node30,321,1398075,,,,,,7.758620689655173,,49,,,0,7.758620689655173,760,20,50,49
msg_1207,node49,node31,321,1398075,1398082.0,7.0,,,,7.606488011283498,,49,,8.083333333333334,0,7.606488011283498,516,36,50,49
msg_1208,node49,node32,321,1398075,1398084.0,9.0,,,,7.6097902097902095,,49,,8.583333333333334,0,7.6097902097902095,510,30,50,49
msg_1209,node49,node33,321,1398075,1398085.0,10.0,,,,7.611731843575419,,49,,10.333333333333334,0,7.611731843575419,509,29,50,49
msg_1210,node49,node34,321,1398075,,,,,,7.758620689655173,,49,,,0,7.758620689655173,760,20,50,49
msg_1211,node49,node35,321,1398075,1398085.0,10.0,,,,7.615062761506276,,49,,10.5,0,7.615062761506276,508,28,50,49
msg_1212,node49,node36,321,1398075,1398085.0,10.0,,,,7.618384401114207,,49,,10.708333333333334,0,7.618384401114207,507,27,50,49
msg_1213,node49,node37,321,1398075,1398086.0,11.0,,,,7.621696801112656,,49,,11.125,0,7.621696801112656,506,26,50,49
msg_1214,node49,node38,321,1398075,,,,,,7.758620689655173,,49,,,0,7.758620689655173,760,20,50,49
msg_1215,node49,node39,321,1398075,,,,,,7.758620689655173,,49,,,0,7.758620689655173,760,20,50,49
msg_1216,node49,node40,321,1398075,1398086.0,11.0,,,,7.626388888888889,,49,,11.541666666666666,0,7.626388888888889,505,25,50,49
msg_1217,node49,node41,321,1398075,1398086.0,11.0,,,,7.631067961165049,,49,,11.833333333333334,0,7.631067961165049,504,24,50,49
msg_1218,node49,node42,321,1398075,,,,,,7.758620689655173,,49,,,0,7.758620689655173,760,20,50,49
msg_1219,node49,node43,321,1398075,,,,,,7.758620689655173,,49,,,0,7.758620689655173,760,20,50,49
msg_1220,node49,node44,321,1398075,1398086.0,11.0,,,,7.635734072022161,,49,,12.0,0,7.635734072022161,503,23,50,49
msg_1221,node49,node45,321,1398075,1398087.0,12.0,,,,7.640387275242047,,49,,12.541666666666666,0,7.640387275242047,502,22,50,49
msg_1222,node49,node46,321,1398075,1398087.0,12.0,,,,7.6464088397790055,,49,,12.625,0,7.6464088397790055,501,21,50,49
msg_1223,node49,node47,321,1398075,,,,,,7.758620689655173,,49,,,0,7.758620689655173,760,20,50,49
msg_1224,node49,node48,321,1398075,,,,,,7.758620689655173,,49,,,0,7.758620689655173,760,20,50,49
msg_1225,node49,node0,320,1430978,1430982.0,4.0,,,,7.652413793103448,,49,,2.4,0,7.652413793103448,549,49,50,49
msg_1226,node49,node1,320,1430978,1430982.0,4.0,,,,7.647382920110193,,49,,2.48,0,7.647382920110193,548,48,50,49
msg_1227,node49,node2,320,1430978,1430983.0,5.0,,,,7.642365887207703,,49,,3.4,0,7.642365887207703,547,47,50,49
msg_1228,node49,node3,320,1430978,1430984.0,6.0,,,,7.638736263736264,,49,,3.44,0,7.638736263736264,546,46,50,49
msg_1229,node49,node4,320,1430978,,,,,,7.758620689655173,,49,,,0,7.758620689655173,760,20,50,49
msg_1230,node49,node5,320,1430978,,,,,,7.758620689655173,,49,,,0,7.758620689655173,760,20,50,49
msg_1231,node49,node6,320,1430978,1430984.0,6.0,,,,7.634246575342465,,49,,4.56,0,7.634246575342465,544,44,50,49
msg_1232,node49,node7,320,1430978,1430985.0,7.0,,,,7.631147540983607,,49,,4.96,0,7.631147540983607,542,42,50,49
msg_1233,node49,node8,320,1430978,1430986.0,8.0,,,,7.6302864938608455,,49,,5.32,0,7.6302864938608455,541,41,50,49
msg_1234,node49,node9,320,1430978,1430986.0,8.0,,,,7.630790190735695,,49,,5.52,0,7.630790190735695,540,40,50,49
msg_1235,node49,node10,321,1430978,1430984.0,6.0,,,,7.636488340192044,,49,,3.44,0,7.636488340192044,545,45,50,49
msg_1236,node49,node11,321,1430978,,,,,,7.758620689655173,,49,,,0,7.758620689655173,760,20,50,49
msg_1237,node49,node12,321,1430978,,,,,,7.758620689655173,,49,,,0,7.758620689655173,760,20,50,49
msg_1238,node49,node13,321,1430978,1430986.0,8.0,,,,7.631292517006803,,49,,6.24,0,7.631292517006803,539,39,50,49
msg_1239,node49,node14,321,1430978,1430985.0,7.0,,,,7.632010943912449,,49,,4.56,0,7.632010943912449,543,43,50,49
msg_1240,node49,node15,321,1430978,1430987.0,9.0,,,,7.631793478260869,,49,,7.12,0,7.631793478260869,538,38,50,49
msg_1241,node49,node16,321,1430978,,,,,,7.758620689655173,,49,,,0,7.758620689655173,760,20,50,49
msg_1242,node49,node17,321,1430978,1430988.0,10.0,,,,7.638700947225981,,49,,7.44,0,7.638700947225981,535,35,50,49
msg_1243,node49,node18,321,1430978,,,,,,7.758620689655173,,49,,,0,7.758620689655173,760,20,50,49
msg_1244,node49,node19,321,1430978,,,,,,7.758620689655173,,49,,,0,7.758620689655173,760,20,50,49
msg_1245,node49,node20,321,1430978,1430988.0,10.0,,,,7.641891891891892,,49,,7.92,0,7.641891891891892,534,34,50,49
msg_1246,node49,node21,321,1430978,1430987.0,9.0,,,,7.633649932157395,,49,,6.44,0,7.633649932157395,537,37,50,49
msg_1247,node49,node22,321,1430978,,,,,,7.758620689655173,,49,,,0,7.758620689655173,760,20,50,49
msg_1248,node49,node23,321,1430978,,,,,,7.758620689655173,,49,,,0,7.758620689655173,760,20,50,49
msg_1249,node49,node24,321,1430978,1430989.0,11.0,,,,7.6450742240215925,,49,,8.8,0,7.6450742240215925,533,33,50,49
msg_1250,node49,node25,321,1430978,1430989.0,11.0,,,,7.649595687331536,,49,,8.96,0,7.649595687331536,532,32,50,49
msg_1251,node49,node26,321,1430978,,,,,,7.758620689655173,,49,,,0,7.758620689655173,760,20,50,49
msg_1252,node49,node27,321,1430978,1430989.0,11.0,,,,7.654104979811574,,49,,9.28,0,7.654104979811574,531,31,50,49
msg_1253,node49,node28,321,1430978,,,,,,7.758620689655173,,49,,,0,7.758620689655173,760,20,50,49
msg_1254,node49,node29,321,1430978,,,,,,7.758620689655173,,49,,,0,7.758620689655173,760,20,50,49
msg_1255,node49,node30,321,1430978,,,,,,7.758620689655173,,49,,,0,7.758620689655173,760,20,50,49
msg_1256,node49,node31,321,1430978,1430988.0,10.0,,,,7.63550135501355,,49,,8.04,0,7.63550135501355,536,36,50,49
msg_1257,node49,node32,321,1430978,1430990.0,12.0,,,,7.658602150537634,,49,,8.6,0,7.658602150537634,530,30,50,49
msg_1258,node49,node33,321,1430978,1430991.0,13.0,,,,7.6644295302013425,,49,,10.32,0,7.6644295302013425,529,29,50,49
msg_1259,node49,node34,321,1430978,,,,,,7.758620689655173,,49,,,0,7.758620689655173,760,20,50,49
msg_1260,node49,node35,321,1430978,1430991.0,13.0,,,,7.671581769436997,,49,,10.48,0,7.671581769436997,528,28,50,49
msg_1261,node49,node36,321,1430978,1430991.0,13.0,,,,7.678714859437751,,49,,10.68,0,7.678714859437751,527,27,50,49
msg_1262,node49,node37,321,1430978,1430992.0,14.0,,,,7.685828877005347,,49,,11.12,0,7.685828877005347,526,26,50,49
msg_1263,node49,node38,321,1430978,,,,,,7.758620689655173,,49,,,0,7.758620689655173,760,20,50,49
msg_1264,node49,node39,321,1430978,,,,,,7.758620689655173,,49,,,0,7.758620689655173,760,20,50,49
msg_1265,node49,node40,321,1430978,1430992.0,14.0,,,,7.694259012016022,,49,,11.52,0,7.694259012016022,525,25,50,49
msg_1266,node49,node41,321,1430978,1430992.0,14.0,,,,7.7026666666666666,,49,,11.8,0,7.7026666666666666,524,24,50,49
msg_1267,node49,node42,321,1430978,,,,,,7.758620689655173,,49,,,0,7.758620689655173,760,20,50,49
msg_1268,node49,node43,321,1430978,,,,,,7.758620689655173,,49,,,0,7.758620689655173,760,20,50,49
msg_1269,node49,node44,321,1430978,1430992.0,14.0,,,,7.711051930758988,,49,,11.96,0,7.711051930758988,523,23,50,49
msg_1270,node49,node45,321,1430978,1430993.0,15.0,,,,7.719414893617022,,49,,12.52,0,7.719414893617022,522,22,50,49
msg_1271,node49,node46,321,1430978,1430993.0,15.0,,,,7.729083665338646,,49,,12.6,0,7.729083665338646,521,21,50,49
msg_1272,node49,node47,321,1430978,,,,,,7.758620689655173,,49,,,0,7.758620689655173,760,20,50,49
msg_1273,node49,node48,321,1430978,,,,,,7.758620689655173,,49,,,0,7.758620689655173,760,20,50,49
msg_1274,node49,node0,320,1432748,1432751.0,3.0,,,,7.7387267904509285,,49,,2.4615384615384617,0,7.7387267904509285,569,49,50,49
msg_1275,node49,node1,320,1432748,1432751.0,3.0,,,,7.732450331125828,,49,,2.5384615384615383,0,7.732450331125828,568,48,50,49
msg_1276,node49,node2,320,1432748,1432751.0,3.0,,,,7.726190476190476,,49,,3.4615384615384617,0,7.726190476190476,567,47,50,49
msg_1277,node49,node3,320,1432748,1432751.0,3.0,,,,7.713720316622691,,49,,3.5384615384615383,0,7.713720316622691,565,45,50,49
msg_1278,node49,node4,320,1432748,,,,,,7.758620689655173,,49,,,0,7.758620689655173,760,20,50,49
msg_1279,node49,node5,320,1432748,,,,,,7.758620689655173,,49,,,0,7.758620689655173,760,20,50,49
msg_1280,node49,node6,320,1432748,1432752.0,4.0,,,,7.707509881422925,,49,,4.615384615384615,0,7.707509881422925,564,44,50,49
msg_1281,node49,node7,320,1432748,1432752.0,4.0,,,,7.7026315789473685,,49,,5.038461538461538,0,7.7026315789473685,563,43,50,49
msg_1282,node49,node8,320,1432748,1432753.0,5.0,,,,7.692913385826771,,49,,5.423076923076923,0,7.692913385826771,561,41,50,49
msg_1283,node49,node9,320,1432748,1432753.0,5.0,,,,7.689384010484928,,49,,5.615384615384615,0,7.689384010484928,560,40,50,49
msg_1284,node49,node10,321,1432748,1432751.0,3.0,,,,7.71994715984148,,49,,3.5384615384615383,0,7.71994715984148,566,46,50,49
msg_1285,node49,node11,321,1432748,,,,,,7.758620689655173,,49,,,0,7.758620689655173,760,20,50,49
msg_1286,node49,node12,321,1432748,,,,,,7.758620689655173,,49,,,0,7.758620689655173,760,20,50,49
msg_1287,node49,node13,321,1432748,1432753.0,5.0,,,,7.68586387434555,,49,,6.3076923076923075,0,7.68586387434555,559,39,50,49
msg_1288,node49,node14,321,1432748,1432752.0,4.0,,,,7.697766097240473,,49,,4.653846153846154,0,7.697766097240473,562,42,50,49
msg_1289,node49,node15,321,1432748,1432754.0,6.0,,,,7.682352941176471,,49,,7.1923076923076925,0,7.682352941176471,558,38,50,49
msg_1290,node49,node16,321,1432748,,,,,,7.758620689655173,,49,,,0,7.758620689655173,760,20,50,49
msg_1291,node49,node17,321,1432748,1432755.0,7.0,,,,7.680156657963447,,49,,7.538461538461538,0,7.680156657963447,557,37,50,49
msg_1292,node49,node18,321,1432748,,,,,,7.758620689655173,,49,,,0,7.758620689655173,760,20,50,49
msg_1293,node49,node19,321,1432748,,,,,,7.758620689655173,,49,,,0,7.758620689655173,760,20,50,49
msg_1294,node49,node20,321,1432748,1432755.0,7.0,,,,7.679269882659713,,49,,8.0,0,7.679269882659713,556,36,50,49
msg_1295,node49,node21,321,1432748,1432755.0,7.0,,,,7.678385416666667,,49,,6.538461538461538,0,7.678385416666667,555,35,50,49
msg_1296,node49,node22,321,1432748,,,,,,7.758620689655173,,49,,,0,7.758620689655173,760,20,50,49
msg_1297,node49,node23,321,1432748,,,,,,7.758620689655173,,49,,,0,7.758620689655173,760,20,50,49
msg_1298,node49,node24,321,1432748,1432757.0,9.0,,,,7.6770428015564205,,49,,8.884615384615385,0,7.6770428015564205,552,32,50,49
msg_1299,node49,node25,321,1432748,1432757.0,9.0,,,,7.678756476683938,,49,,9.038461538461538,0,7.678756476683938,551,31,50,49
msg_1300,node49,node26,321,1432748,,,,,,7.758620689655173,,49,,,0,7.758620689655173,760,20,50,49
msg_1301,node49,node27,321,1432748,1432757.0,9.0,,,,7.680465717981889,,49,,9.346153846153847,0,7.680465717981889,550,30,50,49
msg_1302,node49,node28,321,1432748,,,,,,7.758620689655173,,49,,,0,7.758620689655173,760,20,50,49
msg_1303,node49,node29,321,1432748,,,,,,7.758620689655173,,49,,,0,7.758620689655173,760,20,50,49
msg_1304,node49,node30,321,1432748,,,,,,7.758620689655173,,49,,,0,7.758620689655173,760,20,50,49
msg_1305,node49,node31,321,1432748,1432755.0,7.0,,,,7.677503250975293,,49,,8.115384615384615,0,7.677503250975293,554,34,50,49
msg_1306,node49,node32,321,1432748,1432756.0,8.0,,,,7.676623376623376,,49,,8.73076923076923,0,7.676623376623376,553,33,50,49
msg_1307,node49,node33,321,1432748,1432758.0,10.0,,,,7.682170542635659,,49,,10.423076923076923,0,7.682170542635659,549,29,50,49
msg_1308,node49,node34,321,1432748,,,,,,7.758620689655173,,49,,,0,7.758620689655173,760,20,50,49
msg_1309,node49,node35,321,1432748,1432758.0,10.0,,,,7.685161290322581,,49,,10.576923076923077,0,7.685161290322581,548,28,50,49
msg_1310,node49,node36,321,1432748,1432758.0,10.0,,,,7.688144329896907,,49,,10.76923076923077,0,7.688144329896907,547,27,50,49
msg_1311,node49,node37,321,1432748,1432758.0,10.0,,,,7.691119691119691,,49,,11.23076923076923,0,7.691119691119691,546,26,50,49
msg_1312,node49,node38,321,1432748,,,,,,7.758620689655173,,49,,,0,7.758620689655173,760,20,50,49
msg_1313,node49,node39,321,1432748,,,,,,7.758620689655173,,49,,,0,7.758620689655173,760,20,50,49
msg_1314,node49,node40,321,1432748,1432759.0,11.0,,,,7.694087403598972,,49,,11.615384615384615,0,7.694087403598972,545,25,50,49
msg_1315,node49,node41,321,1432748,1432759.0,11.0,,,,7.698331193838254,,49,,11.884615384615385,0,7.698331193838254,544,24,50,49
msg_1316,node49,node42,321,1432748,,,,,,7.758620689655173,,49,,,0,7.758620689655173,760,20,50,49
msg_1317,node49,node43,321,1432748,,,,,,7.758620689655173,,49,,,0,7.758620689655173,760,20,50,49
msg_1318,node49,node44,321,1432748,1432759.0,11.0,,,,7.702564102564103,,49,,12.038461538461538,0,7.702564102564103,543,23,50,49
msg_1319,node49,node45,321,1432748,1432760.0,12.0,,,,7.706786171574904,,49,,12.615384615384615,0,7.706786171574904,542,22,50,49
msg_1320,node49,node46,321,1432748,1432760.0,12.0,,,,7.71227621483376,,49,,12.692307692307692,0,7.71227621483376,541,21,50,49
msg_1321,node49,node47,321,1432748,,,,,,7.758620689655173,,49,,,0,7.758620689655173,760,20,50,49
msg_1322,node49,node48,321,1432748,,,,,,7.758620689655173,,49,,,0,7.758620689655173,760,20,50,49
msg_1323,node49,node0,320,1447786,1447789.0,3.0,,,,7.717752234993615,,49,,2.4814814814814814,0,7.717752234993615,589,49,50,49
msg_1324,node49,node1,320,1447786,1447789.0,3.0,,,,7.711734693877551,,49,,2.5555555555555554,0,7.711734693877551,588,48,50,49
msg_1325,node49,node2,320,1447786,1447789.0,3.0,,,,7.705732484076433,,49,,3.4444444444444446,0,7.705732484076433,587,47,50,49
msg_1326,node49,node3,320,1447786,1447789.0,3.0,,,,7.693773824650572,,49,,3.5185185185185186,0,7.693773824650572,585,45,50,49
msg_1327,node49,node4,320,1447786,,,,,,7.758620689655173,,49,,,0,7.758620689655173,760,20,50,49
msg_1328,node49,node5,320,1447786,,,,,,7.758620689655173,,49,,,0,7.758620689655173,760,20,50,49
msg_1329,node49,node6,320,1447786,1447790.0,4.0,,,,7.687817258883249,,49,,4.592592592592593,0,7.687817258883249,584,44,50,49
msg_1330,node49,node7,320,1447786,1447790.0,4.0,,,,7.683143219264892,,49,,5.0,0,7.683143219264892,583,43,50,49
msg_1331,node49,node8,320,1447786,1447791.0,5.0,,,,7.673830594184577,,49,,5.407407407407407,0,7.673830594184577,581,41,50,49
msg_1332,node49,node9,320,1447786,1447791.0,5.0,,,,7.670454545454546,,49,,5.592592592592593,0,7.670454545454546,580,40,50,49
msg_1333,node49,node10,321,1447786,1447789.0,3.0,,,,7.699745547073792,,49,,3.5185185185185186,0,7.699745547073792,586,46,50,49
msg_1334,node49,node11,321,1447786,,,,,,7.758620689655173,,49,,,0,7.758620689655173,760,20,50,49
msg_1335,node49,node12,321,1447786,,,,,,7.758620689655173,,49,,,0,7.758620689655173,760,20,50,49
msg_1336,node49,node13,321,1447786,1447791.0,5.0,,,,7.667087011349307,,49,,6.2592592592592595,0,7.667087011349307,579,39,50,49
msg_1337,node49,node14,321,1447786,1447790.0,4.0,,,,7.678481012658228,,49,,4.62962962962963,0,7.678481012658228,582,42,50,49
msg_1338,node49,node15,321,1447786,1447792.0,6.0,,,,7.663727959697733,,49,,7.148148148148148,0,7.663727959697733,578,38,50,49
msg_1339,node49,node16,321,1447786,,,,,,7.758620689655173,,49,,,0,7.758620689655173,760,20,50,49
msg_1340,node49,node17,321,1447786,1447793.0,7.0,,,,7.6616352201257865,,49,,7.518518518518518,0,7.6616352201257865,577,37,50,49
msg_1341,node49,node18,321,1447786,,,,,,7.758620689655173,,49,,,0,7.758620689655173,760,20,50,49
msg_1342,node49,node19,321,1447786,,,,,,7.758620689655173,,49,,,0,7.758620689655173,760,20,50,49
msg_1343,node49,node20,321,1447786,1447793.0,7.0,,,,7.660804020100502,,49,,7.962962962962963,0,7.660804020100502,576,36,50,49
msg_1344,node49,node21,321,1447786,1447793.0,7.0,,,,7.659974905897114,,49,,6.555555555555555,0,7.659974905897114,575,35,50,49
msg_1345,node49,node22,321,1447786,,,,,,7.758620689655173,,49,,,0,7.758620689655173,760,20,50,49
msg_1346,node49,node23,321,1447786,,,,,,7.758620689655173,,49,,,0,7.758620689655173,760,20,50,49
msg_1347,node49,node24,321,1447786,1447795.0,9.0,,,,7.65875,,49,,8.88888888888889,0,7.65875,572,32,50,49
msg_1348,node49,node25,321,1447786,1447795.0,9.0,,,,7.6604244694132335,,49,,9.037037037037036,0,7.6604244694132335,571,31,50,49
msg_1349,node49,node26,321,1447786,,,,,,7.758620689655173,,49,,,0,7.758620689655173,760,20,50,49
msg_1350,node49,node27,321,1447786,1447795.0,9.0,,,,7.662094763092269,,49,,9.333333333333334,0,7.662094763092269,570,30,50,49
msg_1351,node49,node28,321,1447786,,,,,,7.758620689655173,,49,,,0,7.758620689655173,760,20,50,49
msg_1352,node49,node29,321,1447786,,,,,,7.758620689655173,,49,,,0,7.758620689655173,760,20,50,49
msg_1353,node49,node30,321,1447786,,,,,,7.758620689655173,,49,,,0,7.758620689655173,760,20,50,49
msg_1354,node49,node31,321,1447786,1447793.0,7.0,,,,7.659147869674185,,49,,8.074074074074074,0,7.659147869674185,574,34,50,49
msg_1355,node49,node32,321,1447786,1447794.0,8.0,,,,7.658322903629537,,49,,8.703703703703704,0,7.658322903629537,573,33,50,49
msg_1356,node49,node33,321,1447786,1447796.0,10.0,,,,7.663760896637609,,49,,10.407407407407407,0,7.663760896637609,569,29,50,49
msg_1357,node49,node34,321,1447786,,,,,,7.758620689655173,,49,,,0,7.758620689655173,760,20,50,49
msg_1358,node49,node35,321,1447786,1447796.0,10.0,,,,7.666666666666667,,49,,10.555555555555555,0,7.666666666666667,568,28,50,49
msg_1359,node49,node36,321,1447786,1447796.0,10.0,,,,7.6695652173913045,,49,,10.74074074074074,0,7.6695652173913045,567,27,50,49
msg_1360,node49,node37,321,1447786,1447796.0,10.0,,,,7.672456575682382,,49,,11.185185185185185,0,7.672456575682382,566,26,50,49
msg_1361,node49,node38,321,1447786,,,,,,7.758620689655173,,49,,,0,7.758620689655173,760,20,50,49
msg_1362,node49,node39,321,1447786,,,,,,7.758620689655173,,49,,,0,7.758620689655173,760,20,50,49
msg_1363,node49,node40,321,1447786,1447797.0,11.0,,,,7.675340768277572,,49,,11.592592592592593,0,7.675340768277572,565,25,50,49
msg_1364,node49,node41,321,1447786,1447797.0,11.0,,,,7.679455445544554,,49,,11.851851851851851,0,7.679455445544554,564,24,50,49
msg_1365,node49,node42,321,1447786,,,,,,7.758620689655173,,49,,,0,7.758620689655173,760,20,50,49
msg_1366,node49,node43,321,1447786,,,,,,7.758620689655173,,49,,,0,7.758620689655173,760,20,50,49
msg_1367,node49,node44,321,1447786,1447797.0,11.0,,,,7.683559950556242,,49,,12.0,0,7.683559950556242,563,23,50,49
msg_1368,node49,node45,321,1447786,1447798.0,12.0,,,,7.687654320987654,,49,,12.592592592592593,0,7.687654320987654,562,22,50,49
msg_1369,node49,node46,321,1447786,1447798.0,12.0,,,,7.692971639950678,,49,,12.666666666666666,0,7.692971639950678,561,21,50,49
msg_1370,node49,node47,321,1447786,,,,,,7.758620689655173,,49,,,0,7.758620689655173,760,20,50,49
msg_1371,node49,node48,321,1447786,,,,,,7.758620689655173,,49,,,0,7.758620689655173,760,20,50,49
msg_1372,node49,node0,320,1482349,1482351.0,2.0,,,,7.698275862068965,,49,,2.5,0,7.698275862068965,609,49,50,49
msg_1373,node49,node1,320,1482349,1482351.0,2.0,,,,7.691266912669127,,49,,2.5714285714285716,0,7.691266912669127,608,48,50,49
msg_1374,node49,node2,320,1482349,1482352.0,3.0,,,,7.684275184275184,,49,,3.4285714285714284,0,7.684275184275184,607,47,50,49
msg_1375,node49,node3,320,1482349,1482352.0,3.0,,,,7.678527607361963,,49,,3.5,0,7.678527607361963,606,46,50,49
msg_1376,node49,node4,320,1482349,,,,,,7.758620689655173,,49,,,0,7.758620689655173,760,20,50,49
msg_1377,node49,node5,320,1482349,,,,,,7.758620689655173,,49,,,0,7.758620689655173,760,20,50,49
msg_1378,node49,node6,320,1482349,1482353.0,4.0,,,,7.672794117647059,,49,,4.571428571428571,0,7.672794117647059,605,45,50,49
msg_1379,node49,node7,320,1482349,1482353.0,4.0,,,,7.668298653610771,,49,,4.964285714285714,0,7.668298653610771,604,44,50,49
msg_1380,node49,node8,320,1482349,1482354.0,5.0,,,,7.660561660561661,,49,,5.392857142857143,0,7.660561660561661,602,42,50,49
msg_1381,node49,node9,320,1482349,1482355.0,6.0,,,,7.655298416565165,,49,,5.571428571428571,0,7.655298416565165,600,40,50,49
msg_1382,node49,node10,321,1482349,1482354.0,5.0,,,,7.663814180929095,,49,,3.5,0,7.663814180929095,603,43,50,49
msg_1383,node49,node11,321,1482349,,,,,,7.758620689655173,,49,,,0,7.758620689655173,760,20,50,49
msg_1384,node49,node12,321,1482349,,,,,,7.758620689655173,,49,,,0,7.758620689655173,760,20,50,49
msg_1385,node49,node13,321,1482349,1482355.0,6.0,,,,7.653284671532846,,49,,6.214285714285714,0,7.653284671532846,599,39,50,49
msg_1386,node49,node14,321,1482349,1482355.0,6.0,,,,7.657317073170732,,49,,4.607142857142857,0,7.657317073170732,601,41,50,49
msg_1387,node49,node15,321,1482349,1482356.0,7.0,,,,7.65127582017011,,49,,7.107142857142857,0,7.65127582017011,598,38,50,49
msg_1388,node49,node16,321,1482349,,,,,,7.758620689655173,,49,,,0,7.758620689655173,760,20,50,49
msg_1389,node49,node17,321,1482349,1482356.0,7.0,,,,7.649696969696969,,49,,7.5,0,7.649696969696969,596,36,50,49
msg_1390,node49,node18,321,1482349,,,,,,7.758620689655173,,49,,,0,7.758620689655173,760,20,50,49
msg_1391,node49,node19,321,1482349,,,,,,7.758620689655173,,49,,,0,7.758620689655173,760,20,50,49
msg_1392,node49,node20,321,1482349,1482357.0,8.0,,,,7.648910411622276,,49,,7.928571428571429,0,7.648910411622276,595,35,50,49
msg_1393,node49,node21,321,1482349,1482356.0,7.0,,,,7.650485436893204,,49,,6.571428571428571,0,7.650485436893204,597,37,50,49
msg_1394,node49,node22,321,1482349,,,,,,7.758620689655173,,49,,,0,7.758620689655173,760,20,50,49
msg_1395,node49,node23,321,1482349,,,,,,7.758620689655173,,49,,,0,7.758620689655173,760,20,50,49
msg_1396,node49,node24,321,1482349,1482358.0,9.0,,,,7.649334945586457,,49,,8.892857142857142,0,7.649334945586457,594,34,50,49
msg_1397,node49,node25,321,1482349,1482358.0,9.0,,,,7.650966183574879,,49,,9.035714285714286,0,7.650966183574879,593,33,50,49
msg_1398,node49,node26,321,1482349,,,,,,7.758620689655173,,49,,,0,7.758620689655173,760,20,50,49
msg_1399,node49,node27,321,1482349,1482358.0,9.0,,,,7.652593486127865,,49,,9.321428571428571,0,7.652593486127865,592,32,50,49
msg_1400,node49,node28,321,1482349,,,,,,7.758620689655173,,49,,,0,7.758620689655173,760,20,50,49
msg_1401,node49,node29,321,1482349,,,,,,7.758620689655173,,49,,,0,7.758620689655173,760,20,50,49
msg_1402,node49,node30,321,1482349,,,,,,7.758620689655173,,49,,,0,7.758620689655173,760,20,50,49
msg_1403,node49,node31,321,1482349,1482359.0,10.0,,,,7.65421686746988,,49,,8.035714285714286,0,7.65421686746988,591,31,50,49
msg_1404,node49,node32,321,1482349,1482359.0,10.0,,,,7.657039711191335,,49,,8.678571428571429,0,7.657039711191335,590,30,50,49
msg_1405,node49,node33,321,1482349,1482360.0,11.0,,,,7.659855769230769,,49,,10.392857142857142,0,7.659855769230769,589,29,50,49
msg_1406,node49,node34,321,1482349,,,,,,7.758620689655173,,49,,,0,7.758620689655173,760,20,50,49
msg_1407,node49,node35,321,1482349,1482360.0,11.0,,,,7.663865546218488,,49,,10.535714285714286,0,7.663865546218488,588,28,50,49
msg_1408,node49,node36,321,1482349,1482361.0,12.0,,,,7.667865707434053,,49,,10.714285714285714,0,7.667865707434053,587,27,50,49
msg_1409,node49,node37,321,1482349,1482361.0,12.0,,,,7.673053892215568,,49,,11.142857142857142,0,7.673053892215568,586,26,50,49
msg_1410,node49,node38,321,1482349,,,,,,7.758620689655173,,49,,,0,7.758620689655173,760,20,50,49
msg_1411,node49,node39,321,1482349,,,,,,7.758620689655173,,49,,,0,7.758620689655173,760,20,50,49
msg_1412,node49,node40,321,1482349,1482361.0,12.0,,,,7.67822966507177,,49,,11.571428571428571,0,7.67822966507177,585,25,50,49
msg_1413,node49,node41,321,1482349,1482361.0,12.0,,,,7.683393070489845,,49,,11.821428571428571,0,7.683393070489845,584,24,50,49
msg_1414,node49,node42,321,1482349,,,,,,7.758620689655173,,49,,,0,7.758620689655173,760,20,50,49
msg_1415,node49,node43,321,1482349,,,,,,7.758620689655173,,49,,,0,7.758620689655173,760,20,50,49
msg_1416,node49,node44,321,1482349,1482362.0,13.0,,,,7.68854415274463,,49,,11.964285714285714,0,7.68854415274463,583,23,50,49
msg_1417,node49,node45,321,1482349,1482362.0,13.0,,,,7.694874851013111,,49,,12.571428571428571,0,7.694874851013111,582,22,50,49
msg_1418,node49,node46,321,1482349,1482362.0,13.0,,,,7.701190476190476,,49,,12.642857142857142,0,7.701190476190476,581,21,50,49
msg_1419,node49,node47,321,1482349,,,,,,7.758620689655173,,49,,,0,7.758620689655173,760,20,50,49
msg_1420,node49,node48,321,1482349,,,,,,7.758620689655173,,49,,,0,7.758620689655173,760,20,50,49
msg_1421,node49,node0,320,1523436,1523438.0,2.0,,,,7.707491082045184,,49,,2.4827586206896552,0,7.707491082045184,629,49,50,49
msg_1422,node49,node1,320,1523436,1523438.0,2.0,,,,7.7007125890736345,,49,,2.5517241379310347,0,7.7007125890736345,628,48,50,49
msg_1423,node49,node2,320,1523436,1523439.0,3.0,,,,7.693950177935943,,49,,3.413793103448276,0,7.693950177935943,627,47,50,49
msg_1424,node49,node3,320,1523436,1523439.0,3.0,,,,7.688388625592417,,49,,3.4827586206896552,0,7.688388625592417,626,46,50,49
msg_1425,node49,node4,320,1523436,,,,,,7.758620689655173,,49,,,0,7.758620689655173,760,20,50,49
msg_1426,node49,node5,320,1523436,,,,,,7.758620689655173,,49,,,0,7.758620689655173,760,20,50,49
msg_1427,node49,node6,320,1523436,1523441.0,5.0,,,,7.669811320754717,,49,,4.551724137931035,0,7.669811320754717,622,42,50,49
msg_1428,node49,node7,320,1523436,1523442.0,6.0,,,,7.666666666666667,,49,,4.931034482758621,0,7.666666666666667,621,41,50,49
msg_1429,node49,node8,320,1523436,1523442.0,6.0,,,,7.6647058823529415,,49,,5.379310344827586,0,7.6647058823529415,620,40,50,49
msg_1430,node49,node9,320,1523436,1523442.0,6.0,,,,7.6627497062279675,,49,,5.586206896551724,0,7.6627497062279675,619,39,50,49
msg_1431,node49,node10,321,1523436,1523439.0,3.0,,,,7.68284023668639,,49,,3.5517241379310347,0,7.68284023668639,625,45,50,49
msg_1432,node49,node11,321,1523436,,,,,,7.758620689655173,,49,,,0,7.758620689655173,760,20,50,49
msg_1433,node49,node12,321,1523436,,,,,,7.758620689655173,,49,,,0,7.758620689655173,760,20,50,49
msg_1434,node49,node13,321,1523436,1523443.0,7.0,,,,7.660798122065728,,49,,6.206896551724138,0,7.660798122065728,618,38,50,49
msg_1435,node49,node14,321,1523436,1523440.0,4.0,,,,7.677304964539007,,49,,4.655172413793103,0,7.677304964539007,624,44,50,49
msg_1436,node49,node15,321,1523436,1523443.0,7.0,,,,7.660023446658851,,49,,7.103448275862069,0,7.660023446658851,617,37,50,49
msg_1437,node49,node16,321,1523436,,,,,,7.758620689655173,,49,,,0,7.758620689655173,760,20,50,49
msg_1438,node49,node17,321,1523436,1523443.0,7.0,,,,7.659250585480094,,49,,7.482758620689655,0,7.659250585480094,616,36,50,49
msg_1439,node49,node18,321,1523436,,,,,,7.758620689655173,,49,,,0,7.758620689655173,760,20,50,49
msg_1440,node49,node19,321,1523436,,,,,,7.758620689655173,,49,,,0,7.758620689655173,760,20,50,49
msg_1441,node49,node20,321,1523436,1523444.0,8.0,,,,7.658109684947491,,49,,7.931034482758621,0,7.658109684947491,613,33,50,49
msg_1442,node49,node21,321,1523436,1523441.0,5.0,,,,7.672963400236127,,49,,6.586206896551724,0,7.672963400236127,623,43,50,49
msg_1443,node49,node22,321,1523436,,,,,,7.758620689655173,,49,,,0,7.758620689655173,760,20,50,49
msg_1444,node49,node23,321,1523436,,,,,,7.758620689655173,,49,,,0,7.758620689655173,760,20,50,49
msg_1445,node49,node24,321,1523436,1523445.0,9.0,,,,7.658508158508159,,49,,8.89655172413793,0,7.658508158508159,612,32,50,49
msg_1446,node49,node25,321,1523436,1523445.0,9.0,,,,7.660069848661234,,49,,9.03448275862069,0,7.660069848661234,611,31,50,49
msg_1447,node49,node26,321,1523436,,,,,,7.758620689655173,,49,,,0,7.758620689655173,760,20,50,49
msg_1448,node49,node27,321,1523436,1523445.0,9.0,,,,7.661627906976745,,49,,9.310344827586206,0,7.661627906976745,610,30,50,49
msg_1449,node49,node28,321,1523436,,,,,,7.758620689655173,,49,,,0,7.758620689655173,760,20,50,49
msg_1450,node49,node29,321,1523436,,,,,,7.758620689655173,,49,,,0,7.758620689655173,760,20,50,49
msg_1451,node49,node30,321,1523436,,,,,,7.758620689655173,,49,,,0,7.758620689655173,760,20,50,49
msg_1452,node49,node31,321,1523436,1523443.0,7.0,,,,7.658479532163743,,49,,8.10344827586207,0,7.658479532163743,615,35,50,49
msg_1453,node49,node32,321,1523436,1523444.0,8.0,,,,7.6577102803738315,,49,,8.724137931034482,0,7.6577102803738315,614,34,50,49
msg_1454,node49,node33,321,1523436,1523446.0,10.0,,,,7.663182346109175,,49,,10.413793103448276,0,7.663182346109175,609,29,50,49
msg_1455,node49,node34,321,1523436,,,,,,7.758620689655173,,49,,,0,7.758620689655173,760,20,50,49
msg_1456,node49,node35,321,1523436,1523446.0,10.0,,,,7.665893271461717,,49,,10.551724137931034,0,7.665893271461717,608,28,50,49
msg_1457,node49,node36,321,1523436,1523446.0,10.0,,,,7.668597914252607,,49,,10.758620689655173,0,7.668597914252607,607,27,50,49
msg_1458,node49,node37,321,1523436,1523447.0,11.0,,,,7.671296296296297,,49,,11.172413793103448,0,7.671296296296297,606,26,50,49
msg_1459,node49,node38,321,1523436,,,,,,7.758620689655173,,49,,,0,7.758620689655173,760,20,50,49
msg_1460,node49,node39,321,1523436,,,,,,7.758620689655173,,49,,,0,7.758620689655173,760,20,50,49
msg_1461,node49,node40,321,1523436,1523447.0,11.0,,,,7.67514450867052,,49,,11.586206896551724,0,7.67514450867052,605,25,50,49
msg_1462,node49,node41,321,1523436,1523447.0,11.0,,,,7.678983833718245,,49,,11.827586206896552,0,7.678983833718245,604,24,50,49
msg_1463,node49,node42,321,1523436,,,,,,7.758620689655173,,49,,,0,7.758620689655173,760,20,50,49
msg_1464,node49,node43,321,1523436,,,,,,7.758620689655173,,49,,,0,7.758620689655173,760,20,50,49
msg_1465,node49,node44,321,1523436,1523447.0,11.0,,,,7.682814302191465,,49,,12.0,0,7.682814302191465,603,23,50,49
msg_1466,node49,node45,321,1523436,1523448.0,12.0,,,,7.686635944700461,,49,,12.586206896551724,0,7.686635944700461,602,22,50,49
msg_1467,node49,node46,321,1523436,1523448.0,12.0,,,,7.691599539700806,,49,,12.655172413793103,0,7.691599539700806,601,21,50,49
msg_1468,node49,node47,321,1523436,,,,,,7.758620689655173,,49,,,0,7.758620689655173,760,20,50,49
msg_1469,node49,node48,321,1523436,,,,,,7.758620689655173,,49,,,0,7.758620689655173,760,20,50,49
msg_1470,node49,node0,320,1539360,1539362.0,2.0,,,,7.696551724137931,,49,,2.466666666666667,0,7.696551724137931,649,49,50,49
msg_1471,node49,node1,320,1539360,1539362.0,2.0,,,,7.690011481056257,,49,,2.533333333333333,0,7.690011481056257,648,48,50,49
msg_1472,node49,node2,320,1539360,1539363.0,3.0,,,,7.68348623853211,,49,,3.4,0,7.68348623853211,647,47,50,49
msg_1473,node49,node3,320,1539360,1539363.0,3.0,,,,7.678121420389462,,49,,3.466666666666667,0,7.678121420389462,646,46,50,49
msg_1474,node49,node4,320,1539360,,,,,,7.758620689655173,,49,,,0,7.758620689655173,760,20,50,49
msg_1475,node49,node5,320,1539360,,,,,,7.758620689655173,,49,,,0,7.758620689655173,760,20,50,49
msg_1476,node49,node6,320,1539360,1539364.0,4.0,,,,7.6632420091324205,,49,,4.566666666666666,0,7.6632420091324205,643,43,50,49
msg_1477,node49,node7,320,1539360,1539365.0,5.0,,,,7.659064994298745,,49,,4.966666666666667,0,7.659064994298745,642,42,50,49
msg_1478,node49,node8,320,1539360,1539365.0,5.0,,,,7.6560364464692485,,49,,5.4,0,7.6560364464692485,641,41,50,49
msg_1479,node49,node9,320,1539360,1539365.0,5.0,,,,7.653014789533561,,49,,5.6,0,7.653014789533561,640,40,50,49
msg_1480,node49,node10,321,1539360,1539363.0,3.0,,,,7.672768878718536,,49,,3.533333333333333,0,7.672768878718536,645,45,50,49
msg_1481,node49,node11,321,1539360,,,,,,7.758620689655173,,49,,,0,7.758620689655173,760,20,50,49
msg_1482,node49,node12,321,1539360,,,,,,7.758620689655173,,49,,,0,7.758620689655173,760,20,50,49
msg_1483,node49,node13,321,1539360,1539366.0,6.0,,,,7.65,,49,,6.233333333333333,0,7.65,639,39,50,49
msg_1484,node49,node14,321,1539360,1539364.0,4.0,,,,7.667428571428571,,49,,4.633333333333334,0,7.667428571428571,644,44,50,49
msg_1485,node49,node15,321,1539360,1539367.0,7.0,,,,7.64625850340136,,49,,7.1,0,7.64625850340136,637,37,50,49
msg_1486,node49,node16,321,1539360,,,,,,7.758620689655173,,49,,,0,7.758620689655173,760,20,50,49
msg_1487,node49,node17,321,1539360,1539367.0,7.0,,,,7.645526613816535,,49,,7.466666666666667,0,7.645526613816535,636,36,50,49
msg_1488,node49,node18,321,1539360,,,,,,7.758620689655173,,49,,,0,7.758620689655173,760,20,50,49
msg_1489,node49,node19,321,1539360,,,,,,7.758620689655173,,49,,,0,7.758620689655173,760,20,50,49
msg_1490,node49,node20,321,1539360,1539367.0,7.0,,,,7.644796380090498,,49,,7.933333333333334,0,7.644796380090498,635,35,50,49
msg_1491,node49,node21,321,1539360,1539366.0,6.0,,,,7.648127128263337,,49,,6.533333333333333,0,7.648127128263337,638,38,50,49
msg_1492,node49,node22,321,1539360,,,,,,7.758620689655173,,49,,,0,7.758620689655173,760,20,50,49
msg_1493,node49,node23,321,1539360,,,,,,7.758620689655173,,49,,,0,7.758620689655173,760,20,50,49
msg_1494,node49,node24,321,1539360,1539368.0,8.0,,,,7.6440677966101696,,49,,8.9,0,7.6440677966101696,634,34,50,49
msg_1495,node49,node25,321,1539360,1539368.0,8.0,,,,7.644469525959368,,49,,9.033333333333333,0,7.644469525959368,633,33,50,49
msg_1496,node49,node26,321,1539360,,,,,,7.758620689655173,,49,,,0,7.758620689655173,760,20,50,49
msg_1497,node49,node27,321,1539360,1539368.0,8.0,,,,7.644870349492672,,49,,9.3,0,7.644870349492672,632,32,50,49
msg_1498,node49,node28,321,1539360,,,,,,7.758620689655173,,49,,,0,7.758620689655173,760,20,50,49
msg_1499,node49,node29,321,1539360,,,,,,7.758620689655173,,49,,,0,7.758620689655173,760,20,50,49
msg_1500,node49,node30,321,1539360,,,,,,7.758620689655173,,49,,,0,7.758620689655173,760,20,50,49
msg_1501,node49,node31,321,1539360,1539368.0,8.0,,,,7.64527027027027,,49,,8.066666666666666,0,7.64527027027027,631,31,50,49
msg_1502,node49,node32,321,1539360,1539369.0,9.0,,,,7.645669291338582,,49,,8.7,0,7.645669291338582,630,30,50,49
msg_1503,node49,node33,321,1539360,1539370.0,10.0,,,,7.647191011235955,,49,,10.4,0,7.647191011235955,629,29,50,49
msg_1504,node49,node34,321,1539360,,,,,,7.758620689655173,,49,,,0,7.758620689655173,760,20,50,49
msg_1505,node49,node35,321,1539360,1539370.0,10.0,,,,7.64983164983165,,49,,10.533333333333333,0,7.64983164983165,628,28,50,49
msg_1506,node49,node36,321,1539360,1539371.0,11.0,,,,7.6524663677130045,,49,,10.733333333333333,0,7.6524663677130045,627,27,50,49
msg_1507,node49,node37,321,1539360,1539371.0,11.0,,,,7.656215005599104,,49,,11.166666666666666,0,7.656215005599104,626,26,50,49
msg_1508,node49,node38,321,1539360,,,,,,7.758620689655173,,49,,,0,7.758620689655173,760,20,50,49
msg_1509,node49,node39,321,1539360,,,,,,7.758620689655173,,49,,,0,7.758620689655173,760,20,50,49
msg_1510,node49,node40,321,1539360,1539371.0,11.0,,,,7.659955257270694,,49,,11.566666666666666,0,7.659955257270694,625,25,50,49
msg_1511,node49,node41,321,1539360,1539371.0,11.0,,,,7.663687150837989,,49,,11.8,0,7.663687150837989,624,24,50,49
msg_1512,node49,node42,321,1539360,,,,,,7.758620689655173,,49,,,0,7.758620689655173,760,20,50,49
msg_1513,node49,node43,321,1539360,,,,,,7.758620689655173,,49,,,0,7.758620689655173,760,20,50,49
msg_1514,node49,node44,321,1539360,1539372.0,12.0,,,,7.667410714285714,,49,,11.966666666666667,0,7.667410714285714,623,23,50,49
msg_1515,node49,node45,321,1539360,1539372.0,12.0,,,,7.672240802675585,,49,,12.566666666666666,0,7.672240802675585,622,22,50,49
msg_1516,node49,node46,321,1539360,1539372.0,12.0,,,,7.67706013363029,,49,,12.633333333333333,0,7.67706013363029,621,21,50,49
msg_1517,node49,node47,321,1539360,,,,,,7.758620689655173,,49,,,0,7.758620689655173,760,20,50,49
msg_1518,node49,node48,321,1539360,,,,,,7.758620689655173,,49,,,0,7.758620689655173,760,20,50,49
msg_1519,node49,node0,320,1555108,1555111.0,3.0,,,,7.681868743047831,,49,,2.4516129032258065,0,7.681868743047831,669,49,50,49
msg_1520,node49,node1,320,1555108,1555111.0,3.0,,,,7.676666666666667,,49,,2.5161290322580645,0,7.676666666666667,668,48,50,49
msg_1521,node49,node2,320,1555108,1555112.0,4.0,,,,7.671476137624861,,49,,3.3870967741935485,0,7.671476137624861,667,47,50,49
msg_1522,node49,node3,320,1555108,1555112.0,4.0,,,,7.66740576496674,,49,,3.4516129032258065,0,7.66740576496674,666,46,50,49
msg_1523,node49,node4,320,1555108,,,,,,7.758620689655173,,49,,,0,7.758620689655173,760,20,50,49
msg_1524,node49,node5,320,1555108,,,,,,7.758620689655173,,49,,,0,7.758620689655173,760,20,50,49
msg_1525,node49,node6,320,1555108,1555113.0,5.0,,,,7.656353591160221,,49,,4.548387096774194,0,7.656353591160221,663,43,50,49
msg_1526,node49,node7,320,1555108,1555114.0,6.0,,,,7.653421633554084,,49,,4.967741935483871,0,7.653421633554084,662,42,50,49
msg_1527,node49,node8,320,1555108,1555114.0,6.0,,,,7.6515986769570015,,49,,5.387096774193548,0,7.6515986769570015,661,41,50,49
msg_1528,node49,node9,320,1555108,1555114.0,6.0,,,,7.649779735682819,,49,,5.580645161290323,0,7.649779735682819,660,40,50,49
msg_1529,node49,node10,321,1555108,1555112.0,4.0,,,,7.663344407530454,,49,,3.5161290322580645,0,7.663344407530454,665,45,50,49
msg_1530,node49,node11,321,1555108,,,,,,7.758620689655173,,49,,,0,7.758620689655173,760,20,50,49
msg_1531,node49,node12,321,1555108,,,,,,7.758620689655173,,49,,,0,7.758620689655173,760,20,50,49
msg_1532,node49,node13,321,1555108,1555115.0,7.0,,,,7.6479647964796476,,49,,6.225806451612903,0,7.6479647964796476,659,39,50,49
msg_1533,node49,node14,321,1555108,1555113.0,5.0,,,,7.65929203539823,,49,,4.612903225806452,0,7.65929203539823,664,44,50,49
msg_1534,node49,node15,321,1555108,1555116.0,8.0,,,,7.647639956092206,,49,,7.096774193548387,0,7.647639956092206,657,37,50,49
msg_1535,node49,node16,321,1555108,,,,,,7.758620689655173,,49,,,0,7.758620689655173,760,20,50,49
msg_1536,node49,node17,321,1555108,1555116.0,8.0,,,,7.6480263157894735,,49,,7.451612903225806,0,7.6480263157894735,656,36,50,49
msg_1537,node49,node18,321,1555108,,,,,,7.758620689655173,,49,,,0,7.758620689655173,760,20,50,49
msg_1538,node49,node19,321,1555108,,,,,,7.758620689655173,,49,,,0,7.758620689655173,760,20,50,49
msg_1539,node49,node20,321,1555108,1555117.0,9.0,,,,7.64841182913472,,49,,7.903225806451613,0,7.64841182913472,655,35,50,49
msg_1540,node49,node21,321,1555108,1555116.0,8.0,,,,7.647252747252748,,49,,6.516129032258065,0,7.647252747252748,658,38,50,49
msg_1541,node49,node22,321,1555108,,,,,,7.758620689655173,,49,,,0,7.758620689655173,760,20,50,49
msg_1542,node49,node23,321,1555108,,,,,,7.758620689655173,,49,,,0,7.758620689655173,760,20,50,49
msg_1543,node49,node24,321,1555108,1555119.0,11.0,,,,7.653930131004367,,49,,8.870967741935484,0,7.653930131004367,652,32,50,49
msg_1544,node49,node25,321,1555108,1555119.0,11.0,,,,7.657579062159215,,49,,9.0,0,7.657579062159215,651,31,50,49
msg_1545,node49,node26,321,1555108,,,,,,7.758620689655173,,49,,,0,7.758620689655173,760,20,50,49
msg_1546,node49,node27,321,1555108,1555119.0,11.0,,,,7.6612200435729845,,49,,9.258064516129032,0,7.6612200435729845,650,30,50,49
msg_1547,node49,node28,321,1555108,,,,,,7.758620689655173,,49,,,0,7.758620689655173,760,20,50,49
msg_1548,node49,node29,321,1555108,,,,,,7.758620689655173,,49,,,0,7.758620689655173,760,20,50,49
msg_1549,node49,node30,321,1555108,,,,,,7.758620689655173,,49,,,0,7.758620689655173,760,20,50,49
msg_1550,node49,node31,321,1555108,1555117.0,9.0,,,,7.649890590809628,,49,,8.064516129032258,0,7.649890590809628,654,34,50,49
msg_1551,node49,node32,321,1555108,1555118.0,10.0,,,,7.651366120218579,,49,,8.709677419354838,0,7.651366120218579,653,33,50,49
msg_1552,node49,node33,321,1555108,1555120.0,12.0,,,,7.664853101196953,,49,,10.387096774193548,0,7.664853101196953,649,29,50,49
msg_1553,node49,node34,321,1555108,,,,,,7.758620689655173,,49,,,0,7.758620689655173,760,20,50,49
msg_1554,node49,node35,321,1555108,1555120.0,12.0,,,,7.6695652173913045,,49,,10.516129032258064,0,7.6695652173913045,648,28,50,49
msg_1555,node49,node36,321,1555108,1555120.0,12.0,,,,7.6742671009771986,,49,,10.741935483870968,0,7.6742671009771986,647,27,50,49
msg_1556,node49,node37,321,1555108,1555121.0,13.0,,,,7.678958785249458,,49,,11.161290322580646,0,7.678958785249458,646,26,50,49
msg_1557,node49,node38,321,1555108,,,,,,7.758620689655173,,49,,,0,7.758620689655173,760,20,50,49
msg_1558,node49,node39,321,1555108,,,,,,7.758620689655173,,49,,,0,7.758620689655173,760,20,50,49
msg_1559,node49,node40,321,1555108,1555121.0,13.0,,,,7.684723726977248,,49,,11.548387096774194,0,7.684723726977248,645,25,50,49
msg_1560,node49,node41,321,1555108,1555121.0,13.0,,,,7.690476190476191,,49,,11.774193548387096,0,7.690476190476191,644,24,50,49
msg_1561,node49,node42,321,1555108,,,,,,7.758620689655173,,49,,,0,7.758620689655173,760,20,50,49
msg_1562,node49,node43,321,1555108,,,,,,7.758620689655173,,49,,,0,7.758620689655173,760,20,50,49
msg_1563,node49,node44,321,1555108,1555122.0,14.0,,,,7.696216216216216,,49,,11.96774193548387,0,7.696216216216216,643,23,50,49
msg_1564,node49,node45,321,1555108,1555122.0,14.0,,,,7.703023758099352,,49,,12.548387096774194,0,7.703023758099352,642,22,50,49
msg_1565,node49,node46,321,1555108,1555122.0,14.0,,,,7.7098166127292345,,49,,12.612903225806452,0,7.7098166127292345,641,21,50,49
msg_1566,node49,node47,321,1555108,,,,,,7.758620689655173,,49,,,0,7.758620689655173,760,20,50,49
msg_1567,node49,node48,321,1555108,,,,,,7.758620689655173,,49,,,0,7.758620689655173,760,20,50,49
msg_1568,node49,node0,320,1569922,1569925.0,3.0,,,,7.716594827586207,,49,,2.46875,0,7.716594827586207,689,49,50,49
msg_1569,node49,node1,320,1569922,1569925.0,3.0,,,,7.711517761033369,,49,,2.53125,0,7.711517761033369,688,48,50,49
msg_1570,node49,node2,320,1569922,1569926.0,4.0,,,,7.7064516129032254,,49,,3.40625,0,7.7064516129032254,687,47,50,49
msg_1571,node49,node3,320,1569922,1569927.0,5.0,,,,7.702470461868958,,49,,3.46875,0,7.702470461868958,686,46,50,49
msg_1572,node49,node4,320,1569922,,,,,,7.758620689655173,,49,,,0,7.758620689655173,760,20,50,49
msg_1573,node49,node5,320,1569922,,,,,,7.758620689655173,,49,,,0,7.758620689655173,760,20,50,49
msg_1574,node49,node6,320,1569922,1569927.0,5.0,,,,7.6995708154506435,,49,,4.5625,0,7.6995708154506435,685,45,50,49
msg_1575,node49,node7,320,1569922,1569927.0,5.0,,,,7.6937901498929335,,49,,5.0,0,7.6937901498929335,683,43,50,49
msg_1576,node49,node8,320,1569922,1569928.0,6.0,,,,7.6909090909090905,,49,,5.40625,0,7.6909090909090905,682,42,50,49
msg_1577,node49,node9,320,1569922,1569928.0,6.0,,,,7.689102564102564,,49,,5.59375,0,7.689102564102564,681,41,50,49
msg_1578,node49,node10,321,1569922,1569927.0,5.0,,,,7.696677384780279,,49,,3.53125,0,7.696677384780279,684,44,50,49
msg_1579,node49,node11,321,1569922,,,,,,7.758620689655173,,49,,,0,7.758620689655173,760,20,50,49
msg_1580,node49,node12,321,1569922,,,,,,7.758620689655173,,49,,,0,7.758620689655173,760,20,50,49
msg_1581,node49,node13,321,1569922,1569930.0,8.0,,,,7.684771033013845,,49,,6.25,0,7.684771033013845,678,38,50,49
msg_1582,node49,node14,321,1569922,1569928.0,6.0,,,,7.687299893276414,,49,,4.625,0,7.687299893276414,680,40,50,49
msg_1583,node49,node15,321,1569922,1569930.0,8.0,,,,7.685106382978724,,49,,7.125,0,7.685106382978724,677,37,50,49
msg_1584,node49,node16,321,1569922,,,,,,7.758620689655173,,49,,,0,7.758620689655173,760,20,50,49
msg_1585,node49,node17,321,1569922,1569931.0,9.0,,,,7.685441020191286,,49,,7.46875,0,7.685441020191286,676,36,50,49
msg_1586,node49,node18,321,1569922,,,,,,7.758620689655173,,49,,,0,7.758620689655173,760,20,50,49
msg_1587,node49,node19,321,1569922,,,,,,7.758620689655173,,49,,,0,7.758620689655173,760,20,50,49
msg_1588,node49,node20,321,1569922,1569931.0,9.0,,,,7.686836518046709,,49,,7.9375,0,7.686836518046709,675,35,50,49
msg_1589,node49,node21,321,1569922,1569929.0,7.0,,,,7.685501066098081,,49,,6.5625,0,7.685501066098081,679,39,50,49
msg_1590,node49,node22,321,1569922,,,,,,7.758620689655173,,49,,,0,7.758620689655173,760,20,50,49
msg_1591,node49,node23,321,1569922,,,,,,7.758620689655173,,49,,,0,7.758620689655173,760,20,50,49
msg_1592,node49,node24,321,1569922,1569932.0,10.0,,,,7.692063492063492,,49,,8.9375,0,7.692063492063492,672,32,50,49
msg_1593,node49,node25,321,1569922,1569933.0,11.0,,,,7.694503171247358,,49,,9.0625,0,7.694503171247358,671,31,50,49
msg_1594,node49,node26,321,1569922,,,,,,7.758620689655173,,49,,,0,7.758620689655173,760,20,50,49
msg_1595,node49,node27,321,1569922,1569933.0,11.0,,,,7.697993664202746,,49,,9.3125,0,7.697993664202746,670,30,50,49
msg_1596,node49,node28,321,1569922,,,,,,7.758620689655173,,49,,,0,7.758620689655173,760,20,50,49
msg_1597,node49,node29,321,1569922,,,,,,7.758620689655173,,49,,,0,7.758620689655173,760,20,50,49
msg_1598,node49,node30,321,1569922,,,,,,7.758620689655173,,49,,,0,7.758620689655173,760,20,50,49
msg_1599,node49,node31,321,1569922,1569931.0,9.0,,,,7.688229056203605,,49,,8.09375,0,7.688229056203605,674,34,50,49
msg_1600,node49,node32,321,1569922,1569932.0,10.0,,,,7.689618644067797,,49,,8.75,0,7.689618644067797,673,33,50,49
msg_1601,node49,node33,321,1569922,1569933.0,11.0,,,,7.701476793248945,,49,,10.4375,0,7.701476793248945,669,29,50,49
msg_1602,node49,node34,321,1569922,,,,,,7.758620689655173,,49,,,0,7.758620689655173,760,20,50,49
msg_1603,node49,node35,321,1569922,1569934.0,12.0,,,,7.7049525816649105,,49,,10.5625,0,7.7049525816649105,668,28,50,49
msg_1604,node49,node36,321,1569922,1569934.0,12.0,,,,7.7094736842105265,,49,,10.78125,0,7.7094736842105265,667,27,50,49
msg_1605,node49,node37,321,1569922,1569934.0,12.0,,,,7.713985278654048,,49,,11.21875,0,7.713985278654048,666,26,50,49
msg_1606,node49,node38,321,1569922,,,,,,7.758620689655173,,49,,,0,7.758620689655173,760,20,50,49
msg_1607,node49,node39,321,1569922,,,,,,7.758620689655173,,49,,,0,7.758620689655173,760,20,50,49
msg_1608,node49,node40,321,1569922,1569935.0,13.0,,,,7.718487394957983,,49,,11.59375,0,7.718487394957983,665,25,50,49
msg_1609,node49,node41,321,1569922,1569935.0,13.0,,,,7.724029380902413,,49,,11.8125,0,7.724029380902413,664,24,50,49
msg_1610,node49,node42,321,1569922,,,,,,7.758620689655173,,49,,,0,7.758620689655173,760,20,50,49
msg_1611,node49,node43,321,1569922,,,,,,7.758620689655173,,49,,,0,7.758620689655173,760,20,50,49
msg_1612,node49,node44,321,1569922,1569935.0,13.0,,,,7.729559748427673,,49,,12.03125,0,7.729559748427673,663,23,50,49
msg_1613,node49,node45,321,1569922,1569935.0,13.0,,,,7.735078534031413,,49,,12.59375,0,7.735078534031413,662,22,50,49
msg_1614,node49,node46,321,1569922,1569936.0,14.0,,,,7.7405857740585775,,49,,12.65625,0,7.7405857740585775,661,21,50,49
msg_1615,node49,node47,321,1569922,,,,,,7.758620689655173,,49,,,0,7.758620689655173,760,20,50,49
msg_1616,node49,node48,321,1569922,,,,,,7.758620689655173,,49,,,0,7.758620689655173,760,20,50,49
msg_1617,node49,node0,320,1606849,1606852.0,3.0,,,,7.747126436781609,,49,,2.484848484848485,0,7.747126436781609,709,49,50,49
msg_1618,node49,node1,320,1606849,1606852.0,3.0,,,,7.742171189979123,,49,,2.5454545454545454,0,7.742171189979123,708,48,50,49
msg_1619,node49,node2,320,1606849,1606853.0,4.0,,,,7.737226277372263,,49,,3.4242424242424243,0,7.737226277372263,707,47,50,49
msg_1620,node49,node3,320,1606849,1606853.0,4.0,,,,7.733333333333333,,49,,3.515151515151515,0,7.733333333333333,706,46,50,49
msg_1621,node49,node4,320,1606849,,,,,,7.758620689655173,,49,,,0,7.758620689655173,760,20,50,49
msg_1622,node49,node5,320,1606849,,,,,,7.758620689655173,,49,,,0,7.758620689655173,760,20,50,49
msg_1623,node49,node6,320,1606849,1606854.0,5.0,,,,7.725571725571726,,49,,4.575757575757576,0,7.725571725571726,704,44,50,49
msg_1624,node49,node7,320,1606849,1606854.0,5.0,,,,7.722741433021807,,49,,5.0,0,7.722741433021807,703,43,50,49
msg_1625,node49,node8,320,1606849,1606855.0,6.0,,,,7.719917012448133,,49,,5.424242424242424,0,7.719917012448133,702,42,50,49
msg_1626,node49,node9,320,1606849,1606855.0,6.0,,,,7.718134715025907,,49,,5.606060606060606,0,7.718134715025907,701,41,50,49
msg_1627,node49,node10,321,1606849,1606853.0,4.0,,,,7.729448491155047,,49,,3.5757575757575757,0,7.729448491155047,705,45,50,49
msg_1628,node49,node11,321,1606849,,,,,,7.758620689655173,,49,,,0,7.758620689655173,760,20,50,49
msg_1629,node49,node12,321,1606849,,,,,,7.758620689655173,,49,,,0,7.758620689655173,760,20,50,49
msg_1630,node49,node13,321,1606849,1606855.0,6.0,,,,7.716356107660456,,49,,6.303030303030303,0,7.716356107660456,700,40,50,49
msg_1631,node49,node14,321,1606849,1606856.0,7.0,,,,7.714581178903826,,49,,4.666666666666667,0,7.714581178903826,699,39,50,49
msg_1632,node49,node15,321,1606849,1606857.0,8.0,,,,7.713106295149639,,49,,7.151515151515151,0,7.713106295149639,697,37,50,49
msg_1633,node49,node16,321,1606849,,,,,,7.758620689655173,,49,,,0,7.758620689655173,760,20,50,49
msg_1634,node49,node17,321,1606849,1606857.0,8.0,,,,7.71340206185567,,49,,7.515151515151516,0,7.71340206185567,696,36,50,49
msg_1635,node49,node18,321,1606849,,,,,,7.758620689655173,,49,,,0,7.758620689655173,760,20,50,49
msg_1636,node49,node19,321,1606849,,,,,,7.758620689655173,,49,,,0,7.758620689655173,760,20,50,49
msg_1637,node49,node20,321,1606849,1606858.0,9.0,,,,7.7136972193614834,,49,,7.96969696969697,0,7.7136972193614834,695,35,50,49
msg_1638,node49,node21,321,1606849,1606856.0,7.0,,,,7.713842975206612,,49,,6.575757575757576,0,7.713842975206612,698,38,50,49
msg_1639,node49,node22,321,1606849,,,,,,7.758620689655173,,49,,,0,7.758620689655173,760,20,50,49
msg_1640,node49,node23,321,1606849,,,,,,7.758620689655173,,49,,,0,7.758620689655173,760,20,50,49
msg_1641,node49,node24,321,1606849,1606858.0,9.0,,,,7.715020576131687,,49,,8.969696969696969,0,7.715020576131687,694,34,50,49
msg_1642,node49,node25,321,1606849,1606858.0,9.0,,,,7.717659137577002,,49,,9.121212121212121,0,7.717659137577002,692,32,50,49
msg_1643,node49,node26,321,1606849,,,,,,7.758620689655173,,49,,,0,7.758620689655173,760,20,50,49
msg_1644,node49,node27,321,1606849,1606859.0,10.0,,,,7.718974358974359,,49,,9.363636363636363,0,7.718974358974359,691,31,50,49
msg_1645,node49,node28,321,1606849,,,,,,7.758620689655173,,49,,,0,7.758620689655173,760,20,50,49
msg_1646,node49,node29,321,1606849,,,,,,7.758620689655173,,49,,,0,7.758620689655173,760,20,50,49
msg_1647,node49,node30,321,1606849,,,,,,7.758620689655173,,49,,,0,7.758620689655173,760,20,50,49
msg_1648,node49,node31,321,1606849,1606858.0,9.0,,,,7.716341212744091,,49,,8.121212121212121,0,7.716341212744091,693,33,50,49
msg_1649,node49,node32,321,1606849,1606859.0,10.0,,,,7.721311475409836,,49,,8.787878787878787,0,7.721311475409836,690,30,50,49
msg_1650,node49,node33,321,1606849,1606860.0,11.0,,,,7.723643807574207,,49,,10.454545454545455,0,7.723643807574207,689,29,50,49
msg_1651,node49,node34,321,1606849,,,,,,7.758620689655173,,49,,,0,7.758620689655173,760,20,50,49
msg_1652,node49,node35,321,1606849,1606860.0,11.0,,,,7.726993865030675,,49,,10.606060606060606,0,7.726993865030675,688,28,50,49
msg_1653,node49,node36,321,1606849,1606861.0,12.0,,,,7.730337078651686,,49,,10.818181818181818,0,7.730337078651686,687,27,50,49
msg_1654,node49,node37,321,1606849,1606861.0,12.0,,,,7.73469387755102,,49,,11.242424242424242,0,7.73469387755102,686,26,50,49
msg_1655,node49,node38,321,1606849,,,,,,7.758620689655173,,49,,,0,7.758620689655173,760,20,50,49
msg_1656,node49,node39,321,1606849,,,,,,7.758620689655173,,49,,,0,7.758620689655173,760,20,50,49
msg_1657,node49,node40,321,1606849,1606861.0,12.0,,,,7.739041794087665,,49,,11.636363636363637,0,7.739041794087665,685,25,50,49
msg_1658,node49,node41,321,1606849,1606861.0,12.0,,,,7.743380855397149,,49,,11.848484848484848,0,7.743380855397149,684,24,50,49
msg_1659,node49,node42,321,1606849,,,,,,7.758620689655173,,49,,,0,7.758620689655173,760,20,50,49
msg_1660,node49,node43,321,1606849,,,,,,7.758620689655173,,49,,,0,7.758620689655173,760,20,50,49
msg_1661,node49,node44,321,1606849,1606862.0,13.0,,,,7.747711088504578,,49,,12.06060606060606,0,7.747711088504578,683,23,50,49
msg_1662,node49,node45,321,1606849,1606862.0,13.0,,,,7.753048780487805,,49,,12.606060606060606,0,7.753048780487805,682,22,50,49
msg_1663,node49,node46,321,1606849,1606862.0,13.0,,,,7.758375634517766,,49,,12.696969696969697,0,7.758375634517766,681,21,50,49
msg_1664,node49,node47,321,1606849,,,,,,7.758620689655173,,49,,,0,7.758620689655173,760,20,50,49
msg_1665,node49,node48,321,1606849,,,,,,7.758620689655173,,49,,,0,7.758620689655173,760,20,50,49
msg_1666,node49,node0,320,1627380,1627382.0,2.0,,,,7.76369168356998,,49,,2.5,0,7.76369168356998,729,49,50,49
msg_1667,node49,node1,320,1627380,1627382.0,2.0,,,,7.757852077001013,,49,,2.5588235294117645,0,7.757852077001013,728,48,50,49
msg_1668,node49,node2,320,1627380,1627383.0,3.0,,,,7.752024291497976,,49,,3.4411764705882355,0,7.752024291497976,727,47,50,49
msg_1669,node49,node3,320,1627380,1627383.0,3.0,,,,7.74721941354904,,49,,3.5294117647058822,0,7.74721941354904,726,46,50,49
msg_1670,node49,node4,320,1627380,,,,,,7.758620689655173,,49,,,0,7.758620689655173,760,20,50,49
msg_1671,node49,node5,320,1627380,,,,,,7.758620689655173,,49,,,0,7.758620689655173,760,20,50,49
msg_1672,node49,node6,320,1627380,1627385.0,5.0,,,,7.733870967741935,,49,,4.588235294117647,0,7.733870967741935,723,43,50,49
msg_1673,node49,node7,320,1627380,1627385.0,5.0,,,,7.731117824773414,,49,,5.0,0,7.731117824773414,722,42,50,49
msg_1674,node49,node8,320,1627380,1627385.0,5.0,,,,7.7283702213279675,,49,,5.4411764705882355,0,7.7283702213279675,721,41,50,49
msg_1675,node49,node9,320,1627380,1627385.0,5.0,,,,7.72289156626506,,49,,5.617647058823529,0,7.72289156626506,719,39,50,49
msg_1676,node49,node10,321,1627380,1627383.0,3.0,,,,7.742424242424242,,49,,3.588235294117647,0,7.742424242424242,725,45,50,49
msg_1677,node49,node11,321,1627380,,,,,,7.758620689655173,,49,,,0,7.758620689655173,760,20,50,49
msg_1678,node49,node12,321,1627380,,,,,,7.758620689655173,,49,,,0,7.758620689655173,760,20,50,49
msg_1679,node49,node13,321,1627380,1627386.0,6.0,,,,7.720160481444333,,49,,6.294117647058823,0,7.720160481444333,718,38,50,49
msg_1680,node49,node14,321,1627380,1627384.0,4.0,,,,7.7376387487386475,,49,,4.735294117647059,0,7.7376387487386475,724,44,50,49
msg_1681,node49,node15,321,1627380,1627386.0,6.0,,,,7.718436873747495,,49,,7.176470588235294,0,7.718436873747495,717,37,50,49
msg_1682,node49,node16,321,1627380,,,,,,7.758620689655173,,49,,,0,7.758620689655173,760,20,50,49
msg_1683,node49,node17,321,1627380,1627387.0,7.0,,,,7.716716716716717,,49,,7.529411764705882,0,7.716716716716717,716,36,50,49
msg_1684,node49,node18,321,1627380,,,,,,7.758620689655173,,49,,,0,7.758620689655173,760,20,50,49
msg_1685,node49,node19,321,1627380,,,,,,7.758620689655173,,49,,,0,7.758620689655173,760,20,50,49
msg_1686,node49,node20,321,1627380,1627388.0,8.0,,,,7.716,,49,,8.0,0,7.716,715,35,50,49
msg_1687,node49,node21,321,1627380,1627385.0,5.0,,,,7.725628140703518,,49,,6.588235294117647,0,7.725628140703518,720,40,50,49
msg_1688,node49,node22,321,1627380,,,,,,7.758620689655173,,49,,,0,7.758620689655173,760,20,50,49
msg_1689,node49,node23,321,1627380,,,,,,7.758620689655173,,49,,,0,7.758620689655173,760,20,50,49
msg_1690,node49,node24,321,1627380,1627389.0,9.0,,,,7.716849451645065,,49,,8.970588235294118,0,7.716849451645065,712,32,50,49
msg_1691,node49,node25,321,1627380,1627389.0,9.0,,,,7.718127490039841,,49,,9.117647058823529,0,7.718127490039841,711,31,50,49
msg_1692,node49,node26,321,1627380,,,,,,7.758620689655173,,49,,,0,7.758620689655173,760,20,50,49
msg_1693,node49,node27,321,1627380,1627389.0,9.0,,,,7.719402985074627,,49,,9.382352941176471,0,7.719402985074627,710,30,50,49
msg_1694,node49,node28,321,1627380,,,,,,7.758620689655173,,49,,,0,7.758620689655173,760,20,50,49
msg_1695,node49,node29,321,1627380,,,,,,7.758620689655173,,49,,,0,7.758620689655173,760,20,50,49
msg_1696,node49,node30,321,1627380,,,,,,7.758620689655173,,49,,,0,7.758620689655173,760,20,50,49
msg_1697,node49,node31,321,1627380,1627388.0,8.0,,,,7.716283716283717,,49,,8.147058823529411,0,7.716283716283717,714,34,50,49
msg_1698,node49,node32,321,1627380,1627388.0,8.0,,,,7.716566866267465,,49,,8.823529411764707,0,7.716566866267465,713,33,50,49
msg_1699,node49,node33,321,1627380,1627390.0,10.0,,,,7.720675944333996,,49,,10.470588235294118,0,7.720675944333996,709,29,50,49
msg_1700,node49,node34,321,1627380,,,,,,7.758620689655173,,49,,,0,7.758620689655173,760,20,50,49
msg_1701,node49,node35,321,1627380,1627390.0,10.0,,,,7.722939424031778,,49,,10.617647058823529,0,7.722939424031778,708,28,50,49
msg_1702,node49,node36,321,1627380,1627390.0,10.0,,,,7.725198412698413,,49,,10.852941176470589,0,7.725198412698413,707,27,50,49
msg_1703,node49,node37,321,1627380,1627391.0,11.0,,,,7.727452923686819,,49,,11.264705882352942,0,7.727452923686819,706,26,50,49
msg_1704,node49,node38,321,1627380,,,,,,7.758620689655173,,49,,,0,7.758620689655173,760,20,50,49
msg_1705,node49,node39,321,1627380,,,,,,7.758620689655173,,49,,,0,7.758620689655173,760,20,50,49
msg_1706,node49,node40,321,1627380,1627391.0,11.0,,,,7.7306930693069305,,49,,11.647058823529411,0,7.7306930693069305,705,25,50,49
msg_1707,node49,node41,321,1627380,1627391.0,11.0,,,,7.7339268051434225,,49,,11.852941176470589,0,7.7339268051434225,704,24,50,49
msg_1708,node49,node42,321,1627380,,,,,,7.758620689655173,,49,,,0,7.758620689655173,760,20,50,49
msg_1709,node49,node43,321,1627380,,,,,,7.758620689655173,,49,,,0,7.758620689655173,760,20,50,49
msg_1710,node49,node44,321,1627380,1627391.0,11.0,,,,7.737154150197629,,49,,12.088235294117647,0,7.737154150197629,703,23,50,49
msg_1711,node49,node45,321,1627380,1627392.0,12.0,,,,7.740375123395854,,49,,12.617647058823529,0,7.740375123395854,702,22,50,49
msg_1712,node49,node46,321,1627380,1627392.0,12.0,,,,7.7445759368836296,,49,,12.705882352941176,0,7.7445759368836296,701,21,50,49
msg_1713,node49,node47,321,1627380,,,,,,7.758620689655173,,49,,,0,7.758620689655173,760,20,50,49
msg_1714,node49,node48,321,1627380,,,,,,7.758620689655173,,49,,,0,7.758620689655173,760,20,50,49
msg_1715,node49,node0,320,1628685,1628687.0,2.0,,,,7.748768472906404,,49,,2.4857142857142858,0,7.748768472906404,749,49,50,49
msg_1716,node49,node1,320,1628685,1628687.0,2.0,,,,7.743110236220472,,49,,2.5428571428571427,0,7.743110236220472,748,48,50,49
msg_1717,node49,node2,320,1628685,1628688.0,3.0,,,,7.737463126843658,,49,,3.4285714285714284,0,7.737463126843658,747,47,50,49
msg_1718,node49,node3,320,1628685,1628688.0,3.0,,,,7.7328094302554025,,49,,3.5142857142857142,0,7.7328094302554025,746,46,50,49
msg_1719,node49,node4,320,1628685,,,,,,7.758620689655173,,49,,,0,7.758620689655173,760,20,50,49
msg_1720,node49,node5,320,1628685,,,,,,7.758620689655173,,49,,,0,7.758620689655173,760,20,50,49
msg_1721,node49,node6,320,1628685,1628689.0,4.0,,,,7.723529411764706,,49,,4.6,0,7.723529411764706,744,44,50,49
msg_1722,node49,node7,320,1628685,1628689.0,4.0,,,,7.719882468168462,,49,,5.0,0,7.719882468168462,743,43,50,49
msg_1723,node49,node8,320,1628685,1628690.0,5.0,,,,7.716242661448141,,49,,5.428571428571429,0,7.716242661448141,742,42,50,49
msg_1724,node49,node9,320,1628685,1628690.0,5.0,,,,7.713587487781036,,49,,5.6,0,7.713587487781036,741,41,50,49
msg_1725,node49,node10,321,1628685,1628688.0,3.0,,,,7.728164867517174,,49,,3.5714285714285716,0,7.728164867517174,745,45,50,49
msg_1726,node49,node11,321,1628685,,,,,,7.758620689655173,,49,,,0,7.758620689655173,760,20,50,49
msg_1727,node49,node12,321,1628685,,,,,,7.758620689655173,,49,,,0,7.758620689655173,760,20,50,49
msg_1728,node49,node13,321,1628685,1628690.0,5.0,,,,7.7109375,,49,,6.285714285714286,0,7.7109375,740,40,50,49
msg_1729,node49,node14,321,1628685,1628690.0,5.0,,,,7.708292682926829,,49,,4.714285714285714,0,7.708292682926829,739,39,50,49
msg_1730,node49,node15,321,1628685,1628692.0,7.0,,,,7.703992210321324,,49,,7.142857142857143,0,7.703992210321324,737,37,50,49
msg_1731,node49,node16,321,1628685,,,,,,7.758620689655173,,49,,,0,7.758620689655173,760,20,50,49
msg_1732,node49,node17,321,1628685,1628692.0,7.0,,,,7.703307392996109,,49,,7.514285714285714,0,7.703307392996109,736,36,50,49
msg_1733,node49,node18,321,1628685,,,,,,7.758620689655173,,49,,,0,7.758620689655173,760,20,50,49
msg_1734,node49,node19,321,1628685,,,,,,7.758620689655173,,49,,,0,7.758620689655173,760,20,50,49
msg_1735,node49,node20,321,1628685,1628693.0,8.0,,,,7.702623906705539,,49,,8.0,0,7.702623906705539,735,35,50,49
msg_1736,node49,node21,321,1628685,1628691.0,6.0,,,,7.705653021442495,,49,,6.542857142857143,0,7.705653021442495,738,38,50,49
msg_1737,node49,node22,321,1628685,,,,,,7.758620689655173,,49,,,0,7.758620689655173,760,20,50,49
msg_1738,node49,node23,321,1628685,,,,,,7.758620689655173,,49,,,0,7.758620689655173,760,20,50,49
msg_1739,node49,node24,321,1628685,1628694.0,9.0,,,,7.703488372093023,,49,,8.971428571428572,0,7.703488372093023,732,32,50,49
msg_1740,node49,node25,321,1628685,1628694.0,9.0,,,,7.704743465634076,,49,,9.114285714285714,0,7.704743465634076,731,31,50,49
msg_1741,node49,node26,321,1628685,,,,,,7.758620689655173,,49,,,0,7.758620689655173,760,20,50,49
msg_1742,node49,node27,321,1628685,1628695.0,10.0,,,,7.705996131528046,,49,,9.371428571428572,0,7.705996131528046,730,30,50,49
msg_1743,node49,node28,321,1628685,,,,,,7.758620689655173,,49,,,0,7.758620689655173,760,20,50,49
msg_1744,node49,node29,321,1628685,,,,,,7.758620689655173,,49,,,0,7.758620689655173,760,20,50,49
msg_1745,node49,node30,321,1628685,,,,,,7.758620689655173,,49,,,0,7.758620689655173,760,20,50,49
msg_1746,node49,node31,321,1628685,1628693.0,8.0,,,,7.702912621359223,,49,,8.142857142857142,0,7.702912621359223,734,34,50,49
msg_1747,node49,node32,321,1628685,1628693.0,8.0,,,,7.7032007759456835,,49,,8.8,0,7.7032007759456835,733,33,50,49
msg_1748,node49,node33,321,1628685,1628695.0,10.0,,,,7.708212560386474,,49,,10.457142857142857,0,7.708212560386474,729,29,50,49
msg_1749,node49,node34,321,1628685,,,,,,7.758620689655173,,49,,,0,7.758620689655173,760,20,50,49
msg_1750,node49,node35,321,1628685,1628695.0,10.0,,,,7.710424710424711,,49,,10.6,0,7.710424710424711,728,28,50,49
msg_1751,node49,node36,321,1628685,1628696.0,11.0,,,,7.7126325940212155,,49,,10.82857142857143,0,7.7126325940212155,727,27,50,49
msg_1752,node49,node37,321,1628685,1628696.0,11.0,,,,7.7157996146435455,,49,,11.257142857142858,0,7.7157996146435455,726,26,50,49
msg_1753,node49,node38,321,1628685,,,,,,7.758620689655173,,49,,,0,7.758620689655173,760,20,50,49
msg_1754,node49,node39,321,1628685,,,,,,7.758620689655173,,49,,,0,7.758620689655173,760,20,50,49
msg_1755,node49,node40,321,1628685,1628696.0,11.0,,,,7.718960538979788,,49,,11.628571428571428,0,7.718960538979788,725,25,50,49
msg_1756,node49,node41,321,1628685,1628696.0,11.0,,,,7.7221153846153845,,49,,11.82857142857143,0,7.7221153846153845,724,24,50,49
msg_1757,node49,node42,321,1628685,,,,,,7.758620689655173,,49,,,0,7.758620689655173,760,20,50,49
msg_1758,node49,node43,321,1628685,,,,,,7.758620689655173,,49,,,0,7.758620689655173,760,20,50,49
msg_1759,node49,node44,321,1628685,1628697.0,12.0,,,,7.725264169068204,,49,,12.057142857142857,0,7.725264169068204,723,23,50,49
msg_1760,node49,node45,321,1628685,1628697.0,12.0,,,,7.72936660268714,,49,,12.6,0,7.72936660268714,722,22,50,49
msg_1761,node49,node46,321,1628685,1628697.0,12.0,,,,7.733461169702781,,49,,12.685714285714285,0,7.733461169702781,721,21,50,49
msg_1762,node49,node47,321,1628685,,,,,,7.758620689655173,,49,,,0,7.758620689655173,760,20,50,49
msg_1763,node49,node48,321,1628685,,,,,,7.758620689655173,,49,,,0,7.758620689655173,760,20,50,49
msg_1764,node49,node0,320,1737737,1737739.0,2.0,,,,7.737547892720307,,49,,2.4722222222222223,0,7.737547892720307,769,49,50,49
msg_1765,node49,node1,320,1737737,1737739.0,2.0,,,,7.732057416267943,,49,,2.5277777777777777,0,7.732057416267943,768,48,50,49
msg_1766,node49,node2,320,1737737,1737740.0,3.0,,,,7.726577437858508,,49,,3.4166666666666665,0,7.726577437858508,767,47,50,49
msg_1767,node49,node3,320,1737737,1737740.0,3.0,,,,7.722063037249284,,49,,3.5,0,7.722063037249284,766,46,50,49
msg_1768,node49,node4,320,1737737,,,,,,7.758620689655173,,49,,,0,7.758620689655173,760,20,50,49
msg_1769,node49,node5,320,1737737,,,,,,7.758620689655173,,49,,,0,7.758620689655173,760,20,50,49
msg_1770,node49,node6,320,1737737,1737743.0,6.0,,,,7.706945765937203,,49,,4.583333333333333,0,7.706945765937203,762,42,50,49
msg_1771,node49,node7,320,1737737,1737743.0,6.0,,,,7.70532319391635,,49,,4.972222222222222,0,7.70532319391635,761,41,50,49
msg_1772,node49,node8,320,1737737,1737743.0,6.0,,,,7.703703703703703,,49,,5.416666666666667,0,7.703703703703703,760,40,50,49
msg_1773,node49,node9,320,1737737,1737743.0,6.0,,,,7.702087286527514,,49,,5.583333333333333,0,7.702087286527514,759,39,50,49
msg_1774,node49,node10,321,1737737,1737740.0,3.0,,,,7.717557251908397,,49,,3.5555555555555554,0,7.717557251908397,765,45,50,49
msg_1775,node49,node11,321,1737737,,,,,,7.758620689655173,,49,,,0,7.758620689655173,760,20,50,49
msg_1776,node49,node12,321,1737737,,,,,,7.758620689655173,,49,,,0,7.758620689655173,760,20,50,49
msg_1777,node49,node13,321,1737737,1737744.0,7.0,,,,7.700473933649289,,49,,6.25,0,7.700473933649289,758,38,50,49
msg_1778,node49,node14,321,1737737,1737741.0,4.0,,,,7.713060057197331,,49,,4.722222222222222,0,7.713060057197331,764,44,50,49
msg_1779,node49,node15,321,1737737,1737744.0,7.0,,,,7.699810606060606,,49,,7.138888888888889,0,7.699810606060606,757,37,50,49
msg_1780,node49,node16,321,1737737,,,,,,7.758620689655173,,49,,,0,7.758620689655173,760,20,50,49
msg_1781,node49,node17,321,1737737,1737744.0,7.0,,,,7.699148533585619,,49,,7.5,0,7.699148533585619,756,36,50,49
msg_1782,node49,node18,321,1737737,,,,,,7.758620689655173,,49,,,0,7.758620689655173,760,20,50,49
msg_1783,node49,node19,321,1737737,,,,,,7.758620689655173,,49,,,0,7.758620689655173,760,20,50,49
msg_1784,node49,node20,321,1737737,1737745.0,8.0,,,,7.69811320754717,,49,,8.0,0,7.69811320754717,753,33,50,49
msg_1785,node49,node21,321,1737737,1737742.0,5.0,,,,7.70952380952381,,49,,6.527777777777778,0,7.70952380952381,763,43,50,49
msg_1786,node49,node22,321,1737737,,,,,,7.758620689655173,,49,,,0,7.758620689655173,760,20,50,49
msg_1787,node49,node23,321,1737737,,,,,,7.758620689655173,,49,,,0,7.758620689655173,760,20,50,49
msg_1788,node49,node24,321,1737737,1737746.0,9.0,,,,7.698397737983035,,49,,8.972222222222221,0,7.698397737983035,752,32,50,49
msg_1789,node49,node25,321,1737737,1737746.0,9.0,,,,7.699623352165725,,49,,9.11111111111111,0,7.699623352165725,751,31,50,49
msg_1790,node49,node26,321,1737737,,,,,,7.758620689655173,,49,,,0,7.758620689655173,760,20,50,49
msg_1791,node49,node27,321,1737737,1737746.0,9.0,,,,7.700846660395108,,49,,9.38888888888889,0,7.700846660395108,750,30,50,49
msg_1792,node49,node28,321,1737737,,,,,,7.758620689655173,,49,,,0,7.758620689655173,760,20,50,49
msg_1793,node49,node29,321,1737737,,,,,,7.758620689655173,,49,,,0,7.758620689655173,760,20,50,49
msg_1794,node49,node30,321,1737737,,,,,,7.758620689655173,,49,,,0,7.758620689655173,760,20,50,49
msg_1795,node49,node31,321,1737737,1737744.0,7.0,,,,7.698487712665407,,49,,8.13888888888889,0,7.698487712665407,755,35,50,49
msg_1796,node49,node32,321,1737737,1737745.0,8.0,,,,7.697828139754486,,49,,8.777777777777779,0,7.697828139754486,754,34,50,49
msg_1797,node49,node33,321,1737737,1737747.0,10.0,,,,7.702067669172933,,49,,10.444444444444445,0,7.702067669172933,749,29,50,49
msg_1798,node49,node34,321,1737737,,,,,,7.758620689655173,,49,,,0,7.758620689655173,760,20,50,49
msg_1799,node49,node35,321,1737737,1737747.0,10.0,,,,7.704225352112676,,49,,10.583333333333334,0,7.704225352112676,748,28,50,49
msg_1800,node49,node36,321,1737737,1737747.0,10.0,,,,7.706378986866792,,49,,10.833333333333334,0,7.706378986866792,747,27,50,49
msg_1801,node49,node37,321,1737737,1737748.0,11.0,,,,7.708528584817245,,49,,11.25,0,7.708528584817245,746,26,50,49
msg_1802,node49,node38,321,1737737,,,,,,7.758620689655173,,49,,,0,7.758620689655173,760,20,50,49
msg_1803,node49,node39,321,1737737,,,,,,7.758620689655173,,49,,,0,7.758620689655173,760,20,50,49
msg_1804,node49,node40,321,1737737,1737748.0,11.0,,,,7.711610486891386,,49,,11.61111111111111,0,7.711610486891386,745,25,50,49
msg_1805,node49,node41,321,1737737,1737748.0,11.0,,,,7.7146866230121605,,49,,11.805555555555555,0,7.7146866230121605,744,24,50,49
msg_1806,node49,node42,321,1737737,,,,,,7.758620689655173,,49,,,0,7.758620689655173,760,20,50,49
msg_1807,node49,node43,321,1737737,,,,,,7.758620689655173,,49,,,0,7.758620689655173,760,20,50,49
msg_1808,node49,node44,321,1737737,1737748.0,11.0,,,,7.717757009345794,,49,,12.055555555555555,0,7.717757009345794,743,23,50,49
msg_1809,node49,node45,321,1737737,1737749.0,12.0,,,,7.720821661998133,,49,,12.583333333333334,0,7.720821661998133,742,22,50,49
msg_1810,node49,node46,321,1737737,1737749.0,12.0,,,,7.724813432835821,,49,,12.666666666666666,0,7.724813432835821,741,21,50,49
msg_1811,node49,node47,321,1737737,,,,,,7.758620689655173,,49,,,0,7.758620689655173,760,20,50,49
msg_1812,node49,node48,321,1737737,,,,,,7.758620689655173,,49,,,0,7.758620689655173,760,20,50,49
msg_1813,node49,node0,320,1786514,1786517.0,3.0,,,,7.728797763280522,,49,,2.4594594594594597,0,7.728797763280522,789,49,50,49
msg_1814,node49,node1,320,1786514,1786517.0,3.0,,,,7.724394785847299,,49,,2.5135135135135136,0,7.724394785847299,788,48,50,49
msg_1815,node49,node2,320,1786514,1786518.0,4.0,,,,7.72,,49,,3.4054054054054053,0,7.72,787,47,50,49
msg_1816,node49,node3,320,1786514,1786518.0,4.0,,,,7.716542750929368,,49,,3.4864864864864864,0,7.716542750929368,786,46,50,49
msg_1817,node49,node4,320,1786514,,,,,,7.758620689655173,,49,,,0,7.758620689655173,760,20,50,49
msg_1818,node49,node5,320,1786514,,,,,,7.758620689655173,,49,,,0,7.758620689655173,760,20,50,49
msg_1819,node49,node6,320,1786514,1786519.0,5.0,,,,7.707136237256719,,49,,4.621621621621622,0,7.707136237256719,783,43,50,49
msg_1820,node49,node7,320,1786514,1786520.0,6.0,,,,7.70462962962963,,49,,5.0,0,7.70462962962963,782,42,50,49
msg_1821,node49,node8,320,1786514,1786520.0,6.0,,,,7.703052728954671,,49,,5.4324324324324325,0,7.703052728954671,781,41,50,49
msg_1822,node49,node9,320,1786514,1786520.0,6.0,,,,7.7014787430683915,,49,,5.594594594594595,0,7.7014787430683915,780,40,50,49
msg_1823,node49,node10,321,1786514,1786518.0,4.0,,,,7.713091922005571,,49,,3.5405405405405403,0,7.713091922005571,785,45,50,49
msg_1824,node49,node11,321,1786514,,,,,,7.758620689655173,,49,,,0,7.758620689655173,760,20,50,49
msg_1825,node49,node12,321,1786514,,,,,,7.758620689655173,,49,,,0,7.758620689655173,760,20,50,49
msg_1826,node49,node13,321,1786514,1786521.0,7.0,,,,7.6999076638965835,,49,,6.27027027027027,0,7.6999076638965835,779,39,50,49
msg_1827,node49,node14,321,1786514,1786519.0,5.0,,,,7.709647495361781,,49,,4.702702702702703,0,7.709647495361781,784,44,50,49
msg_1828,node49,node15,321,1786514,1786522.0,8.0,,,,7.698617511520737,,49,,7.135135135135135,0,7.698617511520737,777,37,50,49
msg_1829,node49,node16,321,1786514,,,,,,7.758620689655173,,49,,,0,7.758620689655173,760,20,50,49
msg_1830,node49,node17,321,1786514,1786522.0,8.0,,,,7.698895027624309,,49,,7.486486486486487,0,7.698895027624309,776,36,50,49
msg_1831,node49,node18,321,1786514,,,,,,7.758620689655173,,49,,,0,7.758620689655173,760,20,50,49
msg_1832,node49,node19,321,1786514,,,,,,7.758620689655173,,49,,,0,7.758620689655173,760,20,50,49
msg_1833,node49,node20,321,1786514,1786522.0,8.0,,,,7.699172033118675,,49,,8.0,0,7.699172033118675,775,35,50,49
msg_1834,node49,node21,321,1786514,1786521.0,7.0,,,,7.699261992619927,,49,,6.486486486486487,0,7.699261992619927,778,38,50,49
msg_1835,node49,node22,321,1786514,,,,,,7.758620689655173,,49,,,0,7.758620689655173,760,20,50,49
msg_1836,node49,node23,321,1786514,,,,,,7.758620689655173,,49,,,0,7.758620689655173,760,20,50,49
msg_1837,node49,node24,321,1786514,1786523.0,9.0,,,,7.6994485294117645,,49,,8.972972972972974,0,7.6994485294117645,774,34,50,49
msg_1838,node49,node25,321,1786514,1786524.0,10.0,,,,7.700642791551882,,49,,9.108108108108109,0,7.700642791551882,773,33,50,49
msg_1839,node49,node26,321,1786514,,,,,,7.758620689655173,,49,,,0,7.758620689655173,760,20,50,49
msg_1840,node49,node27,321,1786514,1786524.0,10.0,,,,7.702752293577982,,49,,9.378378378378379,0,7.702752293577982,772,32,50,49
msg_1841,node49,node28,321,1786514,,,,,,7.758620689655173,,49,,,0,7.758620689655173,760,20,50,49
msg_1842,node49,node29,321,1786514,,,,,,7.758620689655173,,49,,,0,7.758620689655173,760,20,50,49
msg_1843,node49,node30,321,1786514,,,,,,7.758620689655173,,49,,,0,7.758620689655173,760,20,50,49
msg_1844,node49,node31,321,1786514,1786524.0,10.0,,,,7.704857928505958,,49,,8.108108108108109,0,7.704857928505958,771,31,50,49
msg_1845,node49,node32,321,1786514,1786525.0,11.0,,,,7.706959706959707,,49,,8.756756756756756,0,7.706959706959707,770,30,50,49
msg_1846,node49,node33,321,1786514,1786525.0,11.0,,,,7.7099725526075025,,49,,10.432432432432432,0,7.7099725526075025,769,29,50,49
msg_1847,node49,node34,321,1786514,,,,,,7.758620689655173,,49,,,0,7.758620689655173,760,20,50,49
msg_1848,node49,node35,321,1786514,1786527.0,13.0,,,,7.712979890310786,,49,,10.567567567567568,0,7.712979890310786,768,28,50,49
msg_1849,node49,node36,321,1786514,1786527.0,13.0,,,,7.717808219178083,,49,,10.81081081081081,0,7.717808219178083,767,27,50,49
msg_1850,node49,node37,321,1786514,1786527.0,13.0,,,,7.7226277372262775,,49,,11.243243243243244,0,7.7226277372262775,766,26,50,49
msg_1851,node49,node38,321,1786514,,,,,,7.758620689655173,,49,,,0,7.758620689655173,760,20,50,49
msg_1852,node49,node39,321,1786514,,,,,,7.758620689655173,,49,,,0,7.758620689655173,760,20,50,49
msg_1853,node49,node40,321,1786514,1786528.0,14.0,,,,7.727438468550592,,49,,11.594594594594595,0,7.727438468550592,765,25,50,49
msg_1854,node49,node41,321,1786514,1786528.0,14.0,,,,7.733151183970856,,49,,11.783783783783784,0,7.733151183970856,764,24,50,49
msg_1855,node49,node42,321,1786514,,,,,,7.758620689655173,,49,,,0,7.758620689655173,760,20,50,49
msg_1856,node49,node43,321,1786514,,,,,,7.758620689655173,,49,,,0,7.758620689655173,760,20,50,49
msg_1857,node49,node44,321,1786514,1786529.0,15.0,,,,7.738853503184713,,49,,12.027027027027026,0,7.738853503184713,763,23,50,49
msg_1858,node49,node45,321,1786514,1786529.0,15.0,,,,7.745454545454545,,49,,12.567567567567568,0,7.745454545454545,762,22,50,49
msg_1859,node49,node46,321,1786514,1786529.0,15.0,,,,7.752043596730245,,49,,12.64864864864865,0,7.752043596730245,761,21,50,49
msg_1860,node49,node47,321,1786514,,,,,,7.758620689655173,,49,,,0,7.758620689655173,760,20,50,49
msg_1861,node49,node48,321,1786514,,,,,,7.758620689655173,,49,,,0,7.758620689655173,760,20,50,49
