msg_id,sender,receiver,payload_size_B,time_send_ms,time_receive_ms,actual_delay_ms,online_predicted_delay_ms,cluster_predicted_delay_ms,weighted_predicted_delay_ms,sender_average_outgoing_delay_ms,sender_average_incoming_delay_ms,sender_num_messages_sent_simultaneously,receiver_average_outgoing_delay_ms,receiver_average_incoming_delay_ms,receiver_num_messages_sent_simultaneously,network_average_delay_ms,network_num_messages_in_transit,network_num_busy_links,network_num_network_nodes,network_num_messages_sent_simultaneously
msg_0,node49,node0,317,8658,8659.0,1.0,,,,,,49,,,0,,49,49,50,49
msg_1,node49,node1,317,8658,8660.0,2.0,,,,1.5,,49,,,0,1.5,47,47,50,49
msg_2,node49,node2,317,8658,8661.0,3.0,,,,1.5,,49,,,0,1.5,47,47,50,49
msg_3,node49,node3,317,8658,8661.0,3.0,,,,2.0,,49,,,0,2.0,45,45,50,49
msg_4,node49,node4,317,8658,,,,,,7.888384754990925,,49,,,0,7.888384754990925,760,20,50,49
msg_5,node49,node5,317,8658,,,,,,7.888384754990925,,49,,,0,7.888384754990925,760,20,50,49
msg_6,node49,node6,317,8658,8662.0,4.0,,,,2.3333333333333335,,49,,,0,2.3333333333333335,43,43,50,49
msg_7,node49,node7,317,8658,8662.0,4.0,,,,2.5714285714285716,,49,,,0,2.5714285714285716,42,42,50,49
msg_8,node49,node8,317,8658,8662.0,4.0,,,,2.5714285714285716,,49,,,0,2.5714285714285716,42,42,50,49
msg_9,node49,node9,317,8658,8663.0,5.0,,,,2.888888888888889,,49,,,0,2.888888888888889,40,40,50,49
msg_10,node49,node10,319,8658,8660.0,2.0,,,,1.0,,49,,,0,1.0,48,48,50,49
msg_11,node49,node11,319,8658,,,,,,7.888384754990925,,49,,,0,7.888384754990925,760,20,50,49
msg_12,node49,node12,319,8658,,,,,,7.888384754990925,,49,,,0,7.888384754990925,760,20,50,49
msg_13,node49,node13,319,8658,8664.0,6.0,,,,3.1,,49,,,0,3.1,39,39,50,49
msg_14,node49,node14,319,8658,8661.0,3.0,,,,2.0,,49,,,0,2.0,45,45,50,49
msg_15,node49,node15,319,8658,8664.0,6.0,,,,3.1,,49,,,0,3.1,39,39,50,49
msg_16,node49,node16,319,8658,,,,,,7.888384754990925,,49,,,0,7.888384754990925,760,20,50,49
msg_17,node49,node17,319,8658,8664.0,6.0,,,,3.5833333333333335,,49,,,0,3.5833333333333335,37,37,50,49
msg_18,node49,node18,319,8658,,,,,,7.888384754990925,,49,,,0,7.888384754990925,760,20,50,49
msg_19,node49,node19,319,8658,,,,,,7.888384754990925,,49,,,0,7.888384754990925,760,20,50,49
msg_20,node49,node20,319,8658,8666.0,8.0,,,,4.133333333333334,,49,,,0,4.133333333333334,34,34,50,49
msg_21,node49,node21,319,8658,8664.0,6.0,,,,3.5833333333333335,,49,,,0,3.5833333333333335,37,37,50,49
msg_22,node49,node22,319,8658,,,,,,7.888384754990925,,49,,,0,7.888384754990925,760,20,50,49
msg_23,node49,node23,319,8658,,,,,,7.888384754990925,,49,,,0,7.888384754990925,760,20,50,49
msg_24,node49,node24,319,8658,8666.0,8.0,,,,4.529411764705882,,49,,,0,4.529411764705882,32,32,50,49
msg_25,node49,node25,319,8658,8666.0,8.0,,,,4.722222222222222,,49,,,0,4.722222222222222,31,31,50,49
msg_26,node49,node26,319,8658,,,,,,7.888384754990925,,49,,,0,7.888384754990925,760,20,50,49
msg_27,node49,node27,319,8658,8667.0,9.0,,,,4.722222222222222,,49,,,0,4.722222222222222,31,31,50,49
msg_28,node49,node28,319,8658,,,,,,7.888384754990925,,49,,,0,7.888384754990925,760,20,50,49
msg_29,node49,node29,319,8658,,,,,,7.888384754990925,,49,,,0,7.888384754990925,760,20,50,49
msg_30,node49,node30,319,8658,,,,,,7.888384754990925,,49,,,0,7.888384754990925,760,20,50,49
msg_31,node49,node31,319,8658,8665.0,7.0,,,,3.9285714285714284,,49,,,0,3.9285714285714284,35,35,50,49
msg_32,node49,node32,319,8658,8665.0,7.0,,,,4.133333333333334,,49,,,0,4.133333333333334,34,34,50,49
msg_33,node49,node33,319,8658,8667.0,9.0,,,,5.1,,49,,,0,5.1,29,29,50,49
msg_34,node49,node34,319,8658,,,,,,7.888384754990925,,49,,,0,7.888384754990925,760,20,50,49
msg_35,node49,node35,319,8658,8667.0,9.0,,,,5.1,,49,,,0,5.1,29,29,50,49
msg_36,node49,node36,319,8658,8667.0,9.0,,,,5.454545454545454,,49,,,0,5.454545454545454,27,27,50,49
msg_37,node49,node37,319,8658,8668.0,10.0,,,,5.608695652173913,,49,,,0,5.608695652173913,26,26,50,49
msg_38,node49,node38,319,8658,,,,,,7.888384754990925,,49,,,0,7.888384754990925,760,20,50,49
msg_39,node49,node39,319,8658,,,,,,7.888384754990925,,49,,,0,7.888384754990925,760,20,50,49
msg_40,node49,node40,319,8658,8668.0,10.0,,,,5.608695652173913,,49,,,0,5.608695652173913,26,26,50,49
msg_41,node49,node41,319,8658,8668.0,10.0,,,,5.96,,49,,,0,5.96,24,24,50,49
msg_42,node49,node42,319,8658,,,,,,7.888384754990925,,49,,,0,7.888384754990925,760,20,50,49
msg_43,node49,node43,319,8658,,,,,,7.888384754990925,,49,,,0,7.888384754990925,760,20,50,49
msg_44,node49,node44,319,8658,8670.0,12.0,,,,6.115384615384615,,49,,,0,6.115384615384615,23,23,50,49
msg_45,node49,node45,319,8658,8670.0,12.0,,,,6.333333333333333,,49,,,0,6.333333333333333,22,22,50,49
msg_46,node49,node46,319,8658,8670.0,12.0,,,,6.535714285714286,,49,,,0,6.535714285714286,21,21,50,49
msg_47,node49,node47,319,8658,,,,,,7.888384754990925,,49,,,0,7.888384754990925,760,20,50,49
msg_48,node49,node48,319,8658,,,,,,7.888384754990925,,49,,,0,7.888384754990925,760,20,50,49
msg_49,node49,node0,318,121466,121469.0,3.0,,,,6.724137931034483,,49,,1.0,0,6.724137931034483,69,49,50,49
msg_50,node49,node1,318,121466,121469.0,3.0,,,,6.6,,49,,2.0,0,6.6,68,48,50,49
msg_51,node49,node2,318,121466,121470.0,4.0,,,,6.483870967741935,,49,,3.0,0,6.483870967741935,67,47,50,49
msg_52,node49,node3,318,121466,121470.0,4.0,,,,6.483870967741935,,49,,3.0,0,6.483870967741935,67,47,50,49
msg_53,node49,node4,318,121466,,,,,,7.888384754990925,,49,,,0,7.888384754990925,760,20,50,49
msg_54,node49,node5,318,121466,,,,,,7.888384754990925,,49,,,0,7.888384754990925,760,20,50,49
msg_55,node49,node6,318,121466,121471.0,5.0,,,,6.228571428571429,,49,,4.0,0,6.228571428571429,63,43,50,49
msg_56,node49,node7,318,121466,121472.0,6.0,,,,6.194444444444445,,49,,4.0,0,6.194444444444445,62,42,50,49
msg_57,node49,node8,318,121466,121472.0,6.0,,,,6.194444444444445,,49,,4.0,0,6.194444444444445,62,42,50,49
msg_58,node49,node9,318,121466,121472.0,6.0,,,,6.184210526315789,,49,,5.0,0,6.184210526315789,60,40,50,49
msg_59,node49,node10,319,121466,121470.0,4.0,,,,6.333333333333333,,49,,2.0,0,6.333333333333333,65,45,50,49
msg_60,node49,node11,319,121466,,,,,,7.888384754990925,,49,,,0,7.888384754990925,760,20,50,49
msg_61,node49,node12,319,121466,,,,,,7.888384754990925,,49,,,0,7.888384754990925,760,20,50,49
msg_62,node49,node13,319,121466,121473.0,7.0,,,,6.17948717948718,,49,,6.0,0,6.17948717948718,59,39,50,49
msg_63,node49,node14,319,121466,121471.0,5.0,,,,6.333333333333333,,49,,3.0,0,6.333333333333333,65,45,50,49
msg_64,node49,node15,319,121466,121474.0,8.0,,,,6.219512195121951,,49,,6.0,0,6.219512195121951,57,37,50,49
msg_65,node49,node16,319,121466,,,,,,7.888384754990925,,49,,,0,7.888384754990925,760,20,50,49
msg_66,node49,node17,319,121466,121474.0,8.0,,,,6.261904761904762,,49,,6.0,0,6.261904761904762,56,36,50,49
msg_67,node49,node18,319,121466,,,,,,7.888384754990925,,49,,,0,7.888384754990925,760,20,50,49
msg_68,node49,node19,319,121466,,,,,,7.888384754990925,,49,,,0,7.888384754990925,760,20,50,49
msg_69,node49,node20,319,121466,121474.0,8.0,,,,6.261904761904762,,49,,8.0,0,6.261904761904762,56,36,50,49
msg_70,node49,node21,319,121466,121473.0,7.0,,,,6.17948717948718,,49,,6.0,0,6.17948717948718,59,39,50,49
msg_71,node49,node22,319,121466,,,,,,7.888384754990925,,49,,,0,7.888384754990925,760,20,50,49
msg_72,node49,node23,319,121466,,,,,,7.888384754990925,,49,,,0,7.888384754990925,760,20,50,49
msg_73,node49,node24,319,121466,121475.0,9.0,,,,6.340909090909091,,49,,8.0,0,6.340909090909091,54,34,50,49
msg_74,node49,node25,319,121466,121475.0,9.0,,,,6.4,,49,,8.0,0,6.4,53,33,50,49
msg_75,node49,node26,319,121466,,,,,,7.888384754990925,,49,,,0,7.888384754990925,760,20,50,49
msg_76,node49,node27,319,121466,121475.0,9.0,,,,6.4,,49,,9.0,0,6.4,53,33,50,49
msg_77,node49,node28,319,121466,,,,,,7.888384754990925,,49,,,0,7.888384754990925,760,20,50,49
msg_78,node49,node29,319,121466,,,,,,7.888384754990925,,49,,,0,7.888384754990925,760,20,50,49
msg_79,node49,node30,319,121466,,,,,,7.888384754990925,,49,,,0,7.888384754990925,760,20,50,49
msg_80,node49,node31,319,121466,121475.0,9.0,,,,6.51063829787234,,49,,7.0,0,6.51063829787234,51,31,50,49
msg_81,node49,node32,319,121466,121476.0,10.0,,,,6.5625,,49,,7.0,0,6.5625,50,30,50,49
msg_82,node49,node33,319,121466,121477.0,11.0,,,,6.5625,,49,,9.0,0,6.5625,50,30,50,49
msg_83,node49,node34,319,121466,,,,,,7.888384754990925,,49,,,0,7.888384754990925,760,20,50,49
msg_84,node49,node35,319,121466,121477.0,11.0,,,,6.72,,49,,9.0,0,6.72,48,28,50,49
msg_85,node49,node36,319,121466,121477.0,11.0,,,,6.803921568627451,,49,,9.0,0,6.803921568627451,47,27,50,49
msg_86,node49,node37,319,121466,121478.0,12.0,,,,6.884615384615385,,49,,10.0,0,6.884615384615385,46,26,50,49
msg_87,node49,node38,319,121466,,,,,,7.888384754990925,,49,,,0,7.888384754990925,760,20,50,49
msg_88,node49,node39,319,121466,,,,,,7.888384754990925,,49,,,0,7.888384754990925,760,20,50,49
msg_89,node49,node40,319,121466,121478.0,12.0,,,,6.981132075471698,,49,,10.0,0,6.981132075471698,45,25,50,49
msg_90,node49,node41,319,121466,121479.0,13.0,,,,7.074074074074074,,49,,10.0,0,7.074074074074074,44,24,50,49
msg_91,node49,node42,319,121466,,,,,,7.888384754990925,,49,,,0,7.888384754990925,760,20,50,49
msg_92,node49,node43,319,121466,,,,,,7.888384754990925,,49,,,0,7.888384754990925,760,20,50,49
msg_93,node49,node44,319,121466,121479.0,13.0,,,,7.181818181818182,,49,,12.0,0,7.181818181818182,43,23,50,49
msg_94,node49,node45,319,121466,121479.0,13.0,,,,7.181818181818182,,49,,12.0,0,7.181818181818182,43,23,50,49
msg_95,node49,node46,319,121466,121480.0,14.0,,,,7.385964912280702,,49,,12.0,0,7.385964912280702,41,21,50,49
msg_96,node49,node47,319,121466,,,,,,7.888384754990925,,49,,,0,7.888384754990925,760,20,50,49
msg_97,node49,node48,319,121466,,,,,,7.888384754990925,,49,,,0,7.888384754990925,760,20,50,49
msg_98,node49,node0,318,208044,208047.0,3.0,,,,7.5,,49,,2.0,0,7.5,89,49,50,49
msg_99,node49,node1,318,208044,208047.0,3.0,,,,7.5,,49,,2.5,0,7.5,89,49,50,49
msg_100,node49,node2,319,208044,208048.0,4.0,,,,7.35,,49,,3.5,0,7.35,87,47,50,49
msg_101,node49,node3,319,208044,208048.0,4.0,,,,7.295081967213115,,49,,3.5,0,7.295081967213115,86,46,50,49
msg_102,node49,node4,319,208044,,,,,,7.888384754990925,,49,,,0,7.888384754990925,760,20,50,49
msg_103,node49,node5,319,208044,,,,,,7.888384754990925,,49,,,0,7.888384754990925,760,20,50,49
msg_104,node49,node6,319,208044,208049.0,5.0,,,,7.190476190476191,,49,,4.5,0,7.190476190476191,84,44,50,49
msg_105,node49,node7,319,208044,208049.0,5.0,,,,7.15625,,49,,5.0,0,7.15625,83,43,50,49
msg_106,node49,node8,319,208044,208050.0,6.0,,,,7.123076923076923,,49,,5.0,0,7.123076923076923,82,42,50,49
msg_107,node49,node9,319,208044,208050.0,6.0,,,,7.123076923076923,,49,,5.5,0,7.123076923076923,82,42,50,49
msg_108,node49,node10,320,208044,208048.0,4.0,,,,7.295081967213115,,49,,3.0,0,7.295081967213115,86,46,50,49
msg_109,node49,node11,320,208044,,,,,,7.888384754990925,,49,,,0,7.888384754990925,760,20,50,49
msg_110,node49,node12,320,208044,,,,,,7.888384754990925,,49,,,0,7.888384754990925,760,20,50,49
msg_111,node49,node13,320,208044,208050.0,6.0,,,,7.08955223880597,,49,,6.5,0,7.08955223880597,80,40,50,49
msg_112,node49,node14,320,208044,208050.0,6.0,,,,7.073529411764706,,49,,4.0,0,7.073529411764706,79,39,50,49
msg_113,node49,node15,320,208044,208052.0,8.0,,,,7.057142857142857,,49,,7.0,0,7.057142857142857,77,37,50,49
msg_114,node49,node16,320,208044,,,,,,7.888384754990925,,49,,,0,7.888384754990925,760,20,50,49
msg_115,node49,node17,320,208044,208052.0,8.0,,,,7.070422535211268,,49,,7.0,0,7.070422535211268,76,36,50,49
msg_116,node49,node18,320,208044,,,,,,7.888384754990925,,49,,,0,7.888384754990925,760,20,50,49
msg_117,node49,node19,320,208044,,,,,,7.888384754990925,,49,,,0,7.888384754990925,760,20,50,49
msg_118,node49,node20,320,208044,208053.0,9.0,,,,7.095890410958904,,49,,8.0,0,7.095890410958904,74,34,50,49
msg_119,node49,node21,320,208044,208051.0,7.0,,,,7.073529411764706,,49,,6.5,0,7.073529411764706,79,39,50,49
msg_120,node49,node22,320,208044,,,,,,7.888384754990925,,49,,,0,7.888384754990925,760,20,50,49
msg_121,node49,node23,320,208044,,,,,,7.888384754990925,,49,,,0,7.888384754990925,760,20,50,49
msg_122,node49,node24,320,208044,208054.0,10.0,,,,7.121621621621622,,49,,8.5,0,7.121621621621622,73,33,50,49
msg_123,node49,node25,320,208044,208054.0,10.0,,,,7.184210526315789,,49,,8.5,0,7.184210526315789,71,31,50,49
msg_124,node49,node26,320,208044,,,,,,7.888384754990925,,49,,,0,7.888384754990925,760,20,50,49
msg_125,node49,node27,320,208044,208054.0,10.0,,,,7.220779220779221,,49,,9.0,0,7.220779220779221,70,30,50,49
msg_126,node49,node28,320,208044,,,,,,7.888384754990925,,49,,,0,7.888384754990925,760,20,50,49
msg_127,node49,node29,320,208044,,,,,,7.888384754990925,,49,,,0,7.888384754990925,760,20,50,49
msg_128,node49,node30,320,208044,,,,,,7.888384754990925,,49,,,0,7.888384754990925,760,20,50,49
msg_129,node49,node31,320,208044,208052.0,8.0,,,,7.070422535211268,,49,,8.0,0,7.070422535211268,76,36,50,49
msg_130,node49,node32,320,208044,208053.0,9.0,,,,7.121621621621622,,49,,8.5,0,7.121621621621622,73,33,50,49
msg_131,node49,node33,320,208044,208055.0,11.0,,,,7.256410256410256,,49,,10.0,0,7.256410256410256,69,29,50,49
msg_132,node49,node34,320,208044,,,,,,7.888384754990925,,49,,,0,7.888384754990925,760,20,50,49
msg_133,node49,node35,320,208044,208055.0,11.0,,,,7.256410256410256,,49,,10.0,0,7.256410256410256,69,29,50,49
msg_134,node49,node36,320,208044,208056.0,12.0,,,,7.35,,49,,10.0,0,7.35,67,27,50,49
msg_135,node49,node37,320,208044,208056.0,12.0,,,,7.407407407407407,,49,,11.0,0,7.407407407407407,66,26,50,49
msg_136,node49,node38,320,208044,,,,,,7.888384754990925,,49,,,0,7.888384754990925,760,20,50,49
msg_137,node49,node39,320,208044,,,,,,7.888384754990925,,49,,,0,7.888384754990925,760,20,50,49
msg_138,node49,node40,320,208044,208056.0,12.0,,,,7.407407407407407,,49,,11.0,0,7.407407407407407,66,26,50,49
msg_139,node49,node41,320,208044,208056.0,12.0,,,,7.518072289156627,,49,,11.5,0,7.518072289156627,64,24,50,49
msg_140,node49,node42,320,208044,,,,,,7.888384754990925,,49,,,0,7.888384754990925,760,20,50,49
msg_141,node49,node43,320,208044,,,,,,7.888384754990925,,49,,,0,7.888384754990925,760,20,50,49
msg_142,node49,node44,320,208044,208057.0,13.0,,,,7.571428571428571,,49,,12.5,0,7.571428571428571,63,23,50,49
msg_143,node49,node45,320,208044,208057.0,13.0,,,,7.571428571428571,,49,,12.5,0,7.571428571428571,63,23,50,49
msg_144,node49,node46,320,208044,208057.0,13.0,,,,7.6976744186046515,,49,,13.0,0,7.6976744186046515,61,21,50,49
msg_145,node49,node47,320,208044,,,,,,7.888384754990925,,49,,,0,7.888384754990925,760,20,50,49
msg_146,node49,node48,320,208044,,,,,,7.888384754990925,,49,,,0,7.888384754990925,760,20,50,49
msg_147,node49,node0,319,225712,225714.0,2.0,,,,7.758620689655173,,49,,2.3333333333333335,0,7.758620689655173,109,49,50,49
msg_148,node49,node1,319,225712,225714.0,2.0,,,,7.693181818181818,,49,,2.6666666666666665,0,7.693181818181818,108,48,50,49
msg_149,node49,node2,319,225712,225715.0,3.0,,,,7.629213483146067,,49,,3.6666666666666665,0,7.629213483146067,107,47,50,49
msg_150,node49,node3,319,225712,225715.0,3.0,,,,7.5777777777777775,,49,,3.6666666666666665,0,7.5777777777777775,106,46,50,49
msg_151,node49,node4,319,225712,,,,,,7.888384754990925,,49,,,0,7.888384754990925,760,20,50,49
msg_152,node49,node5,319,225712,,,,,,7.888384754990925,,49,,,0,7.888384754990925,760,20,50,49
msg_153,node49,node6,319,225712,225717.0,5.0,,,,7.527472527472527,,49,,4.666666666666667,0,7.527472527472527,105,45,50,49
msg_154,node49,node7,319,225712,225717.0,5.0,,,,7.414893617021277,,49,,5.0,0,7.414893617021277,102,42,50,49
msg_155,node49,node8,319,225712,225718.0,6.0,,,,7.389473684210526,,49,,5.333333333333333,0,7.389473684210526,101,41,50,49
msg_156,node49,node9,319,225712,225718.0,6.0,,,,7.375,,49,,5.666666666666667,0,7.375,100,40,50,49
msg_157,node49,node10,320,225712,225715.0,3.0,,,,7.527472527472527,,49,,3.3333333333333335,0,7.527472527472527,105,45,50,49
msg_158,node49,node11,320,225712,,,,,,7.888384754990925,,49,,,0,7.888384754990925,760,20,50,49
msg_159,node49,node12,320,225712,,,,,,7.888384754990925,,49,,,0,7.888384754990925,760,20,50,49
msg_160,node49,node13,320,225712,225719.0,7.0,,,,7.346938775510204,,49,,6.333333333333333,0,7.346938775510204,98,38,50,49
msg_161,node49,node14,320,225712,225716.0,4.0,,,,7.527472527472527,,49,,4.666666666666667,0,7.527472527472527,105,45,50,49
msg_162,node49,node15,320,225712,225719.0,7.0,,,,7.343434343434343,,49,,7.333333333333333,0,7.343434343434343,97,37,50,49
msg_163,node49,node16,320,225712,,,,,,7.888384754990925,,49,,,0,7.888384754990925,760,20,50,49
msg_164,node49,node17,320,225712,225720.0,8.0,,,,7.343434343434343,,49,,7.333333333333333,0,7.343434343434343,97,37,50,49
msg_165,node49,node18,320,225712,,,,,,7.888384754990925,,49,,,0,7.888384754990925,760,20,50,49
msg_166,node49,node19,320,225712,,,,,,7.888384754990925,,49,,,0,7.888384754990925,760,20,50,49
msg_167,node49,node20,320,225712,225720.0,8.0,,,,7.349514563106796,,49,,8.333333333333334,0,7.349514563106796,93,33,50,49
msg_168,node49,node21,320,225712,225718.0,6.0,,,,7.375,,49,,6.666666666666667,0,7.375,100,40,50,49
msg_169,node49,node22,320,225712,,,,,,7.888384754990925,,49,,,0,7.888384754990925,760,20,50,49
msg_170,node49,node23,320,225712,,,,,,7.888384754990925,,49,,,0,7.888384754990925,760,20,50,49
msg_171,node49,node24,320,225712,225721.0,9.0,,,,7.349514563106796,,49,,9.0,0,7.349514563106796,93,33,50,49
msg_172,node49,node25,320,225712,225721.0,9.0,,,,7.371428571428571,,49,,9.0,0,7.371428571428571,91,31,50,49
msg_173,node49,node26,320,225712,,,,,,7.888384754990925,,49,,,0,7.888384754990925,760,20,50,49
msg_174,node49,node27,320,225712,225721.0,9.0,,,,7.386792452830188,,49,,9.333333333333334,0,7.386792452830188,90,30,50,49
msg_175,node49,node28,320,225712,,,,,,7.888384754990925,,49,,,0,7.888384754990925,760,20,50,49
msg_176,node49,node29,320,225712,,,,,,7.888384754990925,,49,,,0,7.888384754990925,760,20,50,49
msg_177,node49,node30,320,225712,,,,,,7.888384754990925,,49,,,0,7.888384754990925,760,20,50,49
msg_178,node49,node31,320,225712,225719.0,7.0,,,,7.343434343434343,,49,,8.0,0,7.343434343434343,97,37,50,49
msg_179,node49,node32,320,225712,225720.0,8.0,,,,7.3431372549019605,,49,,8.666666666666666,0,7.3431372549019605,94,34,50,49
msg_180,node49,node33,320,225712,225722.0,10.0,,,,7.401869158878505,,49,,10.333333333333334,0,7.401869158878505,89,29,50,49
msg_181,node49,node34,320,225712,,,,,,7.888384754990925,,49,,,0,7.888384754990925,760,20,50,49
msg_182,node49,node35,320,225712,225722.0,10.0,,,,7.401869158878505,,49,,10.333333333333334,0,7.401869158878505,89,29,50,49
msg_183,node49,node36,320,225712,225722.0,10.0,,,,7.4495412844036695,,49,,10.666666666666666,0,7.4495412844036695,87,27,50,49
msg_184,node49,node37,320,225712,225723.0,11.0,,,,7.4495412844036695,,49,,11.333333333333334,0,7.4495412844036695,87,27,50,49
msg_185,node49,node38,320,225712,,,,,,7.888384754990925,,49,,,0,7.888384754990925,760,20,50,49
msg_186,node49,node39,320,225712,,,,,,7.888384754990925,,49,,,0,7.888384754990925,760,20,50,49
msg_187,node49,node40,320,225712,225723.0,11.0,,,,7.504504504504505,,49,,11.333333333333334,0,7.504504504504505,85,25,50,49
msg_188,node49,node41,320,225712,225723.0,11.0,,,,7.535714285714286,,49,,11.666666666666666,0,7.535714285714286,84,24,50,49
msg_189,node49,node42,320,225712,,,,,,7.888384754990925,,49,,,0,7.888384754990925,760,20,50,49
msg_190,node49,node43,320,225712,,,,,,7.888384754990925,,49,,,0,7.888384754990925,760,20,50,49
msg_191,node49,node44,320,225712,225723.0,11.0,,,,7.566371681415929,,49,,12.666666666666666,0,7.566371681415929,83,23,50,49
msg_192,node49,node45,320,225712,225724.0,12.0,,,,7.566371681415929,,49,,12.666666666666666,0,7.566371681415929,83,23,50,49
msg_193,node49,node46,320,225712,225724.0,12.0,,,,7.6347826086956525,,49,,13.0,0,7.6347826086956525,81,21,50,49
msg_194,node49,node47,320,225712,,,,,,7.888384754990925,,49,,,0,7.888384754990925,760,20,50,49
msg_195,node49,node48,320,225712,,,,,,7.888384754990925,,49,,,0,7.888384754990925,760,20,50,49
msg_196,node49,node0,319,266757,266760.0,3.0,,,,7.672413793103448,,49,,2.25,0,7.672413793103448,129,49,50,49
msg_197,node49,node1,319,266757,266760.0,3.0,,,,7.632478632478633,,49,,2.5,0,7.632478632478633,128,48,50,49
msg_198,node49,node2,319,266757,266760.0,3.0,,,,7.593220338983051,,49,,3.5,0,7.593220338983051,127,47,50,49
msg_199,node49,node3,319,266757,266760.0,3.0,,,,7.516666666666667,,49,,3.5,0,7.516666666666667,125,45,50,49
msg_200,node49,node4,319,266757,,,,,,7.888384754990925,,49,,,0,7.888384754990925,760,20,50,49
msg_201,node49,node5,319,266757,,,,,,7.888384754990925,,49,,,0,7.888384754990925,760,20,50,49
msg_202,node49,node6,319,266757,266761.0,4.0,,,,7.516666666666667,,49,,4.75,0,7.516666666666667,125,45,50,49
msg_203,node49,node7,319,266757,266761.0,4.0,,,,7.450819672131147,,49,,5.0,0,7.450819672131147,123,43,50,49
msg_204,node49,node8,319,266757,266762.0,5.0,,,,7.395161290322581,,49,,5.5,0,7.395161290322581,121,41,50,49
msg_205,node49,node9,319,266757,266762.0,5.0,,,,7.395161290322581,,49,,5.75,0,7.395161290322581,121,41,50,49
msg_206,node49,node10,320,266757,266760.0,3.0,,,,7.593220338983051,,49,,3.25,0,7.593220338983051,127,47,50,49
msg_207,node49,node11,320,266757,,,,,,7.888384754990925,,49,,,0,7.888384754990925,760,20,50,49
msg_208,node49,node12,320,266757,,,,,,7.888384754990925,,49,,,0,7.888384754990925,760,20,50,49
msg_209,node49,node13,320,266757,266763.0,6.0,,,,7.357142857142857,,49,,6.5,0,7.357142857142857,119,39,50,49
msg_210,node49,node14,320,266757,266761.0,4.0,,,,7.4227642276422765,,49,,4.5,0,7.4227642276422765,122,42,50,49
msg_211,node49,node15,320,266757,266763.0,6.0,,,,7.346456692913386,,49,,7.25,0,7.346456692913386,118,38,50,49
msg_212,node49,node16,320,266757,,,,,,7.888384754990925,,49,,,0,7.888384754990925,760,20,50,49
msg_213,node49,node17,320,266757,266764.0,7.0,,,,7.325581395348837,,49,,7.5,0,7.325581395348837,116,36,50,49
msg_214,node49,node18,320,266757,,,,,,7.888384754990925,,49,,,0,7.888384754990925,760,20,50,49
msg_215,node49,node19,320,266757,,,,,,7.888384754990925,,49,,,0,7.888384754990925,760,20,50,49
msg_216,node49,node20,320,266757,266764.0,7.0,,,,7.325581395348837,,49,,8.25,0,7.325581395348837,116,36,50,49
msg_217,node49,node21,320,266757,266763.0,6.0,,,,7.346456692913386,,49,,6.5,0,7.346456692913386,118,38,50,49
msg_218,node49,node22,320,266757,,,,,,7.888384754990925,,49,,,0,7.888384754990925,760,20,50,49
msg_219,node49,node23,320,266757,,,,,,7.888384754990925,,49,,,0,7.888384754990925,760,20,50,49
msg_220,node49,node24,320,266757,266766.0,9.0,,,,7.318181818181818,,49,,9.0,0,7.318181818181818,113,33,50,49
msg_221,node49,node25,320,266757,266766.0,9.0,,,,7.335820895522388,,49,,9.0,0,7.335820895522388,111,31,50,49
msg_222,node49,node26,320,266757,,,,,,7.888384754990925,,49,,,0,7.888384754990925,760,20,50,49
msg_223,node49,node27,320,266757,266766.0,9.0,,,,7.348148148148148,,49,,9.25,0,7.348148148148148,110,30,50,49
msg_224,node49,node28,320,266757,,,,,,7.888384754990925,,49,,,0,7.888384754990925,760,20,50,49
msg_225,node49,node29,320,266757,,,,,,7.888384754990925,,49,,,0,7.888384754990925,760,20,50,49
msg_226,node49,node30,320,266757,,,,,,7.888384754990925,,49,,,0,7.888384754990925,760,20,50,49
msg_227,node49,node31,320,266757,266764.0,7.0,,,,7.320610687022901,,49,,7.75,0,7.320610687022901,114,34,50,49
msg_228,node49,node32,320,266757,266765.0,8.0,,,,7.318181818181818,,49,,8.5,0,7.318181818181818,113,33,50,49
msg_229,node49,node33,320,266757,266767.0,10.0,,,,7.360294117647059,,49,,10.25,0,7.360294117647059,109,29,50,49
msg_230,node49,node34,320,266757,,,,,,7.888384754990925,,49,,,0,7.888384754990925,760,20,50,49
msg_231,node49,node35,320,266757,266767.0,10.0,,,,7.360294117647059,,49,,10.25,0,7.360294117647059,109,29,50,49
msg_232,node49,node36,320,266757,266767.0,10.0,,,,7.398550724637682,,49,,10.5,0,7.398550724637682,107,27,50,49
msg_233,node49,node37,320,266757,266767.0,10.0,,,,7.41726618705036,,49,,11.25,0,7.41726618705036,106,26,50,49
msg_234,node49,node38,320,266757,,,,,,7.888384754990925,,49,,,0,7.888384754990925,760,20,50,49
msg_235,node49,node39,320,266757,,,,,,7.888384754990925,,49,,,0,7.888384754990925,760,20,50,49
msg_236,node49,node40,320,266757,266768.0,11.0,,,,7.41726618705036,,49,,11.25,0,7.41726618705036,106,26,50,49
msg_237,node49,node41,320,266757,266768.0,11.0,,,,7.41726618705036,,49,,11.5,0,7.41726618705036,106,26,50,49
msg_238,node49,node42,320,266757,,,,,,7.888384754990925,,49,,,0,7.888384754990925,760,20,50,49
msg_239,node49,node43,320,266757,,,,,,7.888384754990925,,49,,,0,7.888384754990925,760,20,50,49
msg_240,node49,node44,320,266757,266768.0,11.0,,,,7.485915492957746,,49,,12.25,0,7.485915492957746,103,23,50,49
msg_241,node49,node45,320,266757,266769.0,12.0,,,,7.510489510489511,,49,,12.5,0,7.510489510489511,102,22,50,49
msg_242,node49,node46,320,266757,266769.0,12.0,,,,7.541666666666667,,49,,12.75,0,7.541666666666667,101,21,50,49
msg_243,node49,node47,320,266757,,,,,,7.888384754990925,,49,,,0,7.888384754990925,760,20,50,49
msg_244,node49,node48,320,266757,,,,,,7.888384754990925,,49,,,0,7.888384754990925,760,20,50,49
msg_245,node49,node0,319,302572,302574.0,2.0,,,,7.572413793103448,,49,,2.4,0,7.572413793103448,149,49,50,49
msg_246,node49,node1,319,302572,302574.0,2.0,,,,7.572413793103448,,49,,2.6,0,7.572413793103448,149,49,50,49
msg_247,node49,node2,319,302572,302575.0,3.0,,,,7.496598639455782,,49,,3.4,0,7.496598639455782,147,47,50,49
msg_248,node49,node3,319,302572,302575.0,3.0,,,,7.466216216216216,,49,,3.4,0,7.466216216216216,146,46,50,49
msg_249,node49,node4,319,302572,,,,,,7.888384754990925,,49,,,0,7.888384754990925,760,20,50,49
msg_250,node49,node5,319,302572,,,,,,7.888384754990925,,49,,,0,7.888384754990925,760,20,50,49
msg_251,node49,node6,319,302572,302576.0,4.0,,,,7.406666666666666,,49,,4.6,0,7.406666666666666,144,44,50,49
msg_252,node49,node7,319,302572,302576.0,4.0,,,,7.3841059602649,,49,,4.8,0,7.3841059602649,143,43,50,49
msg_253,node49,node8,319,302572,302577.0,5.0,,,,7.3841059602649,,49,,5.4,0,7.3841059602649,143,43,50,49
msg_254,node49,node9,319,302572,302577.0,5.0,,,,7.34640522875817,,49,,5.6,0,7.34640522875817,141,41,50,49
msg_255,node49,node10,320,302572,302575.0,3.0,,,,7.466216216216216,,49,,3.2,0,7.466216216216216,146,46,50,49
msg_256,node49,node11,320,302572,,,,,,7.888384754990925,,49,,,0,7.888384754990925,760,20,50,49
msg_257,node49,node12,320,302572,,,,,,7.888384754990925,,49,,,0,7.888384754990925,760,20,50,49
msg_258,node49,node13,320,302572,302577.0,5.0,,,,7.3311688311688314,,49,,6.4,0,7.3311688311688314,140,40,50,49
msg_259,node49,node14,320,302572,302577.0,5.0,,,,7.316129032258065,,49,,4.4,0,7.316129032258065,139,39,50,49
msg_260,node49,node15,320,302572,302579.0,7.0,,,,7.292993630573249,,49,,7.0,0,7.292993630573249,137,37,50,49
msg_261,node49,node16,320,302572,,,,,,7.888384754990925,,49,,,0,7.888384754990925,760,20,50,49
msg_262,node49,node17,320,302572,302579.0,7.0,,,,7.291139240506329,,49,,7.4,0,7.291139240506329,136,36,50,49
msg_263,node49,node18,320,302572,,,,,,7.888384754990925,,49,,,0,7.888384754990925,760,20,50,49
msg_264,node49,node19,320,302572,,,,,,7.888384754990925,,49,,,0,7.888384754990925,760,20,50,49
msg_265,node49,node20,320,302572,302579.0,7.0,,,,7.289308176100629,,49,,8.0,0,7.289308176100629,135,35,50,49
msg_266,node49,node21,320,302572,302578.0,6.0,,,,7.316129032258065,,49,,6.4,0,7.316129032258065,139,39,50,49
msg_267,node49,node22,320,302572,,,,,,7.888384754990925,,49,,,0,7.888384754990925,760,20,50,49
msg_268,node49,node23,320,302572,,,,,,7.888384754990925,,49,,,0,7.888384754990925,760,20,50,49
msg_269,node49,node24,320,302572,302580.0,8.0,,,,7.291925465838509,,49,,9.0,0,7.291925465838509,133,33,50,49
msg_270,node49,node25,320,302572,302580.0,8.0,,,,7.300613496932515,,49,,9.0,0,7.300613496932515,131,31,50,49
msg_271,node49,node26,320,302572,,,,,,7.888384754990925,,49,,,0,7.888384754990925,760,20,50,49
msg_272,node49,node27,320,302572,302581.0,9.0,,,,7.300613496932515,,49,,9.2,0,7.300613496932515,131,31,50,49
msg_273,node49,node28,320,302572,,,,,,7.888384754990925,,49,,,0,7.888384754990925,760,20,50,49
msg_274,node49,node29,320,302572,,,,,,7.888384754990925,,49,,,0,7.888384754990925,760,20,50,49
msg_275,node49,node30,320,302572,,,,,,7.888384754990925,,49,,,0,7.888384754990925,760,20,50,49
msg_276,node49,node31,320,302572,302580.0,8.0,,,,7.289308176100629,,49,,7.6,0,7.289308176100629,135,35,50,49
msg_277,node49,node32,320,302572,302580.0,8.0,,,,7.296296296296297,,49,,8.4,0,7.296296296296297,132,32,50,49
msg_278,node49,node33,320,302572,302581.0,9.0,,,,7.315151515151515,,49,,10.2,0,7.315151515151515,129,29,50,49
msg_279,node49,node34,320,302572,,,,,,7.888384754990925,,49,,,0,7.888384754990925,760,20,50,49
msg_280,node49,node35,320,302572,302583.0,11.0,,,,7.325301204819277,,49,,10.2,0,7.325301204819277,128,28,50,49
msg_281,node49,node36,320,302572,302583.0,11.0,,,,7.347305389221557,,49,,10.4,0,7.347305389221557,127,27,50,49
msg_282,node49,node37,320,302572,302583.0,11.0,,,,7.347305389221557,,49,,11.0,0,7.347305389221557,127,27,50,49
msg_283,node49,node38,320,302572,,,,,,7.888384754990925,,49,,,0,7.888384754990925,760,20,50,49
msg_284,node49,node39,320,302572,,,,,,7.888384754990925,,49,,,0,7.888384754990925,760,20,50,49
msg_285,node49,node40,320,302572,302583.0,11.0,,,,7.390532544378698,,49,,11.2,0,7.390532544378698,125,25,50,49
msg_286,node49,node41,320,302572,302584.0,12.0,,,,7.411764705882353,,49,,11.4,0,7.411764705882353,124,24,50,49
msg_287,node49,node42,320,302572,,,,,,7.888384754990925,,49,,,0,7.888384754990925,760,20,50,49
msg_288,node49,node43,320,302572,,,,,,7.888384754990925,,49,,,0,7.888384754990925,760,20,50,49
msg_289,node49,node44,320,302572,302584.0,12.0,,,,7.411764705882353,,49,,12.0,0,7.411764705882353,124,24,50,49
msg_290,node49,node45,320,302572,302584.0,12.0,,,,7.465116279069767,,49,,12.4,0,7.465116279069767,122,22,50,49
msg_291,node49,node46,320,302572,302585.0,13.0,,,,7.491329479768786,,49,,12.6,0,7.491329479768786,121,21,50,49
msg_292,node49,node47,320,302572,,,,,,7.888384754990925,,49,,,0,7.888384754990925,760,20,50,49
msg_293,node49,node48,320,302572,,,,,,7.888384754990925,,49,,,0,7.888384754990925,760,20,50,49
msg_294,node49,node0,319,365835,365837.0,2.0,,,,7.522988505747127,,49,,2.3333333333333335,0,7.522988505747127,169,49,50,49
msg_295,node49,node1,319,365835,365837.0,2.0,,,,7.491428571428571,,49,,2.5,0,7.491428571428571,168,48,50,49
msg_296,node49,node2,319,365835,365838.0,3.0,,,,7.4602272727272725,,49,,3.3333333333333335,0,7.4602272727272725,167,47,50,49
msg_297,node49,node3,319,365835,365838.0,3.0,,,,7.4602272727272725,,49,,3.3333333333333335,0,7.4602272727272725,167,47,50,49
msg_298,node49,node4,319,365835,,,,,,7.888384754990925,,49,,,0,7.888384754990925,760,20,50,49
msg_299,node49,node5,319,365835,,,,,,7.888384754990925,,49,,,0,7.888384754990925,760,20,50,49
msg_300,node49,node6,319,365835,365838.0,3.0,,,,7.4602272727272725,,49,,4.5,0,7.4602272727272725,167,47,50,49
msg_301,node49,node7,319,365835,365839.0,4.0,,,,7.385474860335195,,49,,4.666666666666667,0,7.385474860335195,164,44,50,49
msg_302,node49,node8,319,365835,365839.0,4.0,,,,7.366666666666666,,49,,5.333333333333333,0,7.366666666666666,163,43,50,49
msg_303,node49,node9,319,365835,365839.0,4.0,,,,7.348066298342541,,49,,5.5,0,7.348066298342541,162,42,50,49
msg_304,node49,node10,320,365835,365840.0,5.0,,,,7.348066298342541,,49,,3.1666666666666665,0,7.348066298342541,162,42,50,49
msg_305,node49,node11,320,365835,,,,,,7.888384754990925,,49,,,0,7.888384754990925,760,20,50,49
msg_306,node49,node12,320,365835,,,,,,7.888384754990925,,49,,,0,7.888384754990925,760,20,50,49
msg_307,node49,node13,320,365835,365842.0,7.0,,,,7.301075268817204,,49,,6.166666666666667,0,7.301075268817204,157,37,50,49
msg_308,node49,node14,320,365835,365841.0,6.0,,,,7.348066298342541,,49,,4.5,0,7.348066298342541,162,42,50,49
msg_309,node49,node15,320,365835,365842.0,7.0,,,,7.2994652406417115,,49,,7.0,0,7.2994652406417115,156,36,50,49
msg_310,node49,node16,320,365835,,,,,,7.888384754990925,,49,,,0,7.888384754990925,760,20,50,49
msg_311,node49,node17,320,365835,365843.0,8.0,,,,7.296296296296297,,49,,7.333333333333333,0,7.296296296296297,154,34,50,49
msg_312,node49,node18,320,365835,,,,,,7.888384754990925,,49,,,0,7.888384754990925,760,20,50,49
msg_313,node49,node19,320,365835,,,,,,7.888384754990925,,49,,,0,7.888384754990925,760,20,50,49
msg_314,node49,node20,320,365835,365843.0,8.0,,,,7.3,,49,,7.833333333333333,0,7.3,153,33,50,49
msg_315,node49,node21,320,365835,365841.0,6.0,,,,7.309782608695652,,49,,6.333333333333333,0,7.309782608695652,159,39,50,49
msg_316,node49,node22,320,365835,,,,,,7.888384754990925,,49,,,0,7.888384754990925,760,20,50,49
msg_317,node49,node23,320,365835,,,,,,7.888384754990925,,49,,,0,7.888384754990925,760,20,50,49
msg_318,node49,node24,320,365835,365844.0,9.0,,,,7.3,,49,,8.833333333333334,0,7.3,153,33,50,49
msg_319,node49,node25,320,365835,365844.0,9.0,,,,7.3125,,49,,8.833333333333334,0,7.3125,151,31,50,49
msg_320,node49,node26,320,365835,,,,,,7.888384754990925,,49,,,0,7.888384754990925,760,20,50,49
msg_321,node49,node27,320,365835,365844.0,9.0,,,,7.321243523316062,,49,,9.166666666666666,0,7.321243523316062,150,30,50,49
msg_322,node49,node28,320,365835,,,,,,7.888384754990925,,49,,,0,7.888384754990925,760,20,50,49
msg_323,node49,node29,320,365835,,,,,,7.888384754990925,,49,,,0,7.888384754990925,760,20,50,49
msg_324,node49,node30,320,365835,,,,,,7.888384754990925,,49,,,0,7.888384754990925,760,20,50,49
msg_325,node49,node31,320,365835,365842.0,7.0,,,,7.302702702702702,,49,,7.666666666666667,0,7.302702702702702,158,38,50,49
msg_326,node49,node32,320,365835,365842.0,7.0,,,,7.2994652406417115,,49,,8.333333333333334,0,7.2994652406417115,156,36,50,49
msg_327,node49,node33,320,365835,365845.0,10.0,,,,7.321243523316062,,49,,10.0,0,7.321243523316062,150,30,50,49
msg_328,node49,node34,320,365835,,,,,,7.888384754990925,,49,,,0,7.888384754990925,760,20,50,49
msg_329,node49,node35,320,365835,365845.0,10.0,,,,7.321243523316062,,49,,10.333333333333334,0,7.321243523316062,150,30,50,49
msg_330,node49,node36,320,365835,365845.0,10.0,,,,7.357142857142857,,49,,10.5,0,7.357142857142857,147,27,50,49
msg_331,node49,node37,320,365835,365845.0,10.0,,,,7.370558375634518,,49,,11.0,0,7.370558375634518,146,26,50,49
msg_332,node49,node38,320,365835,,,,,,7.888384754990925,,49,,,0,7.888384754990925,760,20,50,49
msg_333,node49,node39,320,365835,,,,,,7.888384754990925,,49,,,0,7.888384754990925,760,20,50,49
msg_334,node49,node40,320,365835,365846.0,11.0,,,,7.383838383838384,,49,,11.166666666666666,0,7.383838383838384,145,25,50,49
msg_335,node49,node41,320,365835,365846.0,11.0,,,,7.383838383838384,,49,,11.5,0,7.383838383838384,145,25,50,49
msg_336,node49,node42,320,365835,,,,,,7.888384754990925,,49,,,0,7.888384754990925,760,20,50,49
msg_337,node49,node43,320,365835,,,,,,7.888384754990925,,49,,,0,7.888384754990925,760,20,50,49
msg_338,node49,node44,320,365835,365846.0,11.0,,,,7.42,,49,,12.0,0,7.42,143,23,50,49
msg_339,node49,node45,320,365835,365847.0,12.0,,,,7.437810945273632,,49,,12.333333333333334,0,7.437810945273632,142,22,50,49
msg_340,node49,node46,320,365835,365847.0,12.0,,,,7.437810945273632,,49,,12.666666666666666,0,7.437810945273632,142,22,50,49
msg_341,node49,node47,320,365835,,,,,,7.888384754990925,,49,,,0,7.888384754990925,760,20,50,49
msg_342,node49,node48,320,365835,,,,,,7.888384754990925,,49,,,0,7.888384754990925,760,20,50,49
msg_343,node49,node0,319,459110,459112.0,2.0,,,,7.482758620689655,,49,,2.2857142857142856,0,7.482758620689655,189,49,50,49
msg_344,node49,node1,319,459110,459112.0,2.0,,,,7.482758620689655,,49,,2.4285714285714284,0,7.482758620689655,189,49,50,49
msg_345,node49,node2,319,459110,459113.0,3.0,,,,7.482758620689655,,49,,3.2857142857142856,0,7.482758620689655,189,49,50,49
msg_346,node49,node3,319,459110,459113.0,3.0,,,,7.407766990291262,,49,,3.2857142857142856,0,7.407766990291262,186,46,50,49
msg_347,node49,node4,319,459110,,,,,,7.888384754990925,,49,,,0,7.888384754990925,760,20,50,49
msg_348,node49,node5,319,459110,,,,,,7.888384754990925,,49,,,0,7.888384754990925,760,20,50,49
msg_349,node49,node6,319,459110,459114.0,4.0,,,,7.365384615384615,,49,,4.285714285714286,0,7.365384615384615,184,44,50,49
msg_350,node49,node7,319,459110,459114.0,4.0,,,,7.349282296650718,,49,,4.571428571428571,0,7.349282296650718,183,43,50,49
msg_351,node49,node8,319,459110,459115.0,5.0,,,,7.333333333333333,,49,,5.142857142857143,0,7.333333333333333,182,42,50,49
msg_352,node49,node9,319,459110,459115.0,5.0,,,,7.333333333333333,,49,,5.285714285714286,0,7.333333333333333,182,42,50,49
msg_353,node49,node10,320,459110,459113.0,3.0,,,,7.386473429951691,,49,,3.4285714285714284,0,7.386473429951691,185,45,50,49
msg_354,node49,node11,320,459110,,,,,,7.888384754990925,,49,,,0,7.888384754990925,760,20,50,49
msg_355,node49,node12,320,459110,,,,,,7.888384754990925,,49,,,0,7.888384754990925,760,20,50,49
msg_356,node49,node13,320,459110,459115.0,5.0,,,,7.311320754716981,,49,,6.285714285714286,0,7.311320754716981,180,40,50,49
msg_357,node49,node14,320,459110,459115.0,5.0,,,,7.300469483568075,,49,,4.714285714285714,0,7.300469483568075,179,39,50,49
msg_358,node49,node15,320,459110,459117.0,7.0,,,,7.283720930232558,,49,,7.0,0,7.283720930232558,177,37,50,49
msg_359,node49,node16,320,459110,,,,,,7.888384754990925,,49,,,0,7.888384754990925,760,20,50,49
msg_360,node49,node17,320,459110,459117.0,7.0,,,,7.282407407407407,,49,,7.428571428571429,0,7.282407407407407,176,36,50,49
msg_361,node49,node18,320,459110,,,,,,7.888384754990925,,49,,,0,7.888384754990925,760,20,50,49
msg_362,node49,node19,320,459110,,,,,,7.888384754990925,,49,,,0,7.888384754990925,760,20,50,49
msg_363,node49,node20,320,459110,459117.0,7.0,,,,7.28110599078341,,49,,7.857142857142857,0,7.28110599078341,175,35,50,49
msg_364,node49,node21,320,459110,459116.0,6.0,,,,7.300469483568075,,49,,6.285714285714286,0,7.300469483568075,179,39,50,49
msg_365,node49,node22,320,459110,,,,,,7.888384754990925,,49,,,0,7.888384754990925,760,20,50,49
msg_366,node49,node23,320,459110,,,,,,7.888384754990925,,49,,,0,7.888384754990925,760,20,50,49
msg_367,node49,node24,320,459110,459119.0,9.0,,,,7.281818181818182,,49,,8.857142857142858,0,7.281818181818182,172,32,50,49
msg_368,node49,node25,320,459110,459119.0,9.0,,,,7.289592760180995,,49,,8.857142857142858,0,7.289592760180995,171,31,50,49
msg_369,node49,node26,320,459110,,,,,,7.888384754990925,,49,,,0,7.888384754990925,760,20,50,49
msg_370,node49,node27,320,459110,459119.0,9.0,,,,7.289592760180995,,49,,9.142857142857142,0,7.289592760180995,171,31,50,49
msg_371,node49,node28,320,459110,,,,,,7.888384754990925,,49,,,0,7.888384754990925,760,20,50,49
msg_372,node49,node29,320,459110,,,,,,7.888384754990925,,49,,,0,7.888384754990925,760,20,50,49
msg_373,node49,node30,320,459110,,,,,,7.888384754990925,,49,,,0,7.888384754990925,760,20,50,49
msg_374,node49,node31,320,459110,459117.0,7.0,,,,7.28110599078341,,49,,7.571428571428571,0,7.28110599078341,175,35,50,49
msg_375,node49,node32,320,459110,459118.0,8.0,,,,7.2785388127853885,,49,,8.142857142857142,0,7.2785388127853885,173,33,50,49
msg_376,node49,node33,320,459110,459119.0,9.0,,,,7.289592760180995,,49,,10.0,0,7.289592760180995,171,31,50,49
msg_377,node49,node34,320,459110,,,,,,7.888384754990925,,49,,,0,7.888384754990925,760,20,50,49
msg_378,node49,node35,320,459110,459121.0,11.0,,,,7.3125,,49,,10.285714285714286,0,7.3125,168,28,50,49
msg_379,node49,node36,320,459110,459121.0,11.0,,,,7.328888888888889,,49,,10.428571428571429,0,7.328888888888889,167,27,50,49
msg_380,node49,node37,320,459110,459121.0,11.0,,,,7.345132743362832,,49,,10.857142857142858,0,7.345132743362832,166,26,50,49
msg_381,node49,node38,320,459110,,,,,,7.888384754990925,,49,,,0,7.888384754990925,760,20,50,49
msg_382,node49,node39,320,459110,,,,,,7.888384754990925,,49,,,0,7.888384754990925,760,20,50,49
msg_383,node49,node40,320,459110,459122.0,12.0,,,,7.345132743362832,,49,,11.142857142857142,0,7.345132743362832,166,26,50,49
msg_384,node49,node41,320,459110,459122.0,12.0,,,,7.345132743362832,,49,,11.428571428571429,0,7.345132743362832,166,26,50,49
msg_385,node49,node42,320,459110,,,,,,7.888384754990925,,49,,,0,7.888384754990925,760,20,50,49
msg_386,node49,node43,320,459110,,,,,,7.888384754990925,,49,,,0,7.888384754990925,760,20,50,49
msg_387,node49,node44,320,459110,459122.0,12.0,,,,7.401746724890829,,49,,11.857142857142858,0,7.401746724890829,163,23,50,49
msg_388,node49,node45,320,459110,459123.0,13.0,,,,7.421739130434783,,49,,12.285714285714286,0,7.421739130434783,162,22,50,49
msg_389,node49,node46,320,459110,459123.0,13.0,,,,7.445887445887446,,49,,12.571428571428571,0,7.445887445887446,161,21,50,49
msg_390,node49,node47,320,459110,,,,,,7.888384754990925,,49,,,0,7.888384754990925,760,20,50,49
msg_391,node49,node48,320,459110,,,,,,7.888384754990925,,49,,,0,7.888384754990925,760,20,50,49
msg_392,node49,node0,319,465022,465024.0,2.0,,,,7.469827586206897,,49,,2.25,0,7.469827586206897,209,49,50,49
msg_393,node49,node1,319,465022,465024.0,2.0,,,,7.469827586206897,,49,,2.375,0,7.469827586206897,209,49,50,49
msg_394,node49,node2,319,465022,465025.0,3.0,,,,7.469827586206897,,49,,3.25,0,7.469827586206897,209,49,50,49
msg_395,node49,node3,319,465022,465026.0,4.0,,,,7.404255319148936,,49,,3.25,0,7.404255319148936,206,46,50,49
msg_396,node49,node4,319,465022,,,,,,7.888384754990925,,49,,,0,7.888384754990925,760,20,50,49
msg_397,node49,node5,319,465022,,,,,,7.888384754990925,,49,,,0,7.888384754990925,760,20,50,49
msg_398,node49,node6,319,465022,465026.0,4.0,,,,7.375527426160337,,49,,4.25,0,7.375527426160337,204,44,50,49
msg_399,node49,node7,319,465022,465027.0,5.0,,,,7.351464435146443,,49,,4.5,0,7.351464435146443,202,42,50,49
msg_400,node49,node8,319,465022,465028.0,6.0,,,,7.351464435146443,,49,,5.125,0,7.351464435146443,202,42,50,49
msg_401,node49,node9,319,465022,465028.0,6.0,,,,7.351464435146443,,49,,5.25,0,7.351464435146443,202,42,50,49
msg_402,node49,node10,320,465022,465026.0,4.0,,,,7.389830508474576,,49,,3.375,0,7.389830508474576,205,45,50,49
msg_403,node49,node11,320,465022,,,,,,7.888384754990925,,49,,,0,7.888384754990925,760,20,50,49
msg_404,node49,node12,320,465022,,,,,,7.888384754990925,,49,,,0,7.888384754990925,760,20,50,49
msg_405,node49,node13,320,465022,465028.0,6.0,,,,7.351464435146443,,49,,6.125,0,7.351464435146443,202,42,50,49
msg_406,node49,node14,320,465022,465027.0,5.0,,,,7.361344537815126,,49,,4.75,0,7.361344537815126,203,43,50,49
msg_407,node49,node15,320,465022,465029.0,7.0,,,,7.325102880658436,,49,,7.0,0,7.325102880658436,198,38,50,49
msg_408,node49,node16,320,465022,,,,,,7.888384754990925,,49,,,0,7.888384754990925,760,20,50,49
msg_409,node49,node17,320,465022,465030.0,8.0,,,,7.322448979591837,,49,,7.375,0,7.322448979591837,196,36,50,49
msg_410,node49,node18,320,465022,,,,,,7.888384754990925,,49,,,0,7.888384754990925,760,20,50,49
msg_411,node49,node19,320,465022,,,,,,7.888384754990925,,49,,,0,7.888384754990925,760,20,50,49
msg_412,node49,node20,320,465022,465030.0,8.0,,,,7.322448979591837,,49,,7.75,0,7.322448979591837,196,36,50,49
msg_413,node49,node21,320,465022,465029.0,7.0,,,,7.323770491803279,,49,,6.25,0,7.323770491803279,197,37,50,49
msg_414,node49,node22,320,465022,,,,,,7.888384754990925,,49,,,0,7.888384754990925,760,20,50,49
msg_415,node49,node23,320,465022,,,,,,7.888384754990925,,49,,,0,7.888384754990925,760,20,50,49
msg_416,node49,node24,320,465022,465030.0,8.0,,,,7.327935222672065,,49,,8.875,0,7.327935222672065,194,34,50,49
msg_417,node49,node25,320,465022,465031.0,9.0,,,,7.330645161290323,,49,,8.875,0,7.330645161290323,193,33,50,49
msg_418,node49,node26,320,465022,,,,,,7.888384754990925,,49,,,0,7.888384754990925,760,20,50,49
msg_419,node49,node27,320,465022,465031.0,9.0,,,,7.330645161290323,,49,,9.125,0,7.330645161290323,193,33,50,49
msg_420,node49,node28,320,465022,,,,,,7.888384754990925,,49,,,0,7.888384754990925,760,20,50,49
msg_421,node49,node29,320,465022,,,,,,7.888384754990925,,49,,,0,7.888384754990925,760,20,50,49
msg_422,node49,node30,320,465022,,,,,,7.888384754990925,,49,,,0,7.888384754990925,760,20,50,49
msg_423,node49,node31,320,465022,465031.0,9.0,,,,7.330645161290323,,49,,7.5,0,7.330645161290323,193,33,50,49
msg_424,node49,node32,320,465022,465031.0,9.0,,,,7.350597609561753,,49,,8.125,0,7.350597609561753,190,30,50,49
msg_425,node49,node33,320,465022,465032.0,10.0,,,,7.357142857142857,,49,,9.875,0,7.357142857142857,189,29,50,49
msg_426,node49,node34,320,465022,,,,,,7.888384754990925,,49,,,0,7.888384754990925,760,20,50,49
msg_427,node49,node35,320,465022,465033.0,11.0,,,,7.367588932806324,,49,,10.375,0,7.367588932806324,188,28,50,49
msg_428,node49,node36,320,465022,465033.0,11.0,,,,7.367588932806324,,49,,10.5,0,7.367588932806324,188,28,50,49
msg_429,node49,node37,320,465022,465033.0,11.0,,,,7.367588932806324,,49,,10.875,0,7.367588932806324,188,28,50,49
msg_430,node49,node38,320,465022,,,,,,7.888384754990925,,49,,,0,7.888384754990925,760,20,50,49
msg_431,node49,node39,320,465022,,,,,,7.888384754990925,,49,,,0,7.888384754990925,760,20,50,49
msg_432,node49,node40,320,465022,465034.0,12.0,,,,7.41015625,,49,,11.25,0,7.41015625,185,25,50,49
msg_433,node49,node41,320,465022,465035.0,13.0,,,,7.428015564202335,,49,,11.5,0,7.428015564202335,184,24,50,49
msg_434,node49,node42,320,465022,,,,,,7.888384754990925,,49,,,0,7.888384754990925,760,20,50,49
msg_435,node49,node43,320,465022,,,,,,7.888384754990925,,49,,,0,7.888384754990925,760,20,50,49
msg_436,node49,node44,320,465022,465035.0,13.0,,,,7.449612403100775,,49,,11.875,0,7.449612403100775,183,23,50,49
msg_437,node49,node45,320,465022,465035.0,13.0,,,,7.449612403100775,,49,,12.375,0,7.449612403100775,183,23,50,49
msg_438,node49,node46,320,465022,465036.0,14.0,,,,7.449612403100775,,49,,12.625,0,7.449612403100775,183,23,50,49
msg_439,node49,node47,320,465022,,,,,,7.888384754990925,,49,,,0,7.888384754990925,760,20,50,49
msg_440,node49,node48,320,465022,,,,,,7.888384754990925,,49,,,0,7.888384754990925,760,20,50,49
msg_441,node49,node0,319,466749,466751.0,2.0,,,,7.517241379310345,,49,,2.2222222222222223,0,7.517241379310345,229,49,50,49
msg_442,node49,node1,319,466749,466751.0,2.0,,,,7.517241379310345,,49,,2.3333333333333335,0,7.517241379310345,229,49,50,49
msg_443,node49,node2,319,466749,466752.0,3.0,,,,7.517241379310345,,49,,3.2222222222222223,0,7.517241379310345,229,49,50,49
msg_444,node49,node3,319,466749,466752.0,3.0,,,,7.458333333333333,,49,,3.3333333333333335,0,7.458333333333333,226,46,50,49
msg_445,node49,node4,319,466749,,,,,,7.888384754990925,,49,,,0,7.888384754990925,760,20,50,49
msg_446,node49,node5,319,466749,,,,,,7.888384754990925,,49,,,0,7.888384754990925,760,20,50,49
msg_447,node49,node6,319,466749,466753.0,4.0,,,,7.411985018726591,,49,,4.222222222222222,0,7.411985018726591,223,43,50,49
msg_448,node49,node7,319,466749,466754.0,5.0,,,,7.399253731343284,,49,,4.555555555555555,0,7.399253731343284,222,42,50,49
msg_449,node49,node8,319,466749,466754.0,5.0,,,,7.390334572490707,,49,,5.222222222222222,0,7.390334572490707,221,41,50,49
msg_450,node49,node9,319,466749,466754.0,5.0,,,,7.390334572490707,,49,,5.333333333333333,0,7.390334572490707,221,41,50,49
msg_451,node49,node10,320,466749,466752.0,3.0,,,,7.441509433962264,,49,,3.4444444444444446,0,7.441509433962264,225,45,50,49
msg_452,node49,node11,320,466749,,,,,,7.888384754990925,,49,,,0,7.888384754990925,760,20,50,49
msg_453,node49,node12,320,466749,,,,,,7.888384754990925,,49,,,0,7.888384754990925,760,20,50,49
msg_454,node49,node13,320,466749,466755.0,6.0,,,,7.390334572490707,,49,,6.111111111111111,0,7.390334572490707,221,41,50,49
msg_455,node49,node14,320,466749,466753.0,4.0,,,,7.424812030075188,,49,,4.777777777777778,0,7.424812030075188,224,44,50,49
msg_456,node49,node15,320,466749,466756.0,7.0,,,,7.362637362637362,,49,,7.0,0,7.362637362637362,217,37,50,49
msg_457,node49,node16,320,466749,,,,,,7.888384754990925,,49,,,0,7.888384754990925,760,20,50,49
msg_458,node49,node17,320,466749,466756.0,7.0,,,,7.361313868613139,,49,,7.444444444444445,0,7.361313868613139,216,36,50,49
msg_459,node49,node18,320,466749,,,,,,7.888384754990925,,49,,,0,7.888384754990925,760,20,50,49
msg_460,node49,node19,320,466749,,,,,,7.888384754990925,,49,,,0,7.888384754990925,760,20,50,49
msg_461,node49,node20,320,466749,466756.0,7.0,,,,7.36,,49,,7.777777777777778,0,7.36,215,35,50,49
msg_462,node49,node21,320,466749,466755.0,6.0,,,,7.390334572490707,,49,,6.333333333333333,0,7.390334572490707,221,41,50,49
msg_463,node49,node22,320,466749,,,,,,7.888384754990925,,49,,,0,7.888384754990925,760,20,50,49
msg_464,node49,node23,320,466749,,,,,,7.888384754990925,,49,,,0,7.888384754990925,760,20,50,49
msg_465,node49,node24,320,466749,466757.0,8.0,,,,7.358695652173913,,49,,8.777777777777779,0,7.358695652173913,214,34,50,49
msg_466,node49,node25,320,466749,466757.0,8.0,,,,7.3610108303249095,,49,,8.88888888888889,0,7.3610108303249095,213,33,50,49
msg_467,node49,node26,320,466749,,,,,,7.888384754990925,,49,,,0,7.888384754990925,760,20,50,49
msg_468,node49,node27,320,466749,466757.0,8.0,,,,7.3610108303249095,,49,,9.11111111111111,0,7.3610108303249095,213,33,50,49
msg_469,node49,node28,320,466749,,,,,,7.888384754990925,,49,,,0,7.888384754990925,760,20,50,49
msg_470,node49,node29,320,466749,,,,,,7.888384754990925,,49,,,0,7.888384754990925,760,20,50,49
msg_471,node49,node30,320,466749,,,,,,7.888384754990925,,49,,,0,7.888384754990925,760,20,50,49
msg_472,node49,node31,320,466749,466757.0,8.0,,,,7.3610108303249095,,49,,7.666666666666667,0,7.3610108303249095,213,33,50,49
msg_473,node49,node32,320,466749,466758.0,9.0,,,,7.3610108303249095,,49,,8.222222222222221,0,7.3610108303249095,213,33,50,49
msg_474,node49,node33,320,466749,466759.0,10.0,,,,7.3736654804270465,,49,,9.88888888888889,0,7.3736654804270465,209,29,50,49
msg_475,node49,node34,320,466749,,,,,,7.888384754990925,,49,,,0,7.888384754990925,760,20,50,49
msg_476,node49,node35,320,466749,466759.0,10.0,,,,7.382978723404255,,49,,10.444444444444445,0,7.382978723404255,208,28,50,49
msg_477,node49,node36,320,466749,466759.0,10.0,,,,7.392226148409894,,49,,10.555555555555555,0,7.392226148409894,207,27,50,49
msg_478,node49,node37,320,466749,466760.0,11.0,,,,7.401408450704225,,49,,10.88888888888889,0,7.401408450704225,206,26,50,49
msg_479,node49,node38,320,466749,,,,,,7.888384754990925,,49,,,0,7.888384754990925,760,20,50,49
msg_480,node49,node39,320,466749,,,,,,7.888384754990925,,49,,,0,7.888384754990925,760,20,50,49
msg_481,node49,node40,320,466749,466760.0,11.0,,,,7.401408450704225,,49,,11.333333333333334,0,7.401408450704225,206,26,50,49
msg_482,node49,node41,320,466749,466760.0,11.0,,,,7.401408450704225,,49,,11.666666666666666,0,7.401408450704225,206,26,50,49
msg_483,node49,node42,320,466749,,,,,,7.888384754990925,,49,,,0,7.888384754990925,760,20,50,49
msg_484,node49,node43,320,466749,,,,,,7.888384754990925,,49,,,0,7.888384754990925,760,20,50,49
msg_485,node49,node44,320,466749,466761.0,12.0,,,,7.401408450704225,,49,,12.0,0,7.401408450704225,206,26,50,49
msg_486,node49,node45,320,466749,466761.0,12.0,,,,7.454861111111111,,49,,12.444444444444445,0,7.454861111111111,202,22,50,49
msg_487,node49,node46,320,466749,466761.0,12.0,,,,7.470588235294118,,49,,12.777777777777779,0,7.470588235294118,201,21,50,49
msg_488,node49,node47,320,466749,,,,,,7.888384754990925,,49,,,0,7.888384754990925,760,20,50,49
msg_489,node49,node48,320,466749,,,,,,7.888384754990925,,49,,,0,7.888384754990925,760,20,50,49
msg_490,node49,node0,319,575135,575138.0,3.0,,,,7.4862068965517246,,49,,2.2,0,7.4862068965517246,249,49,50,49
msg_491,node49,node1,319,575135,575138.0,3.0,,,,7.470790378006873,,49,,2.3,0,7.470790378006873,248,48,50,49
msg_492,node49,node2,319,575135,575139.0,4.0,,,,7.455479452054795,,49,,3.2,0,7.455479452054795,247,47,50,49
msg_493,node49,node3,319,575135,575139.0,4.0,,,,7.4436860068259385,,49,,3.3,0,7.4436860068259385,246,46,50,49
msg_494,node49,node4,319,575135,,,,,,7.888384754990925,,49,,,0,7.888384754990925,760,20,50,49
msg_495,node49,node5,319,575135,,,,,,7.888384754990925,,49,,,0,7.888384754990925,760,20,50,49
msg_496,node49,node6,319,575135,575140.0,5.0,,,,7.420338983050847,,49,,4.2,0,7.420338983050847,244,44,50,49
msg_497,node49,node7,319,575135,575140.0,5.0,,,,7.412162162162162,,49,,4.6,0,7.412162162162162,243,43,50,49
msg_498,node49,node8,319,575135,575141.0,6.0,,,,7.404040404040404,,49,,5.2,0,7.404040404040404,242,42,50,49
msg_499,node49,node9,319,575135,575141.0,6.0,,,,7.399328859060403,,49,,5.3,0,7.399328859060403,241,41,50,49
msg_500,node49,node10,320,575135,575139.0,4.0,,,,7.431972789115647,,49,,3.4,0,7.431972789115647,245,45,50,49
msg_501,node49,node11,320,575135,,,,,,7.888384754990925,,49,,,0,7.888384754990925,760,20,50,49
msg_502,node49,node12,320,575135,,,,,,7.888384754990925,,49,,,0,7.888384754990925,760,20,50,49
msg_503,node49,node13,320,575135,575141.0,6.0,,,,7.394648829431438,,49,,6.1,0,7.394648829431438,240,40,50,49
msg_504,node49,node14,320,575135,575142.0,7.0,,,,7.39,,49,,4.7,0,7.39,239,39,50,49
msg_505,node49,node15,320,575135,575143.0,8.0,,,,7.387417218543046,,49,,7.0,0,7.387417218543046,237,37,50,49
msg_506,node49,node16,320,575135,,,,,,7.888384754990925,,49,,,0,7.888384754990925,760,20,50,49
msg_507,node49,node17,320,575135,575143.0,8.0,,,,7.3894389438943895,,49,,7.4,0,7.3894389438943895,236,36,50,49
msg_508,node49,node18,320,575135,,,,,,7.888384754990925,,49,,,0,7.888384754990925,760,20,50,49
msg_509,node49,node19,320,575135,,,,,,7.888384754990925,,49,,,0,7.888384754990925,760,20,50,49
msg_510,node49,node20,320,575135,575144.0,9.0,,,,7.391447368421052,,49,,7.7,0,7.391447368421052,235,35,50,49
msg_511,node49,node21,320,575135,575142.0,7.0,,,,7.3887043189368775,,49,,6.3,0,7.3887043189368775,238,38,50,49
msg_512,node49,node22,320,575135,,,,,,7.888384754990925,,49,,,0,7.888384754990925,760,20,50,49
msg_513,node49,node23,320,575135,,,,,,7.888384754990925,,49,,,0,7.888384754990925,760,20,50,49
msg_514,node49,node24,320,575135,575144.0,9.0,,,,7.39672131147541,,49,,8.7,0,7.39672131147541,234,34,50,49
msg_515,node49,node25,320,575135,575145.0,10.0,,,,7.39672131147541,,49,,8.8,0,7.39672131147541,234,34,50,49
msg_516,node49,node26,320,575135,,,,,,7.888384754990925,,49,,,0,7.888384754990925,760,20,50,49
msg_517,node49,node27,320,575135,575146.0,11.0,,,,7.423948220064725,,49,,9.0,0,7.423948220064725,230,30,50,49
msg_518,node49,node28,320,575135,,,,,,7.888384754990925,,49,,,0,7.888384754990925,760,20,50,49
msg_519,node49,node29,320,575135,,,,,,7.888384754990925,,49,,,0,7.888384754990925,760,20,50,49
msg_520,node49,node30,320,575135,,,,,,7.888384754990925,,49,,,0,7.888384754990925,760,20,50,49
msg_521,node49,node31,320,575135,575144.0,9.0,,,,7.39672131147541,,49,,7.7,0,7.39672131147541,234,34,50,49
msg_522,node49,node32,320,575135,575145.0,10.0,,,,7.415584415584416,,49,,8.3,0,7.415584415584416,231,31,50,49
msg_523,node49,node33,320,575135,575146.0,11.0,,,,7.435483870967742,,49,,9.9,0,7.435483870967742,229,29,50,49
msg_524,node49,node34,320,575135,,,,,,7.888384754990925,,49,,,0,7.888384754990925,760,20,50,49
msg_525,node49,node35,320,575135,575146.0,11.0,,,,7.446945337620579,,49,,10.4,0,7.446945337620579,228,28,50,49
msg_526,node49,node36,320,575135,575147.0,12.0,,,,7.458333333333333,,49,,10.5,0,7.458333333333333,227,27,50,49
msg_527,node49,node37,320,575135,575147.0,12.0,,,,7.472843450479234,,49,,10.9,0,7.472843450479234,226,26,50,49
msg_528,node49,node38,320,575135,,,,,,7.888384754990925,,49,,,0,7.888384754990925,760,20,50,49
msg_529,node49,node39,320,575135,,,,,,7.888384754990925,,49,,,0,7.888384754990925,760,20,50,49
msg_530,node49,node40,320,575135,575147.0,12.0,,,,7.487261146496815,,49,,11.3,0,7.487261146496815,225,25,50,49
msg_531,node49,node41,320,575135,575147.0,12.0,,,,7.501587301587302,,49,,11.6,0,7.501587301587302,224,24,50,49
msg_532,node49,node42,320,575135,,,,,,7.888384754990925,,49,,,0,7.888384754990925,760,20,50,49
msg_533,node49,node43,320,575135,,,,,,7.888384754990925,,49,,,0,7.888384754990925,760,20,50,49
msg_534,node49,node44,320,575135,575148.0,13.0,,,,7.515822784810126,,49,,12.0,0,7.515822784810126,223,23,50,49
msg_535,node49,node45,320,575135,575148.0,13.0,,,,7.533123028391167,,49,,12.4,0,7.533123028391167,222,22,50,49
msg_536,node49,node46,320,575135,575148.0,13.0,,,,7.533123028391167,,49,,12.7,0,7.533123028391167,222,22,50,49
msg_537,node49,node47,320,575135,,,,,,7.888384754990925,,49,,,0,7.888384754990925,760,20,50,49
msg_538,node49,node48,320,575135,,,,,,7.888384754990925,,49,,,0,7.888384754990925,760,20,50,49
msg_539,node49,node0,319,609154,609157.0,3.0,,,,7.567398119122257,,49,,2.272727272727273,0,7.567398119122257,269,49,50,49
msg_540,node49,node1,319,609154,609157.0,3.0,,,,7.567398119122257,,49,,2.3636363636363638,0,7.567398119122257,269,49,50,49
msg_541,node49,node2,319,609154,609158.0,4.0,,,,7.567398119122257,,49,,3.272727272727273,0,7.567398119122257,269,49,50,49
msg_542,node49,node3,319,609154,609158.0,4.0,,,,7.567398119122257,,49,,3.3636363636363638,0,7.567398119122257,269,49,50,49
msg_543,node49,node4,319,609154,,,,,,7.888384754990925,,49,,,0,7.888384754990925,760,20,50,49
msg_544,node49,node5,319,609154,,,,,,7.888384754990925,,49,,,0,7.888384754990925,760,20,50,49
msg_545,node49,node6,319,609154,609159.0,5.0,,,,7.506172839506172,,49,,4.2727272727272725,0,7.506172839506172,264,44,50,49
msg_546,node49,node7,319,609154,609159.0,5.0,,,,7.498461538461538,,49,,4.636363636363637,0,7.498461538461538,263,43,50,49
msg_547,node49,node8,319,609154,609160.0,6.0,,,,7.49079754601227,,49,,5.2727272727272725,0,7.49079754601227,262,42,50,49
msg_548,node49,node9,319,609154,609160.0,6.0,,,,7.486238532110092,,49,,5.363636363636363,0,7.486238532110092,261,41,50,49
msg_549,node49,node10,320,609154,609158.0,4.0,,,,7.5170278637770895,,49,,3.4545454545454546,0,7.5170278637770895,265,45,50,49
msg_550,node49,node11,320,609154,,,,,,7.888384754990925,,49,,,0,7.888384754990925,760,20,50,49
msg_551,node49,node12,320,609154,,,,,,7.888384754990925,,49,,,0,7.888384754990925,760,20,50,49
msg_552,node49,node13,320,609154,609160.0,6.0,,,,7.4817073170731705,,49,,6.090909090909091,0,7.4817073170731705,260,40,50,49
msg_553,node49,node14,320,609154,609160.0,6.0,,,,7.477203647416413,,49,,4.909090909090909,0,7.477203647416413,259,39,50,49
msg_554,node49,node15,320,609154,609162.0,8.0,,,,7.471299093655589,,49,,7.090909090909091,0,7.471299093655589,257,37,50,49
msg_555,node49,node16,320,609154,,,,,,7.888384754990925,,49,,,0,7.888384754990925,760,20,50,49
msg_556,node49,node17,320,609154,609162.0,8.0,,,,7.47289156626506,,49,,7.454545454545454,0,7.47289156626506,256,36,50,49
msg_557,node49,node18,320,609154,,,,,,7.888384754990925,,49,,,0,7.888384754990925,760,20,50,49
msg_558,node49,node19,320,609154,,,,,,7.888384754990925,,49,,,0,7.888384754990925,760,20,50,49
msg_559,node49,node20,320,609154,609162.0,8.0,,,,7.476047904191617,,49,,7.818181818181818,0,7.476047904191617,254,34,50,49
msg_560,node49,node21,320,609154,609161.0,7.0,,,,7.472727272727273,,49,,6.363636363636363,0,7.472727272727273,258,38,50,49
msg_561,node49,node22,320,609154,,,,,,7.888384754990925,,49,,,0,7.888384754990925,760,20,50,49
msg_562,node49,node23,320,609154,,,,,,7.888384754990925,,49,,,0,7.888384754990925,760,20,50,49
msg_563,node49,node24,320,609154,609164.0,10.0,,,,7.482142857142857,,49,,8.727272727272727,0,7.482142857142857,252,32,50,49
msg_564,node49,node25,320,609154,609164.0,10.0,,,,7.489614243323442,,49,,8.909090909090908,0,7.489614243323442,251,31,50,49
msg_565,node49,node26,320,609154,,,,,,7.888384754990925,,49,,,0,7.888384754990925,760,20,50,49
msg_566,node49,node27,320,609154,609164.0,10.0,,,,7.497041420118343,,49,,9.181818181818182,0,7.497041420118343,250,30,50,49
msg_567,node49,node28,320,609154,,,,,,7.888384754990925,,49,,,0,7.888384754990925,760,20,50,49
msg_568,node49,node29,320,609154,,,,,,7.888384754990925,,49,,,0,7.888384754990925,760,20,50,49
msg_569,node49,node30,320,609154,,,,,,7.888384754990925,,49,,,0,7.888384754990925,760,20,50,49
msg_570,node49,node31,320,609154,609162.0,8.0,,,,7.474474474474475,,49,,7.818181818181818,0,7.474474474474475,255,35,50,49
msg_571,node49,node32,320,609154,609163.0,9.0,,,,7.477611940298507,,49,,8.454545454545455,0,7.477611940298507,253,33,50,49
msg_572,node49,node33,320,609154,609164.0,10.0,,,,7.504424778761062,,49,,10.0,0,7.504424778761062,249,29,50,49
msg_573,node49,node34,320,609154,,,,,,7.888384754990925,,49,,,0,7.888384754990925,760,20,50,49
msg_574,node49,node35,320,609154,609166.0,12.0,,,,7.504424778761062,,49,,10.454545454545455,0,7.504424778761062,249,29,50,49
msg_575,node49,node36,320,609154,609166.0,12.0,,,,7.504424778761062,,49,,10.636363636363637,0,7.504424778761062,249,29,50,49
msg_576,node49,node37,320,609154,609167.0,13.0,,,,7.538011695906433,,49,,11.0,0,7.538011695906433,246,26,50,49
msg_577,node49,node38,320,609154,,,,,,7.888384754990925,,49,,,0,7.888384754990925,760,20,50,49
msg_578,node49,node39,320,609154,,,,,,7.888384754990925,,49,,,0,7.888384754990925,760,20,50,49
msg_579,node49,node40,320,609154,609167.0,13.0,,,,7.553935860058309,,49,,11.363636363636363,0,7.553935860058309,245,25,50,49
msg_580,node49,node41,320,609154,609167.0,13.0,,,,7.569767441860465,,49,,11.636363636363637,0,7.569767441860465,244,24,50,49
msg_581,node49,node42,320,609154,,,,,,7.888384754990925,,49,,,0,7.888384754990925,760,20,50,49
msg_582,node49,node43,320,609154,,,,,,7.888384754990925,,49,,,0,7.888384754990925,760,20,50,49
msg_583,node49,node44,320,609154,609167.0,13.0,,,,7.585507246376811,,49,,12.090909090909092,0,7.585507246376811,243,23,50,49
msg_584,node49,node45,320,609154,609168.0,14.0,,,,7.601156069364162,,49,,12.454545454545455,0,7.601156069364162,242,22,50,49
msg_585,node49,node46,320,609154,609168.0,14.0,,,,7.619596541786744,,49,,12.727272727272727,0,7.619596541786744,241,21,50,49
msg_586,node49,node47,320,609154,,,,,,7.888384754990925,,49,,,0,7.888384754990925,760,20,50,49
msg_587,node49,node48,320,609154,,,,,,7.888384754990925,,49,,,0,7.888384754990925,760,20,50,49
msg_588,node49,node0,319,695354,695357.0,3.0,,,,7.637931034482759,,49,,2.3333333333333335,0,7.637931034482759,289,49,50,49
msg_589,node49,node1,319,695354,695358.0,4.0,,,,7.624641833810888,,49,,2.4166666666666665,0,7.624641833810888,288,48,50,49
msg_590,node49,node2,319,695354,695358.0,4.0,,,,7.614285714285714,,49,,3.3333333333333335,0,7.614285714285714,287,47,50,49
msg_591,node49,node3,319,695354,695359.0,5.0,,,,7.603988603988604,,49,,3.4166666666666665,0,7.603988603988604,286,46,50,49
msg_592,node49,node4,319,695354,,,,,,7.888384754990925,,49,,,0,7.888384754990925,760,20,50,49
msg_593,node49,node5,319,695354,,,,,,7.888384754990925,,49,,,0,7.888384754990925,760,20,50,49
msg_594,node49,node6,319,695354,695360.0,6.0,,,,7.589235127478753,,49,,4.333333333333333,0,7.589235127478753,284,44,50,49
msg_595,node49,node7,319,695354,695360.0,6.0,,,,7.584745762711864,,49,,4.666666666666667,0,7.584745762711864,283,43,50,49
msg_596,node49,node8,319,695354,695361.0,7.0,,,,7.575842696629214,,49,,5.333333333333333,0,7.575842696629214,281,41,50,49
msg_597,node49,node9,319,695354,695361.0,7.0,,,,7.57422969187675,,49,,5.416666666666667,0,7.57422969187675,280,40,50,49
msg_598,node49,node10,320,695354,695359.0,5.0,,,,7.596590909090909,,49,,3.5,0,7.596590909090909,285,45,50,49
msg_599,node49,node11,320,695354,,,,,,7.888384754990925,,49,,,0,7.888384754990925,760,20,50,49
msg_600,node49,node12,320,695354,,,,,,7.888384754990925,,49,,,0,7.888384754990925,760,20,50,49
msg_601,node49,node13,320,695354,695362.0,8.0,,,,7.572625698324022,,49,,6.083333333333333,0,7.572625698324022,279,39,50,49
msg_602,node49,node14,320,695354,695360.0,6.0,,,,7.580281690140845,,49,,5.0,0,7.580281690140845,282,42,50,49
msg_603,node49,node15,320,695354,695363.0,9.0,,,,7.575,,49,,7.166666666666667,0,7.575,277,37,50,49
msg_604,node49,node16,320,695354,,,,,,7.888384754990925,,49,,,0,7.888384754990925,760,20,50,49
msg_605,node49,node17,320,695354,695363.0,9.0,,,,7.578947368421052,,49,,7.5,0,7.578947368421052,276,36,50,49
msg_606,node49,node18,320,695354,,,,,,7.888384754990925,,49,,,0,7.888384754990925,760,20,50,49
msg_607,node49,node19,320,695354,,,,,,7.888384754990925,,49,,,0,7.888384754990925,760,20,50,49
msg_608,node49,node20,320,695354,695364.0,10.0,,,,7.582872928176796,,49,,7.833333333333333,0,7.582872928176796,275,35,50,49
msg_609,node49,node21,320,695354,695362.0,8.0,,,,7.573816155988858,,49,,6.416666666666667,0,7.573816155988858,278,38,50,49
msg_610,node49,node22,320,695354,,,,,,7.888384754990925,,49,,,0,7.888384754990925,760,20,50,49
msg_611,node49,node23,320,695354,,,,,,7.888384754990925,,49,,,0,7.888384754990925,760,20,50,49
msg_612,node49,node24,320,695354,695364.0,10.0,,,,7.589531680440771,,49,,8.833333333333334,0,7.589531680440771,274,34,50,49
msg_613,node49,node25,320,695354,695364.0,10.0,,,,7.596153846153846,,49,,9.0,0,7.596153846153846,273,33,50,49
msg_614,node49,node26,320,695354,,,,,,7.888384754990925,,49,,,0,7.888384754990925,760,20,50,49
msg_615,node49,node27,320,695354,695364.0,10.0,,,,7.602739726027397,,49,,9.25,0,7.602739726027397,272,32,50,49
msg_616,node49,node28,320,695354,,,,,,7.888384754990925,,49,,,0,7.888384754990925,760,20,50,49
msg_617,node49,node29,320,695354,,,,,,7.888384754990925,,49,,,0,7.888384754990925,760,20,50,49
msg_618,node49,node30,320,695354,,,,,,7.888384754990925,,49,,,0,7.888384754990925,760,20,50,49
msg_619,node49,node31,320,695354,695365.0,11.0,,,,7.609289617486339,,49,,7.833333333333333,0,7.609289617486339,271,31,50,49
msg_620,node49,node32,320,695354,695365.0,11.0,,,,7.618528610354224,,49,,8.5,0,7.618528610354224,270,30,50,49
msg_621,node49,node33,320,695354,695366.0,12.0,,,,7.627717391304348,,49,,10.0,0,7.627717391304348,269,29,50,49
msg_622,node49,node34,320,695354,,,,,,7.888384754990925,,49,,,0,7.888384754990925,760,20,50,49
msg_623,node49,node35,320,695354,695366.0,12.0,,,,7.639566395663957,,49,,10.583333333333334,0,7.639566395663957,268,28,50,49
msg_624,node49,node36,320,695354,695366.0,12.0,,,,7.651351351351352,,49,,10.75,0,7.651351351351352,267,27,50,49
msg_625,node49,node37,320,695354,695367.0,13.0,,,,7.663072776280323,,49,,11.166666666666666,0,7.663072776280323,266,26,50,49
msg_626,node49,node38,320,695354,,,,,,7.888384754990925,,49,,,0,7.888384754990925,760,20,50,49
msg_627,node49,node39,320,695354,,,,,,7.888384754990925,,49,,,0,7.888384754990925,760,20,50,49
msg_628,node49,node40,320,695354,695367.0,13.0,,,,7.67741935483871,,49,,11.5,0,7.67741935483871,265,25,50,49
msg_629,node49,node41,320,695354,695368.0,14.0,,,,7.6916890080428955,,49,,11.75,0,7.6916890080428955,264,24,50,49
msg_630,node49,node42,320,695354,,,,,,7.888384754990925,,49,,,0,7.888384754990925,760,20,50,49
msg_631,node49,node43,320,695354,,,,,,7.888384754990925,,49,,,0,7.888384754990925,760,20,50,49
msg_632,node49,node44,320,695354,695368.0,14.0,,,,7.708556149732621,,49,,12.166666666666666,0,7.708556149732621,263,23,50,49
msg_633,node49,node45,320,695354,695368.0,14.0,,,,7.725333333333333,,49,,12.583333333333334,0,7.725333333333333,262,22,50,49
msg_634,node49,node46,320,695354,695368.0,14.0,,,,7.742021276595745,,49,,12.833333333333334,0,7.742021276595745,261,21,50,49
msg_635,node49,node47,320,695354,,,,,,7.888384754990925,,49,,,0,7.888384754990925,760,20,50,49
msg_636,node49,node48,320,695354,,,,,,7.888384754990925,,49,,,0,7.888384754990925,760,20,50,49
msg_637,node49,node0,319,695482,695485.0,3.0,,,,7.758620689655173,,49,,2.3846153846153846,0,7.758620689655173,309,49,50,49
msg_638,node49,node1,319,695482,695485.0,3.0,,,,7.746031746031746,,49,,2.5384615384615383,0,7.746031746031746,308,48,50,49
msg_639,node49,node2,319,695482,695485.0,3.0,,,,7.733509234828496,,49,,3.3846153846153846,0,7.733509234828496,307,47,50,49
msg_640,node49,node3,319,695482,695485.0,3.0,,,,7.708661417322834,,49,,3.5384615384615383,0,7.708661417322834,305,45,50,49
msg_641,node49,node4,319,695482,,,,,,7.888384754990925,,49,,,0,7.888384754990925,760,20,50,49
msg_642,node49,node5,319,695482,,,,,,7.888384754990925,,49,,,0,7.888384754990925,760,20,50,49
msg_643,node49,node6,319,695482,695486.0,4.0,,,,7.696335078534031,,49,,4.461538461538462,0,7.696335078534031,304,44,50,49
msg_644,node49,node7,319,695482,695486.0,4.0,,,,7.68668407310705,,49,,4.769230769230769,0,7.68668407310705,303,43,50,49
msg_645,node49,node8,319,695482,695487.0,5.0,,,,7.667532467532467,,49,,5.461538461538462,0,7.667532467532467,301,41,50,49
msg_646,node49,node9,319,695482,695487.0,5.0,,,,7.660621761658031,,49,,5.538461538461538,0,7.660621761658031,300,40,50,49
msg_647,node49,node10,320,695482,695485.0,3.0,,,,7.721052631578948,,49,,3.6153846153846154,0,7.721052631578948,306,46,50,49
msg_648,node49,node11,320,695482,,,,,,7.888384754990925,,49,,,0,7.888384754990925,760,20,50,49
msg_649,node49,node12,320,695482,,,,,,7.888384754990925,,49,,,0,7.888384754990925,760,20,50,49
msg_650,node49,node13,320,695482,695487.0,5.0,,,,7.6537467700258395,,49,,6.230769230769231,0,7.6537467700258395,299,39,50,49
msg_651,node49,node14,320,695482,695486.0,4.0,,,,7.677083333333333,,49,,5.076923076923077,0,7.677083333333333,302,42,50,49
msg_652,node49,node15,320,695482,695488.0,6.0,,,,7.646907216494846,,49,,7.3076923076923075,0,7.646907216494846,298,38,50,49
msg_653,node49,node16,320,695482,,,,,,7.888384754990925,,49,,,0,7.888384754990925,760,20,50,49
msg_654,node49,node17,320,695482,695489.0,7.0,,,,7.6426735218509,,49,,7.615384615384615,0,7.6426735218509,297,37,50,49
msg_655,node49,node18,320,695482,,,,,,7.888384754990925,,49,,,0,7.888384754990925,760,20,50,49
msg_656,node49,node19,320,695482,,,,,,7.888384754990925,,49,,,0,7.888384754990925,760,20,50,49
msg_657,node49,node20,320,695482,695489.0,7.0,,,,7.641025641025641,,49,,8.0,0,7.641025641025641,296,36,50,49
msg_658,node49,node21,320,695482,695489.0,7.0,,,,7.639386189258312,,49,,6.538461538461538,0,7.639386189258312,295,35,50,49
msg_659,node49,node22,320,695482,,,,,,7.888384754990925,,49,,,0,7.888384754990925,760,20,50,49
msg_660,node49,node23,320,695482,,,,,,7.888384754990925,,49,,,0,7.888384754990925,760,20,50,49
msg_661,node49,node24,320,695482,695491.0,9.0,,,,7.637055837563452,,49,,8.923076923076923,0,7.637055837563452,292,32,50,49
msg_662,node49,node25,320,695482,695491.0,9.0,,,,7.640506329113924,,49,,9.076923076923077,0,7.640506329113924,291,31,50,49
msg_663,node49,node26,320,695482,,,,,,7.888384754990925,,49,,,0,7.888384754990925,760,20,50,49
msg_664,node49,node27,320,695482,695491.0,9.0,,,,7.643939393939394,,49,,9.307692307692308,0,7.643939393939394,290,30,50,49
msg_665,node49,node28,320,695482,,,,,,7.888384754990925,,49,,,0,7.888384754990925,760,20,50,49
msg_666,node49,node29,320,695482,,,,,,7.888384754990925,,49,,,0,7.888384754990925,760,20,50,49
msg_667,node49,node30,320,695482,,,,,,7.888384754990925,,49,,,0,7.888384754990925,760,20,50,49
msg_668,node49,node31,320,695482,695489.0,7.0,,,,7.637755102040816,,49,,8.076923076923077,0,7.637755102040816,294,34,50,49
msg_669,node49,node32,320,695482,695490.0,8.0,,,,7.636132315521628,,49,,8.692307692307692,0,7.636132315521628,293,33,50,49
msg_670,node49,node33,320,695482,695492.0,10.0,,,,7.647355163727959,,49,,10.153846153846153,0,7.647355163727959,289,29,50,49
msg_671,node49,node34,320,695482,,,,,,7.888384754990925,,49,,,0,7.888384754990925,760,20,50,49
msg_672,node49,node35,320,695482,695492.0,10.0,,,,7.653266331658291,,49,,10.692307692307692,0,7.653266331658291,288,28,50,49
msg_673,node49,node36,320,695482,695492.0,10.0,,,,7.659147869674185,,49,,10.846153846153847,0,7.659147869674185,287,27,50,49
msg_674,node49,node37,320,695482,695492.0,10.0,,,,7.665,,49,,11.307692307692308,0,7.665,286,26,50,49
msg_675,node49,node38,320,695482,,,,,,7.888384754990925,,49,,,0,7.888384754990925,760,20,50,49
msg_676,node49,node39,320,695482,,,,,,7.888384754990925,,49,,,0,7.888384754990925,760,20,50,49
msg_677,node49,node40,320,695482,695493.0,11.0,,,,7.670822942643391,,49,,11.615384615384615,0,7.670822942643391,285,25,50,49
msg_678,node49,node41,320,695482,695493.0,11.0,,,,7.67910447761194,,49,,11.923076923076923,0,7.67910447761194,284,24,50,49
msg_679,node49,node42,320,695482,,,,,,7.888384754990925,,49,,,0,7.888384754990925,760,20,50,49
msg_680,node49,node43,320,695482,,,,,,7.888384754990925,,49,,,0,7.888384754990925,760,20,50,49
msg_681,node49,node44,320,695482,695493.0,11.0,,,,7.687344913151365,,49,,12.307692307692308,0,7.687344913151365,283,23,50,49
msg_682,node49,node45,320,695482,695494.0,12.0,,,,7.695544554455446,,49,,12.692307692307692,0,7.695544554455446,282,22,50,49
msg_683,node49,node46,320,695482,695494.0,12.0,,,,7.706172839506173,,49,,12.923076923076923,0,7.706172839506173,281,21,50,49
msg_684,node49,node47,320,695482,,,,,,7.888384754990925,,49,,,0,7.888384754990925,760,20,50,49
msg_685,node49,node48,320,695482,,,,,,7.888384754990925,,49,,,0,7.888384754990925,760,20,50,49
msg_686,node49,node0,319,730851,730854.0,3.0,,,,7.716748768472907,,49,,2.4285714285714284,0,7.716748768472907,329,49,50,49
msg_687,node49,node1,319,730851,730854.0,3.0,,,,7.705159705159705,,49,,2.5714285714285716,0,7.705159705159705,328,48,50,49
msg_688,node49,node2,319,730851,730854.0,3.0,,,,7.693627450980392,,49,,3.357142857142857,0,7.693627450980392,327,47,50,49
msg_689,node49,node3,319,730851,730854.0,3.0,,,,7.670731707317073,,49,,3.5,0,7.670731707317073,325,45,50,49
msg_690,node49,node4,319,730851,,,,,,7.888384754990925,,49,,,0,7.888384754990925,760,20,50,49
msg_691,node49,node5,319,730851,,,,,,7.888384754990925,,49,,,0,7.888384754990925,760,20,50,49
msg_692,node49,node6,319,730851,730855.0,4.0,,,,7.659367396593674,,49,,4.428571428571429,0,7.659367396593674,324,44,50,49
msg_693,node49,node7,319,730851,730855.0,4.0,,,,7.650485436893204,,49,,4.714285714285714,0,7.650485436893204,323,43,50,49
msg_694,node49,node8,319,730851,730856.0,5.0,,,,7.632850241545894,,49,,5.428571428571429,0,7.632850241545894,321,41,50,49
msg_695,node49,node9,319,730851,730856.0,5.0,,,,7.626506024096385,,49,,5.5,0,7.626506024096385,320,40,50,49
msg_696,node49,node10,320,730851,730854.0,3.0,,,,7.6821515892420535,,49,,3.5714285714285716,0,7.6821515892420535,326,46,50,49
msg_697,node49,node11,320,730851,,,,,,7.888384754990925,,49,,,0,7.888384754990925,760,20,50,49
msg_698,node49,node12,320,730851,,,,,,7.888384754990925,,49,,,0,7.888384754990925,760,20,50,49
msg_699,node49,node13,320,730851,730856.0,5.0,,,,7.6201923076923075,,49,,6.142857142857143,0,7.6201923076923075,319,39,50,49
msg_700,node49,node14,320,730851,730855.0,4.0,,,,7.641646489104116,,49,,5.0,0,7.641646489104116,322,42,50,49
msg_701,node49,node15,320,730851,730857.0,6.0,,,,7.613908872901678,,49,,7.214285714285714,0,7.613908872901678,318,38,50,49
msg_702,node49,node16,320,730851,,,,,,7.888384754990925,,49,,,0,7.888384754990925,760,20,50,49
msg_703,node49,node17,320,730851,730858.0,7.0,,,,7.610047846889952,,49,,7.571428571428571,0,7.610047846889952,317,37,50,49
msg_704,node49,node18,320,730851,,,,,,7.888384754990925,,49,,,0,7.888384754990925,760,20,50,49
msg_705,node49,node19,320,730851,,,,,,7.888384754990925,,49,,,0,7.888384754990925,760,20,50,49
msg_706,node49,node20,320,730851,730858.0,7.0,,,,7.608591885441528,,49,,7.928571428571429,0,7.608591885441528,316,36,50,49
msg_707,node49,node21,320,730851,730858.0,7.0,,,,7.607142857142857,,49,,6.571428571428571,0,7.607142857142857,315,35,50,49
msg_708,node49,node22,320,730851,,,,,,7.888384754990925,,49,,,0,7.888384754990925,760,20,50,49
msg_709,node49,node23,320,730851,,,,,,7.888384754990925,,49,,,0,7.888384754990925,760,20,50,49
msg_710,node49,node24,320,730851,730860.0,9.0,,,,7.6052009456264775,,49,,8.928571428571429,0,7.6052009456264775,312,32,50,49
msg_711,node49,node25,320,730851,730860.0,9.0,,,,7.6084905660377355,,49,,9.071428571428571,0,7.6084905660377355,311,31,50,49
msg_712,node49,node26,320,730851,,,,,,7.888384754990925,,49,,,0,7.888384754990925,760,20,50,49
msg_713,node49,node27,320,730851,730860.0,9.0,,,,7.6117647058823525,,49,,9.285714285714286,0,7.6117647058823525,310,30,50,49
msg_714,node49,node28,320,730851,,,,,,7.888384754990925,,49,,,0,7.888384754990925,760,20,50,49
msg_715,node49,node29,320,730851,,,,,,7.888384754990925,,49,,,0,7.888384754990925,760,20,50,49
msg_716,node49,node30,320,730851,,,,,,7.888384754990925,,49,,,0,7.888384754990925,760,20,50,49
msg_717,node49,node31,320,730851,730858.0,7.0,,,,7.605700712589074,,49,,8.0,0,7.605700712589074,314,34,50,49
msg_718,node49,node32,320,730851,730859.0,8.0,,,,7.604265402843602,,49,,8.642857142857142,0,7.604265402843602,313,33,50,49
msg_719,node49,node33,320,730851,730861.0,10.0,,,,7.615023474178404,,49,,10.142857142857142,0,7.615023474178404,309,29,50,49
msg_720,node49,node34,320,730851,,,,,,7.888384754990925,,49,,,0,7.888384754990925,760,20,50,49
msg_721,node49,node35,320,730851,730861.0,10.0,,,,7.620608899297424,,49,,10.642857142857142,0,7.620608899297424,308,28,50,49
msg_722,node49,node36,320,730851,730861.0,10.0,,,,7.626168224299065,,49,,10.785714285714286,0,7.626168224299065,307,27,50,49
msg_723,node49,node37,320,730851,730861.0,10.0,,,,7.631701631701632,,49,,11.214285714285714,0,7.631701631701632,306,26,50,49
msg_724,node49,node38,320,730851,,,,,,7.888384754990925,,49,,,0,7.888384754990925,760,20,50,49
msg_725,node49,node39,320,730851,,,,,,7.888384754990925,,49,,,0,7.888384754990925,760,20,50,49
msg_726,node49,node40,320,730851,730862.0,11.0,,,,7.637209302325582,,49,,11.571428571428571,0,7.637209302325582,305,25,50,49
msg_727,node49,node41,320,730851,730862.0,11.0,,,,7.645011600928075,,49,,11.857142857142858,0,7.645011600928075,304,24,50,49
msg_728,node49,node42,320,730851,,,,,,7.888384754990925,,49,,,0,7.888384754990925,760,20,50,49
msg_729,node49,node43,320,730851,,,,,,7.888384754990925,,49,,,0,7.888384754990925,760,20,50,49
msg_730,node49,node44,320,730851,730862.0,11.0,,,,7.652777777777778,,49,,12.214285714285714,0,7.652777777777778,303,23,50,49
msg_731,node49,node45,320,730851,730863.0,12.0,,,,7.660508083140877,,49,,12.642857142857142,0,7.660508083140877,302,22,50,49
msg_732,node49,node46,320,730851,730863.0,12.0,,,,7.670506912442396,,49,,12.857142857142858,0,7.670506912442396,301,21,50,49
msg_733,node49,node47,320,730851,,,,,,7.888384754990925,,49,,,0,7.888384754990925,760,20,50,49
msg_734,node49,node48,320,730851,,,,,,7.888384754990925,,49,,,0,7.888384754990925,760,20,50,49
msg_735,node49,node0,319,807560,807562.0,2.0,,,,7.680459770114942,,49,,2.466666666666667,0,7.680459770114942,349,49,50,49
msg_736,node49,node1,319,807560,807562.0,2.0,,,,7.66743119266055,,49,,2.6,0,7.66743119266055,348,48,50,49
msg_737,node49,node2,319,807560,807563.0,3.0,,,,7.654462242562929,,49,,3.3333333333333335,0,7.654462242562929,347,47,50,49
msg_738,node49,node3,319,807560,807563.0,3.0,,,,7.6438356164383565,,49,,3.466666666666667,0,7.6438356164383565,346,46,50,49
msg_739,node49,node4,319,807560,,,,,,7.888384754990925,,49,,,0,7.888384754990925,760,20,50,49
msg_740,node49,node5,319,807560,,,,,,7.888384754990925,,49,,,0,7.888384754990925,760,20,50,49
msg_741,node49,node6,319,807560,807564.0,4.0,,,,7.622727272727273,,49,,4.4,0,7.622727272727273,344,44,50,49
msg_742,node49,node7,319,807560,807564.0,4.0,,,,7.6145124716553285,,49,,4.666666666666667,0,7.6145124716553285,343,43,50,49
msg_743,node49,node8,319,807560,807565.0,5.0,,,,7.606334841628959,,49,,5.4,0,7.606334841628959,342,42,50,49
msg_744,node49,node9,319,807560,807565.0,5.0,,,,7.600451467268623,,49,,5.466666666666667,0,7.600451467268623,341,41,50,49
msg_745,node49,node10,320,807560,807563.0,3.0,,,,7.633257403189066,,49,,3.533333333333333,0,7.633257403189066,345,45,50,49
msg_746,node49,node11,320,807560,,,,,,7.888384754990925,,49,,,0,7.888384754990925,760,20,50,49
msg_747,node49,node12,320,807560,,,,,,7.888384754990925,,49,,,0,7.888384754990925,760,20,50,49
msg_748,node49,node13,320,807560,807565.0,5.0,,,,7.594594594594595,,49,,6.066666666666666,0,7.594594594594595,340,40,50,49
msg_749,node49,node14,320,807560,807566.0,6.0,,,,7.5887640449438205,,49,,4.933333333333334,0,7.5887640449438205,339,39,50,49
msg_750,node49,node15,320,807560,807567.0,7.0,,,,7.579064587973274,,49,,7.133333333333334,0,7.579064587973274,335,35,50,49
msg_751,node49,node16,320,807560,,,,,,7.888384754990925,,49,,,0,7.888384754990925,760,20,50,49
msg_752,node49,node17,320,807560,807569.0,9.0,,,,7.5777777777777775,,49,,7.533333333333333,0,7.5777777777777775,334,34,50,49
msg_753,node49,node18,320,807560,,,,,,7.888384754990925,,49,,,0,7.888384754990925,760,20,50,49
msg_754,node49,node19,320,807560,,,,,,7.888384754990925,,49,,,0,7.888384754990925,760,20,50,49
msg_755,node49,node20,320,807560,807569.0,9.0,,,,7.580931263858093,,49,,7.866666666666666,0,7.580931263858093,333,33,50,49
msg_756,node49,node21,320,807560,807566.0,6.0,,,,7.585201793721973,,49,,6.6,0,7.585201793721973,338,38,50,49
msg_757,node49,node22,320,807560,,,,,,7.888384754990925,,49,,,0,7.888384754990925,760,20,50,49
msg_758,node49,node23,320,807560,,,,,,7.888384754990925,,49,,,0,7.888384754990925,760,20,50,49
msg_759,node49,node24,320,807560,807569.0,9.0,,,,7.584070796460177,,49,,8.933333333333334,0,7.584070796460177,332,32,50,49
msg_760,node49,node25,320,807560,807569.0,9.0,,,,7.58719646799117,,49,,9.066666666666666,0,7.58719646799117,331,31,50,49
msg_761,node49,node26,320,807560,,,,,,7.888384754990925,,49,,,0,7.888384754990925,760,20,50,49
msg_762,node49,node27,320,807560,807570.0,10.0,,,,7.590308370044053,,49,,9.266666666666667,0,7.590308370044053,330,30,50,49
msg_763,node49,node28,320,807560,,,,,,7.888384754990925,,49,,,0,7.888384754990925,760,20,50,49
msg_764,node49,node29,320,807560,,,,,,7.888384754990925,,49,,,0,7.888384754990925,760,20,50,49
msg_765,node49,node30,320,807560,,,,,,7.888384754990925,,49,,,0,7.888384754990925,760,20,50,49
msg_766,node49,node31,320,807560,807567.0,7.0,,,,7.58165548098434,,49,,7.933333333333334,0,7.58165548098434,337,37,50,49
msg_767,node49,node32,320,807560,807567.0,7.0,,,,7.580357142857143,,49,,8.6,0,7.580357142857143,336,36,50,49
msg_768,node49,node33,320,807560,807570.0,10.0,,,,7.595604395604395,,49,,10.133333333333333,0,7.595604395604395,329,29,50,49
msg_769,node49,node34,320,807560,,,,,,7.888384754990925,,49,,,0,7.888384754990925,760,20,50,49
msg_770,node49,node35,320,807560,807570.0,10.0,,,,7.600877192982456,,49,,10.6,0,7.600877192982456,328,28,50,49
msg_771,node49,node36,320,807560,807571.0,11.0,,,,7.606126914660831,,49,,10.733333333333333,0,7.606126914660831,327,27,50,49
msg_772,node49,node37,320,807560,807571.0,11.0,,,,7.61353711790393,,49,,11.133333333333333,0,7.61353711790393,326,26,50,49
msg_773,node49,node38,320,807560,,,,,,7.888384754990925,,49,,,0,7.888384754990925,760,20,50,49
msg_774,node49,node39,320,807560,,,,,,7.888384754990925,,49,,,0,7.888384754990925,760,20,50,49
msg_775,node49,node40,320,807560,807571.0,11.0,,,,7.620915032679738,,49,,11.533333333333333,0,7.620915032679738,325,25,50,49
msg_776,node49,node41,320,807560,807571.0,11.0,,,,7.628260869565217,,49,,11.8,0,7.628260869565217,324,24,50,49
msg_777,node49,node42,320,807560,,,,,,7.888384754990925,,49,,,0,7.888384754990925,760,20,50,49
msg_778,node49,node43,320,807560,,,,,,7.888384754990925,,49,,,0,7.888384754990925,760,20,50,49
msg_779,node49,node44,320,807560,807572.0,12.0,,,,7.6355748373101955,,49,,12.133333333333333,0,7.6355748373101955,323,23,50,49
msg_780,node49,node45,320,807560,807572.0,12.0,,,,7.645021645021645,,49,,12.6,0,7.645021645021645,322,22,50,49
msg_781,node49,node46,320,807560,807572.0,12.0,,,,7.654427645788337,,49,,12.8,0,7.654427645788337,321,21,50,49
msg_782,node49,node47,320,807560,,,,,,7.888384754990925,,49,,,0,7.888384754990925,760,20,50,49
msg_783,node49,node48,320,807560,,,,,,7.888384754990925,,49,,,0,7.888384754990925,760,20,50,49
msg_784,node49,node0,319,823144,823147.0,3.0,,,,7.663793103448276,,49,,2.4375,0,7.663793103448276,369,49,50,49
msg_785,node49,node1,319,823144,823147.0,3.0,,,,7.653763440860215,,49,,2.5625,0,7.653763440860215,368,48,50,49
msg_786,node49,node2,319,823144,823148.0,4.0,,,,7.643776824034335,,49,,3.3125,0,7.643776824034335,367,47,50,49
msg_787,node49,node3,319,823144,823148.0,4.0,,,,7.635974304068522,,49,,3.4375,0,7.635974304068522,366,46,50,49
msg_788,node49,node4,319,823144,,,,,,7.888384754990925,,49,,,0,7.888384754990925,760,20,50,49
msg_789,node49,node5,319,823144,,,,,,7.888384754990925,,49,,,0,7.888384754990925,760,20,50,49
msg_790,node49,node6,319,823144,823149.0,5.0,,,,7.614893617021276,,49,,4.375,0,7.614893617021276,363,43,50,49
msg_791,node49,node7,319,823144,823150.0,6.0,,,,7.6093418259023355,,49,,4.625,0,7.6093418259023355,362,42,50,49
msg_792,node49,node8,319,823144,823150.0,6.0,,,,7.6059322033898304,,49,,5.375,0,7.6059322033898304,361,41,50,49
msg_793,node49,node9,319,823144,823150.0,6.0,,,,7.602536997885835,,49,,5.4375,0,7.602536997885835,360,40,50,49
msg_794,node49,node10,320,823144,823148.0,4.0,,,,7.628205128205129,,49,,3.5,0,7.628205128205129,365,45,50,49
msg_795,node49,node11,320,823144,,,,,,7.888384754990925,,49,,,0,7.888384754990925,760,20,50,49
msg_796,node49,node12,320,823144,,,,,,7.888384754990925,,49,,,0,7.888384754990925,760,20,50,49
msg_797,node49,node13,320,823144,823151.0,7.0,,,,7.59915611814346,,49,,6.0,0,7.59915611814346,359,39,50,49
msg_798,node49,node14,320,823144,823149.0,5.0,,,,7.62046908315565,,49,,5.0,0,7.62046908315565,364,44,50,49
msg_799,node49,node15,320,823144,823152.0,8.0,,,,7.5966386554621845,,49,,7.125,0,7.5966386554621845,357,37,50,49
msg_800,node49,node16,320,823144,,,,,,7.888384754990925,,49,,,0,7.888384754990925,760,20,50,49
msg_801,node49,node17,320,823144,823152.0,8.0,,,,7.59748427672956,,49,,7.625,0,7.59748427672956,356,36,50,49
msg_802,node49,node18,320,823144,,,,,,7.888384754990925,,49,,,0,7.888384754990925,760,20,50,49
msg_803,node49,node19,320,823144,,,,,,7.888384754990925,,49,,,0,7.888384754990925,760,20,50,49
msg_804,node49,node20,320,823144,823152.0,8.0,,,,7.598326359832636,,49,,7.9375,0,7.598326359832636,355,35,50,49
msg_805,node49,node21,320,823144,823151.0,7.0,,,,7.597894736842106,,49,,6.5625,0,7.597894736842106,358,38,50,49
msg_806,node49,node22,320,823144,,,,,,7.888384754990925,,49,,,0,7.888384754990925,760,20,50,49
msg_807,node49,node23,320,823144,,,,,,7.888384754990925,,49,,,0,7.888384754990925,760,20,50,49
msg_808,node49,node24,320,823144,823153.0,9.0,,,,7.599164926931106,,49,,8.9375,0,7.599164926931106,354,34,50,49
msg_809,node49,node25,320,823144,823153.0,9.0,,,,7.602083333333334,,49,,9.0625,0,7.602083333333334,353,33,50,49
msg_810,node49,node26,320,823144,,,,,,7.888384754990925,,49,,,0,7.888384754990925,760,20,50,49
msg_811,node49,node27,320,823144,823153.0,9.0,,,,7.604989604989605,,49,,9.3125,0,7.604989604989605,352,32,50,49
msg_812,node49,node28,320,823144,,,,,,7.888384754990925,,49,,,0,7.888384754990925,760,20,50,49
msg_813,node49,node29,320,823144,,,,,,7.888384754990925,,49,,,0,7.888384754990925,760,20,50,49
msg_814,node49,node30,320,823144,,,,,,7.888384754990925,,49,,,0,7.888384754990925,760,20,50,49
msg_815,node49,node31,320,823144,823153.0,9.0,,,,7.6078838174273855,,49,,7.875,0,7.6078838174273855,351,31,50,49
msg_816,node49,node32,320,823144,823154.0,10.0,,,,7.6107660455486545,,49,,8.5,0,7.6107660455486545,350,30,50,49
msg_817,node49,node33,320,823144,823155.0,11.0,,,,7.615702479338843,,49,,10.125,0,7.615702479338843,349,29,50,49
msg_818,node49,node34,320,823144,,,,,,7.888384754990925,,49,,,0,7.888384754990925,760,20,50,49
msg_819,node49,node35,320,823144,823155.0,11.0,,,,7.622680412371134,,49,,10.5625,0,7.622680412371134,348,28,50,49
msg_820,node49,node36,320,823144,823156.0,12.0,,,,7.62962962962963,,49,,10.75,0,7.62962962962963,347,27,50,49
msg_821,node49,node37,320,823144,823156.0,12.0,,,,7.638603696098563,,49,,11.125,0,7.638603696098563,346,26,50,49
msg_822,node49,node38,320,823144,,,,,,7.888384754990925,,49,,,0,7.888384754990925,760,20,50,49
msg_823,node49,node39,320,823144,,,,,,7.888384754990925,,49,,,0,7.888384754990925,760,20,50,49
msg_824,node49,node40,320,823144,823156.0,12.0,,,,7.647540983606557,,49,,11.5,0,7.647540983606557,345,25,50,49
msg_825,node49,node41,320,823144,823156.0,12.0,,,,7.656441717791411,,49,,11.75,0,7.656441717791411,344,24,50,49
msg_826,node49,node42,320,823144,,,,,,7.888384754990925,,49,,,0,7.888384754990925,760,20,50,49
msg_827,node49,node43,320,823144,,,,,,7.888384754990925,,49,,,0,7.888384754990925,760,20,50,49
msg_828,node49,node44,320,823144,823157.0,13.0,,,,7.66530612244898,,49,,12.125,0,7.66530612244898,343,23,50,49
msg_829,node49,node45,320,823144,823157.0,13.0,,,,7.676171079429735,,49,,12.5625,0,7.676171079429735,342,22,50,49
msg_830,node49,node46,320,823144,823157.0,13.0,,,,7.686991869918699,,49,,12.75,0,7.686991869918699,341,21,50,49
msg_831,node49,node47,320,823144,,,,,,7.888384754990925,,49,,,0,7.888384754990925,760,20,50,49
msg_832,node49,node48,320,823144,,,,,,7.888384754990925,,49,,,0,7.888384754990925,760,20,50,49
msg_833,node49,node0,319,997467,997470.0,3.0,,,,7.697768762677485,,49,,2.4705882352941178,0,7.697768762677485,389,49,50,49
msg_834,node49,node1,319,997467,997470.0,3.0,,,,7.6882591093117405,,49,,2.588235294117647,0,7.6882591093117405,388,48,50,49
msg_835,node49,node2,319,997467,997470.0,3.0,,,,7.678787878787879,,49,,3.3529411764705883,0,7.678787878787879,387,47,50,49
msg_836,node49,node3,319,997467,997470.0,3.0,,,,7.659959758551308,,49,,3.4705882352941178,0,7.659959758551308,385,45,50,49
msg_837,node49,node4,319,997467,,,,,,7.888384754990925,,49,,,0,7.888384754990925,760,20,50,49
msg_838,node49,node5,319,997467,,,,,,7.888384754990925,,49,,,0,7.888384754990925,760,20,50,49
msg_839,node49,node6,319,997467,997471.0,4.0,,,,7.650602409638554,,49,,4.411764705882353,0,7.650602409638554,384,44,50,49
msg_840,node49,node7,319,997467,997471.0,4.0,,,,7.643286573146293,,49,,4.705882352941177,0,7.643286573146293,383,43,50,49
msg_841,node49,node8,319,997467,997472.0,5.0,,,,7.62874251497006,,49,,5.411764705882353,0,7.62874251497006,381,41,50,49
msg_842,node49,node9,319,997467,997472.0,5.0,,,,7.623505976095617,,49,,5.470588235294118,0,7.623505976095617,380,40,50,49
msg_843,node49,node10,320,997467,997470.0,3.0,,,,7.669354838709677,,49,,3.5294117647058822,0,7.669354838709677,386,46,50,49
msg_844,node49,node11,320,997467,,,,,,7.888384754990925,,49,,,0,7.888384754990925,760,20,50,49
msg_845,node49,node12,320,997467,,,,,,7.888384754990925,,49,,,0,7.888384754990925,760,20,50,49
msg_846,node49,node13,320,997467,997472.0,5.0,,,,7.618290258449304,,49,,6.0588235294117645,0,7.618290258449304,379,39,50,49
msg_847,node49,node14,320,997467,997471.0,4.0,,,,7.636,,49,,5.0,0,7.636,382,42,50,49
msg_848,node49,node15,320,997467,997473.0,6.0,,,,7.613095238095238,,49,,7.176470588235294,0,7.613095238095238,378,38,50,49
msg_849,node49,node16,320,997467,,,,,,7.888384754990925,,49,,,0,7.888384754990925,760,20,50,49
msg_850,node49,node17,320,997467,997474.0,7.0,,,,7.6099009900990096,,49,,7.647058823529412,0,7.6099009900990096,377,37,50,49
msg_851,node49,node18,320,997467,,,,,,7.888384754990925,,49,,,0,7.888384754990925,760,20,50,49
msg_852,node49,node19,320,997467,,,,,,7.888384754990925,,49,,,0,7.888384754990925,760,20,50,49
msg_853,node49,node20,320,997467,997474.0,7.0,,,,7.608695652173913,,49,,7.9411764705882355,0,7.608695652173913,376,36,50,49
msg_854,node49,node21,320,997467,997474.0,7.0,,,,7.607495069033531,,49,,6.588235294117647,0,7.607495069033531,375,35,50,49
msg_855,node49,node22,320,997467,,,,,,7.888384754990925,,49,,,0,7.888384754990925,760,20,50,49
msg_856,node49,node23,320,997467,,,,,,7.888384754990925,,49,,,0,7.888384754990925,760,20,50,49
msg_857,node49,node24,320,997467,997476.0,9.0,,,,7.605882352941176,,49,,8.941176470588236,0,7.605882352941176,372,32,50,49
msg_858,node49,node25,320,997467,997476.0,9.0,,,,7.608610567514677,,49,,9.058823529411764,0,7.608610567514677,371,31,50,49
msg_859,node49,node26,320,997467,,,,,,7.888384754990925,,49,,,0,7.888384754990925,760,20,50,49
msg_860,node49,node27,320,997467,997476.0,9.0,,,,7.611328125,,49,,9.294117647058824,0,7.611328125,370,30,50,49
msg_861,node49,node28,320,997467,,,,,,7.888384754990925,,49,,,0,7.888384754990925,760,20,50,49
msg_862,node49,node29,320,997467,,,,,,7.888384754990925,,49,,,0,7.888384754990925,760,20,50,49
msg_863,node49,node30,320,997467,,,,,,7.888384754990925,,49,,,0,7.888384754990925,760,20,50,49
msg_864,node49,node31,320,997467,997474.0,7.0,,,,7.606299212598425,,49,,7.9411764705882355,0,7.606299212598425,374,34,50,49
msg_865,node49,node32,320,997467,997475.0,8.0,,,,7.605108055009823,,49,,8.588235294117647,0,7.605108055009823,373,33,50,49
msg_866,node49,node33,320,997467,997477.0,10.0,,,,7.614035087719298,,49,,10.176470588235293,0,7.614035087719298,369,29,50,49
msg_867,node49,node34,320,997467,,,,,,7.888384754990925,,49,,,0,7.888384754990925,760,20,50,49
msg_868,node49,node35,320,997467,997477.0,10.0,,,,7.618677042801556,,49,,10.588235294117647,0,7.618677042801556,368,28,50,49
msg_869,node49,node36,320,997467,997477.0,10.0,,,,7.623300970873786,,49,,10.823529411764707,0,7.623300970873786,367,27,50,49
msg_870,node49,node37,320,997467,997477.0,10.0,,,,7.627906976744186,,49,,11.176470588235293,0,7.627906976744186,366,26,50,49
msg_871,node49,node38,320,997467,,,,,,7.888384754990925,,49,,,0,7.888384754990925,760,20,50,49
msg_872,node49,node39,320,997467,,,,,,7.888384754990925,,49,,,0,7.888384754990925,760,20,50,49
msg_873,node49,node40,320,997467,997478.0,11.0,,,,7.632495164410058,,49,,11.529411764705882,0,7.632495164410058,365,25,50,49
msg_874,node49,node41,320,997467,997478.0,11.0,,,,7.638996138996139,,49,,11.764705882352942,0,7.638996138996139,364,24,50,49
msg_875,node49,node42,320,997467,,,,,,7.888384754990925,,49,,,0,7.888384754990925,760,20,50,49
msg_876,node49,node43,320,997467,,,,,,7.888384754990925,,49,,,0,7.888384754990925,760,20,50,49
msg_877,node49,node44,320,997467,997478.0,11.0,,,,7.645472061657033,,49,,12.176470588235293,0,7.645472061657033,363,23,50,49
msg_878,node49,node45,320,997467,997479.0,12.0,,,,7.651923076923077,,49,,12.588235294117647,0,7.651923076923077,362,22,50,49
msg_879,node49,node46,320,997467,997479.0,12.0,,,,7.660268714011516,,49,,12.764705882352942,0,7.660268714011516,361,21,50,49
msg_880,node49,node47,320,997467,,,,,,7.888384754990925,,49,,,0,7.888384754990925,760,20,50,49
msg_881,node49,node48,320,997467,,,,,,7.888384754990925,,49,,,0,7.888384754990925,760,20,50,49
msg_882,node49,node0,319,1136483,1136485.0,2.0,,,,7.668582375478927,,49,,2.5,0,7.668582375478927,409,49,50,49
msg_883,node49,node1,319,1136483,1136486.0,3.0,,,,7.657743785850861,,49,,2.611111111111111,0,7.657743785850861,408,48,50,49
msg_884,node49,node2,319,1136483,1136486.0,3.0,,,,7.648854961832061,,49,,3.3333333333333335,0,7.648854961832061,407,47,50,49
msg_885,node49,node3,319,1136483,1136487.0,4.0,,,,7.64,,49,,3.4444444444444446,0,7.64,406,46,50,49
msg_886,node49,node4,319,1136483,,,,,,7.888384754990925,,49,,,0,7.888384754990925,760,20,50,49
msg_887,node49,node5,319,1136483,,,,,,7.888384754990925,,49,,,0,7.888384754990925,760,20,50,49
msg_888,node49,node6,319,1136483,1136488.0,5.0,,,,7.626185958254269,,49,,4.388888888888889,0,7.626185958254269,404,44,50,49
msg_889,node49,node7,319,1136483,1136488.0,5.0,,,,7.621212121212121,,49,,4.666666666666667,0,7.621212121212121,403,43,50,49
msg_890,node49,node8,319,1136483,1136489.0,6.0,,,,7.611320754716981,,49,,5.388888888888889,0,7.611320754716981,401,41,50,49
msg_891,node49,node9,319,1136483,1136489.0,6.0,,,,7.608286252354049,,49,,5.444444444444445,0,7.608286252354049,400,40,50,49
msg_892,node49,node10,320,1136483,1136487.0,4.0,,,,7.633079847908745,,49,,3.5,0,7.633079847908745,405,45,50,49
msg_893,node49,node11,320,1136483,,,,,,7.888384754990925,,49,,,0,7.888384754990925,760,20,50,49
msg_894,node49,node12,320,1136483,,,,,,7.888384754990925,,49,,,0,7.888384754990925,760,20,50,49
msg_895,node49,node13,320,1136483,1136490.0,7.0,,,,7.605263157894737,,49,,6.0,0,7.605263157894737,399,39,50,49
msg_896,node49,node14,320,1136483,1136488.0,5.0,,,,7.616257088846881,,49,,4.944444444444445,0,7.616257088846881,402,42,50,49
msg_897,node49,node15,320,1136483,1136491.0,8.0,,,,7.603738317757009,,49,,7.111111111111111,0,7.603738317757009,396,36,50,49
msg_898,node49,node16,320,1136483,,,,,,7.888384754990925,,49,,,0,7.888384754990925,760,20,50,49
msg_899,node49,node17,320,1136483,1136492.0,9.0,,,,7.604477611940299,,49,,7.611111111111111,0,7.604477611940299,395,35,50,49
msg_900,node49,node18,320,1136483,,,,,,7.888384754990925,,49,,,0,7.888384754990925,760,20,50,49
msg_901,node49,node19,320,1136483,,,,,,7.888384754990925,,49,,,0,7.888384754990925,760,20,50,49
msg_902,node49,node20,320,1136483,1136492.0,9.0,,,,7.609665427509293,,49,,7.888888888888889,0,7.609665427509293,393,33,50,49
msg_903,node49,node21,320,1136483,1136490.0,7.0,,,,7.6041275797373356,,49,,6.611111111111111,0,7.6041275797373356,398,38,50,49
msg_904,node49,node22,320,1136483,,,,,,7.888384754990925,,49,,,0,7.888384754990925,760,20,50,49
msg_905,node49,node23,320,1136483,,,,,,7.888384754990925,,49,,,0,7.888384754990925,760,20,50,49
msg_906,node49,node24,320,1136483,1136493.0,10.0,,,,7.612244897959184,,49,,8.944444444444445,0,7.612244897959184,392,32,50,49
msg_907,node49,node25,320,1136483,1136493.0,10.0,,,,7.616666666666666,,49,,9.055555555555555,0,7.616666666666666,391,31,50,49
msg_908,node49,node26,320,1136483,,,,,,7.888384754990925,,49,,,0,7.888384754990925,760,20,50,49
msg_909,node49,node27,320,1136483,1136493.0,10.0,,,,7.621072088724584,,49,,9.277777777777779,0,7.621072088724584,390,30,50,49
msg_910,node49,node28,320,1136483,,,,,,7.888384754990925,,49,,,0,7.888384754990925,760,20,50,49
msg_911,node49,node29,320,1136483,,,,,,7.888384754990925,,49,,,0,7.888384754990925,760,20,50,49
msg_912,node49,node30,320,1136483,,,,,,7.888384754990925,,49,,,0,7.888384754990925,760,20,50,49
msg_913,node49,node31,320,1136483,1136491.0,8.0,,,,7.602996254681648,,49,,7.888888888888889,0,7.602996254681648,397,37,50,49
msg_914,node49,node32,320,1136483,1136492.0,9.0,,,,7.60707635009311,,49,,8.555555555555555,0,7.60707635009311,394,34,50,49
msg_915,node49,node33,320,1136483,1136494.0,11.0,,,,7.625461254612546,,49,,10.166666666666666,0,7.625461254612546,389,29,50,49
msg_916,node49,node34,320,1136483,,,,,,7.888384754990925,,49,,,0,7.888384754990925,760,20,50,49
msg_917,node49,node35,320,1136483,1136494.0,11.0,,,,7.6316758747697975,,49,,10.555555555555555,0,7.6316758747697975,388,28,50,49
msg_918,node49,node36,320,1136483,1136495.0,12.0,,,,7.637867647058823,,49,,10.777777777777779,0,7.637867647058823,387,27,50,49
msg_919,node49,node37,320,1136483,1136495.0,12.0,,,,7.645871559633028,,49,,11.11111111111111,0,7.645871559633028,386,26,50,49
msg_920,node49,node38,320,1136483,,,,,,7.888384754990925,,49,,,0,7.888384754990925,760,20,50,49
msg_921,node49,node39,320,1136483,,,,,,7.888384754990925,,49,,,0,7.888384754990925,760,20,50,49
msg_922,node49,node40,320,1136483,1136495.0,12.0,,,,7.653846153846154,,49,,11.5,0,7.653846153846154,385,25,50,49
msg_923,node49,node41,320,1136483,1136495.0,12.0,,,,7.661791590493602,,49,,11.722222222222221,0,7.661791590493602,384,24,50,49
msg_924,node49,node42,320,1136483,,,,,,7.888384754990925,,49,,,0,7.888384754990925,760,20,50,49
msg_925,node49,node43,320,1136483,,,,,,7.888384754990925,,49,,,0,7.888384754990925,760,20,50,49
msg_926,node49,node44,320,1136483,1136496.0,13.0,,,,7.66970802919708,,49,,12.11111111111111,0,7.66970802919708,383,23,50,49
msg_927,node49,node45,320,1136483,1136496.0,13.0,,,,7.679417122040073,,49,,12.555555555555555,0,7.679417122040073,382,22,50,49
msg_928,node49,node46,320,1136483,1136496.0,13.0,,,,7.689090909090909,,49,,12.722222222222221,0,7.689090909090909,381,21,50,49
msg_929,node49,node47,320,1136483,,,,,,7.888384754990925,,49,,,0,7.888384754990925,760,20,50,49
msg_930,node49,node48,320,1136483,,,,,,7.888384754990925,,49,,,0,7.888384754990925,760,20,50,49
msg_931,node49,node0,319,1138347,1138349.0,2.0,,,,7.6987295825771325,,49,,2.473684210526316,0,7.6987295825771325,429,49,50,49
msg_932,node49,node1,319,1138347,1138349.0,2.0,,,,7.688405797101449,,49,,2.6315789473684212,0,7.688405797101449,428,48,50,49
msg_933,node49,node2,319,1138347,1138350.0,3.0,,,,7.678119349005425,,49,,3.3157894736842106,0,7.678119349005425,427,47,50,49
msg_934,node49,node3,319,1138347,1138352.0,5.0,,,,7.652877697841727,,49,,3.473684210526316,0,7.652877697841727,424,44,50,49
msg_935,node49,node4,319,1138347,,,,,,7.888384754990925,,49,,,0,7.888384754990925,760,20,50,49
msg_936,node49,node5,319,1138347,,,,,,7.888384754990925,,49,,,0,7.888384754990925,760,20,50,49
msg_937,node49,node6,319,1138347,1138352.0,5.0,,,,7.648114901256733,,49,,4.421052631578948,0,7.648114901256733,423,43,50,49
msg_938,node49,node7,319,1138347,1138352.0,5.0,,,,7.64336917562724,,49,,4.684210526315789,0,7.64336917562724,422,42,50,49
msg_939,node49,node8,319,1138347,1138353.0,6.0,,,,7.638640429338103,,49,,5.421052631578948,0,7.638640429338103,421,41,50,49
msg_940,node49,node9,319,1138347,1138353.0,6.0,,,,7.635714285714286,,49,,5.473684210526316,0,7.635714285714286,420,40,50,49
msg_941,node49,node10,320,1138347,1138350.0,3.0,,,,7.669675090252707,,49,,3.526315789473684,0,7.669675090252707,426,46,50,49
msg_942,node49,node11,320,1138347,,,,,,7.888384754990925,,49,,,0,7.888384754990925,760,20,50,49
msg_943,node49,node12,320,1138347,,,,,,7.888384754990925,,49,,,0,7.888384754990925,760,20,50,49
msg_944,node49,node13,320,1138347,1138353.0,6.0,,,,7.629893238434164,,49,,6.052631578947368,0,7.629893238434164,418,38,50,49
msg_945,node49,node14,320,1138347,1138350.0,3.0,,,,7.661261261261261,,49,,4.947368421052632,0,7.661261261261261,425,45,50,49
msg_946,node49,node15,320,1138347,1138354.0,7.0,,,,7.626998223801066,,49,,7.157894736842105,0,7.626998223801066,417,37,50,49
msg_947,node49,node16,320,1138347,,,,,,7.888384754990925,,49,,,0,7.888384754990925,760,20,50,49
msg_948,node49,node17,320,1138347,1138354.0,7.0,,,,7.625886524822695,,49,,7.684210526315789,0,7.625886524822695,416,36,50,49
msg_949,node49,node18,320,1138347,,,,,,7.888384754990925,,49,,,0,7.888384754990925,760,20,50,49
msg_950,node49,node19,320,1138347,,,,,,7.888384754990925,,49,,,0,7.888384754990925,760,20,50,49
msg_951,node49,node20,320,1138347,1138355.0,8.0,,,,7.624778761061947,,49,,7.947368421052632,0,7.624778761061947,415,35,50,49
msg_952,node49,node21,320,1138347,1138353.0,6.0,,,,7.632798573975045,,49,,6.631578947368421,0,7.632798573975045,419,39,50,49
msg_953,node49,node22,320,1138347,,,,,,7.888384754990925,,49,,,0,7.888384754990925,760,20,50,49
msg_954,node49,node23,320,1138347,,,,,,7.888384754990925,,49,,,0,7.888384754990925,760,20,50,49
msg_955,node49,node24,320,1138347,1138355.0,8.0,,,,7.62610229276896,,49,,9.0,0,7.62610229276896,413,33,50,49
msg_956,node49,node25,320,1138347,1138356.0,9.0,,,,7.629173989455184,,49,,9.105263157894736,0,7.629173989455184,411,31,50,49
msg_957,node49,node26,320,1138347,,,,,,7.888384754990925,,49,,,0,7.888384754990925,760,20,50,49
msg_958,node49,node27,320,1138347,1138356.0,9.0,,,,7.631578947368421,,49,,9.31578947368421,0,7.631578947368421,410,30,50,49
msg_959,node49,node28,320,1138347,,,,,,7.888384754990925,,49,,,0,7.888384754990925,760,20,50,49
msg_960,node49,node29,320,1138347,,,,,,7.888384754990925,,49,,,0,7.888384754990925,760,20,50,49
msg_961,node49,node30,320,1138347,,,,,,7.888384754990925,,49,,,0,7.888384754990925,760,20,50,49
msg_962,node49,node31,320,1138347,1138355.0,8.0,,,,7.625441696113074,,49,,7.894736842105263,0,7.625441696113074,414,34,50,49
msg_963,node49,node32,320,1138347,1138356.0,9.0,,,,7.626760563380282,,49,,8.578947368421053,0,7.626760563380282,412,32,50,49
msg_964,node49,node33,320,1138347,1138357.0,10.0,,,,7.633975481611208,,49,,10.210526315789474,0,7.633975481611208,409,29,50,49
msg_965,node49,node34,320,1138347,,,,,,7.888384754990925,,49,,,0,7.888384754990925,760,20,50,49
msg_966,node49,node35,320,1138347,1138357.0,10.0,,,,7.638111888111888,,49,,10.578947368421053,0,7.638111888111888,408,28,50,49
msg_967,node49,node36,320,1138347,1138357.0,10.0,,,,7.642233856893543,,49,,10.842105263157896,0,7.642233856893543,407,27,50,49
msg_968,node49,node37,320,1138347,1138358.0,11.0,,,,7.646341463414634,,49,,11.157894736842104,0,7.646341463414634,406,26,50,49
msg_969,node49,node38,320,1138347,,,,,,7.888384754990925,,49,,,0,7.888384754990925,760,20,50,49
msg_970,node49,node39,320,1138347,,,,,,7.888384754990925,,49,,,0,7.888384754990925,760,20,50,49
msg_971,node49,node40,320,1138347,1138358.0,11.0,,,,7.6521739130434785,,49,,11.526315789473685,0,7.6521739130434785,405,25,50,49
msg_972,node49,node41,320,1138347,1138358.0,11.0,,,,7.657986111111111,,49,,11.736842105263158,0,7.657986111111111,404,24,50,49
msg_973,node49,node42,320,1138347,,,,,,7.888384754990925,,49,,,0,7.888384754990925,760,20,50,49
msg_974,node49,node43,320,1138347,,,,,,7.888384754990925,,49,,,0,7.888384754990925,760,20,50,49
msg_975,node49,node44,320,1138347,1138359.0,12.0,,,,7.663778162911612,,49,,12.157894736842104,0,7.663778162911612,403,23,50,49
msg_976,node49,node45,320,1138347,1138359.0,12.0,,,,7.671280276816609,,49,,12.578947368421053,0,7.671280276816609,402,22,50,49
msg_977,node49,node46,320,1138347,1138359.0,12.0,,,,7.678756476683938,,49,,12.736842105263158,0,7.678756476683938,401,21,50,49
msg_978,node49,node47,320,1138347,,,,,,7.888384754990925,,49,,,0,7.888384754990925,760,20,50,49
msg_979,node49,node48,320,1138347,,,,,,7.888384754990925,,49,,,0,7.888384754990925,760,20,50,49
msg_980,node49,node0,319,1139895,1139897.0,2.0,,,,7.686206896551724,,49,,2.45,0,7.686206896551724,449,49,50,49
msg_981,node49,node1,319,1139895,1139897.0,2.0,,,,7.676419965576592,,49,,2.6,0,7.676419965576592,448,48,50,49
msg_982,node49,node2,319,1139895,1139898.0,3.0,,,,7.666666666666667,,49,,3.3,0,7.666666666666667,447,47,50,49
msg_983,node49,node3,319,1139895,1139898.0,3.0,,,,7.658662092624357,,49,,3.55,0,7.658662092624357,446,46,50,49
msg_984,node49,node4,319,1139895,,,,,,7.888384754990925,,49,,,0,7.888384754990925,760,20,50,49
msg_985,node49,node5,319,1139895,,,,,,7.888384754990925,,49,,,0,7.888384754990925,760,20,50,49
msg_986,node49,node6,319,1139895,1139899.0,4.0,,,,7.636518771331058,,49,,4.45,0,7.636518771331058,443,43,50,49
msg_987,node49,node7,319,1139895,1139900.0,5.0,,,,7.630323679727428,,49,,4.7,0,7.630323679727428,442,42,50,49
msg_988,node49,node8,319,1139895,1139900.0,5.0,,,,7.625850340136054,,49,,5.45,0,7.625850340136054,441,41,50,49
msg_989,node49,node9,319,1139895,1139900.0,5.0,,,,7.621392190152801,,49,,5.5,0,7.621392190152801,440,40,50,49
msg_990,node49,node10,320,1139895,1139898.0,3.0,,,,7.6506849315068495,,49,,3.5,0,7.6506849315068495,445,45,50,49
msg_991,node49,node11,320,1139895,,,,,,7.888384754990925,,49,,,0,7.888384754990925,760,20,50,49
msg_992,node49,node12,320,1139895,,,,,,7.888384754990925,,49,,,0,7.888384754990925,760,20,50,49
msg_993,node49,node13,320,1139895,1139901.0,6.0,,,,7.6169491525423725,,49,,6.05,0,7.6169491525423725,439,39,50,49
msg_994,node49,node14,320,1139895,1139899.0,4.0,,,,7.642735042735043,,49,,4.85,0,7.642735042735043,444,44,50,49
msg_995,node49,node15,320,1139895,1139902.0,7.0,,,,7.611486486486487,,49,,7.15,0,7.611486486486487,437,37,50,49
msg_996,node49,node16,320,1139895,,,,,,7.888384754990925,,49,,,0,7.888384754990925,760,20,50,49
msg_997,node49,node17,320,1139895,1139902.0,7.0,,,,7.610455311973019,,49,,7.65,0,7.610455311973019,436,36,50,49
msg_998,node49,node18,320,1139895,,,,,,7.888384754990925,,49,,,0,7.888384754990925,760,20,50,49
msg_999,node49,node19,320,1139895,,,,,,7.888384754990925,,49,,,0,7.888384754990925,760,20,50,49
msg_1000,node49,node20,321,1139895,1139902.0,7.0,,,,7.609427609427609,,49,,7.95,0,7.609427609427609,435,35,50,49
msg_1001,node49,node21,321,1139895,1139901.0,6.0,,,,7.614213197969543,,49,,6.6,0,7.614213197969543,438,38,50,49
msg_1002,node49,node22,321,1139895,,,,,,7.888384754990925,,49,,,0,7.888384754990925,760,20,50,49
msg_1003,node49,node23,321,1139895,,,,,,7.888384754990925,,49,,,0,7.888384754990925,760,20,50,49
msg_1004,node49,node24,321,1139895,1139903.0,8.0,,,,7.608403361344537,,49,,8.95,0,7.608403361344537,434,34,50,49
msg_1005,node49,node25,321,1139895,1139903.0,8.0,,,,7.609060402684563,,49,,9.1,0,7.609060402684563,433,33,50,49
msg_1006,node49,node26,321,1139895,,,,,,7.888384754990925,,49,,,0,7.888384754990925,760,20,50,49
msg_1007,node49,node27,321,1139895,1139903.0,8.0,,,,7.609715242881072,,49,,9.3,0,7.609715242881072,432,32,50,49
msg_1008,node49,node28,321,1139895,,,,,,7.888384754990925,,49,,,0,7.888384754990925,760,20,50,49
msg_1009,node49,node29,321,1139895,,,,,,7.888384754990925,,49,,,0,7.888384754990925,760,20,50,49
msg_1010,node49,node30,321,1139895,,,,,,7.888384754990925,,49,,,0,7.888384754990925,760,20,50,49
msg_1011,node49,node31,321,1139895,1139904.0,9.0,,,,7.610367892976589,,49,,7.9,0,7.610367892976589,431,31,50,49
msg_1012,node49,node32,321,1139895,1139904.0,9.0,,,,7.612687813021703,,49,,8.6,0,7.612687813021703,430,30,50,49
msg_1013,node49,node33,321,1139895,1139905.0,10.0,,,,7.615,,49,,10.2,0,7.615,429,29,50,49
msg_1014,node49,node34,321,1139895,,,,,,7.888384754990925,,49,,,0,7.888384754990925,760,20,50,49
msg_1015,node49,node35,321,1139895,1139905.0,10.0,,,,7.618968386023295,,49,,10.55,0,7.618968386023295,428,28,50,49
msg_1016,node49,node36,321,1139895,1139906.0,11.0,,,,7.622923588039867,,49,,10.8,0,7.622923588039867,427,27,50,49
msg_1017,node49,node37,321,1139895,1139906.0,11.0,,,,7.628524046434494,,49,,11.15,0,7.628524046434494,426,26,50,49
msg_1018,node49,node38,321,1139895,,,,,,7.888384754990925,,49,,,0,7.888384754990925,760,20,50,49
msg_1019,node49,node39,321,1139895,,,,,,7.888384754990925,,49,,,0,7.888384754990925,760,20,50,49
msg_1020,node49,node40,321,1139895,1139906.0,11.0,,,,7.6341059602649,,49,,11.5,0,7.6341059602649,425,25,50,49
msg_1021,node49,node41,321,1139895,1139906.0,11.0,,,,7.6396694214876035,,49,,11.7,0,7.6396694214876035,424,24,50,49
msg_1022,node49,node42,321,1139895,,,,,,7.888384754990925,,49,,,0,7.888384754990925,760,20,50,49
msg_1023,node49,node43,321,1139895,,,,,,7.888384754990925,,49,,,0,7.888384754990925,760,20,50,49
msg_1024,node49,node44,321,1139895,1139907.0,12.0,,,,7.645214521452146,,49,,12.15,0,7.645214521452146,423,23,50,49
msg_1025,node49,node45,321,1139895,1139907.0,12.0,,,,7.652388797364086,,49,,12.55,0,7.652388797364086,422,22,50,49
msg_1026,node49,node46,321,1139895,1139907.0,12.0,,,,7.659539473684211,,49,,12.7,0,7.659539473684211,421,21,50,49
msg_1027,node49,node47,321,1139895,,,,,,7.888384754990925,,49,,,0,7.888384754990925,760,20,50,49
msg_1028,node49,node48,321,1139895,,,,,,7.888384754990925,,49,,,0,7.888384754990925,760,20,50,49
msg_1029,node49,node0,320,1186670,1186673.0,3.0,,,,7.666666666666667,,49,,2.4285714285714284,0,7.666666666666667,469,49,50,49
msg_1030,node49,node1,320,1186670,1186673.0,3.0,,,,7.659016393442623,,49,,2.5714285714285716,0,7.659016393442623,468,48,50,49
msg_1031,node49,node2,320,1186670,1186674.0,4.0,,,,7.6513911620294595,,49,,3.2857142857142856,0,7.6513911620294595,467,47,50,49
msg_1032,node49,node3,320,1186670,1186674.0,4.0,,,,7.645424836601308,,49,,3.5238095238095237,0,7.645424836601308,466,46,50,49
msg_1033,node49,node4,320,1186670,,,,,,7.888384754990925,,49,,,0,7.888384754990925,760,20,50,49
msg_1034,node49,node5,320,1186670,,,,,,7.888384754990925,,49,,,0,7.888384754990925,760,20,50,49
msg_1035,node49,node6,320,1186670,1186675.0,5.0,,,,7.6292682926829265,,49,,4.428571428571429,0,7.6292682926829265,463,43,50,49
msg_1036,node49,node7,320,1186670,1186676.0,6.0,,,,7.625,,49,,4.714285714285714,0,7.625,462,42,50,49
msg_1037,node49,node8,320,1186670,1186676.0,6.0,,,,7.622366288492707,,49,,5.428571428571429,0,7.622366288492707,461,41,50,49
msg_1038,node49,node9,320,1186670,1186676.0,6.0,,,,7.619741100323624,,49,,5.476190476190476,0,7.619741100323624,460,40,50,49
msg_1039,node49,node10,321,1186670,1186674.0,4.0,,,,7.6394779771615005,,49,,3.4761904761904763,0,7.6394779771615005,465,45,50,49
msg_1040,node49,node11,321,1186670,,,,,,7.888384754990925,,49,,,0,7.888384754990925,760,20,50,49
msg_1041,node49,node12,321,1186670,,,,,,7.888384754990925,,49,,,0,7.888384754990925,760,20,50,49
msg_1042,node49,node13,321,1186670,1186677.0,7.0,,,,7.617124394184168,,49,,6.0476190476190474,0,7.617124394184168,459,39,50,49
msg_1043,node49,node14,321,1186670,1186675.0,5.0,,,,7.633550488599348,,49,,4.809523809523809,0,7.633550488599348,464,44,50,49
msg_1044,node49,node15,321,1186670,1186678.0,8.0,,,,7.615136876006441,,49,,7.142857142857143,0,7.615136876006441,457,37,50,49
msg_1045,node49,node16,321,1186670,,,,,,7.888384754990925,,49,,,0,7.888384754990925,760,20,50,49
msg_1046,node49,node17,321,1186670,1186678.0,8.0,,,,7.615755627009646,,49,,7.619047619047619,0,7.615755627009646,456,36,50,49
msg_1047,node49,node18,321,1186670,,,,,,7.888384754990925,,49,,,0,7.888384754990925,760,20,50,49
msg_1048,node49,node19,321,1186670,,,,,,7.888384754990925,,49,,,0,7.888384754990925,760,20,50,49
msg_1049,node49,node20,321,1186670,1186678.0,8.0,,,,7.61637239165329,,49,,7.904761904761905,0,7.61637239165329,455,35,50,49
msg_1050,node49,node21,321,1186670,1186677.0,7.0,,,,7.616129032258065,,49,,6.571428571428571,0,7.616129032258065,458,38,50,49
msg_1051,node49,node22,321,1186670,,,,,,7.888384754990925,,49,,,0,7.888384754990925,760,20,50,49
msg_1052,node49,node23,321,1186670,,,,,,7.888384754990925,,49,,,0,7.888384754990925,760,20,50,49
msg_1053,node49,node24,321,1186670,1186679.0,9.0,,,,7.61698717948718,,49,,8.904761904761905,0,7.61698717948718,454,34,50,49
msg_1054,node49,node25,321,1186670,1186679.0,9.0,,,,7.6192,,49,,9.047619047619047,0,7.6192,453,33,50,49
msg_1055,node49,node26,321,1186670,,,,,,7.888384754990925,,49,,,0,7.888384754990925,760,20,50,49
msg_1056,node49,node27,321,1186670,1186679.0,9.0,,,,7.621405750798722,,49,,9.238095238095237,0,7.621405750798722,452,32,50,49
msg_1057,node49,node28,321,1186670,,,,,,7.888384754990925,,49,,,0,7.888384754990925,760,20,50,49
msg_1058,node49,node29,321,1186670,,,,,,7.888384754990925,,49,,,0,7.888384754990925,760,20,50,49
msg_1059,node49,node30,321,1186670,,,,,,7.888384754990925,,49,,,0,7.888384754990925,760,20,50,49
msg_1060,node49,node31,321,1186670,1186680.0,10.0,,,,7.623604465709729,,49,,7.9523809523809526,0,7.623604465709729,451,31,50,49
msg_1061,node49,node32,321,1186670,1186680.0,10.0,,,,7.627388535031847,,49,,8.619047619047619,0,7.627388535031847,450,30,50,49
msg_1062,node49,node33,321,1186670,1186681.0,11.0,,,,7.631160572337043,,49,,10.19047619047619,0,7.631160572337043,449,29,50,49
msg_1063,node49,node34,321,1186670,,,,,,7.888384754990925,,49,,,0,7.888384754990925,760,20,50,49
msg_1064,node49,node35,321,1186670,1186681.0,11.0,,,,7.636507936507937,,49,,10.523809523809524,0,7.636507936507937,448,28,50,49
msg_1065,node49,node36,321,1186670,1186682.0,12.0,,,,7.641838351822504,,49,,10.80952380952381,0,7.641838351822504,447,27,50,49
msg_1066,node49,node37,321,1186670,1186682.0,12.0,,,,7.64873417721519,,49,,11.142857142857142,0,7.64873417721519,446,26,50,49
msg_1067,node49,node38,321,1186670,,,,,,7.888384754990925,,49,,,0,7.888384754990925,760,20,50,49
msg_1068,node49,node39,321,1186670,,,,,,7.888384754990925,,49,,,0,7.888384754990925,760,20,50,49
msg_1069,node49,node40,321,1186670,1186682.0,12.0,,,,7.655608214849921,,49,,11.476190476190476,0,7.655608214849921,445,25,50,49
msg_1070,node49,node41,321,1186670,1186683.0,13.0,,,,7.662460567823344,,49,,11.666666666666666,0,7.662460567823344,444,24,50,49
msg_1071,node49,node42,321,1186670,,,,,,7.888384754990925,,49,,,0,7.888384754990925,760,20,50,49
msg_1072,node49,node43,321,1186670,,,,,,7.888384754990925,,49,,,0,7.888384754990925,760,20,50,49
msg_1073,node49,node44,321,1186670,1186683.0,13.0,,,,7.670866141732284,,49,,12.142857142857142,0,7.670866141732284,443,23,50,49
msg_1074,node49,node45,321,1186670,1186683.0,13.0,,,,7.679245283018868,,49,,12.523809523809524,0,7.679245283018868,442,22,50,49
msg_1075,node49,node46,321,1186670,1186683.0,13.0,,,,7.687598116169545,,49,,12.666666666666666,0,7.687598116169545,441,21,50,49
msg_1076,node49,node47,321,1186670,,,,,,7.888384754990925,,49,,,0,7.888384754990925,760,20,50,49
msg_1077,node49,node48,321,1186670,,,,,,7.888384754990925,,49,,,0,7.888384754990925,760,20,50,49
msg_1078,node49,node0,320,1354631,1354634.0,3.0,,,,7.695924764890282,,49,,2.4545454545454546,0,7.695924764890282,489,49,50,49
msg_1079,node49,node1,320,1354631,1354634.0,3.0,,,,7.688575899843506,,49,,2.590909090909091,0,7.688575899843506,488,48,50,49
msg_1080,node49,node2,320,1354631,1354634.0,3.0,,,,7.68125,,49,,3.3181818181818183,0,7.68125,487,47,50,49
msg_1081,node49,node3,320,1354631,1354634.0,3.0,,,,7.666666666666667,,49,,3.5454545454545454,0,7.666666666666667,485,45,50,49
msg_1082,node49,node4,320,1354631,,,,,,7.888384754990925,,49,,,0,7.888384754990925,760,20,50,49
msg_1083,node49,node5,320,1354631,,,,,,7.888384754990925,,49,,,0,7.888384754990925,760,20,50,49
msg_1084,node49,node6,320,1354631,1354635.0,4.0,,,,7.659409020217729,,49,,4.454545454545454,0,7.659409020217729,484,44,50,49
msg_1085,node49,node7,320,1354631,1354635.0,4.0,,,,7.653726708074534,,49,,4.7727272727272725,0,7.653726708074534,483,43,50,49
msg_1086,node49,node8,320,1354631,1354636.0,5.0,,,,7.642414860681114,,49,,5.454545454545454,0,7.642414860681114,481,41,50,49
msg_1087,node49,node9,320,1354631,1354636.0,5.0,,,,7.638330757341577,,49,,5.5,0,7.638330757341577,480,40,50,49
msg_1088,node49,node10,321,1354631,1354634.0,3.0,,,,7.673946957878315,,49,,3.5,0,7.673946957878315,486,46,50,49
msg_1089,node49,node11,321,1354631,,,,,,7.888384754990925,,49,,,0,7.888384754990925,760,20,50,49
msg_1090,node49,node12,321,1354631,,,,,,7.888384754990925,,49,,,0,7.888384754990925,760,20,50,49
msg_1091,node49,node13,321,1354631,1354637.0,6.0,,,,7.6342592592592595,,49,,6.090909090909091,0,7.6342592592592595,479,39,50,49
msg_1092,node49,node14,321,1354631,1354635.0,4.0,,,,7.648062015503876,,49,,4.818181818181818,0,7.648062015503876,482,42,50,49
msg_1093,node49,node15,321,1354631,1354638.0,7.0,,,,7.6292307692307695,,49,,7.181818181818182,0,7.6292307692307695,477,37,50,49
msg_1094,node49,node16,321,1354631,,,,,,7.888384754990925,,49,,,0,7.888384754990925,760,20,50,49
msg_1095,node49,node17,321,1354631,1354638.0,7.0,,,,7.62826420890937,,49,,7.636363636363637,0,7.62826420890937,476,36,50,49
msg_1096,node49,node18,321,1354631,,,,,,7.888384754990925,,49,,,0,7.888384754990925,760,20,50,49
msg_1097,node49,node19,321,1354631,,,,,,7.888384754990925,,49,,,0,7.888384754990925,760,20,50,49
msg_1098,node49,node20,321,1354631,1354638.0,7.0,,,,7.627300613496932,,49,,7.909090909090909,0,7.627300613496932,475,35,50,49
msg_1099,node49,node21,321,1354631,1354637.0,6.0,,,,7.631741140215716,,49,,6.590909090909091,0,7.631741140215716,478,38,50,49
msg_1100,node49,node22,321,1354631,,,,,,7.888384754990925,,49,,,0,7.888384754990925,760,20,50,49
msg_1101,node49,node23,321,1354631,,,,,,7.888384754990925,,49,,,0,7.888384754990925,760,20,50,49
msg_1102,node49,node24,321,1354631,1354640.0,9.0,,,,7.625954198473282,,49,,8.909090909090908,0,7.625954198473282,472,32,50,49
msg_1103,node49,node25,321,1354631,1354640.0,9.0,,,,7.628048780487805,,49,,9.045454545454545,0,7.628048780487805,471,31,50,49
msg_1104,node49,node26,321,1354631,,,,,,7.888384754990925,,49,,,0,7.888384754990925,760,20,50,49
msg_1105,node49,node27,321,1354631,1354640.0,9.0,,,,7.63013698630137,,49,,9.227272727272727,0,7.63013698630137,470,30,50,49
msg_1106,node49,node28,321,1354631,,,,,,7.888384754990925,,49,,,0,7.888384754990925,760,20,50,49
msg_1107,node49,node29,321,1354631,,,,,,7.888384754990925,,49,,,0,7.888384754990925,760,20,50,49
msg_1108,node49,node30,321,1354631,,,,,,7.888384754990925,,49,,,0,7.888384754990925,760,20,50,49
msg_1109,node49,node31,321,1354631,1354638.0,7.0,,,,7.626339969372129,,49,,8.045454545454545,0,7.626339969372129,474,34,50,49
msg_1110,node49,node32,321,1354631,1354639.0,8.0,,,,7.625382262996942,,49,,8.681818181818182,0,7.625382262996942,473,33,50,49
msg_1111,node49,node33,321,1354631,1354641.0,10.0,,,,7.632218844984802,,49,,10.227272727272727,0,7.632218844984802,469,29,50,49
msg_1112,node49,node34,321,1354631,,,,,,7.888384754990925,,49,,,0,7.888384754990925,760,20,50,49
msg_1113,node49,node35,321,1354631,1354641.0,10.0,,,,7.635811836115327,,49,,10.545454545454545,0,7.635811836115327,468,28,50,49
msg_1114,node49,node36,321,1354631,1354641.0,10.0,,,,7.63939393939394,,49,,10.863636363636363,0,7.63939393939394,467,27,50,49
msg_1115,node49,node37,321,1354631,1354641.0,10.0,,,,7.642965204236006,,49,,11.181818181818182,0,7.642965204236006,466,26,50,49
msg_1116,node49,node38,321,1354631,,,,,,7.888384754990925,,49,,,0,7.888384754990925,760,20,50,49
msg_1117,node49,node39,321,1354631,,,,,,7.888384754990925,,49,,,0,7.888384754990925,760,20,50,49
msg_1118,node49,node40,321,1354631,1354642.0,11.0,,,,7.646525679758308,,49,,11.5,0,7.646525679758308,465,25,50,49
msg_1119,node49,node41,321,1354631,1354642.0,11.0,,,,7.65158371040724,,49,,11.727272727272727,0,7.65158371040724,464,24,50,49
msg_1120,node49,node42,321,1354631,,,,,,7.888384754990925,,49,,,0,7.888384754990925,760,20,50,49
msg_1121,node49,node43,321,1354631,,,,,,7.888384754990925,,49,,,0,7.888384754990925,760,20,50,49
msg_1122,node49,node44,321,1354631,1354642.0,11.0,,,,7.656626506024097,,49,,12.181818181818182,0,7.656626506024097,463,23,50,49
msg_1123,node49,node45,321,1354631,1354643.0,12.0,,,,7.661654135338346,,49,,12.545454545454545,0,7.661654135338346,462,22,50,49
msg_1124,node49,node46,321,1354631,1354643.0,12.0,,,,7.668168168168168,,49,,12.681818181818182,0,7.668168168168168,461,21,50,49
msg_1125,node49,node47,321,1354631,,,,,,7.888384754990925,,49,,,0,7.888384754990925,760,20,50,49
msg_1126,node49,node48,321,1354631,,,,,,7.888384754990925,,49,,,0,7.888384754990925,760,20,50,49
msg_1127,node49,node0,320,1383430,1383432.0,2.0,,,,7.674662668665667,,49,,2.4782608695652173,0,7.674662668665667,509,49,50,49
msg_1128,node49,node1,320,1383430,1383432.0,2.0,,,,7.666167664670659,,49,,2.608695652173913,0,7.666167664670659,508,48,50,49
msg_1129,node49,node2,320,1383430,1383433.0,3.0,,,,7.657698056801196,,49,,3.3043478260869565,0,7.657698056801196,507,47,50,49
msg_1130,node49,node3,320,1383430,1383433.0,3.0,,,,7.650746268656716,,49,,3.5217391304347827,0,7.650746268656716,506,46,50,49
msg_1131,node49,node4,320,1383430,,,,,,7.888384754990925,,49,,,0,7.888384754990925,760,20,50,49
msg_1132,node49,node5,320,1383430,,,,,,7.888384754990925,,49,,,0,7.888384754990925,760,20,50,49
msg_1133,node49,node6,320,1383430,1383434.0,4.0,,,,7.631500742942051,,49,,4.434782608695652,0,7.631500742942051,503,43,50,49
msg_1134,node49,node7,320,1383430,1383435.0,5.0,,,,7.626112759643917,,49,,4.739130434782608,0,7.626112759643917,502,42,50,49
msg_1135,node49,node8,320,1383430,1383435.0,5.0,,,,7.622222222222222,,49,,5.434782608695652,0,7.622222222222222,501,41,50,49
msg_1136,node49,node9,320,1383430,1383435.0,5.0,,,,7.618343195266272,,49,,5.478260869565218,0,7.618343195266272,500,40,50,49
msg_1137,node49,node10,321,1383430,1383433.0,3.0,,,,7.64381520119225,,49,,3.4782608695652173,0,7.64381520119225,505,45,50,49
msg_1138,node49,node11,321,1383430,,,,,,7.888384754990925,,49,,,0,7.888384754990925,760,20,50,49
msg_1139,node49,node12,321,1383430,,,,,,7.888384754990925,,49,,,0,7.888384754990925,760,20,50,49
msg_1140,node49,node13,321,1383430,1383436.0,6.0,,,,7.614475627769572,,49,,6.086956521739131,0,7.614475627769572,499,39,50,49
msg_1141,node49,node14,321,1383430,1383434.0,4.0,,,,7.636904761904762,,49,,4.782608695652174,0,7.636904761904762,504,44,50,49
msg_1142,node49,node15,321,1383430,1383437.0,7.0,,,,7.609720176730486,,49,,7.173913043478261,0,7.609720176730486,497,37,50,49
msg_1143,node49,node16,321,1383430,,,,,,7.888384754990925,,49,,,0,7.888384754990925,760,20,50,49
msg_1144,node49,node17,321,1383430,1383437.0,7.0,,,,7.608823529411764,,49,,7.608695652173913,0,7.608823529411764,496,36,50,49
msg_1145,node49,node18,321,1383430,,,,,,7.888384754990925,,49,,,0,7.888384754990925,760,20,50,49
msg_1146,node49,node19,321,1383430,,,,,,7.888384754990925,,49,,,0,7.888384754990925,760,20,50,49
msg_1147,node49,node20,321,1383430,1383437.0,7.0,,,,7.607929515418502,,49,,7.869565217391305,0,7.607929515418502,495,35,50,49
msg_1148,node49,node21,321,1383430,1383436.0,6.0,,,,7.612094395280236,,49,,6.565217391304348,0,7.612094395280236,498,38,50,49
msg_1149,node49,node22,321,1383430,,,,,,7.888384754990925,,49,,,0,7.888384754990925,760,20,50,49
msg_1150,node49,node23,321,1383430,,,,,,7.888384754990925,,49,,,0,7.888384754990925,760,20,50,49
msg_1151,node49,node24,321,1383430,1383438.0,8.0,,,,7.607038123167156,,49,,8.91304347826087,0,7.607038123167156,494,34,50,49
msg_1152,node49,node25,321,1383430,1383438.0,8.0,,,,7.607613469985359,,49,,9.043478260869565,0,7.607613469985359,493,33,50,49
msg_1153,node49,node26,321,1383430,,,,,,7.888384754990925,,49,,,0,7.888384754990925,760,20,50,49
msg_1154,node49,node27,321,1383430,1383438.0,8.0,,,,7.608187134502924,,49,,9.217391304347826,0,7.608187134502924,492,32,50,49
msg_1155,node49,node28,321,1383430,,,,,,7.888384754990925,,49,,,0,7.888384754990925,760,20,50,49
msg_1156,node49,node29,321,1383430,,,,,,7.888384754990925,,49,,,0,7.888384754990925,760,20,50,49
msg_1157,node49,node30,321,1383430,,,,,,7.888384754990925,,49,,,0,7.888384754990925,760,20,50,49
msg_1158,node49,node31,321,1383430,1383438.0,8.0,,,,7.608759124087591,,49,,8.0,0,7.608759124087591,491,31,50,49
msg_1159,node49,node32,321,1383430,1383439.0,9.0,,,,7.60932944606414,,49,,8.652173913043478,0,7.60932944606414,490,30,50,49
msg_1160,node49,node33,321,1383430,1383440.0,10.0,,,,7.611353711790393,,49,,10.217391304347826,0,7.611353711790393,489,29,50,49
msg_1161,node49,node34,321,1383430,,,,,,7.888384754990925,,49,,,0,7.888384754990925,760,20,50,49
msg_1162,node49,node35,321,1383430,1383440.0,10.0,,,,7.6148255813953485,,49,,10.521739130434783,0,7.6148255813953485,488,28,50,49
msg_1163,node49,node36,321,1383430,1383440.0,10.0,,,,7.618287373004354,,49,,10.826086956521738,0,7.618287373004354,487,27,50,49
msg_1164,node49,node37,321,1383430,1383441.0,11.0,,,,7.621739130434783,,49,,11.130434782608695,0,7.621739130434783,486,26,50,49
msg_1165,node49,node38,321,1383430,,,,,,7.888384754990925,,49,,,0,7.888384754990925,760,20,50,49
msg_1166,node49,node39,321,1383430,,,,,,7.888384754990925,,49,,,0,7.888384754990925,760,20,50,49
msg_1167,node49,node40,321,1383430,1383441.0,11.0,,,,7.626628075253256,,49,,11.478260869565217,0,7.626628075253256,485,25,50,49
msg_1168,node49,node41,321,1383430,1383441.0,11.0,,,,7.631502890173411,,49,,11.695652173913043,0,7.631502890173411,484,24,50,49
msg_1169,node49,node42,321,1383430,,,,,,7.888384754990925,,49,,,0,7.888384754990925,760,20,50,49
msg_1170,node49,node43,321,1383430,,,,,,7.888384754990925,,49,,,0,7.888384754990925,760,20,50,49
msg_1171,node49,node44,321,1383430,1383442.0,12.0,,,,7.636363636363637,,49,,12.130434782608695,0,7.636363636363637,483,23,50,49
msg_1172,node49,node45,321,1383430,1383442.0,12.0,,,,7.642651296829971,,49,,12.521739130434783,0,7.642651296829971,482,22,50,49
msg_1173,node49,node46,321,1383430,1383442.0,12.0,,,,7.648920863309352,,49,,12.652173913043478,0,7.648920863309352,481,21,50,49
msg_1174,node49,node47,321,1383430,,,,,,7.888384754990925,,49,,,0,7.888384754990925,760,20,50,49
msg_1175,node49,node48,321,1383430,,,,,,7.888384754990925,,49,,,0,7.888384754990925,760,20,50,49
msg_1176,node49,node0,320,1398075,1398078.0,3.0,,,,7.655172413793103,,49,,2.4583333333333335,0,7.655172413793103,529,49,50,49
msg_1177,node49,node1,320,1398075,1398078.0,3.0,,,,7.648493543758967,,49,,2.5833333333333335,0,7.648493543758967,528,48,50,49
msg_1178,node49,node2,320,1398075,1398079.0,4.0,,,,7.641833810888252,,49,,3.2916666666666665,0,7.641833810888252,527,47,50,49
msg_1179,node49,node3,320,1398075,1398080.0,5.0,,,,7.636623748211731,,49,,3.5,0,7.636623748211731,526,46,50,49
msg_1180,node49,node4,320,1398075,,,,,,7.888384754990925,,49,,,0,7.888384754990925,760,20,50,49
msg_1181,node49,node5,320,1398075,,,,,,7.888384754990925,,49,,,0,7.888384754990925,760,20,50,49
msg_1182,node49,node6,320,1398075,1398080.0,5.0,,,,7.629101283880171,,49,,4.416666666666667,0,7.629101283880171,524,44,50,49
msg_1183,node49,node7,320,1398075,1398081.0,6.0,,,,7.623044096728307,,49,,4.75,0,7.623044096728307,522,42,50,49
msg_1184,node49,node8,320,1398075,1398082.0,7.0,,,,7.620738636363637,,49,,5.416666666666667,0,7.620738636363637,521,41,50,49
msg_1185,node49,node9,320,1398075,1398082.0,7.0,,,,7.619858156028369,,49,,5.458333333333333,0,7.619858156028369,520,40,50,49
msg_1186,node49,node10,321,1398075,1398080.0,5.0,,,,7.632857142857143,,49,,3.4583333333333335,0,7.632857142857143,525,45,50,49
msg_1187,node49,node11,321,1398075,,,,,,7.888384754990925,,49,,,0,7.888384754990925,760,20,50,49
msg_1188,node49,node12,321,1398075,,,,,,7.888384754990925,,49,,,0,7.888384754990925,760,20,50,49
msg_1189,node49,node13,321,1398075,1398082.0,7.0,,,,7.618980169971671,,49,,6.083333333333333,0,7.618980169971671,519,39,50,49
msg_1190,node49,node14,321,1398075,1398081.0,6.0,,,,7.6253561253561255,,49,,4.75,0,7.6253561253561255,523,43,50,49
msg_1191,node49,node15,321,1398075,1398083.0,8.0,,,,7.618104667609618,,49,,7.166666666666667,0,7.618104667609618,518,38,50,49
msg_1192,node49,node16,321,1398075,,,,,,7.888384754990925,,49,,,0,7.888384754990925,760,20,50,49
msg_1193,node49,node17,321,1398075,1398084.0,9.0,,,,7.621126760563381,,49,,7.583333333333333,0,7.621126760563381,515,35,50,49
msg_1194,node49,node18,321,1398075,,,,,,7.888384754990925,,49,,,0,7.888384754990925,760,20,50,49
msg_1195,node49,node19,321,1398075,,,,,,7.888384754990925,,49,,,0,7.888384754990925,760,20,50,49
msg_1196,node49,node20,321,1398075,1398084.0,9.0,,,,7.623066104078762,,49,,7.833333333333333,0,7.623066104078762,514,34,50,49
msg_1197,node49,node21,321,1398075,1398083.0,8.0,,,,7.61864406779661,,49,,6.541666666666667,0,7.61864406779661,517,37,50,49
msg_1198,node49,node22,321,1398075,,,,,,7.888384754990925,,49,,,0,7.888384754990925,760,20,50,49
msg_1199,node49,node23,321,1398075,,,,,,7.888384754990925,,49,,,0,7.888384754990925,760,20,50,49
msg_1200,node49,node24,321,1398075,1398085.0,10.0,,,,7.625,,49,,8.875,0,7.625,513,33,50,49
msg_1201,node49,node25,321,1398075,1398085.0,10.0,,,,7.628330995792426,,49,,9.0,0,7.628330995792426,512,32,50,49
msg_1202,node49,node26,321,1398075,,,,,,7.888384754990925,,49,,,0,7.888384754990925,760,20,50,49
msg_1203,node49,node27,321,1398075,1398085.0,10.0,,,,7.634965034965035,,49,,9.166666666666666,0,7.634965034965035,510,30,50,49
msg_1204,node49,node28,321,1398075,,,,,,7.888384754990925,,49,,,0,7.888384754990925,760,20,50,49
msg_1205,node49,node29,321,1398075,,,,,,7.888384754990925,,49,,,0,7.888384754990925,760,20,50,49
msg_1206,node49,node30,321,1398075,,,,,,7.888384754990925,,49,,,0,7.888384754990925,760,20,50,49
msg_1207,node49,node31,321,1398075,1398084.0,9.0,,,,7.619181946403385,,49,,8.0,0,7.619181946403385,516,36,50,49
msg_1208,node49,node32,321,1398075,1398085.0,10.0,,,,7.631652661064426,,49,,8.666666666666666,0,7.631652661064426,511,31,50,49
msg_1209,node49,node33,321,1398075,1398087.0,12.0,,,,7.638268156424581,,49,,10.208333333333334,0,7.638268156424581,509,29,50,49
msg_1210,node49,node34,321,1398075,,,,,,7.888384754990925,,49,,,0,7.888384754990925,760,20,50,49
msg_1211,node49,node35,321,1398075,1398087.0,12.0,,,,7.644351464435147,,49,,10.5,0,7.644351464435147,508,28,50,49
msg_1212,node49,node36,321,1398075,1398088.0,13.0,,,,7.6504178272980505,,49,,10.791666666666666,0,7.6504178272980505,507,27,50,49
msg_1213,node49,node37,321,1398075,1398088.0,13.0,,,,7.657858136300417,,49,,11.125,0,7.657858136300417,506,26,50,49
msg_1214,node49,node38,321,1398075,,,,,,7.888384754990925,,49,,,0,7.888384754990925,760,20,50,49
msg_1215,node49,node39,321,1398075,,,,,,7.888384754990925,,49,,,0,7.888384754990925,760,20,50,49
msg_1216,node49,node40,321,1398075,1398089.0,14.0,,,,7.665277777777778,,49,,11.458333333333334,0,7.665277777777778,505,25,50,49
msg_1217,node49,node41,321,1398075,1398089.0,14.0,,,,7.674063800277392,,49,,11.666666666666666,0,7.674063800277392,504,24,50,49
msg_1218,node49,node42,321,1398075,,,,,,7.888384754990925,,49,,,0,7.888384754990925,760,20,50,49
msg_1219,node49,node43,321,1398075,,,,,,7.888384754990925,,49,,,0,7.888384754990925,760,20,50,49
msg_1220,node49,node44,321,1398075,1398089.0,14.0,,,,7.6828254847645425,,49,,12.125,0,7.6828254847645425,503,23,50,49
msg_1221,node49,node45,321,1398075,1398089.0,14.0,,,,7.691562932226833,,49,,12.5,0,7.691562932226833,502,22,50,49
msg_1222,node49,node46,321,1398075,1398090.0,15.0,,,,7.7002762430939224,,49,,12.625,0,7.7002762430939224,501,21,50,49
msg_1223,node49,node47,321,1398075,,,,,,7.888384754990925,,49,,,0,7.888384754990925,760,20,50,49
msg_1224,node49,node48,321,1398075,,,,,,7.888384754990925,,49,,,0,7.888384754990925,760,20,50,49
msg_1225,node49,node0,320,1430978,1430981.0,3.0,,,,7.710344827586207,,49,,2.48,0,7.710344827586207,549,49,50,49
msg_1226,node49,node1,320,1430978,1430982.0,4.0,,,,7.703856749311295,,49,,2.6,0,7.703856749311295,548,48,50,49
msg_1227,node49,node2,320,1430978,1430983.0,5.0,,,,7.698762035763411,,49,,3.32,0,7.698762035763411,547,47,50,49
msg_1228,node49,node3,320,1430978,1430984.0,6.0,,,,7.695054945054945,,49,,3.56,0,7.695054945054945,546,46,50,49
msg_1229,node49,node4,320,1430978,,,,,,7.888384754990925,,49,,,0,7.888384754990925,760,20,50,49
msg_1230,node49,node5,320,1430978,,,,,,7.888384754990925,,49,,,0,7.888384754990925,760,20,50,49
msg_1231,node49,node6,320,1430978,1430984.0,6.0,,,,7.69041095890411,,49,,4.44,0,7.69041095890411,544,44,50,49
msg_1232,node49,node7,320,1430978,1430985.0,7.0,,,,7.685792349726776,,49,,4.8,0,7.685792349726776,542,42,50,49
msg_1233,node49,node8,320,1430978,1430986.0,8.0,,,,7.684856753069577,,49,,5.48,0,7.684856753069577,541,41,50,49
msg_1234,node49,node9,320,1430978,1430986.0,8.0,,,,7.685286103542234,,49,,5.52,0,7.685286103542234,540,40,50,49
msg_1235,node49,node10,321,1430978,1430984.0,6.0,,,,7.692729766803841,,49,,3.52,0,7.692729766803841,545,45,50,49
msg_1236,node49,node11,321,1430978,,,,,,7.888384754990925,,49,,,0,7.888384754990925,760,20,50,49
msg_1237,node49,node12,321,1430978,,,,,,7.888384754990925,,49,,,0,7.888384754990925,760,20,50,49
msg_1238,node49,node13,321,1430978,1430986.0,8.0,,,,7.685714285714286,,49,,6.12,0,7.685714285714286,539,39,50,49
msg_1239,node49,node14,321,1430978,1430984.0,6.0,,,,7.688098495212039,,49,,4.8,0,7.688098495212039,543,43,50,49
msg_1240,node49,node15,321,1430978,1430987.0,9.0,,,,7.686141304347826,,49,,7.2,0,7.686141304347826,538,38,50,49
msg_1241,node49,node16,321,1430978,,,,,,7.888384754990925,,49,,,0,7.888384754990925,760,20,50,49
msg_1242,node49,node17,321,1430978,1430989.0,11.0,,,,7.695945945945946,,49,,7.64,0,7.695945945945946,534,34,50,49
msg_1243,node49,node18,321,1430978,,,,,,7.888384754990925,,49,,,0,7.888384754990925,760,20,50,49
msg_1244,node49,node19,321,1430978,,,,,,7.888384754990925,,49,,,0,7.888384754990925,760,20,50,49
msg_1245,node49,node20,321,1430978,1430989.0,11.0,,,,7.700404858299595,,49,,7.88,0,7.700404858299595,533,33,50,49
msg_1246,node49,node21,321,1430978,1430987.0,9.0,,,,7.687924016282225,,49,,6.6,0,7.687924016282225,537,37,50,49
msg_1247,node49,node22,321,1430978,,,,,,7.888384754990925,,49,,,0,7.888384754990925,760,20,50,49
msg_1248,node49,node23,321,1430978,,,,,,7.888384754990925,,49,,,0,7.888384754990925,760,20,50,49
msg_1249,node49,node24,321,1430978,1430990.0,12.0,,,,7.704851752021563,,49,,8.92,0,7.704851752021563,532,32,50,49
msg_1250,node49,node25,321,1430978,1430990.0,12.0,,,,7.710632570659489,,49,,9.04,0,7.710632570659489,531,31,50,49
msg_1251,node49,node26,321,1430978,,,,,,7.888384754990925,,49,,,0,7.888384754990925,760,20,50,49
msg_1252,node49,node27,321,1430978,1430990.0,12.0,,,,7.716397849462366,,49,,9.2,0,7.716397849462366,530,30,50,49
msg_1253,node49,node28,321,1430978,,,,,,7.888384754990925,,49,,,0,7.888384754990925,760,20,50,49
msg_1254,node49,node29,321,1430978,,,,,,7.888384754990925,,49,,,0,7.888384754990925,760,20,50,49
msg_1255,node49,node30,321,1430978,,,,,,7.888384754990925,,49,,,0,7.888384754990925,760,20,50,49
msg_1256,node49,node31,321,1430978,1430988.0,10.0,,,,7.6897018970189706,,49,,8.04,0,7.6897018970189706,536,36,50,49
msg_1257,node49,node32,321,1430978,1430988.0,10.0,,,,7.692828146143437,,49,,8.72,0,7.692828146143437,535,35,50,49
msg_1258,node49,node33,321,1430978,1430990.0,12.0,,,,7.722147651006711,,49,,10.28,0,7.722147651006711,529,29,50,49
msg_1259,node49,node34,321,1430978,,,,,,7.888384754990925,,49,,,0,7.888384754990925,760,20,50,49
msg_1260,node49,node35,321,1430978,1430991.0,13.0,,,,7.727882037533512,,49,,10.56,0,7.727882037533512,528,28,50,49
msg_1261,node49,node36,321,1430978,1430991.0,13.0,,,,7.734939759036145,,49,,10.88,0,7.734939759036145,527,27,50,49
msg_1262,node49,node37,321,1430978,1430991.0,13.0,,,,7.741978609625669,,49,,11.2,0,7.741978609625669,526,26,50,49
msg_1263,node49,node38,321,1430978,,,,,,7.888384754990925,,49,,,0,7.888384754990925,760,20,50,49
msg_1264,node49,node39,321,1430978,,,,,,7.888384754990925,,49,,,0,7.888384754990925,760,20,50,49
msg_1265,node49,node40,321,1430978,1430992.0,14.0,,,,7.748998664886515,,49,,11.56,0,7.748998664886515,525,25,50,49
msg_1266,node49,node41,321,1430978,1430992.0,14.0,,,,7.757333333333333,,49,,11.76,0,7.757333333333333,524,24,50,49
msg_1267,node49,node42,321,1430978,,,,,,7.888384754990925,,49,,,0,7.888384754990925,760,20,50,49
msg_1268,node49,node43,321,1430978,,,,,,7.888384754990925,,49,,,0,7.888384754990925,760,20,50,49
msg_1269,node49,node44,321,1430978,1430992.0,14.0,,,,7.765645805592543,,49,,12.2,0,7.765645805592543,523,23,50,49
msg_1270,node49,node45,321,1430978,1430993.0,15.0,,,,7.773936170212766,,49,,12.56,0,7.773936170212766,522,22,50,49
msg_1271,node49,node46,321,1430978,1430993.0,15.0,,,,7.7835325365205845,,49,,12.72,0,7.7835325365205845,521,21,50,49
msg_1272,node49,node47,321,1430978,,,,,,7.888384754990925,,49,,,0,7.888384754990925,760,20,50,49
msg_1273,node49,node48,321,1430978,,,,,,7.888384754990925,,49,,,0,7.888384754990925,760,20,50,49
msg_1274,node49,node0,320,1432748,1432750.0,2.0,,,,7.793103448275862,,49,,2.5,0,7.793103448275862,569,49,50,49
msg_1275,node49,node1,320,1432748,1432750.0,2.0,,,,7.785430463576159,,49,,2.6538461538461537,0,7.785430463576159,568,48,50,49
msg_1276,node49,node2,320,1432748,1432751.0,3.0,,,,7.777777777777778,,49,,3.3846153846153846,0,7.777777777777778,567,47,50,49
msg_1277,node49,node3,320,1432748,1432751.0,3.0,,,,7.7714663143989435,,49,,3.6538461538461537,0,7.7714663143989435,566,46,50,49
msg_1278,node49,node4,320,1432748,,,,,,7.888384754990925,,49,,,0,7.888384754990925,760,20,50,49
msg_1279,node49,node5,320,1432748,,,,,,7.888384754990925,,49,,,0,7.888384754990925,760,20,50,49
msg_1280,node49,node6,320,1432748,1432752.0,4.0,,,,7.753947368421053,,49,,4.5,0,7.753947368421053,563,43,50,49
msg_1281,node49,node7,320,1432748,1432753.0,5.0,,,,7.7490144546649145,,49,,4.884615384615385,0,7.7490144546649145,562,42,50,49
msg_1282,node49,node8,320,1432748,1432753.0,5.0,,,,7.745406824146982,,49,,5.576923076923077,0,7.745406824146982,561,41,50,49
msg_1283,node49,node9,320,1432748,1432753.0,5.0,,,,7.741808650065531,,49,,5.615384615384615,0,7.741808650065531,560,40,50,49
msg_1284,node49,node10,321,1432748,1432751.0,3.0,,,,7.7651715039577835,,49,,3.6153846153846154,0,7.7651715039577835,565,45,50,49
msg_1285,node49,node11,321,1432748,,,,,,7.888384754990925,,49,,,0,7.888384754990925,760,20,50,49
msg_1286,node49,node12,321,1432748,,,,,,7.888384754990925,,49,,,0,7.888384754990925,760,20,50,49
msg_1287,node49,node13,321,1432748,1432754.0,6.0,,,,7.738219895287958,,49,,6.1923076923076925,0,7.738219895287958,559,39,50,49
msg_1288,node49,node14,321,1432748,1432752.0,4.0,,,,7.758893280632411,,49,,4.846153846153846,0,7.758893280632411,564,44,50,49
msg_1289,node49,node15,321,1432748,1432755.0,7.0,,,,7.733681462140992,,49,,7.269230769230769,0,7.733681462140992,557,37,50,49
msg_1290,node49,node16,321,1432748,,,,,,7.888384754990925,,49,,,0,7.888384754990925,760,20,50,49
msg_1291,node49,node17,321,1432748,1432755.0,7.0,,,,7.732724902216428,,49,,7.769230769230769,0,7.732724902216428,556,36,50,49
msg_1292,node49,node18,321,1432748,,,,,,7.888384754990925,,49,,,0,7.888384754990925,760,20,50,49
msg_1293,node49,node19,321,1432748,,,,,,7.888384754990925,,49,,,0,7.888384754990925,760,20,50,49
msg_1294,node49,node20,321,1432748,1432755.0,7.0,,,,7.731770833333333,,49,,8.0,0,7.731770833333333,555,35,50,49
msg_1295,node49,node21,321,1432748,1432754.0,6.0,,,,7.735947712418301,,49,,6.6923076923076925,0,7.735947712418301,558,38,50,49
msg_1296,node49,node22,321,1432748,,,,,,7.888384754990925,,49,,,0,7.888384754990925,760,20,50,49
msg_1297,node49,node23,321,1432748,,,,,,7.888384754990925,,49,,,0,7.888384754990925,760,20,50,49
msg_1298,node49,node24,321,1432748,1432756.0,8.0,,,,7.730819245773732,,49,,9.038461538461538,0,7.730819245773732,554,34,50,49
msg_1299,node49,node25,321,1432748,1432756.0,8.0,,,,7.731168831168831,,49,,9.153846153846153,0,7.731168831168831,553,33,50,49
msg_1300,node49,node26,321,1432748,,,,,,7.888384754990925,,49,,,0,7.888384754990925,760,20,50,49
msg_1301,node49,node27,321,1432748,1432756.0,8.0,,,,7.7315175097276265,,49,,9.307692307692308,0,7.7315175097276265,552,32,50,49
msg_1302,node49,node28,321,1432748,,,,,,7.888384754990925,,49,,,0,7.888384754990925,760,20,50,49
msg_1303,node49,node29,321,1432748,,,,,,7.888384754990925,,49,,,0,7.888384754990925,760,20,50,49
msg_1304,node49,node30,321,1432748,,,,,,7.888384754990925,,49,,,0,7.888384754990925,760,20,50,49
msg_1305,node49,node31,321,1432748,1432757.0,9.0,,,,7.731865284974093,,49,,8.115384615384615,0,7.731865284974093,551,31,50,49
msg_1306,node49,node32,321,1432748,1432757.0,9.0,,,,7.733505821474774,,49,,8.76923076923077,0,7.733505821474774,550,30,50,49
msg_1307,node49,node33,321,1432748,1432758.0,10.0,,,,7.735142118863049,,49,,10.346153846153847,0,7.735142118863049,549,29,50,49
msg_1308,node49,node34,321,1432748,,,,,,7.888384754990925,,49,,,0,7.888384754990925,760,20,50,49
msg_1309,node49,node35,321,1432748,1432758.0,10.0,,,,7.7380645161290325,,49,,10.653846153846153,0,7.7380645161290325,548,28,50,49
msg_1310,node49,node36,321,1432748,1432759.0,11.0,,,,7.740979381443299,,49,,10.961538461538462,0,7.740979381443299,547,27,50,49
msg_1311,node49,node37,321,1432748,1432759.0,11.0,,,,7.745173745173745,,49,,11.26923076923077,0,7.745173745173745,546,26,50,49
msg_1312,node49,node38,321,1432748,,,,,,7.888384754990925,,49,,,0,7.888384754990925,760,20,50,49
msg_1313,node49,node39,321,1432748,,,,,,7.888384754990925,,49,,,0,7.888384754990925,760,20,50,49
msg_1314,node49,node40,321,1432748,1432759.0,11.0,,,,7.749357326478149,,49,,11.653846153846153,0,7.749357326478149,545,25,50,49
msg_1315,node49,node41,321,1432748,1432759.0,11.0,,,,7.7535301668806165,,49,,11.846153846153847,0,7.7535301668806165,544,24,50,49
msg_1316,node49,node42,321,1432748,,,,,,7.888384754990925,,49,,,0,7.888384754990925,760,20,50,49
msg_1317,node49,node43,321,1432748,,,,,,7.888384754990925,,49,,,0,7.888384754990925,760,20,50,49
msg_1318,node49,node44,321,1432748,1432760.0,12.0,,,,7.757692307692308,,49,,12.26923076923077,0,7.757692307692308,543,23,50,49
msg_1319,node49,node45,321,1432748,1432760.0,12.0,,,,7.763124199743918,,49,,12.653846153846153,0,7.763124199743918,542,22,50,49
msg_1320,node49,node46,321,1432748,1432760.0,12.0,,,,7.768542199488491,,49,,12.807692307692308,0,7.768542199488491,541,21,50,49
msg_1321,node49,node47,321,1432748,,,,,,7.888384754990925,,49,,,0,7.888384754990925,760,20,50,49
msg_1322,node49,node48,321,1432748,,,,,,7.888384754990925,,49,,,0,7.888384754990925,760,20,50,49
msg_1323,node49,node0,320,1447786,1447788.0,2.0,,,,7.773946360153257,,49,,2.4814814814814814,0,7.773946360153257,589,49,50,49
msg_1324,node49,node1,320,1447786,1447788.0,2.0,,,,7.766581632653061,,49,,2.6296296296296298,0,7.766581632653061,588,48,50,49
msg_1325,node49,node2,320,1447786,1447789.0,3.0,,,,7.759235668789809,,49,,3.3703703703703702,0,7.759235668789809,587,47,50,49
msg_1326,node49,node3,320,1447786,1447789.0,3.0,,,,7.753180661577608,,49,,3.6296296296296298,0,7.753180661577608,586,46,50,49
msg_1327,node49,node4,320,1447786,,,,,,7.888384754990925,,49,,,0,7.888384754990925,760,20,50,49
msg_1328,node49,node5,320,1447786,,,,,,7.888384754990925,,49,,,0,7.888384754990925,760,20,50,49
msg_1329,node49,node6,320,1447786,1447790.0,4.0,,,,7.741116751269035,,49,,4.481481481481482,0,7.741116751269035,584,44,50,49
msg_1330,node49,node7,320,1447786,1447791.0,5.0,,,,7.73637515842839,,49,,4.888888888888889,0,7.73637515842839,583,43,50,49
msg_1331,node49,node8,320,1447786,1447791.0,5.0,,,,7.732911392405064,,49,,5.555555555555555,0,7.732911392405064,582,42,50,49
msg_1332,node49,node9,320,1447786,1447791.0,5.0,,,,7.726010101010101,,49,,5.592592592592593,0,7.726010101010101,580,40,50,49
msg_1333,node49,node10,321,1447786,1447789.0,3.0,,,,7.747141041931385,,49,,3.5925925925925926,0,7.747141041931385,585,45,50,49
msg_1334,node49,node11,321,1447786,,,,,,7.888384754990925,,49,,,0,7.888384754990925,760,20,50,49
msg_1335,node49,node12,321,1447786,,,,,,7.888384754990925,,49,,,0,7.888384754990925,760,20,50,49
msg_1336,node49,node13,321,1447786,1447793.0,7.0,,,,7.720403022670025,,49,,6.185185185185185,0,7.720403022670025,578,38,50,49
msg_1337,node49,node14,321,1447786,1447791.0,5.0,,,,7.729456384323641,,49,,4.814814814814815,0,7.729456384323641,581,41,50,49
msg_1338,node49,node15,321,1447786,1447793.0,7.0,,,,7.719496855345912,,49,,7.2592592592592595,0,7.719496855345912,577,37,50,49
msg_1339,node49,node16,321,1447786,,,,,,7.888384754990925,,49,,,0,7.888384754990925,760,20,50,49
msg_1340,node49,node17,321,1447786,1447793.0,7.0,,,,7.71859296482412,,49,,7.7407407407407405,0,7.71859296482412,576,36,50,49
msg_1341,node49,node18,321,1447786,,,,,,7.888384754990925,,49,,,0,7.888384754990925,760,20,50,49
msg_1342,node49,node19,321,1447786,,,,,,7.888384754990925,,49,,,0,7.888384754990925,760,20,50,49
msg_1343,node49,node20,321,1447786,1447794.0,8.0,,,,7.717691342534504,,49,,7.962962962962963,0,7.717691342534504,575,35,50,49
msg_1344,node49,node21,321,1447786,1447792.0,6.0,,,,7.7225725094577555,,49,,6.666666666666667,0,7.7225725094577555,579,39,50,49
msg_1345,node49,node22,321,1447786,,,,,,7.888384754990925,,49,,,0,7.888384754990925,760,20,50,49
msg_1346,node49,node23,321,1447786,,,,,,7.888384754990925,,49,,,0,7.888384754990925,760,20,50,49
msg_1347,node49,node24,321,1447786,1447794.0,8.0,,,,7.7180451127819545,,49,,9.0,0,7.7180451127819545,574,34,50,49
msg_1348,node49,node25,321,1447786,1447795.0,9.0,,,,7.718397997496871,,49,,9.11111111111111,0,7.718397997496871,573,33,50,49
msg_1349,node49,node26,321,1447786,,,,,,7.888384754990925,,49,,,0,7.888384754990925,760,20,50,49
msg_1350,node49,node27,321,1447786,1447795.0,9.0,,,,7.723192019950124,,49,,9.25925925925926,0,7.723192019950124,570,30,50,49
msg_1351,node49,node28,321,1447786,,,,,,7.888384754990925,,49,,,0,7.888384754990925,760,20,50,49
msg_1352,node49,node29,321,1447786,,,,,,7.888384754990925,,49,,,0,7.888384754990925,760,20,50,49
msg_1353,node49,node30,321,1447786,,,,,,7.888384754990925,,49,,,0,7.888384754990925,760,20,50,49
msg_1354,node49,node31,321,1447786,1447795.0,9.0,,,,7.72,,49,,8.148148148148149,0,7.72,572,32,50,49
msg_1355,node49,node32,321,1447786,1447795.0,9.0,,,,7.721598002496879,,49,,8.777777777777779,0,7.721598002496879,571,31,50,49
msg_1356,node49,node33,321,1447786,1447796.0,10.0,,,,7.724782067247821,,49,,10.333333333333334,0,7.724782067247821,569,29,50,49
msg_1357,node49,node34,321,1447786,,,,,,7.888384754990925,,49,,,0,7.888384754990925,760,20,50,49
msg_1358,node49,node35,321,1447786,1447797.0,11.0,,,,7.727611940298507,,49,,10.62962962962963,0,7.727611940298507,568,28,50,49
msg_1359,node49,node36,321,1447786,1447797.0,11.0,,,,7.73167701863354,,49,,10.962962962962964,0,7.73167701863354,567,27,50,49
msg_1360,node49,node37,321,1447786,1447797.0,11.0,,,,7.735732009925559,,49,,11.25925925925926,0,7.735732009925559,566,26,50,49
msg_1361,node49,node38,321,1447786,,,,,,7.888384754990925,,49,,,0,7.888384754990925,760,20,50,49
msg_1362,node49,node39,321,1447786,,,,,,7.888384754990925,,49,,,0,7.888384754990925,760,20,50,49
msg_1363,node49,node40,321,1447786,1447798.0,12.0,,,,7.739776951672862,,49,,11.62962962962963,0,7.739776951672862,565,25,50,49
msg_1364,node49,node41,321,1447786,1447799.0,13.0,,,,7.7450495049504955,,49,,11.814814814814815,0,7.7450495049504955,564,24,50,49
msg_1365,node49,node42,321,1447786,,,,,,7.888384754990925,,49,,,0,7.888384754990925,760,20,50,49
msg_1366,node49,node43,321,1447786,,,,,,7.888384754990925,,49,,,0,7.888384754990925,760,20,50,49
msg_1367,node49,node44,321,1447786,1447799.0,13.0,,,,7.7515451174289245,,49,,12.25925925925926,0,7.7515451174289245,563,23,50,49
msg_1368,node49,node45,321,1447786,1447799.0,13.0,,,,7.758024691358025,,49,,12.62962962962963,0,7.758024691358025,562,22,50,49
msg_1369,node49,node46,321,1447786,1447799.0,13.0,,,,7.764488286066585,,49,,12.777777777777779,0,7.764488286066585,561,21,50,49
msg_1370,node49,node47,321,1447786,,,,,,7.888384754990925,,49,,,0,7.888384754990925,760,20,50,49
msg_1371,node49,node48,321,1447786,,,,,,7.888384754990925,,49,,,0,7.888384754990925,760,20,50,49
msg_1372,node49,node0,320,1482349,1482351.0,2.0,,,,7.770935960591133,,49,,2.4642857142857144,0,7.770935960591133,609,49,50,49
msg_1373,node49,node1,320,1482349,1482352.0,3.0,,,,7.763837638376383,,49,,2.607142857142857,0,7.763837638376383,608,48,50,49
msg_1374,node49,node2,320,1482349,1482352.0,3.0,,,,7.757985257985258,,49,,3.357142857142857,0,7.757985257985258,607,47,50,49
msg_1375,node49,node3,320,1482349,1482352.0,3.0,,,,7.7463235294117645,,49,,3.607142857142857,0,7.7463235294117645,605,45,50,49
msg_1376,node49,node4,320,1482349,,,,,,7.888384754990925,,49,,,0,7.888384754990925,760,20,50,49
msg_1377,node49,node5,320,1482349,,,,,,7.888384754990925,,49,,,0,7.888384754990925,760,20,50,49
msg_1378,node49,node6,320,1482349,1482353.0,4.0,,,,7.7405140758873925,,49,,4.464285714285714,0,7.7405140758873925,604,44,50,49
msg_1379,node49,node7,320,1482349,1482353.0,4.0,,,,7.735941320293398,,49,,4.892857142857143,0,7.735941320293398,603,43,50,49
msg_1380,node49,node8,320,1482349,1482353.0,4.0,,,,7.7313797313797314,,49,,5.535714285714286,0,7.7313797313797314,602,42,50,49
msg_1381,node49,node9,320,1482349,1482354.0,5.0,,,,7.726829268292683,,49,,5.571428571428571,0,7.726829268292683,601,41,50,49
msg_1382,node49,node10,321,1482349,1482352.0,3.0,,,,7.752147239263803,,49,,3.5714285714285716,0,7.752147239263803,606,46,50,49
msg_1383,node49,node11,321,1482349,,,,,,7.888384754990925,,49,,,0,7.888384754990925,760,20,50,49
msg_1384,node49,node12,321,1482349,,,,,,7.888384754990925,,49,,,0,7.888384754990925,760,20,50,49
msg_1385,node49,node13,321,1482349,1482354.0,5.0,,,,7.723507917174178,,49,,6.214285714285714,0,7.723507917174178,600,40,50,49
msg_1386,node49,node14,321,1482349,1482355.0,6.0,,,,7.7201946472019465,,49,,4.821428571428571,0,7.7201946472019465,599,39,50,49
msg_1387,node49,node15,321,1482349,1482356.0,7.0,,,,7.714285714285714,,49,,7.25,0,7.714285714285714,595,35,50,49
msg_1388,node49,node16,321,1482349,,,,,,7.888384754990925,,49,,,0,7.888384754990925,760,20,50,49
msg_1389,node49,node17,321,1482349,1482357.0,8.0,,,,7.713422007255139,,49,,7.714285714285714,0,7.713422007255139,594,34,50,49
msg_1390,node49,node18,321,1482349,,,,,,7.888384754990925,,49,,,0,7.888384754990925,760,20,50,49
msg_1391,node49,node19,321,1482349,,,,,,7.888384754990925,,49,,,0,7.888384754990925,760,20,50,49
msg_1392,node49,node20,321,1482349,1482357.0,8.0,,,,7.713768115942029,,49,,7.964285714285714,0,7.713768115942029,593,33,50,49
msg_1393,node49,node21,321,1482349,1482355.0,6.0,,,,7.718104495747266,,49,,6.642857142857143,0,7.718104495747266,598,38,50,49
msg_1394,node49,node22,321,1482349,,,,,,7.888384754990925,,49,,,0,7.888384754990925,760,20,50,49
msg_1395,node49,node23,321,1482349,,,,,,7.888384754990925,,49,,,0,7.888384754990925,760,20,50,49
msg_1396,node49,node24,321,1482349,1482358.0,9.0,,,,7.714113389626055,,49,,8.964285714285714,0,7.714113389626055,592,32,50,49
msg_1397,node49,node25,321,1482349,1482358.0,9.0,,,,7.715662650602409,,49,,9.107142857142858,0,7.715662650602409,591,31,50,49
msg_1398,node49,node26,321,1482349,,,,,,7.888384754990925,,49,,,0,7.888384754990925,760,20,50,49
msg_1399,node49,node27,321,1482349,1482358.0,9.0,,,,7.717208182912154,,49,,9.25,0,7.717208182912154,590,30,50,49
msg_1400,node49,node28,321,1482349,,,,,,7.888384754990925,,49,,,0,7.888384754990925,760,20,50,49
msg_1401,node49,node29,321,1482349,,,,,,7.888384754990925,,49,,,0,7.888384754990925,760,20,50,49
msg_1402,node49,node30,321,1482349,,,,,,7.888384754990925,,49,,,0,7.888384754990925,760,20,50,49
msg_1403,node49,node31,321,1482349,1482356.0,7.0,,,,7.716019417475728,,49,,8.178571428571429,0,7.716019417475728,597,37,50,49
msg_1404,node49,node32,321,1482349,1482356.0,7.0,,,,7.715151515151515,,49,,8.785714285714286,0,7.715151515151515,596,36,50,49
msg_1405,node49,node33,321,1482349,1482359.0,10.0,,,,7.71875,,49,,10.321428571428571,0,7.71875,589,29,50,49
msg_1406,node49,node34,321,1482349,,,,,,7.888384754990925,,49,,,0,7.888384754990925,760,20,50,49
msg_1407,node49,node35,321,1482349,1482359.0,10.0,,,,7.721488595438175,,49,,10.642857142857142,0,7.721488595438175,588,28,50,49
msg_1408,node49,node36,321,1482349,1482359.0,10.0,,,,7.724220623501199,,49,,10.964285714285714,0,7.724220623501199,587,27,50,49
msg_1409,node49,node37,321,1482349,1482359.0,10.0,,,,7.726946107784431,,49,,11.25,0,7.726946107784431,586,26,50,49
msg_1410,node49,node38,321,1482349,,,,,,7.888384754990925,,49,,,0,7.888384754990925,760,20,50,49
msg_1411,node49,node39,321,1482349,,,,,,7.888384754990925,,49,,,0,7.888384754990925,760,20,50,49
msg_1412,node49,node40,321,1482349,1482360.0,11.0,,,,7.729665071770335,,49,,11.642857142857142,0,7.729665071770335,585,25,50,49
msg_1413,node49,node41,321,1482349,1482360.0,11.0,,,,7.733572281959379,,49,,11.857142857142858,0,7.733572281959379,584,24,50,49
msg_1414,node49,node42,321,1482349,,,,,,7.888384754990925,,49,,,0,7.888384754990925,760,20,50,49
msg_1415,node49,node43,321,1482349,,,,,,7.888384754990925,,49,,,0,7.888384754990925,760,20,50,49
msg_1416,node49,node44,321,1482349,1482360.0,11.0,,,,7.737470167064439,,49,,12.285714285714286,0,7.737470167064439,583,23,50,49
msg_1417,node49,node45,321,1482349,1482361.0,12.0,,,,7.741358760429082,,49,,12.642857142857142,0,7.741358760429082,582,22,50,49
msg_1418,node49,node46,321,1482349,1482361.0,12.0,,,,7.746428571428571,,49,,12.785714285714286,0,7.746428571428571,581,21,50,49
msg_1419,node49,node47,321,1482349,,,,,,7.888384754990925,,49,,,0,7.888384754990925,760,20,50,49
msg_1420,node49,node48,321,1482349,,,,,,7.888384754990925,,49,,,0,7.888384754990925,760,20,50,49
msg_1421,node49,node0,320,1523436,1523439.0,3.0,,,,7.751486325802616,,49,,2.4482758620689653,0,7.751486325802616,629,49,50,49
msg_1422,node49,node1,320,1523436,1523439.0,3.0,,,,7.745843230403801,,49,,2.6206896551724137,0,7.745843230403801,628,48,50,49
msg_1423,node49,node2,320,1523436,1523440.0,4.0,,,,7.740213523131673,,49,,3.3448275862068964,0,7.740213523131673,627,47,50,49
msg_1424,node49,node3,320,1523436,1523440.0,4.0,,,,7.735781990521327,,49,,3.586206896551724,0,7.735781990521327,626,46,50,49
msg_1425,node49,node4,320,1523436,,,,,,7.888384754990925,,49,,,0,7.888384754990925,760,20,50,49
msg_1426,node49,node5,320,1523436,,,,,,7.888384754990925,,49,,,0,7.888384754990925,760,20,50,49
msg_1427,node49,node6,320,1523436,1523441.0,5.0,,,,7.7237308146399055,,49,,4.448275862068965,0,7.7237308146399055,623,43,50,49
msg_1428,node49,node7,320,1523436,1523442.0,6.0,,,,7.720518867924528,,49,,4.862068965517241,0,7.720518867924528,622,42,50,49
msg_1429,node49,node8,320,1523436,1523442.0,6.0,,,,7.71849234393404,,49,,5.482758620689655,0,7.71849234393404,621,41,50,49
msg_1430,node49,node9,320,1523436,1523442.0,6.0,,,,7.716470588235294,,49,,5.551724137931035,0,7.716470588235294,620,40,50,49
msg_1431,node49,node10,321,1523436,1523440.0,4.0,,,,7.731360946745562,,49,,3.5517241379310347,0,7.731360946745562,625,45,50,49
msg_1432,node49,node11,321,1523436,,,,,,7.888384754990925,,49,,,0,7.888384754990925,760,20,50,49
msg_1433,node49,node12,321,1523436,,,,,,7.888384754990925,,49,,,0,7.888384754990925,760,20,50,49
msg_1434,node49,node13,321,1523436,1523443.0,7.0,,,,7.714453584018801,,49,,6.172413793103448,0,7.714453584018801,619,39,50,49
msg_1435,node49,node14,321,1523436,1523441.0,5.0,,,,7.726950354609929,,49,,4.862068965517241,0,7.726950354609929,624,44,50,49
msg_1436,node49,node15,321,1523436,1523444.0,8.0,,,,7.712778429073857,,49,,7.241379310344827,0,7.712778429073857,617,37,50,49
msg_1437,node49,node16,321,1523436,,,,,,7.888384754990925,,49,,,0,7.888384754990925,760,20,50,49
msg_1438,node49,node17,321,1523436,1523444.0,8.0,,,,7.713114754098361,,49,,7.724137931034483,0,7.713114754098361,616,36,50,49
msg_1439,node49,node18,321,1523436,,,,,,7.888384754990925,,49,,,0,7.888384754990925,760,20,50,49
msg_1440,node49,node19,321,1523436,,,,,,7.888384754990925,,49,,,0,7.888384754990925,760,20,50,49
msg_1441,node49,node20,321,1523436,1523444.0,8.0,,,,7.713450292397661,,49,,7.9655172413793105,0,7.713450292397661,615,35,50,49
msg_1442,node49,node21,321,1523436,1523443.0,7.0,,,,7.713615023474178,,49,,6.620689655172414,0,7.713615023474178,618,38,50,49
msg_1443,node49,node22,321,1523436,,,,,,7.888384754990925,,49,,,0,7.888384754990925,760,20,50,49
msg_1444,node49,node23,321,1523436,,,,,,7.888384754990925,,49,,,0,7.888384754990925,760,20,50,49
msg_1445,node49,node24,321,1523436,1523445.0,9.0,,,,7.713785046728972,,49,,8.96551724137931,0,7.713785046728972,614,34,50,49
msg_1446,node49,node25,321,1523436,1523445.0,9.0,,,,7.715285880980163,,49,,9.10344827586207,0,7.715285880980163,613,33,50,49
msg_1447,node49,node26,321,1523436,,,,,,7.888384754990925,,49,,,0,7.888384754990925,760,20,50,49
msg_1448,node49,node27,321,1523436,1523445.0,9.0,,,,7.716783216783217,,49,,9.241379310344827,0,7.716783216783217,612,32,50,49
msg_1449,node49,node28,321,1523436,,,,,,7.888384754990925,,49,,,0,7.888384754990925,760,20,50,49
msg_1450,node49,node29,321,1523436,,,,,,7.888384754990925,,49,,,0,7.888384754990925,760,20,50,49
msg_1451,node49,node30,321,1523436,,,,,,7.888384754990925,,49,,,0,7.888384754990925,760,20,50,49
msg_1452,node49,node31,321,1523436,1523446.0,10.0,,,,7.718277066356229,,49,,8.137931034482758,0,7.718277066356229,611,31,50,49
msg_1453,node49,node32,321,1523436,1523446.0,10.0,,,,7.72093023255814,,49,,8.724137931034482,0,7.72093023255814,610,30,50,49
msg_1454,node49,node33,321,1523436,1523447.0,11.0,,,,7.723577235772358,,49,,10.310344827586206,0,7.723577235772358,609,29,50,49
msg_1455,node49,node34,321,1523436,,,,,,7.888384754990925,,49,,,0,7.888384754990925,760,20,50,49
msg_1456,node49,node35,321,1523436,1523447.0,11.0,,,,7.72737819025522,,49,,10.620689655172415,0,7.72737819025522,608,28,50,49
msg_1457,node49,node36,321,1523436,1523448.0,12.0,,,,7.73117033603708,,49,,10.931034482758621,0,7.73117033603708,607,27,50,49
msg_1458,node49,node37,321,1523436,1523448.0,12.0,,,,7.736111111111111,,49,,11.206896551724139,0,7.736111111111111,606,26,50,49
msg_1459,node49,node38,321,1523436,,,,,,7.888384754990925,,49,,,0,7.888384754990925,760,20,50,49
msg_1460,node49,node39,321,1523436,,,,,,7.888384754990925,,49,,,0,7.888384754990925,760,20,50,49
msg_1461,node49,node40,321,1523436,1523448.0,12.0,,,,7.741040462427746,,49,,11.620689655172415,0,7.741040462427746,605,25,50,49
msg_1462,node49,node41,321,1523436,1523448.0,12.0,,,,7.745958429561201,,49,,11.827586206896552,0,7.745958429561201,604,24,50,49
msg_1463,node49,node42,321,1523436,,,,,,7.888384754990925,,49,,,0,7.888384754990925,760,20,50,49
msg_1464,node49,node43,321,1523436,,,,,,7.888384754990925,,49,,,0,7.888384754990925,760,20,50,49
msg_1465,node49,node44,321,1523436,1523449.0,13.0,,,,7.750865051903114,,49,,12.241379310344827,0,7.750865051903114,603,23,50,49
msg_1466,node49,node45,321,1523436,1523449.0,13.0,,,,7.756912442396313,,49,,12.620689655172415,0,7.756912442396313,602,22,50,49
msg_1467,node49,node46,321,1523436,1523449.0,13.0,,,,7.762945914844649,,49,,12.758620689655173,0,7.762945914844649,601,21,50,49
msg_1468,node49,node47,321,1523436,,,,,,7.888384754990925,,49,,,0,7.888384754990925,760,20,50,49
msg_1469,node49,node48,321,1523436,,,,,,7.888384754990925,,49,,,0,7.888384754990925,760,20,50,49
msg_1470,node49,node0,320,1539360,1539362.0,2.0,,,,7.768965517241379,,49,,2.466666666666667,0,7.768965517241379,649,49,50,49
msg_1471,node49,node1,320,1539360,1539362.0,2.0,,,,7.762342135476464,,49,,2.6333333333333333,0,7.762342135476464,648,48,50,49
msg_1472,node49,node2,320,1539360,1539363.0,3.0,,,,7.7557339449541285,,49,,3.3666666666666667,0,7.7557339449541285,647,47,50,49
msg_1473,node49,node3,320,1539360,1539363.0,3.0,,,,7.75028636884307,,49,,3.6,0,7.75028636884307,646,46,50,49
msg_1474,node49,node4,320,1539360,,,,,,7.888384754990925,,49,,,0,7.888384754990925,760,20,50,49
msg_1475,node49,node5,320,1539360,,,,,,7.888384754990925,,49,,,0,7.888384754990925,760,20,50,49
msg_1476,node49,node6,320,1539360,1539364.0,4.0,,,,7.735159817351598,,49,,4.466666666666667,0,7.735159817351598,643,43,50,49
msg_1477,node49,node7,320,1539360,1539365.0,5.0,,,,7.730900798175599,,49,,4.9,0,7.730900798175599,642,42,50,49
msg_1478,node49,node8,320,1539360,1539365.0,5.0,,,,7.7277904328018225,,49,,5.5,0,7.7277904328018225,641,41,50,49
msg_1479,node49,node9,320,1539360,1539365.0,5.0,,,,7.724687144482366,,49,,5.566666666666666,0,7.724687144482366,640,40,50,49
msg_1480,node49,node10,321,1539360,1539363.0,3.0,,,,7.744851258581236,,49,,3.566666666666667,0,7.744851258581236,645,45,50,49
msg_1481,node49,node11,321,1539360,,,,,,7.888384754990925,,49,,,0,7.888384754990925,760,20,50,49
msg_1482,node49,node12,321,1539360,,,,,,7.888384754990925,,49,,,0,7.888384754990925,760,20,50,49
msg_1483,node49,node13,321,1539360,1539366.0,6.0,,,,7.721590909090909,,49,,6.2,0,7.721590909090909,639,39,50,49
msg_1484,node49,node14,321,1539360,1539364.0,4.0,,,,7.739428571428571,,49,,4.866666666666666,0,7.739428571428571,644,44,50,49
msg_1485,node49,node15,321,1539360,1539368.0,8.0,,,,7.717194570135747,,49,,7.266666666666667,0,7.717194570135747,635,35,50,49
msg_1486,node49,node16,321,1539360,,,,,,7.888384754990925,,49,,,0,7.888384754990925,760,20,50,49
msg_1487,node49,node17,321,1539360,1539369.0,9.0,,,,7.7175141242937855,,49,,7.733333333333333,0,7.7175141242937855,634,34,50,49
msg_1488,node49,node18,321,1539360,,,,,,7.888384754990925,,49,,,0,7.888384754990925,760,20,50,49
msg_1489,node49,node19,321,1539360,,,,,,7.888384754990925,,49,,,0,7.888384754990925,760,20,50,49
msg_1490,node49,node20,321,1539360,1539369.0,9.0,,,,7.718961625282167,,49,,7.966666666666667,0,7.718961625282167,633,33,50,49
msg_1491,node49,node21,321,1539360,1539366.0,6.0,,,,7.719636776390465,,49,,6.633333333333334,0,7.719636776390465,638,38,50,49
msg_1492,node49,node22,321,1539360,,,,,,7.888384754990925,,49,,,0,7.888384754990925,760,20,50,49
msg_1493,node49,node23,321,1539360,,,,,,7.888384754990925,,49,,,0,7.888384754990925,760,20,50,49
msg_1494,node49,node24,321,1539360,1539369.0,9.0,,,,7.7204058624577225,,49,,8.966666666666667,0,7.7204058624577225,632,32,50,49
msg_1495,node49,node25,321,1539360,1539369.0,9.0,,,,7.721846846846847,,49,,9.1,0,7.721846846846847,631,31,50,49
msg_1496,node49,node26,321,1539360,,,,,,7.888384754990925,,49,,,0,7.888384754990925,760,20,50,49
msg_1497,node49,node27,321,1539360,1539370.0,10.0,,,,7.723284589426322,,49,,9.233333333333333,0,7.723284589426322,630,30,50,49
msg_1498,node49,node28,321,1539360,,,,,,7.888384754990925,,49,,,0,7.888384754990925,760,20,50,49
msg_1499,node49,node29,321,1539360,,,,,,7.888384754990925,,49,,,0,7.888384754990925,760,20,50,49
msg_1500,node49,node30,321,1539360,,,,,,7.888384754990925,,49,,,0,7.888384754990925,760,20,50,49
msg_1501,node49,node31,321,1539360,1539367.0,7.0,,,,7.717687074829932,,49,,8.2,0,7.717687074829932,637,37,50,49
msg_1502,node49,node32,321,1539360,1539368.0,8.0,,,,7.7168742921857305,,49,,8.766666666666667,0,7.7168742921857305,636,36,50,49
msg_1503,node49,node33,321,1539360,1539370.0,10.0,,,,7.725842696629213,,49,,10.333333333333334,0,7.725842696629213,629,29,50,49
msg_1504,node49,node34,321,1539360,,,,,,7.888384754990925,,49,,,0,7.888384754990925,760,20,50,49
msg_1505,node49,node35,321,1539360,1539370.0,10.0,,,,7.728395061728395,,49,,10.633333333333333,0,7.728395061728395,628,28,50,49
msg_1506,node49,node36,321,1539360,1539371.0,11.0,,,,7.7309417040358746,,49,,10.966666666666667,0,7.7309417040358746,627,27,50,49
msg_1507,node49,node37,321,1539360,1539371.0,11.0,,,,7.734602463605823,,49,,11.233333333333333,0,7.734602463605823,626,26,50,49
msg_1508,node49,node38,321,1539360,,,,,,7.888384754990925,,49,,,0,7.888384754990925,760,20,50,49
msg_1509,node49,node39,321,1539360,,,,,,7.888384754990925,,49,,,0,7.888384754990925,760,20,50,49
msg_1510,node49,node40,321,1539360,1539371.0,11.0,,,,7.738255033557047,,49,,11.633333333333333,0,7.738255033557047,625,25,50,49
msg_1511,node49,node41,321,1539360,1539371.0,11.0,,,,7.741899441340782,,49,,11.833333333333334,0,7.741899441340782,624,24,50,49
msg_1512,node49,node42,321,1539360,,,,,,7.888384754990925,,49,,,0,7.888384754990925,760,20,50,49
msg_1513,node49,node43,321,1539360,,,,,,7.888384754990925,,49,,,0,7.888384754990925,760,20,50,49
msg_1514,node49,node44,321,1539360,1539372.0,12.0,,,,7.745535714285714,,49,,12.266666666666667,0,7.745535714285714,623,23,50,49
msg_1515,node49,node45,321,1539360,1539372.0,12.0,,,,7.7502787068004455,,49,,12.633333333333333,0,7.7502787068004455,622,22,50,49
msg_1516,node49,node46,321,1539360,1539372.0,12.0,,,,7.755011135857461,,49,,12.766666666666667,0,7.755011135857461,621,21,50,49
msg_1517,node49,node47,321,1539360,,,,,,7.888384754990925,,49,,,0,7.888384754990925,760,20,50,49
msg_1518,node49,node48,321,1539360,,,,,,7.888384754990925,,49,,,0,7.888384754990925,760,20,50,49
msg_1519,node49,node0,320,1555108,1555111.0,3.0,,,,7.759733036707453,,49,,2.4516129032258065,0,7.759733036707453,669,49,50,49
msg_1520,node49,node1,320,1555108,1555111.0,3.0,,,,7.754444444444444,,49,,2.6129032258064515,0,7.754444444444444,668,48,50,49
msg_1521,node49,node2,320,1555108,1555112.0,4.0,,,,7.749167591564928,,49,,3.3548387096774195,0,7.749167591564928,667,47,50,49
msg_1522,node49,node3,320,1555108,1555112.0,4.0,,,,7.745011086474501,,49,,3.5806451612903225,0,7.745011086474501,666,46,50,49
msg_1523,node49,node4,320,1555108,,,,,,7.888384754990925,,49,,,0,7.888384754990925,760,20,50,49
msg_1524,node49,node5,320,1555108,,,,,,7.888384754990925,,49,,,0,7.888384754990925,760,20,50,49
msg_1525,node49,node6,320,1555108,1555113.0,5.0,,,,7.733701657458564,,49,,4.451612903225806,0,7.733701657458564,663,43,50,49
msg_1526,node49,node7,320,1555108,1555114.0,6.0,,,,7.730684326710817,,49,,4.903225806451613,0,7.730684326710817,662,42,50,49
msg_1527,node49,node8,320,1555108,1555114.0,6.0,,,,7.72877618522602,,49,,5.483870967741935,0,7.72877618522602,661,41,50,49
msg_1528,node49,node9,320,1555108,1555114.0,6.0,,,,7.726872246696035,,49,,5.548387096774194,0,7.726872246696035,660,40,50,49
msg_1529,node49,node10,321,1555108,1555112.0,4.0,,,,7.740863787375416,,49,,3.5483870967741935,0,7.740863787375416,665,45,50,49
msg_1530,node49,node11,321,1555108,,,,,,7.888384754990925,,49,,,0,7.888384754990925,760,20,50,49
msg_1531,node49,node12,321,1555108,,,,,,7.888384754990925,,49,,,0,7.888384754990925,760,20,50,49
msg_1532,node49,node13,321,1555108,1555115.0,7.0,,,,7.724972497249725,,49,,6.193548387096774,0,7.724972497249725,659,39,50,49
msg_1533,node49,node14,321,1555108,1555113.0,5.0,,,,7.736725663716814,,49,,4.838709677419355,0,7.736725663716814,664,44,50,49
msg_1534,node49,node15,321,1555108,1555116.0,8.0,,,,7.724478594950604,,49,,7.290322580645161,0,7.724478594950604,657,37,50,49
msg_1535,node49,node16,321,1555108,,,,,,7.888384754990925,,49,,,0,7.888384754990925,760,20,50,49
msg_1536,node49,node17,321,1555108,1555116.0,8.0,,,,7.724780701754386,,49,,7.774193548387097,0,7.724780701754386,656,36,50,49
msg_1537,node49,node18,321,1555108,,,,,,7.888384754990925,,49,,,0,7.888384754990925,760,20,50,49
msg_1538,node49,node19,321,1555108,,,,,,7.888384754990925,,49,,,0,7.888384754990925,760,20,50,49
msg_1539,node49,node20,321,1555108,1555117.0,9.0,,,,7.7250821467688935,,49,,8.0,0,7.7250821467688935,655,35,50,49
msg_1540,node49,node21,321,1555108,1555116.0,8.0,,,,7.724175824175824,,49,,6.612903225806452,0,7.724175824175824,658,38,50,49
msg_1541,node49,node22,321,1555108,,,,,,7.888384754990925,,49,,,0,7.888384754990925,760,20,50,49
msg_1542,node49,node23,321,1555108,,,,,,7.888384754990925,,49,,,0,7.888384754990925,760,20,50,49
msg_1543,node49,node24,321,1555108,1555118.0,10.0,,,,7.72896174863388,,49,,8.96774193548387,0,7.72896174863388,653,33,50,49
msg_1544,node49,node25,321,1555108,1555118.0,10.0,,,,7.7314410480349345,,49,,9.096774193548388,0,7.7314410480349345,652,32,50,49
msg_1545,node49,node26,321,1555108,,,,,,7.888384754990925,,49,,,0,7.888384754990925,760,20,50,49
msg_1546,node49,node27,321,1555108,1555119.0,11.0,,,,7.737472766884531,,49,,9.258064516129032,0,7.737472766884531,650,30,50,49
msg_1547,node49,node28,321,1555108,,,,,,7.888384754990925,,49,,,0,7.888384754990925,760,20,50,49
msg_1548,node49,node29,321,1555108,,,,,,7.888384754990925,,49,,,0,7.888384754990925,760,20,50,49
msg_1549,node49,node30,321,1555108,,,,,,7.888384754990925,,49,,,0,7.888384754990925,760,20,50,49
msg_1550,node49,node31,321,1555108,1555118.0,10.0,,,,7.726477024070022,,49,,8.161290322580646,0,7.726477024070022,654,34,50,49
msg_1551,node49,node32,321,1555108,1555119.0,11.0,,,,7.73391494002181,,49,,8.741935483870968,0,7.73391494002181,651,31,50,49
msg_1552,node49,node33,321,1555108,1555120.0,12.0,,,,7.741022850924918,,49,,10.32258064516129,0,7.741022850924918,649,29,50,49
msg_1553,node49,node34,321,1555108,,,,,,7.888384754990925,,49,,,0,7.888384754990925,760,20,50,49
msg_1554,node49,node35,321,1555108,1555120.0,12.0,,,,7.745652173913044,,49,,10.612903225806452,0,7.745652173913044,648,28,50,49
msg_1555,node49,node36,321,1555108,1555121.0,13.0,,,,7.750271444082519,,49,,10.96774193548387,0,7.750271444082519,647,27,50,49
msg_1556,node49,node37,321,1555108,1555121.0,13.0,,,,7.7559652928416485,,49,,11.225806451612904,0,7.7559652928416485,646,26,50,49
msg_1557,node49,node38,321,1555108,,,,,,7.888384754990925,,49,,,0,7.888384754990925,760,20,50,49
msg_1558,node49,node39,321,1555108,,,,,,7.888384754990925,,49,,,0,7.888384754990925,760,20,50,49
msg_1559,node49,node40,321,1555108,1555121.0,13.0,,,,7.761646803900325,,49,,11.612903225806452,0,7.761646803900325,645,25,50,49
msg_1560,node49,node41,321,1555108,1555121.0,13.0,,,,7.767316017316017,,49,,11.806451612903226,0,7.767316017316017,644,24,50,49
msg_1561,node49,node42,321,1555108,,,,,,7.888384754990925,,49,,,0,7.888384754990925,760,20,50,49
msg_1562,node49,node43,321,1555108,,,,,,7.888384754990925,,49,,,0,7.888384754990925,760,20,50,49
msg_1563,node49,node44,321,1555108,1555123.0,15.0,,,,7.772972972972973,,49,,12.258064516129032,0,7.772972972972973,643,23,50,49
msg_1564,node49,node45,321,1555108,1555123.0,15.0,,,,7.780777537796976,,49,,12.612903225806452,0,7.780777537796976,642,22,50,49
msg_1565,node49,node46,321,1555108,1555123.0,15.0,,,,7.788565264293419,,49,,12.741935483870968,0,7.788565264293419,641,21,50,49
msg_1566,node49,node47,321,1555108,,,,,,7.888384754990925,,49,,,0,7.888384754990925,760,20,50,49
msg_1567,node49,node48,321,1555108,,,,,,7.888384754990925,,49,,,0,7.888384754990925,760,20,50,49
msg_1568,node49,node0,320,1569922,1569925.0,3.0,,,,7.796336206896552,,49,,2.46875,0,7.796336206896552,689,49,50,49
msg_1569,node49,node1,320,1569922,1569925.0,3.0,,,,7.791173304628633,,49,,2.625,0,7.791173304628633,688,48,50,49
msg_1570,node49,node2,320,1569922,1569927.0,5.0,,,,7.777896995708154,,49,,3.375,0,7.777896995708154,685,45,50,49
msg_1571,node49,node3,320,1569922,1569927.0,5.0,,,,7.77491961414791,,49,,3.59375,0,7.77491961414791,684,44,50,49
msg_1572,node49,node4,320,1569922,,,,,,7.888384754990925,,49,,,0,7.888384754990925,760,20,50,49
msg_1573,node49,node5,320,1569922,,,,,,7.888384754990925,,49,,,0,7.888384754990925,760,20,50,49
msg_1574,node49,node6,320,1569922,1569928.0,6.0,,,,7.771948608137045,,49,,4.46875,0,7.771948608137045,683,43,50,49
msg_1575,node49,node7,320,1569922,1569928.0,6.0,,,,7.770053475935829,,49,,4.9375,0,7.770053475935829,682,42,50,49
msg_1576,node49,node8,320,1569922,1569929.0,7.0,,,,7.7681623931623935,,49,,5.5,0,7.7681623931623935,681,41,50,49
msg_1577,node49,node9,320,1569922,1569929.0,7.0,,,,7.767342582710779,,49,,5.5625,0,7.767342582710779,680,40,50,49
msg_1578,node49,node10,321,1569922,1569926.0,4.0,,,,7.786021505376344,,49,,3.5625,0,7.786021505376344,687,47,50,49
msg_1579,node49,node11,321,1569922,,,,,,7.888384754990925,,49,,,0,7.888384754990925,760,20,50,49
msg_1580,node49,node12,321,1569922,,,,,,7.888384754990925,,49,,,0,7.888384754990925,760,20,50,49
msg_1581,node49,node13,321,1569922,1569929.0,7.0,,,,7.766524520255864,,49,,6.21875,0,7.766524520255864,679,39,50,49
msg_1582,node49,node14,321,1569922,1569926.0,4.0,,,,7.7819548872180455,,49,,4.84375,0,7.7819548872180455,686,46,50,49
msg_1583,node49,node15,321,1569922,1569930.0,8.0,,,,7.765708200212993,,49,,7.3125,0,7.765708200212993,678,38,50,49
msg_1584,node49,node16,321,1569922,,,,,,7.888384754990925,,49,,,0,7.888384754990925,760,20,50,49
msg_1585,node49,node17,321,1569922,1569930.0,8.0,,,,7.76595744680851,,49,,7.78125,0,7.76595744680851,677,37,50,49
msg_1586,node49,node18,321,1569922,,,,,,7.888384754990925,,49,,,0,7.888384754990925,760,20,50,49
msg_1587,node49,node19,321,1569922,,,,,,7.888384754990925,,49,,,0,7.888384754990925,760,20,50,49
msg_1588,node49,node20,321,1569922,1569932.0,10.0,,,,7.7690677966101696,,49,,8.03125,0,7.7690677966101696,673,33,50,49
msg_1589,node49,node21,321,1569922,1569930.0,8.0,,,,7.766206163655686,,49,,6.65625,0,7.766206163655686,676,36,50,49
msg_1590,node49,node22,321,1569922,,,,,,7.888384754990925,,49,,,0,7.888384754990925,760,20,50,49
msg_1591,node49,node23,321,1569922,,,,,,7.888384754990925,,49,,,0,7.888384754990925,760,20,50,49
msg_1592,node49,node24,321,1569922,1569932.0,10.0,,,,7.771428571428571,,49,,9.0,0,7.771428571428571,672,32,50,49
msg_1593,node49,node25,321,1569922,1569932.0,10.0,,,,7.773784355179704,,49,,9.125,0,7.773784355179704,671,31,50,49
msg_1594,node49,node26,321,1569922,,,,,,7.888384754990925,,49,,,0,7.888384754990925,760,20,50,49
msg_1595,node49,node27,321,1569922,1569933.0,11.0,,,,7.776135163674763,,49,,9.3125,0,7.776135163674763,670,30,50,49
msg_1596,node49,node28,321,1569922,,,,,,7.888384754990925,,49,,,0,7.888384754990925,760,20,50,49
msg_1597,node49,node29,321,1569922,,,,,,7.888384754990925,,49,,,0,7.888384754990925,760,20,50,49
msg_1598,node49,node30,321,1569922,,,,,,7.888384754990925,,49,,,0,7.888384754990925,760,20,50,49
msg_1599,node49,node31,321,1569922,1569931.0,9.0,,,,7.766454352441613,,49,,8.21875,0,7.766454352441613,675,35,50,49
msg_1600,node49,node32,321,1569922,1569931.0,9.0,,,,7.767762460233298,,49,,8.8125,0,7.767762460233298,674,34,50,49
msg_1601,node49,node33,321,1569922,1569933.0,11.0,,,,7.779535864978903,,49,,10.375,0,7.779535864978903,669,29,50,49
msg_1602,node49,node34,321,1569922,,,,,,7.888384754990925,,49,,,0,7.888384754990925,760,20,50,49
msg_1603,node49,node35,321,1569922,1569933.0,11.0,,,,7.782929399367756,,49,,10.65625,0,7.782929399367756,668,28,50,49
msg_1604,node49,node36,321,1569922,1569933.0,11.0,,,,7.786315789473684,,49,,11.03125,0,7.786315789473684,667,27,50,49
msg_1605,node49,node37,321,1569922,1569934.0,12.0,,,,7.7896950578338595,,49,,11.28125,0,7.7896950578338595,666,26,50,49
msg_1606,node49,node38,321,1569922,,,,,,7.888384754990925,,49,,,0,7.888384754990925,760,20,50,49
msg_1607,node49,node39,321,1569922,,,,,,7.888384754990925,,49,,,0,7.888384754990925,760,20,50,49
msg_1608,node49,node40,321,1569922,1569934.0,12.0,,,,7.794117647058823,,49,,11.65625,0,7.794117647058823,665,25,50,49
msg_1609,node49,node41,321,1569922,1569934.0,12.0,,,,7.798530954879328,,49,,11.84375,0,7.798530954879328,664,24,50,49
msg_1610,node49,node42,321,1569922,,,,,,7.888384754990925,,49,,,0,7.888384754990925,760,20,50,49
msg_1611,node49,node43,321,1569922,,,,,,7.888384754990925,,49,,,0,7.888384754990925,760,20,50,49
msg_1612,node49,node44,321,1569922,1569935.0,13.0,,,,7.80293501048218,,49,,12.34375,0,7.80293501048218,663,23,50,49
msg_1613,node49,node45,321,1569922,1569935.0,13.0,,,,7.808376963350785,,49,,12.6875,0,7.808376963350785,662,22,50,49
msg_1614,node49,node46,321,1569922,1569935.0,13.0,,,,7.813807531380753,,49,,12.8125,0,7.813807531380753,661,21,50,49
msg_1615,node49,node47,321,1569922,,,,,,7.888384754990925,,49,,,0,7.888384754990925,760,20,50,49
msg_1616,node49,node48,321,1569922,,,,,,7.888384754990925,,49,,,0,7.888384754990925,760,20,50,49
msg_1617,node49,node0,320,1606849,1606852.0,3.0,,,,7.819226750261233,,49,,2.484848484848485,0,7.819226750261233,709,49,50,49
msg_1618,node49,node1,320,1606849,1606852.0,3.0,,,,7.81419624217119,,49,,2.6363636363636362,0,7.81419624217119,708,48,50,49
msg_1619,node49,node2,320,1606849,1606853.0,4.0,,,,7.809176225234619,,49,,3.4242424242424243,0,7.809176225234619,707,47,50,49
msg_1620,node49,node3,320,1606849,1606854.0,5.0,,,,7.805208333333334,,49,,3.6363636363636362,0,7.805208333333334,706,46,50,49
msg_1621,node49,node4,320,1606849,,,,,,7.888384754990925,,49,,,0,7.888384754990925,760,20,50,49
msg_1622,node49,node5,320,1606849,,,,,,7.888384754990925,,49,,,0,7.888384754990925,760,20,50,49
msg_1623,node49,node6,320,1606849,1606854.0,5.0,,,,7.802289281997919,,49,,4.515151515151516,0,7.802289281997919,705,45,50,49
msg_1624,node49,node7,320,1606849,1606854.0,5.0,,,,7.796469366562825,,49,,4.96969696969697,0,7.796469366562825,703,43,50,49
msg_1625,node49,node8,320,1606849,1606855.0,6.0,,,,7.79356846473029,,49,,5.545454545454546,0,7.79356846473029,702,42,50,49
msg_1626,node49,node9,320,1606849,1606855.0,6.0,,,,7.791709844559586,,49,,5.606060606060606,0,7.791709844559586,701,41,50,49
msg_1627,node49,node10,321,1606849,1606854.0,5.0,,,,7.799376299376299,,49,,3.5757575757575757,0,7.799376299376299,704,44,50,49
msg_1628,node49,node11,321,1606849,,,,,,7.888384754990925,,49,,,0,7.888384754990925,760,20,50,49
msg_1629,node49,node12,321,1606849,,,,,,7.888384754990925,,49,,,0,7.888384754990925,760,20,50,49
msg_1630,node49,node13,321,1606849,1606858.0,9.0,,,,7.790505675954592,,49,,6.242424242424242,0,7.790505675954592,697,37,50,49
msg_1631,node49,node14,321,1606849,1606857.0,8.0,,,,7.7898550724637685,,49,,4.818181818181818,0,7.7898550724637685,700,40,50,49
msg_1632,node49,node15,321,1606849,1606858.0,9.0,,,,7.792996910401648,,49,,7.333333333333333,0,7.792996910401648,695,35,50,49
msg_1633,node49,node16,321,1606849,,,,,,7.888384754990925,,49,,,0,7.888384754990925,760,20,50,49
msg_1634,node49,node17,321,1606849,1606859.0,10.0,,,,7.794238683127572,,49,,7.787878787878788,0,7.794238683127572,694,34,50,49
msg_1635,node49,node18,321,1606849,,,,,,7.888384754990925,,49,,,0,7.888384754990925,760,20,50,49
msg_1636,node49,node19,321,1606849,,,,,,7.888384754990925,,49,,,0,7.888384754990925,760,20,50,49
msg_1637,node49,node20,321,1606849,1606859.0,10.0,,,,7.796505652620761,,49,,8.090909090909092,0,7.796505652620761,693,33,50,49
msg_1638,node49,node21,321,1606849,1606857.0,8.0,,,,7.790072388831438,,49,,6.696969696969697,0,7.790072388831438,699,39,50,49
msg_1639,node49,node22,321,1606849,,,,,,7.888384754990925,,49,,,0,7.888384754990925,760,20,50,49
msg_1640,node49,node23,321,1606849,,,,,,7.888384754990925,,49,,,0,7.888384754990925,760,20,50,49
msg_1641,node49,node24,321,1606849,1606859.0,10.0,,,,7.798767967145791,,49,,9.030303030303031,0,7.798767967145791,692,32,50,49
msg_1642,node49,node25,321,1606849,1606860.0,11.0,,,,7.801025641025641,,49,,9.151515151515152,0,7.801025641025641,691,31,50,49
msg_1643,node49,node26,321,1606849,,,,,,7.888384754990925,,49,,,0,7.888384754990925,760,20,50,49
msg_1644,node49,node27,321,1606849,1606860.0,11.0,,,,7.804303278688525,,49,,9.363636363636363,0,7.804303278688525,690,30,50,49
msg_1645,node49,node28,321,1606849,,,,,,7.888384754990925,,49,,,0,7.888384754990925,760,20,50,49
msg_1646,node49,node29,321,1606849,,,,,,7.888384754990925,,49,,,0,7.888384754990925,760,20,50,49
msg_1647,node49,node30,321,1606849,,,,,,7.888384754990925,,49,,,0,7.888384754990925,760,20,50,49
msg_1648,node49,node31,321,1606849,1606857.0,8.0,,,,7.7902892561983474,,49,,8.242424242424242,0,7.7902892561983474,698,38,50,49
msg_1649,node49,node32,321,1606849,1606858.0,9.0,,,,7.7917525773195875,,49,,8.818181818181818,0,7.7917525773195875,696,36,50,49
msg_1650,node49,node33,321,1606849,1606860.0,11.0,,,,7.8075742067553735,,49,,10.393939393939394,0,7.8075742067553735,689,29,50,49
msg_1651,node49,node34,321,1606849,,,,,,7.888384754990925,,49,,,0,7.888384754990925,760,20,50,49
msg_1652,node49,node35,321,1606849,1606861.0,12.0,,,,7.810838445807771,,49,,10.666666666666666,0,7.810838445807771,688,28,50,49
msg_1653,node49,node36,321,1606849,1606861.0,12.0,,,,7.81511746680286,,49,,11.030303030303031,0,7.81511746680286,687,27,50,49
msg_1654,node49,node37,321,1606849,1606861.0,12.0,,,,7.819387755102041,,49,,11.303030303030303,0,7.819387755102041,686,26,50,49
msg_1655,node49,node38,321,1606849,,,,,,7.888384754990925,,49,,,0,7.888384754990925,760,20,50,49
msg_1656,node49,node39,321,1606849,,,,,,7.888384754990925,,49,,,0,7.888384754990925,760,20,50,49
msg_1657,node49,node40,321,1606849,1606862.0,13.0,,,,7.823649337410806,,49,,11.666666666666666,0,7.823649337410806,685,25,50,49
msg_1658,node49,node41,321,1606849,1606862.0,13.0,,,,7.828920570264766,,49,,11.848484848484848,0,7.828920570264766,684,24,50,49
msg_1659,node49,node42,321,1606849,,,,,,7.888384754990925,,49,,,0,7.888384754990925,760,20,50,49
msg_1660,node49,node43,321,1606849,,,,,,7.888384754990925,,49,,,0,7.888384754990925,760,20,50,49
msg_1661,node49,node44,321,1606849,1606862.0,13.0,,,,7.834181078331638,,49,,12.363636363636363,0,7.834181078331638,683,23,50,49
msg_1662,node49,node45,321,1606849,1606862.0,13.0,,,,7.8394308943089435,,49,,12.696969696969697,0,7.8394308943089435,682,22,50,49
msg_1663,node49,node46,321,1606849,1606863.0,14.0,,,,7.8446700507614215,,49,,12.818181818181818,0,7.8446700507614215,681,21,50,49
msg_1664,node49,node47,321,1606849,,,,,,7.888384754990925,,49,,,0,7.888384754990925,760,20,50,49
msg_1665,node49,node48,321,1606849,,,,,,7.888384754990925,,49,,,0,7.888384754990925,760,20,50,49
msg_1666,node49,node0,320,1627380,1627382.0,2.0,,,,7.850912778904665,,49,,2.5,0,7.850912778904665,729,49,50,49
msg_1667,node49,node1,320,1627380,1627383.0,3.0,,,,7.844984802431611,,49,,2.6470588235294117,0,7.844984802431611,728,48,50,49
msg_1668,node49,node2,320,1627380,1627383.0,3.0,,,,7.840080971659919,,49,,3.4411764705882355,0,7.840080971659919,727,47,50,49
msg_1669,node49,node3,320,1627380,1627384.0,4.0,,,,7.8351870576339735,,49,,3.676470588235294,0,7.8351870576339735,726,46,50,49
msg_1670,node49,node4,320,1627380,,,,,,7.888384754990925,,49,,,0,7.888384754990925,760,20,50,49
msg_1671,node49,node5,320,1627380,,,,,,7.888384754990925,,49,,,0,7.888384754990925,760,20,50,49
msg_1672,node49,node6,320,1627380,1627385.0,5.0,,,,7.8274470232088795,,49,,4.529411764705882,0,7.8274470232088795,724,44,50,49
msg_1673,node49,node7,320,1627380,1627385.0,5.0,,,,7.8217522658610275,,49,,4.970588235294118,0,7.8217522658610275,722,42,50,49
msg_1674,node49,node8,320,1627380,1627386.0,6.0,,,,7.818913480885312,,49,,5.5588235294117645,0,7.818913480885312,721,41,50,49
msg_1675,node49,node9,320,1627380,1627386.0,6.0,,,,7.817085427135678,,49,,5.617647058823529,0,7.817085427135678,720,40,50,49
msg_1676,node49,node10,321,1627380,1627384.0,4.0,,,,7.831313131313132,,49,,3.6176470588235294,0,7.831313131313132,725,45,50,49
msg_1677,node49,node11,321,1627380,,,,,,7.888384754990925,,49,,,0,7.888384754990925,760,20,50,49
msg_1678,node49,node12,321,1627380,,,,,,7.888384754990925,,49,,,0,7.888384754990925,760,20,50,49
msg_1679,node49,node13,321,1627380,1627387.0,7.0,,,,7.815261044176707,,49,,6.323529411764706,0,7.815261044176707,719,39,50,49
msg_1680,node49,node14,321,1627380,1627385.0,5.0,,,,7.824596774193548,,49,,4.911764705882353,0,7.824596774193548,723,43,50,49
msg_1681,node49,node15,321,1627380,1627388.0,8.0,,,,7.813627254509018,,49,,7.382352941176471,0,7.813627254509018,717,37,50,49
msg_1682,node49,node16,321,1627380,,,,,,7.888384754990925,,49,,,0,7.888384754990925,760,20,50,49
msg_1683,node49,node17,321,1627380,1627388.0,8.0,,,,7.813813813813814,,49,,7.852941176470588,0,7.813813813813814,716,36,50,49
msg_1684,node49,node18,321,1627380,,,,,,7.888384754990925,,49,,,0,7.888384754990925,760,20,50,49
msg_1685,node49,node19,321,1627380,,,,,,7.888384754990925,,49,,,0,7.888384754990925,760,20,50,49
msg_1686,node49,node20,321,1627380,1627388.0,8.0,,,,7.814,,49,,8.147058823529411,0,7.814,715,35,50,49
msg_1687,node49,node21,321,1627380,1627387.0,7.0,,,,7.81444332998997,,49,,6.735294117647059,0,7.81444332998997,718,38,50,49
msg_1688,node49,node22,321,1627380,,,,,,7.888384754990925,,49,,,0,7.888384754990925,760,20,50,49
msg_1689,node49,node23,321,1627380,,,,,,7.888384754990925,,49,,,0,7.888384754990925,760,20,50,49
msg_1690,node49,node24,321,1627380,1627390.0,10.0,,,,7.814185814185814,,49,,9.058823529411764,0,7.814185814185814,714,34,50,49
msg_1691,node49,node25,321,1627380,1627390.0,10.0,,,,7.8163672654690615,,49,,9.205882352941176,0,7.8163672654690615,713,33,50,49
msg_1692,node49,node26,321,1627380,,,,,,7.888384754990925,,49,,,0,7.888384754990925,760,20,50,49
msg_1693,node49,node27,321,1627380,1627391.0,11.0,,,,7.823880597014925,,49,,9.411764705882353,0,7.823880597014925,710,30,50,49
msg_1694,node49,node28,321,1627380,,,,,,7.888384754990925,,49,,,0,7.888384754990925,760,20,50,49
msg_1695,node49,node29,321,1627380,,,,,,7.888384754990925,,49,,,0,7.888384754990925,760,20,50,49
msg_1696,node49,node30,321,1627380,,,,,,7.888384754990925,,49,,,0,7.888384754990925,760,20,50,49
msg_1697,node49,node31,321,1627380,1627390.0,10.0,,,,7.818544366899302,,49,,8.235294117647058,0,7.818544366899302,712,32,50,49
msg_1698,node49,node32,321,1627380,1627391.0,11.0,,,,7.820717131474104,,49,,8.823529411764707,0,7.820717131474104,711,31,50,49
msg_1699,node49,node33,321,1627380,1627392.0,12.0,,,,7.827037773359841,,49,,10.411764705882353,0,7.827037773359841,709,29,50,49
msg_1700,node49,node34,321,1627380,,,,,,7.888384754990925,,49,,,0,7.888384754990925,760,20,50,49
msg_1701,node49,node35,321,1627380,1627393.0,13.0,,,,7.831181727904667,,49,,10.705882352941176,0,7.831181727904667,708,28,50,49
msg_1702,node49,node36,321,1627380,1627393.0,13.0,,,,7.836309523809524,,49,,11.058823529411764,0,7.836309523809524,707,27,50,49
msg_1703,node49,node37,321,1627380,1627393.0,13.0,,,,7.841427155599604,,49,,11.323529411764707,0,7.841427155599604,706,26,50,49
msg_1704,node49,node38,321,1627380,,,,,,7.888384754990925,,49,,,0,7.888384754990925,760,20,50,49
msg_1705,node49,node39,321,1627380,,,,,,7.888384754990925,,49,,,0,7.888384754990925,760,20,50,49
msg_1706,node49,node40,321,1627380,1627394.0,14.0,,,,7.846534653465347,,49,,11.705882352941176,0,7.846534653465347,705,25,50,49
msg_1707,node49,node41,321,1627380,1627394.0,14.0,,,,7.852621167161226,,49,,11.882352941176471,0,7.852621167161226,704,24,50,49
msg_1708,node49,node42,321,1627380,,,,,,7.888384754990925,,49,,,0,7.888384754990925,760,20,50,49
msg_1709,node49,node43,321,1627380,,,,,,7.888384754990925,,49,,,0,7.888384754990925,760,20,50,49
msg_1710,node49,node44,321,1627380,1627394.0,14.0,,,,7.858695652173913,,49,,12.382352941176471,0,7.858695652173913,703,23,50,49
msg_1711,node49,node45,321,1627380,1627396.0,16.0,,,,7.864758144126357,,49,,12.705882352941176,0,7.864758144126357,702,22,50,49
msg_1712,node49,node46,321,1627380,1627396.0,16.0,,,,7.872781065088757,,49,,12.852941176470589,0,7.872781065088757,701,21,50,49
msg_1713,node49,node47,321,1627380,,,,,,7.888384754990925,,49,,,0,7.888384754990925,760,20,50,49
msg_1714,node49,node48,321,1627380,,,,,,7.888384754990925,,49,,,0,7.888384754990925,760,20,50,49
msg_1715,node49,node0,320,1628685,1628687.0,2.0,,,,7.880788177339902,,49,,2.4857142857142858,0,7.880788177339902,749,49,50,49
msg_1716,node49,node1,320,1628685,1628688.0,3.0,,,,7.875,,49,,2.657142857142857,0,7.875,748,48,50,49
msg_1717,node49,node2,320,1628685,1628688.0,3.0,,,,7.870206489675517,,49,,3.4285714285714284,0,7.870206489675517,747,47,50,49
msg_1718,node49,node3,320,1628685,1628688.0,3.0,,,,7.8606476938174685,,49,,3.6857142857142855,0,7.8606476938174685,745,45,50,49
msg_1719,node49,node4,320,1628685,,,,,,7.888384754990925,,49,,,0,7.888384754990925,760,20,50,49
msg_1720,node49,node5,320,1628685,,,,,,7.888384754990925,,49,,,0,7.888384754990925,760,20,50,49
msg_1721,node49,node6,320,1628685,1628689.0,4.0,,,,7.855882352941176,,49,,4.542857142857143,0,7.855882352941176,744,44,50,49
msg_1722,node49,node7,320,1628685,1628689.0,4.0,,,,7.852105778648384,,49,,4.9714285714285715,0,7.852105778648384,743,43,50,49
msg_1723,node49,node8,320,1628685,1628689.0,4.0,,,,7.844574780058651,,49,,5.571428571428571,0,7.844574780058651,741,41,50,49
msg_1724,node49,node9,320,1628685,1628690.0,5.0,,,,7.8408203125,,49,,5.628571428571429,0,7.8408203125,740,40,50,49
msg_1725,node49,node10,321,1628685,1628688.0,3.0,,,,7.865422396856582,,49,,3.6285714285714286,0,7.865422396856582,746,46,50,49
msg_1726,node49,node11,321,1628685,,,,,,7.888384754990925,,49,,,0,7.888384754990925,760,20,50,49
msg_1727,node49,node12,321,1628685,,,,,,7.888384754990925,,49,,,0,7.888384754990925,760,20,50,49
msg_1728,node49,node13,321,1628685,1628690.0,5.0,,,,7.838048780487805,,49,,6.3428571428571425,0,7.838048780487805,739,39,50,49
msg_1729,node49,node14,321,1628685,1628689.0,4.0,,,,7.848336594911937,,49,,4.914285714285715,0,7.848336594911937,742,42,50,49
msg_1730,node49,node15,321,1628685,1628691.0,6.0,,,,7.8352826510721245,,49,,7.4,0,7.8352826510721245,738,38,50,49
msg_1731,node49,node16,321,1628685,,,,,,7.888384754990925,,49,,,0,7.888384754990925,760,20,50,49
msg_1732,node49,node17,321,1628685,1628693.0,8.0,,,,7.831067961165049,,49,,7.857142857142857,0,7.831067961165049,734,34,50,49
msg_1733,node49,node18,321,1628685,,,,,,7.888384754990925,,49,,,0,7.888384754990925,760,20,50,49
msg_1734,node49,node19,321,1628685,,,,,,7.888384754990925,,49,,,0,7.888384754990925,760,20,50,49
msg_1735,node49,node20,321,1628685,1628693.0,8.0,,,,7.8312318137730355,,49,,8.142857142857142,0,7.8312318137730355,733,33,50,49
msg_1736,node49,node21,321,1628685,1628692.0,7.0,,,,7.8334956183057445,,49,,6.742857142857143,0,7.8334956183057445,737,37,50,49
msg_1737,node49,node22,321,1628685,,,,,,7.888384754990925,,49,,,0,7.888384754990925,760,20,50,49
msg_1738,node49,node23,321,1628685,,,,,,7.888384754990925,,49,,,0,7.888384754990925,760,20,50,49
msg_1739,node49,node24,321,1628685,1628694.0,9.0,,,,7.8313953488372094,,49,,9.085714285714285,0,7.8313953488372094,732,32,50,49
msg_1740,node49,node25,321,1628685,1628694.0,9.0,,,,7.832526621490803,,49,,9.228571428571428,0,7.832526621490803,731,31,50,49
msg_1741,node49,node26,321,1628685,,,,,,7.888384754990925,,49,,,0,7.888384754990925,760,20,50,49
msg_1742,node49,node27,321,1628685,1628694.0,9.0,,,,7.833655705996131,,49,,9.457142857142857,0,7.833655705996131,730,30,50,49
msg_1743,node49,node28,321,1628685,,,,,,7.888384754990925,,49,,,0,7.888384754990925,760,20,50,49
msg_1744,node49,node29,321,1628685,,,,,,7.888384754990925,,49,,,0,7.888384754990925,760,20,50,49
msg_1745,node49,node30,321,1628685,,,,,,7.888384754990925,,49,,,0,7.888384754990925,760,20,50,49
msg_1746,node49,node31,321,1628685,1628692.0,7.0,,,,7.832684824902723,,49,,8.285714285714286,0,7.832684824902723,736,36,50,49
msg_1747,node49,node32,321,1628685,1628692.0,7.0,,,,7.831875607385811,,49,,8.885714285714286,0,7.831875607385811,735,35,50,49
msg_1748,node49,node33,321,1628685,1628695.0,10.0,,,,7.834782608695652,,49,,10.457142857142857,0,7.834782608695652,729,29,50,49
msg_1749,node49,node34,321,1628685,,,,,,7.888384754990925,,49,,,0,7.888384754990925,760,20,50,49
msg_1750,node49,node35,321,1628685,1628695.0,10.0,,,,7.836872586872587,,49,,10.771428571428572,0,7.836872586872587,728,28,50,49
msg_1751,node49,node36,321,1628685,1628695.0,10.0,,,,7.838958534233366,,49,,11.114285714285714,0,7.838958534233366,727,27,50,49
msg_1752,node49,node37,321,1628685,1628695.0,10.0,,,,7.841040462427745,,49,,11.371428571428572,0,7.841040462427745,726,26,50,49
msg_1753,node49,node38,321,1628685,,,,,,7.888384754990925,,49,,,0,7.888384754990925,760,20,50,49
msg_1754,node49,node39,321,1628685,,,,,,7.888384754990925,,49,,,0,7.888384754990925,760,20,50,49
msg_1755,node49,node40,321,1628685,1628696.0,11.0,,,,7.843118383060635,,49,,11.771428571428572,0,7.843118383060635,725,25,50,49
msg_1756,node49,node41,321,1628685,1628696.0,11.0,,,,7.846153846153846,,49,,11.942857142857143,0,7.846153846153846,724,24,50,49
msg_1757,node49,node42,321,1628685,,,,,,7.888384754990925,,49,,,0,7.888384754990925,760,20,50,49
msg_1758,node49,node43,321,1628685,,,,,,7.888384754990925,,49,,,0,7.888384754990925,760,20,50,49
msg_1759,node49,node44,321,1628685,1628696.0,11.0,,,,7.8491834774255524,,49,,12.428571428571429,0,7.8491834774255524,723,23,50,49
msg_1760,node49,node45,321,1628685,1628697.0,12.0,,,,7.8522072936660265,,49,,12.8,0,7.8522072936660265,722,22,50,49
msg_1761,node49,node46,321,1628685,1628697.0,12.0,,,,7.856184084372003,,49,,12.942857142857143,0,7.856184084372003,721,21,50,49
msg_1762,node49,node47,321,1628685,,,,,,7.888384754990925,,49,,,0,7.888384754990925,760,20,50,49
msg_1763,node49,node48,321,1628685,,,,,,7.888384754990925,,49,,,0,7.888384754990925,760,20,50,49
msg_1764,node49,node0,320,1737737,1737740.0,3.0,,,,7.860153256704981,,49,,2.4722222222222223,0,7.860153256704981,769,49,50,49
msg_1765,node49,node1,320,1737737,1737740.0,3.0,,,,7.855502392344498,,49,,2.6666666666666665,0,7.855502392344498,768,48,50,49
msg_1766,node49,node2,320,1737737,1737741.0,4.0,,,,7.850860420650096,,49,,3.4166666666666665,0,7.850860420650096,767,47,50,49
msg_1767,node49,node3,320,1737737,1737741.0,4.0,,,,7.847182425978987,,49,,3.6666666666666665,0,7.847182425978987,766,46,50,49
msg_1768,node49,node4,320,1737737,,,,,,7.888384754990925,,49,,,0,7.888384754990925,760,20,50,49
msg_1769,node49,node5,320,1737737,,,,,,7.888384754990925,,49,,,0,7.888384754990925,760,20,50,49
msg_1770,node49,node6,320,1737737,1737742.0,5.0,,,,7.839847473784557,,49,,4.527777777777778,0,7.839847473784557,764,44,50,49
msg_1771,node49,node7,320,1737737,1737742.0,5.0,,,,7.837142857142857,,49,,4.944444444444445,0,7.837142857142857,763,43,50,49
msg_1772,node49,node8,320,1737737,1737743.0,6.0,,,,7.8344433872502375,,49,,5.527777777777778,0,7.8344433872502375,762,42,50,49
msg_1773,node49,node9,320,1737737,1737743.0,6.0,,,,7.832699619771863,,49,,5.611111111111111,0,7.832699619771863,761,41,50,49
msg_1774,node49,node10,321,1737737,1737741.0,4.0,,,,7.843511450381679,,49,,3.611111111111111,0,7.843511450381679,765,45,50,49
msg_1775,node49,node11,321,1737737,,,,,,7.888384754990925,,49,,,0,7.888384754990925,760,20,50,49
msg_1776,node49,node12,321,1737737,,,,,,7.888384754990925,,49,,,0,7.888384754990925,760,20,50,49
msg_1777,node49,node13,321,1737737,1737743.0,6.0,,,,7.830959164292498,,49,,6.305555555555555,0,7.830959164292498,760,40,50,49
msg_1778,node49,node14,321,1737737,1737743.0,6.0,,,,7.829222011385199,,49,,4.888888888888889,0,7.829222011385199,759,39,50,49
msg_1779,node49,node15,321,1737737,1737745.0,8.0,,,,7.826704545454546,,49,,7.361111111111111,0,7.826704545454546,757,37,50,49
msg_1780,node49,node16,321,1737737,,,,,,7.888384754990925,,49,,,0,7.888384754990925,760,20,50,49
msg_1781,node49,node17,321,1737737,1737745.0,8.0,,,,7.8268684957426675,,49,,7.861111111111111,0,7.8268684957426675,756,36,50,49
msg_1782,node49,node18,321,1737737,,,,,,7.888384754990925,,49,,,0,7.888384754990925,760,20,50,49
msg_1783,node49,node19,321,1737737,,,,,,7.888384754990925,,49,,,0,7.888384754990925,760,20,50,49
msg_1784,node49,node20,321,1737737,1737745.0,8.0,,,,7.82703213610586,,49,,8.13888888888889,0,7.82703213610586,755,35,50,49
msg_1785,node49,node21,321,1737737,1737744.0,7.0,,,,7.827488151658768,,49,,6.75,0,7.827488151658768,758,38,50,49
msg_1786,node49,node22,321,1737737,,,,,,7.888384754990925,,49,,,0,7.888384754990925,760,20,50,49
msg_1787,node49,node23,321,1737737,,,,,,7.888384754990925,,49,,,0,7.888384754990925,760,20,50,49
msg_1788,node49,node24,321,1737737,1737747.0,10.0,,,,7.828463713477851,,49,,9.083333333333334,0,7.828463713477851,752,32,50,49
msg_1789,node49,node25,321,1737737,1737747.0,10.0,,,,7.830508474576271,,49,,9.222222222222221,0,7.830508474576271,751,31,50,49
msg_1790,node49,node26,321,1737737,,,,,,7.888384754990925,,49,,,0,7.888384754990925,760,20,50,49
msg_1791,node49,node27,321,1737737,1737747.0,10.0,,,,7.832549388523048,,49,,9.444444444444445,0,7.832549388523048,750,30,50,49
msg_1792,node49,node28,321,1737737,,,,,,7.888384754990925,,49,,,0,7.888384754990925,760,20,50,49
msg_1793,node49,node29,321,1737737,,,,,,7.888384754990925,,49,,,0,7.888384754990925,760,20,50,49
msg_1794,node49,node30,321,1737737,,,,,,7.888384754990925,,49,,,0,7.888384754990925,760,20,50,49
msg_1795,node49,node31,321,1737737,1737745.0,8.0,,,,7.827195467422096,,49,,8.25,0,7.827195467422096,754,34,50,49
msg_1796,node49,node32,321,1737737,1737746.0,9.0,,,,7.827358490566038,,49,,8.833333333333334,0,7.827358490566038,753,33,50,49
msg_1797,node49,node33,321,1737737,1737748.0,11.0,,,,7.834586466165414,,49,,10.444444444444445,0,7.834586466165414,749,29,50,49
msg_1798,node49,node34,321,1737737,,,,,,7.888384754990925,,49,,,0,7.888384754990925,760,20,50,49
msg_1799,node49,node35,321,1737737,1737749.0,12.0,,,,7.83755868544601,,49,,10.75,0,7.83755868544601,748,28,50,49
msg_1800,node49,node36,321,1737737,1737749.0,12.0,,,,7.841463414634147,,49,,11.083333333333334,0,7.841463414634147,747,27,50,49
msg_1801,node49,node37,321,1737737,1737749.0,12.0,,,,7.845360824742268,,49,,11.333333333333334,0,7.845360824742268,746,26,50,49
msg_1802,node49,node38,321,1737737,,,,,,7.888384754990925,,49,,,0,7.888384754990925,760,20,50,49
msg_1803,node49,node39,321,1737737,,,,,,7.888384754990925,,49,,,0,7.888384754990925,760,20,50,49
msg_1804,node49,node40,321,1737737,1737750.0,13.0,,,,7.849250936329588,,49,,11.75,0,7.849250936329588,745,25,50,49
msg_1805,node49,node41,321,1737737,1737750.0,13.0,,,,7.8540692235734335,,49,,11.916666666666666,0,7.8540692235734335,744,24,50,49
msg_1806,node49,node42,321,1737737,,,,,,7.888384754990925,,49,,,0,7.888384754990925,760,20,50,49
msg_1807,node49,node43,321,1737737,,,,,,7.888384754990925,,49,,,0,7.888384754990925,760,20,50,49
msg_1808,node49,node44,321,1737737,1737750.0,13.0,,,,7.858878504672897,,49,,12.38888888888889,0,7.858878504672897,743,23,50,49
msg_1809,node49,node45,321,1737737,1737751.0,14.0,,,,7.863678804855275,,49,,12.777777777777779,0,7.863678804855275,742,22,50,49
msg_1810,node49,node46,321,1737737,1737751.0,14.0,,,,7.869402985074627,,49,,12.916666666666666,0,7.869402985074627,741,21,50,49
msg_1811,node49,node47,321,1737737,,,,,,7.888384754990925,,49,,,0,7.888384754990925,760,20,50,49
msg_1812,node49,node48,321,1737737,,,,,,7.888384754990925,,49,,,0,7.888384754990925,760,20,50,49
msg_1813,node49,node0,320,1786514,1786517.0,3.0,,,,7.875116495806151,,49,,2.4864864864864864,0,7.875116495806151,789,49,50,49
msg_1814,node49,node1,320,1786514,1786517.0,3.0,,,,7.870577281191807,,49,,2.675675675675676,0,7.870577281191807,788,48,50,49
msg_1815,node49,node2,320,1786514,1786518.0,4.0,,,,7.866046511627907,,49,,3.4324324324324325,0,7.866046511627907,787,47,50,49
msg_1816,node49,node3,320,1786514,1786518.0,4.0,,,,7.862453531598513,,49,,3.675675675675676,0,7.862453531598513,786,46,50,49
msg_1817,node49,node4,320,1786514,,,,,,7.888384754990925,,49,,,0,7.888384754990925,760,20,50,49
msg_1818,node49,node5,320,1786514,,,,,,7.888384754990925,,49,,,0,7.888384754990925,760,20,50,49
msg_1819,node49,node6,320,1786514,1786519.0,5.0,,,,7.852641334569046,,49,,4.54054054054054,0,7.852641334569046,783,43,50,49
msg_1820,node49,node7,320,1786514,1786520.0,6.0,,,,7.85,,49,,4.945945945945946,0,7.85,782,42,50,49
msg_1821,node49,node8,320,1786514,1786520.0,6.0,,,,7.848288621646623,,49,,5.54054054054054,0,7.848288621646623,781,41,50,49
msg_1822,node49,node9,320,1786514,1786520.0,6.0,,,,7.846580406654343,,49,,5.621621621621622,0,7.846580406654343,780,40,50,49
msg_1823,node49,node10,321,1786514,1786518.0,4.0,,,,7.858867223769731,,49,,3.6216216216216215,0,7.858867223769731,785,45,50,49
msg_1824,node49,node11,321,1786514,,,,,,7.888384754990925,,49,,,0,7.888384754990925,760,20,50,49
msg_1825,node49,node12,321,1786514,,,,,,7.888384754990925,,49,,,0,7.888384754990925,760,20,50,49
msg_1826,node49,node13,321,1786514,1786521.0,7.0,,,,7.8448753462603875,,49,,6.297297297297297,0,7.8448753462603875,779,39,50,49
msg_1827,node49,node14,321,1786514,1786519.0,5.0,,,,7.855287569573284,,49,,4.918918918918919,0,7.855287569573284,784,44,50,49
msg_1828,node49,node15,321,1786514,1786522.0,8.0,,,,7.84331797235023,,49,,7.378378378378378,0,7.84331797235023,777,37,50,49
msg_1829,node49,node16,321,1786514,,,,,,7.888384754990925,,49,,,0,7.888384754990925,760,20,50,49
msg_1830,node49,node17,321,1786514,1786522.0,8.0,,,,7.843462246777164,,49,,7.864864864864865,0,7.843462246777164,776,36,50,49
msg_1831,node49,node18,321,1786514,,,,,,7.888384754990925,,49,,,0,7.888384754990925,760,20,50,49
msg_1832,node49,node19,321,1786514,,,,,,7.888384754990925,,49,,,0,7.888384754990925,760,20,50,49
msg_1833,node49,node20,321,1786514,1786522.0,8.0,,,,7.84360625574977,,49,,8.135135135135135,0,7.84360625574977,775,35,50,49
msg_1834,node49,node21,321,1786514,1786521.0,7.0,,,,7.844095940959409,,49,,6.756756756756757,0,7.844095940959409,778,38,50,49
msg_1835,node49,node22,321,1786514,,,,,,7.888384754990925,,49,,,0,7.888384754990925,760,20,50,49
msg_1836,node49,node23,321,1786514,,,,,,7.888384754990925,,49,,,0,7.888384754990925,760,20,50,49
msg_1837,node49,node24,321,1786514,1786523.0,9.0,,,,7.84375,,49,,9.108108108108109,0,7.84375,774,34,50,49
msg_1838,node49,node25,321,1786514,1786525.0,11.0,,,,7.846929422548121,,49,,9.243243243243244,0,7.846929422548121,771,31,50,49
msg_1839,node49,node26,321,1786514,,,,,,7.888384754990925,,49,,,0,7.888384754990925,760,20,50,49
msg_1840,node49,node27,321,1786514,1786525.0,11.0,,,,7.8498168498168495,,49,,9.45945945945946,0,7.8498168498168495,770,30,50,49
msg_1841,node49,node28,321,1786514,,,,,,7.888384754990925,,49,,,0,7.888384754990925,760,20,50,49
msg_1842,node49,node29,321,1786514,,,,,,7.888384754990925,,49,,,0,7.888384754990925,760,20,50,49
msg_1843,node49,node30,321,1786514,,,,,,7.888384754990925,,49,,,0,7.888384754990925,760,20,50,49
msg_1844,node49,node31,321,1786514,1786523.0,9.0,,,,7.844811753902663,,49,,8.243243243243244,0,7.844811753902663,773,33,50,49
msg_1845,node49,node32,321,1786514,1786523.0,9.0,,,,7.845871559633028,,49,,8.837837837837839,0,7.845871559633028,772,32,50,49
msg_1846,node49,node33,321,1786514,1786525.0,11.0,,,,7.852698993595609,,49,,10.45945945945946,0,7.852698993595609,769,29,50,49
msg_1847,node49,node34,321,1786514,,,,,,7.888384754990925,,49,,,0,7.888384754990925,760,20,50,49
msg_1848,node49,node35,321,1786514,1786525.0,11.0,,,,7.855575868372943,,49,,10.783783783783784,0,7.855575868372943,768,28,50,49
msg_1849,node49,node36,321,1786514,1786526.0,12.0,,,,7.858447488584475,,49,,11.108108108108109,0,7.858447488584475,767,27,50,49
msg_1850,node49,node37,321,1786514,1786526.0,12.0,,,,7.862226277372263,,49,,11.35135135135135,0,7.862226277372263,766,26,50,49
msg_1851,node49,node38,321,1786514,,,,,,7.888384754990925,,49,,,0,7.888384754990925,760,20,50,49
msg_1852,node49,node39,321,1786514,,,,,,7.888384754990925,,49,,,0,7.888384754990925,760,20,50,49
msg_1853,node49,node40,321,1786514,1786526.0,12.0,,,,7.8659981768459435,,49,,11.783783783783784,0,7.8659981768459435,765,25,50,49
msg_1854,node49,node41,321,1786514,1786527.0,13.0,,,,7.86976320582878,,49,,11.945945945945946,0,7.86976320582878,764,24,50,49
msg_1855,node49,node42,321,1786514,,,,,,7.888384754990925,,49,,,0,7.888384754990925,760,20,50,49
msg_1856,node49,node43,321,1786514,,,,,,7.888384754990925,,49,,,0,7.888384754990925,760,20,50,49
msg_1857,node49,node44,321,1786514,1786527.0,13.0,,,,7.874431301182893,,49,,12.405405405405405,0,7.874431301182893,763,23,50,49
msg_1858,node49,node45,321,1786514,1786527.0,13.0,,,,7.879090909090909,,49,,12.81081081081081,0,7.879090909090909,762,22,50,49
msg_1859,node49,node46,321,1786514,1786527.0,13.0,,,,7.883742052679382,,49,,12.945945945945946,0,7.883742052679382,761,21,50,49
msg_1860,node49,node47,321,1786514,,,,,,7.888384754990925,,49,,,0,7.888384754990925,760,20,50,49
msg_1861,node49,node48,321,1786514,,,,,,7.888384754990925,,49,,,0,7.888384754990925,760,20,50,49
