msg_id,sender,receiver,payload_size_B,time_send_ms,time_receive_ms,actual_delay_ms,online_predicted_delay_ms,cluster_predicted_delay_ms,weighted_predicted_delay_ms,sender_average_outgoing_delay_ms,sender_average_incoming_delay_ms,sender_num_messages_sent_simultaneously,receiver_average_outgoing_delay_ms,receiver_average_incoming_delay_ms,receiver_num_messages_sent_simultaneously,network_average_delay_ms,network_num_messages_in_transit,network_num_busy_links,network_num_network_nodes,network_num_messages_sent_simultaneously
msg_0,node0,node1,315,1000,1000.0,0.0,,,,,,1,,,0,,1,1,2,1
msg_1,node0,node2,315,6000,6000.0,0.0,,,,0.0,,1,,,0,0.0,1,1,3,1
msg_2,node0,node3,315,11000,11000.0,0.0,,,,0.0,,1,,,0,0.0,2,2,4,2
msg_3,node1,node0,315,11000,11059.0,59.0,,,,,0.0,1,0.0,,1,0.0,1,1,4,2
msg_4,node0,node4,315,16000,,,,,,1.0344827586206897,1925.3703703703704,1,1002.6842105263158,2131.9411764705883,0,2085.1236872812137,797,797,50,2
msg_5,node1,node2,315,16000,16053.0,53.0,,,,59.0,0.0,1,,0.0,0,14.75,2,2,5,2
msg_6,node0,node5,315,21000,,,,,,1.0344827586206897,1925.3703703703704,1,971.578947368421,1898.5,0,2085.1236872812137,797,797,50,3
msg_7,node1,node3,315,21000,21109.0,109.0,,,,56.0,0.0,1,,0.0,0,36.333333333333336,3,3,6,3
msg_8,node2,node0,315,21000,21106.0,106.0,,,,,26.5,1,0.0,59.0,1,22.4,4,4,6,3
msg_9,node0,node6,315,26000,26001.0,1.0,,,,0.0,82.5,1,,,0,46.714285714285715,5,5,7,3
msg_10,node1,node4,315,26000,,,,,,946.6551724137931,1648.576923076923,1,1002.6842105263158,2131.9411764705883,0,2085.1236872812137,797,797,50,3
msg_11,node2,node1,315,26000,28068.0,2068.0,,,,106.0,26.5,1,73.66666666666667,0.0,1,41.0,4,4,7,3
msg_12,node0,node7,315,31000,31001.0,1.0,,,,0.25,82.5,1,,,0,266.22222222222223,7,7,8,4
msg_13,node1,node5,315,31000,,,,,,946.6551724137931,1648.576923076923,1,971.578947368421,1898.5,0,2085.1236872812137,797,797,50,4
msg_14,node2,node3,315,31000,33068.0,2068.0,,,,1087.0,26.5,1,2067.0,54.5,1,405.8181818181818,5,5,8,4
msg_15,node3,node0,315,31000,33067.0,2067.0,,,,,54.5,1,0.4,82.5,1,239.7,6,6,8,4
msg_16,node0,node8,315,36000,36000.0,0.0,,,,0.4,744.0,1,,,0,544.3333333333334,8,8,9,4
msg_17,node1,node6,315,36000,36130.0,130.0,,,,73.66666666666667,730.6666666666666,1,,1.0,0,475.42857142857144,6,6,9,4
msg_18,node2,node4,315,36000,,,,,,1090.7931034482758,1877.4615384615386,1,1002.6842105263158,2131.9411764705883,0,2085.1236872812137,797,797,50,4
msg_19,node3,node1,315,36000,36124.0,124.0,,,,2067.0,725.6666666666666,1,73.66666666666667,1034.0,1,502.46153846153845,7,7,9,4
msg_20,node0,node9,315,41000,41001.0,1.0,,,,0.3333333333333333,744.0,1,,,0,452.4,10,10,10,5
msg_21,node1,node7,315,41000,42134.0,1134.0,,,,87.75,730.6666666666666,1,,1.0,0,465.5882352941176,8,8,10,5
msg_22,node2,node5,315,41000,,,,,,1090.7931034482758,1877.4615384615386,1,971.578947368421,1898.5,0,2085.1236872812137,797,797,50,5
msg_23,node3,node2,315,41000,42128.0,1128.0,,,,1095.5,725.6666666666666,1,1414.0,26.5,1,424.1875,9,9,10,5
msg_24,node4,node0,315,41000,,,,,,1002.6842105263158,2131.9411764705883,1,1.0344827586206897,1925.3703703703704,1,2085.1236872812137,797,797,50,5
msg_25,node0,node10,316,46000,46002.0,2.0,,,,0.42857142857142855,744.0,1,,,0,502.72222222222223,12,12,11,5
msg_26,node1,node8,315,46000,47152.0,1152.0,,,,297.0,730.6666666666666,1,,0.0,0,510.0,10,10,11,5
msg_27,node2,node6,315,46000,47149.0,1149.0,,,,1414.0,393.6666666666667,1,,65.5,0,476.36842105263156,11,11,11,5
msg_28,node3,node4,315,46000,,,,,,1104.8620689655172,1784.0,1,1002.6842105263158,2131.9411764705883,1,2085.1236872812137,797,797,50,5
msg_29,node4,node1,315,46000,,,,,,1002.6842105263158,2131.9411764705883,1,946.6551724137931,1648.576923076923,1,2085.1236872812137,797,797,50,5
msg_30,node0,node11,317,51000,,,,,,1.0344827586206897,1925.3703703703704,1,1239.842105263158,2232.733333333333,0,2085.1236872812137,797,797,50,6
msg_31,node1,node9,315,51000,52129.0,1129.0,,,,439.5,730.6666666666666,1,,1.0,0,567.2727272727273,14,14,12,6
msg_32,node2,node7,315,51000,52128.0,1128.0,,,,1347.75,393.6666666666667,1,,567.5,0,540.5714285714286,15,15,12,6
msg_33,node3,node5,315,51000,,,,,,1104.8620689655172,1784.0,1,971.578947368421,1898.5,1,2085.1236872812137,797,797,50,6
msg_34,node4,node2,315,51000,,,,,,1002.6842105263158,2131.9411764705883,1,1090.7931034482758,1877.4615384615386,1,2085.1236872812137,797,797,50,6
msg_35,node5,node0,315,51000,,,,,,971.578947368421,1898.5,1,1.0344827586206897,1925.3703703703704,1,2085.1236872812137,797,797,50,6
msg_36,node0,node12,317,56000,,,,,,1.0344827586206897,1925.3703703703704,1,1456.3157894736842,1762.2,0,2085.1236872812137,797,797,50,6
msg_37,node1,node10,316,56000,58069.0,2069.0,,,,538.0,730.6666666666666,1,,2.0,0,709.72,17,17,13,6
msg_38,node2,node8,315,56000,58067.0,2067.0,,,,1303.8,393.6666666666667,1,,576.0,0,591.695652173913,19,19,13,6
msg_39,node3,node6,315,56000,58067.0,2067.0,,,,1106.3333333333333,725.6666666666666,1,,426.6666666666667,0,591.695652173913,19,19,13,6
msg_40,node4,node3,315,56000,,,,,,1002.6842105263158,2131.9411764705883,1,1104.8620689655172,1784.0,1,2085.1236872812137,797,797,50,6
msg_41,node5,node1,315,56000,,,,,,971.578947368421,1898.5,1,946.6551724137931,1648.576923076923,1,2085.1236872812137,797,797,50,6
msg_42,node0,node13,317,61000,61001.0,1.0,,,,0.625,744.0,1,,,0,762.0,23,23,14,7
msg_43,node1,node11,317,61000,,,,,,946.6551724137931,1648.576923076923,1,1239.842105263158,2232.733333333333,0,2085.1236872812137,797,797,50,7
msg_44,node2,node9,315,61000,62065.0,1065.0,,,,1431.0,393.6666666666667,1,,565.0,0,756.551724137931,20,20,14,7
msg_45,node3,node7,315,61000,62065.0,1065.0,,,,1346.5,725.6666666666666,1,,754.3333333333334,0,766.8333333333334,19,19,14,7
msg_46,node4,node5,315,61000,62064.0,1064.0,,,,,,1,,,1,745.5714285714286,21,21,14,7
msg_47,node5,node2,315,61000,,,,,,971.578947368421,1898.5,1,1090.7931034482758,1877.4615384615386,1,2085.1236872812137,797,797,50,7
msg_48,node6,node0,315,61000,62063.0,1063.0,,,,,836.75,1,0.6666666666666666,744.0,1,733.8148148148148,22,22,14,7
msg_49,node0,node14,317,66000,66002.0,2.0,,,,0.6666666666666666,823.75,1,,,0,776.4516129032259,25,25,15,7
msg_50,node1,node12,317,66000,,,,,,946.6551724137931,1648.576923076923,1,1456.3157894736842,1762.2,0,2085.1236872812137,797,797,50,7
msg_51,node2,node10,316,66000,68072.0,2072.0,,,,1378.7142857142858,393.6666666666667,1,,1035.5,0,829.7058823529412,22,22,15,7
msg_52,node3,node8,315,66000,68070.0,2070.0,,,,1290.2,725.6666666666666,1,,1073.0,0,752.25,24,24,15,7
msg_53,node4,node6,315,66000,,,,,,1002.6842105263158,2131.9411764705883,1,1002.6896551724138,2002.56,1,2085.1236872812137,797,797,50,7
msg_54,node5,node3,315,66000,,,,,,971.578947368421,1898.5,1,1104.8620689655172,1784.0,1,2085.1236872812137,797,797,50,7
msg_55,node6,node1,315,66000,68068.0,2068.0,,,,1063.0,836.75,1,729.375,730.6666666666666,1,752.25,24,24,15,7
msg_56,node0,node15,317,71000,71001.0,1.0,,,,0.8,823.75,1,,,0,865.2,29,29,16,8
msg_57,node1,node13,317,71000,73068.0,2068.0,,,,729.375,1065.0,1,,1.0,0,963.55,24,24,16,8
msg_58,node2,node11,317,71000,,,,,,1090.7931034482758,1877.4615384615386,1,1239.842105263158,2232.733333333333,0,2085.1236872812137,797,797,50,8
msg_59,node3,node9,315,71000,73067.0,2067.0,,,,1420.1666666666667,725.6666666666666,1,,731.6666666666666,0,935.2564102564103,25,25,16,8
msg_60,node4,node7,315,71000,,,,,,1002.6842105263158,2131.9411764705883,1,1248.896551724138,1915.16,1,2085.1236872812137,797,797,50,8
msg_61,node5,node4,315,71000,73065.0,2065.0,,,,,1064.0,1,1064.0,,1,905.5263157894736,26,26,16,8
msg_62,node6,node2,315,71000,73064.0,2064.0,,,,1565.5,836.75,1,1465.375,393.6666666666667,1,874.2162162162163,27,27,16,8
msg_63,node7,node0,315,71000,73063.0,2063.0,,,,,832.0,1,0.8181818181818182,823.75,1,841.1944444444445,28,28,16,8
msg_64,node0,node16,317,76000,,,,,,1.0344827586206897,1925.3703703703704,1,1938.5263157894738,2457.3846153846152,0,2085.1236872812137,797,797,50,8
msg_65,node1,node14,317,76000,77144.0,1144.0,,,,878.1111111111111,1079.8,1,,2.0,0,1000.7272727272727,28,28,17,8
msg_66,node2,node12,317,76000,,,,,,1090.7931034482758,1877.4615384615386,1,1456.3157894736842,1762.2,0,2085.1236872812137,797,797,50,8
msg_67,node3,node10,316,76000,77143.0,1143.0,,,,1512.5714285714287,829.25,1,,1381.0,0,997.4186046511628,29,29,17,8
msg_68,node4,node8,315,76000,,,,,,1002.6842105263158,2131.9411764705883,1,1135.551724137931,1850.84,0,2085.1236872812137,797,797,50,8
msg_69,node5,node6,315,76000,,,,,,971.578947368421,1898.5,1,1002.6896551724138,2002.56,1,2085.1236872812137,797,797,50,8
msg_70,node6,node3,315,76000,77140.0,1140.0,,,,1731.6666666666667,836.75,1,1512.5714285714287,725.6666666666666,1,994.0238095238095,30,30,17,8
msg_71,node7,node1,315,76000,77139.0,1139.0,,,,2063.0,832.0,1,878.1111111111111,1065.0,1,990.4878048780488,31,31,17,8
msg_72,node0,node17,317,81000,81000.0,0.0,,,,0.8181818181818182,1071.6,1,,,0,1003.9111111111112,36,36,18,9
msg_73,node1,node15,317,81000,83073.0,2073.0,,,,904.7,1079.8,1,,1.0,0,1027.3125,33,33,18,9
msg_74,node2,node13,317,81000,83073.0,2073.0,,,,1465.375,1062.6,1,,1034.5,0,1048.6530612244899,32,32,18,9
msg_75,node3,node11,317,81000,,,,,,1104.8620689655172,1784.0,1,1239.842105263158,2232.733333333333,0,2085.1236872812137,797,797,50,9
msg_76,node4,node9,315,81000,,,,,,1002.6842105263158,2131.9411764705883,1,1197.2068965517242,2090.125,0,2085.1236872812137,797,797,50,9
msg_77,node5,node7,315,81000,,,,,,971.578947368421,1898.5,1,1248.896551724138,1915.16,1,2085.1236872812137,797,797,50,9
msg_78,node6,node4,315,81000,,,,,,1002.6896551724138,2002.56,1,1002.6842105263158,2131.9411764705883,1,2085.1236872812137,797,797,50,9
msg_79,node7,node2,315,81000,83068.0,2068.0,,,,1601.0,832.0,1,1465.375,811.25,1,1005.1702127659574,34,34,18,9
msg_80,node8,node0,315,81000,83067.0,2067.0,,,,,1322.25,1,0.75,1071.6,1,982.0869565217391,35,35,18,9
msg_81,node0,node18,317,86000,,,,,,1.0344827586206897,1925.3703703703704,1,1991.578947368421,2374.153846153846,0,2085.1236872812137,797,797,50,9
msg_82,node1,node16,317,86000,,,,,,946.6551724137931,1648.576923076923,1,1938.5263157894738,2457.3846153846152,0,2085.1236872812137,797,797,50,9
msg_83,node2,node14,317,86000,86092.0,92.0,,,,1532.888888888889,1062.6,1,,573.0,0,1031.3461538461538,38,38,19,9
msg_84,node3,node12,317,86000,,,,,,1104.8620689655172,1784.0,1,1456.3157894736842,1762.2,0,2085.1236872812137,797,797,50,9
msg_85,node4,node10,316,86000,,,,,,1002.6842105263158,2131.9411764705883,1,1290.8275862068965,1922.1666666666667,0,2085.1236872812137,797,797,50,9
msg_86,node5,node8,315,86000,,,,,,971.578947368421,1898.5,1,1135.551724137931,1850.84,1,2085.1236872812137,797,797,50,9
msg_87,node6,node5,315,86000,,,,,,1002.6896551724138,2002.56,1,971.578947368421,1898.5,1,2085.1236872812137,797,797,50,9
msg_88,node7,node3,315,86000,86087.0,87.0,,,,1756.6666666666667,832.0,1,1466.375,829.25,1,1049.862745098039,39,39,19,9
msg_89,node8,node1,315,86000,86086.0,86.0,,,,2067.0,1322.25,1,1010.9090909090909,1079.8,1,1069.14,40,40,19,9
msg_90,node0,node19,317,91000,,,,,,1.0344827586206897,1925.3703703703704,1,2462.157894736842,2360.0,0,2085.1236872812137,797,797,50,10
msg_91,node1,node17,317,91000,91142.0,142.0,,,,1010.9090909090909,914.1666666666666,1,,0.0,0,924.5084745762712,41,41,20,10
msg_92,node2,node15,317,91000,91139.0,139.0,,,,1388.8,908.1666666666666,1,,1037.0,0,952.0701754385965,43,43,20,10
msg_93,node3,node13,317,91000,91139.0,139.0,,,,1466.375,680.8,1,,1380.6666666666667,0,952.0701754385965,43,43,20,10
msg_94,node4,node11,317,91000,91138.0,138.0,,,,1064.0,2065.0,1,,,0,966.6071428571429,44,44,20,10
msg_95,node5,node9,315,91000,,,,,,971.578947368421,1898.5,1,1197.2068965517242,2090.125,1,2085.1236872812137,797,797,50,10
msg_96,node6,node7,315,91000,91137.0,137.0,,,,1583.75,836.75,1,1339.25,832.0,1,981.6909090909091,45,45,20,10
msg_97,node7,node4,315,91000,,,,,,1248.896551724138,1915.16,1,1002.6842105263158,2131.9411764705883,1,2085.1236872812137,797,797,50,10
msg_98,node8,node2,315,91000,91136.0,136.0,,,,1076.5,1322.25,1,1388.8,1062.6,1,997.3518518518518,46,46,20,10
msg_99,node9,node0,315,91000,91135.0,135.0,,,,,1065.5,1,0.75,1237.5,1,1013.622641509434,47,47,20,10
msg_100,node0,node20,317,96000,96001.0,1.0,,,,0.75,1080.0,1,,,0,911.4666666666667,50,50,21,10
msg_101,node1,node18,317,96000,,,,,,946.6551724137931,1648.576923076923,1,1991.578947368421,2374.153846153846,0,2085.1236872812137,797,797,50,10
msg_102,node2,node16,317,96000,,,,,,1090.7931034482758,1877.4615384615386,1,1938.5263157894738,2457.3846153846152,0,2085.1236872812137,797,797,50,10
msg_103,node3,node14,317,96000,96122.0,122.0,,,,1318.888888888889,587.0,1,,412.6666666666667,0,848.6769230769231,45,45,21,10
msg_104,node4,node12,317,96000,96121.0,121.0,,,,601.0,2065.0,1,,,0,871.8095238095239,47,47,21,10
msg_105,node5,node10,316,96000,,,,,,971.578947368421,1898.5,1,1290.8275862068965,1922.1666666666667,0,2085.1236872812137,797,797,50,10
msg_106,node6,node8,315,96000,96119.0,119.0,,,,1294.4,836.75,1,601.75,1322.25,1,871.8095238095239,47,47,21,10
msg_107,node7,node5,315,96000,,,,,,1248.896551724138,1915.16,1,971.578947368421,1898.5,1,2085.1236872812137,797,797,50,10
msg_108,node8,node3,315,96000,96118.0,118.0,,,,763.0,1322.25,1,1318.888888888889,680.8,1,883.9677419354839,48,48,21,10
msg_109,node9,node1,315,96000,96117.0,117.0,,,,135.0,1065.5,1,938.5,914.1666666666666,1,896.5409836065573,49,49,21,10
msg_110,node0,node21,317,101000,101002.0,2.0,,,,0.7692307692307693,1080.0,1,,,0,837.6666666666666,55,55,22,11
msg_111,node1,node19,317,101000,,,,,,946.6551724137931,1648.576923076923,1,2462.157894736842,2360.0,0,2085.1236872812137,797,797,50,11
msg_112,node2,node17,317,101000,103070.0,2070.0,,,,1275.1818181818182,1073.5714285714287,1,,71.0,0,911.4722222222222,49,49,22,11
msg_113,node3,node15,317,101000,103070.0,2070.0,,,,1199.2,587.0,1,,737.6666666666666,0,911.4722222222222,49,49,22,11
msg_114,node4,node13,317,101000,,,,,,1002.6842105263158,2131.9411764705883,1,1417.1379310344828,1970.4782608695652,0,2085.1236872812137,797,797,50,11
msg_115,node5,node11,317,101000,103069.0,2069.0,,,,2065.0,1064.0,1,,138.0,0,878.4142857142857,51,51,22,11
msg_116,node6,node9,315,101000,103068.0,2068.0,,,,1098.5,836.75,1,772.6666666666666,1065.5,1,861.1739130434783,52,52,22,11
msg_117,node7,node6,315,101000,103068.0,2068.0,,,,1339.25,693.0,1,1237.0,836.75,1,878.4142857142857,51,51,22,11
msg_118,node8,node4,315,101000,,,,,,1135.551724137931,1850.84,1,1002.6842105263158,2131.9411764705883,1,2085.1236872812137,797,797,50,11
msg_119,node9,node2,315,101000,103066.0,2066.0,,,,126.0,1065.5,1,1275.1818181818182,908.1666666666666,1,825.1940298507462,54,54,22,11
msg_120,node10,node0,317,101000,103067.0,2067.0,,,,,1321.5,1,0.8571428571428571,1080.0,1,843.4411764705883,53,53,22,11
msg_121,node0,node22,317,106000,,,,,,1.0344827586206897,1925.3703703703704,1,2809.777777777778,2560.6153846153848,0,2085.1236872812137,797,797,50,11
msg_122,node1,node20,317,106000,106168.0,168.0,,,,938.5,719.625,1,,1.0,0,893.0253164556962,53,53,23,11
msg_123,node2,node18,317,106000,,,,,,1090.7931034482758,1877.4615384615386,1,1991.578947368421,2374.153846153846,0,2085.1236872812137,797,797,50,11
msg_124,node3,node16,317,106000,,,,,,1104.8620689655172,1784.0,1,1938.5263157894738,2457.3846153846152,0,2085.1236872812137,797,797,50,11
msg_125,node4,node14,317,106000,,,,,,1002.6842105263158,2131.9411764705883,1,1546.7241379310344,1966.4782608695652,0,2085.1236872812137,797,797,50,11
msg_126,node5,node12,317,106000,106159.0,159.0,,,,2067.0,1064.0,1,,121.0,0,902.4358974358975,54,54,23,11
msg_127,node6,node10,316,106000,106159.0,159.0,,,,1237.0,1083.0,1,1111.0,1321.5,1,912.0909090909091,55,55,23,11
msg_128,node7,node8,315,106000,106156.0,156.0,,,,1485.0,693.0,1,601.75,1081.6,1,922.0394736842105,56,56,23,11
msg_129,node8,node5,315,106000,,,,,,1135.551724137931,1850.84,1,971.578947368421,1898.5,1,2085.1236872812137,797,797,50,11
msg_130,node9,node3,315,106000,106154.0,154.0,,,,772.6666666666666,1266.0,1,1278.3636363636363,587.0,1,942.7837837837837,58,58,23,11
msg_131,node10,node1,317,106000,106155.0,155.0,,,,2067.0,1321.5,1,938.5,800.2857142857143,1,932.2666666666667,57,57,23,11
msg_132,node0,node23,317,111000,,,,,,1.0344827586206897,1925.3703703703704,1,2988.529411764706,2423.75,0,2085.1236872812137,797,797,50,12
msg_133,node1,node21,317,111000,113079.0,2079.0,,,,879.2307692307693,719.625,1,,2.0,0,940.6309523809524,60,60,24,12
msg_134,node2,node19,317,111000,,,,,,1090.7931034482758,1877.4615384615386,1,2462.157894736842,2360.0,0,2085.1236872812137,797,797,50,12
msg_135,node3,node17,317,111000,113077.0,2077.0,,,,1278.3636363636363,525.1428571428571,1,,737.3333333333334,0,926.9397590361446,61,61,24,12
msg_136,node4,node15,317,111000,,,,,,1002.6842105263158,2131.9411764705883,1,1727.0689655172414,2069.478260869565,0,2085.1236872812137,797,797,50,12
msg_137,node5,node13,317,111000,,,,,,971.578947368421,1898.5,1,1417.1379310344828,1970.4782608695652,0,2085.1236872812137,797,797,50,12
msg_138,node6,node11,317,111000,,,,,,1002.6896551724138,2002.56,1,1239.842105263158,2232.733333333333,1,2085.1236872812137,797,797,50,12
msg_139,node7,node9,315,111000,113074.0,2074.0,,,,1263.5,693.0,1,618.0,1266.0,1,912.9512195121952,62,62,24,12
msg_140,node8,node6,315,111000,113073.0,2073.0,,,,601.75,927.3333333333334,1,1102.25,1083.0,1,898.6296296296297,63,63,24,12
msg_141,node9,node4,315,111000,,,,,,1197.2068965517242,2090.125,1,1002.6842105263158,2131.9411764705883,1,2085.1236872812137,797,797,50,12
msg_142,node10,node2,317,111000,113072.0,2072.0,,,,1111.0,1089.0,1,1341.4166666666667,1073.5714285714287,1,883.9625,64,64,24,12
msg_143,node11,node0,317,111000,,,,,,1239.842105263158,2232.733333333333,1,1.0344827586206897,1925.3703703703704,1,2085.1236872812137,797,797,50,12
msg_144,node0,node24,317,116000,116001.0,1.0,,,,0.8571428571428571,1203.375,1,,,0,954.0235294117647,71,71,25,12
msg_145,node1,node22,317,116000,,,,,,946.6551724137931,1648.576923076923,1,2809.777777777778,2560.6153846153848,0,2085.1236872812137,797,797,50,12
msg_146,node2,node20,317,116000,118080.0,2080.0,,,,1341.4166666666667,1198.375,1,,84.5,0,993.3111111111111,66,66,25,12
msg_147,node3,node18,317,116000,,,,,,1104.8620689655172,1784.0,1,1991.578947368421,2374.153846153846,0,2085.1236872812137,797,797,50,12
msg_148,node4,node16,317,116000,118078.0,2078.0,,,,441.0,2065.0,1,,,0,981.123595505618,67,67,25,12
msg_149,node5,node14,317,116000,,,,,,971.578947368421,1898.5,1,1546.7241379310344,1966.4782608695652,0,2085.1236872812137,797,797,50,12
msg_150,node6,node12,317,116000,,,,,,1002.6896551724138,2002.56,1,1456.3157894736842,1762.2,0,2085.1236872812137,797,797,50,12
msg_151,node7,node10,316,116000,118077.0,2077.0,,,,1379.2857142857142,923.3333333333334,1,1592.25,1089.0,1,968.6704545454545,68,68,25,12
msg_152,node8,node7,315,116000,118075.0,2075.0,,,,896.0,927.3333333333334,1,1379.2857142857142,693.0,1,942.9418604651163,70,70,25,12
msg_153,node9,node5,315,116000,,,,,,1197.2068965517242,2090.125,1,971.578947368421,1898.5,1,2085.1236872812137,797,797,50,12
msg_154,node10,node3,317,116000,118075.0,2075.0,,,,1431.3333333333333,1089.0,1,1344.9166666666667,525.1428571428571,1,942.9418604651163,70,70,25,12
msg_155,node11,node1,317,116000,,,,,,1239.842105263158,2232.733333333333,1,946.6551724137931,1648.576923076923,1,2085.1236872812137,797,797,50,12
msg_156,node0,node25,317,121000,121001.0,1.0,,,,0.8666666666666667,1203.375,1,,,0,1005.2527472527472,78,78,26,13
msg_157,node1,node23,317,121000,,,,,,946.6551724137931,1648.576923076923,1,2988.529411764706,2423.75,0,2085.1236872812137,797,797,50,13
msg_158,node2,node21,317,121000,122097.0,1097.0,,,,1398.2307692307693,1198.375,1,,1040.5,0,997.3578947368421,74,74,26,13
msg_159,node3,node19,317,121000,,,,,,1104.8620689655172,1784.0,1,2462.157894736842,2360.0,0,2085.1236872812137,797,797,50,13
msg_160,node4,node17,317,121000,,,,,,1002.6842105263158,2131.9411764705883,1,1945.3103448275863,2173.1363636363635,0,2085.1236872812137,797,797,50,13
msg_161,node5,node15,317,121000,,,,,,971.578947368421,1898.5,1,1727.0689655172414,2069.478260869565,0,2085.1236872812137,797,797,50,13
msg_162,node6,node13,317,121000,122091.0,1091.0,,,,1102.25,1225.2857142857142,1,,1070.25,0,996.3617021276596,75,75,26,13
msg_163,node7,node11,317,121000,,,,,,1248.896551724138,1915.16,1,1239.842105263158,2232.733333333333,1,2085.1236872812137,797,797,50,13
msg_164,node8,node9,315,121000,122090.0,1090.0,,,,1092.5,927.3333333333334,1,712.2,1400.6666666666667,1,995.3548387096774,76,76,26,13
msg_165,node9,node6,315,121000,122089.0,1089.0,,,,618.0,1400.6666666666667,1,1102.25,1248.0,1,994.3369565217391,77,77,26,13
msg_166,node10,node4,317,121000,,,,,,1290.8275862068965,1922.1666666666667,1,1002.6842105263158,2131.9411764705883,1,2085.1236872812137,797,797,50,13
msg_167,node11,node2,317,121000,,,,,,1239.842105263158,2232.733333333333,1,1090.7931034482758,1877.4615384615386,1,2085.1236872812137,797,797,50,13
msg_168,node12,node0,317,121000,,,,,,1456.3157894736842,1762.2,1,1.0344827586206897,1925.3703703703704,1,2085.1236872812137,797,797,50,13
msg_169,node0,node26,317,126000,,,,,,1.0344827586206897,1925.3703703703704,1,3263.6666666666665,2337.6666666666665,0,2085.1236872812137,797,797,50,13
msg_170,node1,node24,317,126000,126156.0,156.0,,,,964.9285714285714,719.625,1,,1.0,0,948.2647058823529,80,80,27,13
msg_171,node2,node22,317,126000,,,,,,1090.7931034482758,1877.4615384615386,1,2809.777777777778,2560.6153846153848,0,2085.1236872812137,797,797,50,13
msg_172,node3,node20,317,126000,126151.0,151.0,,,,1344.9166666666667,718.875,1,,749.6666666666666,0,956.1584158415842,81,81,27,13
msg_173,node4,node18,317,126000,126149.0,149.0,,,,850.25,2065.0,1,,,0,964.23,82,82,27,13
msg_174,node5,node16,317,126000,126148.0,148.0,,,,1431.0,1064.0,1,,2078.0,0,972.4747474747475,83,83,27,13
msg_175,node6,node14,317,126000,126148.0,148.0,,,,1101.0,1225.2857142857142,1,,340.0,0,980.8877551020408,84,84,27,13
msg_176,node7,node12,317,126000,,,,,,1248.896551724138,1915.16,1,1456.3157894736842,1762.2,1,2085.1236872812137,797,797,50,13
msg_177,node8,node10,316,126000,126142.0,142.0,,,,1092.142857142857,927.3333333333334,1,1592.25,1253.6666666666667,1,989.5360824742268,85,85,27,13
msg_178,node9,node7,315,126000,126139.0,139.0,,,,712.2,1356.2857142857142,1,1466.5,923.3333333333334,1,998.3958333333334,86,86,27,13
msg_179,node10,node5,317,126000,,,,,,1290.8275862068965,1922.1666666666667,1,971.578947368421,1898.5,1,2085.1236872812137,797,797,50,13
msg_180,node11,node3,317,126000,,,,,,1239.842105263158,2232.733333333333,1,1104.8620689655172,1784.0,1,2085.1236872812137,797,797,50,13
msg_181,node12,node1,317,126000,,,,,,1456.3157894736842,1762.2,1,946.6551724137931,1648.576923076923,1,2085.1236872812137,797,797,50,13
msg_182,node0,node27,317,131000,131001.0,1.0,,,,0.875,1203.375,1,,,0,940.5728155339806,93,93,28,14
msg_183,node1,node25,317,131000,131204.0,204.0,,,,911.0,719.625,1,,1.0,0,879.1071428571429,84,84,28,14
msg_184,node2,node23,317,131000,,,,,,1090.7931034482758,1877.4615384615386,1,2988.529411764706,2423.75,0,2085.1236872812137,797,797,50,14
msg_185,node3,node21,317,131000,131204.0,204.0,,,,1253.076923076923,718.875,1,,1059.3333333333333,0,885.1891891891892,85,85,28,14
msg_186,node4,node19,317,131000,131201.0,201.0,,,,710.0,1129.5,1,,,0,891.4090909090909,86,86,28,14
msg_187,node5,node17,317,131000,,,,,,971.578947368421,1898.5,1,1945.3103448275863,2173.1363636363635,0,2085.1236872812137,797,797,50,14
msg_188,node6,node15,317,131000,131199.0,199.0,,,,1005.7,1096.625,1,,1070.75,0,897.7614678899082,87,87,28,14
msg_189,node7,node13,317,131000,131198.0,198.0,,,,1466.5,811.2857142857143,1,192.0,1074.4,1,904.2407407407408,88,88,28,14
msg_190,node8,node11,317,131000,,,,,,1135.551724137931,1850.84,1,1239.842105263158,2232.733333333333,1,2085.1236872812137,797,797,50,14
msg_191,node9,node8,315,131000,131196.0,196.0,,,,616.6666666666666,1356.2857142857142,1,973.375,927.3333333333334,1,910.8598130841121,89,89,28,14
msg_192,node10,node6,317,131000,131196.0,196.0,,,,1592.25,1094.857142857143,1,1005.7,1225.2857142857142,1,917.6037735849056,90,90,28,14
msg_193,node11,node4,317,131000,131194.0,194.0,,,,,1103.5,1,710.0,2065.0,1,924.495238095238,91,91,28,14
msg_194,node12,node2,317,131000,,,,,,1456.3157894736842,1762.2,1,1090.7931034482758,1877.4615384615386,1,2085.1236872812137,797,797,50,14
msg_195,node13,node0,317,131000,131192.0,192.0,,,,,1074.4,1,0.8823529411764706,1203.375,1,931.5384615384615,92,92,28,14
msg_196,node0,node28,317,136000,,,,,,1.0344827586206897,1925.3703703703704,1,3443.3846153846152,2654.0833333333335,0,2085.1236872812137,797,797,50,14
msg_197,node1,node26,317,136000,,,,,,946.6551724137931,1648.576923076923,1,3263.6666666666665,2337.6666666666665,0,2085.1236872812137,797,797,50,14
msg_198,node2,node24,317,136000,137099.0,1099.0,,,,1376.7142857142858,1198.375,1,,78.5,0,884.3697478991596,91,91,29,14
msg_199,node3,node22,317,136000,,,,,,1104.8620689655172,1784.0,1,2809.777777777778,2560.6153846153848,0,2085.1236872812137,797,797,50,14
msg_200,node4,node20,317,136000,,,,,,1002.6842105263158,2131.9411764705883,1,2397.9310344827586,2092.1428571428573,0,2085.1236872812137,797,797,50,14
msg_201,node5,node18,317,136000,137098.0,1098.0,,,,1110.25,1079.0,1,,149.0,0,882.5593220338983,92,92,29,14
msg_202,node6,node16,317,136000,,,,,,1002.6896551724138,2002.56,1,1938.5263157894738,2457.3846153846152,0,2085.1236872812137,797,797,50,14
msg_203,node7,node14,317,136000,137098.0,1098.0,,,,1325.5555555555557,846.875,1,,301.6,0,880.7179487179487,93,93,29,14
msg_204,node8,node12,317,136000,,,,,,1135.551724137931,1850.84,1,1456.3157894736842,1762.2,1,2085.1236872812137,797,797,50,14
msg_205,node9,node10,316,136000,137097.0,1097.0,,,,556.5714285714286,1356.2857142857142,1,1276.8333333333333,1094.857142857143,1,878.8534482758621,94,94,29,14
msg_206,node10,node7,317,136000,137096.0,1096.0,,,,1313.0,1094.857142857143,1,1325.5555555555557,811.2857142857143,1,876.9652173913043,95,95,29,14
msg_207,node11,node5,317,136000,137094.0,1094.0,,,,194.0,1103.5,1,1110.25,1064.0,1,875.061403508772,96,96,29,14
msg_208,node12,node3,317,136000,,,,,,1456.3157894736842,1762.2,1,1104.8620689655172,1784.0,1,2085.1236872812137,797,797,50,14
msg_209,node13,node1,317,136000,137093.0,1093.0,,,,192.0,928.3333333333334,1,866.8125,719.625,1,873.1327433628319,97,97,29,14
msg_210,node0,node29,317,141000,,,,,,1.0344827586206897,1925.3703703703704,1,3343.1666666666665,2441.5833333333335,0,2085.1236872812137,797,797,50,15
msg_211,node1,node27,317,141000,141165.0,165.0,,,,866.8125,761.1111111111111,1,,1.0,0,835.5581395348837,96,96,30,15
msg_212,node2,node25,317,141000,141164.0,164.0,,,,1358.2,1082.7777777777778,1,,102.5,0,840.8046875,97,97,30,15
msg_213,node3,node23,317,141000,,,,,,1104.8620689655172,1784.0,1,2988.529411764706,2423.75,0,2085.1236872812137,797,797,50,15
msg_214,node4,node21,317,141000,,,,,,1002.6842105263158,2131.9411764705883,1,2342.7241379310344,2020.7,0,2085.1236872812137,797,797,50,15
msg_215,node5,node19,317,141000,141163.0,163.0,,,,1107.8,1079.0,1,,201.0,0,851.5714285714286,99,99,30,15
msg_216,node6,node17,317,141000,141162.0,162.0,,,,932.3636363636364,1096.625,1,,1072.25,0,857.088,100,100,30,15
msg_217,node7,node15,317,141000,141162.0,162.0,,,,1302.8,846.875,1,,896.4,0,851.5714285714286,99,99,30,15
msg_218,node8,node13,317,141000,141161.0,161.0,,,,973.375,740.125,1,481.0,928.3333333333334,1,862.7016129032259,101,101,30,15
msg_219,node9,node11,317,141000,,,,,,1197.2068965517242,2090.125,1,1239.842105263158,2232.733333333333,1,2085.1236872812137,797,797,50,15
msg_220,node10,node8,317,141000,141161.0,161.0,,,,1276.8333333333333,1095.125,1,973.375,822.8571428571429,1,868.4065040650406,102,102,30,15
msg_221,node11,node6,317,141000,,,,,,1239.842105263158,2232.733333333333,1,1002.6896551724138,2002.56,1,2085.1236872812137,797,797,50,15
msg_222,node12,node4,317,141000,141159.0,159.0,,,,,140.0,1,625.1666666666666,1129.5,1,874.2213114754098,103,103,30,15
msg_223,node13,node2,317,141000,141158.0,158.0,,,,642.5,928.3333333333334,1,1358.2,1198.375,1,880.1404958677685,104,104,30,15
msg_224,node14,node0,317,141000,141158.0,158.0,,,,,434.3333333333333,1,0.8823529411764706,1091.0,1,886.1583333333333,105,105,30,15
msg_225,node0,node30,317,146000,,,,,,1.0344827586206897,1925.3703703703704,1,3824.5833333333335,2727.6666666666665,0,2085.1236872812137,797,797,50,15
msg_226,node1,node28,317,146000,,,,,,946.6551724137931,1648.576923076923,1,3443.3846153846152,2654.0833333333335,0,2085.1236872812137,797,797,50,15
msg_227,node2,node26,317,146000,,,,,,1090.7931034482758,1877.4615384615386,1,3263.6666666666665,2337.6666666666665,0,2085.1236872812137,797,797,50,15
msg_228,node3,node24,317,146000,147090.0,1090.0,,,,1178.142857142857,759.3333333333334,1,,418.6666666666667,0,839.8296296296296,105,105,31,15
msg_229,node4,node22,317,146000,147090.0,1090.0,,,,625.1666666666666,806.0,1,,,0,839.8296296296296,105,105,31,15
msg_230,node5,node20,317,146000,,,,,,971.578947368421,1898.5,1,2397.9310344827586,2092.1428571428573,0,2085.1236872812137,797,797,50,15
msg_231,node6,node18,317,146000,,,,,,1002.6896551724138,2002.56,1,1991.578947368421,2374.153846153846,0,2085.1236872812137,797,797,50,15
msg_232,node7,node16,317,146000,,,,,,1248.896551724138,1915.16,1,1938.5263157894738,2457.3846153846152,0,2085.1236872812137,797,797,50,15
msg_233,node8,node14,317,146000,147088.0,1088.0,,,,883.1111111111111,740.125,1,620.5,434.3333333333333,1,837.9776119402985,106,106,31,15
msg_234,node9,node12,317,146000,,,,,,1197.2068965517242,2090.125,1,1456.3157894736842,1762.2,1,2085.1236872812137,797,797,50,15
msg_235,node10,node9,317,146000,147087.0,1087.0,,,,1117.4285714285713,1095.125,1,624.125,1356.2857142857142,1,836.1052631578947,107,107,31,15
msg_236,node11,node7,317,146000,,,,,,1239.842105263158,2232.733333333333,1,1248.896551724138,1915.16,1,2085.1236872812137,797,797,50,15
msg_237,node12,node5,317,146000,147084.0,1084.0,,,,159.0,140.0,1,950.3333333333334,1079.0,1,834.2272727272727,108,108,31,15
msg_238,node13,node3,317,146000,147083.0,1083.0,,,,481.0,818.7142857142857,1,1178.142857142857,718.875,1,832.3282442748092,109,109,31,15
msg_239,node14,node1,317,146000,147083.0,1083.0,,,,158.0,434.3333333333333,1,825.5294117647059,761.1111111111111,1,830.4,110,110,31,15
msg_240,node0,node31,317,151000,151002.0,2.0,,,,0.8823529411764706,997.7,1,,,0,843.4817518248175,119,119,32,16
msg_241,node1,node29,317,151000,,,,,,946.6551724137931,1648.576923076923,1,3343.1666666666665,2441.5833333333335,0,2085.1236872812137,797,797,50,16
msg_242,node2,node27,317,151000,152107.0,1107.0,,,,1283.5625,1084.6,1,,83.0,0,844.8450704225352,114,114,32,16
msg_243,node3,node25,317,151000,152107.0,1107.0,,,,1172.2666666666667,759.3333333333334,1,,123.0,0,844.8450704225352,114,114,32,16
msg_244,node4,node23,317,151000,152107.0,1107.0,,,,691.5714285714286,806.0,1,,,0,850.255172413793,111,111,32,16
msg_245,node5,node21,317,151000,,,,,,971.578947368421,1898.5,1,2342.7241379310344,2020.7,0,2085.1236872812137,797,797,50,16
msg_246,node6,node19,317,151000,,,,,,1002.6896551724138,2002.56,1,2462.157894736842,2360.0,0,2085.1236872812137,797,797,50,16
msg_247,node7,node17,317,151000,152105.0,1105.0,,,,1199.090909090909,846.875,1,,890.2,0,843.0,115,115,32,16
msg_248,node8,node15,317,151000,152105.0,1105.0,,,,903.6,740.125,1,1099.0,774.0,1,844.8450704225352,114,114,32,16
msg_249,node9,node13,317,151000,152104.0,1104.0,,,,624.125,1322.625,1,631.5,818.7142857142857,1,841.1357142857142,116,116,32,16
msg_250,node10,node11,319,151000,,,,,,1290.8275862068965,1922.1666666666667,1,1239.842105263158,2232.733333333333,1,2085.1236872812137,797,797,50,16
msg_251,node11,node8,317,151000,,,,,,1239.842105263158,2232.733333333333,1,1135.551724137931,1850.84,1,2085.1236872812137,797,797,50,16
msg_252,node12,node6,317,151000,,,,,,1456.3157894736842,1762.2,1,1002.6896551724138,2002.56,1,2085.1236872812137,797,797,50,16
msg_253,node13,node4,317,151000,,,,,,1417.1379310344828,1970.4782608695652,1,1002.6842105263158,2131.9411764705883,1,2085.1236872812137,797,797,50,16
msg_254,node14,node2,317,151000,152101.0,1101.0,,,,620.5,527.7142857142857,1,1283.5625,1082.7777777777778,1,839.2661870503597,117,117,32,16
msg_255,node15,node0,317,151000,152099.0,1099.0,,,,,774.0,1,0.8823529411764706,997.7,1,843.4817518248175,119,119,32,16
msg_256,node0,node32,317,156000,156002.0,2.0,,,,0.9444444444444444,1006.9090909090909,1,,,0,852.013698630137,126,126,33,16
msg_257,node1,node30,317,156000,,,,,,946.6551724137931,1648.576923076923,1,3824.5833333333335,2727.6666666666665,0,2085.1236872812137,797,797,50,16
msg_258,node2,node28,317,156000,,,,,,1090.7931034482758,1877.4615384615386,1,3443.3846153846152,2654.0833333333335,0,2085.1236872812137,797,797,50,16
msg_259,node3,node26,317,156000,,,,,,1104.8620689655172,1784.0,1,3263.6666666666665,2337.6666666666665,0,2085.1236872812137,797,797,50,16
msg_260,node4,node24,317,156000,,,,,,1002.6842105263158,2131.9411764705883,1,2573.32,2052.2,0,2085.1236872812137,797,797,50,16
msg_261,node5,node22,317,156000,158112.0,2112.0,,,,950.3333333333334,1080.6666666666667,1,,1090.0,0,871.4933333333333,122,122,33,16
msg_262,node6,node20,317,156000,158112.0,2112.0,,,,868.1666666666666,1096.625,1,,600.0,0,871.4933333333333,122,122,33,16
msg_263,node7,node18,317,156000,,,,,,1248.896551724138,1915.16,1,1991.578947368421,2374.153846153846,0,2085.1236872812137,797,797,50,16
msg_264,node8,node16,317,156000,,,,,,1135.551724137931,1850.84,1,1938.5263157894738,2457.3846153846152,0,2085.1236872812137,797,797,50,16
msg_265,node9,node14,317,156000,158112.0,2112.0,,,,677.4444444444445,1322.625,1,1112.75,527.7142857142857,1,863.1677852348994,123,123,33,16
msg_266,node10,node12,319,156000,,,,,,1290.8275862068965,1922.1666666666667,1,1456.3157894736842,1762.2,1,2085.1236872812137,797,797,50,16
msg_267,node11,node9,317,156000,,,,,,1239.842105263158,2232.733333333333,1,1197.2068965517242,2090.125,1,2085.1236872812137,797,797,50,16
msg_268,node12,node7,317,156000,,,,,,1456.3157894736842,1762.2,1,1248.896551724138,1915.16,1,2085.1236872812137,797,797,50,16
msg_269,node13,node5,317,156000,,,,,,1417.1379310344828,1970.4782608695652,1,971.578947368421,1898.5,1,2085.1236872812137,797,797,50,16
msg_270,node14,node3,317,156000,158109.0,2109.0,,,,780.6666666666666,527.7142857142857,1,1168.1875,759.3333333333334,1,854.75,124,124,33,16
msg_271,node15,node1,317,156000,158107.0,2107.0,,,,1099.0,821.2857142857143,1,825.5294117647059,793.3,1,846.2312925170068,125,125,33,16
msg_272,node0,node33,317,161000,161001.0,1.0,,,,1.0,1006.9090909090909,1,,,0,887.8157894736842,137,137,34,17
msg_273,node1,node31,317,161000,161165.0,165.0,,,,825.5294117647059,912.7272727272727,1,,2.0,0,846.1925465838509,128,128,34,17
msg_274,node2,node29,317,161000,,,,,,1090.7931034482758,1877.4615384615386,1,3343.1666666666665,2441.5833333333335,0,2085.1236872812137,797,797,50,17
msg_275,node3,node27,317,161000,161163.0,163.0,,,,1168.1875,894.3,1,,424.3333333333333,0,854.7861635220125,130,130,34,17
msg_276,node4,node25,317,161000,,,,,,1002.6842105263158,2131.9411764705883,1,2878.44,1724.157894736842,0,2085.1236872812137,797,797,50,17
msg_277,node5,node23,317,161000,161163.0,163.0,,,,1116.2857142857142,1080.6666666666667,1,,1107.0,0,854.7861635220125,130,130,34,17
msg_278,node6,node21,317,161000,161163.0,163.0,,,,963.8461538461538,992.4444444444445,1,,845.5,0,859.1645569620254,131,131,34,17
msg_279,node7,node19,317,161000,,,,,,1248.896551724138,1915.16,1,2462.157894736842,2360.0,0,2085.1236872812137,797,797,50,17
msg_280,node8,node17,317,161000,161161.0,161.0,,,,921.9090909090909,740.125,1,,926.0,0,868.1153846153846,133,133,34,17
msg_281,node9,node15,317,161000,161161.0,161.0,,,,820.9,1322.625,1,1121.0,821.2857142857143,1,863.6114649681529,132,132,34,17
msg_282,node10,node13,319,161000,161161.0,161.0,,,,1113.625,1095.125,1,537.0,854.375,1,872.6774193548387,134,134,34,17
msg_283,node11,node10,319,161000,,,,,,1239.842105263158,2232.733333333333,1,1290.8275862068965,1922.1666666666667,1,2085.1236872812137,797,797,50,17
msg_284,node12,node8,317,161000,,,,,,1456.3157894736842,1762.2,1,1135.551724137931,1850.84,1,2085.1236872812137,797,797,50,17
msg_285,node13,node6,317,161000,161159.0,159.0,,,,631.5,854.375,1,963.8461538461538,1096.625,1,877.3116883116883,135,135,34,17
msg_286,node14,node4,317,161000,,,,,,1546.7241379310344,1966.4782608695652,1,1002.6842105263158,2131.9411764705883,1,2085.1236872812137,797,797,50,17
msg_287,node15,node2,317,161000,161157.0,157.0,,,,1603.0,821.2857142857143,1,1273.1764705882354,1084.6,1,882.0196078431372,136,136,34,17
msg_288,node16,node0,317,161000,,,,,,1938.5263157894738,2457.3846153846152,1,1.0344827586206897,1925.3703703703704,1,2085.1236872812137,797,797,50,17
msg_289,node0,node34,317,166000,,,,,,1.0344827586206897,1925.3703703703704,1,4077.875,2889.7272727272725,0,2085.1236872812137,797,797,50,17
msg_290,node1,node32,317,166000,166208.0,208.0,,,,788.8333333333334,912.7272727272727,1,,2.0,0,818.8988095238095,138,138,35,17
msg_291,node2,node30,317,166000,,,,,,1090.7931034482758,1877.4615384615386,1,3824.5833333333335,2727.6666666666665,0,2085.1236872812137,797,797,50,17
msg_292,node3,node28,317,166000,,,,,,1104.8620689655172,1784.0,1,3443.3846153846152,2654.0833333333335,0,2085.1236872812137,797,797,50,17
msg_293,node4,node26,317,166000,166204.0,204.0,,,,743.5,806.0,1,,,0,822.5808383233533,139,139,35,17
msg_294,node5,node24,317,166000,,,,,,971.578947368421,1898.5,1,2573.32,2052.2,0,2085.1236872812137,797,797,50,17
msg_295,node6,node22,317,166000,,,,,,1002.6896551724138,2002.56,1,2809.777777777778,2560.6153846153848,0,2085.1236872812137,797,797,50,17
msg_296,node7,node20,317,166000,166199.0,199.0,,,,1191.25,774.1111111111111,1,,902.4,0,826.3373493975904,140,140,35,17
msg_297,node8,node18,317,166000,,,,,,1135.551724137931,1850.84,1,1991.578947368421,2374.153846153846,0,2085.1236872812137,797,797,50,17
msg_298,node9,node16,317,166000,,,,,,1197.2068965517242,2090.125,1,1938.5263157894738,2457.3846153846152,1,2085.1236872812137,797,797,50,17
msg_299,node10,node14,319,166000,166194.0,194.0,,,,1007.7777777777778,1095.125,1,1112.75,725.75,1,834.0487804878048,142,142,35,17
msg_300,node11,node12,319,166000,166194.0,194.0,,,,644.0,1103.5,1,621.5,140.0,1,834.0487804878048,142,142,35,17
msg_301,node12,node9,317,166000,,,,,,1456.3157894736842,1762.2,1,1197.2068965517242,2090.125,1,2085.1236872812137,797,797,50,17
msg_302,node13,node7,317,166000,166192.0,192.0,,,,537.0,777.3333333333334,1,1191.25,846.875,1,837.9877300613497,143,143,35,17
msg_303,node14,node5,317,166000,,,,,,1546.7241379310344,1966.4782608695652,1,971.578947368421,1898.5,1,2085.1236872812137,797,797,50,17
msg_304,node15,node3,317,166000,166190.0,190.0,,,,1121.0,738.75,1,1109.0588235294117,894.3,1,841.9876543209876,144,144,35,17
msg_305,node16,node1,317,166000,,,,,,1938.5263157894738,2457.3846153846152,1,946.6551724137931,1648.576923076923,1,2085.1236872812137,797,797,50,17
msg_306,node0,node35,317,171000,171001.0,1.0,,,,1.0,1006.9090909090909,1,,,0,815.2840236686391,155,155,36,18
msg_307,node1,node33,317,171000,173128.0,2128.0,,,,758.2631578947369,912.7272727272727,1,,1.0,0,862.3954802259886,147,147,36,18
msg_308,node2,node31,317,171000,173128.0,2128.0,,,,1273.1764705882354,1000.2727272727273,1,,83.5,0,855.2045454545455,148,148,36,18
msg_309,node3,node29,317,171000,,,,,,1104.8620689655172,1784.0,1,3343.1666666666665,2441.5833333333335,0,2085.1236872812137,797,797,50,18
msg_310,node4,node27,317,171000,,,,,,1002.6842105263158,2131.9411764705883,1,3183.913043478261,1825.0555555555557,0,2085.1236872812137,797,797,50,18
msg_311,node5,node25,317,171000,,,,,,971.578947368421,1898.5,1,2878.44,1724.157894736842,0,2085.1236872812137,797,797,50,18
msg_312,node6,node23,317,171000,,,,,,1002.6896551724138,2002.56,1,2988.529411764706,2423.75,0,2085.1236872812137,797,797,50,18
msg_313,node7,node21,317,171000,173126.0,2126.0,,,,1114.923076923077,774.1111111111111,1,,709.0,0,847.9428571428572,149,149,36,18
msg_314,node8,node19,317,171000,,,,,,1135.551724137931,1850.84,1,2462.157894736842,2360.0,0,2085.1236872812137,797,797,50,18
msg_315,node9,node17,317,171000,173124.0,2124.0,,,,760.9090909090909,1322.625,1,2117.0,816.7142857142857,1,840.6091954022988,150,150,36,18
msg_316,node10,node15,319,171000,173124.0,2124.0,,,,926.4,1095.125,1,888.25,738.75,1,833.1907514450867,151,151,36,18
msg_317,node11,node13,319,171000,,,,,,1239.842105263158,2232.733333333333,1,1417.1379310344828,1970.4782608695652,1,2085.1236872812137,797,797,50,18
msg_318,node12,node10,319,171000,,,,,,1456.3157894736842,1762.2,1,1290.8275862068965,1922.1666666666667,1,2085.1236872812137,797,797,50,18
msg_319,node13,node8,317,171000,173120.0,2120.0,,,,479.5,777.3333333333334,1,858.5,740.125,1,818.1345029239766,153,153,36,18
msg_320,node14,node6,317,171000,173121.0,2121.0,,,,1112.75,666.6666666666666,1,906.6428571428571,992.4444444444445,1,825.703488372093,152,152,36,18
msg_321,node15,node4,317,171000,,,,,,1727.0689655172414,2069.478260869565,1,1002.6842105263158,2131.9411764705883,1,2085.1236872812137,797,797,50,18
msg_322,node16,node2,317,171000,,,,,,1938.5263157894738,2457.3846153846152,1,1090.7931034482758,1877.4615384615386,1,2085.1236872812137,797,797,50,18
msg_323,node17,node0,317,171000,173117.0,2117.0,,,,,816.7142857142857,1,1.0,1006.9090909090909,1,810.4941176470588,154,154,36,18
msg_324,node0,node36,317,176000,176001.0,1.0,,,,1.0,1099.4166666666667,1,,,0,869.5056179775281,164,164,37,18
msg_325,node1,node34,317,176000,,,,,,946.6551724137931,1648.576923076923,1,4077.875,2889.7272727272725,0,2085.1236872812137,797,797,50,18
msg_326,node2,node32,317,176000,176225.0,225.0,,,,1320.6666666666667,1000.2727272727273,1,,105.0,0,836.9090909090909,155,155,37,18
msg_327,node3,node30,317,176000,,,,,,1104.8620689655172,1784.0,1,3824.5833333333335,2727.6666666666665,0,2085.1236872812137,797,797,50,18
msg_328,node4,node28,317,176000,176222.0,222.0,,,,683.5555555555555,806.0,1,,,0,840.2150537634409,156,156,37,18
msg_329,node5,node26,317,176000,176220.0,220.0,,,,997.125,1080.6666666666667,1,,204.0,0,843.5675675675676,157,157,37,18
msg_330,node6,node24,317,176000,176219.0,219.0,,,,906.6428571428571,1105.3,1,,586.5,0,846.9619565217391,158,158,37,18
msg_331,node7,node22,317,176000,,,,,,1248.896551724138,1915.16,1,2809.777777777778,2560.6153846153848,0,2085.1236872812137,797,797,50,18
msg_332,node8,node20,317,176000,176216.0,216.0,,,,858.5,893.4444444444445,1,,785.1666666666666,0,850.4098360655738,159,159,37,18
msg_333,node9,node18,317,176000,,,,,,1197.2068965517242,2090.125,1,1991.578947368421,2374.153846153846,0,2085.1236872812137,797,797,50,18
msg_334,node10,node16,319,176000,,,,,,1290.8275862068965,1922.1666666666667,1,1938.5263157894738,2457.3846153846152,1,2085.1236872812137,797,797,50,18
msg_335,node11,node14,319,176000,,,,,,1239.842105263158,2232.733333333333,1,1546.7241379310344,1966.4782608695652,1,2085.1236872812137,797,797,50,18
msg_336,node12,node11,319,176000,176214.0,214.0,,,,621.5,158.0,1,494.0,1103.5,1,853.9065934065934,160,160,37,18
msg_337,node13,node9,317,176000,176214.0,214.0,,,,713.8571428571429,777.3333333333334,1,874.5,1322.625,1,857.4419889502763,161,161,37,18
msg_338,node14,node7,317,176000,176214.0,214.0,,,,1314.4,666.6666666666666,1,1187.142857142857,774.1111111111111,1,861.0166666666667,162,162,37,18
msg_339,node15,node5,317,176000,,,,,,1727.0689655172414,2069.478260869565,1,971.578947368421,1898.5,1,2085.1236872812137,797,797,50,18
msg_340,node16,node3,317,176000,,,,,,1938.5263157894738,2457.3846153846152,1,1104.8620689655172,1784.0,1,2085.1236872812137,797,797,50,18
msg_341,node17,node1,317,176000,176210.0,210.0,,,,2117.0,980.125,1,826.75,912.7272727272727,1,864.6536312849162,163,163,37,18
msg_342,node0,node37,317,181000,181001.0,1.0,,,,1.0,1099.4166666666667,1,,,0,833.6542553191489,173,173,38,19
msg_343,node1,node35,317,181000,182144.0,1144.0,,,,826.75,854.1666666666666,1,,1.0,0,846.22,161,161,38,19
msg_344,node2,node33,317,181000,182143.0,1143.0,,,,1263.0,1011.3333333333334,1,,1064.5,0,844.7286432160804,162,162,38,19
msg_345,node3,node31,317,181000,182143.0,1143.0,,,,1109.0588235294117,830.2727272727273,1,,765.0,0,843.2222222222222,163,163,38,19
msg_346,node4,node29,317,181000,182140.0,1140.0,,,,637.4,888.0,1,,,0,841.7157360406092,164,164,38,19
msg_347,node5,node27,317,181000,,,,,,971.578947368421,1898.5,1,3183.913043478261,1825.0555555555557,0,2085.1236872812137,797,797,50,19
msg_348,node6,node25,317,181000,182139.0,1139.0,,,,860.8,1107.909090909091,1,,369.0,0,840.1989795918367,165,165,38,19
msg_349,node7,node23,317,181000,,,,,,1248.896551724138,1915.16,1,2988.529411764706,2423.75,0,2085.1236872812137,797,797,50,19
msg_350,node8,node21,317,181000,182139.0,1139.0,,,,809.0769230769231,917.7,1,,945.1666666666666,0,838.6666666666666,166,166,38,19
msg_351,node9,node19,317,181000,,,,,,1197.2068965517242,2090.125,1,2462.157894736842,2360.0,0,2085.1236872812137,797,797,50,19
msg_352,node10,node17,319,181000,182138.0,1138.0,,,,1035.2727272727273,1099.7777777777778,1,1153.3333333333333,980.125,1,837.1237113402062,167,167,38,19
msg_353,node11,node15,319,181000,,,,,,1239.842105263158,2232.733333333333,1,1727.0689655172414,2069.478260869565,1,2085.1236872812137,797,797,50,19
msg_354,node12,node13,319,181000,,,,,,1456.3157894736842,1762.2,1,1417.1379310344828,1970.4782608695652,1,2085.1236872812137,797,797,50,19
msg_355,node13,node10,319,181000,182137.0,1137.0,,,,651.375,777.3333333333334,1,1035.2727272727273,1095.125,1,835.5699481865284,168,168,38,19
msg_356,node14,node8,317,181000,182136.0,1136.0,,,,1131.0,666.6666666666666,1,809.0769230769231,893.4444444444445,1,834.0052083333334,169,169,38,19
msg_357,node15,node6,317,181000,182134.0,1134.0,,,,888.25,892.6666666666666,1,860.8,1105.3,1,830.8473684210526,171,171,38,19
msg_358,node16,node4,317,181000,182134.0,1134.0,,,,,1113.0,1,637.4,806.0,1,830.8473684210526,171,171,38,19
msg_359,node17,node2,317,181000,182133.0,1133.0,,,,1163.5,980.125,1,1263.0,1000.2727272727273,1,829.2486772486773,172,172,38,19
msg_360,node18,node0,317,181000,,,,,,1991.578947368421,2374.153846153846,1,1.0344827586206897,1925.3703703703704,1,2085.1236872812137,797,797,50,19
msg_361,node0,node38,317,186000,,,,,,1.0344827586206897,1925.3703703703704,1,4001.75,2603.0,0,2085.1236872812137,797,797,50,19
msg_362,node1,node36,317,186000,188172.0,2172.0,,,,841.8571428571429,854.1666666666666,1,,1.0,0,904.2666666666667,170,170,39,19
msg_363,node2,node34,317,186000,,,,,,1090.7931034482758,1877.4615384615386,1,4077.875,2889.7272727272725,0,2085.1236872812137,797,797,50,19
msg_364,node3,node32,317,186000,188173.0,2173.0,,,,1110.9444444444443,941.4166666666666,1,,145.0,0,910.2748815165877,169,169,39,19
msg_365,node4,node30,317,186000,188171.0,2171.0,,,,683.0909090909091,888.0,1,,,0,892.0865384615385,172,172,39,19
msg_366,node5,node28,317,186000,188171.0,2171.0,,,,910.7777777777778,1351.5,1,,222.0,0,892.0865384615385,172,172,39,19
msg_367,node6,node26,317,186000,,,,,,1002.6896551724138,2002.56,1,3263.6666666666665,2337.6666666666665,0,2085.1236872812137,797,797,50,19
msg_368,node7,node24,317,186000,188170.0,2170.0,,,,1187.142857142857,849.6363636363636,1,,513.0,0,885.9130434782609,173,173,39,19
msg_369,node8,node22,317,186000,,,,,,1135.551724137931,1850.84,1,2809.777777777778,2560.6153846153848,0,2085.1236872812137,797,797,50,19
msg_370,node9,node20,317,186000,188169.0,2169.0,,,,874.5,1296.2,1,,703.8571428571429,0,879.6844660194175,174,174,39,19
msg_371,node10,node18,319,186000,,,,,,1290.8275862068965,1922.1666666666667,1,1991.578947368421,2374.153846153846,1,2085.1236872812137,797,797,50,19
msg_372,node11,node16,319,186000,188167.0,2167.0,,,,494.0,807.0,1,1649.0,1113.0,1,873.4048780487805,175,175,39,19
msg_373,node12,node14,319,186000,,,,,,1456.3157894736842,1762.2,1,1546.7241379310344,1966.4782608695652,1,2085.1236872812137,797,797,50,19
msg_374,node13,node11,319,186000,,,,,,1417.1379310344828,1970.4782608695652,1,1239.842105263158,2232.733333333333,1,2085.1236872812137,797,797,50,19
msg_375,node14,node9,317,186000,188167.0,2167.0,,,,1131.7142857142858,666.6666666666666,1,874.5,1199.4444444444443,1,867.0637254901961,176,176,39,19
msg_376,node15,node7,317,186000,188165.0,2165.0,,,,937.4,892.6666666666666,1,1187.142857142857,718.1,1,860.6699507389162,177,177,39,19
msg_377,node16,node5,317,186000,188164.0,2164.0,,,,1134.0,1113.0,1,910.7777777777778,1080.6666666666667,1,847.7014925373135,179,179,39,19
msg_378,node17,node3,317,186000,188164.0,2164.0,,,,1153.3333333333333,997.6666666666666,1,1110.9444444444443,830.2727272727273,1,847.7014925373135,179,179,39,19
msg_379,node18,node1,317,186000,,,,,,1991.578947368421,2374.153846153846,1,946.6551724137931,1648.576923076923,1,2085.1236872812137,797,797,50,19
msg_380,node0,node39,317,191000,,,,,,1.0344827586206897,1925.3703703703704,1,4435.0,3013.7,0,2085.1236872812137,797,797,50,20
msg_381,node1,node37,317,191000,191213.0,213.0,,,,902.3181818181819,854.1666666666666,1,,1.0,0,899.9769585253456,183,183,40,20
msg_382,node2,node35,317,191000,191213.0,213.0,,,,1257.0,1011.3333333333334,1,,572.5,0,899.9769585253456,183,183,40,20
msg_383,node3,node33,317,191000,191213.0,213.0,,,,1166.842105263158,941.4166666666666,1,,1090.6666666666667,0,899.9769585253456,183,183,40,20
msg_384,node4,node31,317,191000,,,,,,1002.6842105263158,2131.9411764705883,1,3355.0555555555557,1739.888888888889,0,2085.1236872812137,797,797,50,20
msg_385,node5,node29,317,191000,191213.0,213.0,,,,1036.8,1351.5,1,,1140.0,0,899.9769585253456,183,183,40,20
msg_386,node6,node27,317,191000,191212.0,212.0,,,,878.1875,1107.909090909091,1,,359.0,0,909.6168224299065,186,186,40,20
msg_387,node7,node25,317,191000,191212.0,212.0,,,,1252.6666666666667,849.6363636363636,1,,523.0,0,909.6168224299065,186,186,40,20
msg_388,node8,node23,317,191000,,,,,,1135.551724137931,1850.84,1,2988.529411764706,2423.75,0,2085.1236872812137,797,797,50,20
msg_389,node9,node21,317,191000,191213.0,213.0,,,,974.0769230769231,1296.2,1,,972.8571428571429,0,903.1574074074074,184,184,40,20
msg_390,node10,node19,319,191000,,,,,,1290.8275862068965,1922.1666666666667,1,2462.157894736842,2360.0,1,2085.1236872812137,797,797,50,20
msg_391,node11,node17,319,191000,,,,,,1239.842105263158,2232.733333333333,1,1945.3103448275863,2173.1363636363635,1,2085.1236872812137,797,797,50,20
msg_392,node12,node15,319,191000,,,,,,1456.3157894736842,1762.2,1,1727.0689655172414,2069.478260869565,1,2085.1236872812137,797,797,50,20
msg_393,node13,node12,319,191000,,,,,,1417.1379310344828,1970.4782608695652,1,1456.3157894736842,1762.2,1,2085.1236872812137,797,797,50,20
msg_394,node14,node10,319,191000,191209.0,209.0,,,,1261.125,666.6666666666666,1,1043.8333333333333,1099.7777777777778,1,912.906103286385,187,187,40,20
msg_395,node15,node8,317,191000,191208.0,208.0,,,,1142.0,892.6666666666666,1,832.6428571428571,917.7,1,916.2311320754717,188,188,40,20
msg_396,node16,node6,317,191000,,,,,,1938.5263157894738,2457.3846153846152,1,1002.6896551724138,2002.56,1,2085.1236872812137,797,797,50,20
msg_397,node17,node4,317,191000,,,,,,1945.3103448275863,2173.1363636363635,1,1002.6842105263158,2131.9411764705883,1,2085.1236872812137,797,797,50,20
msg_398,node18,node2,317,191000,,,,,,1991.578947368421,2374.153846153846,1,1090.7931034482758,1877.4615384615386,1,2085.1236872812137,797,797,50,20
msg_399,node19,node0,317,191000,,,,,,2462.157894736842,2360.0,1,1.0344827586206897,1925.3703703703704,1,2085.1236872812137,797,797,50,20
msg_400,node0,node40,317,196000,196001.0,1.0,,,,1.0,1099.4166666666667,1,,,0,887.5429864253393,199,199,41,20
msg_401,node1,node38,317,196000,,,,,,946.6551724137931,1648.576923076923,1,4001.75,2603.0,0,2085.1236872812137,797,797,50,20
msg_402,node2,node36,317,196000,198174.0,2174.0,,,,1207.2857142857142,1011.3333333333334,1,,1086.5,0,917.4517543859649,192,192,41,20
msg_403,node3,node34,317,196000,,,,,,1104.8620689655172,1784.0,1,4077.875,2889.7272727272725,0,2085.1236872812137,797,797,50,20
msg_404,node4,node32,317,196000,,,,,,1002.6842105263158,2131.9411764705883,1,3224.6470588235293,1874.2777777777778,0,2085.1236872812137,797,797,50,20
msg_405,node5,node30,317,196000,198174.0,2174.0,,,,961.9090909090909,1351.5,1,,2171.0,0,917.4517543859649,192,192,41,20
msg_406,node6,node28,317,196000,,,,,,1002.6896551724138,2002.56,1,3443.3846153846152,2654.0833333333335,0,2085.1236872812137,797,797,50,20
msg_407,node7,node26,317,196000,,,,,,1248.896551724138,1915.16,1,3263.6666666666665,2337.6666666666665,0,2085.1236872812137,797,797,50,20
msg_408,node8,node24,317,196000,198173.0,2173.0,,,,832.6428571428571,853.1818181818181,1,,789.1666666666666,0,911.920704845815,193,193,41,20
msg_409,node9,node22,317,196000,,,,,,1197.2068965517242,2090.125,1,2809.777777777778,2560.6153846153848,0,2085.1236872812137,797,797,50,20
msg_410,node10,node20,319,196000,198173.0,2173.0,,,,1043.8333333333333,1010.7,1,,887.0,0,906.3407079646017,194,194,41,20
msg_411,node11,node18,319,196000,198172.0,2172.0,,,,912.25,807.0,1,,623.5,1,900.7155555555555,195,195,41,20
msg_412,node12,node16,319,196000,198171.0,2171.0,,,,485.6666666666667,158.0,1,1649.0,1464.3333333333333,1,889.3183856502242,197,197,41,20
msg_413,node13,node14,319,196000,198172.0,2172.0,,,,705.3333333333334,777.3333333333334,1,1144.2222222222222,666.6666666666666,1,895.0401785714286,196,196,41,20
msg_414,node14,node11,319,196000,,,,,,1546.7241379310344,1966.4782608695652,1,1239.842105263158,2232.733333333333,1,2085.1236872812137,797,797,50,20
msg_415,node15,node9,317,196000,198170.0,2170.0,,,,1008.5714285714286,892.6666666666666,1,919.7142857142857,1296.2,1,883.5495495495495,198,198,41,20
msg_416,node16,node7,317,196000,,,,,,1938.5263157894738,2457.3846153846152,1,1248.896551724138,1915.16,1,2085.1236872812137,797,797,50,20
msg_417,node17,node5,317,196000,,,,,,1945.3103448275863,2173.1363636363635,1,971.578947368421,1898.5,1,2085.1236872812137,797,797,50,20
msg_418,node18,node3,317,196000,,,,,,1991.578947368421,2374.153846153846,1,1104.8620689655172,1784.0,1,2085.1236872812137,797,797,50,20
msg_419,node19,node1,317,196000,,,,,,2462.157894736842,2360.0,1,946.6551724137931,1648.576923076923,1,2085.1236872812137,797,797,50,20
msg_420,node0,node41,317,201000,201001.0,1.0,,,,1.0,1099.4166666666667,1,,,0,928.3782608695652,211,211,42,21
msg_421,node1,node39,317,201000,,,,,,946.6551724137931,1648.576923076923,1,4435.0,3013.7,0,2085.1236872812137,797,797,50,21
msg_422,node2,node37,317,201000,201238.0,238.0,,,,1251.2272727272727,1011.3333333333334,1,,107.0,0,901.2719665271967,202,202,42,21
msg_423,node3,node35,317,201000,201238.0,238.0,,,,1119.15,941.4166666666666,1,,452.6666666666667,0,901.2719665271967,202,202,42,21
msg_424,node4,node33,317,201000,,,,,,1002.6842105263158,2131.9411764705883,1,3669.5625,2131.3333333333335,0,2085.1236872812137,797,797,50,21
msg_425,node5,node31,317,201000,,,,,,971.578947368421,1898.5,1,3355.0555555555557,1739.888888888889,0,2085.1236872812137,797,797,50,21
msg_426,node6,node29,317,201000,,,,,,1002.6896551724138,2002.56,1,3343.1666666666665,2441.5833333333335,0,2085.1236872812137,797,797,50,21
msg_427,node7,node27,317,201000,201238.0,238.0,,,,1187.625,849.6363636363636,1,,329.6,0,901.2719665271967,202,202,42,21
msg_428,node8,node25,317,201000,201237.0,237.0,,,,922.0,853.1818181818181,1,,471.1666666666667,0,906.8776371308016,204,204,42,21
msg_429,node9,node23,317,201000,,,,,,1197.2068965517242,2090.125,1,2988.529411764706,2423.75,0,2085.1236872812137,797,797,50,21
msg_430,node10,node21,319,201000,201237.0,237.0,,,,1130.6923076923076,940.1818181818181,1,,877.875,0,904.063025210084,203,203,42,21
msg_431,node11,node19,319,201000,201236.0,236.0,,,,1164.2,807.0,1,,182.0,1,909.7203389830509,205,205,42,21
msg_432,node12,node17,319,201000,,,,,,1456.3157894736842,1762.2,1,1945.3103448275863,2173.1363636363635,1,2085.1236872812137,797,797,50,21
msg_433,node13,node15,319,201000,201235.0,235.0,,,,852.0,777.3333333333334,1,1051.6666666666667,892.6666666666666,1,912.5914893617021,206,206,42,21
msg_434,node14,node12,319,201000,,,,,,1546.7241379310344,1966.4782608695652,1,1456.3157894736842,1762.2,1,2085.1236872812137,797,797,50,21
msg_435,node15,node10,319,201000,201235.0,235.0,,,,1153.75,892.6666666666666,1,1130.6923076923076,1010.7,1,915.4871794871794,207,207,42,21
msg_436,node16,node8,317,201000,,,,,,1938.5263157894738,2457.3846153846152,1,1135.551724137931,1850.84,1,2085.1236872812137,797,797,50,21
msg_437,node17,node6,317,201000,201233.0,233.0,,,,1406.0,997.6666666666666,1,839.0,1107.909090909091,1,918.4163090128756,208,208,42,21
msg_438,node18,node4,317,201000,201232.0,232.0,,,,,1139.6666666666667,1,807.0833333333334,888.0,1,921.375,209,209,42,21
msg_439,node19,node2,317,201000,,,,,,2462.157894736842,2360.0,1,1090.7931034482758,1877.4615384615386,1,2085.1236872812137,797,797,50,21
msg_440,node20,node0,317,201000,201231.0,231.0,,,,,1029.888888888889,1,1.0,1099.4166666666667,1,924.3636363636364,210,210,42,21
msg_441,node0,node42,317,206000,,,,,,1.0344827586206897,1925.3703703703704,1,4580.5,2925.4444444444443,0,2085.1236872812137,797,797,50,21
msg_442,node1,node40,317,206000,207204.0,1204.0,,,,872.3478260869565,880.3076923076923,1,,1.0,0,902.812,212,212,43,21
msg_443,node2,node38,317,206000,,,,,,1090.7931034482758,1877.4615384615386,1,4001.75,2603.0,0,2085.1236872812137,797,797,50,21
msg_444,node3,node36,317,206000,207203.0,1203.0,,,,1077.1904761904761,941.4166666666666,1,,1449.0,0,901.6064257028113,213,213,43,21
msg_445,node4,node34,317,206000,207202.0,1202.0,,,,807.0833333333334,756.8,1,,,0,900.3951612903226,214,214,43,21
msg_446,node5,node32,317,206000,,,,,,971.578947368421,1898.5,1,3224.6470588235293,1874.2777777777778,0,2085.1236872812137,797,797,50,21
msg_447,node6,node30,317,206000,,,,,,1002.6896551724138,2002.56,1,3824.5833333333335,2727.6666666666665,0,2085.1236872812137,797,797,50,21
msg_448,node7,node28,317,206000,,,,,,1248.896551724138,1915.16,1,3443.3846153846152,2654.0833333333335,0,2085.1236872812137,797,797,50,21
msg_449,node8,node26,317,206000,,,,,,1135.551724137931,1850.84,1,3263.6666666666665,2337.6666666666665,0,2085.1236872812137,797,797,50,21
msg_450,node9,node24,317,206000,207199.0,1199.0,,,,919.7142857142857,1375.6363636363637,1,,986.8571428571429,0,899.1862348178138,215,215,43,21
msg_451,node10,node22,319,206000,,,,,,1290.8275862068965,1922.1666666666667,1,2809.777777777778,2560.6153846153848,0,2085.1236872812137,797,797,50,21
msg_452,node11,node20,319,206000,,,,,,1239.842105263158,2232.733333333333,1,2397.9310344827586,2092.1428571428573,1,2085.1236872812137,797,797,50,21
msg_453,node12,node18,319,206000,207198.0,1198.0,,,,907.0,158.0,1,713.5,1139.6666666666667,1,897.9715447154472,216,216,43,21
msg_454,node13,node16,319,206000,,,,,,1417.1379310344828,1970.4782608695652,1,1938.5263157894738,2457.3846153846152,1,2085.1236872812137,797,797,50,21
msg_455,node14,node13,319,206000,207198.0,1198.0,,,,1144.2222222222222,817.2,1,795.9090909090909,777.3333333333334,1,896.7469387755102,217,217,43,21
msg_456,node15,node11,319,206000,,,,,,1727.0689655172414,2069.478260869565,1,1239.842105263158,2232.733333333333,1,2085.1236872812137,797,797,50,21
msg_457,node16,node9,317,206000,,,,,,1938.5263157894738,2457.3846153846152,1,1197.2068965517242,2090.125,1,2085.1236872812137,797,797,50,21
msg_458,node17,node7,317,206000,207196.0,1196.0,,,,1171.4,997.6666666666666,1,1131.764705882353,849.6363636363636,1,895.5204918032787,218,218,43,21
msg_459,node18,node5,317,206000,207195.0,1195.0,,,,232.0,1139.6666666666667,1,1062.9166666666667,1351.5,1,894.2880658436214,219,219,43,21
msg_460,node19,node3,317,206000,,,,,,2462.157894736842,2360.0,1,1104.8620689655172,1784.0,1,2085.1236872812137,797,797,50,21
msg_461,node20,node1,317,206000,207194.0,1194.0,,,,231.0,1029.888888888889,1,872.3478260869565,854.1666666666666,1,893.0495867768595,220,220,43,21
msg_462,node0,node43,317,211000,,,,,,1.0344827586206897,1925.3703703703704,1,4472.0,3219.6666666666665,0,2085.1236872812137,797,797,50,22
msg_463,node1,node41,317,211000,213227.0,2227.0,,,,886.1666666666666,880.3076923076923,1,,1.0,0,954.4942528735633,223,223,44,22
msg_464,node2,node39,317,211000,,,,,,1090.7931034482758,1877.4615384615386,1,4435.0,3013.7,0,2085.1236872812137,797,797,50,22
msg_465,node3,node37,317,211000,213227.0,2227.0,,,,1082.909090909091,941.4166666666666,1,,150.66666666666666,0,954.4942528735633,223,223,44,22
msg_466,node4,node35,317,211000,,,,,,1002.6842105263158,2131.9411764705883,1,3630.3571428571427,2255.0555555555557,0,2085.1236872812137,797,797,50,22
msg_467,node5,node33,317,211000,,,,,,971.578947368421,1898.5,1,3669.5625,2131.3333333333335,0,2085.1236872812137,797,797,50,22
msg_468,node6,node31,317,211000,213227.0,2227.0,,,,839.0,1035.0,1,,859.5,0,949.6,224,224,44,22
msg_469,node7,node29,317,211000,,,,,,1248.896551724138,1915.16,1,3343.1666666666665,2441.5833333333335,0,2085.1236872812137,797,797,50,22
msg_470,node8,node27,317,211000,213225.0,2225.0,,,,879.1875,967.0,1,,314.3333333333333,0,939.7131782945736,226,226,44,22
msg_471,node9,node25,317,211000,213225.0,2225.0,,,,938.3333333333334,1375.6363636363637,1,,437.7142857142857,0,939.7131782945736,226,226,44,22
msg_472,node10,node23,319,211000,,,,,,1290.8275862068965,1922.1666666666667,1,2988.529411764706,2423.75,0,2085.1236872812137,797,797,50,22
msg_473,node11,node21,319,211000,,,,,,1239.842105263158,2232.733333333333,1,2342.7241379310344,2020.7,1,2085.1236872812137,797,797,50,22
msg_474,node12,node19,319,211000,213223.0,2223.0,,,,965.2,158.0,1,2218.0,200.0,1,934.7198443579766,227,227,44,22
msg_475,node13,node17,319,211000,213222.0,2222.0,,,,795.9090909090909,819.4,1,1324.5714285714287,997.6666666666666,1,924.6196078431373,229,229,44,22
msg_476,node14,node15,319,211000,213223.0,2223.0,,,,1149.6,817.2,1,1051.6666666666667,826.9,1,929.6875,228,228,44,22
msg_477,node15,node12,319,211000,,,,,,1727.0689655172414,2069.478260869565,1,1456.3157894736842,1762.2,1,2085.1236872812137,797,797,50,22
msg_478,node16,node10,319,211000,,,,,,1938.5263157894738,2457.3846153846152,1,1290.8275862068965,1922.1666666666667,1,2085.1236872812137,797,797,50,22
msg_479,node17,node8,317,211000,213219.0,2219.0,,,,1175.5,997.6666666666666,1,879.1875,853.1818181818181,1,919.5236220472441,230,230,44,22
msg_480,node18,node6,317,211000,,,,,,1991.578947368421,2374.153846153846,1,1002.6896551724138,2002.56,1,2085.1236872812137,797,797,50,22
msg_481,node19,node4,317,211000,213218.0,2218.0,,,,,200.0,1,837.4615384615385,756.8,1,914.3913043478261,231,231,44,22
msg_482,node20,node2,317,211000,213217.0,2217.0,,,,712.5,1029.888888888889,1,1207.1739130434783,1011.3333333333334,1,909.2222222222222,232,232,44,22
msg_483,node21,node0,317,211000,213217.0,2217.0,,,,,806.6666666666666,1,1.0,1032.6153846153845,1,904.0119521912351,233,233,44,22
msg_484,node0,node44,317,216000,216001.0,1.0,,,,1.0,1117.2142857142858,1,,,0,964.1711026615969,243,243,45,22
msg_485,node1,node42,317,216000,,,,,,946.6551724137931,1648.576923076923,1,4580.5,2925.4444444444443,0,2085.1236872812137,797,797,50,22
msg_486,node2,node40,317,216000,216290.0,290.0,,,,1207.1739130434783,1104.076923076923,1,,602.5,0,935.8321167883212,232,232,45,22
msg_487,node3,node38,317,216000,,,,,,1104.8620689655172,1784.0,1,4001.75,2603.0,0,2085.1236872812137,797,797,50,22
msg_488,node4,node36,317,216000,,,,,,1002.6842105263158,2131.9411764705883,1,4049.230769230769,2285.0555555555557,0,2085.1236872812137,797,797,50,22
msg_489,node5,node34,317,216000,216289.0,289.0,,,,1062.9166666666667,1146.8333333333333,1,,1202.0,0,940.5845588235294,234,234,45,22
msg_490,node6,node32,317,216000,216290.0,290.0,,,,916.1111111111111,1035.0,1,,652.0,0,938.1978021978022,233,233,45,22
msg_491,node7,node30,317,216000,,,,,,1248.896551724138,1915.16,1,3824.5833333333335,2727.6666666666665,0,2085.1236872812137,797,797,50,22
msg_492,node8,node28,317,216000,,,,,,1135.551724137931,1850.84,1,3443.3846153846152,2654.0833333333335,0,2085.1236872812137,797,797,50,22
msg_493,node9,node26,317,216000,,,,,,1197.2068965517242,2090.125,1,3263.6666666666665,2337.6666666666665,0,2085.1236872812137,797,797,50,22
msg_494,node10,node24,319,216000,216288.0,288.0,,,,1066.857142857143,940.1818181818181,1,,1013.375,0,942.9926199261993,235,235,45,22
msg_495,node11,node22,319,216000,216286.0,286.0,,,,1009.5,676.0,1,,1601.0,0,945.425925925926,236,236,45,22
msg_496,node12,node20,319,216000,,,,,,1456.3157894736842,1762.2,1,2397.9310344827586,2092.1428571428573,1,2085.1236872812137,797,797,50,22
msg_497,node13,node18,319,216000,,,,,,1417.1379310344828,1970.4782608695652,1,1991.578947368421,2374.153846153846,1,2085.1236872812137,797,797,50,22
msg_498,node14,node16,319,216000,,,,,,1546.7241379310344,1966.4782608695652,1,1938.5263157894738,2457.3846153846152,1,2085.1236872812137,797,797,50,22
msg_499,node15,node13,319,216000,216284.0,284.0,,,,1051.6666666666667,953.8181818181819,1,914.75,819.4,1,947.8847583643122,237,237,45,22
msg_500,node16,node11,319,216000,216283.0,283.0,,,,1649.0,1641.0,1,1009.5,807.0,1,950.3656716417911,238,238,45,22
msg_501,node17,node9,317,216000,216282.0,282.0,,,,1324.5714285714287,1120.1,1,1018.75,1375.6363636363637,1,952.8689138576779,239,239,45,22
msg_502,node18,node7,317,216000,,,,,,1991.578947368421,2374.153846153846,1,1248.896551724138,1915.16,1,2085.1236872812137,797,797,50,22
msg_503,node19,node5,317,216000,216280.0,280.0,,,,2218.0,705.75,1,1062.9166666666667,1320.2,1,955.3984962406015,240,240,45,22
msg_504,node20,node3,317,216000,216279.0,279.0,,,,1214.0,1029.888888888889,1,1132.6521739130435,941.4166666666666,1,957.9509433962264,241,241,45,22
msg_505,node21,node1,317,216000,216279.0,279.0,,,,2217.0,806.6666666666666,1,939.8,880.3076923076923,1,960.5227272727273,242,242,45,22
msg_506,node0,node45,317,221000,221001.0,1.0,,,,1.0,1117.2142857142858,1,,,0,933.4836363636364,254,254,46,23
msg_507,node1,node43,317,221000,,,,,,946.6551724137931,1648.576923076923,1,4472.0,3219.6666666666665,0,2085.1236872812137,797,797,50,23
msg_508,node2,node41,317,221000,221377.0,377.0,,,,1168.9583333333333,1051.0714285714287,1,,1114.0,0,910.4370629370629,243,243,46,23
msg_509,node3,node39,317,221000,,,,,,1104.8620689655172,1784.0,1,4435.0,3013.7,0,2085.1236872812137,797,797,50,23
msg_510,node4,node37,317,221000,,,,,,1002.6842105263158,2131.9411764705883,1,4037.25,2203.1111111111113,0,2085.1236872812137,797,797,50,23
msg_511,node5,node35,317,221000,,,,,,971.578947368421,1898.5,1,3630.3571428571427,2255.0555555555557,0,2085.1236872812137,797,797,50,23
msg_512,node6,node33,317,221000,221373.0,373.0,,,,883.1578947368421,1035.0,1,,871.25,0,912.3228070175438,244,244,46,23
msg_513,node7,node31,317,221000,221373.0,373.0,,,,1131.764705882353,878.5,1,,1133.0,0,914.2218309859155,245,245,46,23
msg_514,node8,node29,317,221000,,,,,,1135.551724137931,1850.84,1,3343.1666666666665,2441.5833333333335,0,2085.1236872812137,797,797,50,23
msg_515,node9,node27,317,221000,221369.0,369.0,,,,1018.75,1284.5,1,,587.2857142857143,0,916.148409893993,246,246,46,23
msg_516,node10,node25,319,221000,221369.0,369.0,,,,1014.9333333333333,892.25,1,,661.125,0,918.0886524822695,247,247,46,23
msg_517,node11,node23,319,221000,221367.0,367.0,,,,906.1428571428571,676.0,1,,635.0,0,922.025,249,249,46,23
msg_518,node12,node21,319,221000,,,,,,1456.3157894736842,1762.2,1,2342.7241379310344,2020.7,1,2085.1236872812137,797,797,50,23
msg_519,node13,node19,319,221000,,,,,,1417.1379310344828,1970.4782608695652,1,2462.157894736842,2360.0,1,2085.1236872812137,797,797,50,23
msg_520,node14,node17,319,221000,221367.0,367.0,,,,1247.1818181818182,776.1818181818181,1,1102.111111111111,1120.1,1,920.0498220640569,248,248,46,23
msg_521,node15,node14,319,221000,221366.0,366.0,,,,974.9,953.8181818181819,1,1247.1818181818182,817.2,1,924.0179211469534,250,250,46,23
msg_522,node16,node12,319,221000,221365.0,365.0,,,,1193.6666666666667,1641.0,1,1174.8333333333333,158.0,1,926.0287769784172,251,251,46,23
msg_523,node17,node10,319,221000,221365.0,365.0,,,,1194.25,1120.1,1,1014.9333333333333,940.1818181818181,1,928.0541516245487,252,252,46,23
msg_524,node18,node8,317,221000,,,,,,1991.578947368421,2374.153846153846,1,1135.551724137931,1850.84,1,2085.1236872812137,797,797,50,23
msg_525,node19,node6,317,221000,,,,,,2462.157894736842,2360.0,1,1002.6896551724138,2002.56,1,2085.1236872812137,797,797,50,23
msg_526,node20,node4,317,221000,,,,,,2397.9310344827586,2092.1428571428573,1,1002.6842105263158,2131.9411764705883,1,2085.1236872812137,797,797,50,23
msg_527,node21,node2,317,221000,221362.0,362.0,,,,1248.0,806.6666666666666,1,1168.9583333333333,1104.076923076923,1,930.1050724637681,253,253,46,23
msg_528,node22,node0,317,221000,,,,,,2809.777777777778,2560.6153846153848,1,1.0344827586206897,1925.3703703703704,1,2085.1236872812137,797,797,50,23
msg_529,node0,node46,317,226000,226001.0,1.0,,,,1.0,1117.2142857142858,1,,,0,908.5783972125436,265,265,47,23
msg_530,node1,node44,317,226000,226331.0,331.0,,,,939.8,837.3571428571429,1,,1.0,0,897.5205479452055,260,260,47,23
msg_531,node2,node42,317,226000,,,,,,1090.7931034482758,1877.4615384615386,1,4580.5,2925.4444444444443,0,2085.1236872812137,797,797,50,23
msg_532,node3,node40,317,226000,226331.0,331.0,,,,1132.6521739130435,850.0,1,,498.3333333333333,0,895.5870307167236,259,259,47,23
msg_533,node4,node38,317,226000,226331.0,331.0,,,,837.4615384615385,1000.3333333333334,1,,,0,895.5870307167236,259,259,47,23
msg_534,node5,node36,317,226000,,,,,,971.578947368421,1898.5,1,4049.230769230769,2285.0555555555557,0,2085.1236872812137,797,797,50,23
msg_535,node6,node34,317,226000,,,,,,1002.6896551724138,2002.56,1,4077.875,2889.7272727272725,0,2085.1236872812137,797,797,50,23
msg_536,node7,node32,317,226000,226331.0,331.0,,,,1089.611111111111,878.5,1,,579.6,0,899.46735395189,261,261,47,23
msg_537,node8,node30,317,226000,,,,,,1135.551724137931,1850.84,1,3824.5833333333335,2727.6666666666665,0,2085.1236872812137,797,797,50,23
msg_538,node9,node28,317,226000,,,,,,1197.2068965517242,2090.125,1,3443.3846153846152,2654.0833333333335,0,2085.1236872812137,797,797,50,23
msg_539,node10,node26,319,226000,,,,,,1290.8275862068965,1922.1666666666667,1,3263.6666666666665,2337.6666666666665,0,2085.1236872812137,797,797,50,23
msg_540,node11,node24,319,226000,,,,,,1239.842105263158,2232.733333333333,1,2573.32,2052.2,0,2085.1236872812137,797,797,50,23
msg_541,node12,node22,319,226000,226329.0,329.0,,,,1174.8333333333333,209.75,1,,1162.6666666666667,1,903.4152249134949,263,263,47,23
msg_542,node13,node20,319,226000,226329.0,329.0,,,,914.75,770.7272727272727,1,980.25,1029.888888888889,1,903.4152249134949,263,263,47,23
msg_543,node14,node18,319,226000,,,,,,1546.7241379310344,1966.4782608695652,1,1991.578947368421,2374.153846153846,1,2085.1236872812137,797,797,50,23
msg_544,node15,node16,319,226000,,,,,,1727.0689655172414,2069.478260869565,1,1938.5263157894738,2457.3846153846152,1,2085.1236872812137,797,797,50,23
msg_545,node16,node13,319,226000,,,,,,1938.5263157894738,2457.3846153846152,1,1417.1379310344828,1970.4782608695652,1,2085.1236872812137,797,797,50,23
msg_546,node17,node11,319,226000,,,,,,1945.3103448275863,2173.1363636363635,1,1239.842105263158,2232.733333333333,1,2085.1236872812137,797,797,50,23
msg_547,node18,node9,317,226000,,,,,,1991.578947368421,2374.153846153846,1,1197.2068965517242,2090.125,1,2085.1236872812137,797,797,50,23
msg_548,node19,node7,317,226000,,,,,,2462.157894736842,2360.0,1,1248.896551724138,1915.16,1,2085.1236872812137,797,797,50,23
msg_549,node20,node5,317,226000,,,,,,2397.9310344827586,2092.1428571428573,1,971.578947368421,1898.5,1,2085.1236872812137,797,797,50,23
msg_550,node21,node3,317,226000,226324.0,324.0,,,,952.6666666666666,806.6666666666666,1,1132.6521739130435,890.4615384615385,1,905.4270833333334,264,264,47,23
msg_551,node22,node1,317,226000,,,,,,2809.777777777778,2560.6153846153848,1,946.6551724137931,1648.576923076923,1,2085.1236872812137,797,797,50,23
msg_552,node0,node47,317,231000,,,,,,1.0344827586206897,1925.3703703703704,1,,2963.0,0,2085.1236872812137,797,797,50,24
msg_553,node1,node45,317,231000,233260.0,2260.0,,,,916.3846153846154,837.3571428571429,1,,1.0,0,900.959595959596,279,279,48,24
msg_554,node2,node43,317,231000,,,,,,1090.7931034482758,1877.4615384615386,1,4472.0,3219.6666666666665,0,2085.1236872812137,797,797,50,24
msg_555,node3,node41,317,231000,233260.0,2260.0,,,,1099.25,850.0,1,,868.3333333333334,0,900.959595959596,279,279,48,24
msg_556,node4,node39,317,231000,233260.0,2260.0,,,,801.2857142857143,1000.3333333333334,1,,,0,900.959595959596,279,279,48,24
msg_557,node5,node37,317,231000,,,,,,971.578947368421,1898.5,1,4037.25,2203.1111111111113,0,2085.1236872812137,797,797,50,24
msg_558,node6,node35,317,231000,233260.0,2260.0,,,,857.65,1129.0,1,,399.0,0,900.959595959596,279,279,48,24
msg_559,node7,node33,317,231000,233260.0,2260.0,,,,1049.6842105263158,878.5,1,,771.6,0,900.959595959596,279,279,48,24
msg_560,node8,node31,317,231000,233261.0,2261.0,,,,958.3529411764706,967.0,1,,1006.3333333333334,0,927.8712871287129,273,273,48,24
msg_561,node9,node29,317,231000,,,,,,1197.2068965517242,2090.125,1,3343.1666666666665,2441.5833333333335,0,2085.1236872812137,797,797,50,24
msg_562,node10,node27,319,231000,233261.0,2261.0,,,,974.5625,892.25,1,,560.0,0,932.2565789473684,272,272,48,24
msg_563,node11,node25,319,231000,,,,,,1239.842105263158,2232.733333333333,1,2878.44,1724.157894736842,0,2085.1236872812137,797,797,50,24
msg_564,node12,node23,319,231000,233260.0,2260.0,,,,1054.0,209.75,1,,545.6666666666666,1,923.4602649006622,274,274,48,24
msg_565,node13,node21,319,231000,233261.0,2261.0,,,,869.6923076923077,770.7272727272727,1,795.5,806.6666666666666,1,936.6131147540983,271,271,48,24
msg_566,node14,node19,319,231000,,,,,,1546.7241379310344,1966.4782608695652,1,2462.157894736842,2360.0,1,2085.1236872812137,797,797,50,24
msg_567,node15,node17,319,231000,233259.0,2259.0,,,,919.5454545454545,953.8181818181819,1,1102.111111111111,1051.6363636363637,1,896.3716216216217,280,280,48,24
msg_568,node16,node14,319,231000,,,,,,1938.5263157894738,2457.3846153846152,1,1546.7241379310344,1966.4782608695652,1,2085.1236872812137,797,797,50,24
msg_569,node17,node12,319,231000,,,,,,1945.3103448275863,2173.1363636363635,1,1456.3157894736842,1762.2,1,2085.1236872812137,797,797,50,24
msg_570,node18,node10,319,231000,,,,,,1991.578947368421,2374.153846153846,1,1290.8275862068965,1922.1666666666667,1,2085.1236872812137,797,797,50,24
msg_571,node19,node8,317,231000,,,,,,2462.157894736842,2360.0,1,1135.551724137931,1850.84,1,2085.1236872812137,797,797,50,24
msg_572,node20,node6,317,231000,233257.0,2257.0,,,,980.25,959.8,1,857.65,1035.0,1,891.7593220338983,281,281,48,24
msg_573,node21,node4,317,231000,,,,,,2342.7241379310344,2020.7,1,1002.6842105263158,2131.9411764705883,1,2085.1236872812137,797,797,50,24
msg_574,node22,node2,317,231000,,,,,,2809.777777777778,2560.6153846153848,1,1090.7931034482758,1877.4615384615386,1,2085.1236872812137,797,797,50,24
msg_575,node23,node0,317,231000,,,,,,2988.529411764706,2423.75,1,1.0344827586206897,1925.3703703703704,1,2085.1236872812137,797,797,50,24
msg_576,node0,node48,317,236000,,,,,,1.0344827586206897,1925.3703703703704,1,,0.7142857142857143,0,2085.1236872812137,797,797,50,24
msg_577,node1,node46,317,236000,237365.0,1365.0,,,,966.1481481481482,837.3571428571429,1,,1.0,0,949.0512820512821,288,288,49,24
msg_578,node2,node44,317,236000,237365.0,1365.0,,,,1137.28,1051.0714285714287,1,,166.0,0,949.0512820512821,288,288,49,24
msg_579,node3,node42,317,236000,,,,,,1104.8620689655172,1784.0,1,4580.5,2925.4444444444443,0,2085.1236872812137,797,797,50,24
msg_580,node4,node40,317,236000,,,,,,1002.6842105263158,2131.9411764705883,1,4433.777777777777,2272.294117647059,0,2085.1236872812137,797,797,50,24
msg_581,node5,node38,317,236000,237365.0,1365.0,,,,1003.3846153846154,1146.8333333333333,1,,331.0,0,949.0512820512821,288,288,49,24
msg_582,node6,node36,317,236000,237365.0,1365.0,,,,924.4285714285714,1129.0,1,,1387.5,0,949.0512820512821,288,288,49,24
msg_583,node7,node34,317,236000,,,,,,1248.896551724138,1915.16,1,4077.875,2889.7272727272725,0,2085.1236872812137,797,797,50,24
msg_584,node8,node32,317,236000,237365.0,1365.0,,,,1030.7222222222222,967.0,1,,538.1666666666666,0,947.7138263665595,289,289,49,24
msg_585,node9,node30,317,236000,,,,,,1197.2068965517242,2090.125,1,3824.5833333333335,2727.6666666666665,0,2085.1236872812137,797,797,50,24
msg_586,node10,node28,319,236000,,,,,,1290.8275862068965,1922.1666666666667,1,3443.3846153846152,2654.0833333333335,0,2085.1236872812137,797,797,50,24
msg_587,node11,node26,319,236000,237364.0,1364.0,,,,838.75,813.0,1,,212.0,0,946.3709677419355,290,290,49,24
msg_588,node12,node24,319,236000,,,,,,1456.3157894736842,1762.2,1,2573.32,2052.2,0,2085.1236872812137,797,797,50,24
msg_589,node13,node22,319,236000,,,,,,1417.1379310344828,1970.4782608695652,1,2809.777777777778,2560.6153846153848,1,2085.1236872812137,797,797,50,24
msg_590,node14,node20,319,236000,237364.0,1364.0,,,,1173.8333333333333,776.1818181818181,1,1256.3333333333333,959.8,1,945.0194174757281,291,291,49,24
msg_591,node15,node18,319,236000,,,,,,1727.0689655172414,2069.478260869565,1,1991.578947368421,2374.153846153846,1,2085.1236872812137,797,797,50,24
msg_592,node16,node15,319,236000,,,,,,1938.5263157894738,2457.3846153846152,1,1727.0689655172414,2069.478260869565,1,2085.1236872812137,797,797,50,24
msg_593,node17,node13,319,236000,237362.0,1362.0,,,,1102.111111111111,1152.25,1,969.0714285714286,770.7272727272727,1,943.6655844155844,292,292,49,24
msg_594,node18,node11,319,236000,237361.0,1361.0,,,,713.5,1154.25,1,838.75,676.0,1,942.3061889250814,293,293,49,24
msg_595,node19,node9,317,236000,,,,,,2462.157894736842,2360.0,1,1197.2068965517242,2090.125,1,2085.1236872812137,797,797,50,24
msg_596,node20,node7,317,236000,237360.0,1360.0,,,,1235.6,959.8,1,1110.2,878.5,1,940.9411764705883,294,294,49,24
msg_597,node21,node5,317,236000,,,,,,2342.7241379310344,2020.7,1,971.578947368421,1898.5,1,2085.1236872812137,797,797,50,24
msg_598,node22,node3,317,236000,,,,,,2809.777777777778,2560.6153846153848,1,1104.8620689655172,1784.0,1,2085.1236872812137,797,797,50,24
msg_599,node23,node1,317,236000,,,,,,2988.529411764706,2423.75,1,946.6551724137931,1648.576923076923,1,2085.1236872812137,797,797,50,24
msg_600,node0,node49,317,241000,241002.0,2.0,,,,1.0,1117.2142857142858,1,,,0,954.3164556962025,309,309,50,25
msg_601,node1,node47,317,241000,,,,,,946.6551724137931,1648.576923076923,1,,2963.0,0,2085.1236872812137,797,797,50,25
msg_602,node2,node45,317,241000,241401.0,401.0,,,,1146.0384615384614,1051.0714285714287,1,,1130.5,0,931.048632218845,296,296,50,25
msg_603,node3,node43,317,241000,,,,,,1104.8620689655172,1784.0,1,4472.0,3219.6666666666665,0,2085.1236872812137,797,797,50,25
msg_604,node4,node41,317,241000,,,,,,1002.6842105263158,2131.9411764705883,1,4401.714285714285,2499.764705882353,0,2085.1236872812137,797,797,50,25
msg_605,node5,node39,317,241000,241400.0,400.0,,,,1029.2142857142858,1146.8333333333333,1,,2260.0,0,935.9355828220858,299,299,50,25
msg_606,node6,node37,317,241000,241400.0,400.0,,,,944.4545454545455,1076.357142857143,1,,669.75,0,934.2966360856269,298,298,50,25
msg_607,node7,node35,317,241000,241400.0,400.0,,,,1110.2,915.5384615384615,1,,771.2,0,934.2966360856269,298,298,50,25
msg_608,node8,node33,317,241000,241399.0,399.0,,,,1048.3157894736842,922.7692307692307,1,,1019.6666666666666,0,939.2469135802469,301,301,50,25
msg_609,node9,node31,317,241000,241400.0,400.0,,,,980.5294117647059,1284.5,1,,1185.5714285714287,0,937.5846153846154,300,300,50,25
msg_610,node10,node29,319,241000,,,,,,1290.8275862068965,1922.1666666666667,1,3343.1666666666665,2441.5833333333335,0,2085.1236872812137,797,797,50,25
msg_611,node11,node27,319,241000,,,,,,1239.842105263158,2232.733333333333,1,3183.913043478261,1825.0555555555557,0,2085.1236872812137,797,797,50,25
msg_612,node12,node25,319,241000,,,,,,1456.3157894736842,1762.2,1,2878.44,1724.157894736842,0,2085.1236872812137,797,797,50,25
msg_613,node13,node23,319,241000,,,,,,1417.1379310344828,1970.4782608695652,1,2988.529411764706,2423.75,1,2085.1236872812137,797,797,50,25
msg_614,node14,node21,319,241000,241397.0,397.0,,,,1188.4615384615386,744.5,1,714.8,952.1,1,940.9256965944272,302,302,50,25
msg_615,node15,node19,319,241000,,,,,,1727.0689655172414,2069.478260869565,1,2462.157894736842,2360.0,1,2085.1236872812137,797,797,50,25
msg_616,node16,node17,319,241000,,,,,,1938.5263157894738,2457.3846153846152,1,1945.3103448275863,2173.1363636363635,1,2085.1236872812137,797,797,50,25
msg_617,node17,node14,319,241000,241396.0,396.0,,,,1128.1,1152.25,1,1188.4615384615386,776.1818181818181,1,942.6180124223603,303,303,50,25
msg_618,node18,node12,319,241000,241394.0,394.0,,,,929.3333333333334,1154.25,1,1204.75,209.75,1,944.3271028037383,304,304,50,25
msg_619,node19,node10,319,241000,,,,,,2462.157894736842,2360.0,1,1290.8275862068965,1922.1666666666667,1,2085.1236872812137,797,797,50,25
msg_620,node20,node8,317,241000,241392.0,392.0,,,,1256.3333333333333,996.5454545454545,1,1048.3157894736842,967.0,1,946.053125,305,305,50,25
msg_621,node21,node6,317,241000,241392.0,392.0,,,,795.5,952.1,1,944.4545454545455,1129.0,1,947.7899686520376,306,306,50,25
msg_622,node22,node4,317,241000,241390.0,390.0,,,,,954.25,1,898.5333333333333,1000.3333333333334,1,949.5440251572327,307,307,50,25
msg_623,node23,node2,317,241000,,,,,,2988.529411764706,2423.75,1,1090.7931034482758,1877.4615384615386,1,2085.1236872812137,797,797,50,25
msg_624,node24,node0,317,241000,241389.0,389.0,,,,,932.7777777777778,1,1.0344827586206897,1117.2142857142858,1,951.3123028391167,308,308,50,25
msg_625,node1,node48,317,246000,,,,,,946.6551724137931,1648.576923076923,1,,0.7142857142857143,0,2085.1236872812137,797,797,50,24
msg_626,node2,node46,317,246000,247433.0,1433.0,,,,1118.4444444444443,1051.0714285714287,1,,683.0,0,949.7238372093024,305,305,50,24
msg_627,node3,node44,317,246000,247433.0,1433.0,,,,1145.68,850.0,1,,565.6666666666666,0,949.7238372093024,305,305,50,24
msg_628,node4,node42,317,246000,247432.0,1432.0,,,,898.5333333333333,913.1428571428571,1,,,0,946.9035087719299,307,307,50,24
msg_629,node5,node40,317,246000,,,,,,971.578947368421,1898.5,1,4433.777777777777,2272.294117647059,0,2085.1236872812137,797,797,50,24
msg_630,node6,node38,317,246000,,,,,,1002.6896551724138,2002.56,1,4001.75,2603.0,0,2085.1236872812137,797,797,50,24
msg_631,node7,node36,317,246000,247432.0,1432.0,,,,1076.3809523809523,951.9285714285714,1,,1383.0,0,948.3177842565598,306,306,50,24
msg_632,node8,node34,317,246000,,,,,,1135.551724137931,1850.84,1,4077.875,2889.7272727272725,0,2085.1236872812137,797,797,50,24
msg_633,node9,node32,317,246000,247432.0,1432.0,,,,948.2777777777778,1295.3076923076924,1,,656.2857142857143,0,945.4809384164223,308,308,50,24
msg_634,node10,node30,319,246000,,,,,,1290.8275862068965,1922.1666666666667,1,3824.5833333333335,2727.6666666666665,0,2085.1236872812137,797,797,50,24
msg_635,node11,node28,319,246000,247430.0,1430.0,,,,897.1111111111111,915.1666666666666,1,,1196.5,0,941.1804733727811,311,311,50,24
msg_636,node12,node26,319,246000,247430.0,1430.0,,,,1204.75,246.6,1,,596.0,0,941.1804733727811,311,311,50,24
msg_637,node13,node24,319,246000,247430.0,1430.0,,,,969.0714285714286,820.0,1,905.0,932.7777777777778,1,941.1804733727811,311,311,50,24
msg_638,node14,node22,319,246000,,,,,,1546.7241379310344,1966.4782608695652,1,2809.777777777778,2560.6153846153848,1,2085.1236872812137,797,797,50,24
msg_639,node15,node20,319,246000,247428.0,1428.0,,,,1031.1666666666667,993.25,1,1169.375,996.5454545454545,1,938.2827380952381,313,313,50,24
msg_640,node16,node18,319,246000,247428.0,1428.0,,,,986.5,1641.0,1,795.5,1154.25,1,938.2827380952381,313,313,50,24
msg_641,node17,node15,319,246000,247427.0,1427.0,,,,1061.5454545454545,1152.25,1,1031.1666666666667,953.8181818181819,1,936.823880597015,314,314,50,24
msg_642,node18,node13,319,246000,,,,,,1991.578947368421,2374.153846153846,1,1417.1379310344828,1970.4782608695652,1,2085.1236872812137,797,797,50,24
msg_643,node19,node11,319,246000,247426.0,1426.0,,,,1249.0,705.75,1,897.1111111111111,813.0,1,935.3592814371258,315,315,50,24
msg_644,node20,node9,317,246000,247425.0,1425.0,,,,1132.857142857143,996.5454545454545,1,948.2777777777778,1284.5,1,933.8888888888889,316,316,50,24
msg_645,node21,node7,317,246000,247425.0,1425.0,,,,714.8,901.6363636363636,1,1076.3809523809523,915.5384615384615,1,932.4096385542168,317,317,50,24
msg_646,node22,node5,317,246000,247423.0,1423.0,,,,390.0,954.25,1,987.2666666666667,1146.8333333333333,1,930.9274924471299,318,318,50,24
msg_647,node23,node3,317,246000,,,,,,2988.529411764706,2423.75,1,1104.8620689655172,1784.0,1,2085.1236872812137,797,797,50,24
msg_648,node24,node1,317,246000,247421.0,1421.0,,,,389.0,932.7777777777778,1,980.3928571428571,837.3571428571429,1,929.4424242424243,319,319,50,24
msg_649,node1,node49,317,251000,251002.0,2.0,,,,980.3928571428571,876.2666666666667,1,,2.0,0,952.5173410404624,328,328,50,25
msg_650,node2,node47,317,251000,,,,,,1090.7931034482758,1877.4615384615386,1,,2963.0,0,2085.1236872812137,797,797,50,25
msg_651,node3,node45,317,251000,252466.0,1466.0,,,,1156.7307692307693,850.0,1,,887.3333333333334,0,969.6675900277008,313,313,50,25
msg_652,node4,node43,317,251000,252466.0,1466.0,,,,931.875,981.375,1,,,0,969.6675900277008,313,313,50,25
msg_653,node5,node41,317,251000,,,,,,971.578947368421,1898.5,1,4401.714285714285,2499.764705882353,0,2085.1236872812137,797,797,50,25
msg_654,node6,node39,317,251000,,,,,,1002.6896551724138,2002.56,1,4435.0,3013.7,0,2085.1236872812137,797,797,50,25
msg_655,node7,node37,317,251000,252465.0,1465.0,,,,1092.5454545454545,951.9285714285714,1,,615.8,0,964.1176470588235,317,317,50,25
msg_656,node8,node35,317,251000,252465.0,1465.0,,,,1015.85,961.2857142857143,1,,709.3333333333334,0,964.1176470588235,317,317,50,25
msg_657,node9,node33,317,251000,252465.0,1465.0,,,,973.7368421052631,1295.3076923076924,1,,931.0,0,964.1176470588235,317,317,50,25
msg_658,node10,node31,319,251000,252465.0,1465.0,,,,1050.235294117647,936.0769230769231,1,,1087.375,0,968.2916666666666,314,314,50,25
msg_659,node11,node29,319,251000,252464.0,1464.0,,,,950.4,915.1666666666666,1,,676.5,0,961.3014084507042,319,319,50,25
msg_660,node12,node27,319,251000,,,,,,1456.3157894736842,1762.2,1,3183.913043478261,1825.0555555555557,0,2085.1236872812137,797,797,50,25
msg_661,node13,node25,319,251000,252464.0,1464.0,,,,999.8,820.0,1,1458.0,628.6666666666666,1,961.3014084507042,319,319,50,25
msg_662,node14,node23,319,251000,,,,,,1546.7241379310344,1966.4782608695652,1,2988.529411764706,2423.75,1,2085.1236872812137,797,797,50,25
msg_663,node15,node21,319,251000,252464.0,1464.0,,,,1061.6923076923076,993.25,1,923.0,901.6363636363636,1,959.8813559322034,320,320,50,25
msg_664,node16,node19,319,251000,252463.0,1463.0,,,,1074.8,1641.0,1,1346.5,705.75,1,958.456090651558,321,321,50,25
msg_665,node17,node16,319,251000,,,,,,1945.3103448275863,2173.1363636363635,1,1938.5263157894738,2457.3846153846152,1,2085.1236872812137,797,797,50,25
msg_666,node18,node14,319,251000,,,,,,1991.578947368421,2374.153846153846,1,1546.7241379310344,1966.4782608695652,1,2085.1236872812137,797,797,50,25
msg_667,node19,node12,319,251000,252462.0,1462.0,,,,1308.0,705.75,1,1229.7777777777778,246.6,1,957.0255681818181,322,322,50,25
msg_668,node20,node10,319,251000,252462.0,1462.0,,,,1169.375,1032.5,1,1050.235294117647,892.25,1,955.5868945868946,323,323,50,25
msg_669,node21,node8,317,251000,252462.0,1462.0,,,,833.1666666666666,901.6363636363636,1,1015.85,922.7692307692307,1,954.14,324,324,50,25
msg_670,node22,node6,317,251000,,,,,,2809.777777777778,2560.6153846153848,1,1002.6896551724138,2002.56,1,2085.1236872812137,797,797,50,25
msg_671,node23,node4,317,251000,252459.0,1459.0,,,,,974.25,1,931.875,913.1428571428571,1,951.2385057471264,326,326,50,25
msg_672,node24,node2,317,251000,252459.0,1459.0,,,,905.0,982.5,1,1129.6785714285713,1051.0714285714287,1,951.2385057471264,326,326,50,25
msg_673,node25,node0,317,251000,252458.0,1458.0,,,,,628.6666666666666,1,1.0344827586206897,1068.6666666666667,0,949.7780979827089,327,327,50,25
msg_674,node2,node48,317,256000,,,,,,1090.7931034482758,1877.4615384615386,1,,0.7142857142857143,0,2085.1236872812137,797,797,50,24
msg_675,node3,node46,317,256000,256498.0,498.0,,,,1168.1851851851852,826.2,1,,933.0,0,967.1798365122615,331,331,50,24
msg_676,node4,node44,317,256000,,,,,,1002.6842105263158,2131.9411764705883,1,4543.333333333333,2189.866666666667,0,2085.1236872812137,797,797,50,24
msg_677,node5,node42,317,256000,256498.0,498.0,,,,987.2666666666667,1099.625,1,,1432.0,0,965.9048913043479,330,330,50,24
msg_678,node6,node40,317,256000,256498.0,498.0,,,,920.7826086956521,1076.357142857143,1,,456.5,0,965.9048913043479,330,330,50,24
msg_679,node7,node38,317,256000,,,,,,1248.896551724138,1915.16,1,4001.75,2603.0,0,2085.1236872812137,797,797,50,24
msg_680,node8,node36,317,256000,256498.0,498.0,,,,1037.2380952380952,961.2857142857143,1,,1391.1666666666667,0,965.9048913043479,330,330,50,24
msg_681,node9,node34,317,256000,,,,,,1197.2068965517242,2090.125,1,4077.875,2889.7272727272725,0,2085.1236872812137,797,797,50,24
msg_682,node10,node32,319,256000,256498.0,498.0,,,,1073.2777777777778,936.0769230769231,1,,753.25,0,962.1212938005391,327,327,50,24
msg_683,node11,node30,319,256000,256498.0,498.0,,,,997.0909090909091,915.1666666666666,1,,2172.5,0,962.1212938005391,327,327,50,24
msg_684,node12,node28,319,256000,256498.0,498.0,,,,1229.7777777777778,449.1666666666667,1,,1274.3333333333333,0,962.1212938005391,327,327,50,24
msg_685,node13,node26,319,256000,,,,,,1417.1379310344828,1970.4782608695652,1,3263.6666666666665,2337.6666666666665,0,2085.1236872812137,797,797,50,24
msg_686,node14,node24,319,256000,256499.0,499.0,,,,1131.9285714285713,744.5,1,940.5,982.5,1,958.3983957219251,324,324,50,24
msg_687,node15,node22,319,256000,,,,,,1727.0689655172414,2069.478260869565,1,2809.777777777778,2560.6153846153848,1,2085.1236872812137,797,797,50,24
msg_688,node16,node20,319,256000,,,,,,1938.5263157894738,2457.3846153846152,1,2397.9310344827586,2092.1428571428573,1,2085.1236872812137,797,797,50,24
msg_689,node17,node18,319,256000,,,,,,1945.3103448275863,2173.1363636363635,1,1991.578947368421,2374.153846153846,1,2085.1236872812137,797,797,50,24
msg_690,node18,node15,319,256000,,,,,,1991.578947368421,2374.153846153846,1,1727.0689655172414,2069.478260869565,1,2085.1236872812137,797,797,50,24
msg_691,node19,node13,319,256000,,,,,,2462.157894736842,2360.0,1,1417.1379310344828,1970.4782608695652,1,2085.1236872812137,797,797,50,24
msg_692,node20,node11,319,256000,,,,,,2397.9310344827586,2092.1428571428573,1,1239.842105263158,2232.733333333333,1,2085.1236872812137,797,797,50,24
msg_693,node21,node9,317,256000,256495.0,495.0,,,,923.0,948.5,1,998.3,1295.3076923076924,1,968.4699453551913,332,332,50,24
msg_694,node22,node7,317,256000,,,,,,2809.777777777778,2560.6153846153848,1,1248.896551724138,1915.16,1,2085.1236872812137,797,797,50,24
msg_695,node23,node5,317,256000,256493.0,493.0,,,,1459.0,974.25,1,987.2666666666667,1186.2857142857142,1,971.0824175824176,334,334,50,24
msg_696,node24,node3,317,256000,256493.0,493.0,,,,1089.6666666666667,982.5,1,1168.1851851851852,850.0,1,971.0824175824176,334,334,50,24
msg_697,node25,node1,317,256000,256492.0,492.0,,,,1458.0,712.2,1,946.6551724137931,876.2666666666667,0,972.4022038567493,335,335,50,24
msg_698,node2,node49,317,261000,261002.0,2.0,,,,1129.6785714285713,1078.2666666666667,1,,2.0,0,957.1733333333333,348,348,50,25
msg_699,node3,node47,317,261000,,,,,,1104.8620689655172,1784.0,1,,2963.0,0,2085.1236872812137,797,797,50,25
msg_700,node4,node45,317,261000,,,,,,1002.6842105263158,2131.9411764705883,1,4472.0,2254.133333333333,0,2085.1236872812137,797,797,50,25
msg_701,node5,node43,317,261000,262536.0,1536.0,,,,956.6875,1099.625,1,,1466.0,0,963.696335078534,341,341,50,25
msg_702,node6,node41,317,261000,262536.0,1536.0,,,,903.1666666666666,1076.357142857143,1,,1216.25,0,963.696335078534,341,341,50,25
msg_703,node7,node39,317,261000,,,,,,1248.896551724138,1915.16,1,4435.0,3013.7,0,2085.1236872812137,797,797,50,25
msg_704,node8,node37,317,261000,262536.0,1536.0,,,,1012.7272727272727,961.2857142857143,1,,757.3333333333334,0,963.696335078534,341,341,50,25
msg_705,node9,node35,317,261000,262536.0,1536.0,,,,998.3,1238.142857142857,1,,817.2857142857143,0,963.696335078534,341,341,50,25
msg_706,node10,node33,319,261000,262537.0,1537.0,,,,1043.0,978.4285714285714,1,,997.75,0,969.6269430051814,337,337,50,25
msg_707,node11,node31,319,261000,,,,,,1239.842105263158,2232.733333333333,1,3355.0555555555557,1739.888888888889,0,2085.1236872812137,797,797,50,25
msg_708,node12,node29,319,261000,262535.0,1535.0,,,,1156.6,449.1666666666667,1,,939.0,0,962.1968503937007,342,342,50,25
msg_709,node13,node27,319,261000,262534.0,1534.0,,,,1028.8125,820.0,1,,749.0,0,959.1767810026386,344,344,50,25
msg_710,node14,node25,319,261000,262535.0,1535.0,,,,1089.7333333333333,744.5,1,1158.3333333333333,712.2,1,960.6894736842105,343,343,50,25
msg_711,node15,node23,319,261000,,,,,,1727.0689655172414,2069.478260869565,1,2988.529411764706,2423.75,1,2085.1236872812137,797,797,50,25
msg_712,node16,node21,319,261000,,,,,,1938.5263157894738,2457.3846153846152,1,2342.7241379310344,2020.7,1,2085.1236872812137,797,797,50,25
msg_713,node17,node19,319,261000,,,,,,1945.3103448275863,2173.1363636363635,1,2462.157894736842,2360.0,1,2085.1236872812137,797,797,50,25
msg_714,node18,node16,319,261000,262532.0,1532.0,,,,795.5,1209.0,1,1139.5,1641.0,1,957.6613756613757,345,345,50,25
msg_715,node19,node14,319,261000,,,,,,2462.157894736842,2360.0,1,1546.7241379310344,1966.4782608695652,1,2085.1236872812137,797,797,50,25
msg_716,node20,node12,319,261000,,,,,,2397.9310344827586,2092.1428571428573,1,1456.3157894736842,1762.2,1,2085.1236872812137,797,797,50,25
msg_717,node21,node10,319,261000,262529.0,1529.0,,,,869.5,948.5,1,1043.0,936.0769230769231,1,956.1458885941645,346,346,50,25
msg_718,node22,node8,317,261000,,,,,,2809.777777777778,2560.6153846153848,1,1135.551724137931,1850.84,1,2085.1236872812137,797,797,50,25
msg_719,node23,node6,317,261000,,,,,,2988.529411764706,2423.75,1,1002.6896551724138,2002.56,1,2085.1236872812137,797,797,50,25
msg_720,node24,node4,317,261000,,,,,,2573.32,2052.2,1,1002.6842105263158,2131.9411764705883,1,2085.1236872812137,797,797,50,25
msg_721,node25,node2,317,261000,262525.0,1525.0,,,,975.0,712.2,1,1090.7931034482758,1078.2666666666667,1,954.6329787234042,347,347,50,25
msg_722,node26,node0,317,261000,,,,,,3263.6666666666665,2337.6666666666665,1,1.0344827586206897,1925.3703703703704,0,2085.1236872812137,797,797,50,25
msg_723,node3,node48,317,266000,,,,,,1104.8620689655172,1784.0,1,,0.7142857142857143,0,2085.1236872812137,797,797,50,24
msg_724,node4,node46,317,266000,,,,,,1002.6842105263158,2131.9411764705883,1,,2487.2,0,2085.1236872812137,797,797,50,24
msg_725,node5,node44,317,266000,,,,,,971.578947368421,1898.5,1,4543.333333333333,2189.866666666667,0,2085.1236872812137,797,797,50,24
msg_726,node6,node42,317,266000,,,,,,1002.6896551724138,2002.56,1,4580.5,2925.4444444444443,0,2085.1236872812137,797,797,50,24
msg_727,node7,node40,317,266000,268534.0,2534.0,,,,1108.7391304347825,951.9285714285714,1,,464.8,0,990.9923469387755,355,355,50,24
msg_728,node8,node38,317,266000,,,,,,1135.551724137931,1850.84,1,4001.75,2603.0,0,2085.1236872812137,797,797,50,24
msg_729,node9,node36,317,266000,268534.0,2534.0,,,,1023.9047619047619,1238.142857142857,1,,1263.5714285714287,0,990.9923469387755,355,355,50,24
msg_730,node10,node34,319,266000,,,,,,1290.8275862068965,1922.1666666666667,1,4077.875,2889.7272727272725,0,2085.1236872812137,797,797,50,24
msg_731,node11,node32,319,266000,,,,,,1239.842105263158,2232.733333333333,1,3224.6470588235293,1874.2777777777778,0,2085.1236872812137,797,797,50,24
msg_732,node12,node30,319,266000,268534.0,2534.0,,,,1191.0,449.1666666666667,1,,1614.3333333333333,0,998.8248730964467,353,353,50,24
msg_733,node13,node28,319,266000,,,,,,1417.1379310344828,1970.4782608695652,1,3443.3846153846152,2654.0833333333335,0,2085.1236872812137,797,797,50,24
msg_734,node14,node26,319,266000,,,,,,1546.7241379310344,1966.4782608695652,1,3263.6666666666665,2337.6666666666665,1,2085.1236872812137,797,797,50,24
msg_735,node15,node24,319,266000,268533.0,2533.0,,,,1090.4285714285713,993.25,1,940.5,938.5454545454545,1,983.0846153846154,357,357,50,24
msg_736,node16,node22,319,266000,268533.0,2533.0,,,,1139.5,1619.2,1,906.5,954.25,1,983.0846153846154,357,357,50,24
msg_737,node17,node20,319,266000,268532.0,2532.0,,,,1092.0,1152.25,1,1334.8,1032.5,1,979.1028277634962,358,358,50,24
msg_738,node18,node17,319,266000,,,,,,1991.578947368421,2374.153846153846,1,1945.3103448275863,2173.1363636363635,1,2085.1236872812137,797,797,50,24
msg_739,node19,node15,319,266000,,,,,,2462.157894736842,2360.0,1,1727.0689655172414,2069.478260869565,1,2085.1236872812137,797,797,50,24
msg_740,node20,node13,319,266000,268531.0,2531.0,,,,1201.888888888889,1032.5,1,1058.5294117647059,820.0,1,975.1030927835052,359,359,50,24
msg_741,node21,node11,319,266000,,,,,,2342.7241379310344,2020.7,1,1239.842105263158,2232.733333333333,1,2085.1236872812137,797,797,50,24
msg_742,node22,node9,317,266000,,,,,,2809.777777777778,2560.6153846153848,1,1197.2068965517242,2090.125,1,2085.1236872812137,797,797,50,24
msg_743,node23,node7,317,266000,,,,,,2988.529411764706,2423.75,1,1248.896551724138,1915.16,1,2085.1236872812137,797,797,50,24
msg_744,node24,node5,317,266000,,,,,,2573.32,2052.2,1,971.578947368421,1898.5,1,2085.1236872812137,797,797,50,24
msg_745,node25,node3,317,266000,268527.0,2527.0,,,,1158.3333333333333,787.0,1,1144.25,826.2,1,971.0930232558139,360,360,50,24
msg_746,node26,node1,317,266000,,,,,,3263.6666666666665,2337.6666666666665,1,946.6551724137931,1648.576923076923,0,2085.1236872812137,797,797,50,24
msg_747,node3,node49,317,271000,271002.0,2.0,,,,1144.25,932.5,1,,2.0,0,1002.7113924050633,377,377,50,25
msg_748,node4,node47,317,271000,273674.0,2674.0,,,,963.2941176470588,981.375,1,,,0,1037.2987654320987,367,367,50,25
msg_749,node5,node45,317,271000,,,,,,971.578947368421,1898.5,1,4472.0,2254.133333333333,0,2085.1236872812137,797,797,50,25
msg_750,node6,node43,317,271000,,,,,,1002.6896551724138,2002.56,1,4472.0,3219.6666666666665,0,2085.1236872812137,797,797,50,25
msg_751,node7,node41,317,271000,273674.0,2674.0,,,,1168.125,951.9285714285714,1,,1280.2,0,1041.3300492610838,366,366,50,25
msg_752,node8,node39,317,271000,,,,,,1135.551724137931,1850.84,1,4435.0,3013.7,0,2085.1236872812137,797,797,50,25
msg_753,node9,node37,317,271000,273674.0,2674.0,,,,1092.5454545454545,1238.142857142857,1,,868.5714285714286,0,1041.3300492610838,366,366,50,25
msg_754,node10,node35,319,271000,273675.0,2675.0,,,,1067.7,978.4285714285714,1,,907.125,0,1049.3333333333333,364,364,50,25
msg_755,node11,node33,319,271000,,,,,,1239.842105263158,2232.733333333333,1,3669.5625,2131.3333333333335,0,2085.1236872812137,797,797,50,25
msg_756,node12,node31,319,271000,,,,,,1456.3157894736842,1762.2,1,3355.0555555555557,1739.888888888889,0,2085.1236872812137,797,797,50,25
msg_757,node13,node29,319,271000,,,,,,1417.1379310344828,1970.4782608695652,1,3343.1666666666665,2441.5833333333335,0,2085.1236872812137,797,797,50,25
msg_758,node14,node27,319,271000,273674.0,2674.0,,,,1117.5625,892.6923076923077,1,2664.0,827.5,1,1033.2475247524753,368,368,50,25
msg_759,node15,node25,319,271000,273672.0,2672.0,,,,1186.6,993.25,1,1500.5,787.0,1,1025.0945273631842,370,370,50,25
msg_760,node16,node23,319,271000,273672.0,2672.0,,,,1338.5714285714287,1794.3333333333333,1,976.0,974.25,1,1025.0945273631842,370,370,50,25
msg_761,node17,node21,319,271000,273672.0,2672.0,,,,1202.7692307692307,1152.25,1,942.7777777777778,948.5,1,1020.9875311720698,371,371,50,25
msg_762,node18,node19,319,271000,273671.0,2671.0,,,,942.8,1209.0,1,1611.2,857.2,1,1016.8625,372,372,50,25
msg_763,node19,node16,319,271000,273670.0,2670.0,,,,1346.5,857.2,1,1338.5714285714287,1619.2,1,1008.5527638190955,374,374,50,25
msg_764,node20,node14,319,271000,273671.0,2671.0,,,,1334.8,1147.8461538461538,1,1117.5625,744.5,1,1012.7167919799499,373,373,50,25
msg_765,node21,node12,319,271000,,,,,,2342.7241379310344,2020.7,1,1456.3157894736842,1762.2,1,2085.1236872812137,797,797,50,25
msg_766,node22,node10,319,271000,,,,,,2809.777777777778,2560.6153846153848,1,1290.8275862068965,1922.1666666666667,1,2085.1236872812137,797,797,50,25
msg_767,node23,node8,317,271000,,,,,,2988.529411764706,2423.75,1,1135.551724137931,1850.84,1,2085.1236872812137,797,797,50,25
msg_768,node24,node6,317,271000,273667.0,2667.0,,,,940.5,1071.4166666666667,1,928.48,1076.357142857143,1,1004.375314861461,375,375,50,25
msg_769,node25,node4,317,271000,,,,,,2878.44,1724.157894736842,1,1002.6842105263158,2131.9411764705883,1,2085.1236872812137,797,797,50,25
msg_770,node26,node2,317,271000,,,,,,3263.6666666666665,2337.6666666666665,1,1090.7931034482758,1877.4615384615386,0,2085.1236872812137,797,797,50,25
msg_771,node27,node0,317,271000,273664.0,2664.0,,,,,827.5,1,1.0344827586206897,1093.0,0,1000.1843434343434,376,376,50,25
msg_772,node4,node48,317,276000,276001.0,1.0,,,,1058.3333333333333,981.375,1,,,0,1053.3080684596578,387,387,50,24
msg_773,node5,node46,317,276000,,,,,,971.578947368421,1898.5,1,,2487.2,0,2085.1236872812137,797,797,50,24
msg_774,node6,node44,317,276000,277575.0,1575.0,,,,928.48,1182.4,1,,782.5,0,1060.6387559808613,378,378,50,24
msg_775,node7,node42,317,276000,,,,,,1248.896551724138,1915.16,1,4580.5,2925.4444444444443,0,2085.1236872812137,797,797,50,24
msg_776,node8,node40,317,276000,277574.0,1574.0,,,,1035.4782608695652,961.2857142857143,1,,809.6666666666666,0,1059.4076738609112,379,379,50,24
msg_777,node9,node38,317,276000,,,,,,1197.2068965517242,2090.125,1,4001.75,2603.0,0,2085.1236872812137,797,797,50,24
msg_778,node10,node36,319,276000,277574.0,1574.0,,,,1144.2380952380952,978.4285714285714,1,,1422.375,0,1058.170673076923,380,380,50,24
msg_779,node11,node34,319,276000,277572.0,1572.0,,,,955.5,1008.0,1,,745.5,0,1056.932530120482,381,381,50,24
msg_780,node12,node32,319,276000,,,,,,1456.3157894736842,1762.2,1,3224.6470588235293,1874.2777777777778,0,2085.1236872812137,797,797,50,24
msg_781,node13,node30,319,276000,,,,,,1417.1379310344828,1970.4782608695652,1,3824.5833333333335,2727.6666666666665,0,2085.1236872812137,797,797,50,24
msg_782,node14,node28,319,276000,,,,,,1546.7241379310344,1966.4782608695652,1,3443.3846153846152,2654.0833333333335,0,2085.1236872812137,797,797,50,24
msg_783,node15,node26,319,276000,,,,,,1727.0689655172414,2069.478260869565,1,3263.6666666666665,2337.6666666666665,1,2085.1236872812137,797,797,50,24
msg_784,node16,node24,319,276000,,,,,,1938.5263157894738,2457.3846153846152,1,2573.32,2052.2,1,2085.1236872812137,797,797,50,24
msg_785,node17,node22,319,276000,,,,,,1945.3103448275863,2173.1363636363635,1,2809.777777777778,2560.6153846153848,1,2085.1236872812137,797,797,50,24
msg_786,node18,node20,319,276000,,,,,,1991.578947368421,2374.153846153846,1,2397.9310344827586,2092.1428571428573,1,2085.1236872812137,797,797,50,24
msg_787,node19,node17,319,276000,,,,,,2462.157894736842,2360.0,1,1945.3103448275863,2173.1363636363635,1,2085.1236872812137,797,797,50,24
msg_788,node20,node15,319,276000,277566.0,1566.0,,,,1456.2727272727273,1147.8461538461538,1,1279.4375,993.25,1,1054.4648910411622,383,383,50,24
msg_789,node21,node13,319,276000,277567.0,1567.0,,,,942.7777777777778,1081.076923076923,1,1058.5294117647059,951.6153846153846,1,1055.7004830917874,382,382,50,24
msg_790,node22,node11,319,276000,277565.0,1565.0,,,,906.5,1270.0,1,955.5,915.1666666666666,1,1053.2257281553398,384,384,50,24
msg_791,node23,node9,317,276000,,,,,,2988.529411764706,2423.75,1,1197.2068965517242,2090.125,1,2085.1236872812137,797,797,50,24
msg_792,node24,node7,317,276000,277564.0,1564.0,,,,1285.8,1071.4166666666667,1,1228.36,951.9285714285714,1,1051.9829683698297,385,385,50,24
msg_793,node25,node5,317,276000,,,,,,2878.44,1724.157894736842,1,971.578947368421,1898.5,1,2085.1236872812137,797,797,50,24
msg_794,node26,node3,317,276000,,,,,,3263.6666666666665,2337.6666666666665,1,1104.8620689655172,1784.0,0,2085.1236872812137,797,797,50,24
msg_795,node27,node1,317,276000,277561.0,1561.0,,,,2664.0,995.3636363636364,1,946.6551724137931,852.25,0,1050.7414634146342,386,386,50,24
msg_796,node4,node49,317,281000,,,,,,1002.6842105263158,2131.9411764705883,1,,1.5333333333333334,0,2085.1236872812137,797,797,50,25
msg_797,node5,node47,317,281000,282616.0,1616.0,,,,990.7647058823529,1099.625,1,,2674.0,0,1074.6853146853148,392,392,50,25
msg_798,node6,node45,317,281000,282616.0,1616.0,,,,953.3461538461538,1209.0625,1,,1032.0,0,1075.9441860465117,391,391,50,25
msg_799,node7,node43,317,281000,,,,,,1248.896551724138,1915.16,1,4472.0,3219.6666666666665,0,2085.1236872812137,797,797,50,25
msg_800,node8,node41,317,281000,282616.0,1616.0,,,,1057.9166666666667,1004.5333333333333,1,,1512.5,0,1075.9441860465117,391,391,50,25
msg_801,node9,node39,317,281000,,,,,,1197.2068965517242,2090.125,1,4435.0,3013.7,0,2085.1236872812137,797,797,50,25
msg_802,node10,node37,319,281000,282616.0,1616.0,,,,1163.7727272727273,978.4285714285714,1,,1094.25,0,1073.4205607476636,393,393,50,25
msg_803,node11,node35,319,281000,,,,,,1239.842105263158,2232.733333333333,1,3630.3571428571427,2255.0555555555557,0,2085.1236872812137,797,797,50,25
msg_804,node12,node33,319,281000,,,,,,1456.3157894736842,1762.2,1,3669.5625,2131.3333333333335,0,2085.1236872812137,797,797,50,25
msg_805,node13,node31,319,281000,282616.0,1616.0,,,,1058.5294117647059,995.5714285714286,1,,1129.3333333333333,0,1072.1498829039813,394,394,50,25
msg_806,node14,node29,319,281000,,,,,,1546.7241379310344,1966.4782608695652,1,3343.1666666666665,2441.5833333333335,0,2085.1236872812137,797,797,50,25
msg_807,node15,node27,319,281000,282614.0,1614.0,,,,1279.4375,1037.3076923076924,1,1944.3333333333333,995.3636363636364,1,1070.8779342723005,395,395,50,25
msg_808,node16,node25,319,281000,,,,,,1938.5263157894738,2457.3846153846152,1,2878.44,1724.157894736842,1,2085.1236872812137,797,797,50,25
msg_809,node17,node23,319,281000,,,,,,1945.3103448275863,2173.1363636363635,1,2988.529411764706,2423.75,1,2085.1236872812137,797,797,50,25
msg_810,node18,node21,319,281000,,,,,,1991.578947368421,2374.153846153846,1,2342.7241379310344,2020.7,1,2085.1236872812137,797,797,50,25
msg_811,node19,node18,319,281000,282613.0,1613.0,,,,1611.2,1159.5,1,1230.8333333333333,1209.0,1,1069.6023529411764,396,396,50,25
msg_812,node20,node16,319,281000,,,,,,2397.9310344827586,2092.1428571428573,1,1938.5263157894738,2457.3846153846152,1,2085.1236872812137,797,797,50,25
msg_813,node21,node14,319,281000,282612.0,1612.0,,,,1005.2,1081.076923076923,1,1209.1176470588234,892.6923076923077,1,1068.323113207547,397,397,50,25
msg_814,node22,node12,319,281000,282611.0,1611.0,,,,1126.0,1270.0,1,1302.9166666666667,449.1666666666667,1,1067.0401891252955,398,398,50,25
msg_815,node23,node10,319,281000,,,,,,2988.529411764706,2423.75,1,1290.8275862068965,1922.1666666666667,1,2085.1236872812137,797,797,50,25
msg_816,node24,node8,317,281000,282610.0,1610.0,,,,1332.1666666666667,1071.4166666666667,1,1057.9166666666667,961.2857142857143,1,1065.7535545023698,399,399,50,25
msg_817,node25,node6,317,281000,282609.0,1609.0,,,,1500.5,944.0833333333334,1,953.3461538461538,1182.4,1,1063.1666666666667,401,401,50,25
msg_818,node26,node4,317,281000,282609.0,1609.0,,,,,804.5,1,1002.6842105263158,981.375,1,1063.1666666666667,401,401,50,25
msg_819,node27,node2,317,281000,282608.0,1608.0,,,,2112.5,995.3636363636364,1,1090.7931034482758,1106.1875,0,1061.8663484486874,402,402,50,25
msg_820,node28,node0,317,281000,,,,,,3443.3846153846152,2654.0833333333335,1,1.0344827586206897,1925.3703703703704,0,2085.1236872812137,797,797,50,25
msg_821,node5,node48,317,286000,286001.0,1.0,,,,1025.5,1099.625,1,,1.0,0,1078.4444444444443,413,413,50,24
msg_822,node6,node46,317,286000,288673.0,2673.0,,,,977.8888888888889,1209.0625,1,,824.25,0,1101.3295454545455,405,405,50,24
msg_823,node7,node44,317,286000,288673.0,2673.0,,,,1228.36,1097.5625,1,,941.0,0,1101.3295454545455,405,405,50,24
msg_824,node8,node42,317,286000,,,,,,1135.551724137931,1850.84,1,4580.5,2925.4444444444443,0,2085.1236872812137,797,797,50,24
msg_825,node9,node40,317,286000,288674.0,2674.0,,,,1161.304347826087,1333.6666666666667,1,,918.8571428571429,0,1122.47533632287,399,399,50,24
msg_826,node10,node38,319,286000,,,,,,1290.8275862068965,1922.1666666666667,1,4001.75,2603.0,0,2085.1236872812137,797,797,50,24
msg_827,node11,node36,319,286000,,,,,,1239.842105263158,2232.733333333333,1,4049.230769230769,2285.0555555555557,0,2085.1236872812137,797,797,50,24
msg_828,node12,node34,319,286000,288674.0,2674.0,,,,1302.9166666666667,615.1428571428571,1,,1021.0,0,1125.9463087248323,398,398,50,24
msg_829,node13,node32,319,286000,288674.0,2674.0,,,,1089.5,995.5714285714286,1,,724.8888888888889,0,1118.9887640449438,400,400,50,24
msg_830,node14,node30,319,286000,,,,,,1546.7241379310344,1966.4782608695652,1,3824.5833333333335,2727.6666666666665,0,2085.1236872812137,797,797,50,24
msg_831,node15,node28,319,286000,,,,,,1727.0689655172414,2069.478260869565,1,3443.3846153846152,2654.0833333333335,1,2085.1236872812137,797,797,50,24
msg_832,node16,node26,319,286000,288673.0,2673.0,,,,1505.25,1794.3333333333333,1,2139.5,804.5,1,1108.4411764705883,403,403,50,24
msg_833,node17,node24,319,286000,288673.0,2673.0,,,,1307.7142857142858,1269.1538461538462,1,1534.25,1071.4166666666667,1,1108.4411764705883,403,403,50,24
msg_834,node18,node22,319,286000,288673.0,2673.0,,,,1230.8333333333333,1276.3333333333333,1,1247.25,1270.0,1,1108.4411764705883,403,403,50,24
msg_835,node19,node20,319,286000,,,,,,2462.157894736842,2360.0,1,2397.9310344827586,2092.1428571428573,1,2085.1236872812137,797,797,50,24
msg_836,node20,node17,319,286000,288672.0,2672.0,,,,1465.4166666666667,1147.8461538461538,1,1307.7142857142858,1152.25,1,1094.1552511415525,407,407,50,24
msg_837,node21,node15,319,286000,288673.0,2673.0,,,,1060.3636363636363,1081.076923076923,1,1299.1176470588234,1037.3076923076924,1,1097.749430523918,406,406,50,24
msg_838,node22,node13,319,286000,,,,,,2809.777777777778,2560.6153846153848,1,1417.1379310344828,1970.4782608695652,1,2085.1236872812137,797,797,50,24
msg_839,node23,node11,319,286000,288671.0,2671.0,,,,976.0,1313.8,1,1002.9230769230769,1008.0,1,1090.5469107551487,408,408,50,24
msg_840,node24,node9,317,286000,288671.0,2671.0,,,,1371.857142857143,1071.4166666666667,1,1161.304347826087,1238.142857142857,1,1086.9220183486239,409,409,50,24
msg_841,node25,node7,317,286000,288670.0,2670.0,,,,1522.2,944.0833333333334,1,1228.36,992.7333333333333,1,1079.626728110599,411,411,50,24
msg_842,node26,node5,317,286000,288670.0,2670.0,,,,1609.0,804.5,1,971.578947368421,1099.625,1,1083.2827586206897,410,410,50,24
msg_843,node27,node3,317,286000,288669.0,2669.0,,,,1944.3333333333333,1046.9166666666667,1,1104.8620689655172,932.5,0,1075.9561200923788,412,412,50,24
msg_844,node28,node1,317,286000,,,,,,3443.3846153846152,2654.0833333333335,1,946.6551724137931,1648.576923076923,0,2085.1236872812137,797,797,50,24
msg_845,node5,node49,317,291000,,,,,,971.578947368421,1898.5,1,,1.5333333333333334,0,2085.1236872812137,797,797,50,25
msg_846,node6,node47,317,291000,,,,,,1002.6896551724138,2002.56,1,,2963.0,0,2085.1236872812137,797,797,50,25
msg_847,node7,node45,317,291000,291869.0,869.0,,,,1283.923076923077,1097.5625,1,,1148.8,0,1126.5011037527595,417,417,50,25
msg_848,node8,node43,317,291000,,,,,,1135.551724137931,1850.84,1,4472.0,3219.6666666666665,0,2085.1236872812137,797,797,50,25
msg_849,node9,node41,317,291000,291869.0,869.0,,,,1224.3333333333333,1333.6666666666667,1,,1527.2857142857142,0,1126.5011037527595,417,417,50,25
msg_850,node10,node39,319,291000,,,,,,1290.8275862068965,1922.1666666666667,1,4435.0,3013.7,0,2085.1236872812137,797,797,50,25
msg_851,node11,node37,319,291000,,,,,,1239.842105263158,2232.733333333333,1,4037.25,2203.1111111111113,0,2085.1236872812137,797,797,50,25
msg_852,node12,node35,319,291000,,,,,,1456.3157894736842,1762.2,1,3630.3571428571427,2255.0555555555557,0,2085.1236872812137,797,797,50,25
msg_853,node13,node33,319,291000,291869.0,869.0,,,,1172.8947368421052,995.5714285714286,1,,1057.6666666666667,0,1125.3692307692309,415,415,50,25
msg_854,node14,node31,319,291000,291869.0,869.0,,,,1209.1176470588234,944.0714285714286,1,,1178.0,0,1125.3692307692309,415,415,50,25
msg_855,node15,node29,319,291000,,,,,,1727.0689655172414,2069.478260869565,1,3343.1666666666665,2441.5833333333335,1,2085.1236872812137,797,797,50,25
msg_856,node16,node27,319,291000,,,,,,1938.5263157894738,2457.3846153846152,1,3183.913043478261,1825.0555555555557,1,2085.1236872812137,797,797,50,25
msg_857,node17,node25,319,291000,291868.0,868.0,,,,1398.7333333333333,1269.1538461538462,1,1592.2857142857142,944.0833333333334,1,1127.6474501108648,419,419,50,25
msg_858,node18,node23,319,291000,291868.0,868.0,,,,1436.857142857143,1276.3333333333333,1,1372.25,1313.8,1,1127.6474501108648,419,419,50,25
msg_859,node19,node21,319,291000,,,,,,2462.157894736842,2360.0,1,2342.7241379310344,2020.7,1,2085.1236872812137,797,797,50,25
msg_860,node20,node18,319,291000,,,,,,2397.9310344827586,2092.1428571428573,1,1991.578947368421,2374.153846153846,1,2085.1236872812137,797,797,50,25
msg_861,node21,node16,319,291000,,,,,,2342.7241379310344,2020.7,1,1938.5263157894738,2457.3846153846152,1,2085.1236872812137,797,797,50,25
msg_862,node22,node14,319,291000,,,,,,2809.777777777778,2560.6153846153848,1,1546.7241379310344,1966.4782608695652,1,2085.1236872812137,797,797,50,25
msg_863,node23,node12,319,291000,291866.0,866.0,,,,1541.0,1313.8,1,1408.3846153846155,615.1428571428571,1,1128.2288888888888,420,420,50,25
msg_864,node24,node10,319,291000,291866.0,866.0,,,,1534.25,1194.6153846153845,1,1183.4347826086957,978.4285714285714,1,1128.812917594655,421,421,50,25
msg_865,node25,node8,317,291000,291865.0,865.0,,,,1713.5,944.0833333333334,1,1080.24,1004.5333333333333,1,1129.4017857142858,422,422,50,25
msg_866,node26,node6,317,291000,,,,,,3263.6666666666665,2337.6666666666665,1,1002.6896551724138,2002.56,1,2085.1236872812137,797,797,50,25
msg_867,node27,node4,317,291000,,,,,,3183.913043478261,1825.0555555555557,1,1002.6842105263158,2131.9411764705883,0,2085.1236872812137,797,797,50,25
msg_868,node28,node2,317,291000,,,,,,3443.3846153846152,2654.0833333333335,1,1090.7931034482758,1877.4615384615386,0,2085.1236872812137,797,797,50,25
msg_869,node29,node0,317,291000,,,,,,3343.1666666666665,2441.5833333333335,1,1.0344827586206897,1925.3703703703704,0,2085.1236872812137,797,797,50,25
msg_870,node6,node48,317,296000,,,,,,1002.6896551724138,2002.56,1,,0.7142857142857143,0,2085.1236872812137,797,797,50,24
msg_871,node7,node46,317,296000,297965.0,1965.0,,,,1268.5555555555557,1097.5625,1,,1194.0,0,1131.5184381778743,433,433,50,24
msg_872,node8,node44,317,296000,297965.0,1965.0,,,,1080.24,995.8125,1,,1229.6666666666667,0,1131.5184381778743,433,433,50,24
msg_873,node9,node42,317,296000,,,,,,1197.2068965517242,2090.125,1,4580.5,2925.4444444444443,0,2085.1236872812137,797,797,50,24
msg_874,node10,node40,319,296000,297966.0,1966.0,,,,1183.4347826086957,970.9333333333333,1,,1138.25,0,1138.6881720430108,429,429,50,24
msg_875,node11,node38,319,296000,297965.0,1965.0,,,,1002.9230769230769,1215.875,1,,848.0,0,1135.1187904967603,431,431,50,24
msg_876,node12,node36,319,296000,,,,,,1456.3157894736842,1762.2,1,4049.230769230769,2285.0555555555557,0,2085.1236872812137,797,797,50,24
msg_877,node13,node34,319,296000,,,,,,1417.1379310344828,1970.4782608695652,1,4077.875,2889.7272727272725,0,2085.1236872812137,797,797,50,24
msg_878,node14,node32,319,296000,297965.0,1965.0,,,,1190.2222222222222,944.0714285714286,1,,919.8,0,1135.1187904967603,431,431,50,24
msg_879,node15,node30,319,296000,,,,,,1727.0689655172414,2069.478260869565,1,3824.5833333333335,2727.6666666666665,0,2085.1236872812137,797,797,50,24
msg_880,node16,node28,319,296000,297964.0,1964.0,,,,1635.0,1794.3333333333333,1,,1080.25,1,1129.708695652174,434,434,50,24
msg_881,node17,node26,319,296000,,,,,,1945.3103448275863,2173.1363636363635,1,3263.6666666666665,2337.6666666666665,1,2085.1236872812137,797,797,50,24
msg_882,node18,node24,319,296000,,,,,,1991.578947368421,2374.153846153846,1,2573.32,2052.2,1,2085.1236872812137,797,797,50,24
msg_883,node19,node22,319,296000,297963.0,1963.0,,,,1611.5,1159.5,1,1247.25,1503.8333333333333,1,1127.8932461873637,435,435,50,24
msg_884,node20,node19,319,296000,,,,,,2397.9310344827586,2092.1428571428573,1,2462.157894736842,2360.0,1,2085.1236872812137,797,797,50,24
msg_885,node21,node17,319,296000,297963.0,1963.0,,,,1194.75,1081.076923076923,1,1365.5625,1269.1538461538462,1,1126.0698689956332,436,436,50,24
msg_886,node22,node15,319,296000,,,,,,2809.777777777778,2560.6153846153848,1,1727.0689655172414,2069.478260869565,1,2085.1236872812137,797,797,50,24
msg_887,node23,node13,319,296000,,,,,,2988.529411764706,2423.75,1,1417.1379310344828,1970.4782608695652,1,2085.1236872812137,797,797,50,24
msg_888,node24,node11,319,296000,,,,,,2573.32,2052.2,1,1239.842105263158,2232.733333333333,1,2085.1236872812137,797,797,50,24
msg_889,node25,node9,317,296000,297959.0,1959.0,,,,1592.2857142857142,938.2307692307693,1,1210.12,1333.6666666666667,1,1124.2472647702407,437,437,50,24
msg_890,node26,node7,317,296000,,,,,,3263.6666666666665,2337.6666666666665,1,1248.896551724138,1915.16,1,2085.1236872812137,797,797,50,24
msg_891,node27,node5,317,296000,,,,,,3183.913043478261,1825.0555555555557,1,971.578947368421,1898.5,0,2085.1236872812137,797,797,50,24
msg_892,node28,node3,317,296000,,,,,,3443.3846153846152,2654.0833333333335,1,1104.8620689655172,1784.0,0,2085.1236872812137,797,797,50,24
msg_893,node29,node1,317,296000,,,,,,3343.1666666666665,2441.5833333333335,1,946.6551724137931,1648.576923076923,0,2085.1236872812137,797,797,50,24
msg_894,node6,node49,317,301000,301002.0,2.0,,,,1038.4285714285713,1209.0625,1,,2.0,0,1140.4635193133047,453,453,50,25
msg_895,node7,node47,317,301000,,,,,,1248.896551724138,1915.16,1,,2963.0,0,2085.1236872812137,797,797,50,25
msg_896,node8,node45,317,301000,303841.0,2841.0,,,,1114.2692307692307,995.8125,1,,1102.1666666666667,0,1180.615866388309,440,440,50,25
msg_897,node9,node43,317,301000,,,,,,1197.2068965517242,2090.125,1,4472.0,3219.6666666666665,0,2085.1236872812137,797,797,50,25
msg_898,node10,node41,319,301000,303841.0,2841.0,,,,1216.0416666666667,1087.5,1,,1445.0,0,1173.6540880503144,442,442,50,25
msg_899,node11,node39,319,301000,303840.0,2840.0,,,,1071.642857142857,1215.875,1,,1330.0,0,1166.637894736842,444,444,50,25
msg_900,node12,node37,319,301000,,,,,,1456.3157894736842,1762.2,1,4037.25,2203.1111111111113,0,2085.1236872812137,797,797,50,25
msg_901,node13,node35,319,301000,303840.0,2840.0,,,,1157.7,995.5714285714286,1,,1103.5555555555557,0,1166.637894736842,444,444,50,25
msg_902,node14,node33,319,301000,303841.0,2841.0,,,,1231.0,944.0714285714286,1,,1038.8,0,1184.075,439,439,50,25
msg_903,node15,node31,319,301000,303841.0,2841.0,,,,1299.1176470588234,1154.142857142857,1,,1149.909090909091,0,1177.142259414226,441,441,50,25
msg_904,node16,node29,319,301000,303839.0,2839.0,,,,1667.9,1943.2857142857142,1,,1088.0,1,1159.566596194503,446,446,50,25
msg_905,node17,node27,319,301000,303839.0,2839.0,,,,1365.5625,1318.7142857142858,1,2267.2,1046.9166666666667,1,1159.566596194503,446,446,50,25
msg_906,node18,node25,319,301000,,,,,,1991.578947368421,2374.153846153846,1,2878.44,1724.157894736842,1,2085.1236872812137,797,797,50,25
msg_907,node19,node23,319,301000,303838.0,2838.0,,,,1661.7142857142858,1159.5,1,1372.25,1239.5,1,1152.4373673036093,448,448,50,25
msg_908,node20,node21,319,301000,303839.0,2839.0,,,,1558.2307692307693,1147.8461538461538,1,1253.8461538461538,1081.076923076923,1,1156.0084745762713,447,447,50,25
msg_909,node21,node18,319,301000,,,,,,2342.7241379310344,2020.7,1,1991.578947368421,2374.153846153846,1,2085.1236872812137,797,797,50,25
msg_910,node22,node16,319,301000,303837.0,2837.0,,,,1247.25,1569.4285714285713,1,1667.9,1794.3333333333333,1,1148.8531914893617,449,449,50,25
msg_911,node23,node14,319,301000,,,,,,2988.529411764706,2423.75,1,1546.7241379310344,1966.4782608695652,1,2085.1236872812137,797,797,50,25
msg_912,node24,node12,319,301000,,,,,,2573.32,2052.2,1,1456.3157894736842,1762.2,1,2085.1236872812137,797,797,50,25
msg_913,node25,node10,319,301000,303836.0,2836.0,,,,1638.125,938.2307692307693,1,1216.0416666666667,970.9333333333333,1,1145.2558635394457,450,450,50,25
msg_914,node26,node8,317,301000,,,,,,3263.6666666666665,2337.6666666666665,1,1135.551724137931,1850.84,1,2085.1236872812137,797,797,50,25
msg_915,node27,node6,317,301000,303834.0,2834.0,,,,2125.5,1046.9166666666667,1,1002.6896551724138,1209.0625,1,1141.6474358974358,451,451,50,25
msg_916,node28,node4,317,301000,303833.0,2833.0,,,,,1257.0,1,1002.6842105263158,1051.111111111111,0,1138.0256959314775,452,452,50,25
msg_917,node29,node2,317,301000,,,,,,3343.1666666666665,2441.5833333333335,1,1090.7931034482758,1877.4615384615386,0,2085.1236872812137,797,797,50,25
msg_918,node30,node0,317,301000,,,,,,3824.5833333333335,2727.6666666666665,1,1.0344827586206897,1925.3703703703704,0,2085.1236872812137,797,797,50,25
msg_919,node7,node48,317,306000,,,,,,1248.896551724138,1915.16,1,,0.7142857142857143,0,2085.1236872812137,797,797,50,24
msg_920,node8,node46,317,306000,307117.0,1117.0,,,,1178.2222222222222,995.8125,1,,1322.5,0,1187.0537190082644,459,459,50,24
msg_921,node9,node44,317,306000,307117.0,1117.0,,,,1210.12,1372.75,1,,1334.7142857142858,0,1187.0537190082644,459,459,50,24
msg_922,node10,node42,319,306000,,,,,,1290.8275862068965,1922.1666666666667,1,4580.5,2925.4444444444443,0,2085.1236872812137,797,797,50,24
msg_923,node11,node40,319,306000,,,,,,1239.842105263158,2232.733333333333,1,4433.777777777777,2272.294117647059,0,2085.1236872812137,797,797,50,24
msg_924,node12,node38,319,306000,307118.0,1118.0,,,,1408.3846153846155,646.5,1,,1220.3333333333333,0,1186.3394683026586,454,454,50,24
msg_925,node13,node36,319,306000,307118.0,1118.0,,,,1237.8095238095239,1003.4666666666667,1,,1439.2222222222222,0,1186.3394683026586,454,454,50,24
msg_926,node14,node34,319,306000,,,,,,1546.7241379310344,1966.4782608695652,1,4077.875,2889.7272727272725,0,2085.1236872812137,797,797,50,24
msg_927,node15,node32,319,306000,307118.0,1118.0,,,,1384.7777777777778,1154.142857142857,1,,1014.8181818181819,0,1186.4795081967213,455,455,50,24
msg_928,node16,node30,319,306000,307117.0,1117.0,,,,1774.3636363636363,1943.2857142857142,1,,1844.25,1,1186.7654320987654,457,457,50,24
msg_929,node17,node28,319,306000,,,,,,1945.3103448275863,2173.1363636363635,1,3443.3846153846152,2654.0833333333335,1,2085.1236872812137,797,797,50,24
msg_930,node18,node26,319,306000,307117.0,1117.0,,,,1365.75,1276.3333333333333,1,2139.5,1178.2,1,1186.7654320987654,457,457,50,24
msg_931,node19,node24,319,306000,,,,,,2462.157894736842,2360.0,1,2573.32,2052.2,1,2085.1236872812137,797,797,50,24
msg_932,node20,node22,319,306000,,,,,,2397.9310344827586,2092.1428571428573,1,2809.777777777778,2560.6153846153848,1,2085.1236872812137,797,797,50,24
msg_933,node21,node19,319,306000,,,,,,2342.7241379310344,2020.7,1,2462.157894736842,2360.0,1,2085.1236872812137,797,797,50,24
msg_934,node22,node17,319,306000,,,,,,2809.777777777778,2560.6153846153848,1,1945.3103448275863,2173.1363636363635,1,2085.1236872812137,797,797,50,24
msg_935,node23,node15,319,306000,,,,,,2988.529411764706,2423.75,1,1727.0689655172414,2069.478260869565,1,2085.1236872812137,797,797,50,24
msg_936,node24,node13,319,306000,307114.0,1114.0,,,,1460.0,1194.6153846153845,1,1237.8095238095239,995.5714285714286,1,1187.2049689440994,460,460,50,24
msg_937,node25,node11,319,306000,,,,,,2878.44,1724.157894736842,1,1239.842105263158,2232.733333333333,1,2085.1236872812137,797,797,50,24
msg_938,node26,node9,317,306000,,,,,,3263.6666666666665,2337.6666666666665,1,1197.2068965517242,2090.125,1,2085.1236872812137,797,797,50,24
msg_939,node27,node7,317,306000,307112.0,1112.0,,,,2267.2,1184.7692307692307,1,1293.4285714285713,1097.5625,1,1187.3609958506224,461,461,50,24
msg_940,node28,node5,317,306000,307111.0,1111.0,,,,2833.0,1257.0,1,971.578947368421,1274.111111111111,0,1187.5197505197505,462,462,50,24
msg_941,node29,node3,317,306000,,,,,,3343.1666666666665,2441.5833333333335,1,1104.8620689655172,1784.0,0,2085.1236872812137,797,797,50,24
msg_942,node30,node1,317,306000,,,,,,3824.5833333333335,2727.6666666666665,1,946.6551724137931,1648.576923076923,0,2085.1236872812137,797,797,50,24
msg_943,node7,node49,317,311000,311002.0,2.0,,,,1293.4285714285713,1098.4117647058824,1,,2.0,0,1186.061099796334,477,477,50,25
msg_944,node8,node47,317,311000,,,,,,1135.551724137931,1850.84,1,,2963.0,0,2085.1236872812137,797,797,50,25
msg_945,node9,node45,317,311000,313212.0,2212.0,,,,1206.5384615384614,1372.75,1,,1350.5714285714287,0,1200.042,468,468,50,25
msg_946,node10,node43,319,311000,,,,,,1290.8275862068965,1922.1666666666667,1,4472.0,3219.6666666666665,0,2085.1236872812137,797,797,50,25
msg_947,node11,node41,319,311000,,,,,,1239.842105263158,2232.733333333333,1,4401.714285714285,2499.764705882353,0,2085.1236872812137,797,797,50,25
msg_948,node12,node39,319,311000,313212.0,2212.0,,,,1387.642857142857,646.5,1,,1833.3333333333333,0,1202.061876247505,467,467,50,25
msg_949,node13,node37,319,311000,313212.0,2212.0,,,,1232.3636363636363,1003.4666666666667,1,,1152.2222222222222,0,1202.061876247505,467,467,50,25
msg_950,node14,node35,319,311000,313213.0,2213.0,,,,1311.5,1028.4,1,,1277.2,0,1206.0775347912524,465,465,50,25
msg_951,node15,node33,319,311000,313211.0,2211.0,,,,1370.7368421052631,1154.142857142857,1,,1202.6363636363637,0,1198.0160320641282,469,469,50,25
msg_952,node16,node31,319,311000,,,,,,1938.5263157894738,2457.3846153846152,1,3355.0555555555557,1739.888888888889,1,2085.1236872812137,797,797,50,25
msg_953,node17,node29,319,311000,,,,,,1945.3103448275863,2173.1363636363635,1,3343.1666666666665,2441.5833333333335,1,2085.1236872812137,797,797,50,25
msg_954,node18,node27,319,311000,,,,,,1991.578947368421,2374.153846153846,1,3183.913043478261,1825.0555555555557,1,2085.1236872812137,797,797,50,25
msg_955,node19,node25,319,311000,,,,,,2462.157894736842,2360.0,1,2878.44,1724.157894736842,1,2085.1236872812137,797,797,50,25
msg_956,node20,node23,319,311000,,,,,,2397.9310344827586,2092.1428571428573,1,2988.529411764706,2423.75,1,2085.1236872812137,797,797,50,25
msg_957,node21,node20,319,311000,313211.0,2211.0,,,,1253.8461538461538,1206.642857142857,1,1649.7142857142858,1147.8461538461538,1,1195.9819277108434,470,470,50,25
msg_958,node22,node18,319,311000,313209.0,2209.0,,,,1565.2,1569.4285714285713,1,1338.111111111111,1276.3333333333333,1,1191.8971774193549,472,472,50,25
msg_959,node23,node16,319,311000,313209.0,2209.0,,,,1372.25,1467.857142857143,1,1719.5833333333333,1943.2857142857142,1,1191.8971774193549,472,472,50,25
msg_960,node24,node14,319,311000,313209.0,2209.0,,,,1425.4,1194.6153846153845,1,1311.5,944.0714285714286,1,1189.8424242424242,473,473,50,25
msg_961,node25,node12,319,311000,,,,,,2878.44,1724.157894736842,1,1456.3157894736842,1762.2,1,2085.1236872812137,797,797,50,25
msg_962,node26,node10,319,311000,,,,,,3263.6666666666665,2337.6666666666665,1,1290.8275862068965,1922.1666666666667,1,2085.1236872812137,797,797,50,25
msg_963,node27,node8,317,311000,313206.0,2206.0,,,,2074.6666666666665,1184.7692307692307,1,1176.0357142857142,995.8125,1,1187.7854251012145,474,474,50,25
msg_964,node28,node6,317,311000,,,,,,3443.3846153846152,2654.0833333333335,1,1002.6896551724138,2002.56,0,2085.1236872812137,797,797,50,25
msg_965,node29,node4,317,311000,313204.0,2204.0,,,,,1438.2,1,1002.6842105263158,1229.3,0,1185.7241379310344,475,475,50,25
msg_966,node30,node2,317,311000,,,,,,3824.5833333333335,2727.6666666666665,1,1090.7931034482758,1877.4615384615386,0,2085.1236872812137,797,797,50,25
msg_967,node31,node0,317,311000,313204.0,2204.0,,,,,1290.8333333333333,1,1.0344827586206897,1185.4117647058824,0,1183.6544715447155,476,476,50,25
msg_968,node8,node48,317,316000,,,,,,1135.551724137931,1850.84,1,,0.7142857142857143,0,2085.1236872812137,797,797,50,24
msg_969,node9,node46,317,316000,317136.0,1136.0,,,,1243.7777777777778,1358.4117647058824,1,,1293.142857142857,0,1206.4291262135923,477,477,50,24
msg_970,node10,node44,319,316000,317137.0,1137.0,,,,1281.04,1087.5,1,,1307.5,0,1206.15667311412,475,475,50,24
msg_971,node11,node42,319,316000,317136.0,1136.0,,,,1189.5333333333333,1206.3333333333333,1,,965.0,0,1206.2926356589148,476,476,50,24
msg_972,node12,node40,319,316000,,,,,,1456.3157894736842,1762.2,1,4433.777777777777,2272.294117647059,0,2085.1236872812137,797,797,50,24
msg_973,node13,node38,319,316000,,,,,,1417.1379310344828,1970.4782608695652,1,4001.75,2603.0,0,2085.1236872812137,797,797,50,24
msg_974,node14,node36,319,316000,317136.0,1136.0,,,,1354.4285714285713,1028.4,1,,1407.1,0,1206.5661478599222,478,478,50,24
msg_975,node15,node34,319,316000,,,,,,1727.0689655172414,2069.478260869565,1,4077.875,2889.7272727272725,0,2085.1236872812137,797,797,50,24
msg_976,node16,node32,319,316000,,,,,,1938.5263157894738,2457.3846153846152,1,3224.6470588235293,1874.2777777777778,0,2085.1236872812137,797,797,50,24
msg_977,node17,node30,319,316000,,,,,,1945.3103448275863,2173.1363636363635,1,3824.5833333333335,2727.6666666666665,1,2085.1236872812137,797,797,50,24
msg_978,node18,node28,319,316000,317134.0,1134.0,,,,1338.111111111111,1409.5714285714287,1,1972.0,1257.0,1,1206.7076023391812,479,479,50,24
msg_979,node19,node26,319,316000,317133.0,1133.0,,,,1808.75,1155.5714285714287,1,1803.0,1168.0,1,1206.9960861056752,481,481,50,24
msg_980,node20,node24,319,316000,317133.0,1133.0,,,,1649.7142857142858,1223.7857142857142,1,1466.1666666666667,1194.6153846153845,1,1206.9960861056752,481,481,50,24
msg_981,node21,node22,319,316000,,,,,,2342.7241379310344,2020.7,1,2809.777777777778,2560.6153846153848,1,2085.1236872812137,797,797,50,24
msg_982,node22,node19,319,316000,317132.0,1132.0,,,,1672.5,1569.4285714285713,1,1808.75,1159.5,1,1207.143137254902,482,482,50,24
msg_983,node23,node17,319,316000,,,,,,2988.529411764706,2423.75,1,1945.3103448275863,2173.1363636363635,1,2085.1236872812137,797,797,50,24
msg_984,node24,node15,319,316000,317131.0,1131.0,,,,1496.6363636363637,1194.6153846153845,1,1412.75,1154.142857142857,1,1207.2927308447938,483,483,50,24
msg_985,node25,node13,319,316000,317130.0,1130.0,,,,1771.2222222222222,938.2307692307693,1,1274.9565217391305,1003.4666666666667,1,1207.5976331360946,485,485,50,24
msg_986,node26,node11,319,316000,317130.0,1130.0,,,,2139.5,1168.0,1,1189.5333333333333,1215.875,1,1207.5976331360946,485,485,50,24
msg_987,node27,node9,317,316000,317129.0,1129.0,,,,2093.4285714285716,1184.7692307692307,1,1243.7777777777778,1372.75,1,1207.7529644268775,486,486,50,24
msg_988,node28,node7,317,316000,,,,,,3443.3846153846152,2654.0833333333335,1,1248.896551724138,1915.16,0,2085.1236872812137,797,797,50,24
msg_989,node29,node5,317,316000,317127.0,1127.0,,,,2204.0,1438.2,1,971.578947368421,1257.8,0,1207.9128712871286,487,487,50,24
msg_990,node30,node3,317,316000,,,,,,3824.5833333333335,2727.6666666666665,1,1104.8620689655172,1784.0,0,2085.1236872812137,797,797,50,24
msg_991,node31,node1,317,316000,317126.0,1126.0,,,,2204.0,1290.8333333333333,1,946.6551724137931,893.9411764705883,0,1208.0753968253969,488,488,50,24
msg_992,node8,node49,317,321000,321002.0,2.0,,,,1176.0357142857142,1067.0,1,,2.0,0,1206.023166023166,499,499,50,25
msg_993,node9,node47,317,321000,,,,,,1197.2068965517242,2090.125,1,,2963.0,0,2085.1236872812137,797,797,50,25
msg_994,node10,node45,319,321000,323104.0,2104.0,,,,1275.5,1147.1764705882354,1,,1458.25,0,1222.3396226415093,487,487,50,25
msg_995,node11,node43,319,321000,323103.0,2103.0,,,,1186.1875,1206.3333333333333,1,,1501.0,0,1215.6425855513307,491,491,50,25
msg_996,node12,node41,319,321000,,,,,,1456.3157894736842,1762.2,1,4401.714285714285,2499.764705882353,0,2085.1236872812137,797,797,50,25
msg_997,node13,node39,319,321000,,,,,,1417.1379310344828,1970.4782608695652,1,4435.0,3013.7,0,2085.1236872812137,797,797,50,25
msg_998,node14,node37,319,321000,323104.0,2104.0,,,,1344.5,1095.5,1,,1258.2,0,1224.0,486,486,50,25
msg_999,node15,node35,319,321000,323103.0,2103.0,,,,1412.75,1152.6,1,,1362.2727272727273,0,1217.3263757115749,490,490,50,25
msg_1000,node16,node33,319,321000,,,,,,1938.5263157894738,2457.3846153846152,1,3669.5625,2131.3333333333335,0,2085.1236872812137,797,797,50,25
msg_1001,node17,node31,319,321000,323104.0,2104.0,,,,1452.235294117647,1318.7142857142858,1,1810.0,1290.8333333333333,1,1225.654135338346,485,485,50,25
msg_1002,node18,node29,319,321000,323103.0,2103.0,,,,1317.7,1496.125,1,1665.5,1438.2,1,1217.3263757115749,490,490,50,25
msg_1003,node19,node27,319,321000,,,,,,2462.157894736842,2360.0,1,3183.913043478261,1825.0555555555557,1,2085.1236872812137,797,797,50,25
msg_1004,node20,node25,319,321000,323103.0,2103.0,,,,1615.2666666666667,1223.7857142857142,1,1743.0,938.2307692307693,1,1217.3263757115749,490,490,50,25
msg_1005,node21,node23,319,321000,,,,,,2342.7241379310344,2020.7,1,2988.529411764706,2423.75,1,2085.1236872812137,797,797,50,25
msg_1006,node22,node20,319,321000,,,,,,2809.777777777778,2560.6153846153848,1,2397.9310344827586,2092.1428571428573,1,2085.1236872812137,797,797,50,25
msg_1007,node23,node18,319,321000,323102.0,2102.0,,,,1539.6,1467.857142857143,1,1317.7,1409.5714285714287,1,1212.2595419847328,493,493,50,25
msg_1008,node24,node16,319,321000,,,,,,2573.32,2052.2,1,1938.5263157894738,2457.3846153846152,1,2085.1236872812137,797,797,50,25
msg_1009,node25,node14,319,321000,323102.0,2102.0,,,,1707.1,938.2307692307693,1,1344.5,1028.4,1,1210.5583173996176,494,494,50,25
msg_1010,node26,node12,319,321000,323101.0,2101.0,,,,1803.0,1163.0,1,1442.6,646.5,1,1208.852490421456,495,495,50,25
msg_1011,node27,node10,319,321000,323102.0,2102.0,,,,1972.875,1184.7692307692307,1,1275.5,1087.5,1,1213.9542857142858,492,492,50,25
msg_1012,node28,node8,317,321000,,,,,,3443.3846153846152,2654.0833333333335,1,1135.551724137931,1850.84,1,2085.1236872812137,797,797,50,25
msg_1013,node29,node6,317,321000,,,,,,3343.1666666666665,2441.5833333333335,1,1002.6896551724138,2002.56,0,2085.1236872812137,797,797,50,25
msg_1014,node30,node4,317,321000,323100.0,2100.0,,,,,1698.8,1,1002.6842105263158,1317.909090909091,0,1207.1420345489444,496,496,50,25
msg_1015,node31,node2,317,321000,323100.0,2100.0,,,,1665.0,1290.8333333333333,1,1090.7931034482758,1135.7058823529412,0,1205.425,497,497,50,25
msg_1016,node32,node0,317,321000,323099.0,2099.0,,,,,1023.4166666666666,1,1.0344827586206897,1242.0,0,1203.703275529865,498,498,50,25
msg_1017,node9,node48,317,326000,,,,,,1197.2068965517242,2090.125,1,,0.7142857142857143,0,2085.1236872812137,797,797,50,24
msg_1018,node10,node46,319,326000,328166.0,2166.0,,,,1306.1851851851852,1147.1764705882354,1,,1273.5,0,1237.7291280148422,502,502,50,24
msg_1019,node11,node44,319,326000,,,,,,1239.842105263158,2232.733333333333,1,4543.333333333333,2189.866666666667,0,2085.1236872812137,797,797,50,24
msg_1020,node12,node42,319,326000,328166.0,2166.0,,,,1442.6,808.1111111111111,1,,1022.0,0,1239.4481481481482,501,501,50,24
msg_1021,node13,node40,319,326000,328166.0,2166.0,,,,1274.9565217391305,1011.375,1,,1230.2222222222222,0,1239.4481481481482,501,501,50,24
msg_1022,node14,node38,319,326000,,,,,,1546.7241379310344,1966.4782608695652,1,4001.75,2603.0,0,2085.1236872812137,797,797,50,24
msg_1023,node15,node36,319,326000,328166.0,2166.0,,,,1445.6190476190477,1215.875,1,,1382.4545454545455,0,1239.4481481481482,501,501,50,24
msg_1024,node16,node34,319,326000,328166.0,2166.0,,,,1719.5833333333333,1976.5,1,,1434.25,0,1239.4481481481482,501,501,50,24
msg_1025,node17,node32,319,326000,328167.0,2167.0,,,,1488.4444444444443,1375.1333333333334,1,2131.0,1023.4166666666666,1,1249.6300366300366,495,495,50,24
msg_1026,node18,node30,319,326000,328166.0,2166.0,,,,1389.090909090909,1496.125,1,2131.5,1698.8,1,1239.4481481481482,501,501,50,24
msg_1027,node19,node28,319,326000,328166.0,2166.0,,,,1733.6666666666667,1281.75,1,1972.0,1236.5,1,1239.4481481481482,501,501,50,24
msg_1028,node20,node26,319,326000,,,,,,2397.9310344827586,2092.1428571428573,1,3263.6666666666665,2337.6666666666665,1,2085.1236872812137,797,797,50,24
msg_1029,node21,node24,319,326000,328167.0,2167.0,,,,1322.2142857142858,1206.642857142857,1,1519.923076923077,1190.2142857142858,1,1251.3071297989031,494,494,50,24
msg_1030,node22,node21,319,326000,,,,,,2809.777777777778,2560.6153846153848,1,2342.7241379310344,2020.7,1,2085.1236872812137,797,797,50,24
msg_1031,node23,node19,319,326000,328165.0,2165.0,,,,1633.3333333333333,1467.857142857143,1,1733.6666666666667,1155.5714285714287,1,1232.5391791044776,505,505,50,24
msg_1032,node24,node17,319,326000,328165.0,2165.0,,,,1466.1666666666667,1190.2142857142858,1,1488.4444444444443,1318.7142857142858,1,1232.5391791044776,505,505,50,24
msg_1033,node25,node15,319,326000,328165.0,2165.0,,,,1743.0,1021.4285714285714,1,1445.6190476190477,1152.6,1,1232.5391791044776,505,505,50,24
msg_1034,node26,node13,319,326000,,,,,,3263.6666666666665,2337.6666666666665,1,1417.1379310344828,1970.4782608695652,1,2085.1236872812137,797,797,50,24
msg_1035,node27,node11,319,326000,,,,,,3183.913043478261,1825.0555555555557,1,1239.842105263158,2232.733333333333,1,2085.1236872812137,797,797,50,24
msg_1036,node28,node9,317,326000,,,,,,3443.3846153846152,2654.0833333333335,1,1197.2068965517242,2090.125,1,2085.1236872812137,797,797,50,24
msg_1037,node29,node7,317,326000,,,,,,3343.1666666666665,2441.5833333333335,1,1248.896551724138,1915.16,0,2085.1236872812137,797,797,50,24
msg_1038,node30,node5,317,326000,328163.0,2163.0,,,,2100.0,1698.8,1,971.578947368421,1245.909090909091,0,1229.0543071161048,507,507,50,24
msg_1039,node31,node3,317,326000,328163.0,2163.0,,,,1810.0,1353.3846153846155,1,1104.8620689655172,1034.6470588235295,0,1227.3020637898687,508,508,50,24
msg_1040,node32,node1,317,326000,328163.0,2163.0,,,,2099.0,1023.4166666666666,1,946.6551724137931,906.8333333333334,0,1230.8,506,506,50,24
msg_1041,node9,node49,317,331000,331001.0,1.0,,,,1239.9285714285713,1358.4117647058824,1,,2.0,0,1252.978102189781,518,518,50,25
msg_1042,node10,node47,319,331000,,,,,,1290.8275862068965,1922.1666666666667,1,,2963.0,0,2085.1236872812137,797,797,50,25
msg_1043,node11,node45,319,331000,,,,,,1239.842105263158,2232.733333333333,1,4472.0,2254.133333333333,0,2085.1236872812137,797,797,50,25
msg_1044,node12,node43,319,331000,333229.0,2229.0,,,,1487.8125,808.1111111111111,1,,1701.6666666666667,0,1262.9730215827337,510,510,50,25
msg_1045,node13,node41,319,331000,333229.0,2229.0,,,,1312.0833333333333,1011.375,1,,1600.111111111111,0,1262.9730215827337,510,510,50,25
msg_1046,node14,node39,319,331000,,,,,,1546.7241379310344,1966.4782608695652,1,4435.0,3013.7,0,2085.1236872812137,797,797,50,25
msg_1047,node15,node37,319,331000,333229.0,2229.0,,,,1478.3636363636363,1215.875,1,,1335.090909090909,0,1262.9730215827337,510,510,50,25
msg_1048,node16,node35,319,331000,,,,,,1938.5263157894738,2457.3846153846152,1,3630.3571428571427,2255.0555555555557,0,2085.1236872812137,797,797,50,25
msg_1049,node17,node33,319,331000,333228.0,2228.0,,,,1524.157894736842,1375.1333333333334,1,2220.0,1286.6666666666667,1,1259.4891696750904,512,512,50,25
msg_1050,node18,node31,319,331000,,,,,,1991.578947368421,2374.153846153846,1,3355.0555555555557,1739.888888888889,1,2085.1236872812137,797,797,50,25
msg_1051,node19,node29,319,331000,333228.0,2228.0,,,,1776.9,1281.75,1,1665.5,1549.0,1,1261.2342342342342,511,511,50,25
msg_1052,node20,node27,319,331000,333227.0,2227.0,,,,1645.75,1223.7857142857142,1,1987.2222222222222,1184.7692307692307,1,1254.219600725953,515,515,50,25
msg_1053,node21,node25,319,331000,333228.0,2228.0,,,,1378.5333333333333,1206.642857142857,1,1778.1666666666667,1021.4285714285714,1,1257.737793851718,513,513,50,25
msg_1054,node22,node23,319,331000,333227.0,2227.0,,,,1595.2857142857142,1569.4285714285713,1,1709.2857142857142,1467.857142857143,1,1254.219600725953,515,515,50,25
msg_1055,node23,node20,319,331000,,,,,,2988.529411764706,2423.75,1,2397.9310344827586,2092.1428571428573,1,2085.1236872812137,797,797,50,25
msg_1056,node24,node18,319,331000,,,,,,2573.32,2052.2,1,1991.578947368421,2374.153846153846,1,2085.1236872812137,797,797,50,25
msg_1057,node25,node16,319,331000,,,,,,2878.44,1724.157894736842,1,1938.5263157894738,2457.3846153846152,1,2085.1236872812137,797,797,50,25
msg_1058,node26,node14,319,331000,,,,,,3263.6666666666665,2337.6666666666665,1,1546.7241379310344,1966.4782608695652,1,2085.1236872812137,797,797,50,25
msg_1059,node27,node12,319,331000,,,,,,3183.913043478261,1825.0555555555557,1,1456.3157894736842,1762.2,1,2085.1236872812137,797,797,50,25
msg_1060,node28,node10,319,331000,,,,,,3443.3846153846152,2654.0833333333335,1,1290.8275862068965,1922.1666666666667,1,2085.1236872812137,797,797,50,25
msg_1061,node29,node8,317,331000,,,,,,3343.1666666666665,2441.5833333333335,1,1135.551724137931,1850.84,0,2085.1236872812137,797,797,50,25
msg_1062,node30,node6,317,331000,,,,,,3824.5833333333335,2727.6666666666665,1,1002.6896551724138,2002.56,0,2085.1236872812137,797,797,50,25
msg_1063,node31,node4,317,331000,,,,,,3355.0555555555557,1739.888888888889,1,1002.6842105263158,2131.9411764705883,0,2085.1236872812137,797,797,50,25
msg_1064,node32,node2,317,331000,333222.0,2222.0,,,,2131.0,1111.3846153846155,1,1090.7931034482758,1189.2777777777778,0,1252.46,516,516,50,25
msg_1065,node33,node0,317,331000,333220.0,2220.0,,,,,1286.6666666666667,1,1.0344827586206897,1287.1052631578948,0,1250.6976320582878,517,517,50,25
msg_1066,node10,node48,319,336000,,,,,,1290.8275862068965,1922.1666666666667,1,,0.7142857142857143,0,2085.1236872812137,797,797,50,24
msg_1067,node11,node46,319,336000,,,,,,1239.842105263158,2232.733333333333,1,,2487.2,0,2085.1236872812137,797,797,50,24
msg_1068,node12,node44,319,336000,,,,,,1456.3157894736842,1762.2,1,4543.333333333333,2189.866666666667,0,2085.1236872812137,797,797,50,24
msg_1069,node13,node42,319,336000,,,,,,1417.1379310344828,1970.4782608695652,1,4580.5,2925.4444444444443,0,2085.1236872812137,797,797,50,24
msg_1070,node14,node40,319,336000,338662.0,2662.0,,,,1377.5217391304348,1095.5,1,,1323.8,0,1282.8654867256637,525,525,50,24
msg_1071,node15,node38,319,336000,,,,,,1727.0689655172414,2069.478260869565,1,4001.75,2603.0,0,2085.1236872812137,797,797,50,24
msg_1072,node16,node36,319,336000,,,,,,1938.5263157894738,2457.3846153846152,1,4049.230769230769,2285.0555555555557,0,2085.1236872812137,797,797,50,24
msg_1073,node17,node34,319,336000,,,,,,1945.3103448275863,2173.1363636363635,1,4077.875,2889.7272727272725,0,2085.1236872812137,797,797,50,24
msg_1074,node18,node32,319,336000,,,,,,1991.578947368421,2374.153846153846,1,3224.6470588235293,1874.2777777777778,1,2085.1236872812137,797,797,50,24
msg_1075,node19,node30,319,336000,338656.0,2656.0,,,,1817.909090909091,1281.75,1,2131.5,1776.6666666666667,1,1280.4308510638298,526,526,50,24
msg_1076,node20,node28,319,336000,,,,,,2397.9310344827586,2092.1428571428573,1,3443.3846153846152,2654.0833333333335,1,2085.1236872812137,797,797,50,24
msg_1077,node21,node26,319,336000,,,,,,2342.7241379310344,2020.7,1,3263.6666666666665,2337.6666666666665,1,2085.1236872812137,797,797,50,24
msg_1078,node22,node24,319,336000,,,,,,2809.777777777778,2560.6153846153848,1,2573.32,2052.2,1,2085.1236872812137,797,797,50,24
msg_1079,node23,node21,319,336000,,,,,,2988.529411764706,2423.75,1,2342.7241379310344,2020.7,1,2085.1236872812137,797,797,50,24
msg_1080,node24,node19,319,336000,,,,,,2573.32,2052.2,1,2462.157894736842,2360.0,1,2085.1236872812137,797,797,50,24
msg_1081,node25,node17,319,336000,338655.0,2655.0,,,,1778.1666666666667,1101.8666666666666,1,1559.35,1375.1333333333334,1,1277.9893428063942,527,527,50,24
msg_1082,node26,node15,319,336000,,,,,,3263.6666666666665,2337.6666666666665,1,1727.0689655172414,2069.478260869565,1,2085.1236872812137,797,797,50,24
msg_1083,node27,node13,319,336000,338654.0,2654.0,,,,1987.2222222222222,1259.2142857142858,1,1348.76,1011.375,1,1275.540925266904,528,528,50,24
msg_1084,node28,node11,319,336000,338653.0,2653.0,,,,1972.0,1369.2857142857142,1,1240.1176470588234,1206.3333333333333,1,1273.0855614973261,529,529,50,24
msg_1085,node29,node9,317,336000,,,,,,3343.1666666666665,2441.5833333333335,1,1197.2068965517242,2090.125,0,2085.1236872812137,797,797,50,24
msg_1086,node30,node7,317,336000,,,,,,3824.5833333333335,2727.6666666666665,1,1248.896551724138,1915.16,0,2085.1236872812137,797,797,50,24
msg_1087,node31,node5,317,336000,,,,,,3355.0555555555557,1739.888888888889,1,971.578947368421,1898.5,0,2085.1236872812137,797,797,50,24
msg_1088,node32,node3,317,336000,338651.0,2651.0,,,,2161.3333333333335,1111.3846153846155,1,1104.8620689655172,1097.3333333333333,0,1270.625,530,530,50,24
msg_1089,node33,node1,317,336000,338650.0,2650.0,,,,2220.0,1359.076923076923,1,946.6551724137931,972.9473684210526,0,1268.1574239713775,531,531,50,24
msg_1090,node10,node49,319,341000,341001.0,1.0,,,,1336.892857142857,1147.1764705882354,1,,1.875,0,1285.3021201413428,549,549,50,25
msg_1091,node11,node47,319,341000,343474.0,2474.0,,,,1240.1176470588234,1351.0,1,,2145.0,0,1297.5348432055748,541,541,50,25
msg_1092,node12,node45,319,341000,,,,,,1456.3157894736842,1762.2,1,4472.0,2254.133333333333,0,2085.1236872812137,797,797,50,25
msg_1093,node13,node43,319,341000,,,,,,1417.1379310344828,1970.4782608695652,1,4472.0,3219.6666666666665,0,2085.1236872812137,797,797,50,25
msg_1094,node14,node41,319,341000,343475.0,2475.0,,,,1431.0416666666667,1176.5294117647059,1,,1663.0,0,1301.6197916666667,539,539,50,25
msg_1095,node15,node39,319,341000,,,,,,1727.0689655172414,2069.478260869565,1,4435.0,3013.7,0,2085.1236872812137,797,797,50,25
msg_1096,node16,node37,319,341000,,,,,,1938.5263157894738,2457.3846153846152,1,4037.25,2203.1111111111113,0,2085.1236872812137,797,797,50,25
msg_1097,node17,node35,319,341000,343474.0,2474.0,,,,1559.35,1455.125,1,,1424.0,0,1297.5348432055748,541,541,50,25
msg_1098,node18,node33,319,341000,,,,,,1991.578947368421,2374.153846153846,1,3669.5625,2131.3333333333335,1,2085.1236872812137,797,797,50,25
msg_1099,node19,node31,319,341000,,,,,,2462.157894736842,2360.0,1,3355.0555555555557,1739.888888888889,1,2085.1236872812137,797,797,50,25
msg_1100,node20,node29,319,341000,,,,,,2397.9310344827586,2092.1428571428573,1,3343.1666666666665,2441.5833333333335,1,2085.1236872812137,797,797,50,25
msg_1101,node21,node27,319,341000,343475.0,2475.0,,,,1431.625,1206.642857142857,1,2092.0,1259.2142857142858,1,1303.6533795493933,538,538,50,25
msg_1102,node22,node25,319,341000,,,,,,2809.777777777778,2560.6153846153848,1,2878.44,1724.157894736842,1,2085.1236872812137,797,797,50,25
msg_1103,node23,node22,319,341000,343473.0,2473.0,,,,1709.2857142857142,1562.75,1,1674.25,1569.4285714285713,1,1293.4248251748252,543,543,50,25
msg_1104,node24,node20,319,341000,343473.0,2473.0,,,,1519.923076923077,1255.3333333333333,1,1679.9411764705883,1223.7857142857142,1,1293.4248251748252,543,543,50,25
msg_1105,node25,node18,319,341000,,,,,,2878.44,1724.157894736842,1,1991.578947368421,2374.153846153846,1,2085.1236872812137,797,797,50,25
msg_1106,node26,node16,319,341000,343472.0,2472.0,,,,1877.5,1163.0,1,1753.923076923077,1976.5,1,1287.2091388400704,546,546,50,25
msg_1107,node27,node14,319,341000,343473.0,2473.0,,,,2053.9,1259.2142857142858,1,1431.0416666666667,1095.5,1,1291.3590192644483,544,544,50,25
msg_1108,node28,node12,319,341000,343472.0,2472.0,,,,2199.0,1369.2857142857142,1,1531.4117647058824,808.1111111111111,1,1287.2091388400704,546,546,50,25
msg_1109,node29,node10,319,341000,,,,,,3343.1666666666665,2441.5833333333335,1,1290.8275862068965,1922.1666666666667,1,2085.1236872812137,797,797,50,25
msg_1110,node30,node8,317,341000,,,,,,3824.5833333333335,2727.6666666666665,1,1135.551724137931,1850.84,0,2085.1236872812137,797,797,50,25
msg_1111,node31,node6,317,341000,343471.0,2471.0,,,,1898.25,1353.3846153846155,1,1002.6896551724138,1304.6470588235295,0,1285.125,547,547,50,25
msg_1112,node32,node4,317,341000,,,,,,3224.6470588235293,1874.2777777777778,1,1002.6842105263158,2131.9411764705883,0,2085.1236872812137,797,797,50,25
msg_1113,node33,node2,317,341000,343469.0,2469.0,,,,2435.0,1359.076923076923,1,1090.7931034482758,1243.6315789473683,0,1283.037037037037,548,548,50,25
msg_1114,node34,node0,317,341000,,,,,,4077.875,2889.7272727272725,1,1.0344827586206897,1925.3703703703704,0,2085.1236872812137,797,797,50,25
msg_1115,node11,node48,319,346000,346001.0,1.0,,,,1308.6666666666667,1351.0,1,,1.0,0,1305.6799307958477,561,561,50,24
msg_1116,node12,node46,319,346000,,,,,,1456.3157894736842,1762.2,1,,2487.2,0,2085.1236872812137,797,797,50,24
msg_1117,node13,node44,319,346000,348609.0,2609.0,,,,1348.76,1108.0,1,,1288.5555555555557,0,1312.368782161235,556,556,50,24
msg_1118,node14,node42,319,346000,,,,,,1546.7241379310344,1966.4782608695652,1,4580.5,2925.4444444444443,0,2085.1236872812137,797,797,50,24
msg_1119,node15,node40,319,346000,348610.0,2610.0,,,,1511.0,1297.764705882353,1,,1445.4545454545455,0,1319.0085324232082,553,553,50,24
msg_1120,node16,node38,319,346000,348610.0,2610.0,,,,1753.923076923077,2031.5555555555557,1,,1194.75,0,1319.0085324232082,553,553,50,24
msg_1121,node17,node36,319,346000,348610.0,2610.0,,,,1602.904761904762,1455.125,1,,1447.75,0,1319.0085324232082,553,553,50,24
msg_1122,node18,node34,319,346000,348610.0,2610.0,,,,1453.8333333333333,1496.125,1,,1580.6,1,1319.0085324232082,553,553,50,24
msg_1123,node19,node32,319,346000,,,,,,2462.157894736842,2360.0,1,3224.6470588235293,1874.2777777777778,1,2085.1236872812137,797,797,50,24
msg_1124,node20,node30,319,346000,,,,,,2397.9310344827586,2092.1428571428573,1,3824.5833333333335,2727.6666666666665,1,2085.1236872812137,797,797,50,24
msg_1125,node21,node28,319,346000,,,,,,2342.7241379310344,2020.7,1,3443.3846153846152,2654.0833333333335,1,2085.1236872812137,797,797,50,24
msg_1126,node22,node26,319,346000,348609.0,2609.0,,,,1674.25,1682.375,1,1996.4,1163.0,1,1312.368782161235,556,556,50,24
msg_1127,node23,node24,319,346000,,,,,,2988.529411764706,2423.75,1,2573.32,2052.2,1,2085.1236872812137,797,797,50,24
msg_1128,node24,node21,319,346000,348610.0,2610.0,,,,1588.0,1255.3333333333333,1,1493.0,1206.642857142857,1,1316.8017094017093,554,554,50,24
msg_1129,node25,node19,319,346000,,,,,,2878.44,1724.157894736842,1,2462.157894736842,2360.0,1,2085.1236872812137,797,797,50,24
msg_1130,node26,node17,319,346000,,,,,,3263.6666666666665,2337.6666666666665,1,1945.3103448275863,2173.1363636363635,1,2085.1236872812137,797,797,50,24
msg_1131,node27,node15,319,346000,348608.0,2608.0,,,,2092.0,1340.2666666666667,1,1511.0,1215.875,1,1310.1426116838488,557,557,50,24
msg_1132,node28,node13,319,346000,,,,,,3443.3846153846152,2654.0833333333335,1,1417.1379310344828,1970.4782608695652,1,2085.1236872812137,797,797,50,24
msg_1133,node29,node11,319,346000,348607.0,2607.0,,,,1665.5,1646.0,1,1239.842105263158,1351.0,1,1307.9104991394147,558,558,50,24
msg_1134,node30,node9,317,346000,,,,,,3824.5833333333335,2727.6666666666665,1,1197.2068965517242,2090.125,0,2085.1236872812137,797,797,50,24
msg_1135,node31,node7,317,346000,348607.0,2607.0,,,,2012.8,1353.3846153846155,1,1248.896551724138,1098.4117647058824,0,1305.6706896551725,559,559,50,24
msg_1136,node32,node5,317,346000,,,,,,3224.6470588235293,1874.2777777777778,1,971.578947368421,1898.5,0,2085.1236872812137,797,797,50,24
msg_1137,node33,node3,317,346000,348605.0,2605.0,,,,2446.3333333333335,1359.076923076923,1,1104.8620689655172,1179.1052631578948,0,1303.426597582038,560,560,50,24
msg_1138,node34,node1,317,346000,,,,,,4077.875,2889.7272727272725,1,946.6551724137931,1648.576923076923,0,2085.1236872812137,797,797,50,24
msg_1139,node11,node49,319,351000,,,,,,1239.842105263158,2232.733333333333,1,,1.5333333333333334,0,2085.1236872812137,797,797,50,25
msg_1140,node12,node47,319,351000,352636.0,1636.0,,,,1531.4117647058824,1034.3636363636363,1,,2254.6666666666665,0,1330.8338926174497,568,568,50,25
msg_1141,node13,node45,319,351000,352636.0,1636.0,,,,1397.2307692307693,1108.0,1,,1530.0,0,1330.8338926174497,568,568,50,25
msg_1142,node14,node43,319,351000,,,,,,1546.7241379310344,1966.4782608695652,1,4472.0,3219.6666666666665,0,2085.1236872812137,797,797,50,25
msg_1143,node15,node41,319,351000,352636.0,1636.0,,,,1556.7916666666667,1297.764705882353,1,,1736.8181818181818,0,1330.8338926174497,568,568,50,25
msg_1144,node16,node39,319,351000,352636.0,1636.0,,,,1815.0714285714287,2031.5555555555557,1,,1928.0,0,1330.8338926174497,568,568,50,25
msg_1145,node17,node37,319,351000,352636.0,1636.0,,,,1648.6818181818182,1455.125,1,,1409.5833333333333,0,1330.8338926174497,568,568,50,25
msg_1146,node18,node35,319,351000,,,,,,1991.578947368421,2374.153846153846,1,3630.3571428571427,2255.0555555555557,1,2085.1236872812137,797,797,50,25
msg_1147,node19,node33,319,351000,,,,,,2462.157894736842,2360.0,1,3669.5625,2131.3333333333335,1,2085.1236872812137,797,797,50,25
msg_1148,node20,node31,319,351000,352637.0,1637.0,,,,1679.9411764705883,1327.5625,1,2043.4285714285713,1353.3846153846155,1,1333.3727121464226,563,563,50,25
msg_1149,node21,node29,319,351000,,,,,,2342.7241379310344,2020.7,1,3343.1666666666665,2441.5833333333335,1,2085.1236872812137,797,797,50,25
msg_1150,node22,node27,319,351000,,,,,,2809.777777777778,2560.6153846153848,1,3183.913043478261,1825.0555555555557,1,2085.1236872812137,797,797,50,25
msg_1151,node23,node25,319,351000,,,,,,2988.529411764706,2423.75,1,2878.44,1724.157894736842,1,2085.1236872812137,797,797,50,25
msg_1152,node24,node22,319,351000,,,,,,2573.32,2052.2,1,2809.777777777778,2560.6153846153848,1,2085.1236872812137,797,797,50,25
msg_1153,node25,node20,319,351000,352635.0,1635.0,,,,1845.6153846153845,1101.8666666666666,1,1679.9411764705883,1307.0666666666666,1,1330.3226890756303,569,569,50,25
msg_1154,node26,node18,319,351000,352634.0,1634.0,,,,1996.4,1343.75,1,1542.7692307692307,1496.125,1,1329.8114478114478,570,570,50,25
msg_1155,node27,node16,319,351000,,,,,,3183.913043478261,1825.0555555555557,1,1938.5263157894738,2457.3846153846152,1,2085.1236872812137,797,797,50,25
msg_1156,node28,node14,319,351000,,,,,,3443.3846153846152,2654.0833333333335,1,1546.7241379310344,1966.4782608695652,1,2085.1236872812137,797,797,50,25
msg_1157,node29,node12,319,351000,352633.0,1633.0,,,,1979.3333333333333,1646.0,1,1531.4117647058824,974.5,1,1328.787162162162,572,572,50,25
msg_1158,node30,node10,319,351000,,,,,,3824.5833333333335,2727.6666666666665,1,1290.8275862068965,1922.1666666666667,0,2085.1236872812137,797,797,50,25
msg_1159,node31,node8,317,351000,352633.0,1633.0,,,,2111.8333333333335,1353.3846153846155,1,1135.551724137931,1067.0,0,1328.2724196277495,573,573,50,25
msg_1160,node32,node6,317,351000,352633.0,1633.0,,,,2283.75,1111.3846153846155,1,1002.6896551724138,1369.4444444444443,0,1329.300168634064,571,571,50,25
msg_1161,node33,node4,317,351000,,,,,,3669.5625,2131.3333333333335,1,1002.6842105263158,2131.9411764705883,0,2085.1236872812137,797,797,50,25
msg_1162,node34,node2,317,351000,,,,,,4077.875,2889.7272727272725,1,1090.7931034482758,1877.4615384615386,0,2085.1236872812137,797,797,50,25
msg_1163,node35,node0,317,351000,352630.0,1630.0,,,,,1504.7692307692307,1,1.0344827586206897,1333.75,0,1327.7610169491525,574,574,50,25
msg_1164,node12,node48,319,356000,356000.0,0.0,,,,1537.2222222222222,1034.3636363636363,1,,1.0,0,1333.8770764119602,586,586,50,24
msg_1165,node13,node46,319,356000,359131.0,3131.0,,,,1406.0740740740741,1108.0,1,,1372.6666666666667,0,1363.8224755700326,574,574,50,24
msg_1166,node14,node44,319,356000,359132.0,3132.0,,,,1472.8,1176.5294117647059,1,,1420.6,0,1366.6959349593496,573,573,50,24
msg_1167,node15,node42,319,356000,,,,,,1727.0689655172414,2069.478260869565,1,4580.5,2925.4444444444443,0,2085.1236872812137,797,797,50,24
msg_1168,node16,node40,319,356000,,,,,,1938.5263157894738,2457.3846153846152,1,4433.777777777777,2272.294117647059,0,2085.1236872812137,797,797,50,24
msg_1169,node17,node38,319,356000,,,,,,1945.3103448275863,2173.1363636363635,1,4001.75,2603.0,0,2085.1236872812137,797,797,50,24
msg_1170,node18,node36,319,356000,,,,,,1991.578947368421,2374.153846153846,1,4049.230769230769,2285.0555555555557,0,2085.1236872812137,797,797,50,24
msg_1171,node19,node34,319,356000,359130.0,3130.0,,,,1887.75,1486.7777777777778,1,,1752.1666666666667,1,1360.9412724306687,575,575,50,24
msg_1172,node20,node32,319,356000,359130.0,3130.0,,,,1677.5555555555557,1327.5625,1,2315.3333333333335,1111.3846153846155,1,1358.0506535947713,576,576,50,24
msg_1173,node21,node30,319,356000,,,,,,2342.7241379310344,2020.7,1,3824.5833333333335,2727.6666666666665,1,2085.1236872812137,797,797,50,24
msg_1174,node22,node28,319,356000,359129.0,3129.0,,,,1778.111111111111,1682.375,1,2267.25,1369.2857142857142,1,1355.152209492635,577,577,50,24
msg_1175,node23,node26,319,356000,359128.0,3128.0,,,,1804.75,1562.75,1,2106.1428571428573,1343.75,1,1352.2459016393443,578,578,50,24
msg_1176,node24,node23,319,356000,,,,,,2573.32,2052.2,1,2988.529411764706,2423.75,1,2085.1236872812137,797,797,50,24
msg_1177,node25,node21,319,356000,359128.0,3128.0,,,,1830.5714285714287,1101.8666666666666,1,1493.0,1300.2,1,1349.3300492610838,579,579,50,24
msg_1178,node26,node19,319,356000,359127.0,3127.0,,,,1936.0,1343.75,1,1887.75,1281.75,1,1343.4728171334432,581,581,50,24
msg_1179,node27,node17,319,356000,359127.0,3127.0,,,,2135.0,1340.2666666666667,1,1648.1304347826087,1455.125,1,1343.4728171334432,581,581,50,24
msg_1180,node28,node15,319,356000,,,,,,3443.3846153846152,2654.0833333333335,1,1727.0689655172414,2069.478260869565,1,2085.1236872812137,797,797,50,24
msg_1181,node29,node13,319,356000,,,,,,3343.1666666666665,2441.5833333333335,1,1417.1379310344828,1970.4782608695652,1,2085.1236872812137,797,797,50,24
msg_1182,node30,node11,319,356000,359125.0,3125.0,,,,2131.5,1902.2857142857142,1,1239.842105263158,1465.1818181818182,0,1340.53300330033,582,582,50,24
msg_1183,node31,node9,317,356000,359125.0,3125.0,,,,2043.4285714285713,1373.642857142857,1,1197.2068965517242,1358.4117647058824,0,1337.5834710743802,583,583,50,24
msg_1184,node32,node7,317,356000,359124.0,3124.0,,,,2153.6,1111.3846153846155,1,1248.896551724138,1182.2222222222222,0,1334.6258278145694,584,584,50,24
msg_1185,node33,node5,317,356000,,,,,,3669.5625,2131.3333333333335,1,971.578947368421,1898.5,0,2085.1236872812137,797,797,50,24
msg_1186,node34,node3,317,356000,,,,,,4077.875,2889.7272727272725,1,1104.8620689655172,1784.0,0,2085.1236872812137,797,797,50,24
msg_1187,node35,node1,317,356000,359120.0,3120.0,,,,1630.0,1504.7692307692307,1,946.6551724137931,1056.8,0,1331.665008291874,585,585,50,24
msg_1188,node12,node49,319,361000,,,,,,1456.3157894736842,1762.2,1,,1.5333333333333334,0,2085.1236872812137,797,797,50,25
msg_1189,node13,node47,319,361000,,,,,,1417.1379310344828,1970.4782608695652,1,,2963.0,0,2085.1236872812137,797,797,50,25
msg_1190,node14,node45,319,361000,362975.0,1975.0,,,,1536.6153846153845,1176.5294117647059,1,,1540.6,0,1381.0525477707006,585,585,50,25
msg_1191,node15,node43,319,361000,,,,,,1727.0689655172414,2069.478260869565,1,4472.0,3219.6666666666665,0,2085.1236872812137,797,797,50,25
msg_1192,node16,node41,319,361000,,,,,,1938.5263157894738,2457.3846153846152,1,4401.714285714285,2499.764705882353,0,2085.1236872812137,797,797,50,25
msg_1193,node17,node39,319,361000,,,,,,1945.3103448275863,2173.1363636363635,1,4435.0,3013.7,0,2085.1236872812137,797,797,50,25
msg_1194,node18,node37,319,361000,,,,,,1991.578947368421,2374.153846153846,1,4037.25,2203.1111111111113,0,2085.1236872812137,797,797,50,25
msg_1195,node19,node35,319,361000,,,,,,2462.157894736842,2360.0,1,3630.3571428571427,2255.0555555555557,1,2085.1236872812137,797,797,50,25
msg_1196,node20,node33,319,361000,362974.0,1974.0,,,,1754.0,1327.5625,1,2382.6,1359.076923076923,1,1377.2516025641025,589,589,50,25
msg_1197,node21,node31,319,361000,362974.0,1974.0,,,,1493.0,1414.4375,1,2155.5555555555557,1373.642857142857,1,1377.2516025641025,589,589,50,25
msg_1198,node22,node29,319,361000,362974.0,1974.0,,,,1913.2,1682.375,1,1892.75,1646.0,1,1377.2516025641025,589,589,50,25
msg_1199,node23,node27,319,361000,,,,,,2988.529411764706,2423.75,1,3183.913043478261,1825.0555555555557,1,2085.1236872812137,797,797,50,25
msg_1200,node24,node25,319,361000,362974.0,1974.0,,,,1656.1333333333334,1255.3333333333333,1,1917.0666666666666,1101.8666666666666,1,1377.2516025641025,589,589,50,25
msg_1201,node25,node22,319,361000,,,,,,2878.44,1724.157894736842,1,2809.777777777778,2560.6153846153848,1,2085.1236872812137,797,797,50,25
msg_1202,node26,node20,319,361000,,,,,,3263.6666666666665,2337.6666666666665,1,2397.9310344827586,2092.1428571428573,1,2085.1236872812137,797,797,50,25
msg_1203,node27,node18,319,361000,,,,,,3183.913043478261,1825.0555555555557,1,1991.578947368421,2374.153846153846,1,2085.1236872812137,797,797,50,25
msg_1204,node28,node16,319,361000,362972.0,1972.0,,,,2267.25,1589.25,1,1803.1333333333334,2031.5555555555557,1,1376.2969502407705,590,590,50,25
msg_1205,node29,node14,319,361000,,,,,,3343.1666666666665,2441.5833333333335,1,1546.7241379310344,1966.4782608695652,1,2085.1236872812137,797,797,50,25
msg_1206,node30,node12,319,361000,362971.0,1971.0,,,,2462.6666666666665,1902.2857142857142,1,1456.3157894736842,1034.3636363636363,1,1374.3816425120774,592,592,50,25
msg_1207,node31,node10,319,361000,362971.0,1971.0,,,,2178.625,1373.642857142857,1,1290.8275862068965,1147.1764705882354,0,1374.3816425120774,592,592,50,25
msg_1208,node32,node8,317,361000,362971.0,1971.0,,,,2315.3333333333335,1255.5714285714287,1,1135.551724137931,1098.4444444444443,0,1373.4193548387098,593,593,50,25
msg_1209,node33,node6,317,361000,362969.0,1969.0,,,,2486.0,1359.076923076923,1,1002.6896551724138,1383.3157894736842,0,1372.4571890145396,594,594,50,25
msg_1210,node34,node4,317,361000,362968.0,1968.0,,,,,1949.0,1,1002.6842105263158,1383.0833333333333,0,1371.4935275080907,595,595,50,25
msg_1211,node35,node2,317,361000,362967.0,1967.0,,,,2375.0,1504.7692307692307,1,1090.7931034482758,1304.9,0,1370.5283630470017,596,596,50,25
msg_1212,node36,node0,317,361000,362966.0,1966.0,,,,,1537.1538461538462,1,1.0344827586206897,1347.857142857143,0,1369.5616883116884,597,597,50,25
msg_1213,node13,node48,319,366000,,,,,,1417.1379310344828,1970.4782608695652,1,,0.7142857142857143,0,2085.1236872812137,797,797,50,24
msg_1214,node14,node46,319,366000,368928.0,2928.0,,,,1552.851851851852,1176.5294117647059,1,,1548.5,0,1410.8673946957879,596,596,50,24
msg_1215,node15,node44,319,366000,368927.0,2927.0,,,,1559.96,1297.764705882353,1,,1576.1818181818182,0,1401.3469387755101,600,600,50,24
msg_1216,node16,node42,319,366000,368927.0,2927.0,,,,1803.1333333333334,2025.6,1,,1308.0,0,1401.3469387755101,600,600,50,24
msg_1217,node17,node40,319,366000,368927.0,2927.0,,,,1648.1304347826087,1553.4705882352941,1,,1542.5,0,1401.3469387755101,600,600,50,24
msg_1218,node18,node38,319,366000,368927.0,2927.0,,,,1542.7692307692307,1511.4444444444443,1,,1477.8,0,1401.3469387755101,600,600,50,24
msg_1219,node19,node36,319,366000,,,,,,2462.157894736842,2360.0,1,4049.230769230769,2285.0555555555557,1,2085.1236872812137,797,797,50,24
msg_1220,node20,node34,319,366000,,,,,,2397.9310344827586,2092.1428571428573,1,4077.875,2889.7272727272725,1,2085.1236872812137,797,797,50,24
msg_1221,node21,node32,319,366000,368926.0,2926.0,,,,1519.7222222222222,1414.4375,1,2348.25,1255.5714285714287,1,1394.1324921135647,603,603,50,24
msg_1222,node22,node30,319,366000,368926.0,2926.0,,,,1918.7272727272727,1682.375,1,2339.75,1902.2857142857142,1,1394.1324921135647,603,603,50,24
msg_1223,node23,node28,319,366000,368926.0,2926.0,,,,1951.7777777777778,1562.75,1,2208.2,1589.25,1,1394.1324921135647,603,603,50,24
msg_1224,node24,node26,319,366000,,,,,,2573.32,2052.2,1,3263.6666666666665,2337.6666666666665,1,2085.1236872812137,797,797,50,24
msg_1225,node25,node23,319,366000,,,,,,2878.44,1724.157894736842,1,2988.529411764706,2423.75,1,2085.1236872812137,797,797,50,24
msg_1226,node26,node21,319,366000,,,,,,3263.6666666666665,2337.6666666666665,1,2342.7241379310344,2020.7,1,2085.1236872812137,797,797,50,24
msg_1227,node27,node19,319,366000,,,,,,3183.913043478261,1825.0555555555557,1,2462.157894736842,2360.0,1,2085.1236872812137,797,797,50,24
msg_1228,node28,node17,319,366000,,,,,,3443.3846153846152,2654.0833333333335,1,1945.3103448275863,2173.1363636363635,1,2085.1236872812137,797,797,50,24
msg_1229,node29,node15,319,366000,,,,,,3343.1666666666665,2441.5833333333335,1,1727.0689655172414,2069.478260869565,1,2085.1236872812137,797,797,50,24
msg_1230,node30,node13,319,366000,,,,,,3824.5833333333335,2727.6666666666665,1,1417.1379310344828,1970.4782608695652,1,2085.1236872812137,797,797,50,24
msg_1231,node31,node11,319,366000,,,,,,3355.0555555555557,1739.888888888889,1,1239.842105263158,2232.733333333333,0,2085.1236872812137,797,797,50,24
msg_1232,node32,node9,317,366000,368923.0,2923.0,,,,2266.1428571428573,1255.5714285714287,1,1197.2068965517242,1456.5555555555557,0,1391.7172195892574,604,604,50,24
msg_1233,node33,node7,317,366000,368921.0,2921.0,,,,2382.6,1403.0,1,1248.896551724138,1284.421052631579,0,1386.8700475435817,606,606,50,24
msg_1234,node34,node5,317,366000,368921.0,2921.0,,,,1968.0,1949.0,1,971.578947368421,1322.3333333333333,0,1386.8700475435817,606,606,50,24
msg_1235,node35,node3,317,366000,368920.0,2920.0,,,,2239.0,1504.7692307692307,1,1104.8620689655172,1250.4,0,1384.436507936508,607,607,50,24
msg_1236,node36,node1,317,366000,368919.0,2919.0,,,,1966.0,1537.1538461538462,1,946.6551724137931,1155.047619047619,0,1381.9968203497615,608,608,50,24
msg_1237,node13,node49,319,371000,371002.0,2.0,,,,1467.6785714285713,1108.0,1,,1.7777777777777777,0,1413.2305295950155,620,620,50,25
msg_1238,node14,node47,319,371000,,,,,,1546.7241379310344,1966.4782608695652,1,,2963.0,0,2085.1236872812137,797,797,50,25
msg_1239,node15,node45,319,371000,375047.0,4047.0,,,,1612.5384615384614,1297.764705882353,1,,1580.090909090909,0,1439.3861538461538,612,612,50,25
msg_1240,node16,node43,319,371000,375048.0,4048.0,,,,1873.375,2209.181818181818,1,,1833.5,0,1455.334862385321,608,608,50,25
msg_1241,node17,node41,319,371000,375048.0,4048.0,,,,1701.4166666666667,1553.4705882352941,1,,1728.4166666666667,0,1455.334862385321,608,608,50,25
msg_1242,node18,node39,319,371000,375048.0,4048.0,,,,1641.642857142857,1764.9,1,,1869.6,0,1455.334862385321,608,608,50,25
msg_1243,node19,node37,319,371000,,,,,,2462.157894736842,2360.0,1,4037.25,2203.1111111111113,1,2085.1236872812137,797,797,50,25
msg_1244,node20,node35,319,371000,375048.0,4048.0,,,,1765.0,1487.4705882352941,1,2409.25,1504.7692307692307,1,1455.334862385321,608,608,50,25
msg_1245,node21,node33,319,371000,375049.0,4049.0,,,,1593.7368421052631,1414.4375,1,2696.714285714286,1403.0,1,1475.0060698027314,603,603,50,25
msg_1246,node22,node31,319,371000,,,,,,2809.777777777778,2560.6153846153848,1,3355.0555555555557,1739.888888888889,1,2085.1236872812137,797,797,50,25
msg_1247,node23,node29,319,371000,375048.0,4048.0,,,,2049.2,1562.75,1,2323.2,1687.0,1,1455.334862385321,608,608,50,25
msg_1248,node24,node27,319,371000,375047.0,4047.0,,,,1676.0,1255.3333333333333,1,2342.3571428571427,1340.2666666666667,1,1439.3861538461538,612,612,50,25
msg_1249,node25,node24,319,371000,375047.0,4047.0,,,,1917.0666666666666,1156.375,1,1676.0,1255.3333333333333,1,1439.3861538461538,612,612,50,25
msg_1250,node26,node22,319,371000,375047.0,4047.0,,,,2106.1428571428573,1542.0,1,2002.6666666666667,1682.375,1,1439.3861538461538,612,612,50,25
msg_1251,node27,node20,319,371000,375046.0,4046.0,,,,2211.3076923076924,1340.2666666666667,1,1765.0,1327.5625,1,1431.341049382716,614,614,50,25
msg_1252,node28,node18,319,371000,375046.0,4046.0,,,,2208.2,1737.7777777777778,1,1641.642857142857,1511.4444444444443,1,1431.341049382716,614,614,50,25
msg_1253,node29,node16,319,371000,375045.0,4045.0,,,,1892.75,1687.0,1,1873.375,2025.6,1,1427.3013910355487,615,615,50,25
msg_1254,node30,node14,319,371000,,,,,,3824.5833333333335,2727.6666666666665,1,1546.7241379310344,1966.4782608695652,1,2085.1236872812137,797,797,50,25
msg_1255,node31,node12,319,371000,,,,,,3355.0555555555557,1739.888888888889,1,1456.3157894736842,1762.2,0,2085.1236872812137,797,797,50,25
msg_1256,node32,node10,319,371000,375044.0,4044.0,,,,2348.25,1366.9333333333334,1,1290.8275862068965,1192.9444444444443,0,1423.250773993808,616,616,50,25
msg_1257,node33,node8,317,371000,375043.0,4043.0,,,,2472.3333333333335,1403.0,1,1135.551724137931,1144.3684210526317,0,1419.1891472868217,617,617,50,25
msg_1258,node34,node6,317,371000,,,,,,4077.875,2889.7272727272725,1,1002.6896551724138,2002.56,0,2085.1236872812137,797,797,50,25
msg_1259,node35,node4,317,371000,,,,,,3630.3571428571427,2255.0555555555557,1,1002.6842105263158,2131.9411764705883,0,2085.1236872812137,797,797,50,25
msg_1260,node36,node2,317,371000,375041.0,4041.0,,,,2442.5,1537.1538461538462,1,1090.7931034482758,1336.4285714285713,0,1415.1180124223602,618,618,50,25
msg_1261,node37,node0,317,371000,375040.0,4040.0,,,,,1427.0,1,1.0344827586206897,1375.9545454545455,0,1411.035769828927,619,619,50,25
msg_1262,node14,node48,319,376000,,,,,,1546.7241379310344,1966.4782608695652,1,,0.7142857142857143,0,2085.1236872812137,797,797,50,24
msg_1263,node15,node46,319,376000,380111.0,4111.0,,,,1702.7037037037037,1297.764705882353,1,,1673.909090909091,0,1494.745481927711,622,622,50,24
msg_1264,node16,node44,319,376000,,,,,,1938.5263157894738,2457.3846153846152,1,4543.333333333333,2189.866666666667,0,2085.1236872812137,797,797,50,24
msg_1265,node17,node42,319,376000,,,,,,1945.3103448275863,2173.1363636363635,1,4580.5,2925.4444444444443,0,2085.1236872812137,797,797,50,24
msg_1266,node18,node40,319,376000,,,,,,1991.578947368421,2374.153846153846,1,4433.777777777777,2272.294117647059,0,2085.1236872812137,797,797,50,24
msg_1267,node19,node38,319,376000,380111.0,4111.0,,,,1983.3076923076924,1486.7777777777778,1,,1719.3333333333333,0,1494.745481927711,622,622,50,24
msg_1268,node20,node36,319,376000,380111.0,4111.0,,,,1873.7142857142858,1487.4705882352941,1,3258.25,1537.1538461538462,1,1494.745481927711,622,622,50,24
msg_1269,node21,node34,319,376000,,,,,,2342.7241379310344,2020.7,1,4077.875,2889.7272727272725,1,2085.1236872812137,797,797,50,24
msg_1270,node22,node32,319,376000,,,,,,2809.777777777778,2560.6153846153848,1,3224.6470588235293,1874.2777777777778,1,2085.1236872812137,797,797,50,24
msg_1271,node23,node30,319,376000,380111.0,4111.0,,,,2230.909090909091,1562.75,1,2339.75,2030.25,1,1494.745481927711,622,622,50,24
msg_1272,node24,node28,319,376000,,,,,,2573.32,2052.2,1,3443.3846153846152,2654.0833333333335,1,2085.1236872812137,797,797,50,24
msg_1273,node25,node26,319,376000,,,,,,2878.44,1724.157894736842,1,3263.6666666666665,2337.6666666666665,1,2085.1236872812137,797,797,50,24
msg_1274,node26,node23,319,376000,380111.0,4111.0,,,,2348.75,1542.0,1,2230.909090909091,1562.75,1,1494.745481927711,622,622,50,24
msg_1275,node27,node21,319,376000,380112.0,4112.0,,,,2342.3571428571427,1509.4375,1,1716.5,1414.4375,1,1518.1746268656716,616,616,50,24
msg_1276,node28,node19,319,376000,380111.0,4111.0,,,,2514.5,1737.7777777777778,1,1983.3076923076924,1486.7777777777778,1,1494.745481927711,622,622,50,24
msg_1277,node29,node17,319,376000,,,,,,3343.1666666666665,2441.5833333333335,1,1945.3103448275863,2173.1363636363635,1,2085.1236872812137,797,797,50,24
msg_1278,node30,node15,319,376000,,,,,,3824.5833333333335,2727.6666666666665,1,1727.0689655172414,2069.478260869565,1,2085.1236872812137,797,797,50,24
msg_1279,node31,node13,319,376000,380111.0,4111.0,,,,2155.5555555555557,1413.6666666666667,1,1417.1379310344828,1108.0,0,1490.7993966817496,623,623,50,24
msg_1280,node32,node11,319,376000,,,,,,3224.6470588235293,1874.2777777777778,1,1239.842105263158,2232.733333333333,0,2085.1236872812137,797,797,50,24
msg_1281,node33,node9,317,376000,380109.0,4109.0,,,,2696.714285714286,1579.4,1,1197.2068965517242,1533.7368421052631,0,1486.844410876133,624,624,50,24
msg_1282,node34,node7,317,376000,,,,,,4077.875,2889.7272727272725,1,1248.896551724138,1915.16,0,2085.1236872812137,797,797,50,24
msg_1283,node35,node5,317,376000,,,,,,3630.3571428571427,2255.0555555555557,1,971.578947368421,1898.5,0,2085.1236872812137,797,797,50,24
msg_1284,node36,node3,317,376000,380107.0,4107.0,,,,2975.3333333333335,1537.1538461538462,1,1104.8620689655172,1329.904761904762,0,1482.8804841149772,625,625,50,24
msg_1285,node37,node1,317,376000,380106.0,4106.0,,,,4040.0,1427.0,1,946.6551724137931,1235.2272727272727,0,1478.9060606060607,626,626,50,24
msg_1286,node14,node49,319,381000,381000.0,0.0,,,,1601.9642857142858,1176.5294117647059,1,,1.8,0,1522.0402384500744,640,640,50,25
msg_1287,node15,node47,319,381000,,,,,,1727.0689655172414,2069.478260869565,1,,2963.0,0,2085.1236872812137,797,797,50,25
msg_1288,node16,node45,319,381000,,,,,,1938.5263157894738,2457.3846153846152,1,4472.0,2254.133333333333,0,2085.1236872812137,797,797,50,25
msg_1289,node17,node43,319,381000,,,,,,1945.3103448275863,2173.1363636363635,1,4472.0,3219.6666666666665,0,2085.1236872812137,797,797,50,25
msg_1290,node18,node41,319,381000,,,,,,1991.578947368421,2374.153846153846,1,4401.714285714285,2499.764705882353,0,2085.1236872812137,797,797,50,25
msg_1291,node19,node39,319,381000,385249.0,4249.0,,,,2135.285714285714,1749.2,1,,2232.6666666666665,0,1555.7929515418502,630,630,50,25
msg_1292,node20,node37,319,381000,385248.0,4248.0,,,,1975.409090909091,1487.4705882352941,1,4129.0,1427.0,1,1547.8615611192931,632,632,50,25
msg_1293,node21,node35,319,381000,385249.0,4249.0,,,,1716.5,1573.1176470588234,1,2775.8,1686.4285714285713,1,1551.8323529411764,631,631,50,25
msg_1294,node22,node33,319,381000,,,,,,2809.777777777778,2560.6153846153848,1,3669.5625,2131.3333333333335,1,2085.1236872812137,797,797,50,25
msg_1295,node23,node31,319,381000,,,,,,2988.529411764706,2423.75,1,3355.0555555555557,1739.888888888889,1,2085.1236872812137,797,797,50,25
msg_1296,node24,node29,319,381000,,,,,,2573.32,2052.2,1,3343.1666666666665,2441.5833333333335,1,2085.1236872812137,797,797,50,25
msg_1297,node25,node27,319,381000,385247.0,4247.0,,,,2050.1875,1156.375,1,2460.3333333333335,1509.4375,1,1543.8805309734514,633,633,50,25
msg_1298,node26,node24,319,381000,,,,,,3263.6666666666665,2337.6666666666665,1,2573.32,2052.2,1,2085.1236872812137,797,797,50,25
msg_1299,node27,node22,319,381000,,,,,,3183.913043478261,1825.0555555555557,1,2809.777777777778,2560.6153846153848,1,2085.1236872812137,797,797,50,25
msg_1300,node28,node20,319,381000,,,,,,3443.3846153846152,2654.0833333333335,1,2397.9310344827586,2092.1428571428573,1,2085.1236872812137,797,797,50,25
msg_1301,node29,node18,319,381000,385245.0,4245.0,,,,2323.2,1949.3333333333333,1,1802.0666666666666,1764.9,1,1531.8755555555556,636,636,50,25
msg_1302,node30,node16,319,381000,385245.0,4245.0,,,,2339.75,2261.4444444444443,1,2001.2941176470588,2209.181818181818,1,1531.8755555555556,636,636,50,25
msg_1303,node31,node14,319,381000,385245.0,4245.0,,,,2351.1,1413.6666666666667,1,1546.7241379310344,1176.5294117647059,1,1531.8755555555556,636,636,50,25
msg_1304,node32,node12,319,381000,,,,,,3224.6470588235293,1874.2777777777778,1,1456.3157894736842,1762.2,0,2085.1236872812137,797,797,50,25
msg_1305,node33,node10,319,381000,385244.0,4244.0,,,,2873.25,1579.4,1,1290.8275862068965,1343.0,0,1527.8516320474778,637,637,50,25
msg_1306,node34,node8,317,381000,,,,,,4077.875,2889.7272727272725,1,1135.551724137931,1850.84,0,2085.1236872812137,797,797,50,25
msg_1307,node35,node6,317,381000,385242.0,4242.0,,,,2409.25,1686.4285714285713,1,1002.6896551724138,1412.6,0,1523.8187221396731,638,638,50,25
msg_1308,node36,node4,317,381000,,,,,,4049.230769230769,2285.0555555555557,1,1002.6842105263158,2131.9411764705883,0,2085.1236872812137,797,797,50,25
msg_1309,node37,node2,317,381000,385241.0,4241.0,,,,4073.0,1427.0,1,1090.7931034482758,1459.3636363636363,0,1519.7752976190477,639,639,50,25
msg_1310,node38,node0,317,381000,,,,,,4001.75,2603.0,1,1.0344827586206897,1925.3703703703704,0,2085.1236872812137,797,797,50,25
msg_1311,node15,node48,319,386000,,,,,,1727.0689655172414,2069.478260869565,1,,0.7142857142857143,0,2085.1236872812137,797,797,50,24
msg_1312,node16,node46,319,386000,,,,,,1938.5263157894738,2457.3846153846152,1,,2487.2,0,2085.1236872812137,797,797,50,24
msg_1313,node17,node44,319,386000,389388.0,3388.0,,,,1795.28,1553.4705882352941,1,,1688.75,0,1573.0203784570597,648,648,50,24
msg_1314,node18,node42,319,386000,389388.0,3388.0,,,,1802.0666666666666,1990.3636363636363,1,,1631.8,0,1573.0203784570597,648,648,50,24
msg_1315,node19,node40,319,386000,,,,,,2462.157894736842,2360.0,1,4433.777777777777,2272.294117647059,0,2085.1236872812137,797,797,50,24
msg_1316,node20,node38,319,386000,,,,,,2397.9310344827586,2092.1428571428573,1,4001.75,2603.0,1,2085.1236872812137,797,797,50,24
msg_1317,node21,node36,319,386000,389389.0,3389.0,,,,1837.095238095238,1573.1176470588234,1,3258.25,1721.0,1,1580.9115942028986,645,645,50,24
msg_1318,node22,node34,319,386000,389388.0,3388.0,,,,2002.6666666666667,1945.111111111111,1,2444.5,1949.0,1,1573.0203784570597,648,648,50,24
msg_1319,node23,node32,319,386000,,,,,,2988.529411764706,2423.75,1,3224.6470588235293,1874.2777777777778,1,2085.1236872812137,797,797,50,24
msg_1320,node24,node30,319,386000,,,,,,2573.32,2052.2,1,3824.5833333333335,2727.6666666666665,1,2085.1236872812137,797,797,50,24
msg_1321,node25,node28,319,386000,,,,,,2878.44,1724.157894736842,1,3443.3846153846152,2654.0833333333335,1,2085.1236872812137,797,797,50,24
msg_1322,node26,node25,319,386000,,,,,,3263.6666666666665,2337.6666666666665,1,2878.44,1724.157894736842,1,2085.1236872812137,797,797,50,24
msg_1323,node27,node23,319,386000,,,,,,3183.913043478261,1825.0555555555557,1,2988.529411764706,2423.75,1,2085.1236872812137,797,797,50,24
msg_1324,node28,node21,319,386000,,,,,,3443.3846153846152,2654.0833333333335,1,2342.7241379310344,2020.7,1,2085.1236872812137,797,797,50,24
msg_1325,node29,node19,319,386000,389386.0,3386.0,,,,2643.5,1949.3333333333333,1,2276.2,1749.2,1,1570.3775510204082,649,649,50,24
msg_1326,node30,node17,319,386000,,,,,,3824.5833333333335,2727.6666666666665,1,1945.3103448275863,2173.1363636363635,1,2085.1236872812137,797,797,50,24
msg_1327,node31,node15,319,386000,389386.0,3386.0,,,,2523.2727272727275,1413.6666666666667,1,1788.7142857142858,1297.764705882353,1,1567.72700729927,650,650,50,24
msg_1328,node32,node13,319,386000,389385.0,3385.0,,,,2536.6666666666665,1366.9333333333334,1,1417.1379310344828,1274.8333333333333,0,1565.0701754385964,651,651,50,24
msg_1329,node33,node11,319,386000,,,,,,3669.5625,2131.3333333333335,1,1239.842105263158,2232.733333333333,0,2085.1236872812137,797,797,50,24
msg_1330,node34,node9,317,386000,,,,,,4077.875,2889.7272727272725,1,1197.2068965517242,2090.125,0,2085.1236872812137,797,797,50,24
msg_1331,node35,node7,317,386000,389383.0,3383.0,,,,2775.8,1857.2666666666667,1,1248.896551724138,1366.25,0,1562.4084919472914,652,652,50,24
msg_1332,node36,node5,317,386000,,,,,,4049.230769230769,2285.0555555555557,1,971.578947368421,1898.5,0,2085.1236872812137,797,797,50,24
msg_1333,node37,node3,317,386000,389381.0,3381.0,,,,4129.0,1628.5,1,1104.8620689655172,1456.1363636363637,0,1559.741935483871,653,653,50,24
msg_1334,node38,node1,317,386000,,,,,,4001.75,2603.0,1,946.6551724137931,1648.576923076923,0,2085.1236872812137,797,797,50,24
msg_1335,node15,node49,319,391000,391001.0,1.0,,,,1788.7142857142858,1413.7777777777778,1,,1.6363636363636365,0,1583.5282199710564,669,669,50,25
msg_1336,node16,node47,319,391000,393809.0,2809.0,,,,2001.2941176470588,2378.8333333333335,1,,2100.0,0,1595.2371428571428,660,660,50,25
msg_1337,node17,node45,319,391000,393809.0,2809.0,,,,1856.5384615384614,1553.4705882352941,1,,1785.6666666666667,0,1595.2371428571428,660,660,50,25
msg_1338,node18,node43,319,391000,393809.0,2809.0,,,,1901.1875,2058.3333333333335,1,,2276.4,0,1595.2371428571428,660,660,50,25
msg_1339,node19,node41,319,391000,,,,,,2462.157894736842,2360.0,1,4401.714285714285,2499.764705882353,0,2085.1236872812137,797,797,50,25
msg_1340,node20,node39,319,391000,,,,,,2397.9310344827586,2092.1428571428573,1,4435.0,3013.7,1,2085.1236872812137,797,797,50,25
msg_1341,node21,node37,319,391000,393809.0,2809.0,,,,1907.6363636363637,1573.1176470588234,1,3942.0,1628.5,1,1591.759312320917,662,662,50,25
msg_1342,node22,node35,319,391000,,,,,,2809.777777777778,2560.6153846153848,1,3630.3571428571427,2255.0555555555557,1,2085.1236872812137,797,797,50,25
msg_1343,node23,node33,319,391000,,,,,,2988.529411764706,2423.75,1,3669.5625,2131.3333333333335,1,2085.1236872812137,797,797,50,25
msg_1344,node24,node31,319,391000,393809.0,2809.0,,,,1815.4705882352941,1510.8235294117646,1,2595.1666666666665,1413.6666666666667,1,1593.5007153075824,661,661,50,25
msg_1345,node25,node29,319,391000,,,,,,2878.44,1724.157894736842,1,3343.1666666666665,2441.5833333333335,1,2085.1236872812137,797,797,50,25
msg_1346,node26,node27,319,391000,,,,,,3263.6666666666665,2337.6666666666665,1,3183.913043478261,1825.0555555555557,1,2085.1236872812137,797,797,50,25
msg_1347,node27,node24,319,391000,393807.0,2807.0,,,,2460.3333333333335,1670.4705882352941,1,1815.4705882352941,1429.8125,1,1590.015781922525,663,663,50,25
msg_1348,node28,node22,319,391000,393806.0,2806.0,,,,2742.5714285714284,1737.7777777777778,1,2109.230769230769,1945.111111111111,1,1586.51654676259,665,665,50,25
msg_1349,node29,node20,319,391000,,,,,,3343.1666666666665,2441.5833333333335,1,2397.9310344827586,2092.1428571428573,1,2085.1236872812137,797,797,50,25
msg_1350,node30,node18,319,391000,393806.0,2806.0,,,,2720.8,2261.4444444444443,1,1901.1875,1990.3636363636363,1,1586.51654676259,665,665,50,25
msg_1351,node31,node16,319,391000,,,,,,3355.0555555555557,1739.888888888889,1,1938.5263157894738,2457.3846153846152,1,2085.1236872812137,797,797,50,25
msg_1352,node32,node14,319,391000,393805.0,2805.0,,,,2621.5,1366.9333333333334,1,1546.7241379310344,1347.0,0,1584.7608069164264,666,666,50,25
msg_1353,node33,node12,319,391000,,,,,,3669.5625,2131.3333333333335,1,1456.3157894736842,1762.2,0,2085.1236872812137,797,797,50,25
msg_1354,node34,node10,319,391000,,,,,,4077.875,2889.7272727272725,1,1290.8275862068965,1922.1666666666667,0,2085.1236872812137,797,797,50,25
msg_1355,node35,node8,317,391000,393803.0,2803.0,,,,2877.0,1857.2666666666667,1,1135.551724137931,1289.3,0,1583.002886002886,667,667,50,25
msg_1356,node36,node6,317,391000,393802.0,2802.0,,,,3258.25,1832.2,1,1002.6896551724138,1547.3333333333333,0,1581.2413294797689,668,668,50,25
msg_1357,node37,node4,317,391000,,,,,,4037.25,2203.1111111111113,1,1002.6842105263158,2131.9411764705883,0,2085.1236872812137,797,797,50,25
msg_1358,node38,node2,317,391000,,,,,,4001.75,2603.0,1,1090.7931034482758,1877.4615384615386,0,2085.1236872812137,797,797,50,25
msg_1359,node39,node0,317,391000,,,,,,4435.0,3013.7,1,1.0344827586206897,1925.3703703703704,0,2085.1236872812137,797,797,50,25
msg_1360,node16,node48,319,396000,396001.0,1.0,,,,2046.1666666666667,2378.8333333333335,1,,0.75,0,1600.416785206259,681,681,50,24
msg_1361,node17,node46,319,396000,401333.0,5333.0,,,,1891.8148148148148,1763.0,1,,1877.0,0,1670.8342618384402,691,691,50,24
msg_1362,node18,node44,319,396000,,,,,,1991.578947368421,2374.153846153846,1,4543.333333333333,2189.866666666667,0,2085.1236872812137,797,797,50,24
msg_1363,node19,node42,319,396000,401332.0,5332.0,,,,2276.2,2183.5833333333335,1,,1924.5,0,1660.6075418994412,693,693,50,24
msg_1364,node20,node40,319,396000,401332.0,5332.0,,,,2074.217391304348,1487.4705882352941,1,,1649.0,0,1660.6075418994412,693,693,50,24
msg_1365,node21,node38,319,396000,,,,,,2342.7241379310344,2020.7,1,4001.75,2603.0,1,2085.1236872812137,797,797,50,24
msg_1366,node22,node36,319,396000,,,,,,2809.777777777778,2560.6153846153848,1,4049.230769230769,2285.0555555555557,1,2085.1236872812137,797,797,50,24
msg_1367,node23,node34,319,396000,401330.0,5330.0,,,,2387.5833333333335,2193.8,1,3404.0,2128.875,1,1655.4755244755245,694,694,50,24
msg_1368,node24,node32,319,396000,401330.0,5330.0,,,,1870.6666666666667,1510.8235294117646,1,2862.0833333333335,1366.9333333333334,1,1650.329131652661,695,695,50,24
msg_1369,node25,node30,319,396000,,,,,,2878.44,1724.157894736842,1,3824.5833333333335,2727.6666666666665,1,2085.1236872812137,797,797,50,24
msg_1370,node26,node28,319,396000,401326.0,5326.0,,,,2544.5555555555557,1542.0,1,3036.5555555555557,1737.7777777777778,1,1645.1739130434783,696,696,50,24
msg_1371,node27,node25,319,396000,401325.0,5325.0,,,,2482.0,1670.4705882352941,1,2179.4117647058824,1156.375,1,1624.413258110014,700,700,50,24
msg_1372,node28,node23,319,396000,401325.0,5325.0,,,,2750.5,1737.7777777777778,1,2387.5833333333335,1845.888888888889,1,1624.413258110014,700,700,50,24
msg_1373,node29,node21,319,396000,,,,,,3343.1666666666665,2441.5833333333335,1,2342.7241379310344,2020.7,1,2085.1236872812137,797,797,50,24
msg_1374,node30,node19,319,396000,401325.0,5325.0,,,,2735.0,2261.4444444444443,1,2276.2,1898.0,1,1624.413258110014,700,700,50,24
msg_1375,node31,node17,319,396000,401325.0,5325.0,,,,2595.1666666666665,1500.875,1,1891.8148148148148,1553.4705882352941,1,1619.1864406779662,701,701,50,24
msg_1376,node32,node15,319,396000,401325.0,5325.0,,,,2638.181818181818,1366.9333333333334,1,1727.0689655172414,1413.7777777777778,0,1640.0056179775281,697,697,50,24
msg_1377,node33,node13,319,396000,401323.0,5323.0,,,,3025.5555555555557,1579.4,1,1417.1379310344828,1385.8947368421052,0,1608.6940509915014,703,703,50,24
msg_1378,node34,node11,319,396000,401323.0,5323.0,,,,2444.5,2128.875,1,1239.842105263158,1603.5,0,1608.6940509915014,703,703,50,24
msg_1379,node35,node9,317,396000,401322.0,5322.0,,,,2866.4285714285716,1857.2666666666667,1,1197.2068965517242,1662.5,0,1598.1448863636363,705,705,50,24
msg_1380,node36,node7,317,396000,401322.0,5322.0,,,,3167.0,1832.2,1,1248.896551724138,1462.2857142857142,0,1598.1448863636363,705,705,50,24
msg_1381,node37,node5,317,396000,,,,,,4037.25,2203.1111111111113,1,971.578947368421,1898.5,0,2085.1236872812137,797,797,50,24
msg_1382,node38,node3,317,396000,,,,,,4001.75,2603.0,1,1104.8620689655172,1784.0,0,2085.1236872812137,797,797,50,24
msg_1383,node39,node1,317,396000,,,,,,4435.0,3013.7,1,946.6551724137931,1648.576923076923,0,2085.1236872812137,797,797,50,24
msg_1384,node16,node49,319,401000,,,,,,1938.5263157894738,2457.3846153846152,1,,1.5333333333333334,0,2085.1236872812137,797,797,50,25
msg_1385,node17,node47,319,401000,,,,,,1945.3103448275863,2173.1363636363635,1,,2963.0,0,2085.1236872812137,797,797,50,25
msg_1386,node18,node45,319,401000,,,,,,1991.578947368421,2374.153846153846,1,4472.0,2254.133333333333,0,2085.1236872812137,797,797,50,25
msg_1387,node19,node43,319,401000,404899.0,3899.0,,,,2467.1875,2183.5833333333335,1,,2365.1666666666665,0,1709.368493150685,679,679,50,25
msg_1388,node20,node41,319,401000,404899.0,3899.0,,,,2209.9583333333335,1487.4705882352941,1,,1906.8461538461538,0,1709.368493150685,679,679,50,25
msg_1389,node21,node39,319,401000,,,,,,2342.7241379310344,2020.7,1,4435.0,3013.7,1,2085.1236872812137,797,797,50,25
msg_1390,node22,node37,319,401000,,,,,,2809.777777777778,2560.6153846153848,1,4037.25,2203.1111111111113,1,2085.1236872812137,797,797,50,25
msg_1391,node23,node35,319,401000,,,,,,2988.529411764706,2423.75,1,3630.3571428571427,2255.0555555555557,1,2085.1236872812137,797,797,50,25
msg_1392,node24,node33,319,401000,404898.0,3898.0,,,,2052.7368421052633,1510.8235294117646,1,3313.5454545454545,1579.4,1,1700.3356258596973,682,682,50,25
msg_1393,node25,node31,319,401000,404899.0,3899.0,,,,2179.4117647058824,1401.5882352941176,1,2805.153846153846,1500.875,1,1706.3648834019205,680,680,50,25
msg_1394,node26,node29,319,401000,404898.0,3898.0,,,,2822.7,1542.0,1,2893.0,1949.3333333333333,1,1700.3356258596973,682,682,50,25
msg_1395,node27,node26,319,401000,,,,,,3183.913043478261,1825.0555555555557,1,3263.6666666666665,2337.6666666666665,1,2085.1236872812137,797,797,50,25
msg_1396,node28,node24,319,401000,,,,,,3443.3846153846152,2654.0833333333335,1,2573.32,2052.2,1,2085.1236872812137,797,797,50,25
msg_1397,node29,node22,319,401000,404897.0,3897.0,,,,2749.5714285714284,1949.3333333333333,1,2109.230769230769,2031.2,1,1697.309917355372,683,683,50,25
msg_1398,node30,node20,319,401000,,,,,,3824.5833333333335,2727.6666666666665,1,2397.9310344827586,2092.1428571428573,1,2085.1236872812137,797,797,50,25
msg_1399,node31,node18,319,401000,,,,,,3355.0555555555557,1739.888888888889,1,1991.578947368421,2374.153846153846,1,2085.1236872812137,797,797,50,25
msg_1400,node32,node16,319,401000,,,,,,3224.6470588235293,1874.2777777777778,1,1938.5263157894738,2457.3846153846152,1,2085.1236872812137,797,797,50,25
msg_1401,node33,node14,319,401000,404896.0,3896.0,,,,3255.3,1579.4,1,1546.7241379310344,1423.7368421052631,0,1694.2772413793105,684,684,50,25
msg_1402,node34,node12,319,401000,404895.0,3895.0,,,,3404.0,2484.5555555555557,1,1456.3157894736842,1112.4166666666667,0,1691.2375690607735,685,685,50,25
msg_1403,node35,node10,319,401000,404895.0,3895.0,,,,3173.375,1857.2666666666667,1,1290.8275862068965,1488.05,0,1688.18948824343,686,686,50,25
msg_1404,node36,node8,317,401000,404893.0,3893.0,,,,3526.1666666666665,1832.2,1,1135.551724137931,1361.3809523809523,0,1682.0735090152566,688,688,50,25
msg_1405,node37,node6,317,401000,404893.0,3893.0,,,,3942.0,1707.2,1,1002.6896551724138,1604.3636363636363,0,1685.1357340720222,687,687,50,25
msg_1406,node38,node4,317,401000,404892.0,3892.0,,,,,2061.0,1,1002.6842105263158,1428.076923076923,0,1679.0041666666666,689,689,50,25
msg_1407,node39,node2,317,401000,,,,,,4435.0,3013.7,1,1090.7931034482758,1877.4615384615386,0,2085.1236872812137,797,797,50,25
msg_1408,node40,node0,317,401000,404891.0,3891.0,,,,,1912.0714285714287,1,1.0344827586206897,1491.7826086956522,0,1675.9276773296244,690,690,50,25
msg_1409,node17,node48,319,406000,,,,,,1945.3103448275863,2173.1363636363635,1,,0.7142857142857143,0,2085.1236872812137,797,797,50,24
msg_1410,node18,node46,319,406000,,,,,,1991.578947368421,2374.153846153846,1,,2487.2,0,2085.1236872812137,797,797,50,24
msg_1411,node19,node44,319,406000,,,,,,2462.157894736842,2360.0,1,4543.333333333333,2189.866666666667,0,2085.1236872812137,797,797,50,24
msg_1412,node20,node42,319,406000,,,,,,2397.9310344827586,2092.1428571428573,1,4580.5,2925.4444444444443,0,2085.1236872812137,797,797,50,24
msg_1413,node21,node40,319,406000,408929.0,2929.0,,,,1946.8260869565217,1573.1176470588234,1,3407.0,1912.0714285714287,1,1731.6711590296495,691,691,50,24
msg_1414,node22,node38,319,406000,408928.0,2928.0,,,,2109.230769230769,2200.818181818182,1,3408.0,2061.0,1,1726.8132611637348,694,694,50,24
msg_1415,node23,node36,319,406000,,,,,,2988.529411764706,2423.75,1,4049.230769230769,2285.0555555555557,1,2085.1236872812137,797,797,50,24
msg_1416,node24,node34,319,406000,,,,,,2573.32,2052.2,1,4077.875,2889.7272727272725,1,2085.1236872812137,797,797,50,24
msg_1417,node25,node32,319,406000,408929.0,2929.0,,,,2274.9444444444443,1401.5882352941176,1,2867.153846153846,1614.625,1,1730.055330634278,692,692,50,24
msg_1418,node26,node30,319,406000,408928.0,2928.0,,,,2920.4545454545455,1542.0,1,3105.0,2261.4444444444443,1,1726.8132611637348,694,694,50,24
msg_1419,node27,node28,319,406000,,,,,,3183.913043478261,1825.0555555555557,1,3443.3846153846152,2654.0833333333335,1,2085.1236872812137,797,797,50,24
msg_1420,node28,node25,319,406000,,,,,,3443.3846153846152,2654.0833333333335,1,2878.44,1724.157894736842,1,2085.1236872812137,797,797,50,24
msg_1421,node29,node23,319,406000,408927.0,2927.0,,,,2893.0,2144.2,1,2613.923076923077,2193.8,1,1723.5549525101765,696,696,50,24
msg_1422,node30,node21,319,406000,,,,,,3824.5833333333335,2727.6666666666665,1,2342.7241379310344,2020.7,1,2085.1236872812137,797,797,50,24
msg_1423,node31,node19,319,406000,,,,,,3355.0555555555557,1739.888888888889,1,2462.157894736842,2360.0,1,2085.1236872812137,797,797,50,24
msg_1424,node32,node17,319,406000,408928.0,2928.0,,,,2862.0833333333335,1614.625,1,2014.7142857142858,1763.0,1,1725.1856368563685,695,695,50,24
msg_1425,node33,node15,319,406000,408926.0,2926.0,,,,3313.5454545454545,1724.3125,1,1727.0689655172414,1619.6315789473683,0,1721.921195652174,697,697,50,24
msg_1426,node34,node13,319,406000,,,,,,4077.875,2889.7272727272725,1,1417.1379310344828,1970.4782608695652,0,2085.1236872812137,797,797,50,24
msg_1427,node35,node11,319,406000,,,,,,3630.3571428571427,2255.0555555555557,1,1239.842105263158,2232.733333333333,0,2085.1236872812137,797,797,50,24
msg_1428,node36,node9,317,406000,408925.0,2925.0,,,,3578.5714285714284,1832.2,1,1197.2068965517242,1836.7619047619048,0,1718.6430517711171,699,699,50,24
msg_1429,node37,node7,317,406000,408925.0,2925.0,,,,3932.2,1707.2,1,1248.896551724138,1637.7272727272727,0,1718.6430517711171,699,699,50,24
msg_1430,node38,node5,317,406000,408924.0,2924.0,,,,3892.0,2061.0,1,971.578947368421,1445.3076923076924,0,1716.9986357435198,700,700,50,24
msg_1431,node39,node3,317,406000,,,,,,4435.0,3013.7,1,1104.8620689655172,1784.0,0,2085.1236872812137,797,797,50,24
msg_1432,node40,node1,317,406000,408923.0,2923.0,,,,3891.0,1912.0714285714287,1,946.6551724137931,1360.0434782608695,0,1715.3510928961748,701,701,50,24
msg_1433,node17,node49,319,411000,411002.0,2.0,,,,2014.7142857142858,1824.3157894736842,1,,1.5833333333333333,0,1733.2826379542396,715,715,50,25
msg_1434,node18,node47,319,411000,415612.0,4612.0,,,,1954.5882352941176,2058.3333333333335,1,,2241.8,0,1776.5674603174602,702,702,50,25
msg_1435,node19,node45,319,411000,,,,,,2462.157894736842,2360.0,1,4472.0,2254.133333333333,0,2085.1236872812137,797,797,50,25
msg_1436,node20,node43,319,411000,,,,,,2397.9310344827586,2092.1428571428573,1,4472.0,3219.6666666666665,0,2085.1236872812137,797,797,50,25
msg_1437,node21,node41,319,411000,415612.0,4612.0,,,,1987.75,1573.1176470588234,1,4598.0,2049.1428571428573,1,1772.8119205298012,703,703,50,25
msg_1438,node22,node39,319,411000,415611.0,4611.0,,,,2167.714285714286,2401.0833333333335,1,4600.0,2520.714285714286,1,1769.0477453580902,704,704,50,25
msg_1439,node23,node37,319,411000,,,,,,2988.529411764706,2423.75,1,4037.25,2203.1111111111113,1,2085.1236872812137,797,797,50,25
msg_1440,node24,node35,319,411000,415609.0,4609.0,,,,2145.0,1510.8235294117646,1,3253.5555555555557,1857.2666666666667,1,1765.2762284196547,705,705,50,25
msg_1441,node25,node33,319,411000,415608.0,4608.0,,,,2309.3684210526317,1401.5882352941176,1,3281.25,1724.3125,1,1761.4960106382978,706,706,50,25
msg_1442,node26,node31,319,411000,,,,,,3263.6666666666665,2337.6666666666665,1,3355.0555555555557,1739.888888888889,1,2085.1236872812137,797,797,50,25
msg_1443,node27,node29,319,411000,,,,,,3183.913043478261,1825.0555555555557,1,3343.1666666666665,2441.5833333333335,1,2085.1236872812137,797,797,50,25
msg_1444,node28,node26,319,411000,415605.0,4605.0,,,,3036.5555555555557,2096.6,1,2921.0833333333335,1542.0,1,1757.7097203728363,707,707,50,25
msg_1445,node29,node24,319,411000,,,,,,3343.1666666666665,2441.5833333333335,1,2573.32,2052.2,1,2085.1236872812137,797,797,50,25
msg_1446,node30,node22,319,411000,415604.0,4604.0,,,,3105.0,2328.1,1,2167.714285714286,2200.818181818182,1,1750.1081441922563,709,709,50,25
msg_1447,node31,node20,319,411000,415605.0,4605.0,,,,2805.153846153846,1641.9411764705883,1,2277.52,1487.4705882352941,1,1753.9133333333334,708,708,50,25
msg_1448,node32,node18,319,411000,,,,,,3224.6470588235293,1874.2777777777778,1,1991.578947368421,2374.153846153846,1,2085.1236872812137,797,797,50,25
msg_1449,node33,node16,319,411000,,,,,,3669.5625,2131.3333333333335,1,1938.5263157894738,2457.3846153846152,0,2085.1236872812137,797,797,50,25
msg_1450,node34,node14,319,411000,,,,,,4077.875,2889.7272727272725,1,1546.7241379310344,1966.4782608695652,0,2085.1236872812137,797,797,50,25
msg_1451,node35,node12,319,411000,,,,,,3630.3571428571427,2255.0555555555557,1,1456.3157894736842,1762.2,0,2085.1236872812137,797,797,50,25
msg_1452,node36,node10,319,411000,415602.0,4602.0,,,,3496.875,1832.2,1,1290.8275862068965,1602.6666666666667,0,1746.2954545454545,710,710,50,25
msg_1453,node37,node8,317,411000,415601.0,4601.0,,,,3764.3333333333335,1707.2,1,1135.551724137931,1476.4545454545455,0,1742.4738955823293,711,711,50,25
msg_1454,node38,node6,317,411000,,,,,,4001.75,2603.0,1,1002.6896551724138,2002.56,0,2085.1236872812137,797,797,50,25
msg_1455,node39,node4,317,411000,415600.0,4600.0,,,,,2520.714285714286,1,1002.6842105263158,1604.0714285714287,0,1738.6434316353887,712,712,50,25
msg_1456,node40,node2,317,411000,415599.0,4599.0,,,,3407.0,1979.8666666666666,1,1090.7931034482758,1580.304347826087,0,1734.8040268456375,713,713,50,25
msg_1457,node41,node0,317,411000,415598.0,4598.0,,,,,2049.1428571428573,1,1.0344827586206897,1591.75,0,1730.9556451612902,714,714,50,25
msg_1458,node18,node48,319,416000,416000.0,0.0,,,,2102.222222222222,2058.3333333333335,1,,0.8,0,1780.3130779392338,725,725,50,24
msg_1459,node19,node46,319,416000,,,,,,2462.157894736842,2360.0,1,,2487.2,0,2085.1236872812137,797,797,50,24
msg_1460,node20,node44,319,416000,420222.0,4222.0,,,,2277.52,1660.6666666666667,1,,1819.4615384615386,0,1803.4412532637075,716,716,50,24
msg_1461,node21,node42,319,416000,,,,,,2342.7241379310344,2020.7,1,4580.5,2925.4444444444443,0,2085.1236872812137,797,797,50,24
msg_1462,node22,node40,319,416000,,,,,,2809.777777777778,2560.6153846153848,1,4433.777777777777,2272.294117647059,1,2085.1236872812137,797,797,50,24
msg_1463,node23,node38,319,416000,420222.0,4222.0,,,,2613.923076923077,2423.75,1,3408.0,2169.375,1,1803.4412532637075,716,716,50,24
msg_1464,node24,node36,319,416000,420222.0,4222.0,,,,2262.3333333333335,1510.8235294117646,1,3619.6666666666665,1832.2,1,1803.4412532637075,716,716,50,24
msg_1465,node25,node34,319,416000,,,,,,2878.44,1724.157894736842,1,4077.875,2889.7272727272725,1,2085.1236872812137,797,797,50,24
msg_1466,node26,node32,319,416000,,,,,,3263.6666666666665,2337.6666666666665,1,3224.6470588235293,1874.2777777777778,1,2085.1236872812137,797,797,50,24
msg_1467,node27,node30,319,416000,,,,,,3183.913043478261,1825.0555555555557,1,3824.5833333333335,2727.6666666666665,1,2085.1236872812137,797,797,50,24
msg_1468,node28,node27,319,416000,,,,,,3443.3846153846152,2654.0833333333335,1,3183.913043478261,1825.0555555555557,1,2085.1236872812137,797,797,50,24
msg_1469,node29,node25,319,416000,,,,,,3343.1666666666665,2441.5833333333335,1,2878.44,1724.157894736842,1,2085.1236872812137,797,797,50,24
msg_1470,node30,node23,319,416000,420220.0,4220.0,,,,3292.375,2328.1,1,2613.923076923077,2260.4545454545455,1,1797.1151832460732,718,718,50,24
msg_1471,node31,node21,319,416000,420220.0,4220.0,,,,2933.714285714286,1641.9411764705883,1,2092.72,1573.1176470588234,1,1797.1151832460732,718,718,50,24
msg_1472,node32,node19,319,416000,,,,,,3224.6470588235293,1874.2777777777778,1,2462.157894736842,2360.0,1,2085.1236872812137,797,797,50,24
msg_1473,node33,node17,319,416000,420219.0,4219.0,,,,3281.25,1893.9411764705883,1,1945.3103448275863,1824.3157894736842,0,1793.9410222804718,719,719,50,24
msg_1474,node34,node15,319,416000,,,,,,4077.875,2889.7272727272725,1,1727.0689655172414,2069.478260869565,0,2085.1236872812137,797,797,50,24
msg_1475,node35,node13,319,416000,420218.0,4218.0,,,,3253.5555555555557,2029.25,1,1417.1379310344828,1582.75,0,1790.759842519685,720,720,50,24
msg_1476,node36,node11,319,416000,,,,,,4049.230769230769,2285.0555555555557,1,1239.842105263158,2232.733333333333,0,2085.1236872812137,797,797,50,24
msg_1477,node37,node9,317,416000,420217.0,4217.0,,,,3883.8571428571427,1707.2,1,1197.2068965517242,1886.2272727272727,0,1787.5716162943495,721,721,50,24
msg_1478,node38,node7,317,416000,,,,,,4001.75,2603.0,1,1248.896551724138,1915.16,0,2085.1236872812137,797,797,50,24
msg_1479,node39,node5,317,416000,420216.0,4216.0,,,,4600.0,2782.0,1,971.578947368421,1550.9285714285713,0,1784.3763157894737,722,722,50,24
msg_1480,node40,node3,317,416000,420215.0,4215.0,,,,3804.3333333333335,1979.8666666666666,1,1104.8620689655172,1539.8260869565217,0,1781.1739130434783,723,723,50,24
msg_1481,node41,node1,317,416000,420214.0,4214.0,,,,4598.0,2220.0,1,946.6551724137931,1425.1666666666667,0,1777.9643799472296,724,724,50,24
msg_1482,node18,node49,319,421000,,,,,,1991.578947368421,2374.153846153846,1,,1.5333333333333334,0,2085.1236872812137,797,797,50,25
msg_1483,node19,node47,319,421000,424406.0,3406.0,,,,2551.4117647058824,2183.5833333333335,1,,2636.8333333333335,0,1835.2923076923078,727,727,50,25
msg_1484,node20,node45,319,421000,424406.0,3406.0,,,,2352.3076923076924,1752.3684210526317,1,,1864.3846153846155,0,1835.2923076923078,727,727,50,25
msg_1485,node21,node43,319,421000,,,,,,2342.7241379310344,2020.7,1,4472.0,3219.6666666666665,0,2085.1236872812137,797,797,50,25
msg_1486,node22,node41,319,421000,,,,,,2809.777777777778,2560.6153846153848,1,4401.714285714285,2499.764705882353,1,2085.1236872812137,797,797,50,25
msg_1487,node23,node39,319,421000,424405.0,3405.0,,,,2728.785714285714,2423.75,1,4408.0,2782.0,1,1829.2316602316603,730,730,50,25
msg_1488,node24,node37,319,421000,424405.0,3405.0,,,,2351.409090909091,1510.8235294117646,1,3867.0,1707.2,1,1829.2316602316603,730,730,50,25
msg_1489,node25,node35,319,421000,424405.0,3405.0,,,,2424.3,1401.5882352941176,1,3354.6363636363635,2029.25,1,1829.2316602316603,730,730,50,25
msg_1490,node26,node33,319,421000,,,,,,3263.6666666666665,2337.6666666666665,1,3669.5625,2131.3333333333335,1,2085.1236872812137,797,797,50,25
msg_1491,node27,node31,319,421000,424405.0,3405.0,,,,2649.235294117647,1670.4705882352941,1,3019.4666666666667,1641.9411764705883,1,1827.201030927835,731,731,50,25
msg_1492,node28,node29,319,421000,424404.0,3404.0,,,,3193.4,2096.6,1,2947.4,2144.2,1,1825.1664516129033,732,732,50,25
msg_1493,node29,node26,319,421000,424403.0,3403.0,,,,2896.777777777778,2144.2,1,2921.0833333333335,1848.3,1,1823.1279069767443,733,733,50,25
msg_1494,node30,node24,319,421000,,,,,,3824.5833333333335,2727.6666666666665,1,2573.32,2052.2,1,2085.1236872812137,797,797,50,25
msg_1495,node31,node22,319,421000,,,,,,3355.0555555555557,1739.888888888889,1,2809.777777777778,2560.6153846153848,1,2085.1236872812137,797,797,50,25
msg_1496,node32,node20,319,421000,424403.0,3403.0,,,,2867.153846153846,1691.9411764705883,1,2352.3076923076924,1660.6666666666667,1,1821.0840879689522,734,734,50,25
msg_1497,node33,node18,319,421000,,,,,,3669.5625,2131.3333333333335,1,1991.578947368421,2374.153846153846,1,2085.1236872812137,797,797,50,25
msg_1498,node34,node16,319,421000,424400.0,3400.0,,,,3526.75,2484.5555555555557,1,1938.5263157894738,2378.8333333333335,0,1816.9870298313879,736,736,50,25
msg_1499,node35,node14,319,421000,424401.0,3401.0,,,,3350.0,2029.25,1,1546.7241379310344,1547.35,0,1819.0375647668393,735,735,50,25
msg_1500,node36,node12,319,421000,,,,,,4049.230769230769,2285.0555555555557,1,1456.3157894736842,1762.2,0,2085.1236872812137,797,797,50,25
msg_1501,node37,node10,319,421000,424399.0,3399.0,,,,3925.5,1707.2,1,1290.8275862068965,1739.0,0,1814.9324675324676,737,737,50,25
msg_1502,node38,node8,317,421000,,,,,,4001.75,2603.0,1,1135.551724137931,1850.84,0,2085.1236872812137,797,797,50,25
msg_1503,node39,node6,317,421000,,,,,,4435.0,3013.7,1,1002.6896551724138,2002.56,0,2085.1236872812137,797,797,50,25
msg_1504,node40,node4,317,421000,,,,,,4433.777777777777,2272.294117647059,1,1002.6842105263158,2131.9411764705883,0,2085.1236872812137,797,797,50,25
msg_1505,node41,node2,317,421000,424396.0,3396.0,,,,4406.0,2220.0,1,1090.7931034482758,1706.0833333333333,0,1812.8764629388816,738,738,50,25
msg_1506,node42,node0,317,421000,,,,,,4580.5,2925.4444444444443,1,1.0344827586206897,1925.3703703703704,0,2085.1236872812137,797,797,50,25
msg_1507,node19,node48,319,426000,426001.0,1.0,,,,2598.8888888888887,2183.5833333333335,1,,0.6666666666666666,0,1839.309462915601,749,749,50,24
msg_1508,node20,node46,319,426000,430972.0,4972.0,,,,2391.3333333333335,1752.3684210526317,1,,2142.846153846154,0,1844.943949044586,746,746,50,24
msg_1509,node21,node44,319,426000,430973.0,4973.0,,,,2092.72,1891.3157894736842,1,,1991.0714285714287,0,1860.7972116603296,742,742,50,24
msg_1510,node22,node42,319,426000,430972.0,4972.0,,,,2330.6,2401.0833333333335,1,,2411.285714285714,1,1844.943949044586,746,746,50,24
msg_1511,node23,node40,319,426000,,,,,,2988.529411764706,2423.75,1,4433.777777777777,2272.294117647059,1,2085.1236872812137,797,797,50,24
msg_1512,node24,node38,319,426000,,,,,,2573.32,2052.2,1,4001.75,2603.0,1,2085.1236872812137,797,797,50,24
msg_1513,node25,node36,319,426000,430973.0,4973.0,,,,2471.0,1401.5882352941176,1,3754.8,1981.5625,1,1864.7367088607596,741,741,50,24
msg_1514,node26,node34,319,426000,430973.0,4973.0,,,,2921.0833333333335,1989.6363636363637,1,3501.4,2484.5555555555557,1,1864.7367088607596,741,741,50,24
msg_1515,node27,node32,319,426000,430974.0,4974.0,,,,2691.222222222222,1670.4705882352941,1,3043.2,1691.9411764705883,1,1876.4955863808323,738,738,50,24
msg_1516,node28,node30,319,426000,430973.0,4973.0,,,,3212.5454545454545,2096.6,1,3395.4444444444443,2328.1,1,1864.7367088607596,741,741,50,24
msg_1517,node29,node27,319,426000,,,,,,3343.1666666666665,2441.5833333333335,1,3183.913043478261,1825.0555555555557,1,2085.1236872812137,797,797,50,24
msg_1518,node30,node25,319,426000,,,,,,3824.5833333333335,2727.6666666666665,1,2878.44,1724.157894736842,1,2085.1236872812137,797,797,50,24
msg_1519,node31,node23,319,426000,,,,,,3355.0555555555557,1739.888888888889,1,2988.529411764706,2423.75,1,2085.1236872812137,797,797,50,24
msg_1520,node32,node21,319,426000,430972.0,4972.0,,,,2905.4285714285716,1691.9411764705883,1,2092.72,1720.1666666666667,1,1844.943949044586,746,746,50,24
msg_1521,node33,node19,319,426000,,,,,,3669.5625,2131.3333333333335,1,2462.157894736842,2360.0,1,2085.1236872812137,797,797,50,24
msg_1522,node34,node17,319,426000,,,,,,4077.875,2889.7272727272725,1,1945.3103448275863,2173.1363636363635,0,2085.1236872812137,797,797,50,24
msg_1523,node35,node15,319,426000,430972.0,4972.0,,,,3354.6363636363635,2110.176470588235,1,1727.0689655172414,1684.95,0,1844.943949044586,746,746,50,24
msg_1524,node36,node13,319,426000,430971.0,4971.0,,,,3619.6666666666665,1981.5625,1,1417.1379310344828,1708.2380952380952,0,1840.9566326530612,747,747,50,24
msg_1525,node37,node11,319,426000,,,,,,4037.25,2203.1111111111113,1,1239.842105263158,2232.733333333333,0,2085.1236872812137,797,797,50,24
msg_1526,node38,node9,317,426000,,,,,,4001.75,2603.0,1,1197.2068965517242,2090.125,0,2085.1236872812137,797,797,50,24
msg_1527,node39,node7,317,426000,,,,,,4435.0,3013.7,1,1248.896551724138,1915.16,0,2085.1236872812137,797,797,50,24
msg_1528,node40,node5,317,426000,,,,,,4433.777777777777,2272.294117647059,1,971.578947368421,1898.5,0,2085.1236872812137,797,797,50,24
msg_1529,node41,node3,317,426000,430969.0,4969.0,,,,4069.3333333333335,2220.0,1,1104.8620689655172,1651.2916666666667,0,1836.9616858237548,748,748,50,24
msg_1530,node42,node1,317,426000,,,,,,4580.5,2925.4444444444443,1,946.6551724137931,1648.576923076923,0,2085.1236872812137,797,797,50,24
msg_1531,node19,node49,319,431000,,,,,,2462.157894736842,2360.0,1,,1.5333333333333334,0,2085.1236872812137,797,797,50,25
msg_1532,node20,node47,319,431000,,,,,,2397.9310344827586,2092.1428571428573,1,,2963.0,0,2085.1236872812137,797,797,50,25
msg_1533,node21,node45,319,431000,437169.0,6169.0,,,,2203.5,1891.3157894736842,1,,1974.5,0,1933.6940298507463,776,776,50,25
msg_1534,node22,node43,319,431000,437168.0,6168.0,,,,2495.6875,2401.0833333333335,1,,2584.285714285714,1,1928.4209215442092,777,777,50,25
msg_1535,node23,node41,319,431000,,,,,,2988.529411764706,2423.75,1,4401.714285714285,2499.764705882353,1,2085.1236872812137,797,797,50,25
msg_1536,node24,node39,319,431000,,,,,,2573.32,2052.2,1,4435.0,3013.7,1,2085.1236872812137,797,797,50,25
msg_1537,node25,node37,319,431000,437167.0,6167.0,,,,2584.7272727272725,1401.5882352941176,1,3867.0,1813.3125,1,1917.8377028714108,779,779,50,25
msg_1538,node26,node35,319,431000,,,,,,3263.6666666666665,2337.6666666666665,1,3630.3571428571427,2255.0555555555557,1,2085.1236872812137,797,797,50,25
msg_1539,node27,node33,319,431000,437167.0,6167.0,,,,2811.3684210526317,1670.4705882352941,1,3554.214285714286,1893.9411764705883,1,1923.135910224439,778,778,50,25
msg_1540,node28,node31,319,431000,,,,,,3443.3846153846152,2654.0833333333335,1,3355.0555555555557,1739.888888888889,1,2085.1236872812137,797,797,50,25
msg_1541,node29,node28,319,431000,437166.0,6166.0,,,,2947.4,2258.7272727272725,1,3359.25,2096.6,1,1901.8659147869673,782,782,50,25
msg_1542,node30,node26,319,431000,437166.0,6166.0,,,,3395.4444444444443,2568.5454545454545,1,3078.923076923077,1989.6363636363637,1,1901.8659147869673,782,782,50,25
msg_1543,node31,node24,319,431000,437167.0,6167.0,,,,3019.4666666666667,1739.888888888889,1,2397.217391304348,1510.8235294117646,1,1912.52625,780,780,50,25
msg_1544,node32,node22,319,431000,,,,,,3224.6470588235293,1874.2777777777778,1,2809.777777777778,2560.6153846153848,1,2085.1236872812137,797,797,50,25
msg_1545,node33,node20,319,431000,437165.0,6165.0,,,,3353.3846153846152,1893.9411764705883,1,2483.5,1752.3684210526317,1,1896.5169385194479,783,783,50,25
msg_1546,node34,node18,319,431000,437164.0,6164.0,,,,3501.4,2733.4,1,1991.578947368421,2058.3333333333335,0,1891.1557788944724,784,784,50,25
msg_1547,node35,node16,319,431000,,,,,,3630.3571428571427,2255.0555555555557,1,1938.5263157894738,2457.3846153846152,0,2085.1236872812137,797,797,50,25
msg_1548,node36,node14,319,431000,437164.0,6164.0,,,,3754.8,2157.529411764706,1,1546.7241379310344,1635.6190476190477,0,1885.7811320754718,785,785,50,25
msg_1549,node37,node12,319,431000,,,,,,4037.25,2203.1111111111113,1,1456.3157894736842,1762.2,0,2085.1236872812137,797,797,50,25
msg_1550,node38,node10,319,431000,,,,,,4001.75,2603.0,1,1290.8275862068965,1922.1666666666667,0,2085.1236872812137,797,797,50,25
msg_1551,node39,node8,317,431000,,,,,,4435.0,3013.7,1,1135.551724137931,1850.84,0,2085.1236872812137,797,797,50,25
msg_1552,node40,node6,317,431000,437161.0,6161.0,,,,3907.0,1979.8666666666666,1,1002.6896551724138,1703.8695652173913,0,1880.396725440806,786,786,50,25
msg_1553,node41,node4,317,431000,,,,,,4401.714285714285,2499.764705882353,1,1002.6842105263158,2131.9411764705883,0,2085.1236872812137,797,797,50,25
msg_1554,node42,node2,317,431000,,,,,,4580.5,2925.4444444444443,1,1090.7931034482758,1877.4615384615386,0,2085.1236872812137,797,797,50,25
msg_1555,node43,node0,317,431000,,,,,,4472.0,3219.6666666666665,1,1.0344827586206897,1925.3703703703704,0,2085.1236872812137,797,797,50,25
msg_1556,node20,node48,319,436000,,,,,,2397.9310344827586,2092.1428571428573,1,,0.7142857142857143,0,2085.1236872812137,797,797,50,24
msg_1557,node21,node46,319,436000,440479.0,4479.0,,,,2350.3703703703704,2020.7,1,,2344.9285714285716,0,1970.1006134969325,765,765,50,24
msg_1558,node22,node44,319,436000,,,,,,2809.777777777778,2560.6153846153848,1,4543.333333333333,2189.866666666667,0,2085.1236872812137,797,797,50,24
msg_1559,node23,node42,319,436000,440478.0,4478.0,,,,2773.866666666667,2423.75,1,,2731.375,1,1957.7299630086313,769,769,50,24
msg_1560,node24,node40,319,436000,440478.0,4478.0,,,,2397.217391304348,1769.5,1,4377.5,1979.8666666666666,1,1957.7299630086313,769,769,50,24
msg_1561,node25,node38,319,436000,,,,,,2878.44,1724.157894736842,1,4001.75,2603.0,1,2085.1236872812137,797,797,50,24
msg_1562,node26,node36,319,436000,,,,,,3263.6666666666665,2337.6666666666665,1,4049.230769230769,2285.0555555555557,1,2085.1236872812137,797,797,50,24
msg_1563,node27,node34,319,436000,,,,,,3183.913043478261,1825.0555555555557,1,4077.875,2889.7272727272725,1,2085.1236872812137,797,797,50,24
msg_1564,node28,node32,319,436000,,,,,,3443.3846153846152,2654.0833333333335,1,3224.6470588235293,1874.2777777777778,1,2085.1236872812137,797,797,50,24
msg_1565,node29,node30,319,436000,440478.0,4478.0,,,,3240.0,2258.7272727272725,1,3672.5,2568.5454545454545,1,1957.7299630086313,769,769,50,24
msg_1566,node30,node27,319,436000,,,,,,3824.5833333333335,2727.6666666666665,1,3183.913043478261,1825.0555555555557,1,2085.1236872812137,797,797,50,24
msg_1567,node31,node25,319,436000,440479.0,4479.0,,,,3216.1875,1739.888888888889,1,2740.478260869565,1401.5882352941176,1,1973.175245098039,764,764,50,24
msg_1568,node32,node23,319,436000,,,,,,3224.6470588235293,1874.2777777777778,1,2988.529411764706,2423.75,1,2085.1236872812137,797,797,50,24
msg_1569,node33,node21,319,436000,440479.0,4479.0,,,,3554.214285714286,2131.3333333333335,1,2350.3703703703704,1891.3157894736842,1,1967.0184275184274,766,766,50,24
msg_1570,node34,node19,319,436000,440477.0,4477.0,,,,3945.1666666666665,2733.4,1,2462.157894736842,2183.5833333333335,0,1945.2428748451052,773,773,50,24
msg_1571,node35,node17,319,436000,440477.0,4477.0,,,,3489.4166666666665,2110.176470588235,1,1945.3103448275863,1944.05,0,1945.2428748451052,773,773,50,24
msg_1572,node36,node15,319,436000,440477.0,4477.0,,,,3973.818181818182,2157.529411764706,1,1727.0689655172414,1841.4761904761904,0,1945.2428748451052,773,773,50,24
msg_1573,node37,node13,319,436000,440477.0,4477.0,,,,3867.0,2069.4117647058824,1,1417.1379310344828,1856.5454545454545,0,1945.2428748451052,773,773,50,24
msg_1574,node38,node11,319,436000,440476.0,4476.0,,,,3408.0,2397.4444444444443,1,1239.842105263158,1889.6153846153845,0,1942.1029776674939,774,774,50,24
msg_1575,node39,node9,317,436000,,,,,,4435.0,3013.7,1,1197.2068965517242,2090.125,0,2085.1236872812137,797,797,50,24
msg_1576,node40,node7,317,436000,440476.0,4476.0,,,,4357.8,1979.8666666666666,1,1248.896551724138,1693.695652173913,0,1938.9552795031057,775,775,50,24
msg_1577,node41,node5,317,436000,,,,,,4401.714285714285,2499.764705882353,1,971.578947368421,1898.5,0,2085.1236872812137,797,797,50,24
msg_1578,node42,node3,317,436000,,,,,,4580.5,2925.4444444444443,1,1104.8620689655172,1784.0,0,2085.1236872812137,797,797,50,24
msg_1579,node43,node1,317,436000,,,,,,4472.0,3219.6666666666665,1,946.6551724137931,1648.576923076923,0,2085.1236872812137,797,797,50,24
msg_1580,node20,node49,319,441000,441002.0,2.0,,,,2483.5,1973.0,1,,1.6153846153846154,0,1976.2423500611994,788,788,50,25
msg_1581,node21,node47,319,441000,,,,,,2342.7241379310344,2020.7,1,,2963.0,0,2085.1236872812137,797,797,50,25
msg_1582,node22,node45,319,441000,,,,,,2809.777777777778,2560.6153846153848,1,4472.0,2254.133333333333,0,2085.1236872812137,797,797,50,25
msg_1583,node23,node43,319,441000,445719.0,4719.0,,,,2880.375,2423.75,1,,3032.25,1,2003.6674727932286,778,778,50,25
msg_1584,node24,node41,319,441000,445719.0,4719.0,,,,2483.9166666666665,1924.6842105263158,1,4378.2,2220.0,1,2003.6674727932286,778,778,50,25
msg_1585,node25,node39,319,441000,,,,,,2878.44,1724.157894736842,1,4435.0,3013.7,1,2085.1236872812137,797,797,50,25
msg_1586,node26,node37,319,441000,,,,,,3263.6666666666665,2337.6666666666665,1,4037.25,2203.1111111111113,1,2085.1236872812137,797,797,50,25
msg_1587,node27,node35,319,441000,445718.0,4718.0,,,,2979.15,1670.4705882352941,1,3565.3846153846152,2110.176470588235,1,2000.3813559322034,779,779,50,25
msg_1588,node28,node33,319,441000,,,,,,3443.3846153846152,2654.0833333333335,1,3669.5625,2131.3333333333335,1,2085.1236872812137,797,797,50,25
msg_1589,node29,node31,319,441000,,,,,,3343.1666666666665,2441.5833333333335,1,3355.0555555555557,1739.888888888889,1,2085.1236872812137,797,797,50,25
msg_1590,node30,node28,319,441000,445717.0,4717.0,,,,3672.5,2727.6666666666665,1,3359.25,2466.5454545454545,1,1993.7864077669904,781,781,50,25
msg_1591,node31,node26,319,441000,,,,,,3355.0555555555557,1739.888888888889,1,3263.6666666666665,2337.6666666666665,1,2085.1236872812137,797,797,50,25
msg_1592,node32,node24,319,441000,445718.0,4718.0,,,,3043.2,1874.2777777777778,1,2483.9166666666665,1769.5,1,1997.0872727272726,780,780,50,25
msg_1593,node33,node22,319,441000,,,,,,3669.5625,2131.3333333333335,1,2809.777777777778,2560.6153846153848,1,2085.1236872812137,797,797,50,25
msg_1594,node34,node20,319,441000,,,,,,4077.875,2889.7272727272725,1,2397.9310344827586,2092.1428571428573,1,2085.1236872812137,797,797,50,25
msg_1595,node35,node18,319,441000,,,,,,3630.3571428571427,2255.0555555555557,1,1991.578947368421,2374.153846153846,0,2085.1236872812137,797,797,50,25
msg_1596,node36,node16,319,441000,,,,,,4049.230769230769,2285.0555555555557,1,1938.5263157894738,2457.3846153846152,0,2085.1236872812137,797,797,50,25
msg_1597,node37,node14,319,441000,445717.0,4717.0,,,,3928.0,2069.4117647058824,1,1546.7241379310344,1841.4545454545455,0,1990.4775212636696,782,782,50,25
msg_1598,node38,node12,319,441000,445715.0,4715.0,,,,3764.0,2397.4444444444443,1,1456.3157894736842,1326.4615384615386,0,1987.1630170316303,783,783,50,25
msg_1599,node39,node10,319,441000,,,,,,4435.0,3013.7,1,1290.8275862068965,1922.1666666666667,0,2085.1236872812137,797,797,50,25
msg_1600,node40,node8,317,441000,445715.0,4715.0,,,,4377.5,2136.0,1,1135.551724137931,1612.304347826087,0,1983.8404384896469,784,784,50,25
msg_1601,node41,node6,317,441000,445714.0,4714.0,,,,4294.25,2220.0,1,1002.6896551724138,1889.5833333333333,0,1977.1733821733822,786,786,50,25
msg_1602,node42,node4,317,441000,445714.0,4714.0,,,,,2925.4444444444443,1,1002.6842105263158,1803.8,0,1977.1733821733822,786,786,50,25
msg_1603,node43,node2,317,441000,,,,,,4472.0,3219.6666666666665,1,1090.7931034482758,1877.4615384615386,0,2085.1236872812137,797,797,50,25
msg_1604,node44,node0,317,441000,445713.0,4713.0,,,,,2189.866666666667,1,1.0344827586206897,1712.0,0,1973.8288508557457,787,787,50,25
msg_1605,node21,node48,319,446000,,,,,,2342.7241379310344,2020.7,1,,0.7142857142857143,0,2085.1236872812137,797,797,50,24
msg_1606,node22,node46,319,446000,,,,,,2809.777777777778,2560.6153846153848,1,,2487.2,0,2085.1236872812137,797,797,50,24
msg_1607,node23,node44,319,446000,,,,,,2988.529411764706,2423.75,1,4543.333333333333,2189.866666666667,1,2085.1236872812137,797,797,50,24
msg_1608,node24,node42,319,446000,,,,,,2573.32,2052.2,1,4580.5,2925.4444444444443,1,2085.1236872812137,797,797,50,24
msg_1609,node25,node40,319,446000,450453.0,4453.0,,,,2740.478260869565,1572.5555555555557,1,4428.625,2136.0,1,2033.5292712066905,792,792,50,24
msg_1610,node26,node38,319,446000,450453.0,4453.0,,,,3078.923076923077,2337.6666666666665,1,4001.75,2397.4444444444443,1,2033.5292712066905,792,792,50,24
msg_1611,node27,node36,319,446000,450453.0,4453.0,,,,3061.9523809523807,1825.0555555555557,1,4049.230769230769,2157.529411764706,1,2033.5292712066905,792,792,50,24
msg_1612,node28,node34,319,446000,450453.0,4453.0,,,,3359.25,2654.0833333333335,1,4021.1428571428573,2733.4,1,2033.5292712066905,792,792,50,24
msg_1613,node29,node32,319,446000,,,,,,3343.1666666666665,2441.5833333333335,1,3224.6470588235293,1874.2777777777778,1,2085.1236872812137,797,797,50,24
msg_1614,node30,node29,319,446000,450453.0,4453.0,,,,3767.4545454545455,2727.6666666666665,1,3343.1666666666665,2258.7272727272725,1,2033.5292712066905,792,792,50,24
msg_1615,node31,node27,319,446000,450453.0,4453.0,,,,3290.470588235294,1739.888888888889,1,3061.9523809523807,1670.4705882352941,1,2030.6351674641148,793,793,50,24
msg_1616,node32,node25,319,446000,450453.0,4453.0,,,,3147.875,1874.2777777777778,1,2811.8333333333335,1572.5555555555557,1,2047.8966745843231,787,787,50,24
msg_1617,node33,node23,319,446000,,,,,,3669.5625,2131.3333333333335,1,2988.529411764706,2423.75,1,2085.1236872812137,797,797,50,24
msg_1618,node34,node21,319,446000,,,,,,4077.875,2889.7272727272725,1,2342.7241379310344,2020.7,1,2085.1236872812137,797,797,50,24
msg_1619,node35,node19,319,446000,,,,,,3630.3571428571427,2255.0555555555557,1,2462.157894736842,2360.0,0,2085.1236872812137,797,797,50,24
msg_1620,node36,node17,319,446000,450451.0,4451.0,,,,4015.75,2157.529411764706,1,1945.3103448275863,2064.6666666666665,0,2027.7365269461077,794,794,50,24
msg_1621,node37,node15,319,446000,450450.0,4450.0,,,,3999.7272727272725,2069.4117647058824,1,1727.0689655172414,1961.2727272727273,0,2021.920768307323,796,796,50,24
msg_1622,node38,node13,319,446000,,,,,,4001.75,2603.0,1,1417.1379310344828,1970.4782608695652,0,2085.1236872812137,797,797,50,24
msg_1623,node39,node11,319,446000,450450.0,4450.0,,,,4408.0,2851.222222222222,1,1239.842105263158,2074.3571428571427,0,2021.920768307323,796,796,50,24
msg_1624,node40,node9,317,446000,450449.0,4449.0,,,,4425.714285714285,2136.0,1,1197.2068965517242,1987.5652173913043,0,2019.0036057692307,797,797,50,24
msg_1625,node41,node7,317,446000,450448.0,4448.0,,,,4378.2,2376.1875,1,1248.896551724138,1809.625,0,2016.0806257521058,798,798,50,24
msg_1626,node42,node5,317,446000,450447.0,4447.0,,,,4714.0,2925.4444444444443,1,971.578947368421,1728.6,0,2013.1518072289157,799,799,50,24
msg_1627,node43,node3,317,446000,,,,,,4472.0,3219.6666666666665,1,1104.8620689655172,1784.0,0,2085.1236872812137,797,797,50,24
msg_1628,node44,node1,317,446000,450445.0,4445.0,,,,4713.0,2189.866666666667,1,946.6551724137931,1536.72,0,2010.2183353437877,800,800,50,24
msg_1629,node21,node49,319,451000,451000.0,0.0,,,,2426.3928571428573,2020.7,1,,1.6428571428571428,0,2050.749703440095,811,811,50,25
msg_1630,node22,node47,319,451000,455477.0,4477.0,,,,2711.705882352941,2560.6153846153848,1,,2746.714285714286,0,2079.5286549707603,799,799,50,25
msg_1631,node23,node45,319,451000,,,,,,2988.529411764706,2423.75,1,4472.0,2254.133333333333,1,2085.1236872812137,797,797,50,25
msg_1632,node24,node43,319,451000,,,,,,2573.32,2052.2,1,4472.0,3219.6666666666665,1,2085.1236872812137,797,797,50,25
msg_1633,node25,node41,319,451000,455477.0,4477.0,,,,2811.8333333333335,1724.157894736842,1,4401.714285714285,2376.1875,1,2079.5286549707603,799,799,50,25
msg_1634,node26,node39,319,451000,455476.0,4476.0,,,,3177.0714285714284,2337.6666666666665,1,4435.0,2851.222222222222,1,2073.909730363423,801,801,50,25
msg_1635,node27,node37,319,451000,455476.0,4476.0,,,,3125.181818181818,1825.0555555555557,1,4037.25,2069.4117647058824,1,2073.909730363423,801,801,50,25
msg_1636,node28,node35,319,451000,,,,,,3443.3846153846152,2654.0833333333335,1,3630.3571428571427,2255.0555555555557,1,2085.1236872812137,797,797,50,25
msg_1637,node29,node33,319,451000,,,,,,3343.1666666666665,2441.5833333333335,1,3669.5625,2131.3333333333335,1,2085.1236872812137,797,797,50,25
msg_1638,node30,node31,319,451000,,,,,,3824.5833333333335,2727.6666666666665,1,3355.0555555555557,1739.888888888889,1,2085.1236872812137,797,797,50,25
msg_1639,node31,node28,319,451000,,,,,,3355.0555555555557,1739.888888888889,1,3443.3846153846152,2654.0833333333335,1,2085.1236872812137,797,797,50,25
msg_1640,node32,node26,319,451000,,,,,,3224.6470588235293,1874.2777777777778,1,3263.6666666666665,2337.6666666666665,1,2085.1236872812137,797,797,50,25
msg_1641,node33,node24,319,451000,455475.0,4475.0,,,,3615.866666666667,2131.3333333333335,1,2573.32,1924.6842105263158,1,2065.435294117647,804,804,50,25
msg_1642,node34,node22,319,451000,455475.0,4475.0,,,,4021.1428571428573,2889.7272727272725,1,2711.705882352941,2401.0833333333335,1,2065.435294117647,804,804,50,25
msg_1643,node35,node20,319,451000,455475.0,4475.0,,,,3565.3846153846152,2255.0555555555557,1,2397.9310344827586,1973.0,0,2065.435294117647,804,804,50,25
msg_1644,node36,node18,319,451000,,,,,,4049.230769230769,2285.0555555555557,1,1991.578947368421,2374.153846153846,0,2085.1236872812137,797,797,50,25
msg_1645,node37,node16,319,451000,,,,,,4037.25,2203.1111111111113,1,1938.5263157894738,2457.3846153846152,0,2085.1236872812137,797,797,50,25
msg_1646,node38,node14,319,451000,,,,,,4001.75,2603.0,1,1546.7241379310344,1966.4782608695652,0,2085.1236872812137,797,797,50,25
msg_1647,node39,node12,319,451000,455474.0,4474.0,,,,4422.0,2851.222222222222,1,1456.3157894736842,1568.5,0,2059.753537735849,806,806,50,25
msg_1648,node40,node10,319,451000,455475.0,4475.0,,,,4428.625,2272.294117647059,1,1290.8275862068965,1811.1739130434783,0,2062.5971731448763,805,805,50,25
msg_1649,node41,node8,317,451000,455473.0,4473.0,,,,4389.833333333333,2376.1875,1,1135.551724137931,1741.5833333333333,0,2056.904368358914,807,807,50,25
msg_1650,node42,node6,317,451000,,,,,,4580.5,2925.4444444444443,1,1002.6896551724138,2002.56,0,2085.1236872812137,797,797,50,25
msg_1651,node43,node4,317,451000,455472.0,4472.0,,,,,3219.6666666666665,1,1002.6842105263158,1985.6875,0,2048.31990521327,810,810,50,25
msg_1652,node44,node2,317,451000,455472.0,4472.0,,,,4579.0,2189.866666666667,1,1090.7931034482758,1773.68,0,2048.31990521327,810,810,50,25
msg_1653,node45,node0,317,451000,455472.0,4472.0,,,,,2254.133333333333,1,1.0344827586206897,1827.423076923077,0,2048.31990521327,810,810,50,25
