msg_id,sender,receiver,payload_size_B,time_send_ms,time_receive_ms,actual_delay_ms,online_predicted_delay_ms,cluster_predicted_delay_ms,weighted_predicted_delay_ms,sender_average_outgoing_delay_ms,sender_average_incoming_delay_ms,sender_num_messages_sent_simultaneously,receiver_average_outgoing_delay_ms,receiver_average_incoming_delay_ms,receiver_num_messages_sent_simultaneously,network_average_delay_ms,network_num_messages_in_transit,network_num_busy_links,network_num_network_nodes,network_num_messages_sent_simultaneously
msg_0,node1,node0,315,12000,12001.0,1.0,,,,,,1,,,0,,4,4,5,4
msg_1,node2,node0,315,12000,12003.0,3.0,,,,,,1,,1.0,0,1.0,3,3,5,4
msg_2,node3,node0,315,12000,12004.0,4.0,,,,,,1,,1.0,0,1.0,3,3,5,4
msg_3,node4,node0,315,12000,12005.0,5.0,,,,,,1,,2.6666666666666665,0,2.6666666666666665,1,1,5,4
msg_4,node1,node0,315,24000,24001.0,1.0,,,,1.0,,1,,3.25,0,3.25,4,4,5,4
msg_5,node2,node0,315,24000,24002.0,2.0,,,,3.0,,1,,3.25,0,3.25,4,4,5,4
msg_6,node3,node0,315,24000,24002.0,2.0,,,,4.0,,1,,2.6666666666666665,0,2.6666666666666665,2,2,5,4
msg_7,node4,node0,315,24000,24003.0,3.0,,,,5.0,,1,,2.5714285714285716,0,2.5714285714285716,1,1,5,4
msg_8,node1,node0,315,36000,36001.0,1.0,,,,1.0,,1,,2.625,0,2.625,4,4,5,4
msg_9,node2,node0,315,36000,36002.0,2.0,,,,2.5,,1,,2.4444444444444446,0,2.4444444444444446,3,3,5,4
msg_10,node3,node0,315,36000,36002.0,2.0,,,,3.0,,1,,2.4,0,2.4,2,2,5,4
msg_11,node4,node0,315,36000,36003.0,3.0,,,,4.0,,1,,2.4,0,2.4,2,2,5,4
msg_12,node0,node1,315,42001,42001.0,0.0,,,,,2.4166666666666665,1,1.0,,0,2.4166666666666665,1,1,5,1
msg_13,node0,node3,315,42004,42004.0,0.0,,,,0.0,2.4166666666666665,1,2.6666666666666665,,0,2.230769230769231,1,1,5,1
msg_14,node0,node4,315,42005,42007.0,2.0,,,,0.0,2.4166666666666665,1,3.6666666666666665,,0,2.0714285714285716,1,1,5,1
msg_15,node1,node0,315,48000,48002.0,2.0,,,,1.0,0.0,1,0.6666666666666666,2.4166666666666665,0,2.066666666666667,4,4,5,4
msg_16,node2,node0,315,48000,48003.0,3.0,,,,2.3333333333333335,,1,0.6666666666666666,2.3846153846153846,0,2.0625,3,3,5,4
msg_17,node3,node0,315,48000,48003.0,3.0,,,,2.6666666666666665,0.0,1,0.6666666666666666,2.3846153846153846,0,2.0625,3,3,5,4
msg_18,node4,node0,315,48000,48003.0,3.0,,,,3.6666666666666665,2.0,1,0.6666666666666666,2.466666666666667,0,2.1666666666666665,1,1,5,4
msg_19,node0,node1,315,54002,54002.0,0.0,,,,0.6666666666666666,2.5,3,1.25,0.0,0,2.210526315789474,3,3,5,3
msg_20,node0,node2,315,54002,54003.0,1.0,,,,0.5,2.5,3,2.5,,0,2.1,3,3,5,3
msg_21,node0,node3,315,54002,54003.0,1.0,,,,0.5,2.5,3,2.75,0.0,0,2.1,3,3,5,3
msg_22,node0,node4,315,54003,54004.0,1.0,,,,0.6666666666666666,2.5,1,3.5,2.0,0,2.0,1,1,5,1
msg_23,node1,node0,315,60000,60002.0,2.0,,,,1.25,0.0,1,0.7142857142857143,2.5,0,1.9565217391304348,4,4,5,4
msg_24,node2,node0,315,60000,60003.0,3.0,,,,2.5,1.0,1,0.7142857142857143,2.5,0,1.9565217391304348,4,4,5,4
msg_25,node3,node0,315,60000,60003.0,3.0,,,,2.75,0.5,1,0.7142857142857143,2.5,0,2.0,2,2,5,4
msg_26,node4,node0,315,60000,60003.0,3.0,,,,3.5,1.5,1,0.7142857142857143,2.526315789473684,0,2.0384615384615383,1,1,5,4
msg_27,node0,node1,315,66001,66001.0,0.0,,,,0.7142857142857143,2.55,1,1.4,0.0,0,2.074074074074074,1,1,5,1
msg_28,node0,node3,315,66003,66003.0,0.0,,,,0.625,2.55,2,2.8,0.5,0,2.0,2,2,5,2
msg_29,node0,node4,315,66003,66005.0,2.0,,,,0.625,2.55,2,3.4,1.5,0,2.0,2,2,5,2
msg_30,node1,node0,315,72000,72001.0,1.0,,,,1.4,0.0,1,0.7,2.55,0,1.9333333333333333,4,4,5,4
msg_31,node2,node0,315,72000,72002.0,2.0,,,,2.6,1.0,1,0.7,2.4761904761904763,0,1.903225806451613,3,3,5,4
msg_32,node3,node0,315,72000,72002.0,2.0,,,,2.8,0.3333333333333333,1,0.7,2.4545454545454546,0,1.90625,2,2,5,4
msg_33,node4,node0,315,72000,72002.0,2.0,,,,3.4,1.6666666666666667,1,0.7,2.4545454545454546,0,1.90625,2,2,5,4
msg_34,node0,node1,316,78003,78003.0,0.0,,,,0.7,2.4166666666666665,3,1.3333333333333333,0.0,0,1.911764705882353,3,3,5,3
msg_35,node0,node2,316,78003,78004.0,1.0,,,,0.7,2.4166666666666665,3,2.5,1.0,0,1.911764705882353,3,3,5,3
msg_36,node0,node3,316,78003,78005.0,2.0,,,,0.6666666666666666,2.4166666666666665,3,2.6666666666666665,0.3333333333333333,0,1.8333333333333333,1,1,5,3
msg_37,node1,node0,315,84000,84001.0,1.0,,,,1.3333333333333333,0.0,1,0.7692307692307693,2.4166666666666665,0,1.837837837837838,4,4,5,4
msg_38,node2,node0,315,84000,84002.0,2.0,,,,2.5,1.0,1,0.7692307692307693,2.4166666666666665,0,1.837837837837838,4,4,5,4
msg_39,node3,node0,315,84000,84003.0,3.0,,,,2.6666666666666665,0.75,1,0.7692307692307693,2.3461538461538463,0,1.8205128205128205,2,2,5,4
msg_40,node4,node0,315,84000,84003.0,3.0,,,,3.1666666666666665,1.6666666666666667,1,0.7692307692307693,2.3703703703703702,0,1.85,1,1,5,4
msg_41,node0,node1,316,90003,90003.0,0.0,,,,0.7692307692307693,2.392857142857143,2,1.2857142857142858,0.0,0,1.8780487804878048,2,2,5,2
msg_42,node0,node4,316,90003,90005.0,2.0,,,,0.7142857142857143,2.392857142857143,2,3.142857142857143,1.6666666666666667,0,1.8333333333333333,1,1,5,2
msg_43,node1,node0,315,96000,96002.0,2.0,,,,1.2857142857142858,0.0,1,0.8,2.392857142857143,0,1.8372093023255813,4,4,5,4
msg_44,node2,node0,315,96000,96003.0,3.0,,,,2.4285714285714284,1.0,1,0.8,2.392857142857143,0,1.8372093023255813,4,4,5,4
msg_45,node3,node0,315,96000,96003.0,3.0,,,,2.7142857142857144,0.75,1,0.8,2.4,0,1.8666666666666667,2,2,5,4
msg_46,node4,node0,315,96000,96003.0,3.0,,,,3.142857142857143,1.75,1,0.8,2.4193548387096775,0,1.891304347826087,1,1,5,4
msg_47,node0,node2,316,102002,102002.0,0.0,,,,0.8,2.4375,3,2.5,1.0,0,1.9148936170212767,3,3,5,3
msg_48,node0,node3,316,102002,102003.0,1.0,,,,0.75,2.4375,3,2.75,0.75,0,1.875,2,2,5,3
msg_49,node0,node4,316,102002,102003.0,1.0,,,,0.7647058823529411,2.4375,3,3.125,1.75,0,1.8571428571428572,1,1,5,3
msg_50,node1,node0,315,108000,108001.0,1.0,,,,1.375,0.0,1,0.7777777777777778,2.4375,0,1.84,4,4,5,4
msg_51,node2,node0,315,108000,108002.0,2.0,,,,2.5,0.6666666666666666,1,0.7777777777777778,2.4375,0,1.84,4,4,5,4
msg_52,node3,node0,315,108000,108002.0,2.0,,,,2.75,0.8,1,0.7777777777777778,2.3823529411764706,0,1.8269230769230769,2,2,5,4
msg_53,node4,node0,315,108000,108002.0,2.0,,,,3.125,1.6,1,0.7777777777777778,2.3714285714285714,0,1.830188679245283,1,1,5,4
msg_54,node0,node2,316,114002,114002.0,0.0,,,,0.7777777777777778,2.361111111111111,1,2.4444444444444446,0.6666666666666666,0,1.8333333333333333,1,1,5,1
msg_55,node0,node3,316,114003,114003.0,0.0,,,,0.7368421052631579,2.361111111111111,2,2.6666666666666665,0.8,0,1.8,2,2,5,2
msg_56,node0,node4,316,114003,114005.0,2.0,,,,0.7,2.361111111111111,2,3.0,1.6,0,1.7678571428571428,1,1,5,2
msg_57,node1,node0,315,120000,120002.0,2.0,,,,1.3333333333333333,0.0,1,0.7619047619047619,2.361111111111111,0,1.7719298245614035,4,4,5,4
msg_58,node2,node0,315,120000,120003.0,3.0,,,,2.4444444444444446,0.5,1,0.7619047619047619,2.361111111111111,0,1.7719298245614035,4,4,5,4
msg_59,node3,node0,315,120000,120003.0,3.0,,,,2.6666666666666665,0.6666666666666666,1,0.7619047619047619,2.3684210526315788,0,1.7966101694915255,2,2,5,4
msg_60,node4,node0,315,120000,120003.0,3.0,,,,3.0,1.6666666666666667,1,0.7619047619047619,2.3846153846153846,0,1.8166666666666667,1,1,5,4
msg_61,node0,node1,316,126002,126002.0,0.0,,,,0.7619047619047619,2.4,1,1.4,0.0,0,1.8360655737704918,1,1,5,1
msg_62,node0,node3,316,126003,126003.0,0.0,,,,0.7272727272727273,2.4,1,2.7,0.6666666666666666,0,1.8064516129032258,1,1,5,1
msg_63,node1,node0,316,132000,132002.0,2.0,,,,1.4,0.0,1,0.6956521739130435,2.4,0,1.7777777777777777,4,4,5,4
msg_64,node2,node0,316,132000,132003.0,3.0,,,,2.5,0.5,1,0.6956521739130435,2.4,0,1.7777777777777777,4,4,5,4
msg_65,node3,node0,316,132000,132003.0,3.0,,,,2.7,0.5714285714285714,1,0.6956521739130435,2.4047619047619047,0,1.8,2,2,5,4
msg_66,node4,node0,316,132000,132003.0,3.0,,,,3.0,1.6666666666666667,1,0.6956521739130435,2.4186046511627906,0,1.8181818181818181,1,1,5,4
msg_67,node0,node1,316,138001,138001.0,0.0,,,,0.6956521739130435,2.4318181818181817,1,1.4545454545454546,0.0,0,1.835820895522388,1,1,5,1
msg_68,node0,node2,316,138002,138002.0,0.0,,,,0.6666666666666666,2.4318181818181817,2,2.5454545454545454,0.5,0,1.8088235294117647,2,2,5,2
msg_69,node0,node4,316,138002,138004.0,2.0,,,,0.6666666666666666,2.4318181818181817,2,3.0,1.6666666666666667,0,1.8088235294117647,2,2,5,2
msg_70,node1,node0,316,144000,144002.0,2.0,,,,1.4545454545454546,0.0,1,0.6923076923076923,2.4318181818181817,0,1.7857142857142858,4,4,5,4
msg_71,node2,node0,316,144000,144003.0,3.0,,,,2.5454545454545454,0.4,1,0.6923076923076923,2.4318181818181817,0,1.7857142857142858,4,4,5,4
msg_72,node3,node0,316,144000,144003.0,3.0,,,,2.727272727272727,0.5714285714285714,1,0.6923076923076923,2.4347826086956523,0,1.8055555555555556,2,2,5,4
msg_73,node4,node0,316,144000,144003.0,3.0,,,,3.0,1.7142857142857142,1,0.6923076923076923,2.4468085106382977,0,1.821917808219178,1,1,5,4
msg_74,node0,node1,316,150002,150002.0,0.0,,,,0.6923076923076923,2.4583333333333335,1,1.5,0.0,0,1.837837837837838,1,1,5,1
msg_75,node0,node2,316,150003,150003.0,0.0,,,,0.6666666666666666,2.4583333333333335,3,2.5833333333333335,0.4,0,1.8133333333333332,3,3,5,3
msg_76,node0,node3,316,150003,150004.0,1.0,,,,0.6666666666666666,2.4583333333333335,3,2.75,0.5714285714285714,0,1.8133333333333332,3,3,5,3
msg_77,node0,node4,316,150003,150005.0,2.0,,,,0.6551724137931034,2.4583333333333335,3,3.0,1.7142857142857142,0,1.7792207792207793,1,1,5,3
msg_78,node1,node0,316,156000,156002.0,2.0,,,,1.5,0.0,1,0.7,2.4583333333333335,0,1.7820512820512822,4,4,5,4
msg_79,node2,node0,316,156000,156003.0,3.0,,,,2.5833333333333335,0.3333333333333333,1,0.7,2.4583333333333335,0,1.7820512820512822,4,4,5,4
msg_80,node3,node0,316,156000,156003.0,3.0,,,,2.75,0.625,1,0.7,2.46,0,1.8,2,2,5,4
msg_81,node4,node0,316,156000,156003.0,3.0,,,,3.0,1.75,1,0.7,2.4705882352941178,0,1.8148148148148149,1,1,5,4
msg_82,node0,node3,316,162003,162003.0,0.0,,,,0.7,2.480769230769231,1,2.769230769230769,0.625,0,1.829268292682927,1,1,5,1
msg_83,node1,node0,316,168000,168002.0,2.0,,,,1.5384615384615385,0.0,1,0.6774193548387096,2.480769230769231,0,1.8072289156626506,4,4,5,4
msg_84,node2,node0,316,168000,168003.0,3.0,,,,2.6153846153846154,0.3333333333333333,1,0.6774193548387096,2.4716981132075473,0,1.8095238095238095,3,3,5,4
msg_85,node3,node0,316,168000,168003.0,3.0,,,,2.769230769230769,0.5555555555555556,1,0.6774193548387096,2.4814814814814814,0,1.8235294117647058,2,2,5,4
msg_86,node4,node0,316,168000,168003.0,3.0,,,,3.0,1.75,1,0.6774193548387096,2.4814814814814814,0,1.8235294117647058,2,2,5,4
msg_87,node0,node1,316,174002,174002.0,0.0,,,,0.6774193548387096,2.5,1,1.5714285714285714,0.0,0,1.8505747126436782,1,1,5,1
msg_88,node0,node2,316,174003,174004.0,1.0,,,,0.65625,2.5,2,2.642857142857143,0.3333333333333333,0,1.8295454545454546,2,2,5,2
msg_89,node0,node3,316,174003,174005.0,2.0,,,,0.6666666666666666,2.5,2,2.7857142857142856,0.5555555555555556,0,1.8202247191011236,1,1,5,2
msg_90,node1,node0,316,180000,180002.0,2.0,,,,1.5714285714285714,0.0,1,0.7058823529411765,2.5,0,1.8222222222222222,4,4,5,4
msg_91,node2,node0,316,180000,180003.0,3.0,,,,2.642857142857143,0.42857142857142855,1,0.7058823529411765,2.5,0,1.8222222222222222,4,4,5,4
msg_92,node3,node0,316,180000,180003.0,3.0,,,,2.7857142857142856,0.7,1,0.7058823529411765,2.5,0,1.8369565217391304,2,2,5,4
msg_93,node4,node0,316,180000,180003.0,3.0,,,,3.0,1.75,1,0.7058823529411765,2.5084745762711864,0,1.8494623655913978,1,1,5,4
msg_94,node0,node1,316,186002,186002.0,0.0,,,,0.7058823529411765,2.5166666666666666,1,1.6,0.0,0,1.8617021276595744,1,1,5,1
msg_95,node0,node2,316,186003,186003.0,0.0,,,,0.6857142857142857,2.5166666666666666,3,2.6666666666666665,0.42857142857142855,0,1.8421052631578947,3,3,5,3
msg_96,node0,node3,316,186003,186004.0,1.0,,,,0.6666666666666666,2.5166666666666666,3,2.8,0.7,0,1.8229166666666667,2,2,5,3
msg_97,node0,node4,316,186003,186005.0,2.0,,,,0.6756756756756757,2.5166666666666666,3,3.0,1.75,0,1.8144329896907216,1,1,5,3
msg_98,node1,node0,316,192000,192003.0,3.0,,,,1.6,0.0,1,0.7105263157894737,2.5166666666666666,0,1.816326530612245,4,4,5,4
msg_99,node2,node0,316,192000,192004.0,4.0,,,,2.6666666666666665,0.375,1,0.7105263157894737,2.5245901639344264,0,1.8282828282828283,3,3,5,4
msg_100,node3,node0,316,192000,192004.0,4.0,,,,2.8,0.7272727272727273,1,0.7105263157894737,2.5245901639344264,0,1.8282828282828283,3,3,5,4
msg_101,node4,node0,316,192000,192004.0,4.0,,,,3.0,1.7777777777777777,1,0.7105263157894737,2.5714285714285716,0,1.8712871287128714,1,1,5,4
msg_102,node0,node2,316,198003,198003.0,0.0,,,,0.7105263157894737,2.59375,3,2.75,0.375,0,1.892156862745098,3,3,5,3
msg_103,node0,node3,316,198003,198004.0,1.0,,,,0.7105263157894737,2.59375,3,2.875,0.7272727272727273,0,1.892156862745098,3,3,5,3
msg_104,node0,node4,316,198003,198005.0,2.0,,,,0.7,2.59375,3,3.0625,1.7777777777777777,0,1.8653846153846154,1,1,5,3
msg_105,node1,node0,316,204000,204002.0,2.0,,,,1.6875,0.0,1,0.7317073170731707,2.59375,0,1.8666666666666667,4,4,5,4
msg_106,node2,node0,316,204000,204003.0,3.0,,,,2.75,0.3333333333333333,1,0.7317073170731707,2.59375,0,1.8666666666666667,4,4,5,4
msg_107,node3,node0,316,204000,204003.0,3.0,,,,2.875,0.75,1,0.7317073170731707,2.590909090909091,0,1.8785046728971964,2,2,5,4
msg_108,node4,node0,316,204000,204003.0,3.0,,,,3.0625,1.8,1,0.7317073170731707,2.5970149253731343,0,1.8888888888888888,1,1,5,4
msg_109,node0,node1,316,210002,210002.0,0.0,,,,0.7317073170731707,2.6029411764705883,1,1.7058823529411764,0.0,0,1.8990825688073394,1,1,5,1
msg_110,node0,node2,316,210003,210003.0,0.0,,,,0.7142857142857143,2.6029411764705883,3,2.764705882352941,0.3333333333333333,0,1.8818181818181818,3,3,5,3
msg_111,node0,node3,316,210003,210004.0,1.0,,,,0.6976744186046512,2.6029411764705883,3,2.8823529411764706,0.75,0,1.864864864864865,2,2,5,3
msg_112,node0,node4,316,210003,210005.0,2.0,,,,0.7045454545454546,2.6029411764705883,3,3.0588235294117645,1.8,0,1.8571428571428572,1,1,5,3
msg_113,node1,node0,316,216000,216002.0,2.0,,,,1.7058823529411764,0.0,1,0.7333333333333333,2.6029411764705883,0,1.8584070796460177,4,4,5,4
msg_114,node2,node0,316,216000,216003.0,3.0,,,,2.764705882352941,0.3,1,0.7333333333333333,2.5942028985507246,0,1.8596491228070176,3,3,5,4
msg_115,node3,node0,316,216000,216003.0,3.0,,,,2.8823529411764706,0.7692307692307693,1,0.7333333333333333,2.6,0,1.8695652173913044,2,2,5,4
msg_116,node4,node0,316,216000,216003.0,3.0,,,,3.0588235294117645,1.8181818181818181,1,0.7333333333333333,2.6056338028169015,0,1.8793103448275863,1,1,5,4
msg_117,node0,node1,316,222003,222003.0,0.0,,,,0.7333333333333333,2.611111111111111,1,1.7222222222222223,0.0,0,1.8888888888888888,1,1,5,1
msg_118,node0,node2,316,222004,222004.0,0.0,,,,0.717391304347826,2.611111111111111,2,2.7777777777777777,0.3,0,1.8728813559322033,2,2,5,2
msg_119,node0,node3,316,222004,222005.0,1.0,,,,0.717391304347826,2.611111111111111,2,2.888888888888889,0.7692307692307693,0,1.8728813559322033,2,2,5,2
msg_120,node1,node0,316,228000,228001.0,1.0,,,,1.7222222222222223,0.0,1,0.7083333333333334,2.611111111111111,0,1.85,4,4,5,4
msg_121,node2,node0,316,228000,228002.0,2.0,,,,2.7777777777777777,0.2727272727272727,1,0.7083333333333334,2.611111111111111,0,1.85,4,4,5,4
msg_122,node3,node0,316,228000,228002.0,2.0,,,,2.888888888888889,0.7857142857142857,1,0.7083333333333334,2.581081081081081,0,1.8442622950819672,2,2,5,4
msg_123,node4,node0,316,228000,228002.0,2.0,,,,3.0555555555555554,1.8181818181818181,1,0.7083333333333334,2.5733333333333333,0,1.8455284552845528,1,1,5,4
msg_124,node0,node1,316,234002,234002.0,0.0,,,,0.7083333333333334,2.5657894736842106,1,1.6842105263157894,0.0,0,1.846774193548387,1,1,5,1
msg_125,node0,node2,316,234003,234003.0,0.0,,,,0.6938775510204082,2.5657894736842106,2,2.736842105263158,0.2727272727272727,0,1.832,2,2,5,2
msg_126,node0,node3,316,234003,234004.0,1.0,,,,0.68,2.5657894736842106,2,2.8421052631578947,0.7857142857142857,0,1.8174603174603174,1,1,5,2
msg_127,node1,node0,316,240000,240001.0,1.0,,,,1.6842105263157894,0.0,1,0.6862745098039216,2.5657894736842106,0,1.811023622047244,4,4,5,4
msg_128,node2,node0,316,240000,240002.0,2.0,,,,2.736842105263158,0.25,1,0.6862745098039216,2.5657894736842106,0,1.811023622047244,4,4,5,4
msg_129,node3,node0,316,240000,240002.0,2.0,,,,2.8421052631578947,0.8,1,0.6862745098039216,2.5384615384615383,0,1.806201550387597,2,2,5,4
msg_130,node4,node0,316,240000,240002.0,2.0,,,,3.0,1.8181818181818181,1,0.6862745098039216,2.5316455696202533,0,1.8076923076923077,1,1,5,4
msg_131,node0,node1,316,246002,246002.0,0.0,,,,0.6862745098039216,2.525,1,1.65,0.0,0,1.8091603053435115,1,1,5,1
msg_132,node0,node2,316,246003,246003.0,0.0,,,,0.6730769230769231,2.525,1,2.7,0.25,0,1.7954545454545454,1,1,5,1
msg_133,node1,node0,316,252000,252002.0,2.0,,,,1.65,0.0,1,0.660377358490566,2.525,0,1.781954887218045,4,4,5,4
msg_134,node2,node0,316,252000,252003.0,3.0,,,,2.7,0.23076923076923078,1,0.660377358490566,2.524390243902439,0,1.7925925925925925,2,2,5,4
msg_135,node3,node0,316,252000,252003.0,3.0,,,,2.8,0.8,1,0.660377358490566,2.525,0,1.781954887218045,4,4,5,4
msg_136,node4,node0,316,252000,252004.0,4.0,,,,2.95,1.8181818181818181,1,0.660377358490566,2.524390243902439,0,1.7925925925925925,2,2,5,4
msg_137,node0,node2,316,258002,258002.0,0.0,,,,0.660377358490566,2.5476190476190474,3,2.7142857142857144,0.23076923076923078,0,1.8175182481751824,3,3,5,3
msg_138,node0,node3,316,258002,258003.0,1.0,,,,0.6481481481481481,2.5476190476190474,3,2.8095238095238093,0.8,0,1.8043478260869565,2,2,5,3
msg_139,node0,node4,316,258002,258003.0,1.0,,,,0.6545454545454545,2.5476190476190474,3,3.0,1.8181818181818181,0,1.7985611510791366,1,1,5,3
msg_140,node1,node0,316,264000,264001.0,1.0,,,,1.6666666666666667,0.0,1,0.6607142857142857,2.5476190476190474,0,1.792857142857143,4,4,5,4
msg_141,node2,node0,316,264000,264002.0,2.0,,,,2.7142857142857144,0.21428571428571427,1,0.6607142857142857,2.5476190476190474,0,1.792857142857143,4,4,5,4
msg_142,node3,node0,316,264000,264002.0,2.0,,,,2.8095238095238093,0.8125,1,0.6607142857142857,2.5232558139534884,0,1.7887323943661972,2,2,5,4
msg_143,node4,node0,316,264000,264002.0,2.0,,,,3.0,1.75,1,0.6607142857142857,2.5172413793103448,0,1.7902097902097902,1,1,5,4
msg_144,node0,node2,316,270002,270002.0,0.0,,,,0.6607142857142857,2.5113636363636362,3,2.6818181818181817,0.21428571428571427,0,1.7916666666666667,3,3,5,3
msg_145,node0,node3,316,270002,270003.0,1.0,,,,0.6607142857142857,2.5113636363636362,3,2.772727272727273,0.8125,0,1.7916666666666667,3,3,5,3
msg_146,node0,node4,316,270002,270004.0,2.0,,,,0.6551724137931034,2.5113636363636362,3,2.9545454545454546,1.75,0,1.773972602739726,1,1,5,3
msg_147,node1,node0,316,276000,276002.0,2.0,,,,1.6363636363636365,0.0,1,0.6779661016949152,2.5113636363636362,0,1.7755102040816326,4,4,5,4
msg_148,node2,node0,316,276000,276003.0,3.0,,,,2.6818181818181817,0.2,1,0.6779661016949152,2.5113636363636362,0,1.7755102040816326,4,4,5,4
msg_149,node3,node0,316,276000,276004.0,4.0,,,,2.772727272727273,0.8235294117647058,1,0.6779661016949152,2.511111111111111,0,1.7852348993288591,2,2,5,4
msg_150,node4,node0,316,276000,276004.0,4.0,,,,2.9545454545454546,1.7692307692307692,1,0.6779661016949152,2.5274725274725274,0,1.8,1,1,5,4
msg_151,node0,node1,316,282002,282002.0,0.0,,,,0.6779661016949152,2.5434782608695654,1,1.6521739130434783,0.0,0,1.814569536423841,1,1,5,1
msg_152,node0,node2,316,282003,282003.0,0.0,,,,0.6666666666666666,2.5434782608695654,1,2.6956521739130435,0.2,0,1.8026315789473684,1,1,5,1
msg_153,node0,node4,316,282004,282005.0,1.0,,,,0.6557377049180327,2.5434782608695654,1,3.0,1.7692307692307692,0,1.7908496732026145,1,1,5,1
msg_154,node1,node0,316,288000,288002.0,2.0,,,,1.6521739130434783,0.0,1,0.6612903225806451,2.5434782608695654,0,1.7857142857142858,4,4,5,4
msg_155,node2,node0,316,288000,288003.0,3.0,,,,2.6956521739130435,0.1875,1,0.6612903225806451,2.5434782608695654,0,1.7857142857142858,4,4,5,4
msg_156,node3,node0,316,288000,288004.0,4.0,,,,2.8260869565217392,0.8235294117647058,1,0.6612903225806451,2.5425531914893615,0,1.794871794871795,2,2,5,4
msg_157,node4,node0,316,288000,288004.0,4.0,,,,3.0,1.7142857142857142,1,0.6612903225806451,2.557894736842105,0,1.8089171974522293,1,1,5,4
msg_158,node0,node1,316,294001,294001.0,0.0,,,,0.6612903225806451,2.5729166666666665,1,1.6666666666666667,0.0,0,1.8227848101265822,1,1,5,1
msg_159,node0,node3,316,294002,294002.0,0.0,,,,0.6507936507936508,2.5729166666666665,2,2.875,0.8235294117647058,0,1.8113207547169812,2,2,5,2
msg_160,node0,node4,316,294002,294004.0,2.0,,,,0.640625,2.5729166666666665,2,3.0416666666666665,1.7142857142857142,0,1.8,1,1,5,2
msg_161,node1,node0,316,300000,300001.0,1.0,,,,1.6666666666666667,0.0,1,0.6615384615384615,2.5729166666666665,0,1.8012422360248448,4,4,5,4
msg_162,node2,node0,316,300000,300002.0,2.0,,,,2.7083333333333335,0.1875,1,0.6615384615384615,2.556701030927835,0,1.7962962962962963,3,3,5,4
msg_163,node3,node0,316,300000,300002.0,2.0,,,,2.875,0.7777777777777778,1,0.6615384615384615,2.5510204081632653,0,1.7975460122699387,2,2,5,4
msg_164,node4,node0,316,300000,300002.0,2.0,,,,3.0416666666666665,1.7333333333333334,1,0.6615384615384615,2.5454545454545454,0,1.798780487804878,1,1,5,4
msg_165,node0,node1,316,306002,306002.0,0.0,,,,0.6615384615384615,2.54,1,1.64,0.0,0,1.8,1,1,5,1
msg_166,node0,node3,316,306004,306004.0,0.0,,,,0.6515151515151515,2.54,2,2.84,0.7777777777777778,0,1.7891566265060241,2,2,5,2
msg_167,node0,node4,316,306004,306006.0,2.0,,,,0.6515151515151515,2.54,2,3.0,1.7333333333333334,0,1.7891566265060241,2,2,5,2
msg_168,node1,node0,316,312000,312001.0,1.0,,,,1.64,0.0,1,0.6617647058823529,2.54,0,1.7797619047619047,4,4,5,4
msg_169,node2,node0,316,312000,312002.0,2.0,,,,2.68,0.1875,1,0.6617647058823529,2.54,0,1.7797619047619047,4,4,5,4
msg_170,node3,node0,316,312000,312002.0,2.0,,,,2.84,0.7368421052631579,1,0.6617647058823529,2.519607843137255,0,1.776470588235294,2,2,5,4
msg_171,node4,node0,316,312000,312002.0,2.0,,,,3.0,1.75,1,0.6617647058823529,2.5145631067961167,0,1.7777777777777777,1,1,5,4
msg_172,node0,node1,316,318002,318002.0,0.0,,,,0.6617647058823529,2.5096153846153846,1,1.6153846153846154,0.0,0,1.7790697674418605,1,1,5,1
msg_173,node0,node2,316,318003,318003.0,0.0,,,,0.6521739130434783,2.5096153846153846,1,2.6538461538461537,0.1875,0,1.76878612716763,1,1,5,1
msg_174,node0,node3,316,318004,318004.0,0.0,,,,0.6428571428571429,2.5096153846153846,2,2.8076923076923075,0.7368421052631579,0,1.7586206896551724,2,2,5,2
msg_175,node0,node4,316,318004,318005.0,1.0,,,,0.6428571428571429,2.5096153846153846,2,2.9615384615384617,1.75,0,1.7586206896551724,2,2,5,2
msg_176,node1,node0,316,324000,324002.0,2.0,,,,1.6153846153846154,0.0,1,0.6388888888888888,2.5096153846153846,0,1.7443181818181819,4,4,5,4
msg_177,node2,node0,316,324000,324003.0,3.0,,,,2.6538461538461537,0.17647058823529413,1,0.6388888888888888,2.5096153846153846,0,1.7443181818181819,4,4,5,4
msg_178,node3,node0,316,324000,324004.0,4.0,,,,2.8076923076923075,0.7,1,0.6388888888888888,2.509433962264151,0,1.752808988764045,2,2,5,4
msg_179,node4,node0,316,324000,324004.0,4.0,,,,2.9615384615384617,1.7058823529411764,1,0.6388888888888888,2.5233644859813085,0,1.76536312849162,1,1,5,4
msg_180,node0,node1,316,330001,330001.0,0.0,,,,0.6388888888888888,2.537037037037037,1,1.6296296296296295,0.0,0,1.7777777777777777,1,1,5,1
msg_181,node0,node2,316,330002,330002.0,0.0,,,,0.6301369863013698,2.537037037037037,3,2.6666666666666665,0.17647058823529413,0,1.7679558011049723,3,3,5,3
msg_182,node0,node3,316,330002,330003.0,1.0,,,,0.6216216216216216,2.537037037037037,3,2.8518518518518516,0.7,0,1.7582417582417582,2,2,5,3
msg_183,node0,node4,316,330002,330003.0,1.0,,,,0.6266666666666667,2.537037037037037,3,3.0,1.7058823529411764,0,1.7540983606557377,1,1,5,3
msg_184,node1,node0,316,336000,336003.0,3.0,,,,1.6296296296296295,0.0,1,0.631578947368421,2.537037037037037,0,1.75,4,4,5,4
msg_185,node2,node0,316,336000,336004.0,4.0,,,,2.6666666666666665,0.16666666666666666,1,0.631578947368421,2.537037037037037,0,1.75,4,4,5,4
msg_186,node3,node0,316,336000,336004.0,4.0,,,,2.8518518518518516,0.7142857142857143,1,0.631578947368421,2.5545454545454547,0,1.7688172043010753,2,2,5,4
msg_187,node4,node0,316,336000,336004.0,4.0,,,,3.0,1.6666666666666667,1,0.631578947368421,2.5675675675675675,0,1.7807486631016043,1,1,5,4
msg_188,node0,node1,316,342001,342001.0,0.0,,,,0.631578947368421,2.580357142857143,1,1.6785714285714286,0.0,0,1.7925531914893618,1,1,5,1
msg_189,node0,node2,316,342002,342002.0,0.0,,,,0.6233766233766234,2.580357142857143,2,2.7142857142857144,0.16666666666666666,0,1.783068783068783,2,2,5,2
msg_190,node0,node3,316,342002,342003.0,1.0,,,,0.6153846153846154,2.580357142857143,2,2.892857142857143,0.7142857142857143,0,1.7736842105263158,1,1,5,2
msg_191,node1,node0,316,348000,348002.0,2.0,,,,1.6785714285714286,0.0,1,0.620253164556962,2.580357142857143,0,1.7696335078534031,4,4,5,4
msg_192,node2,node0,316,348000,348003.0,3.0,,,,2.7142857142857144,0.15789473684210525,1,0.620253164556962,2.5701754385964914,0,1.7720207253886011,2,2,5,4
msg_193,node3,node0,316,348000,348003.0,3.0,,,,2.892857142857143,0.7272727272727273,1,0.620253164556962,2.5739130434782607,0,1.7783505154639174,1,1,5,4
msg_194,node4,node0,316,348000,348002.0,2.0,,,,3.0357142857142856,1.6666666666666667,1,0.620253164556962,2.580357142857143,0,1.7696335078534031,4,4,5,4
msg_195,node0,node2,316,354003,354003.0,0.0,,,,0.620253164556962,2.5775862068965516,1,2.7241379310344827,0.15789473684210525,0,1.7846153846153847,1,1,5,1
msg_196,node0,node3,316,354004,354004.0,0.0,,,,0.6125,2.5775862068965516,2,2.896551724137931,0.7272727272727273,0,1.7755102040816326,2,2,5,2
msg_197,node0,node4,316,354004,354005.0,1.0,,,,0.6125,2.5775862068965516,2,3.0,1.6666666666666667,0,1.7755102040816326,2,2,5,2
msg_198,node1,node0,316,360000,360003.0,3.0,,,,1.6896551724137931,0.0,1,0.6097560975609756,2.5811965811965814,0,1.7688442211055277,3,3,5,4
msg_199,node2,node0,316,360000,360004.0,4.0,,,,2.7241379310344827,0.15,1,0.6097560975609756,2.5847457627118646,0,1.775,2,2,5,4
msg_200,node3,node0,316,360000,360004.0,4.0,,,,2.896551724137931,0.6956521739130435,1,0.6097560975609756,2.596638655462185,0,1.7860696517412935,1,1,5,4
msg_201,node4,node0,316,360000,360003.0,3.0,,,,3.0,1.631578947368421,1,0.6097560975609756,2.5775862068965516,0,1.7626262626262625,4,4,5,4
msg_202,node0,node1,316,366003,366004.0,1.0,,,,0.6097560975609756,2.6083333333333334,1,1.7333333333333334,0.0,0,1.797029702970297,3,3,5,1
msg_203,node0,node2,316,366004,366005.0,1.0,,,,0.6097560975609756,2.6083333333333334,2,2.7666666666666666,0.15,0,1.797029702970297,3,3,5,2
msg_204,node0,node4,316,366004,366006.0,2.0,,,,0.6190476190476191,2.6083333333333334,2,3.0,1.631578947368421,0,1.7892156862745099,1,1,5,2
msg_205,node1,node0,316,372000,372001.0,1.0,,,,1.7333333333333334,0.047619047619047616,1,0.6352941176470588,2.6083333333333334,0,1.7902439024390244,4,4,5,4
msg_206,node2,node0,316,372000,372002.0,2.0,,,,2.7666666666666666,0.19047619047619047,1,0.6352941176470588,2.6083333333333334,0,1.7902439024390244,4,4,5,4
msg_207,node3,node0,316,372000,372002.0,2.0,,,,2.933333333333333,0.6956521739130435,1,0.6352941176470588,2.5901639344262297,0,1.78743961352657,2,2,5,4
msg_208,node4,node0,316,372000,372002.0,2.0,,,,3.0,1.65,1,0.6352941176470588,2.5853658536585367,0,1.7884615384615385,1,1,5,4
msg_209,node0,node2,316,378003,378003.0,0.0,,,,0.6352941176470588,2.5806451612903225,2,2.7419354838709675,0.19047619047619047,0,1.7894736842105263,2,2,5,2
msg_210,node0,node3,316,378003,378004.0,1.0,,,,0.627906976744186,2.5806451612903225,2,2.903225806451613,0.6956521739130435,0,1.7809523809523808,1,1,5,2
msg_211,node1,node0,316,384000,384001.0,1.0,,,,1.7096774193548387,0.047619047619047616,1,0.632183908045977,2.5806451612903225,0,1.7772511848341233,4,4,5,4
msg_212,node2,node0,316,384000,384002.0,2.0,,,,2.7419354838709675,0.18181818181818182,1,0.632183908045977,2.5806451612903225,0,1.7772511848341233,4,4,5,4
msg_213,node3,node0,316,384000,384002.0,2.0,,,,2.903225806451613,0.7083333333333334,1,0.632183908045977,2.5634920634920637,0,1.7746478873239437,2,2,5,4
msg_214,node4,node0,316,384000,384002.0,2.0,,,,2.967741935483871,1.65,1,0.632183908045977,2.559055118110236,0,1.7757009345794392,1,1,5,4
msg_215,node0,node4,316,390003,390004.0,1.0,,,,0.632183908045977,2.5546875,1,2.9375,1.65,0,1.7767441860465116,3,3,5,1
msg_216,node0,node2,316,390004,390005.0,1.0,,,,0.632183908045977,2.5546875,2,2.71875,0.18181818181818182,0,1.7767441860465116,3,3,5,2
msg_217,node0,node3,316,390004,390006.0,2.0,,,,0.6404494382022472,2.5546875,2,2.875,0.7083333333333334,0,1.7695852534562213,1,1,5,2
msg_218,node1,node0,316,396000,396004.0,4.0,,,,1.6875,0.047619047619047616,1,0.6555555555555556,2.5546875,0,1.7706422018348624,4,4,5,4
msg_219,node2,node0,316,396000,396005.0,5.0,,,,2.71875,0.21739130434782608,1,0.6555555555555556,2.576923076923077,0,1.790909090909091,2,2,5,4
msg_220,node3,node0,316,396000,396005.0,5.0,,,,2.875,0.76,1,0.6555555555555556,2.595419847328244,0,1.8054298642533937,1,1,5,4
msg_221,node4,node0,316,396000,396004.0,4.0,,,,2.9375,1.619047619047619,1,0.6555555555555556,2.5546875,0,1.7706422018348624,4,4,5,4
msg_222,node0,node1,316,402001,402001.0,0.0,,,,0.6555555555555556,2.6136363636363638,1,1.7575757575757576,0.047619047619047616,0,1.8198198198198199,1,1,5,1
msg_223,node0,node2,316,402002,402002.0,0.0,,,,0.6483516483516484,2.6136363636363638,3,2.787878787878788,0.21739130434782608,0,1.811659192825112,3,3,5,3
msg_224,node0,node3,316,402002,402003.0,1.0,,,,0.6483516483516484,2.6136363636363638,3,2.9393939393939394,0.76,0,1.811659192825112,3,3,5,3
msg_225,node0,node4,316,402002,402003.0,1.0,,,,0.6451612903225806,2.6136363636363638,3,2.9696969696969697,1.619047619047619,0,1.8,1,1,5,3
msg_226,node1,node0,316,408000,408003.0,3.0,,,,1.7575757575757576,0.045454545454545456,1,0.648936170212766,2.6136363636363638,0,1.7964601769911503,4,4,5,4
msg_227,node2,node0,316,408000,408004.0,4.0,,,,2.787878787878788,0.20833333333333334,1,0.648936170212766,2.6136363636363638,0,1.7964601769911503,4,4,5,4
msg_228,node3,node0,316,408000,408005.0,5.0,,,,2.9393939393939394,0.7692307692307693,1,0.648936170212766,2.626865671641791,0,1.8114035087719298,2,2,5,4
msg_229,node4,node0,316,408000,408005.0,5.0,,,,2.9696969696969697,1.5909090909090908,1,0.648936170212766,2.6444444444444444,0,1.8253275109170306,1,1,5,4
msg_230,node0,node1,316,414001,414001.0,0.0,,,,0.648936170212766,2.661764705882353,1,1.7941176470588236,0.045454545454545456,0,1.8391304347826087,1,1,5,1
msg_231,node0,node2,316,414002,414002.0,0.0,,,,0.6421052631578947,2.661764705882353,2,2.823529411764706,0.20833333333333334,0,1.8311688311688312,2,2,5,2
msg_232,node0,node4,316,414002,414003.0,1.0,,,,0.6421052631578947,2.661764705882353,2,3.0294117647058822,1.5909090909090908,0,1.8311688311688312,2,2,5,2
msg_233,node1,node0,316,420000,420002.0,2.0,,,,1.7941176470588236,0.043478260869565216,1,0.6391752577319587,2.661764705882353,0,1.8197424892703862,4,4,5,4
msg_234,node2,node0,316,420000,420003.0,3.0,,,,2.823529411764706,0.2,1,0.6391752577319587,2.661764705882353,0,1.8197424892703862,4,4,5,4
msg_235,node3,node0,316,420000,420003.0,3.0,,,,3.0,0.7692307692307693,1,0.6391752577319587,2.6594202898550723,0,1.825531914893617,2,2,5,4
msg_236,node4,node0,316,420000,420003.0,3.0,,,,3.0294117647058822,1.565217391304348,1,0.6391752577319587,2.661870503597122,0,1.8305084745762712,1,1,5,4
msg_237,node0,node4,316,426004,426005.0,1.0,,,,0.6391752577319587,2.664285714285714,2,3.0285714285714285,1.565217391304348,0,1.8354430379746836,2,2,5,2
msg_238,node0,node1,316,426004,426004.0,0.0,,,,0.6391752577319587,2.664285714285714,2,1.8,0.043478260869565216,0,1.8354430379746836,2,2,5,2
msg_239,node1,node0,316,432000,432003.0,3.0,,,,1.8,0.041666666666666664,1,0.6363636363636364,2.664285714285714,0,1.8242677824267783,4,4,5,4
msg_240,node2,node0,316,432000,432004.0,4.0,,,,2.8285714285714287,0.2,1,0.6363636363636364,2.664285714285714,0,1.8242677824267783,4,4,5,4
msg_241,node3,node0,316,432000,432005.0,5.0,,,,3.0,0.7692307692307693,1,0.6363636363636364,2.676056338028169,0,1.838174273858921,2,2,5,4
msg_242,node4,node0,316,432000,432005.0,5.0,,,,3.0285714285714285,1.5416666666666667,1,0.6363636363636364,2.6923076923076925,0,1.8512396694214877,1,1,5,4
msg_243,node0,node2,316,438004,438004.0,0.0,,,,0.6363636363636364,2.7083333333333335,1,2.861111111111111,0.2,0,1.8641975308641976,1,1,5,1
msg_244,node0,node3,317,438005,438006.0,1.0,,,,0.63,2.7083333333333335,2,3.0555555555555554,0.7692307692307693,0,1.8565573770491803,2,2,5,2
msg_245,node0,node4,317,438005,438007.0,2.0,,,,0.6336633663366337,2.7083333333333335,2,3.0833333333333335,1.5416666666666667,0,1.853061224489796,1,1,5,2
msg_246,node1,node0,316,444000,444004.0,4.0,,,,1.8333333333333333,0.041666666666666664,1,0.6470588235294118,2.7083333333333335,0,1.853658536585366,4,4,5,4
msg_247,node2,node0,316,444000,444005.0,5.0,,,,2.861111111111111,0.19230769230769232,1,0.6470588235294118,2.7083333333333335,0,1.853658536585366,4,4,5,4
msg_248,node3,node0,316,444000,444005.0,5.0,,,,3.0555555555555554,0.7777777777777778,1,0.6470588235294118,2.732876712328767,0,1.875,2,2,5,4
msg_249,node4,node0,316,444000,444005.0,5.0,,,,3.0833333333333335,1.56,1,0.6470588235294118,2.748299319727891,0,1.8875502008032128,1,1,5,4
msg_250,node0,node2,317,450003,450003.0,0.0,,,,0.6470588235294118,2.7635135135135136,2,2.918918918918919,0.19230769230769232,0,1.9,2,2,5,2
msg_251,node0,node4,317,450003,450005.0,2.0,,,,0.6470588235294118,2.7635135135135136,2,3.135135135135135,1.56,0,1.9,2,2,5,2
msg_252,node1,node0,316,456000,456003.0,3.0,,,,1.8918918918918919,0.041666666666666664,1,0.6538461538461539,2.7635135135135136,0,1.8928571428571428,4,4,5,4
msg_253,node2,node0,316,456000,456004.0,4.0,,,,2.918918918918919,0.18518518518518517,1,0.6538461538461539,2.7635135135135136,0,1.8928571428571428,4,4,5,4
msg_254,node3,node0,316,456000,456004.0,4.0,,,,3.108108108108108,0.7777777777777778,1,0.6538461538461539,2.7733333333333334,0,1.905511811023622,2,2,5,4
msg_255,node4,node0,316,456000,456004.0,4.0,,,,3.135135135135135,1.5769230769230769,1,0.6538461538461539,2.781456953642384,0,1.9137254901960785,1,1,5,4
msg_256,node0,node1,317,462003,462003.0,0.0,,,,0.6538461538461539,2.789473684210526,1,1.9210526315789473,0.041666666666666664,0,1.921875,1,1,5,1
msg_257,node0,node2,317,462004,462004.0,0.0,,,,0.6476190476190476,2.789473684210526,1,2.9473684210526314,0.18518518518518517,0,1.9143968871595332,1,1,5,1
msg_258,node0,node3,317,462005,462005.0,0.0,,,,0.6415094339622641,2.789473684210526,1,3.1315789473684212,0.7777777777777778,0,1.9069767441860466,1,1,5,1
msg_259,node1,node0,316,468000,468004.0,4.0,,,,1.9210526315789473,0.04,1,0.6355140186915887,2.789473684210526,0,1.8996138996138996,4,4,5,4
msg_260,node2,node0,316,468000,468005.0,5.0,,,,2.9473684210526314,0.17857142857142858,1,0.6355140186915887,2.7973856209150325,0,1.9076923076923078,3,3,5,4
msg_261,node3,node0,316,468000,468005.0,5.0,,,,3.1315789473684212,0.75,1,0.6355140186915887,2.811688311688312,0,1.9195402298850575,2,2,5,4
msg_262,node4,node0,316,468000,468005.0,5.0,,,,3.1578947368421053,1.5769230769230769,1,0.6355140186915887,2.825806451612903,0,1.9312977099236641,1,1,5,4
msg_263,node0,node2,317,474005,474005.0,0.0,,,,0.6355140186915887,2.83974358974359,2,3.0,0.17857142857142858,0,1.9429657794676807,2,2,5,2
msg_264,node0,node4,317,474005,474006.0,1.0,,,,0.6355140186915887,2.83974358974359,2,3.2051282051282053,1.5769230769230769,0,1.9429657794676807,2,2,5,2
msg_265,node1,node0,316,480000,480004.0,4.0,,,,1.9743589743589745,0.04,1,0.6330275229357798,2.83974358974359,0,1.9320754716981132,4,4,5,4
msg_266,node2,node0,316,480000,480005.0,5.0,,,,3.0,0.1724137931034483,1,0.6330275229357798,2.83974358974359,0,1.9320754716981132,4,4,5,4
msg_267,node3,node0,316,480000,480005.0,5.0,,,,3.1794871794871793,0.75,1,0.6330275229357798,2.8607594936708862,0,1.951310861423221,2,2,5,4
msg_268,node4,node0,316,480000,480005.0,5.0,,,,3.2051282051282053,1.5555555555555556,1,0.6330275229357798,2.8742138364779874,0,1.962686567164179,1,1,5,4
msg_269,node0,node1,317,486003,486003.0,0.0,,,,0.6330275229357798,2.8875,1,2.025,0.04,0,1.9739776951672863,1,1,5,1
msg_270,node0,node3,317,486004,486004.0,0.0,,,,0.6272727272727273,2.8875,2,3.225,0.75,0,1.9666666666666666,2,2,5,2
msg_271,node0,node4,317,486004,486006.0,2.0,,,,0.6216216216216216,2.8875,2,3.25,1.5555555555555556,0,1.959409594095941,1,1,5,2
msg_272,node1,node0,316,492000,492001.0,1.0,,,,2.025,0.038461538461538464,1,0.6339285714285714,2.8875,0,1.9595588235294117,4,4,5,4
msg_273,node2,node0,316,492000,492002.0,2.0,,,,3.05,0.1724137931034483,1,0.6339285714285714,2.8875,0,1.9595588235294117,4,4,5,4
msg_274,node3,node0,316,492000,492002.0,2.0,,,,3.225,0.7241379310344828,1,0.6339285714285714,2.8703703703703702,0,1.9562043795620438,2,2,5,4
msg_275,node4,node0,316,492000,492002.0,2.0,,,,3.25,1.5714285714285714,1,0.6339285714285714,2.8650306748466257,0,1.9563636363636363,1,1,5,4
msg_276,node0,node1,317,498004,498005.0,1.0,,,,0.6339285714285714,2.8597560975609757,1,2.0,0.038461538461538464,0,1.9565217391304348,4,4,5,1
msg_277,node0,node2,317,498005,498006.0,1.0,,,,0.6371681415929203,2.8597560975609757,3,3.024390243902439,0.1724137931034483,0,1.9530685920577617,3,3,5,3
msg_278,node0,node3,317,498005,498007.0,2.0,,,,0.6371681415929203,2.8597560975609757,3,3.1951219512195124,0.7241379310344828,0,1.9530685920577617,3,3,5,3
msg_279,node0,node4,317,498005,498007.0,2.0,,,,0.6521739130434783,2.8597560975609757,3,3.2195121951219514,1.5714285714285714,0,1.949820788530466,1,1,5,3
msg_280,node1,node0,316,504000,504003.0,3.0,,,,2.0,0.07407407407407407,1,0.6637931034482759,2.8597560975609757,0,1.95,4,4,5,4
msg_281,node2,node0,316,504000,504004.0,4.0,,,,3.024390243902439,0.2,1,0.6637931034482759,2.8597560975609757,0,1.95,4,4,5,4
msg_282,node3,node0,316,504000,504004.0,4.0,,,,3.1951219512195124,0.7666666666666667,1,0.6637931034482759,2.8674698795180724,0,1.9609929078014185,2,2,5,4
msg_283,node4,node0,316,504000,504004.0,4.0,,,,3.2195121951219514,1.5862068965517242,1,0.6637931034482759,2.874251497005988,0,1.9681978798586572,1,1,5,4
msg_284,node0,node1,317,510004,510004.0,0.0,,,,0.6637931034482759,2.880952380952381,1,2.0238095238095237,0.07407407407407407,0,1.9753521126760563,1,1,5,1
msg_285,node0,node3,317,510005,510005.0,0.0,,,,0.6581196581196581,2.880952380952381,2,3.2142857142857144,0.7666666666666667,0,1.9684210526315788,2,2,5,2
msg_286,node0,node4,317,510005,510007.0,2.0,,,,0.652542372881356,2.880952380952381,2,3.238095238095238,1.5862068965517242,0,1.9615384615384615,1,1,5,2
msg_287,node1,node0,316,516000,516004.0,4.0,,,,2.0238095238095237,0.07142857142857142,1,0.6638655462184874,2.880952380952381,0,1.961672473867596,4,4,5,4
msg_288,node2,node0,316,516000,516005.0,5.0,,,,3.0476190476190474,0.2,1,0.6638655462184874,2.880952380952381,0,1.961672473867596,4,4,5,4
msg_289,node3,node0,316,516000,516006.0,6.0,,,,3.2142857142857144,0.7419354838709677,1,0.6638655462184874,2.9,0,1.9792387543252594,2,2,5,4
msg_290,node4,node0,316,516000,516006.0,6.0,,,,3.238095238095238,1.6,1,0.6638655462184874,2.91812865497076,0,1.993103448275862,1,1,5,4
msg_291,node0,node1,317,522001,522001.0,0.0,,,,0.6638655462184874,2.936046511627907,1,2.0697674418604652,0.07142857142857142,0,2.006872852233677,1,1,5,1
msg_292,node0,node3,317,522001,522001.0,0.0,,,,0.6583333333333333,2.936046511627907,2,3.2790697674418605,0.7419354838709677,0,2.0,1,1,5,2
msg_293,node1,node0,316,528000,528002.0,2.0,,,,2.0697674418604652,0.06896551724137931,1,0.6528925619834711,2.936046511627907,0,1.993174061433447,4,4,5,4
msg_294,node2,node0,316,528000,528003.0,3.0,,,,3.0930232558139537,0.2,1,0.6528925619834711,2.936046511627907,0,1.993174061433447,4,4,5,4
msg_295,node3,node0,316,528000,528003.0,3.0,,,,3.2790697674418605,0.71875,1,0.6528925619834711,2.9310344827586206,0,1.9966101694915255,2,2,5,4
msg_296,node4,node0,316,528000,528003.0,3.0,,,,3.302325581395349,1.6,1,0.6528925619834711,2.9314285714285715,0,2.0,1,1,5,4
msg_297,node0,node2,317,534004,534004.0,0.0,,,,0.6528925619834711,2.9318181818181817,3,3.090909090909091,0.2,0,2.0033670033670035,3,3,5,3
msg_298,node0,node3,317,534004,534005.0,1.0,,,,0.6528925619834711,2.9318181818181817,3,3.272727272727273,0.71875,0,2.0033670033670035,3,3,5,3
msg_299,node0,node4,317,534004,534005.0,1.0,,,,0.6504065040650406,2.9318181818181817,3,3.2954545454545454,1.6,0,1.9933110367892977,1,1,5,3
msg_300,node1,node0,316,540000,540002.0,2.0,,,,2.0681818181818183,0.06896551724137931,1,0.6532258064516129,2.9318181818181817,0,1.99,4,4,5,4
msg_301,node2,node0,316,540000,540003.0,3.0,,,,3.090909090909091,0.1935483870967742,1,0.6532258064516129,2.9318181818181817,0,1.99,4,4,5,4
msg_302,node3,node0,316,540000,540003.0,3.0,,,,3.272727272727273,0.7272727272727273,1,0.6532258064516129,2.9269662921348316,0,1.9933774834437086,2,2,5,4
msg_303,node4,node0,316,540000,540003.0,3.0,,,,3.2954545454545454,1.5806451612903225,1,0.6532258064516129,2.9273743016759775,0,1.9966996699669968,1,1,5,4
msg_304,node0,node1,317,546004,546004.0,0.0,,,,0.6532258064516129,2.9277777777777776,1,2.066666666666667,0.06896551724137931,0,2.0,1,1,5,1
msg_305,node0,node2,317,546005,546005.0,0.0,,,,0.648,2.9277777777777776,1,3.088888888888889,0.1935483870967742,0,1.9934426229508198,1,1,5,1
msg_306,node0,node3,317,546006,546006.0,0.0,,,,0.6428571428571429,2.9277777777777776,2,3.2666666666666666,0.7272727272727273,0,1.9869281045751634,2,2,5,2
msg_307,node0,node4,317,546006,546007.0,1.0,,,,0.6428571428571429,2.9277777777777776,2,3.2888888888888888,1.5806451612903225,0,1.9869281045751634,2,2,5,2
msg_308,node1,node0,316,552000,552003.0,3.0,,,,2.066666666666667,0.06666666666666667,1,0.640625,2.9277777777777776,0,1.9772727272727273,4,4,5,4
msg_309,node2,node0,316,552000,552004.0,4.0,,,,3.088888888888889,0.1875,1,0.640625,2.9281767955801103,0,1.9805825242718447,3,3,5,4
msg_310,node3,node0,316,552000,552004.0,4.0,,,,3.2666666666666666,0.7058823529411765,1,0.640625,2.934065934065934,0,1.9870967741935484,2,2,5,4
msg_311,node4,node0,316,552000,552004.0,4.0,,,,3.2888888888888888,1.5625,1,0.640625,2.934065934065934,0,1.9870967741935484,2,2,5,4
msg_312,node0,node1,317,558002,558003.0,1.0,,,,0.640625,2.9456521739130435,1,2.0869565217391304,0.06666666666666667,0,2.0,3,3,5,1
msg_313,node0,node3,317,558003,558004.0,1.0,,,,0.640625,2.9456521739130435,2,3.282608695652174,0.7058823529411765,0,2.0,3,3,5,2
msg_314,node0,node4,317,558003,558005.0,2.0,,,,0.6461538461538462,2.9456521739130435,2,3.3043478260869565,1.5625,0,1.9936305732484076,1,1,5,2
msg_315,node1,node0,316,564000,564006.0,6.0,,,,2.0869565217391304,0.0967741935483871,1,0.6564885496183206,2.9456521739130435,0,1.9936507936507937,4,4,5,4
msg_316,node2,node0,316,564000,564007.0,7.0,,,,3.108695652173913,0.1875,1,0.6564885496183206,2.962162162162162,0,2.0063291139240507,3,3,5,4
msg_317,node3,node0,316,564000,564007.0,7.0,,,,3.282608695652174,0.7142857142857143,1,0.6564885496183206,2.9838709677419355,0,2.0220820189274447,2,2,5,4
msg_318,node4,node0,316,564000,564007.0,7.0,,,,3.3043478260869565,1.5757575757575757,1,0.6564885496183206,2.9838709677419355,0,2.0220820189274447,2,2,5,4
msg_319,node0,node1,317,570002,570002.0,0.0,,,,0.6564885496183206,3.026595744680851,1,2.1702127659574466,0.0967741935483871,0,2.053291536050157,1,1,5,1
msg_320,node0,node2,317,570003,570003.0,0.0,,,,0.6515151515151515,3.026595744680851,3,3.1914893617021276,0.1875,0,2.046875,3,3,5,3
msg_321,node0,node3,317,570003,570004.0,1.0,,,,0.6466165413533834,3.026595744680851,3,3.3617021276595747,0.7142857142857143,0,2.040498442367601,2,2,5,3
msg_322,node0,node4,317,570003,570004.0,1.0,,,,0.6466165413533834,3.026595744680851,3,3.382978723404255,1.5757575757575757,0,2.040498442367601,2,2,5,3
msg_323,node1,node0,316,576000,576006.0,6.0,,,,2.1702127659574466,0.09375,1,0.6518518518518519,3.026595744680851,0,2.0340557275541795,4,4,5,4
msg_324,node2,node0,316,576000,576007.0,7.0,,,,3.1914893617021276,0.18181818181818182,1,0.6518518518518519,3.026595744680851,0,2.0340557275541795,4,4,5,4
msg_325,node3,node0,316,576000,576007.0,7.0,,,,3.3617021276595747,0.7222222222222222,1,0.6518518518518519,3.0631578947368423,0,2.0615384615384613,2,2,5,4
msg_326,node4,node0,316,576000,576007.0,7.0,,,,3.382978723404255,1.5588235294117647,1,0.6518518518518519,3.0837696335078535,0,2.076687116564417,1,1,5,4
msg_327,node0,node1,317,582003,582003.0,0.0,,,,0.6518518518518519,3.1041666666666665,1,2.25,0.09375,0,2.091743119266055,1,1,5,1
msg_328,node0,node3,317,582004,582004.0,0.0,,,,0.6470588235294118,3.1041666666666665,1,3.4375,0.7222222222222222,0,2.0853658536585367,1,1,5,1
msg_329,node1,node0,316,588000,588002.0,2.0,,,,2.25,0.09090909090909091,1,0.6423357664233577,3.1041666666666665,0,2.0790273556231003,4,4,5,4
msg_330,node2,node0,316,588000,588003.0,3.0,,,,3.2708333333333335,0.18181818181818182,1,0.6423357664233577,3.1041666666666665,0,2.0790273556231003,4,4,5,4
msg_331,node3,node0,316,588000,588003.0,3.0,,,,3.4375,0.7027027027027027,1,0.6423357664233577,3.097938144329897,0,2.081570996978852,2,2,5,4
msg_332,node4,node0,316,588000,588003.0,3.0,,,,3.4583333333333335,1.5588235294117647,1,0.6423357664233577,3.0974358974358975,0,2.0843373493975905,1,1,5,4
msg_333,node0,node1,317,594006,594006.0,0.0,,,,0.6423357664233577,3.0969387755102042,1,2.2448979591836733,0.09090909090909091,0,2.0870870870870872,1,1,5,1
msg_334,node0,node2,317,594007,594007.0,0.0,,,,0.6376811594202898,3.0969387755102042,3,3.2653061224489797,0.18181818181818182,0,2.0808383233532934,3,3,5,3
msg_335,node0,node3,317,594007,594008.0,1.0,,,,0.6376811594202898,3.0969387755102042,3,3.4285714285714284,0.7027027027027027,0,2.0808383233532934,3,3,5,3
msg_336,node0,node4,317,594007,594009.0,2.0,,,,0.6357142857142857,3.0969387755102042,3,3.4489795918367347,1.5588235294117647,0,2.0714285714285716,1,1,5,3
msg_337,node1,node0,316,600000,600002.0,2.0,,,,2.2448979591836733,0.08823529411764706,1,0.6453900709219859,3.0969387755102042,0,2.0712166172106823,4,4,5,4
msg_338,node2,node0,316,600000,600003.0,3.0,,,,3.2653061224489797,0.17647058823529413,1,0.6453900709219859,3.0969387755102042,0,2.0712166172106823,4,4,5,4
msg_339,node3,node0,316,600000,600003.0,3.0,,,,3.4285714285714284,0.7105263157894737,1,0.6453900709219859,3.090909090909091,0,2.073746312684366,2,2,5,4
msg_340,node4,node0,316,600000,600003.0,3.0,,,,3.4489795918367347,1.5714285714285714,1,0.6453900709219859,3.090452261306533,0,2.0764705882352943,1,1,5,4
msg_341,node0,node2,317,606007,606007.0,0.0,,,,0.6453900709219859,3.09,2,3.26,0.17647058823529413,0,2.0791788856304985,2,2,5,2
msg_342,node0,node3,317,606007,606008.0,1.0,,,,0.6453900709219859,3.09,2,3.42,0.7105263157894737,0,2.0791788856304985,2,2,5,2
msg_343,node1,node0,316,612000,612002.0,2.0,,,,2.24,0.08823529411764706,1,0.6433566433566433,3.09,0,2.0699708454810497,4,4,5,4
msg_344,node2,node0,316,612000,612003.0,3.0,,,,3.26,0.17142857142857143,1,0.6433566433566433,3.084577114427861,0,2.0697674418604652,3,3,5,4
msg_345,node3,node0,316,612000,612003.0,3.0,,,,3.42,0.717948717948718,1,0.6433566433566433,3.0841584158415842,0,2.072463768115942,2,2,5,4
msg_346,node4,node0,316,612000,612003.0,3.0,,,,3.44,1.5714285714285714,1,0.6433566433566433,3.0841584158415842,0,2.072463768115942,2,2,5,4
msg_347,node0,node1,317,618002,618002.0,0.0,,,,0.6433566433566433,3.0833333333333335,1,2.235294117647059,0.08823529411764706,0,2.077809798270893,1,1,5,1
msg_348,node0,node2,317,618003,618003.0,0.0,,,,0.6388888888888888,3.0833333333333335,3,3.2549019607843137,0.17142857142857143,0,2.07183908045977,3,3,5,3
msg_349,node0,node3,317,618003,618004.0,1.0,,,,0.6388888888888888,3.0833333333333335,3,3.411764705882353,0.717948717948718,0,2.07183908045977,3,3,5,3
msg_350,node0,node4,317,618003,618005.0,2.0,,,,0.636986301369863,3.0833333333333335,3,3.4313725490196076,1.5714285714285714,0,2.0628571428571427,1,1,5,3
msg_351,node1,node0,316,624000,624002.0,2.0,,,,2.235294117647059,0.08571428571428572,1,0.6462585034013606,3.0833333333333335,0,2.0626780626780628,4,4,5,4
msg_352,node2,node0,316,624000,624003.0,3.0,,,,3.2549019607843137,0.16666666666666666,1,0.6462585034013606,3.0833333333333335,0,2.0626780626780628,4,4,5,4
msg_353,node3,node0,316,624000,624003.0,3.0,,,,3.411764705882353,0.725,1,0.6462585034013606,3.0776699029126213,0,2.0651558073654392,2,2,5,4
msg_354,node4,node0,316,624000,624003.0,3.0,,,,3.4313725490196076,1.5833333333333333,1,0.6462585034013606,3.077294685990338,0,2.0677966101694913,1,1,5,4
msg_355,node0,node1,317,630002,630002.0,0.0,,,,0.6462585034013606,3.076923076923077,1,2.230769230769231,0.08571428571428572,0,2.0704225352112675,1,1,5,1
msg_356,node0,node3,317,630003,630003.0,0.0,,,,0.6418918918918919,3.076923076923077,2,3.4038461538461537,0.725,0,2.0646067415730336,2,2,5,2
msg_357,node0,node4,317,630003,630005.0,2.0,,,,0.6375838926174496,3.076923076923077,2,3.423076923076923,1.5833333333333333,0,2.0588235294117645,1,1,5,2
msg_358,node1,node0,316,636000,636002.0,2.0,,,,2.230769230769231,0.08333333333333333,1,0.6466666666666666,3.076923076923077,0,2.058659217877095,4,4,5,4
msg_359,node2,node0,316,636000,636003.0,3.0,,,,3.25,0.16666666666666666,1,0.6466666666666666,3.0717703349282295,0,2.0584958217270195,3,3,5,4
msg_360,node3,node0,316,636000,636003.0,3.0,,,,3.4038461538461537,0.7073170731707317,1,0.6466666666666666,3.0714285714285716,0,2.061111111111111,2,2,5,4
msg_361,node4,node0,316,636000,636003.0,3.0,,,,3.423076923076923,1.5945945945945945,1,0.6466666666666666,3.071090047393365,0,2.063711911357341,1,1,5,4
msg_362,node0,node1,317,642002,642002.0,0.0,,,,0.6466666666666666,3.0707547169811322,1,2.2264150943396226,0.08333333333333333,0,2.0662983425414363,1,1,5,1
msg_363,node0,node2,317,642003,642003.0,0.0,,,,0.6423841059602649,3.0707547169811322,3,3.2452830188679247,0.16666666666666666,0,2.0606060606060606,3,3,5,3
msg_364,node0,node3,317,642003,642004.0,1.0,,,,0.6423841059602649,3.0707547169811322,3,3.3962264150943398,0.7073170731707317,0,2.0606060606060606,3,3,5,3
msg_365,node0,node4,317,642003,642005.0,2.0,,,,0.6405228758169934,3.0707547169811322,3,3.4150943396226414,1.5945945945945945,0,2.052054794520548,1,1,5,3
msg_366,node1,node0,316,648000,648006.0,6.0,,,,2.2264150943396226,0.08108108108108109,1,0.6493506493506493,3.0707547169811322,0,2.051912568306011,4,4,5,4
msg_367,node2,node0,316,648000,648007.0,7.0,,,,3.2452830188679247,0.16216216216216217,1,0.6493506493506493,3.084507042253521,0,2.0626702997275204,3,3,5,4
msg_368,node3,node0,316,648000,648007.0,7.0,,,,3.3962264150943398,0.7142857142857143,1,0.6493506493506493,3.102803738317757,0,2.0760869565217392,2,2,5,4
msg_369,node4,node0,316,648000,648007.0,7.0,,,,3.4150943396226414,1.605263157894737,1,0.6493506493506493,3.102803738317757,0,2.0760869565217392,2,2,5,4
msg_370,node0,node1,317,654002,654002.0,0.0,,,,0.6493506493506493,3.138888888888889,1,2.2962962962962963,0.08108108108108109,0,2.1027027027027025,1,1,5,1
msg_371,node0,node2,317,654003,654003.0,0.0,,,,0.6451612903225806,3.138888888888889,3,3.314814814814815,0.16216216216216217,0,2.0970350404312668,3,3,5,3
msg_372,node0,node3,317,654003,654004.0,1.0,,,,0.6451612903225806,3.138888888888889,3,3.462962962962963,0.7142857142857143,0,2.0970350404312668,3,3,5,3
msg_373,node0,node4,317,654003,654004.0,1.0,,,,0.643312101910828,3.138888888888889,3,3.4814814814814814,1.605263157894737,0,2.0884718498659516,1,1,5,3
msg_374,node1,node0,316,660000,660002.0,2.0,,,,2.2962962962962963,0.07894736842105263,1,0.6455696202531646,3.138888888888889,0,2.085561497326203,4,4,5,4
msg_375,node2,node0,316,660000,660003.0,3.0,,,,3.314814814814815,0.15789473684210525,1,0.6455696202531646,3.138888888888889,0,2.085561497326203,4,4,5,4
msg_376,node3,node0,316,660000,660003.0,3.0,,,,3.462962962962963,0.7209302325581395,1,0.6455696202531646,3.13302752293578,0,2.0877659574468086,2,2,5,4
msg_377,node4,node0,316,660000,660003.0,3.0,,,,3.4814814814814814,1.5897435897435896,1,0.6455696202531646,3.132420091324201,0,2.090185676392573,1,1,5,4
msg_378,node0,node1,317,666002,666002.0,0.0,,,,0.6455696202531646,3.131818181818182,1,2.290909090909091,0.07894736842105263,0,2.0925925925925926,1,1,5,1
msg_379,node0,node4,317,666003,666004.0,1.0,,,,0.6415094339622641,3.131818181818182,1,3.4727272727272727,1.5897435897435896,0,2.0870712401055407,1,1,5,1
msg_380,node1,node0,316,672000,672007.0,7.0,,,,2.290909090909091,0.07692307692307693,1,0.64375,3.131818181818182,0,2.0842105263157893,4,4,5,4
msg_381,node2,node0,316,672000,672008.0,8.0,,,,3.309090909090909,0.15789473684210525,1,0.64375,3.131818181818182,0,2.0842105263157893,4,4,5,4
msg_382,node3,node0,316,672000,672008.0,8.0,,,,3.4545454545454546,0.7209302325581395,1,0.64375,3.171171171171171,0,2.112565445026178,2,2,5,4
msg_383,node4,node0,316,672000,672008.0,8.0,,,,3.4727272727272727,1.575,1,0.64375,3.192825112107623,0,2.1279373368146213,1,1,5,4
msg_384,node0,node3,317,678007,678007.0,0.0,,,,0.64375,3.2142857142857144,2,3.5357142857142856,0.7209302325581395,0,2.1432291666666665,2,2,5,2
msg_385,node0,node4,317,678007,678008.0,1.0,,,,0.64375,3.2142857142857144,2,3.5535714285714284,1.575,0,2.1432291666666665,2,2,5,2
msg_386,node1,node0,316,684000,684002.0,2.0,,,,2.375,0.07692307692307693,1,0.6419753086419753,3.2142857142857144,0,2.134715025906736,4,4,5,4
msg_387,node2,node0,316,684000,684003.0,3.0,,,,3.392857142857143,0.15789473684210525,1,0.6419753086419753,3.2142857142857144,0,2.134715025906736,4,4,5,4
msg_388,node3,node0,316,684000,684003.0,3.0,,,,3.5357142857142856,0.7045454545454546,1,0.6419753086419753,3.2079646017699117,0,2.13659793814433,2,2,5,4
msg_389,node4,node0,316,684000,684003.0,3.0,,,,3.5535714285714284,1.5609756097560976,1,0.6419753086419753,3.20704845814978,0,2.138817480719794,1,1,5,4
msg_390,node0,node1,317,690002,690002.0,0.0,,,,0.6419753086419753,3.206140350877193,1,2.3684210526315788,0.07692307692307693,0,2.141025641025641,1,1,5,1
msg_391,node0,node2,317,690003,690003.0,0.0,,,,0.6380368098159509,3.206140350877193,3,3.3859649122807016,0.15789473684210525,0,2.135549872122762,3,3,5,3
msg_392,node0,node3,317,690003,690004.0,1.0,,,,0.6341463414634146,3.206140350877193,3,3.526315789473684,0.7045454545454546,0,2.1301020408163267,2,2,5,3
msg_393,node0,node4,317,690003,690004.0,1.0,,,,0.6363636363636364,3.206140350877193,3,3.543859649122807,1.5609756097560976,0,2.127226463104326,1,1,5,3
msg_394,node1,node0,316,696000,696004.0,4.0,,,,2.3684210526315788,0.075,1,0.6385542168674698,3.206140350877193,0,2.1243654822335025,4,4,5,4
msg_395,node2,node0,316,696000,696005.0,5.0,,,,3.3859649122807016,0.15384615384615385,1,0.6385542168674698,3.206140350877193,0,2.1243654822335025,4,4,5,4
msg_396,node3,node0,316,696000,696005.0,5.0,,,,3.526315789473684,0.7111111111111111,1,0.6385542168674698,3.217391304347826,0,2.1363636363636362,2,2,5,4
msg_397,node4,node0,316,696000,696005.0,5.0,,,,3.543859649122807,1.5476190476190477,1,0.6385542168674698,3.225108225108225,0,2.1435768261964734,1,1,5,4
msg_398,node0,node1,317,702007,702007.0,0.0,,,,0.6385542168674698,3.2327586206896552,1,2.396551724137931,0.075,0,2.150753768844221,1,1,5,1
msg_399,node0,node2,317,702008,702008.0,0.0,,,,0.6347305389221557,3.2327586206896552,2,3.413793103448276,0.15384615384615385,0,2.145363408521303,2,2,5,2
msg_400,node0,node4,317,702008,702009.0,1.0,,,,0.6309523809523809,3.2327586206896552,2,3.5689655172413794,1.5476190476190477,0,2.14,1,1,5,2
msg_401,node1,node0,316,708000,708002.0,2.0,,,,2.396551724137931,0.07317073170731707,1,0.6331360946745562,3.2327586206896552,0,2.13715710723192,4,4,5,4
msg_402,node2,node0,316,708000,708003.0,3.0,,,,3.413793103448276,0.15,1,0.6331360946745562,3.2327586206896552,0,2.13715710723192,4,4,5,4
msg_403,node3,node0,316,708000,708003.0,3.0,,,,3.5517241379310347,0.7111111111111111,1,0.6331360946745562,3.2264957264957266,0,2.138957816377171,2,2,5,4
msg_404,node4,node0,316,708000,708003.0,3.0,,,,3.5689655172413794,1.5348837209302326,1,0.6331360946745562,3.225531914893617,0,2.141089108910891,1,1,5,4
msg_405,node0,node1,317,714002,714002.0,0.0,,,,0.6331360946745562,3.2245762711864407,1,2.389830508474576,0.07317073170731707,0,2.1432098765432097,1,1,5,1
msg_406,node0,node2,317,714003,714003.0,0.0,,,,0.6294117647058823,3.2245762711864407,3,3.406779661016949,0.15,0,2.1379310344827585,3,3,5,3
msg_407,node0,node3,317,714003,714004.0,1.0,,,,0.6294117647058823,3.2245762711864407,3,3.542372881355932,0.7111111111111111,0,2.1379310344827585,3,3,5,3
msg_408,node0,node4,317,714003,714004.0,1.0,,,,0.627906976744186,3.2245762711864407,3,3.559322033898305,1.5348837209302326,0,2.1299019607843137,1,1,5,3
msg_409,node1,node0,316,720000,720003.0,3.0,,,,2.389830508474576,0.07142857142857142,1,0.630057803468208,3.2245762711864407,0,2.1271393643031784,4,4,5,4
msg_410,node2,node0,316,720000,720004.0,4.0,,,,3.406779661016949,0.14634146341463414,1,0.630057803468208,3.2245762711864407,0,2.1271393643031784,4,4,5,4
msg_411,node3,node0,316,720000,720004.0,4.0,,,,3.542372881355932,0.717391304347826,1,0.630057803468208,3.226890756302521,0,2.1338199513381997,2,2,5,4
msg_412,node4,node0,316,720000,720004.0,4.0,,,,3.559322033898305,1.5227272727272727,1,0.630057803468208,3.226890756302521,0,2.1338199513381997,2,2,5,4
msg_413,node0,node1,317,726004,726004.0,0.0,,,,0.630057803468208,3.2333333333333334,1,2.4,0.07142857142857142,0,2.142857142857143,1,1,5,1
msg_414,node0,node3,317,726005,726005.0,0.0,,,,0.6264367816091954,3.2333333333333334,2,3.55,0.717391304347826,0,2.13768115942029,2,2,5,2
msg_415,node0,node4,317,726005,726006.0,1.0,,,,0.6228571428571429,3.2333333333333334,2,3.566666666666667,1.5227272727272727,0,2.1325301204819276,1,1,5,2
msg_416,node1,node0,316,732000,732002.0,2.0,,,,2.4,0.06976744186046512,1,0.625,3.2333333333333334,0,2.1298076923076925,4,4,5,4
msg_417,node2,node0,316,732000,732003.0,3.0,,,,3.4166666666666665,0.14634146341463414,1,0.625,3.228215767634855,0,2.129496402877698,3,3,5,4
msg_418,node3,node0,316,732000,732004.0,4.0,,,,3.55,0.7021276595744681,1,0.625,3.228215767634855,0,2.129496402877698,3,3,5,4
msg_419,node4,node0,316,732000,732004.0,4.0,,,,3.566666666666667,1.511111111111111,1,0.625,3.230452674897119,0,2.136038186157518,1,1,5,4
msg_420,node0,node1,317,738002,738002.0,0.0,,,,0.625,3.2336065573770494,1,2.3934426229508197,0.06976744186046512,0,2.1404761904761904,1,1,5,1
msg_421,node0,node2,317,738003,738003.0,0.0,,,,0.6214689265536724,3.2336065573770494,3,3.4098360655737703,0.14634146341463414,0,2.1353919239904986,3,3,5,3
msg_422,node0,node3,317,738003,738004.0,1.0,,,,0.6179775280898876,3.2336065573770494,3,3.557377049180328,0.7021276595744681,0,2.1303317535545023,2,2,5,3
msg_423,node0,node4,317,738003,738004.0,1.0,,,,0.6179775280898876,3.2336065573770494,3,3.5737704918032787,1.511111111111111,0,2.1303317535545023,2,2,5,3
msg_424,node1,node0,316,744000,744002.0,2.0,,,,2.3934426229508197,0.06818181818181818,1,0.6222222222222222,3.2336065573770494,0,2.125,4,4,5,4
msg_425,node2,node0,316,744000,744003.0,3.0,,,,3.4098360655737703,0.14285714285714285,1,0.6222222222222222,3.2336065573770494,0,2.125,4,4,5,4
msg_426,node3,node0,316,744000,744003.0,3.0,,,,3.557377049180328,0.7083333333333334,1,0.6222222222222222,3.227642276422764,0,2.1267605633802815,2,2,5,4
msg_427,node4,node0,316,744000,744003.0,3.0,,,,3.5737704918032787,1.5,1,0.6222222222222222,3.2267206477732793,0,2.128805620608899,1,1,5,4
msg_428,node0,node1,317,750003,750003.0,0.0,,,,0.6222222222222222,3.225806451612903,1,2.3870967741935485,0.06818181818181818,0,2.130841121495327,1,1,5,1
msg_429,node0,node2,317,750004,750004.0,0.0,,,,0.6187845303867403,3.225806451612903,2,3.403225806451613,0.14285714285714285,0,2.125874125874126,2,2,5,2
msg_430,node0,node4,317,750004,750005.0,1.0,,,,0.6153846153846154,3.225806451612903,2,3.564516129032258,1.5,0,2.1209302325581394,1,1,5,2
msg_431,node1,node0,316,756000,756007.0,7.0,,,,2.3870967741935485,0.06666666666666667,1,0.6174863387978142,3.225806451612903,0,2.1183294663573085,4,4,5,4
msg_432,node2,node0,316,756000,756008.0,8.0,,,,3.403225806451613,0.13953488372093023,1,0.6174863387978142,3.256,0,2.140877598152425,2,2,5,4
msg_433,node3,node0,316,756000,756008.0,8.0,,,,3.5483870967741935,0.7083333333333334,1,0.6174863387978142,3.2749003984063747,0,2.154377880184332,1,1,5,4
msg_434,node4,node0,316,756000,756007.0,7.0,,,,3.564516129032258,1.4893617021276595,1,0.6174863387978142,3.225806451612903,0,2.1183294663573085,4,4,5,4
msg_435,node0,node1,317,762002,762002.0,0.0,,,,0.6174863387978142,3.2936507936507935,1,2.4603174603174605,0.06666666666666667,0,2.167816091954023,1,1,5,1
msg_436,node0,node2,317,762003,762003.0,0.0,,,,0.6141304347826086,3.2936507936507935,1,3.4761904761904763,0.13953488372093023,0,2.1628440366972477,1,1,5,1
msg_437,node0,node3,317,762004,762004.0,0.0,,,,0.6108108108108108,3.2936507936507935,2,3.619047619047619,0.7083333333333334,0,2.1578947368421053,2,2,5,2
msg_438,node0,node4,317,762004,762006.0,2.0,,,,0.6108108108108108,3.2936507936507935,2,3.619047619047619,1.4893617021276595,0,2.1578947368421053,2,2,5,2
msg_439,node1,node0,316,768000,768003.0,3.0,,,,2.4603174603174605,0.06521739130434782,1,0.6149732620320856,3.2936507936507935,0,2.152619589977221,4,4,5,4
msg_440,node2,node0,316,768000,768004.0,4.0,,,,3.4761904761904763,0.13636363636363635,1,0.6149732620320856,3.2936507936507935,0,2.152619589977221,4,4,5,4
msg_441,node3,node0,316,768000,768004.0,4.0,,,,3.619047619047619,0.6938775510204082,1,0.6149732620320856,3.295275590551181,0,2.1587301587301586,2,2,5,4
msg_442,node4,node0,316,768000,768004.0,4.0,,,,3.619047619047619,1.5,1,0.6149732620320856,3.2980392156862743,0,2.16289592760181,1,1,5,4
msg_443,node0,node1,317,774002,774002.0,0.0,,,,0.6149732620320856,3.30078125,1,2.46875,0.06521739130434782,0,2.1670428893905194,1,1,5,1
msg_444,node0,node2,317,774003,774003.0,0.0,,,,0.6117021276595744,3.30078125,3,3.484375,0.13636363636363635,0,2.1621621621621623,3,3,5,3
msg_445,node0,node3,317,774003,774004.0,1.0,,,,0.6084656084656085,3.30078125,3,3.625,0.6938775510204082,0,2.157303370786517,2,2,5,3
msg_446,node0,node4,317,774003,774004.0,1.0,,,,0.6084656084656085,3.30078125,3,3.625,1.5,0,2.157303370786517,2,2,5,3
msg_447,node1,node0,316,780000,780003.0,3.0,,,,2.46875,0.06382978723404255,1,0.612565445026178,3.30078125,0,2.1521252796420582,4,4,5,4
msg_448,node2,node0,316,780000,780004.0,4.0,,,,3.484375,0.13333333333333333,1,0.612565445026178,3.299610894941634,0,2.154017857142857,3,3,5,4
msg_449,node3,node0,316,780000,780004.0,4.0,,,,3.625,0.7,1,0.612565445026178,3.302325581395349,0,2.1581291759465477,2,2,5,4
msg_450,node4,node0,316,780000,780004.0,4.0,,,,3.625,1.489795918367347,1,0.612565445026178,3.305019305019305,0,2.1622222222222223,1,1,5,4
msg_451,node0,node4,317,786007,786008.0,1.0,,,,0.609375,3.3076923076923075,2,3.6307692307692307,1.489795918367347,0,2.161504424778761,3,3,5,2
msg_452,node0,node1,317,786007,786007.0,0.0,,,,0.612565445026178,3.3076923076923075,2,2.476923076923077,0.06382978723404255,0,2.16629711751663,2,2,5,2
msg_453,node0,node2,317,786008,786009.0,1.0,,,,0.609375,3.3076923076923075,2,3.4923076923076923,0.13333333333333333,0,2.161504424778761,3,3,5,2
msg_454,node0,node3,317,786008,786010.0,2.0,,,,0.6134020618556701,3.3076923076923075,2,3.6307692307692307,0.7,0,2.156387665198238,1,1,5,2
msg_455,node1,node0,316,792000,792009.0,9.0,,,,2.476923076923077,0.0625,1,0.6205128205128205,3.3076923076923075,0,2.156043956043956,4,4,5,4
msg_456,node2,node0,316,792000,792010.0,10.0,,,,3.4923076923076923,0.15217391304347827,1,0.6205128205128205,3.351145038167939,0,2.185995623632385,2,2,5,4
msg_457,node3,node0,316,792000,792010.0,10.0,,,,3.6307692307692307,0.7254901960784313,1,0.6205128205128205,3.376425855513308,0,2.203056768558952,1,1,5,4
msg_458,node4,node0,316,792000,792009.0,9.0,,,,3.6307692307692307,1.48,1,0.6205128205128205,3.3076923076923075,0,2.156043956043956,4,4,5,4
msg_459,node0,node1,317,798003,798003.0,0.0,,,,0.6205128205128205,3.4015151515151514,1,2.5757575757575757,0.0625,0,2.2200435729847494,1,1,5,1
msg_460,node0,node2,317,798004,798004.0,0.0,,,,0.6173469387755102,3.4015151515151514,3,3.590909090909091,0.15217391304347827,0,2.215217391304348,3,3,5,3
msg_461,node0,node3,317,798004,798005.0,1.0,,,,0.6142131979695431,3.4015151515151514,3,3.727272727272727,0.7254901960784313,0,2.210412147505423,2,2,5,3
msg_462,node0,node4,317,798004,798005.0,1.0,,,,0.6142131979695431,3.4015151515151514,3,3.712121212121212,1.48,0,2.210412147505423,2,2,5,3
msg_463,node1,node0,316,804000,804010.0,10.0,,,,2.5757575757575757,0.061224489795918366,1,0.6180904522613065,3.4015151515151514,0,2.205183585313175,4,4,5,4
msg_464,node2,node0,316,804000,804011.0,11.0,,,,3.590909090909091,0.14893617021276595,1,0.6180904522613065,3.4015151515151514,0,2.205183585313175,4,4,5,4
msg_465,node3,node0,316,804000,804011.0,11.0,,,,3.727272727272727,0.7307692307692307,1,0.6180904522613065,3.454887218045113,0,2.2408602150537633,2,2,5,4
msg_466,node4,node0,316,804000,804011.0,11.0,,,,3.712121212121212,1.4705882352941178,1,0.6180904522613065,3.4831460674157304,0,2.259656652360515,1,1,5,4
msg_467,node0,node2,317,810004,810004.0,0.0,,,,0.6180904522613065,3.5111940298507465,2,3.701492537313433,0.14893617021276595,0,2.278372591006424,2,2,5,2
msg_468,node0,node4,317,810004,810005.0,1.0,,,,0.6180904522613065,3.5111940298507465,2,3.8208955223880596,1.4705882352941178,0,2.278372591006424,2,2,5,2
msg_469,node1,node0,316,816000,816003.0,3.0,,,,2.6865671641791047,0.061224489795918366,1,0.6169154228855721,3.5111940298507465,0,2.2707889125799574,4,4,5,4
msg_470,node2,node0,316,816000,816004.0,4.0,,,,3.701492537313433,0.14583333333333334,1,0.6169154228855721,3.509293680297398,0,2.272340425531915,3,3,5,4
msg_471,node3,node0,316,816000,816004.0,4.0,,,,3.8358208955223883,0.7307692307692307,1,0.6169154228855721,3.511111111111111,0,2.276008492569002,2,2,5,4
msg_472,node4,node0,316,816000,816004.0,4.0,,,,3.8208955223880596,1.4615384615384615,1,0.6169154228855721,3.5129151291512914,0,2.2796610169491527,1,1,5,4
msg_473,node0,node4,317,822009,822011.0,2.0,,,,0.6206896551724138,3.514705882352941,2,3.823529411764706,1.4615384615384615,0,2.2778947368421054,1,1,5,2
msg_474,node0,node1,317,822009,822010.0,1.0,,,,0.6169154228855721,3.514705882352941,2,2.6911764705882355,0.061224489795918366,0,2.2832980972515857,3,3,5,2
msg_475,node0,node3,317,822010,822011.0,1.0,,,,0.6169154228855721,3.514705882352941,1,3.838235294117647,0.7307692307692307,0,2.2832980972515857,3,3,5,1
msg_476,node1,node0,316,828000,828011.0,11.0,,,,2.6911764705882355,0.08,1,0.6274509803921569,3.565693430656934,0,2.311715481171548,2,2,5,4
msg_477,node2,node0,316,828000,828012.0,12.0,,,,3.7058823529411766,0.14583333333333334,1,0.6274509803921569,3.5927272727272728,0,2.3298538622129437,1,1,5,4
msg_478,node3,node0,316,828000,828010.0,10.0,,,,3.838235294117647,0.7358490566037735,1,0.6274509803921569,3.514705882352941,0,2.277310924369748,4,4,5,4
msg_479,node4,node0,316,828000,828011.0,11.0,,,,3.823529411764706,1.471698113207547,1,0.6274509803921569,3.514705882352941,0,2.277310924369748,4,4,5,4
msg_480,node0,node1,317,834010,834010.0,0.0,,,,0.6274509803921569,3.6231884057971016,1,2.8115942028985508,0.08,0,2.35,1,1,5,1
msg_481,node0,node3,317,834011,834011.0,0.0,,,,0.624390243902439,3.6231884057971016,2,3.927536231884058,0.7358490566037735,0,2.3451143451143452,2,2,5,2
msg_482,node0,node4,317,834011,834012.0,1.0,,,,0.6213592233009708,3.6231884057971016,2,3.927536231884058,1.471698113207547,0,2.340248962655602,1,1,5,2
msg_483,node1,node0,316,840000,840003.0,3.0,,,,2.8115942028985508,0.0784313725490196,1,0.6231884057971014,3.6231884057971016,0,2.3374741200828155,4,4,5,4
msg_484,node2,node0,316,840000,840004.0,4.0,,,,3.8260869565217392,0.14583333333333334,1,0.6231884057971014,3.6209386281588447,0,2.3388429752066116,3,3,5,4
msg_485,node3,node0,316,840000,840004.0,4.0,,,,3.927536231884058,0.7222222222222222,1,0.6231884057971014,3.6209386281588447,0,2.3388429752066116,3,3,5,4
msg_486,node4,node0,316,840000,840004.0,4.0,,,,3.927536231884058,1.462962962962963,1,0.6231884057971014,3.6236559139784945,0,2.345679012345679,1,1,5,4
msg_487,node0,node1,317,846003,846003.0,0.0,,,,0.6231884057971014,3.625,1,2.8142857142857145,0.0784313725490196,0,2.349075975359343,1,1,5,1
msg_488,node0,node2,317,846004,846004.0,0.0,,,,0.6201923076923077,3.625,3,3.8285714285714287,0.14583333333333334,0,2.3442622950819674,3,3,5,3
msg_489,node0,node3,317,846004,846005.0,1.0,,,,0.6172248803827751,3.625,3,3.9285714285714284,0.7222222222222222,0,2.339468302658487,2,2,5,3
msg_490,node0,node4,317,846004,846005.0,1.0,,,,0.6172248803827751,3.625,3,3.9285714285714284,1.462962962962963,0,2.339468302658487,2,2,5,3
msg_491,node1,node0,316,852000,852004.0,4.0,,,,2.8142857142857145,0.07692307692307693,1,0.6208530805687204,3.625,0,2.3340122199592668,4,4,5,4
msg_492,node2,node0,316,852000,852005.0,5.0,,,,3.8285714285714287,0.14285714285714285,1,0.6208530805687204,3.625,0,2.3340122199592668,4,4,5,4
msg_493,node3,node0,316,852000,852005.0,5.0,,,,3.9285714285714284,0.7272727272727273,1,0.6208530805687204,3.631205673758865,0,2.342799188640974,2,2,5,4
msg_494,node4,node0,316,852000,852005.0,5.0,,,,3.9285714285714284,1.4545454545454546,1,0.6208530805687204,3.636042402826855,0,2.348178137651822,1,1,5,4
msg_495,node0,node3,317,858010,858010.0,0.0,,,,0.6208530805687204,3.640845070422535,1,3.943661971830986,0.7272727272727273,0,2.3535353535353534,1,1,5,1
msg_496,node0,node4,317,858011,858012.0,1.0,,,,0.6179245283018868,3.640845070422535,1,3.943661971830986,1.4545454545454546,0,2.348790322580645,1,1,5,1
msg_497,node1,node0,316,864000,864008.0,8.0,,,,2.8309859154929575,0.07692307692307693,1,0.6197183098591549,3.640845070422535,0,2.346076458752515,4,4,5,4
msg_498,node2,node0,316,864000,864009.0,9.0,,,,3.8450704225352115,0.14285714285714285,1,0.6197183098591549,3.640845070422535,0,2.346076458752515,4,4,5,4
msg_499,node3,node0,316,864000,864009.0,9.0,,,,3.943661971830986,0.7142857142857143,1,0.6197183098591549,3.674825174825175,0,2.370741482965932,2,2,5,4
msg_500,node4,node0,316,864000,864009.0,9.0,,,,3.943661971830986,1.4464285714285714,1,0.6197183098591549,3.6933797909407664,0,2.384,1,1,5,4
msg_501,node0,node1,317,870003,870003.0,0.0,,,,0.6197183098591549,3.7118055555555554,1,2.9027777777777777,0.07692307692307693,0,2.3972055888223553,1,1,5,1
msg_502,node0,node2,317,870004,870004.0,0.0,,,,0.616822429906542,3.7118055555555554,2,3.9166666666666665,0.14285714285714285,0,2.3924302788844622,2,2,5,2
msg_503,node0,node4,317,870004,870005.0,1.0,,,,0.6139534883720931,3.7118055555555554,2,4.013888888888889,1.4464285714285714,0,2.3876739562624256,1,1,5,2
msg_504,node1,node0,316,876000,876009.0,9.0,,,,2.9027777777777777,0.07547169811320754,1,0.6157407407407407,3.7118055555555554,0,2.384920634920635,4,4,5,4
msg_505,node2,node0,316,876000,876010.0,10.0,,,,3.9166666666666665,0.14,1,0.6157407407407407,3.7118055555555554,0,2.384920634920635,4,4,5,4
msg_506,node3,node0,316,876000,876010.0,10.0,,,,4.013888888888889,0.7142857142857143,1,0.6157407407407407,3.7517241379310344,0,2.4130434782608696,2,2,5,4
msg_507,node4,node0,316,876000,876010.0,10.0,,,,4.013888888888889,1.4385964912280702,1,0.6157407407407407,3.7731958762886597,0,2.4280078895463513,1,1,5,4
msg_508,node0,node3,317,882005,882005.0,0.0,,,,0.6157407407407407,3.7945205479452055,2,4.095890410958904,0.7142857142857143,0,2.4429133858267718,2,2,5,2
msg_509,node0,node4,317,882005,882006.0,1.0,,,,0.6157407407407407,3.7945205479452055,2,4.095890410958904,1.4385964912280702,0,2.4429133858267718,2,2,5,2
msg_510,node1,node0,316,888000,888003.0,3.0,,,,2.9863013698630136,0.07547169811320754,1,0.6146788990825688,3.7945205479452055,0,2.4352941176470586,4,4,5,4
msg_511,node2,node0,316,888000,888004.0,4.0,,,,4.0,0.14,1,0.6146788990825688,3.7945205479452055,0,2.4352941176470586,4,4,5,4
msg_512,node3,node0,316,888000,888005.0,5.0,,,,4.095890410958904,0.7017543859649122,1,0.6146788990825688,3.792517006802721,0,2.439453125,2,2,5,4
msg_513,node4,node0,316,888000,888005.0,5.0,,,,4.095890410958904,1.4310344827586208,1,0.6146788990825688,3.7966101694915255,0,2.4444444444444446,1,1,5,4
msg_514,node0,node1,317,894008,894008.0,0.0,,,,0.6146788990825688,3.800675675675676,1,2.9864864864864864,0.07547169811320754,0,2.4494163424124515,1,1,5,1
msg_515,node0,node2,317,894009,894009.0,0.0,,,,0.6118721461187214,3.800675675675676,3,4.0,0.14,0,2.4446601941747574,3,3,5,3
msg_516,node0,node3,317,894009,894010.0,1.0,,,,0.6090909090909091,3.800675675675676,3,4.108108108108108,0.7017543859649122,0,2.439922480620155,2,2,5,3
msg_517,node0,node4,317,894009,894010.0,1.0,,,,0.6090909090909091,3.800675675675676,3,4.108108108108108,1.4310344827586208,0,2.439922480620155,2,2,5,3
msg_518,node1,node0,316,900000,900004.0,4.0,,,,2.9864864864864864,0.07407407407407407,1,0.6126126126126126,3.800675675675676,0,2.4343629343629343,4,4,5,4
msg_519,node2,node0,316,900000,900005.0,5.0,,,,4.0,0.13725490196078433,1,0.6126126126126126,3.800675675675676,0,2.4343629343629343,4,4,5,4
msg_520,node3,node0,316,900000,900005.0,5.0,,,,4.108108108108108,0.7068965517241379,1,0.6126126126126126,3.8053691275167787,0,2.4423076923076925,2,2,5,4
msg_521,node4,node0,316,900000,900005.0,5.0,,,,4.108108108108108,1.423728813559322,1,0.6126126126126126,3.809364548494983,0,2.44721689059501,1,1,5,4
msg_522,node0,node1,317,906009,906009.0,0.0,,,,0.6126126126126126,3.8133333333333335,1,3.0,0.07407407407407407,0,2.4521072796934864,1,1,5,1
msg_523,node0,node2,317,906010,906010.0,0.0,,,,0.6098654708520179,3.8133333333333335,3,4.013333333333334,0.13725490196078433,0,2.447418738049713,3,3,5,3
msg_524,node0,node3,317,906010,906011.0,1.0,,,,0.6098654708520179,3.8133333333333335,3,4.12,0.7068965517241379,0,2.447418738049713,3,3,5,3
msg_525,node0,node4,317,906010,906011.0,1.0,,,,0.6088888888888889,3.8133333333333335,3,4.12,1.423728813559322,0,2.44,1,1,5,3
msg_526,node1,node0,316,912000,912009.0,9.0,,,,3.0,0.07272727272727272,1,0.6106194690265486,3.8133333333333335,0,2.4372623574144487,4,4,5,4
msg_527,node2,node0,316,912000,912010.0,10.0,,,,4.013333333333334,0.1346153846153846,1,0.6106194690265486,3.8133333333333335,0,2.4372623574144487,4,4,5,4
msg_528,node3,node0,316,912000,912010.0,10.0,,,,4.12,0.711864406779661,1,0.6106194690265486,3.8509933774834435,0,2.4640151515151514,2,2,5,4
msg_529,node4,node0,316,912000,912010.0,10.0,,,,4.12,1.4166666666666667,1,0.6106194690265486,3.871287128712871,0,2.4782608695652173,1,1,5,4
msg_530,node0,node1,317,918003,918003.0,0.0,,,,0.6106194690265486,3.8914473684210527,1,3.0789473684210527,0.07272727272727272,0,2.4924528301886792,1,1,5,1
msg_531,node0,node2,317,918004,918004.0,0.0,,,,0.6079295154185022,3.8914473684210527,1,4.092105263157895,0.1346153846153846,0,2.487758945386064,1,1,5,1
msg_532,node0,node3,317,918005,918005.0,0.0,,,,0.6052631578947368,3.8914473684210527,2,4.197368421052632,0.711864406779661,0,2.4830827067669174,2,2,5,2
msg_533,node0,node4,317,918005,918006.0,1.0,,,,0.6052631578947368,3.8914473684210527,2,4.197368421052632,1.4166666666666667,0,2.4830827067669174,2,2,5,2
msg_534,node1,node0,316,924000,924004.0,4.0,,,,3.0789473684210527,0.07142857142857142,1,0.6043478260869565,3.8914473684210527,0,2.4756554307116105,4,4,5,4
msg_535,node2,node0,316,924000,924005.0,5.0,,,,4.092105263157895,0.1320754716981132,1,0.6043478260869565,3.8914473684210527,0,2.4756554307116105,4,4,5,4
msg_536,node3,node0,316,924000,924005.0,5.0,,,,4.197368421052632,0.7,1,0.6043478260869565,3.895424836601307,0,2.4832089552238807,2,2,5,4
msg_537,node4,node0,316,924000,924005.0,5.0,,,,4.197368421052632,1.4098360655737705,1,0.6043478260869565,3.8990228013029316,0,2.4878957169459963,1,1,5,4
msg_538,node0,node1,317,930004,930004.0,0.0,,,,0.6043478260869565,3.9025974025974026,1,3.090909090909091,0.07142857142857142,0,2.492565055762082,1,1,5,1
msg_539,node0,node2,317,930005,930005.0,0.0,,,,0.6017316017316018,3.9025974025974026,3,4.103896103896104,0.1320754716981132,0,2.4879406307977736,3,3,5,3
msg_540,node0,node3,317,930005,930006.0,1.0,,,,0.6017316017316018,3.9025974025974026,3,4.207792207792208,0.7,0,2.4879406307977736,3,3,5,3
msg_541,node0,node4,317,930005,930006.0,1.0,,,,0.6008583690987125,3.9025974025974026,3,4.207792207792208,1.4098360655737705,0,2.4805914972273566,1,1,5,3
msg_542,node1,node0,316,936000,936004.0,4.0,,,,3.090909090909091,0.07017543859649122,1,0.6025641025641025,3.9025974025974026,0,2.477859778597786,4,4,5,4
msg_543,node2,node0,316,936000,936005.0,5.0,,,,4.103896103896104,0.12962962962962962,1,0.6025641025641025,3.9025974025974026,0,2.477859778597786,4,4,5,4
msg_544,node3,node0,316,936000,936005.0,5.0,,,,4.207792207792208,0.7049180327868853,1,0.6025641025641025,3.9064516129032256,0,2.485294117647059,2,2,5,4
msg_545,node4,node0,316,936000,936005.0,5.0,,,,4.207792207792208,1.403225806451613,1,0.6025641025641025,3.909967845659164,0,2.489908256880734,1,1,5,4
msg_546,node0,node2,317,942010,942010.0,0.0,,,,0.6025641025641025,3.9134615384615383,1,4.115384615384615,0.12962962962962962,0,2.4945054945054945,1,1,5,1
msg_547,node1,node0,316,948000,948012.0,12.0,,,,3.1025641025641026,0.07017543859649122,1,0.6,3.9134615384615383,0,2.489945155393053,4,4,5,4
msg_548,node2,node0,316,948000,948013.0,13.0,,,,4.115384615384615,0.12727272727272726,1,0.6,3.9134615384615383,0,2.489945155393053,4,4,5,4
msg_549,node3,node0,316,948000,948013.0,13.0,,,,4.217948717948718,0.7049180327868853,1,0.6,3.968152866242038,0,2.5264116575591986,2,2,5,4
msg_550,node4,node0,316,948000,948013.0,13.0,,,,4.217948717948718,1.403225806451613,1,0.6,3.996825396825397,0,2.5454545454545454,1,1,5,4
msg_551,node0,node1,317,954004,954004.0,0.0,,,,0.6,4.025316455696203,1,3.2151898734177213,0.07017543859649122,0,2.5644283121597096,1,1,5,1
msg_552,node0,node2,317,954005,954005.0,0.0,,,,0.597457627118644,4.025316455696203,3,4.227848101265823,0.12727272727272726,0,2.5597826086956523,3,3,5,3
msg_553,node0,node3,317,954005,954006.0,1.0,,,,0.597457627118644,4.025316455696203,3,4.329113924050633,0.7049180327868853,0,2.5597826086956523,3,3,5,3
msg_554,node0,node4,317,954005,954006.0,1.0,,,,0.5966386554621849,4.025316455696203,3,4.329113924050633,1.403225806451613,0,2.5523465703971118,1,1,5,3
msg_555,node1,node0,316,960000,960004.0,4.0,,,,3.2151898734177213,0.06896551724137931,1,0.5983263598326359,4.025316455696203,0,2.5495495495495497,4,4,5,4
msg_556,node2,node0,316,960000,960005.0,5.0,,,,4.227848101265823,0.125,1,0.5983263598326359,4.025236593059937,0,2.552158273381295,3,3,5,4
msg_557,node3,node0,316,960000,960005.0,5.0,,,,4.329113924050633,0.7096774193548387,1,0.5983263598326359,4.025236593059937,0,2.552158273381295,3,3,5,4
msg_558,node4,node0,316,960000,960005.0,5.0,,,,4.329113924050633,1.3968253968253967,1,0.5983263598326359,4.031347962382445,0,2.560931899641577,1,1,5,4
msg_559,node0,node1,317,966004,966004.0,0.0,,,,0.5983263598326359,4.034375,1,3.225,0.06896551724137931,0,2.565295169946333,1,1,5,1
msg_560,node0,node4,317,966005,966006.0,1.0,,,,0.5958333333333333,4.034375,1,4.3375,1.3968253968253967,0,2.5607142857142855,1,1,5,1
msg_561,node1,node0,316,972000,972007.0,7.0,,,,3.225,0.06779661016949153,1,0.5975103734439834,4.034375,0,2.557932263814617,4,4,5,4
msg_562,node2,node0,316,972000,972008.0,8.0,,,,4.2375,0.125,1,0.5975103734439834,4.034375,0,2.557932263814617,4,4,5,4
msg_563,node3,node0,316,972000,972008.0,8.0,,,,4.3375,0.7096774193548387,1,0.5975103734439834,4.055900621118012,0,2.575488454706927,2,2,5,4
msg_564,node4,node0,316,972000,972008.0,8.0,,,,4.3375,1.390625,1,0.5975103734439834,4.068111455108359,0,2.5851063829787235,1,1,5,4
msg_565,node0,node3,317,978013,978013.0,0.0,,,,0.5975103734439834,4.080246913580247,2,4.382716049382716,0.7096774193548387,0,2.594690265486726,2,2,5,2
msg_566,node0,node4,317,978013,978014.0,1.0,,,,0.5975103734439834,4.080246913580247,2,4.382716049382716,1.390625,0,2.594690265486726,2,2,5,2
msg_567,node1,node0,316,984000,984004.0,4.0,,,,3.271604938271605,0.06779661016949153,1,0.5967078189300411,4.080246913580247,0,2.5873015873015874,4,4,5,4
msg_568,node2,node0,316,984000,984005.0,5.0,,,,4.283950617283951,0.125,1,0.5967078189300411,4.080246913580247,0,2.5873015873015874,4,4,5,4
msg_569,node3,node0,316,984000,984005.0,5.0,,,,4.382716049382716,0.6984126984126984,1,0.5967078189300411,4.08282208588957,0,2.59402460456942,2,2,5,4
msg_570,node4,node0,316,984000,984005.0,5.0,,,,4.382716049382716,1.3846153846153846,1,0.5967078189300411,4.085626911314985,0,2.5982456140350876,1,1,5,4
msg_571,node0,node1,317,990004,990004.0,0.0,,,,0.5967078189300411,4.088414634146342,1,3.2804878048780486,0.06779661016949153,0,2.6024518388791593,1,1,5,1
msg_572,node0,node2,317,990005,990005.0,0.0,,,,0.5942622950819673,4.088414634146342,3,4.2926829268292686,0.125,0,2.597902097902098,3,3,5,3
msg_573,node0,node3,317,990005,990006.0,1.0,,,,0.5942622950819673,4.088414634146342,3,4.390243902439025,0.6984126984126984,0,2.597902097902098,3,3,5,3
msg_574,node0,node4,317,990005,990006.0,1.0,,,,0.5934959349593496,4.088414634146342,3,4.390243902439025,1.3846153846153846,0,2.5905923344947737,1,1,5,3
msg_575,node1,node0,316,996000,996004.0,4.0,,,,3.2804878048780486,0.06666666666666667,1,0.5951417004048583,4.088414634146342,0,2.5878260869565217,4,4,5,4
msg_576,node2,node0,316,996000,996005.0,5.0,,,,4.2926829268292686,0.12280701754385964,1,0.5951417004048583,4.088414634146342,0,2.5878260869565217,4,4,5,4
msg_577,node3,node0,316,996000,996005.0,5.0,,,,4.390243902439025,0.703125,1,0.5951417004048583,4.090909090909091,0,2.5944540727902945,2,2,5,4
msg_578,node4,node0,316,996000,996005.0,5.0,,,,4.390243902439025,1.378787878787879,1,0.5951417004048583,4.093655589123867,0,2.5986159169550174,1,1,5,4
msg_579,node0,node1,317,1002007,1002007.0,0.0,,,,0.5951417004048583,4.096385542168675,1,3.289156626506024,0.06666666666666667,0,2.602763385146805,1,1,5,1
msg_580,node0,node3,317,1002008,1002008.0,0.0,,,,0.592741935483871,4.096385542168675,2,4.397590361445783,0.703125,0,2.5982758620689657,2,2,5,2
msg_581,node0,node4,317,1002008,1002009.0,1.0,,,,0.592741935483871,4.096385542168675,2,4.397590361445783,1.378787878787879,0,2.5982758620689657,2,2,5,2
msg_582,node1,node0,316,1008000,1008004.0,4.0,,,,3.289156626506024,0.06557377049180328,1,0.592,4.096385542168675,0,2.59106529209622,4,4,5,4
msg_583,node2,node0,316,1008000,1008005.0,5.0,,,,4.301204819277109,0.12280701754385964,1,0.592,4.096385542168675,0,2.59106529209622,4,4,5,4
msg_584,node3,node0,316,1008000,1008005.0,5.0,,,,4.397590361445783,0.6923076923076923,1,0.592,4.098802395209581,0,2.5976027397260273,2,2,5,4
msg_585,node4,node0,316,1008000,1008005.0,5.0,,,,4.397590361445783,1.373134328358209,1,0.592,4.101492537313433,0,2.601709401709402,1,1,5,4
msg_586,node0,node1,317,1014004,1014004.0,0.0,,,,0.592,4.104166666666667,1,3.2976190476190474,0.06557377049180328,0,2.60580204778157,1,1,5,1
msg_587,node0,node3,317,1014005,1014005.0,0.0,,,,0.5896414342629482,4.104166666666667,2,4.404761904761905,0.6923076923076923,0,2.6013628620102214,2,2,5,2
msg_588,node0,node4,317,1014005,1014006.0,1.0,,,,0.5896414342629482,4.104166666666667,2,4.404761904761905,1.373134328358209,0,2.6013628620102214,2,2,5,2
msg_589,node1,node0,316,1020000,1020004.0,4.0,,,,3.2976190476190474,0.06451612903225806,1,0.5889328063241107,4.104166666666667,0,2.5942275042444822,4,4,5,4
msg_590,node2,node0,316,1020000,1020005.0,5.0,,,,4.309523809523809,0.12280701754385964,1,0.5889328063241107,4.104166666666667,0,2.5942275042444822,4,4,5,4
msg_591,node3,node0,316,1020000,1020005.0,5.0,,,,4.404761904761905,0.6818181818181818,1,0.5889328063241107,4.106508875739645,0,2.6006768189509306,2,2,5,4
msg_592,node4,node0,316,1020000,1020006.0,6.0,,,,4.404761904761905,1.3676470588235294,1,0.5889328063241107,4.109144542772861,0,2.60472972972973,1,1,5,4
msg_593,node0,node2,317,1026005,1026006.0,1.0,,,,0.5889328063241107,4.114705882352941,2,4.317647058823529,0.12280701754385964,0,2.6104553119730185,2,2,5,2
msg_594,node0,node4,317,1026005,1026007.0,2.0,,,,0.5889328063241107,4.114705882352941,2,4.423529411764706,1.3676470588235294,0,2.6104553119730185,2,2,5,2
msg_595,node1,node0,316,1032000,1032005.0,5.0,,,,3.3058823529411763,0.06451612903225806,1,0.596078431372549,4.114705882352941,0,2.6067226890756303,4,4,5,4
msg_596,node2,node0,316,1032000,1032006.0,6.0,,,,4.317647058823529,0.13793103448275862,1,0.596078431372549,4.114705882352941,0,2.6067226890756303,4,4,5,4
msg_597,node3,node0,316,1032000,1032006.0,6.0,,,,4.411764705882353,0.6818181818181818,1,0.596078431372549,4.12280701754386,0,2.6164154103852595,2,2,5,4
msg_598,node4,node0,316,1032000,1032006.0,6.0,,,,4.423529411764706,1.3768115942028984,1,0.596078431372549,4.128279883381924,0,2.6220735785953178,1,1,5,4
msg_599,node0,node1,317,1038003,1038003.0,0.0,,,,0.596078431372549,4.133720930232558,1,3.3255813953488373,0.06451612903225806,0,2.62771285475793,1,1,5,1
msg_600,node0,node2,317,1038005,1038006.0,1.0,,,,0.59375,4.133720930232558,3,4.337209302325581,0.13793103448275862,0,2.6233333333333335,3,3,5,3
msg_601,node0,node3,317,1038005,1038007.0,2.0,,,,0.59375,4.133720930232558,3,4.430232558139535,0.6818181818181818,0,2.6233333333333335,3,3,5,3
msg_602,node0,node4,317,1038005,1038007.0,2.0,,,,0.6007751937984496,4.133720930232558,3,4.441860465116279,1.3768115942028984,0,2.6196013289036544,1,1,5,3
msg_603,node1,node0,316,1044000,1044005.0,5.0,,,,3.3255813953488373,0.06349206349206349,1,0.6061776061776062,4.133720930232558,0,2.6185737976782755,4,4,5,4
msg_604,node2,node0,316,1044000,1044006.0,6.0,,,,4.337209302325581,0.15254237288135594,1,0.6061776061776062,4.136231884057971,0,2.622516556291391,3,3,5,4
msg_605,node3,node0,316,1044000,1044006.0,6.0,,,,4.430232558139535,0.7014925373134329,1,0.6061776061776062,4.136231884057971,0,2.622516556291391,3,3,5,4
msg_606,node4,node0,316,1044000,1044006.0,6.0,,,,4.441860465116279,1.3857142857142857,1,0.6061776061776062,4.1469740634005765,0,2.633663366336634,1,1,5,4
msg_607,node0,node1,317,1050004,1050004.0,0.0,,,,0.6061776061776062,4.152298850574713,1,3.3448275862068964,0.06349206349206349,0,2.639209225700165,1,1,5,1
msg_608,node0,node2,317,1050005,1050005.0,0.0,,,,0.6038461538461538,4.152298850574713,1,4.35632183908046,0.15254237288135594,0,2.6348684210526314,1,1,5,1
msg_609,node0,node4,317,1050005,1050007.0,2.0,,,,0.6015325670498084,4.152298850574713,2,4.459770114942529,1.3857142857142857,0,2.6305418719211824,1,1,5,2
msg_610,node1,node0,316,1056000,1056005.0,5.0,,,,3.3448275862068964,0.0625,1,0.6068702290076335,4.152298850574713,0,2.6295081967213116,4,4,5,4
msg_611,node2,node0,316,1056000,1056006.0,6.0,,,,4.35632183908046,0.15,1,0.6068702290076335,4.154727793696275,0,2.6333878887070377,3,3,5,4
msg_612,node3,node0,316,1056000,1056007.0,7.0,,,,4.448275862068965,0.7014925373134329,1,0.6068702290076335,4.16,0,2.638888888888889,2,2,5,4
msg_613,node4,node0,316,1056000,1056007.0,7.0,,,,4.459770114942529,1.3943661971830985,1,0.6068702290076335,4.168091168091168,0,2.6460032626427408,1,1,5,4
msg_614,node0,node1,317,1062005,1062005.0,0.0,,,,0.6068702290076335,4.176136363636363,1,3.3636363636363638,0.0625,0,2.6530944625407167,1,1,5,1
msg_615,node0,node2,317,1062006,1062006.0,0.0,,,,0.6045627376425855,4.176136363636363,3,4.375,0.15,0,2.648780487804878,3,3,5,3
msg_616,node0,node3,317,1062006,1062007.0,1.0,,,,0.6045627376425855,4.176136363636363,3,4.4772727272727275,0.7014925373134329,0,2.648780487804878,3,3,5,3
msg_617,node0,node4,317,1062006,1062007.0,1.0,,,,0.6037735849056604,4.176136363636363,3,4.488636363636363,1.3943661971830985,0,2.641815235008104,1,1,5,3
msg_618,node1,node0,316,1068000,1068005.0,5.0,,,,3.3636363636363638,0.06153846153846154,1,0.6052631578947368,4.176136363636363,0,2.6391585760517797,4,4,5,4
msg_619,node2,node0,316,1068000,1068006.0,6.0,,,,4.375,0.14754098360655737,1,0.6052631578947368,4.176136363636363,0,2.6391585760517797,4,4,5,4
msg_620,node3,node0,316,1068000,1068006.0,6.0,,,,4.4772727272727275,0.7058823529411765,1,0.6052631578947368,4.18361581920904,0,2.6483870967741936,2,2,5,4
msg_621,node4,node0,316,1068000,1068006.0,6.0,,,,4.488636363636363,1.3888888888888888,1,0.6052631578947368,4.188732394366197,0,2.65378421900161,1,1,5,4
msg_622,node0,node2,317,1074006,1074006.0,0.0,,,,0.6052631578947368,4.193820224719101,3,4.393258426966292,0.14754098360655737,0,2.6591639871382635,3,3,5,3
msg_623,node0,node3,317,1074006,1074007.0,1.0,,,,0.6052631578947368,4.193820224719101,3,4.49438202247191,0.7058823529411765,0,2.6591639871382635,3,3,5,3
msg_624,node0,node4,317,1074006,1074008.0,2.0,,,,0.6044776119402985,4.193820224719101,3,4.50561797752809,1.3888888888888888,0,2.65224358974359,1,1,5,3
msg_625,node1,node0,316,1080000,1080005.0,5.0,,,,3.3820224719101124,0.06153846153846154,1,0.6096654275092936,4.193820224719101,0,2.6512,4,4,5,4
msg_626,node2,node0,316,1080000,1080006.0,6.0,,,,4.393258426966292,0.14516129032258066,1,0.6096654275092936,4.193820224719101,0,2.6512,4,4,5,4
msg_627,node3,node0,316,1080000,1080006.0,6.0,,,,4.49438202247191,0.7101449275362319,1,0.6096654275092936,4.201117318435754,0,2.660287081339713,2,2,5,4
msg_628,node4,node0,316,1080000,1080006.0,6.0,,,,4.50561797752809,1.3972602739726028,1,0.6096654275092936,4.206128133704736,0,2.6656050955414012,1,1,5,4
msg_629,node0,node1,317,1086005,1086005.0,0.0,,,,0.6096654275092936,4.211111111111111,1,3.4,0.06153846153846154,0,2.670906200317965,1,1,5,1
msg_630,node0,node2,317,1086006,1086006.0,0.0,,,,0.6074074074074074,4.211111111111111,1,4.411111111111111,0.14516129032258066,0,2.6666666666666665,1,1,5,1
msg_631,node0,node4,317,1086007,1086008.0,1.0,,,,0.6051660516605166,4.211111111111111,1,4.522222222222222,1.3972602739726028,0,2.662440570522979,1,1,5,1
msg_632,node1,node0,316,1092000,1092014.0,14.0,,,,3.4,0.06060606060606061,1,0.6066176470588235,4.211111111111111,0,2.6598101265822787,4,4,5,4
msg_633,node2,node0,316,1092000,1092015.0,15.0,,,,4.411111111111111,0.14285714285714285,1,0.6066176470588235,4.238227146814404,0,2.677725118483412,3,3,5,4
msg_634,node3,node0,316,1092000,1092015.0,15.0,,,,4.511111111111111,0.7101449275362319,1,0.6066176470588235,4.267955801104972,0,2.697160883280757,2,2,5,4
msg_635,node4,node0,316,1092000,1092015.0,15.0,,,,4.522222222222222,1.3918918918918919,1,0.6066176470588235,4.297520661157025,0,2.716535433070866,1,1,5,4
msg_636,node0,node2,317,1098006,1098006.0,0.0,,,,0.6066176470588235,4.326923076923077,3,4.527472527472527,0.14285714285714285,0,2.7358490566037736,3,3,5,3
msg_637,node0,node3,317,1098006,1098007.0,1.0,,,,0.6066176470588235,4.326923076923077,3,4.626373626373627,0.7101449275362319,0,2.7358490566037736,3,3,5,3
msg_638,node0,node4,317,1098006,1098007.0,1.0,,,,0.6058394160583942,4.326923076923077,3,4.637362637362638,1.3918918918918919,0,2.7288401253918497,1,1,5,3
msg_639,node1,node0,316,1104000,1104005.0,5.0,,,,3.5164835164835164,0.06060606060606061,1,0.6072727272727273,4.326923076923077,0,2.7261345852895147,4,4,5,4
msg_640,node2,node0,316,1104000,1104006.0,6.0,,,,4.527472527472527,0.140625,1,0.6072727272727273,4.326923076923077,0,2.7261345852895147,4,4,5,4
msg_641,node3,node0,316,1104000,1104006.0,6.0,,,,4.626373626373627,0.7142857142857143,1,0.6072727272727273,4.333333333333333,0,2.734789391575663,2,2,5,4
msg_642,node4,node0,316,1104000,1104006.0,6.0,,,,4.637362637362638,1.3866666666666667,1,0.6072727272727273,4.337874659400545,0,2.7398753894080996,1,1,5,4
msg_643,node0,node1,317,1110005,1110005.0,0.0,,,,0.6072727272727273,4.342391304347826,1,3.532608695652174,0.06060606060606061,0,2.744945567651633,1,1,5,1
msg_644,node0,node3,317,1110006,1110006.0,0.0,,,,0.605072463768116,4.342391304347826,1,4.641304347826087,0.7142857142857143,0,2.7406832298136647,1,1,5,1
msg_645,node1,node0,316,1116000,1116008.0,8.0,,,,3.532608695652174,0.05970149253731343,1,0.6028880866425993,4.35230352303523,0,2.7445820433436534,3,3,5,4
msg_646,node2,node0,316,1116000,1116009.0,9.0,,,,4.543478260869565,0.140625,1,0.6028880866425993,4.3621621621621625,0,2.7527047913446676,2,2,5,4
msg_647,node3,node0,316,1116000,1116009.0,9.0,,,,4.641304347826087,0.704225352112676,1,0.6028880866425993,4.37466307277628,0,2.7623456790123457,1,1,5,4
msg_648,node4,node0,316,1116000,1116008.0,8.0,,,,4.6521739130434785,1.3866666666666667,1,0.6028880866425993,4.342391304347826,0,2.7364341085271318,4,4,5,4
msg_649,node0,node2,317,1122015,1122015.0,0.0,,,,0.6028880866425993,4.387096774193548,3,4.591397849462366,0.140625,0,2.7719568567026194,3,3,5,3
msg_650,node0,node3,317,1122015,1122016.0,1.0,,,,0.6007194244604317,4.387096774193548,3,4.688172043010753,0.704225352112676,0,2.767692307692308,2,2,5,3
msg_651,node0,node4,317,1122015,1122016.0,1.0,,,,0.6007194244604317,4.387096774193548,3,4.688172043010753,1.3866666666666667,0,2.767692307692308,2,2,5,3
msg_652,node1,node0,316,1128000,1128007.0,7.0,,,,3.5806451612903225,0.05970149253731343,1,0.6035714285714285,4.387096774193548,0,2.7622699386503067,4,4,5,4
msg_653,node2,node0,316,1128000,1128008.0,8.0,,,,4.591397849462366,0.13846153846153847,1,0.6035714285714285,4.394101876675603,0,2.768759571209801,3,3,5,4
msg_654,node3,node0,316,1128000,1128008.0,8.0,,,,4.688172043010753,0.7083333333333334,1,0.6035714285714285,4.403743315508021,0,2.776758409785933,2,2,5,4
msg_655,node4,node0,316,1128000,1128008.0,8.0,,,,4.688172043010753,1.381578947368421,1,0.6035714285714285,4.413333333333333,0,2.784732824427481,1,1,5,4
msg_656,node0,node1,317,1134005,1134005.0,0.0,,,,0.6035714285714285,4.422872340425532,1,3.617021276595745,0.05970149253731343,0,2.792682926829268,1,1,5,1
msg_657,node0,node2,317,1134006,1134006.0,0.0,,,,0.6014234875444839,4.422872340425532,2,4.627659574468085,0.13846153846153847,0,2.7884322678843225,2,2,5,2
msg_658,node0,node3,317,1134006,1134007.0,1.0,,,,0.599290780141844,4.422872340425532,2,4.723404255319149,0.7083333333333334,0,2.7841945288753798,1,1,5,2
msg_659,node1,node0,316,1140000,1140013.0,13.0,,,,3.617021276595745,0.058823529411764705,1,0.6007067137809188,4.445623342175066,0,2.796969696969697,3,3,5,4
msg_660,node2,node0,316,1140000,1140014.0,14.0,,,,4.627659574468085,0.13636363636363635,1,0.6007067137809188,4.468253968253968,0,2.8124054462934946,2,2,5,4
msg_661,node3,node0,316,1140000,1140014.0,14.0,,,,4.723404255319149,0.7123287671232876,1,0.6007067137809188,4.493403693931398,0,2.8293051359516617,1,1,5,4
msg_662,node4,node0,316,1140000,1140013.0,13.0,,,,4.723404255319149,1.381578947368421,1,0.6007067137809188,4.422872340425532,0,2.7814871016691955,4,4,5,4
msg_663,node0,node4,317,1146008,1146009.0,1.0,,,,0.6007067137809188,4.518421052631579,1,4.810526315789474,1.381578947368421,0,2.8461538461538463,3,3,5,1
msg_664,node0,node2,317,1146009,1146010.0,1.0,,,,0.602112676056338,4.518421052631579,2,4.726315789473684,0.13636363636363635,0,2.8433734939759034,2,2,5,2
msg_665,node0,node3,317,1146009,1146011.0,2.0,,,,0.602112676056338,4.518421052631579,2,4.821052631578947,0.7123287671232876,0,2.8433734939759034,2,2,5,2
msg_666,node1,node0,316,1152000,1152006.0,6.0,,,,3.7157894736842105,0.058823529411764705,1,0.6083916083916084,4.518421052631579,0,2.839339339339339,4,4,5,4
msg_667,node2,node0,316,1152000,1152007.0,7.0,,,,4.726315789473684,0.14925373134328357,1,0.6083916083916084,4.5223097112860895,0,2.84407796101949,3,3,5,4
msg_668,node3,node0,316,1152000,1152007.0,7.0,,,,4.821052631578947,0.7297297297297297,1,0.6083916083916084,4.528795811518324,0,2.8502994011976046,2,2,5,4
msg_669,node4,node0,316,1152000,1152007.0,7.0,,,,4.810526315789474,1.3766233766233766,1,0.6083916083916084,4.528795811518324,0,2.8502994011976046,2,2,5,4
msg_670,node0,node1,317,1158007,1158007.0,0.0,,,,0.6083916083916084,4.541666666666667,1,3.7395833333333335,0.058823529411764705,0,2.8626865671641792,1,1,5,1
msg_671,node0,node2,317,1158008,1158008.0,0.0,,,,0.6062717770034843,4.541666666666667,3,4.75,0.14925373134328357,0,2.8584202682563338,3,3,5,3
msg_672,node0,node3,317,1158008,1158009.0,1.0,,,,0.6041666666666666,4.541666666666667,3,4.84375,0.7297297297297297,0,2.8541666666666665,2,2,5,3
msg_673,node0,node4,317,1158008,1158009.0,1.0,,,,0.6055363321799307,4.541666666666667,3,4.833333333333333,1.3766233766233766,0,2.851411589895988,1,1,5,3
msg_674,node1,node0,316,1164000,1164013.0,13.0,,,,3.7395833333333335,0.057971014492753624,1,0.6068965517241379,4.541666666666667,0,2.8486646884273,4,4,5,4
msg_675,node2,node0,316,1164000,1164014.0,14.0,,,,4.75,0.14705882352941177,1,0.6068965517241379,4.5636363636363635,0,2.863703703703704,3,3,5,4
msg_676,node3,node0,316,1164000,1164014.0,14.0,,,,4.84375,0.7333333333333333,1,0.6068965517241379,4.5636363636363635,0,2.863703703703704,3,3,5,4
msg_677,node4,node0,316,1164000,1164014.0,14.0,,,,4.833333333333333,1.3717948717948718,1,0.6068965517241379,4.612403100775194,0,2.896602658788774,1,1,5,4
msg_678,node0,node4,317,1170013,1170014.0,1.0,,,,0.6068965517241379,4.63659793814433,1,4.927835051546392,1.3717948717948718,0,2.9129793510324484,2,2,5,1
msg_679,node0,node2,317,1170014,1170015.0,1.0,,,,0.6068965517241379,4.63659793814433,1,4.845360824742268,0.14705882352941177,0,2.9129793510324484,2,2,5,1
msg_680,node1,node0,316,1176000,1176006.0,6.0,,,,3.8350515463917527,0.057971014492753624,1,0.6095890410958904,4.63659793814433,0,2.9073529411764705,4,4,5,4
msg_681,node2,node0,316,1176000,1176007.0,7.0,,,,4.845360824742268,0.15942028985507245,1,0.6095890410958904,4.63659793814433,0,2.9073529411764705,4,4,5,4
msg_682,node3,node0,316,1176000,1176007.0,7.0,,,,4.938144329896907,0.7333333333333333,1,0.6095890410958904,4.63659793814433,0,2.9073529411764705,4,4,5,4
msg_683,node4,node0,316,1176000,1176007.0,7.0,,,,4.927835051546392,1.3670886075949367,1,0.6095890410958904,4.6521739130434785,0,2.9238653001464128,1,1,5,4
msg_684,node0,node1,317,1182006,1182006.0,0.0,,,,0.6095890410958904,4.658163265306122,1,3.857142857142857,0.057971014492753624,0,2.9298245614035086,1,1,5,1
msg_685,node0,node4,317,1182007,1182008.0,1.0,,,,0.6075085324232082,4.658163265306122,1,4.948979591836735,1.3670886075949367,0,2.9255474452554746,1,1,5,1
msg_686,node1,node0,316,1188000,1188007.0,7.0,,,,3.857142857142857,0.05714285714285714,1,0.608843537414966,4.658163265306122,0,2.922740524781341,4,4,5,4
msg_687,node2,node0,316,1188000,1188008.0,8.0,,,,4.86734693877551,0.15942028985507245,1,0.608843537414966,4.658163265306122,0,2.922740524781341,4,4,5,4
msg_688,node3,node0,316,1188000,1188008.0,8.0,,,,4.959183673469388,0.7333333333333333,1,0.608843537414966,4.6725888324873095,0,2.936046511627907,2,2,5,4
msg_689,node4,node0,316,1188000,1188008.0,8.0,,,,4.948979591836735,1.3625,1,0.608843537414966,4.681012658227848,0,2.943396226415094,1,1,5,4
msg_690,node0,node1,317,1194013,1194013.0,0.0,,,,0.608843537414966,4.6893939393939394,1,3.888888888888889,0.05714285714285714,0,2.9507246376811596,1,1,5,1
msg_691,node0,node2,317,1194014,1194014.0,0.0,,,,0.6067796610169491,4.6893939393939394,2,4.898989898989899,0.15942028985507245,0,2.946454413892909,2,2,5,2
msg_692,node0,node3,317,1194014,1194015.0,1.0,,,,0.6047297297297297,4.6893939393939394,2,4.98989898989899,0.7333333333333333,0,2.9421965317919074,1,1,5,2
msg_693,node1,node0,316,1200000,1200007.0,7.0,,,,3.888888888888889,0.056338028169014086,1,0.6060606060606061,4.69521410579345,0,2.9452449567723344,3,3,5,4
msg_694,node2,node0,316,1200000,1200008.0,8.0,,,,4.898989898989899,0.15714285714285714,1,0.6060606060606061,4.69521410579345,0,2.9452449567723344,3,3,5,4
msg_695,node3,node0,316,1200000,1200008.0,8.0,,,,4.98989898989899,0.7368421052631579,1,0.6060606060606061,4.709273182957394,0,2.9583333333333335,1,1,5,4
msg_696,node4,node0,316,1200000,1200007.0,7.0,,,,4.97979797979798,1.3625,1,0.6060606060606061,4.6893939393939394,0,2.9393939393939394,4,4,5,4
msg_697,node0,node1,317,1206006,1206006.0,0.0,,,,0.6060606060606061,4.7175,1,3.92,0.056338028169014086,0,2.965566714490674,1,1,5,1
msg_698,node0,node2,317,1206007,1206007.0,0.0,,,,0.6040268456375839,4.7175,3,4.93,0.15714285714285714,0,2.9613180515759314,3,3,5,3
msg_699,node0,node3,317,1206007,1206008.0,1.0,,,,0.6040268456375839,4.7175,3,5.02,0.7368421052631579,0,2.9613180515759314,3,3,5,3
msg_700,node0,node4,317,1206007,1206008.0,1.0,,,,0.6033333333333334,4.7175,3,5.0,1.3625,0,2.954285714285714,1,1,5,3
msg_701,node1,node0,317,1212000,1212014.0,14.0,,,,3.92,0.05555555555555555,1,0.6046511627906976,4.7611940298507465,0,2.9815078236130867,2,2,5,4
msg_702,node2,node0,317,1212000,1212015.0,15.0,,,,4.93,0.15492957746478872,1,0.6046511627906976,4.784119106699752,0,2.997159090909091,1,1,5,4
msg_703,node3,node0,317,1212000,1212013.0,13.0,,,,5.02,0.7402597402597403,1,0.6046511627906976,4.7175,0,2.951497860199715,4,4,5,4
msg_704,node4,node0,317,1212000,1212014.0,14.0,,,,5.0,1.3580246913580247,1,0.6046511627906976,4.7175,0,2.951497860199715,4,4,5,4
msg_705,node0,node1,317,1218007,1218007.0,0.0,,,,0.6046511627906976,4.8094059405940595,1,4.01980198019802,0.05555555555555555,0,3.0141843971631204,1,1,5,1
msg_706,node0,node3,317,1218008,1218008.0,0.0,,,,0.6026490066225165,4.8094059405940595,2,5.099009900990099,0.7402597402597403,0,3.009915014164306,2,2,5,2
msg_707,node0,node4,317,1218008,1218009.0,1.0,,,,0.6026490066225165,4.8094059405940595,2,5.089108910891089,1.3580246913580247,0,3.009915014164306,2,2,5,2
msg_708,node1,node0,317,1224000,1224006.0,6.0,,,,4.01980198019802,0.0547945205479452,1,0.6019736842105263,4.8094059405940595,0,3.0028248587570623,4,4,5,4
msg_709,node2,node0,317,1224000,1224007.0,7.0,,,,5.02970297029703,0.15492957746478872,1,0.6019736842105263,4.8094059405940595,0,3.0028248587570623,4,4,5,4
msg_710,node3,node0,317,1224000,1224007.0,7.0,,,,5.099009900990099,0.7307692307692307,1,0.6019736842105263,4.817733990147783,0,3.0126760563380284,2,2,5,4
msg_711,node4,node0,317,1224000,1224007.0,7.0,,,,5.089108910891089,1.353658536585366,1,0.6019736842105263,4.823095823095823,0,3.0182841068917017,1,1,5,4
msg_712,node0,node4,317,1230007,1230008.0,1.0,,,,0.6019736842105263,4.828431372549019,2,5.107843137254902,1.353658536585366,0,3.023876404494382,2,2,5,2
msg_713,node0,node1,317,1230007,1230007.0,0.0,,,,0.6019736842105263,4.828431372549019,2,4.03921568627451,0.0547945205479452,0,3.023876404494382,2,2,5,2
msg_714,node1,node0,317,1236000,1236009.0,9.0,,,,4.03921568627451,0.05405405405405406,1,0.6013071895424836,4.828431372549019,0,3.0168067226890756,4,4,5,4
msg_715,node2,node0,317,1236000,1236010.0,10.0,,,,5.049019607843137,0.15492957746478872,1,0.6013071895424836,4.828431372549019,0,3.0168067226890756,4,4,5,4
msg_716,node3,node0,317,1236000,1236010.0,10.0,,,,5.117647058823529,0.7307692307692307,1,0.6013071895424836,4.851219512195122,0,3.0349162011173183,2,2,5,4
msg_717,node4,node0,317,1236000,1236010.0,10.0,,,,5.107843137254902,1.3493975903614457,1,0.6013071895424836,4.86374695863747,0,3.0446304044630406,1,1,5,4
msg_718,node0,node3,317,1242013,1242013.0,0.0,,,,0.6013071895424836,4.87621359223301,1,5.165048543689321,0.7307692307692307,0,3.054317548746518,1,1,5,1
msg_719,node0,node4,317,1242014,1242015.0,1.0,,,,0.5974025974025974,4.87621359223301,2,5.155339805825243,1.3493975903614457,0,3.0458333333333334,2,2,5,2
msg_720,node0,node1,317,1242014,1242014.0,0.0,,,,0.5993485342019544,4.87621359223301,2,4.087378640776699,0.05405405405405406,0,3.0500695410292074,2,2,5,2
msg_721,node0,node2,317,1242015,1242015.0,0.0,,,,0.5974025974025974,4.87621359223301,1,5.097087378640777,0.15492957746478872,0,3.0458333333333334,2,2,5,1
msg_722,node1,node0,317,1248000,1248008.0,8.0,,,,4.087378640776699,0.05333333333333334,1,0.5967741935483871,4.87621359223301,0,3.038781163434903,4,4,5,4
msg_723,node2,node0,317,1248000,1248009.0,9.0,,,,5.097087378640777,0.1527777777777778,1,0.5967741935483871,4.87621359223301,0,3.038781163434903,4,4,5,4
msg_724,node3,node0,317,1248000,1248009.0,9.0,,,,5.165048543689321,0.7215189873417721,1,0.5967741935483871,4.893719806763285,0,3.053867403314917,2,2,5,4
msg_725,node4,node0,317,1248000,1248009.0,9.0,,,,5.155339805825243,1.3452380952380953,1,0.5967741935483871,4.903614457831325,0,3.0620689655172413,1,1,5,4
msg_726,node0,node1,317,1254006,1254006.0,0.0,,,,0.5967741935483871,4.913461538461538,1,4.125,0.05333333333333334,0,3.0702479338842976,1,1,5,1
msg_727,node0,node2,317,1254007,1254007.0,0.0,,,,0.594855305466238,4.913461538461538,3,5.134615384615385,0.1527777777777778,0,3.0660247592847316,3,3,5,3
msg_728,node0,node3,317,1254007,1254008.0,1.0,,,,0.594855305466238,4.913461538461538,3,5.201923076923077,0.7215189873417721,0,3.0660247592847316,3,3,5,3
msg_729,node0,node4,317,1254007,1254008.0,1.0,,,,0.5942492012779552,4.913461538461538,3,5.1923076923076925,1.3452380952380953,0,3.0589849108367626,1,1,5,3
msg_730,node1,node0,317,1260000,1260016.0,16.0,,,,4.125,0.05263157894736842,1,0.5955414012738853,4.913461538461538,0,3.0561643835616437,4,4,5,4
msg_731,node2,node0,317,1260000,1260017.0,17.0,,,,5.134615384615385,0.1506849315068493,1,0.5955414012738853,4.913461538461538,0,3.0561643835616437,4,4,5,4
msg_732,node3,node0,317,1260000,1260017.0,17.0,,,,5.201923076923077,0.725,1,0.5955414012738853,4.9688995215311005,0,3.092896174863388,2,2,5,4
msg_733,node4,node0,317,1260000,1260017.0,17.0,,,,5.1923076923076925,1.3411764705882352,1,0.5955414012738853,4.997613365155131,0,3.111869031377899,1,1,5,4
msg_734,node0,node1,317,1266009,1266009.0,0.0,,,,0.5955414012738853,5.026190476190476,1,4.238095238095238,0.05263157894736842,0,3.130790190735695,1,1,5,1
msg_735,node0,node2,317,1266010,1266010.0,0.0,,,,0.5936507936507937,5.026190476190476,3,5.247619047619048,0.1506849315068493,0,3.126530612244898,3,3,5,3
msg_736,node0,node3,317,1266010,1266011.0,1.0,,,,0.5936507936507937,5.026190476190476,3,5.314285714285714,0.725,0,3.126530612244898,3,3,5,3
msg_737,node0,node4,317,1266010,1266011.0,1.0,,,,0.5930599369085173,5.026190476190476,3,5.304761904761905,1.3411764705882352,0,3.1194029850746268,1,1,5,3
msg_738,node1,node0,317,1272000,1272014.0,14.0,,,,4.238095238095238,0.05194805194805195,1,0.5943396226415094,5.026190476190476,0,3.116531165311653,4,4,5,4
msg_739,node2,node0,317,1272000,1272015.0,15.0,,,,5.247619047619048,0.14864864864864866,1,0.5943396226415094,5.026190476190476,0,3.116531165311653,4,4,5,4
msg_740,node3,node0,317,1272000,1272015.0,15.0,,,,5.314285714285714,0.7283950617283951,1,0.5943396226415094,5.071090047393365,0,3.1472972972972975,2,2,5,4
msg_741,node4,node0,317,1272000,1272015.0,15.0,,,,5.304761904761905,1.3372093023255813,1,0.5943396226415094,5.094562647754137,0,3.163292847503374,1,1,5,4
msg_742,node0,node1,317,1278008,1278008.0,0.0,,,,0.5943396226415094,5.117924528301887,1,4.330188679245283,0.05194805194805195,0,3.1792452830188678,1,1,5,1
msg_743,node0,node2,317,1278009,1278009.0,0.0,,,,0.5924764890282131,5.117924528301887,3,5.339622641509434,0.14864864864864866,0,3.1749663526244953,3,3,5,3
msg_744,node0,node3,317,1278009,1278010.0,1.0,,,,0.5924764890282131,5.117924528301887,3,5.40566037735849,0.7283950617283951,0,3.1749663526244953,3,3,5,3
msg_745,node0,node4,317,1278009,1278010.0,1.0,,,,0.5919003115264797,5.117924528301887,3,5.39622641509434,1.3372093023255813,0,3.1677852348993287,1,1,5,3
msg_746,node1,node0,317,1284000,1284017.0,17.0,,,,4.330188679245283,0.05128205128205128,1,0.593167701863354,5.117924528301887,0,3.1648793565683646,4,4,5,4
msg_747,node2,node0,317,1284000,1284018.0,18.0,,,,5.339622641509434,0.14666666666666667,1,0.593167701863354,5.117924528301887,0,3.1648793565683646,4,4,5,4
msg_748,node3,node0,317,1284000,1284018.0,18.0,,,,5.40566037735849,0.7317073170731707,1,0.593167701863354,5.176056338028169,0,3.2032085561497325,2,2,5,4
msg_749,node4,node0,317,1284000,1284018.0,18.0,,,,5.39622641509434,1.3333333333333333,1,0.593167701863354,5.206088992974239,0,3.2229639519359146,1,1,5,4
msg_750,node0,node1,317,1290016,1290016.0,0.0,,,,0.593167701863354,5.235981308411215,1,4.4485981308411215,0.05128205128205128,0,3.2426666666666666,1,1,5,1
msg_751,node0,node2,317,1290017,1290017.0,0.0,,,,0.5913312693498453,5.235981308411215,3,5.457943925233645,0.14666666666666667,0,3.2383488681757657,3,3,5,3
msg_752,node0,node3,317,1290017,1290018.0,1.0,,,,0.5913312693498453,5.235981308411215,3,5.5233644859813085,0.7317073170731707,0,3.2383488681757657,3,3,5,3
msg_753,node0,node4,317,1290017,1290018.0,1.0,,,,0.5907692307692308,5.235981308411215,3,5.514018691588785,1.3333333333333333,0,3.231075697211155,1,1,5,3
msg_754,node1,node0,317,1296000,1296007.0,7.0,,,,4.4485981308411215,0.05063291139240506,1,0.5920245398773006,5.235981308411215,0,3.2281167108753315,4,4,5,4
msg_755,node2,node0,317,1296000,1296008.0,8.0,,,,5.457943925233645,0.14473684210526316,1,0.5920245398773006,5.24009324009324,0,3.233112582781457,3,3,5,4
msg_756,node3,node0,317,1296000,1296008.0,8.0,,,,5.5233644859813085,0.7349397590361446,1,0.5920245398773006,5.246511627906977,0,3.2394179894179893,2,2,5,4
msg_757,node4,node0,317,1296000,1296008.0,8.0,,,,5.514018691588785,1.3295454545454546,1,0.5920245398773006,5.246511627906977,0,3.2394179894179893,2,2,5,4
msg_758,node0,node1,317,1302014,1302014.0,0.0,,,,0.5920245398773006,5.2592592592592595,1,4.472222222222222,0.05063291139240506,0,3.2519788918205803,1,1,5,1
msg_759,node0,node2,317,1302015,1302015.0,0.0,,,,0.5902140672782875,5.2592592592592595,3,5.481481481481482,0.14473684210526316,0,3.2476943346508564,3,3,5,3
msg_760,node0,node3,317,1302015,1302016.0,1.0,,,,0.5902140672782875,5.2592592592592595,3,5.546296296296297,0.7349397590361446,0,3.2476943346508564,3,3,5,3
msg_761,node0,node4,317,1302015,1302016.0,1.0,,,,0.5896656534954408,5.2592592592592595,3,5.537037037037037,1.3295454545454546,0,3.240473061760841,1,1,5,3
msg_762,node1,node0,317,1308000,1308015.0,15.0,,,,4.472222222222222,0.05,1,0.5909090909090909,5.2592592592592595,0,3.2375328083989503,4,4,5,4
msg_763,node2,node0,317,1308000,1308016.0,16.0,,,,5.481481481481482,0.14285714285714285,1,0.5909090909090909,5.28175519630485,0,3.252948885976409,3,3,5,4
msg_764,node3,node0,317,1308000,1308016.0,16.0,,,,5.546296296296297,0.7380952380952381,1,0.5909090909090909,5.28175519630485,0,3.252948885976409,3,3,5,4
msg_765,node4,node0,317,1308000,1308016.0,16.0,,,,5.537037037037037,1.3258426966292134,1,0.5909090909090909,5.3310344827586205,0,3.2862745098039214,1,1,5,4
msg_766,node0,node1,317,1314017,1314017.0,0.0,,,,0.5909090909090909,5.355504587155964,1,4.568807339449541,0.05,0,3.3028720626631856,1,1,5,1
msg_767,node0,node2,317,1314018,1314018.0,0.0,,,,0.5891238670694864,5.355504587155964,2,5.577981651376147,0.14285714285714285,0,3.298565840938722,2,2,5,2
msg_768,node0,node3,317,1314018,1314019.0,1.0,,,,0.5873493975903614,5.355504587155964,2,5.6422018348623855,0.7380952380952381,0,3.2942708333333335,1,1,5,2
msg_769,node1,node0,317,1320000,1320009.0,9.0,,,,4.568807339449541,0.04938271604938271,1,0.5885885885885885,5.355504587155964,0,3.2912873862158647,4,4,5,4
msg_770,node2,node0,317,1320000,1320010.0,10.0,,,,5.577981651376147,0.14102564102564102,1,0.5885885885885885,5.363844393592677,0,3.2987012987012987,3,3,5,4
msg_771,node3,node0,317,1320000,1320010.0,10.0,,,,5.6422018348623855,0.7411764705882353,1,0.5885885885885885,5.3744292237442925,0,3.307392996108949,2,2,5,4
msg_772,node4,node0,317,1320000,1320010.0,10.0,,,,5.63302752293578,1.3258426966292134,1,0.5885885885885885,5.3744292237442925,0,3.307392996108949,2,2,5,4
msg_773,node0,node1,317,1326007,1326007.0,0.0,,,,0.5885885885885885,5.3954545454545455,1,4.609090909090909,0.04938271604938271,0,3.3247089262613194,1,1,5,1
msg_774,node0,node4,317,1326008,1326009.0,1.0,,,,0.5868263473053892,5.3954545454545455,1,5.672727272727273,1.3258426966292134,0,3.3204134366925064,1,1,5,1
msg_775,node1,node0,317,1332000,1332008.0,8.0,,,,4.609090909090909,0.04878048780487805,1,0.5880597014925373,5.3954545454545455,0,3.3174193548387096,4,4,5,4
msg_776,node2,node0,317,1332000,1332009.0,9.0,,,,5.618181818181818,0.14102564102564102,1,0.5880597014925373,5.3954545454545455,0,3.3174193548387096,4,4,5,4
msg_777,node3,node0,317,1332000,1332009.0,9.0,,,,5.681818181818182,0.7411764705882353,1,0.5880597014925373,5.409502262443439,0,3.3307593307593306,2,2,5,4
msg_778,node4,node0,317,1332000,1332009.0,9.0,,,,5.672727272727273,1.3222222222222222,1,0.5880597014925373,5.417607223476298,0,3.3380462724935733,1,1,5,4
msg_779,node0,node1,317,1338015,1338015.0,0.0,,,,0.5880597014925373,5.425675675675675,1,4.63963963963964,0.04878048780487805,0,3.3453145057766367,1,1,5,1
msg_780,node0,node2,317,1338016,1338016.0,0.0,,,,0.5863095238095238,5.425675675675675,2,5.648648648648648,0.14102564102564102,0,3.341025641025641,2,2,5,2
msg_781,node0,node3,317,1338016,1338017.0,1.0,,,,0.5845697329376854,5.425675675675675,2,5.711711711711712,0.7411764705882353,0,3.3367477592829706,1,1,5,2
msg_782,node1,node0,317,1344000,1344014.0,14.0,,,,4.63963963963964,0.04819277108433735,1,0.5857988165680473,5.425675675675675,0,3.333759590792839,4,4,5,4
msg_783,node2,node0,317,1344000,1344015.0,15.0,,,,5.648648648648648,0.13924050632911392,1,0.5857988165680473,5.4641255605381165,0,3.360969387755102,2,2,5,4
msg_784,node3,node0,317,1344000,1344015.0,15.0,,,,5.711711711711712,0.7441860465116279,1,0.5857988165680473,5.4641255605381165,0,3.360969387755102,2,2,5,4
msg_785,node4,node0,317,1344000,1344014.0,14.0,,,,5.702702702702703,1.3222222222222222,1,0.5857988165680473,5.425675675675675,0,3.333759590792839,4,4,5,4
msg_786,node0,node1,317,1350009,1350009.0,0.0,,,,0.5857988165680473,5.506696428571429,1,4.723214285714286,0.04819277108433735,0,3.39058524173028,1,1,5,1
msg_787,node0,node4,317,1350010,1350011.0,1.0,,,,0.584070796460177,5.506696428571429,1,5.776785714285714,1.3222222222222222,0,3.3862770012706482,1,1,5,1
msg_788,node1,node0,317,1356000,1356008.0,8.0,,,,4.723214285714286,0.047619047619047616,1,0.5852941176470589,5.506696428571429,0,3.383248730964467,4,4,5,4
msg_789,node2,node0,317,1356000,1356009.0,9.0,,,,5.732142857142857,0.13924050632911392,1,0.5852941176470589,5.512249443207127,0,3.3891001267427123,3,3,5,4
msg_790,node3,node0,317,1356000,1356009.0,9.0,,,,5.794642857142857,0.7441860465116279,1,0.5852941176470589,5.52,0,3.3962025316455695,2,2,5,4
msg_791,node4,node0,317,1356000,1356009.0,9.0,,,,5.776785714285714,1.3186813186813187,1,0.5852941176470589,5.527716186252771,0,3.4032869785082176,1,1,5,4
msg_792,node0,node1,317,1362008,1362009.0,1.0,,,,0.5852941176470589,5.535398230088496,1,4.752212389380531,0.047619047619047616,0,3.4103535353535355,4,4,5,1
msg_793,node0,node2,317,1362009,1362010.0,1.0,,,,0.5852941176470589,5.535398230088496,3,5.761061946902655,0.13924050632911392,0,3.4103535353535355,4,4,5,3
msg_794,node0,node3,317,1362009,1362011.0,2.0,,,,0.5877192982456141,5.535398230088496,3,5.823008849557522,0.7441860465116279,0,3.4042821158690177,2,2,5,3
msg_795,node0,node4,317,1362009,1362011.0,2.0,,,,0.5918367346938775,5.535398230088496,3,5.8053097345132745,1.3186813186813187,0,3.40251572327044,1,1,5,3
msg_796,node1,node0,317,1368000,1368016.0,16.0,,,,4.752212389380531,0.058823529411764705,1,0.5959302325581395,5.535398230088496,0,3.400753768844221,4,4,5,4
msg_797,node2,node0,317,1368000,1368017.0,17.0,,,,5.761061946902655,0.15,1,0.5959302325581395,5.535398230088496,0,3.400753768844221,4,4,5,4
msg_798,node3,node0,317,1368000,1368017.0,17.0,,,,5.823008849557522,0.7586206896551724,1,0.5959302325581395,5.583700440528634,0,3.4335839598997495,2,2,5,4
msg_799,node4,node0,317,1368000,1368017.0,17.0,,,,5.8053097345132745,1.326086956521739,1,0.5959302325581395,5.608791208791208,0,3.450563204005006,1,1,5,4
msg_800,node0,node4,317,1374014,1374015.0,1.0,,,,0.5942028985507246,5.633771929824562,2,5.9035087719298245,1.326086956521739,0,3.463171036204744,3,3,5,2
msg_801,node0,node1,317,1374014,1374014.0,0.0,,,,0.5959302325581395,5.633771929824562,2,4.850877192982456,0.058823529411764705,0,3.4675,2,2,5,2
msg_802,node0,node2,317,1374015,1374016.0,1.0,,,,0.5942028985507246,5.633771929824562,2,5.859649122807017,0.15,0,3.463171036204744,3,3,5,2
msg_803,node0,node3,317,1374015,1374017.0,2.0,,,,0.5965417867435159,5.633771929824562,2,5.921052631578948,0.7586206896551724,0,3.457036114570361,1,1,5,2
msg_804,node1,node0,317,1380000,1380013.0,13.0,,,,4.850877192982456,0.05813953488372093,1,0.6005747126436781,5.633771929824562,0,3.455223880597015,4,4,5,4
msg_805,node2,node0,317,1380000,1380014.0,14.0,,,,5.859649122807017,0.16049382716049382,1,0.6005747126436781,5.633771929824562,0,3.455223880597015,4,4,5,4
msg_806,node3,node0,317,1380000,1380014.0,14.0,,,,5.921052631578948,0.7727272727272727,1,0.6005747126436781,5.668122270742358,0,3.4801488833746896,2,2,5,4
msg_807,node4,node0,317,1380000,1380014.0,14.0,,,,5.9035087719298245,1.3225806451612903,1,0.6005747126436781,5.686274509803922,0,3.493184634448575,1,1,5,4
msg_808,node0,node1,317,1386008,1386008.0,0.0,,,,0.6005747126436781,5.7043478260869565,1,4.921739130434783,0.05813953488372093,0,3.506188118811881,1,1,5,1
msg_809,node0,node2,317,1386009,1386009.0,0.0,,,,0.5988538681948424,5.7043478260869565,3,5.930434782608696,0.16049382716049382,0,3.5018541409147095,3,3,5,3
msg_810,node0,node3,317,1386009,1386010.0,1.0,,,,0.5971428571428572,5.7043478260869565,3,5.991304347826087,0.7727272727272727,0,3.4975308641975307,2,2,5,3
msg_811,node0,node4,317,1386009,1386010.0,1.0,,,,0.5982905982905983,5.7043478260869565,3,5.973913043478261,1.3225806451612903,0,3.4944512946979036,1,1,5,3
msg_812,node1,node0,317,1392000,1392010.0,10.0,,,,4.921739130434783,0.05747126436781609,1,0.5994318181818182,5.7043478260869565,0,3.4913793103448274,4,4,5,4
msg_813,node2,node0,317,1392000,1392011.0,11.0,,,,5.930434782608696,0.15853658536585366,1,0.5994318181818182,5.713665943600867,0,3.4993849938499384,3,3,5,4
msg_814,node3,node0,317,1392000,1392011.0,11.0,,,,5.991304347826087,0.7752808988764045,1,0.5994318181818182,5.725108225108225,0,3.5085995085995085,2,2,5,4
msg_815,node4,node0,317,1392000,1392011.0,11.0,,,,5.973913043478261,1.3191489361702127,1,0.5994318181818182,5.725108225108225,0,3.5085995085995085,2,2,5,4
msg_816,node0,node4,317,1398017,1398018.0,1.0,,,,0.5994318181818182,5.747844827586207,1,6.017241379310345,1.3191489361702127,0,3.5269607843137254,1,1,5,1
msg_817,node1,node0,317,1404000,1404012.0,12.0,,,,4.9655172413793105,0.05747126436781609,1,0.6005665722379604,5.747844827586207,0,3.5238678090575277,4,4,5,4
msg_818,node2,node0,317,1404000,1404013.0,13.0,,,,5.974137931034483,0.15853658536585366,1,0.6005665722379604,5.7612903225806456,0,3.534229828850856,3,3,5,4
msg_819,node3,node0,317,1404000,1404013.0,13.0,,,,6.0344827586206895,0.7752808988764045,1,0.6005665722379604,5.7612903225806456,0,3.534229828850856,3,3,5,4
msg_820,node4,node0,317,1404000,1404013.0,13.0,,,,6.017241379310345,1.3157894736842106,1,0.6005665722379604,5.792291220556745,0,3.5573170731707315,1,1,5,4
msg_821,node0,node2,317,1410014,1410014.0,0.0,,,,0.6005665722379604,5.8076923076923075,3,6.034188034188034,0.15853658536585366,0,3.568818514007308,3,3,5,3
msg_822,node0,node3,317,1410014,1410015.0,1.0,,,,0.5988700564971752,5.8076923076923075,3,6.094017094017094,0.7752808988764045,0,3.564476885644769,2,2,5,3
msg_823,node0,node4,317,1410014,1410015.0,1.0,,,,0.5988700564971752,5.8076923076923075,3,6.076923076923077,1.3157894736842106,0,3.564476885644769,2,2,5,3
msg_824,node1,node0,317,1416000,1416013.0,13.0,,,,5.0256410256410255,0.05747126436781609,1,0.601123595505618,5.8076923076923075,0,3.558252427184466,4,4,5,4
msg_825,node2,node0,317,1416000,1416014.0,14.0,,,,6.034188034188034,0.1566265060240964,1,0.601123595505618,5.823027718550106,0,3.56969696969697,3,3,5,4
msg_826,node3,node0,317,1416000,1416014.0,14.0,,,,6.094017094017094,0.7777777777777778,1,0.601123595505618,5.840425531914893,0,3.582324455205811,2,2,5,4
msg_827,node4,node0,317,1416000,1416014.0,14.0,,,,6.076923076923077,1.3125,1,0.601123595505618,5.840425531914893,0,3.582324455205811,2,2,5,4
msg_828,node0,node1,317,1422010,1422010.0,0.0,,,,0.601123595505618,5.875,1,5.093220338983051,0.05747126436781609,0,3.607487922705314,1,1,5,1
msg_829,node0,node2,317,1422011,1422011.0,0.0,,,,0.5994397759103641,5.875,2,6.101694915254237,0.1566265060240964,0,3.60313630880579,2,2,5,2
msg_830,node0,node3,317,1422011,1422012.0,1.0,,,,0.5977653631284916,5.875,2,6.161016949152542,0.7777777777777778,0,3.5987951807228917,1,1,5,2
msg_831,node1,node0,317,1428000,1428015.0,15.0,,,,5.093220338983051,0.056818181818181816,1,0.5988857938718662,5.875,0,3.595667870036101,4,4,5,4
msg_832,node2,node0,317,1428000,1428016.0,16.0,,,,6.101694915254237,0.15476190476190477,1,0.5988857938718662,5.875,0,3.595667870036101,4,4,5,4
msg_833,node3,node0,317,1428000,1428016.0,16.0,,,,6.161016949152542,0.7802197802197802,1,0.5988857938718662,5.915611814345992,0,3.624249699879952,2,2,5,4
msg_834,node4,node0,317,1428000,1428016.0,16.0,,,,6.1440677966101696,1.3125,1,0.5988857938718662,5.936842105263158,0,3.6390887290167866,1,1,5,4
msg_835,node0,node1,317,1434012,1434012.0,0.0,,,,0.5988857938718662,5.957983193277311,1,5.176470588235294,0.056818181818181816,0,3.6538922155688622,1,1,5,1
msg_836,node0,node2,317,1434013,1434013.0,0.0,,,,0.5972222222222222,5.957983193277311,3,6.184873949579832,0.15476190476190477,0,3.6495215311004783,3,3,5,3
msg_837,node0,node3,317,1434013,1434014.0,1.0,,,,0.5972222222222222,5.957983193277311,3,6.243697478991597,0.7802197802197802,0,3.6495215311004783,3,3,5,3
msg_838,node0,node4,317,1434013,1434014.0,1.0,,,,0.5966850828729282,5.957983193277311,3,6.226890756302521,1.3125,0,3.6420047732696896,1,1,5,3
msg_839,node1,node0,317,1440000,1440016.0,16.0,,,,5.176470588235294,0.056179775280898875,1,0.5977961432506887,5.957983193277311,0,3.638855780691299,4,4,5,4
msg_840,node2,node0,317,1440000,1440017.0,17.0,,,,6.184873949579832,0.15294117647058825,1,0.5977961432506887,5.957983193277311,0,3.638855780691299,4,4,5,4
msg_841,node3,node0,317,1440000,1440017.0,17.0,,,,6.243697478991597,0.782608695652174,1,0.5977961432506887,6.002092050209205,0,3.669441141498216,2,2,5,4
msg_842,node4,node0,317,1440000,1440017.0,17.0,,,,6.226890756302521,1.309278350515464,1,0.5977961432506887,6.025052192066806,0,3.6852731591448933,1,1,5,4
msg_843,node0,node2,317,1446014,1446014.0,0.0,,,,0.5977961432506887,6.047916666666667,3,6.275,0.15294117647058825,0,3.701067615658363,3,3,5,3
msg_844,node0,node3,317,1446014,1446015.0,1.0,,,,0.5961538461538461,6.047916666666667,3,6.333333333333333,0.782608695652174,0,3.6966824644549763,2,2,5,3
msg_845,node0,node4,317,1446014,1446015.0,1.0,,,,0.5961538461538461,6.047916666666667,3,6.316666666666666,1.309278350515464,0,3.6966824644549763,2,2,5,3
msg_846,node1,node0,317,1452000,1452013.0,13.0,,,,5.266666666666667,0.056179775280898875,1,0.5983606557377049,6.047916666666667,0,3.690307328605201,4,4,5,4
msg_847,node2,node0,317,1452000,1452014.0,14.0,,,,6.275,0.1511627906976744,1,0.5983606557377049,6.047916666666667,0,3.690307328605201,4,4,5,4
msg_848,node3,node0,317,1452000,1452014.0,14.0,,,,6.333333333333333,0.7849462365591398,1,0.5983606557377049,6.093167701863354,0,3.724381625441696,1,1,5,4
msg_849,node4,node0,317,1452000,1452013.0,13.0,,,,6.316666666666666,1.3061224489795917,1,0.5983606557377049,6.047916666666667,0,3.690307328605201,4,4,5,4
msg_850,node0,node1,317,1458015,1458015.0,0.0,,,,0.5983606557377049,6.109504132231405,1,5.330578512396694,0.056179775280898875,0,3.736470588235294,1,1,5,1
msg_851,node0,node2,317,1458016,1458016.0,0.0,,,,0.5967302452316077,6.109504132231405,1,6.338842975206612,0.1511627906976744,0,3.7320799059929493,1,1,5,1
msg_852,node1,node0,317,1464000,1464009.0,9.0,,,,5.330578512396694,0.05555555555555555,1,0.595108695652174,6.109504132231405,0,3.727699530516432,4,4,5,4
msg_853,node2,node0,317,1464000,1464010.0,10.0,,,,6.338842975206612,0.14942528735632185,1,0.595108695652174,6.115463917525773,0,3.733880422039859,3,3,5,4
msg_854,node3,node0,317,1464000,1464010.0,10.0,,,,6.396694214876033,0.7849462365591398,1,0.595108695652174,6.1234567901234565,0,3.741217798594848,2,2,5,4
msg_855,node4,node0,317,1464000,1464010.0,10.0,,,,6.371900826446281,1.3061224489795917,1,0.595108695652174,6.1234567901234565,0,3.741217798594848,2,2,5,4
msg_856,node0,node1,317,1470016,1470016.0,0.0,,,,0.595108695652174,6.139344262295082,1,5.360655737704918,0.05555555555555555,0,3.755841121495327,1,1,5,1
msg_857,node0,node2,317,1470017,1470017.0,0.0,,,,0.5934959349593496,6.139344262295082,3,6.368852459016393,0.14942528735632185,0,3.751458576429405,3,3,5,3
msg_858,node0,node3,317,1470017,1470018.0,1.0,,,,0.5934959349593496,6.139344262295082,3,6.426229508196721,0.7849462365591398,0,3.751458576429405,3,3,5,3
msg_859,node0,node4,317,1470017,1470018.0,1.0,,,,0.5929919137466307,6.139344262295082,3,6.401639344262295,1.3061224489795917,0,3.7438882421420256,1,1,5,3
msg_860,node1,node0,317,1476000,1476011.0,11.0,,,,5.360655737704918,0.054945054945054944,1,0.5940860215053764,6.139344262295082,0,3.7406976744186045,4,4,5,4
msg_861,node2,node0,317,1476000,1476012.0,12.0,,,,6.368852459016393,0.14772727272727273,1,0.5940860215053764,6.149284253578732,0,3.749128919860627,3,3,5,4
msg_862,node3,node0,317,1476000,1476012.0,12.0,,,,6.426229508196721,0.7872340425531915,1,0.5940860215053764,6.149284253578732,0,3.749128919860627,3,3,5,4
msg_863,node4,node0,317,1476000,1476012.0,12.0,,,,6.401639344262295,1.303030303030303,1,0.5940860215053764,6.173116089613035,0,3.768250289687138,1,1,5,4
msg_864,node0,node4,317,1482013,1482014.0,1.0,,,,0.5924932975871313,6.184959349593496,2,6.4471544715447155,1.303030303030303,0,3.7734104046242773,3,3,5,2
msg_865,node0,node1,317,1482013,1482013.0,0.0,,,,0.5940860215053764,6.184959349593496,2,5.40650406504065,0.054945054945054944,0,3.7777777777777777,2,2,5,2
msg_866,node0,node2,317,1482014,1482014.0,0.0,,,,0.5924932975871313,6.184959349593496,2,6.414634146341464,0.14772727272727273,0,3.7734104046242773,3,3,5,2
msg_867,node0,node3,317,1482014,1482015.0,1.0,,,,0.592,6.184959349593496,2,6.471544715447155,0.7872340425531915,0,3.7658592848904267,1,1,5,2
msg_868,node1,node0,317,1488000,1488018.0,18.0,,,,5.40650406504065,0.05434782608695652,1,0.5930851063829787,6.184959349593496,0,3.762672811059908,4,4,5,4
msg_869,node2,node0,317,1488000,1488019.0,19.0,,,,6.414634146341464,0.14606741573033707,1,0.5930851063829787,6.2089249492900604,0,3.779056386651323,3,3,5,4
msg_870,node3,node0,317,1488000,1488019.0,19.0,,,,6.471544715447155,0.7894736842105263,1,0.5930851063829787,6.2089249492900604,0,3.779056386651323,3,3,5,4
msg_871,node4,node0,317,1488000,1488019.0,19.0,,,,6.4471544715447155,1.3,1,0.5930851063829787,6.260606060606061,0,3.814006888633754,1,1,5,4
msg_872,node0,node1,317,1494009,1494009.0,0.0,,,,0.5930851063829787,6.286290322580645,1,5.508064516129032,0.05434782608695652,0,3.831422018348624,1,1,5,1
msg_873,node0,node2,317,1494010,1494010.0,0.0,,,,0.5915119363395226,6.286290322580645,3,6.516129032258065,0.14606741573033707,0,3.8270332187857963,3,3,5,3
msg_874,node0,node3,317,1494010,1494011.0,1.0,,,,0.5915119363395226,6.286290322580645,3,6.57258064516129,0.7894736842105263,0,3.8270332187857963,3,3,5,3
msg_875,node0,node4,317,1494010,1494011.0,1.0,,,,0.5910290237467019,6.286290322580645,3,6.548387096774194,1.3,0,3.8194285714285714,1,1,5,3
msg_876,node1,node0,317,1500000,1500015.0,15.0,,,,5.508064516129032,0.053763440860215055,1,0.5921052631578947,6.286290322580645,0,3.8162100456621006,4,4,5,4
msg_877,node2,node0,317,1500000,1500016.0,16.0,,,,6.516129032258065,0.14444444444444443,1,0.5921052631578947,6.286290322580645,0,3.8162100456621006,4,4,5,4
msg_878,node3,node0,317,1500000,1500016.0,16.0,,,,6.57258064516129,0.7916666666666666,1,0.5921052631578947,6.323293172690763,0,3.8428246013667424,2,2,5,4
msg_879,node4,node0,317,1500000,1500016.0,16.0,,,,6.548387096774194,1.297029702970297,1,0.5921052631578947,6.342685370741483,0,3.856655290102389,1,1,5,4
msg_880,node0,node2,317,1506012,1506012.0,0.0,,,,0.5921052631578947,6.362,2,6.592,0.14444444444444443,0,3.8704545454545456,2,2,5,2
msg_881,node0,node4,317,1506012,1506013.0,1.0,,,,0.5921052631578947,6.362,2,6.624,1.297029702970297,0,3.8704545454545456,2,2,5,2
msg_882,node1,node0,317,1512000,1512009.0,9.0,,,,5.584,0.053763440860215055,1,0.5916230366492147,6.362,0,3.86281179138322,4,4,5,4
msg_883,node2,node0,317,1512000,1512010.0,10.0,,,,6.592,0.14285714285714285,1,0.5916230366492147,6.362,0,3.86281179138322,4,4,5,4
msg_884,node3,node0,317,1512000,1512010.0,10.0,,,,6.648,0.7916666666666666,1,0.5916230366492147,6.374501992031872,0,3.8755656108597285,2,2,5,4
msg_885,node4,node0,317,1512000,1512011.0,11.0,,,,6.624,1.2941176470588236,1,0.5916230366492147,6.381709741550696,0,3.8824858757062146,1,1,5,4
msg_886,node0,node1,317,1518018,1518018.0,0.0,,,,0.5916230366492147,6.390873015873016,1,5.611111111111111,0.053763440860215055,0,3.8905191873589167,1,1,5,1
msg_887,node0,node2,317,1518019,1518019.0,0.0,,,,0.5900783289817232,6.390873015873016,3,6.619047619047619,0.14285714285714285,0,3.8861330326944756,3,3,5,3
msg_888,node0,node3,317,1518019,1518020.0,1.0,,,,0.5900783289817232,6.390873015873016,3,6.674603174603175,0.7916666666666666,0,3.8861330326944756,3,3,5,3
msg_889,node0,node4,317,1518019,1518020.0,1.0,,,,0.5896103896103896,6.390873015873016,3,6.658730158730159,1.2941176470588236,0,3.8785151856018,1,1,5,3
msg_890,node1,node0,317,1524000,1524009.0,9.0,,,,5.611111111111111,0.05319148936170213,1,0.5906735751295337,6.390873015873016,0,3.8752808988764045,4,4,5,4
msg_891,node2,node0,317,1524000,1524010.0,10.0,,,,6.619047619047619,0.14130434782608695,1,0.5906735751295337,6.396039603960396,0,3.8810325476992142,3,3,5,4
msg_892,node3,node0,317,1524000,1524011.0,11.0,,,,6.674603174603175,0.7938144329896907,1,0.5906735751295337,6.396039603960396,0,3.8810325476992142,3,3,5,4
msg_893,node4,node0,317,1524000,1524011.0,11.0,,,,6.658730158730159,1.2912621359223302,1,0.5906735751295337,6.412228796844182,0,3.8958566629339306,1,1,5,4
msg_894,node0,node1,317,1530015,1530015.0,0.0,,,,0.5906735751295337,6.421259842519685,1,5.637795275590551,0.05319148936170213,0,3.9038031319910513,1,1,5,1
msg_895,node0,node2,317,1530016,1530016.0,0.0,,,,0.5891472868217055,6.421259842519685,3,6.645669291338582,0.14130434782608695,0,3.899441340782123,3,3,5,3
msg_896,node0,node3,317,1530016,1530017.0,1.0,,,,0.5876288659793815,6.421259842519685,3,6.708661417322834,0.7938144329896907,0,3.8950892857142856,2,2,5,3
msg_897,node0,node4,317,1530016,1530017.0,1.0,,,,0.5886889460154242,6.421259842519685,3,6.692913385826771,1.2912621359223302,0,3.891861761426979,1,1,5,3
msg_898,node1,node0,317,1536000,1536015.0,15.0,,,,5.637795275590551,0.05263157894736842,1,0.5897435897435898,6.421259842519685,0,3.888641425389755,4,4,5,4
msg_899,node2,node0,317,1536000,1536016.0,16.0,,,,6.645669291338582,0.13978494623655913,1,0.5897435897435898,6.421259842519685,0,3.888641425389755,4,4,5,4
msg_900,node3,node0,317,1536000,1536016.0,16.0,,,,6.708661417322834,0.7959183673469388,1,0.5897435897435898,6.456862745098039,0,3.9144444444444444,2,2,5,4
msg_901,node4,node0,317,1536000,1536016.0,16.0,,,,6.692913385826771,1.2884615384615385,1,0.5897435897435898,6.475538160469667,0,3.927857935627081,1,1,5,4
msg_902,node0,node1,317,1542009,1542009.0,0.0,,,,0.5897435897435898,6.494140625,1,5.7109375,0.05263157894736842,0,3.9412416851441243,1,1,5,1
msg_903,node0,node3,317,1542010,1542010.0,0.0,,,,0.5882352941176471,6.494140625,1,6.78125,0.7959183673469388,0,3.9368770764119603,1,1,5,1
msg_904,node1,node0,317,1548000,1548010.0,10.0,,,,5.7109375,0.052083333333333336,1,0.5867346938775511,6.494140625,0,3.9325221238938055,4,4,5,4
msg_905,node2,node0,317,1548000,1548011.0,11.0,,,,6.71875,0.13978494623655913,1,0.5867346938775511,6.494140625,0,3.9325221238938055,4,4,5,4
msg_906,node3,node0,317,1548000,1548011.0,11.0,,,,6.78125,0.7878787878787878,1,0.5867346938775511,6.518446601941748,0,3.9547960308710035,1,1,5,4
msg_907,node4,node0,317,1548000,1548011.0,11.0,,,,6.765625,1.2884615384615385,1,0.5867346938775511,6.509727626459144,0,3.947019867549669,2,2,5,4
msg_908,node0,node2,317,1554010,1554010.0,0.0,,,,0.5867346938775511,6.5271317829457365,1,6.751937984496124,0.13978494623655913,0,3.962555066079295,1,1,5,1
msg_909,node1,node0,317,1560000,1560010.0,10.0,,,,5.744186046511628,0.052083333333333336,1,0.5852417302798982,6.5271317829457365,0,3.958195819581958,4,4,5,4
msg_910,node2,node0,317,1560000,1560011.0,11.0,,,,6.751937984496124,0.13829787234042554,1,0.5852417302798982,6.551059730250482,0,3.9802631578947367,1,1,5,4
msg_911,node3,node0,317,1560000,1560011.0,11.0,,,,6.813953488372093,0.7878787878787878,1,0.5852417302798982,6.5271317829457365,0,3.958195819581958,4,4,5,4
msg_912,node4,node0,317,1560000,1560011.0,11.0,,,,6.7984496124031,1.2884615384615385,1,0.5852417302798982,6.542471042471043,0,3.972557628979144,2,2,5,4
msg_913,node0,node1,317,1566015,1566015.0,0.0,,,,0.5852417302798982,6.559615384615385,1,5.776923076923077,0.052083333333333336,0,3.9879518072289155,1,1,5,1
msg_914,node0,node2,317,1566016,1566016.0,0.0,,,,0.583756345177665,6.559615384615385,2,6.7846153846153845,0.13829787234042554,0,3.983588621444201,2,2,5,2
msg_915,node0,node4,317,1566016,1566017.0,1.0,,,,0.583756345177665,6.559615384615385,2,6.8307692307692305,1.2884615384615385,0,3.983588621444201,2,2,5,2
msg_916,node1,node0,317,1572000,1572010.0,10.0,,,,5.776923076923077,0.05154639175257732,1,0.5833333333333334,6.559615384615385,0,3.975982532751092,4,4,5,4
msg_917,node2,node0,317,1572000,1572011.0,11.0,,,,6.7846153846153845,0.1368421052631579,1,0.5833333333333334,6.559615384615385,0,3.975982532751092,4,4,5,4
msg_918,node3,node0,317,1572000,1572011.0,11.0,,,,6.846153846153846,0.7878787878787878,1,0.5833333333333334,6.574712643678161,0,3.9901960784313726,2,2,5,4
msg_919,node4,node0,317,1572000,1572012.0,12.0,,,,6.8307692307692305,1.2857142857142858,1,0.5833333333333334,6.583173996175908,0,3.997823721436344,1,1,5,4
msg_920,node0,node1,317,1578010,1578010.0,0.0,,,,0.5833333333333334,6.593511450381679,1,5.809160305343512,0.05154639175257732,0,4.006521739130434,1,1,5,1
msg_921,node0,node2,317,1578011,1578011.0,0.0,,,,0.5818639798488665,6.593511450381679,3,6.816793893129771,0.1368421052631579,0,4.002171552660152,3,3,5,3
msg_922,node0,node4,317,1578011,1578012.0,1.0,,,,0.581453634085213,6.593511450381679,3,6.870229007633588,1.2857142857142858,0,3.9945828819068256,1,1,5,3
msg_923,node0,node3,317,1578011,1578012.0,1.0,,,,0.5818639798488665,6.593511450381679,3,6.877862595419847,0.7878787878787878,0,4.002171552660152,3,3,5,3
msg_924,node1,node0,317,1584000,1584014.0,14.0,,,,5.809160305343512,0.05102040816326531,1,0.5825,6.593511450381679,0,3.9913419913419914,4,4,5,4
msg_925,node2,node0,317,1584000,1584015.0,15.0,,,,6.816793893129771,0.13541666666666666,1,0.5825,6.607619047619048,0,4.002162162162162,3,3,5,4
msg_926,node3,node0,317,1584000,1584015.0,15.0,,,,6.877862595419847,0.79,1,0.5825,6.623574144486692,0,4.014038876889849,2,2,5,4
msg_927,node4,node0,317,1584000,1584015.0,15.0,,,,6.870229007633588,1.2830188679245282,1,0.5825,6.623574144486692,0,4.014038876889849,2,2,5,4
msg_928,node0,node1,317,1590010,1590010.0,0.0,,,,0.5825,6.65530303030303,1,5.871212121212121,0.05102040816326531,0,4.037715517241379,1,1,5,1
msg_929,node0,node3,317,1590011,1590011.0,0.0,,,,0.5810473815461347,6.65530303030303,2,6.9393939393939394,0.79,0,4.033369214208827,2,2,5,2
msg_930,node0,node4,317,1590011,1590012.0,1.0,,,,0.5810473815461347,6.65530303030303,2,6.931818181818182,1.2830188679245282,0,4.033369214208827,2,2,5,2
msg_931,node1,node0,317,1596000,1596011.0,11.0,,,,5.871212121212121,0.050505050505050504,1,0.5806451612903226,6.65530303030303,0,4.02577873254565,4,4,5,4
msg_932,node2,node0,317,1596000,1596012.0,12.0,,,,6.878787878787879,0.13541666666666666,1,0.5806451612903226,6.66351606805293,0,4.033261802575107,3,3,5,4
msg_933,node3,node0,317,1596000,1596012.0,12.0,,,,6.9393939393939394,0.7821782178217822,1,0.5806451612903226,6.66351606805293,0,4.033261802575107,3,3,5,4
msg_934,node4,node0,317,1596000,1596012.0,12.0,,,,6.931818181818182,1.280373831775701,1,0.5806451612903226,6.68361581920904,0,4.050321199143469,1,1,5,4
msg_935,node0,node1,317,1602010,1602010.0,0.0,,,,0.5806451612903226,6.693609022556391,1,5.909774436090226,0.050505050505050504,0,4.0588235294117645,1,1,5,1
msg_936,node0,node2,317,1602011,1602011.0,0.0,,,,0.5792079207920792,6.693609022556391,2,6.917293233082707,0.13541666666666666,0,4.05448717948718,2,2,5,2
msg_937,node0,node3,317,1602011,1602012.0,1.0,,,,0.5777777777777777,6.693609022556391,2,6.977443609022556,0.7821782178217822,0,4.050160085378868,2,2,5,2
msg_938,node0,node4,317,1602012,1602014.0,2.0,,,,0.5777777777777777,6.693609022556391,1,6.969924812030075,1.280373831775701,0,4.050160085378868,2,2,5,1
msg_939,node1,node0,317,1608000,1608013.0,13.0,,,,5.909774436090226,0.05,1,0.5823095823095823,6.693609022556391,0,4.044728434504792,4,4,5,4
msg_940,node2,node0,317,1608000,1608014.0,14.0,,,,6.917293233082707,0.13402061855670103,1,0.5823095823095823,6.705440900562852,0,4.054255319148936,3,3,5,4
msg_941,node3,node0,317,1608000,1608014.0,14.0,,,,6.977443609022556,0.7843137254901961,1,0.5823095823095823,6.719101123595506,0,4.064824654622742,2,2,5,4
msg_942,node4,node0,317,1608000,1608014.0,14.0,,,,6.969924812030075,1.287037037037037,1,0.5823095823095823,6.719101123595506,0,4.064824654622742,2,2,5,4
msg_943,node0,node2,317,1614015,1614015.0,0.0,,,,0.5823095823095823,6.746268656716418,2,6.970149253731344,0.13402061855670103,0,4.085896076352068,2,2,5,2
msg_944,node0,node4,317,1614015,1614016.0,1.0,,,,0.5823095823095823,6.746268656716418,2,7.022388059701493,1.287037037037037,0,4.085896076352068,2,2,5,2
msg_945,node1,node0,317,1620000,1620011.0,11.0,,,,5.962686567164179,0.05,1,0.5819070904645477,6.746268656716418,0,4.078306878306878,4,4,5,4
msg_946,node2,node0,317,1620000,1620012.0,12.0,,,,6.970149253731344,0.1326530612244898,1,0.5819070904645477,6.746268656716418,0,4.078306878306878,4,4,5,4
msg_947,node3,node0,317,1620000,1620012.0,12.0,,,,7.029850746268656,0.7843137254901961,1,0.5819070904645477,6.763940520446097,0,4.093980992608237,2,2,5,4
msg_948,node4,node0,317,1620000,1620012.0,12.0,,,,7.022388059701493,1.2844036697247707,1,0.5819070904645477,6.77365491651206,0,4.102320675105485,1,1,5,4
msg_949,node0,node1,317,1626011,1626011.0,0.0,,,,0.5819070904645477,6.783333333333333,1,6.0,0.05,0,4.110642781875659,1,1,5,1
msg_950,node0,node2,317,1626012,1626012.0,0.0,,,,0.5804878048780487,6.783333333333333,2,7.007407407407407,0.1326530612244898,0,4.106315789473684,2,2,5,2
msg_951,node0,node3,317,1626012,1626013.0,1.0,,,,0.5804878048780487,6.783333333333333,2,7.066666666666666,0.7843137254901961,0,4.106315789473684,2,2,5,2
msg_952,node1,node0,317,1632000,1632011.0,11.0,,,,6.0,0.04950495049504951,1,0.5800970873786407,6.783333333333333,0,4.098739495798319,4,4,5,4
msg_953,node2,node0,317,1632000,1632012.0,12.0,,,,7.007407407407407,0.13131313131313133,1,0.5800970873786407,6.783333333333333,0,4.098739495798319,4,4,5,4
msg_954,node3,node0,317,1632000,1632012.0,12.0,,,,7.066666666666666,0.7864077669902912,1,0.5800970873786407,6.800738007380073,0,4.114255765199162,2,2,5,4
msg_955,node4,node0,317,1632000,1632012.0,12.0,,,,7.059259259259259,1.2844036697247707,1,0.5800970873786407,6.810313075506445,0,4.122513089005236,1,1,5,4
msg_956,node0,node2,317,1638014,1638014.0,0.0,,,,0.5800970873786407,6.819852941176471,2,7.044117647058823,0.13131313131313133,0,4.130753138075314,2,2,5,2
msg_957,node0,node4,317,1638014,1638015.0,1.0,,,,0.5786924939467313,6.819852941176471,2,7.095588235294118,1.2844036697247707,0,4.126436781609195,1,1,5,2
msg_958,node1,node0,317,1644000,1644011.0,11.0,,,,6.036764705882353,0.04950495049504951,1,0.5797101449275363,6.819852941176471,0,4.123173277661795,4,4,5,4
msg_959,node2,node0,317,1644000,1644012.0,12.0,,,,7.044117647058823,0.13,1,0.5797101449275363,6.819852941176471,0,4.123173277661795,4,4,5,4
msg_960,node3,node0,317,1644000,1644013.0,13.0,,,,7.102941176470588,0.7864077669902912,1,0.5797101449275363,6.836996336996337,0,4.138541666666667,2,2,5,4
msg_961,node4,node0,317,1644000,1644013.0,13.0,,,,7.095588235294118,1.2818181818181817,1,0.5797101449275363,6.848263254113346,0,4.1477627471383975,1,1,5,4
msg_962,node0,node1,317,1650011,1650011.0,0.0,,,,0.5797101449275363,6.859489051094891,1,6.072992700729927,0.04950495049504951,0,4.156964656964657,1,1,5,1
msg_963,node0,node2,317,1650012,1650012.0,0.0,,,,0.5783132530120482,6.859489051094891,3,7.08029197080292,0.13,0,4.1526479750778815,3,3,5,3
msg_964,node0,node3,317,1650012,1650013.0,1.0,,,,0.5783132530120482,6.859489051094891,3,7.145985401459854,0.7864077669902912,0,4.1526479750778815,3,3,5,3
msg_965,node0,node4,317,1650012,1650013.0,1.0,,,,0.5779376498800959,6.859489051094891,3,7.138686131386861,1.2818181818181817,0,4.1450777202072535,1,1,5,3
msg_966,node1,node0,317,1656000,1656014.0,14.0,,,,6.072992700729927,0.049019607843137254,1,0.5789473684210527,6.859489051094891,0,4.141821946169772,4,4,5,4
msg_967,node2,node0,317,1656000,1656015.0,15.0,,,,7.08029197080292,0.12871287128712872,1,0.5789473684210527,6.872495446265938,0,4.152016546018614,3,3,5,4
msg_968,node3,node0,317,1656000,1656015.0,15.0,,,,7.145985401459854,0.7884615384615384,1,0.5789473684210527,6.887272727272728,0,4.163223140495868,2,2,5,4
msg_969,node4,node0,317,1656000,1656015.0,15.0,,,,7.138686131386861,1.2792792792792793,1,0.5789473684210527,6.887272727272728,0,4.163223140495868,2,2,5,4
msg_970,node0,node1,317,1662011,1662011.0,0.0,,,,0.5789473684210527,6.916666666666667,1,6.130434782608695,0.049019607843137254,0,4.185567010309279,1,1,5,1
msg_971,node0,node2,317,1662012,1662012.0,0.0,,,,0.5775656324582339,6.916666666666667,3,7.13768115942029,0.12871287128712872,0,4.181256436663234,3,3,5,3
msg_972,node0,node3,317,1662012,1662013.0,1.0,,,,0.5775656324582339,6.916666666666667,3,7.202898550724638,0.7884615384615384,0,4.181256436663234,3,3,5,3
msg_973,node0,node4,317,1662012,1662013.0,1.0,,,,0.5771971496437055,6.916666666666667,3,7.195652173913044,1.2792792792792793,0,4.1736896197327855,1,1,5,3
msg_974,node1,node0,317,1668000,1668012.0,12.0,,,,6.130434782608695,0.04854368932038835,1,0.5781990521327014,6.916666666666667,0,4.170431211498974,4,4,5,4
msg_975,node2,node0,317,1668000,1668013.0,13.0,,,,7.13768115942029,0.12745098039215685,1,0.5781990521327014,6.925858951175407,0,4.178461538461539,3,3,5,4
msg_976,node3,node0,317,1668000,1668013.0,13.0,,,,7.202898550724638,0.7904761904761904,1,0.5781990521327014,6.925858951175407,0,4.178461538461539,3,3,5,4
msg_977,node4,node0,317,1668000,1668013.0,13.0,,,,7.195652173913044,1.2767857142857142,1,0.5781990521327014,6.947747747747748,0,4.1965199590583415,1,1,5,4
msg_978,node0,node1,317,1674011,1674011.0,0.0,,,,0.5781990521327014,6.9586330935251794,1,6.172661870503597,0.04854368932038835,0,4.205521472392638,1,1,5,1
msg_979,node0,node3,317,1674013,1674013.0,0.0,,,,0.5768321513002365,6.9586330935251794,2,7.244604316546763,0.7904761904761904,0,4.201225740551584,2,2,5,2
msg_980,node0,node4,317,1674013,1674014.0,1.0,,,,0.5754716981132075,6.9586330935251794,2,7.237410071942446,1.2767857142857142,0,4.196938775510204,1,1,5,2
msg_981,node1,node0,317,1680000,1680017.0,17.0,,,,6.172661870503597,0.04807692307692308,1,0.5764705882352941,6.976660682226212,0,4.206720977596741,3,3,5,4
msg_982,node2,node0,317,1680000,1680018.0,18.0,,,,7.179856115107913,0.12745098039215685,1,0.5764705882352941,6.994623655913978,0,4.219735503560529,2,2,5,4
msg_983,node3,node0,317,1680000,1680018.0,18.0,,,,7.244604316546763,0.7830188679245284,1,0.5764705882352941,6.994623655913978,0,4.219735503560529,2,2,5,4
msg_984,node4,node0,317,1680000,1680017.0,17.0,,,,7.237410071942446,1.2743362831858407,1,0.5764705882352941,6.9586330935251794,0,4.19367991845056,4,4,5,4
msg_985,node0,node2,317,1686015,1686015.0,0.0,,,,0.5764705882352941,7.0339285714285715,2,7.257142857142857,0.12745098039215685,0,4.247715736040609,2,2,5,2
msg_986,node0,node4,317,1686015,1686016.0,1.0,,,,0.5764705882352941,7.0339285714285715,2,7.307142857142857,1.2743362831858407,0,4.247715736040609,2,2,5,2
msg_987,node1,node0,317,1692000,1692012.0,12.0,,,,6.25,0.04807692307692308,1,0.5761124121779859,7.0339285714285715,0,4.240121580547113,4,4,5,4
msg_988,node2,node0,317,1692000,1692013.0,13.0,,,,7.257142857142857,0.1262135922330097,1,0.5761124121779859,7.042780748663102,0,4.247975708502024,3,3,5,4
msg_989,node3,node0,317,1692000,1692013.0,13.0,,,,7.321428571428571,0.7830188679245284,1,0.5761124121779859,7.042780748663102,0,4.247975708502024,3,3,5,4
msg_990,node4,node0,317,1692000,1692013.0,13.0,,,,7.307142857142857,1.2719298245614035,1,0.5761124121779859,7.063943161634103,0,4.265656565656566,1,1,5,4
msg_991,node0,node1,317,1698012,1698012.0,0.0,,,,0.5761124121779859,7.074468085106383,1,6.290780141843972,0.04807692307692308,0,4.274470232088799,1,1,5,1
msg_992,node0,node2,317,1698013,1698013.0,0.0,,,,0.5747663551401869,7.074468085106383,3,7.297872340425532,0.1262135922330097,0,4.270161290322581,3,3,5,3
msg_993,node0,node3,317,1698013,1698014.0,1.0,,,,0.5734265734265734,7.074468085106383,3,7.361702127659575,0.7830188679245284,0,4.265861027190332,2,2,5,3
msg_994,node0,node4,317,1698013,1698014.0,1.0,,,,0.5744186046511628,7.074468085106383,3,7.347517730496454,1.2719298245614035,0,4.262575452716298,1,1,5,3
msg_995,node1,node0,317,1704000,1704021.0,21.0,,,,6.290780141843972,0.047619047619047616,1,0.5754060324825986,7.074468085106383,0,4.2592964824120605,4,4,5,4
msg_996,node2,node0,317,1704000,1704022.0,22.0,,,,7.297872340425532,0.125,1,0.5754060324825986,7.099115044247788,0,4.276104417670683,3,3,5,4
msg_997,node3,node0,317,1704000,1704022.0,22.0,,,,7.361702127659575,0.7850467289719626,1,0.5754060324825986,7.125441696113074,0,4.293881644934804,2,2,5,4
msg_998,node4,node0,317,1704000,1704022.0,22.0,,,,7.347517730496454,1.2695652173913043,1,0.5754060324825986,7.125441696113074,0,4.293881644934804,2,2,5,4
msg_999,node0,node1,317,1710017,1710017.0,0.0,,,,0.5754060324825986,7.177816901408451,1,6.394366197183099,0.047619047619047616,0,4.32932932932933,1,1,5,1
msg_1000,node0,node2,317,1710018,1710018.0,0.0,,,,0.5740740740740741,7.177816901408451,2,7.401408450704225,0.125,0,4.325,2,2,5,2
msg_1001,node0,node3,317,1710018,1710019.0,1.0,,,,0.5727482678983834,7.177816901408451,2,7.464788732394366,0.7850467289719626,0,4.320679320679321,1,1,5,2
msg_1002,node1,node0,317,1716000,1716013.0,13.0,,,,6.394366197183099,0.04716981132075472,1,0.5737327188940092,7.177816901408451,0,4.317365269461078,4,4,5,4
msg_1003,node2,node0,317,1716000,1716014.0,14.0,,,,7.401408450704225,0.12380952380952381,1,0.5737327188940092,7.177816901408451,0,4.317365269461078,4,4,5,4
msg_1004,node3,node0,317,1716000,1716014.0,14.0,,,,7.464788732394366,0.7870370370370371,1,0.5737327188940092,7.2,0,4.335657370517929,2,2,5,4
msg_1005,node4,node0,317,1716000,1716014.0,14.0,,,,7.450704225352113,1.2695652173913043,1,0.5737327188940092,7.211908931698774,0,4.345273631840796,1,1,5,4
msg_1006,node0,node1,317,1722012,1722012.0,0.0,,,,0.5737327188940092,7.223776223776224,1,6.440559440559441,0.04716981132075472,0,4.354870775347912,1,1,5,1
msg_1007,node0,node2,317,1722013,1722013.0,0.0,,,,0.5724137931034483,7.223776223776224,2,7.4475524475524475,0.12380952380952381,0,4.350546176762661,2,2,5,2
msg_1008,node0,node4,317,1722013,1722014.0,1.0,,,,0.5711009174311926,7.223776223776224,2,7.496503496503497,1.2695652173913043,0,4.346230158730159,1,1,5,2
msg_1009,node1,node0,317,1728000,1728013.0,13.0,,,,6.440559440559441,0.04672897196261682,1,0.5720823798627003,7.223776223776224,0,4.342913776015857,4,4,5,4
msg_1010,node2,node0,317,1728000,1728014.0,14.0,,,,7.4475524475524475,0.12264150943396226,1,0.5720823798627003,7.233856893542757,0,4.351485148514851,3,3,5,4
msg_1011,node3,node0,317,1728000,1728014.0,14.0,,,,7.510489510489511,0.7870370370370371,1,0.5720823798627003,7.2456445993031355,0,4.361028684470821,2,2,5,4
msg_1012,node4,node0,317,1728000,1728014.0,14.0,,,,7.496503496503497,1.2672413793103448,1,0.5720823798627003,7.257391304347826,0,4.370553359683795,1,1,5,4
msg_1013,node0,node1,317,1734021,1734021.0,0.0,,,,0.5720823798627003,7.269097222222222,1,6.486111111111111,0.04672897196261682,0,4.380059230009872,1,1,5,1
msg_1014,node0,node2,317,1734022,1734022.0,0.0,,,,0.5707762557077626,7.269097222222222,3,7.493055555555555,0.12264150943396226,0,4.375739644970414,3,3,5,3
msg_1015,node0,node3,317,1734022,1734023.0,1.0,,,,0.5707762557077626,7.269097222222222,3,7.555555555555555,0.7870370370370371,0,4.375739644970414,3,3,5,3
msg_1016,node0,node4,317,1734022,1734023.0,1.0,,,,0.5704545454545454,7.269097222222222,3,7.541666666666667,1.2672413793103448,0,4.368110236220472,1,1,5,3
msg_1017,node1,node0,317,1740000,1740013.0,13.0,,,,6.486111111111111,0.046296296296296294,1,0.5714285714285714,7.269097222222222,0,4.364798426745329,4,4,5,4
msg_1018,node2,node0,317,1740000,1740014.0,14.0,,,,7.493055555555555,0.12149532710280374,1,0.5714285714285714,7.279029462738301,0,4.373280943025541,3,3,5,4
msg_1019,node3,node0,317,1740000,1740014.0,14.0,,,,7.555555555555555,0.7889908256880734,1,0.5714285714285714,7.279029462738301,0,4.373280943025541,3,3,5,4
msg_1020,node4,node0,317,1740000,1740014.0,14.0,,,,7.541666666666667,1.264957264957265,1,0.5714285714285714,7.3022452504317785,0,4.392156862745098,1,1,5,4
msg_1021,node0,node1,317,1746013,1746013.0,0.0,,,,0.5714285714285714,7.313793103448276,1,6.531034482758621,0.046296296296296294,0,4.40156709108717,1,1,5,1
msg_1022,node0,node2,317,1746014,1746014.0,0.0,,,,0.5701357466063348,7.313793103448276,2,7.537931034482758,0.12149532710280374,0,4.397260273972603,2,2,5,2
msg_1023,node0,node3,317,1746014,1746015.0,1.0,,,,0.5688487584650113,7.313793103448276,2,7.6,0.7889908256880734,0,4.392961876832844,1,1,5,2
msg_1024,node1,node0,317,1752000,1752014.0,14.0,,,,6.531034482758621,0.045871559633027525,1,0.5698198198198198,7.325301204819277,0,4.399024390243903,3,3,5,4
msg_1025,node2,node0,317,1752000,1752015.0,15.0,,,,7.537931034482758,0.12037037037037036,1,0.5698198198198198,7.3367697594501715,0,4.408382066276803,2,2,5,4
msg_1026,node3,node0,317,1752000,1752015.0,15.0,,,,7.6,0.7909090909090909,1,0.5698198198198198,7.3367697594501715,0,4.408382066276803,2,2,5,4
msg_1027,node4,node0,317,1752000,1752014.0,14.0,,,,7.586206896551724,1.264957264957265,1,0.5698198198198198,7.313793103448276,0,4.3896484375,4,4,5,4
msg_1028,node0,node1,317,1758013,1758013.0,0.0,,,,0.5698198198198198,7.363013698630137,1,6.582191780821918,0.045871559633027525,0,4.428988326848249,1,1,5,1
msg_1029,node0,node2,317,1758014,1758014.0,0.0,,,,0.5685393258426966,7.363013698630137,2,7.589041095890411,0.12037037037037036,0,4.424684159378037,2,2,5,2
msg_1030,node0,node3,317,1758014,1758015.0,1.0,,,,0.5672645739910314,7.363013698630137,2,7.6506849315068495,0.7909090909090909,0,4.420388349514563,1,1,5,2
msg_1031,node1,node0,317,1764000,1764017.0,17.0,,,,6.582191780821918,0.045454545454545456,1,0.5682326621923938,7.363013698630137,0,4.417070805043647,4,4,5,4
msg_1032,node2,node0,317,1764000,1764018.0,18.0,,,,7.589041095890411,0.11926605504587157,1,0.5682326621923938,7.37948717948718,0,4.429263565891473,3,3,5,4
msg_1033,node3,node0,317,1764000,1764018.0,18.0,,,,7.6506849315068495,0.7927927927927928,1,0.5682326621923938,7.415672913117547,0,4.455512572533849,1,1,5,4
msg_1034,node4,node0,317,1764000,1764018.0,18.0,,,,7.63013698630137,1.264957264957265,1,0.5682326621923938,7.37948717948718,0,4.429263565891473,3,3,5,4
msg_1035,node1,node0,317,1776000,1776012.0,12.0,,,,6.653061224489796,0.045454545454545456,1,0.5682326621923938,7.433673469387755,0,4.468599033816425,4,4,5,4
msg_1036,node2,node0,317,1776000,1776013.0,13.0,,,,7.659863945578231,0.11926605504587157,1,0.5682326621923938,7.433673469387755,0,4.468599033816425,4,4,5,4
msg_1037,node3,node0,317,1776000,1776014.0,14.0,,,,7.72108843537415,0.7927927927927928,1,0.5682326621923938,7.450847457627119,0,4.484088717454195,2,2,5,4
msg_1038,node4,node0,317,1776000,1776014.0,14.0,,,,7.700680272108843,1.264957264957265,1,0.5682326621923938,7.461928934010152,0,4.493256262042389,1,1,5,4
msg_1039,node0,node4,317,1782014,1782015.0,1.0,,,,0.5682326621923938,7.472972972972973,2,7.743243243243243,1.264957264957265,0,4.502406159769008,4,4,5,2
msg_1040,node0,node1,317,1782014,1782015.0,1.0,,,,0.5691964285714286,7.472972972972973,2,6.6891891891891895,0.045454545454545456,0,4.499038461538461,3,3,5,2
msg_1041,node0,node2,317,1782015,1782016.0,1.0,,,,0.5691964285714286,7.472972972972973,2,7.695945945945946,0.11926605504587157,0,4.499038461538461,3,3,5,2
msg_1042,node0,node3,317,1782015,1782017.0,2.0,,,,0.5711111111111111,7.472972972972973,2,7.763513513513513,0.7927927927927928,0,4.492322456813819,1,1,5,2
msg_1043,node1,node0,317,1788000,1788013.0,13.0,,,,6.6891891891891895,0.05405405405405406,1,0.5742793791574279,7.472972972972973,0,4.489932885906041,4,4,5,4
msg_1044,node2,node0,317,1788000,1788014.0,14.0,,,,7.695945945945946,0.12727272727272726,1,0.5742793791574279,7.482293423271501,0,4.498084291187739,3,3,5,4
msg_1045,node3,node0,317,1788000,1788014.0,14.0,,,,7.763513513513513,0.8035714285714286,1,0.5742793791574279,7.493265993265993,0,4.507177033492823,2,2,5,4
msg_1046,node4,node0,317,1788000,1788014.0,14.0,,,,7.743243243243243,1.2627118644067796,1,0.5742793791574279,7.493265993265993,0,4.507177033492823,2,2,5,4
msg_1047,node0,node1,317,1794017,1794017.0,0.0,,,,0.5742793791574279,7.51510067114094,1,6.731543624161074,0.05405405405405406,0,4.52531041069723,1,1,5,1
msg_1048,node0,node4,317,1794018,,,,,,0.5717439293598234,7.51510067114094,2,7.785234899328859,1.2627118644067796,0,4.516682554814109,5,5,5,2
msg_1049,node0,node3,317,1794018,1794018.0,0.0,,,,0.5730088495575221,7.51510067114094,2,7.805369127516778,0.8035714285714286,0,4.520992366412214,2,2,5,2
msg_1050,node1,node0,317,1800000,,,,,,6.731543624161074,0.05357142857142857,1,0.5717439293598234,7.51510067114094,0,4.516682554814109,5,5,5,4
msg_1051,node2,node0,317,1800000,,,,,,7.738255033557047,0.12727272727272726,1,0.5717439293598234,7.51510067114094,0,4.516682554814109,5,5,5,4
msg_1052,node3,node0,317,1800000,,,,,,7.805369127516778,0.7964601769911505,1,0.5717439293598234,7.51510067114094,0,4.516682554814109,5,5,5,4
msg_1053,node4,node0,317,1800000,,,,,,7.785234899328859,1.2627118644067796,1,0.5717439293598234,7.51510067114094,0,4.516682554814109,5,5,5,4
