msg_id,sender,receiver,payload_size_B,time_send_ms,time_receive_ms,actual_delay_ms,online_predicted_delay_ms,cluster_predicted_delay_ms,weighted_predicted_delay_ms,sender_average_outgoing_delay_ms,sender_average_incoming_delay_ms,sender_num_messages_sent_simultaneously,receiver_average_outgoing_delay_ms,receiver_average_incoming_delay_ms,receiver_num_messages_sent_simultaneously,network_average_delay_ms,network_num_messages_in_transit,network_num_busy_links,network_num_network_nodes,network_num_messages_sent_simultaneously
msg_0,node49,node0,317,60000,60002.0,2.0,,,,,,49,,,0,,49,49,50,49
msg_1,node49,node1,317,60000,60002.0,2.0,,,,2.0,,49,,,0,2.0,48,48,50,49
msg_2,node49,node2,317,60000,60003.0,3.0,,,,2.0,,49,,,0,2.0,48,48,50,49
msg_3,node49,node3,317,60000,60004.0,4.0,,,,2.3333333333333335,,49,,,0,2.3333333333333335,46,46,50,49
msg_4,node49,node4,317,60000,,,,,,7.143876337693222,,49,,,0,7.143876337693222,629,49,50,49
msg_5,node49,node5,317,60000,,,,,,7.143876337693222,,49,,,0,7.143876337693222,629,49,50,49
msg_6,node49,node6,317,60000,60004.0,4.0,,,,2.75,,49,,,0,2.75,45,45,50,49
msg_7,node49,node7,317,60000,60005.0,5.0,,,,3.4285714285714284,,49,,,0,3.4285714285714284,42,42,50,49
msg_8,node49,node8,317,60000,60006.0,6.0,,,,3.4285714285714284,,49,,,0,3.4285714285714284,42,42,50,49
msg_9,node49,node9,317,60000,60006.0,6.0,,,,3.888888888888889,,49,,,0,3.888888888888889,40,40,50,49
msg_10,node49,node10,319,60000,60004.0,4.0,,,,2.75,,49,,,0,2.75,45,45,50,49
msg_11,node49,node11,319,60000,,,,,,7.143876337693222,,49,,,0,7.143876337693222,629,49,50,49
msg_12,node49,node12,319,60000,,,,,,7.143876337693222,,49,,,0,7.143876337693222,629,49,50,49
msg_13,node49,node13,319,60000,60006.0,6.0,,,,4.1,,49,,,0,4.1,39,39,50,49
msg_14,node49,node14,319,60000,60005.0,5.0,,,,3.1666666666666665,,49,,,0,3.1666666666666665,43,43,50,49
msg_15,node49,node15,319,60000,60007.0,7.0,,,,4.1,,49,,,0,4.1,39,39,50,49
msg_16,node49,node16,319,60000,,,,,,7.143876337693222,,49,,,0,7.143876337693222,629,49,50,49
msg_17,node49,node17,319,60000,60008.0,8.0,,,,4.928571428571429,,49,,,0,4.928571428571429,35,35,50,49
msg_18,node49,node18,319,60000,,,,,,7.143876337693222,,49,,,0,7.143876337693222,629,49,50,49
msg_19,node49,node19,319,60000,,,,,,7.143876337693222,,49,,,0,7.143876337693222,629,49,50,49
msg_20,node49,node20,319,60000,60008.0,8.0,,,,5.133333333333334,,49,,,0,5.133333333333334,34,34,50,49
msg_21,node49,node21,319,60000,60007.0,7.0,,,,4.5,,49,,,0,4.5,37,37,50,49
msg_22,node49,node22,319,60000,,,,,,7.143876337693222,,49,,,0,7.143876337693222,629,49,50,49
msg_23,node49,node23,319,60000,,,,,,7.143876337693222,,49,,,0,7.143876337693222,629,49,50,49
msg_24,node49,node24,319,60000,60009.0,9.0,,,,5.133333333333334,,49,,,0,5.133333333333334,34,34,50,49
msg_25,node49,node25,319,60000,60009.0,9.0,,,,5.529411764705882,,49,,,0,5.529411764705882,32,32,50,49
msg_26,node49,node26,319,60000,,,,,,7.143876337693222,,49,,,0,7.143876337693222,629,49,50,49
msg_27,node49,node27,319,60000,60009.0,9.0,,,,5.722222222222222,,49,,,0,5.722222222222222,31,31,50,49
msg_28,node49,node28,319,60000,,,,,,7.143876337693222,,49,,,0,7.143876337693222,629,49,50,49
msg_29,node49,node29,319,60000,,,,,,7.143876337693222,,49,,,0,7.143876337693222,629,49,50,49
msg_30,node49,node30,319,60000,,,,,,7.143876337693222,,49,,,0,7.143876337693222,629,49,50,49
msg_31,node49,node31,319,60000,60008.0,8.0,,,,4.5,,49,,,0,4.5,37,37,50,49
msg_32,node49,node32,319,60000,60009.0,9.0,,,,5.894736842105263,,49,,,0,5.894736842105263,30,30,50,49
msg_33,node49,node33,319,60000,60011.0,11.0,,,,6.05,,49,,,0,6.05,29,29,50,49
msg_34,node49,node34,319,60000,,,,,,7.143876337693222,,49,,,0,7.143876337693222,629,49,50,49
msg_35,node49,node35,319,60000,60011.0,11.0,,,,6.05,,49,,,0,6.05,29,29,50,49
msg_36,node49,node36,319,60000,60011.0,11.0,,,,6.5,,49,,,0,6.5,27,27,50,49
msg_37,node49,node37,319,60000,60012.0,12.0,,,,6.695652173913044,,49,,,0,6.695652173913044,26,26,50,49
msg_38,node49,node38,319,60000,,,,,,7.143876337693222,,49,,,0,7.143876337693222,629,49,50,49
msg_39,node49,node39,319,60000,,,,,,7.143876337693222,,49,,,0,7.143876337693222,629,49,50,49
msg_40,node49,node40,319,60000,60012.0,12.0,,,,6.916666666666667,,49,,,0,6.916666666666667,25,25,50,49
msg_41,node49,node41,319,60000,60012.0,12.0,,,,6.916666666666667,,49,,,0,6.916666666666667,25,25,50,49
msg_42,node49,node42,319,60000,,,,,,7.143876337693222,,49,,,0,7.143876337693222,629,49,50,49
msg_43,node49,node43,319,60000,,,,,,7.143876337693222,,49,,,0,7.143876337693222,629,49,50,49
msg_44,node49,node44,319,60000,60013.0,13.0,,,,7.3076923076923075,,49,,,0,7.3076923076923075,23,23,50,49
msg_45,node49,node45,319,60000,60013.0,13.0,,,,7.518518518518518,,49,,,0,7.518518518518518,22,22,50,49
msg_46,node49,node46,319,60000,60013.0,13.0,,,,7.714285714285714,,49,,,0,7.714285714285714,21,21,50,49
msg_47,node49,node47,319,60000,,,,,,7.143876337693222,,49,,,0,7.143876337693222,629,49,50,49
msg_48,node49,node48,319,60000,,,,,,7.143876337693222,,49,,,0,7.143876337693222,629,49,50,49
msg_49,node49,node0,318,120000,120002.0,2.0,,,,7.896551724137931,,49,,2.0,0,7.896551724137931,69,49,50,49
msg_50,node49,node1,318,120000,120002.0,2.0,,,,7.896551724137931,,49,,2.0,0,7.896551724137931,69,49,50,49
msg_51,node49,node2,318,120000,120003.0,3.0,,,,7.516129032258065,,49,,3.0,0,7.516129032258065,67,47,50,49
msg_52,node49,node3,318,120000,120003.0,3.0,,,,7.375,,49,,4.0,0,7.375,66,46,50,49
msg_53,node49,node4,318,120000,,,,,,7.143876337693222,,49,,,0,7.143876337693222,629,49,50,49
msg_54,node49,node5,318,120000,,,,,,7.143876337693222,,49,,,0,7.143876337693222,629,49,50,49
msg_55,node49,node6,318,120000,120004.0,4.0,,,,7.0285714285714285,,49,,4.0,0,7.0285714285714285,63,43,50,49
msg_56,node49,node7,318,120000,120005.0,5.0,,,,7.0285714285714285,,49,,5.0,0,7.0285714285714285,63,43,50,49
msg_57,node49,node8,318,120000,120005.0,5.0,,,,6.891891891891892,,49,,6.0,0,6.891891891891892,61,41,50,49
msg_58,node49,node9,318,120000,120005.0,5.0,,,,6.842105263157895,,49,,6.0,0,6.842105263157895,60,40,50,49
msg_59,node49,node10,319,120000,120003.0,3.0,,,,7.242424242424242,,49,,4.0,0,7.242424242424242,65,45,50,49
msg_60,node49,node11,319,120000,,,,,,7.143876337693222,,49,,,0,7.143876337693222,629,49,50,49
msg_61,node49,node12,319,120000,,,,,,7.143876337693222,,49,,,0,7.143876337693222,629,49,50,49
msg_62,node49,node13,319,120000,120006.0,6.0,,,,6.842105263157895,,49,,6.0,0,6.842105263157895,60,40,50,49
msg_63,node49,node14,319,120000,120004.0,4.0,,,,7.242424242424242,,49,,5.0,0,7.242424242424242,65,45,50,49
msg_64,node49,node15,319,120000,120007.0,7.0,,,,6.7560975609756095,,49,,7.0,0,6.7560975609756095,57,37,50,49
msg_65,node49,node16,319,120000,,,,,,7.143876337693222,,49,,,0,7.143876337693222,629,49,50,49
msg_66,node49,node17,319,120000,120007.0,7.0,,,,6.7560975609756095,,49,,8.0,0,6.7560975609756095,57,37,50,49
msg_67,node49,node18,319,120000,,,,,,7.143876337693222,,49,,,0,7.143876337693222,629,49,50,49
msg_68,node49,node19,319,120000,,,,,,7.143876337693222,,49,,,0,7.143876337693222,629,49,50,49
msg_69,node49,node20,319,120000,120007.0,7.0,,,,6.767441860465116,,49,,8.0,0,6.767441860465116,55,35,50,49
msg_70,node49,node21,319,120000,120006.0,6.0,,,,6.775,,49,,7.0,0,6.775,58,38,50,49
msg_71,node49,node22,319,120000,,,,,,7.143876337693222,,49,,,0,7.143876337693222,629,49,50,49
msg_72,node49,node23,319,120000,,,,,,7.143876337693222,,49,,,0,7.143876337693222,629,49,50,49
msg_73,node49,node24,319,120000,120008.0,8.0,,,,6.7727272727272725,,49,,9.0,0,6.7727272727272725,54,34,50,49
msg_74,node49,node25,319,120000,120008.0,8.0,,,,6.7727272727272725,,49,,9.0,0,6.7727272727272725,54,34,50,49
msg_75,node49,node26,319,120000,,,,,,7.143876337693222,,49,,,0,7.143876337693222,629,49,50,49
msg_76,node49,node27,319,120000,120008.0,8.0,,,,6.826086956521739,,49,,9.0,0,6.826086956521739,52,32,50,49
msg_77,node49,node28,319,120000,,,,,,7.143876337693222,,49,,,0,7.143876337693222,629,49,50,49
msg_78,node49,node29,319,120000,,,,,,7.143876337693222,,49,,,0,7.143876337693222,629,49,50,49
msg_79,node49,node30,319,120000,,,,,,7.143876337693222,,49,,,0,7.143876337693222,629,49,50,49
msg_80,node49,node31,319,120000,120008.0,8.0,,,,6.851063829787234,,49,,8.0,0,6.851063829787234,51,31,50,49
msg_81,node49,node32,319,120000,120009.0,9.0,,,,6.875,,49,,9.0,0,6.875,50,30,50,49
msg_82,node49,node33,319,120000,120010.0,10.0,,,,6.918367346938775,,49,,11.0,0,6.918367346938775,49,29,50,49
msg_83,node49,node34,319,120000,,,,,,7.143876337693222,,49,,,0,7.143876337693222,629,49,50,49
msg_84,node49,node35,319,120000,120010.0,10.0,,,,6.918367346938775,,49,,11.0,0,6.918367346938775,49,29,50,49
msg_85,node49,node36,319,120000,120010.0,10.0,,,,7.03921568627451,,49,,11.0,0,7.03921568627451,47,27,50,49
msg_86,node49,node37,319,120000,120011.0,11.0,,,,7.096153846153846,,49,,12.0,0,7.096153846153846,46,26,50,49
msg_87,node49,node38,319,120000,,,,,,7.143876337693222,,49,,,0,7.143876337693222,629,49,50,49
msg_88,node49,node39,319,120000,,,,,,7.143876337693222,,49,,,0,7.143876337693222,629,49,50,49
msg_89,node49,node40,319,120000,120011.0,11.0,,,,7.169811320754717,,49,,12.0,0,7.169811320754717,45,25,50,49
msg_90,node49,node41,319,120000,120011.0,11.0,,,,7.2407407407407405,,49,,12.0,0,7.2407407407407405,44,24,50,49
msg_91,node49,node42,319,120000,,,,,,7.143876337693222,,49,,,0,7.143876337693222,629,49,50,49
msg_92,node49,node43,319,120000,,,,,,7.143876337693222,,49,,,0,7.143876337693222,629,49,50,49
msg_93,node49,node44,319,120000,120012.0,12.0,,,,7.2407407407407405,,49,,13.0,0,7.2407407407407405,44,24,50,49
msg_94,node49,node45,319,120000,120012.0,12.0,,,,7.392857142857143,,49,,13.0,0,7.392857142857143,42,22,50,49
msg_95,node49,node46,319,120000,120012.0,12.0,,,,7.392857142857143,,49,,13.0,0,7.392857142857143,42,22,50,49
msg_96,node49,node47,319,120000,,,,,,7.143876337693222,,49,,,0,7.143876337693222,629,49,50,49
msg_97,node49,node48,319,120000,,,,,,7.143876337693222,,49,,,0,7.143876337693222,629,49,50,49
msg_98,node49,node0,318,180000,180002.0,2.0,,,,7.551724137931035,,49,,2.0,0,7.551724137931035,89,49,50,49
msg_99,node49,node1,318,180000,180002.0,2.0,,,,7.4576271186440675,,49,,2.0,0,7.4576271186440675,88,48,50,49
msg_100,node49,node2,319,180000,180003.0,3.0,,,,7.366666666666666,,49,,3.0,0,7.366666666666666,87,47,50,49
msg_101,node49,node3,319,180000,180003.0,3.0,,,,7.366666666666666,,49,,3.5,0,7.366666666666666,87,47,50,49
msg_102,node49,node4,319,180000,,,,,,7.143876337693222,,49,,,0,7.143876337693222,629,49,50,49
msg_103,node49,node5,319,180000,,,,,,7.143876337693222,,49,,,0,7.143876337693222,629,49,50,49
msg_104,node49,node6,319,180000,180004.0,4.0,,,,7.225806451612903,,49,,4.0,0,7.225806451612903,85,45,50,49
msg_105,node49,node7,319,180000,180005.0,5.0,,,,7.109375,,49,,5.0,0,7.109375,83,43,50,49
msg_106,node49,node8,319,180000,180005.0,5.0,,,,7.076923076923077,,49,,5.5,0,7.076923076923077,82,42,50,49
msg_107,node49,node9,319,180000,180005.0,5.0,,,,7.014925373134329,,49,,5.5,0,7.014925373134329,80,40,50,49
msg_108,node49,node10,320,180000,180003.0,3.0,,,,7.225806451612903,,49,,3.5,0,7.225806451612903,85,45,50,49
msg_109,node49,node11,320,180000,,,,,,7.143876337693222,,49,,,0,7.143876337693222,629,49,50,49
msg_110,node49,node12,320,180000,,,,,,7.143876337693222,,49,,,0,7.143876337693222,629,49,50,49
msg_111,node49,node13,320,180000,180006.0,6.0,,,,6.985294117647059,,49,,6.0,0,6.985294117647059,79,39,50,49
msg_112,node49,node14,320,180000,180005.0,5.0,,,,7.076923076923077,,49,,4.5,0,7.076923076923077,82,42,50,49
msg_113,node49,node15,320,180000,180007.0,7.0,,,,6.957142857142857,,49,,7.0,0,6.957142857142857,77,37,50,49
msg_114,node49,node16,320,180000,,,,,,7.143876337693222,,49,,,0,7.143876337693222,629,49,50,49
msg_115,node49,node17,320,180000,180007.0,7.0,,,,6.957746478873239,,49,,7.5,0,6.957746478873239,76,36,50,49
msg_116,node49,node18,320,180000,,,,,,7.143876337693222,,49,,,0,7.143876337693222,629,49,50,49
msg_117,node49,node19,320,180000,,,,,,7.143876337693222,,49,,,0,7.143876337693222,629,49,50,49
msg_118,node49,node20,320,180000,180007.0,7.0,,,,6.957746478873239,,49,,7.5,0,6.957746478873239,76,36,50,49
msg_119,node49,node21,320,180000,180006.0,6.0,,,,6.985294117647059,,49,,6.5,0,6.985294117647059,79,39,50,49
msg_120,node49,node22,320,180000,,,,,,7.143876337693222,,49,,,0,7.143876337693222,629,49,50,49
msg_121,node49,node23,320,180000,,,,,,7.143876337693222,,49,,,0,7.143876337693222,629,49,50,49
msg_122,node49,node24,320,180000,180009.0,9.0,,,,6.958904109589041,,49,,8.5,0,6.958904109589041,74,34,50,49
msg_123,node49,node25,320,180000,180009.0,9.0,,,,6.986486486486487,,49,,8.5,0,6.986486486486487,73,33,50,49
msg_124,node49,node26,320,180000,,,,,,7.143876337693222,,49,,,0,7.143876337693222,629,49,50,49
msg_125,node49,node27,320,180000,180009.0,9.0,,,,7.064935064935065,,49,,8.5,0,7.064935064935065,70,30,50,49
msg_126,node49,node28,320,180000,,,,,,7.143876337693222,,49,,,0,7.143876337693222,629,49,50,49
msg_127,node49,node29,320,180000,,,,,,7.143876337693222,,49,,,0,7.143876337693222,629,49,50,49
msg_128,node49,node30,320,180000,,,,,,7.143876337693222,,49,,,0,7.143876337693222,629,49,50,49
msg_129,node49,node31,320,180000,180009.0,9.0,,,,6.986486486486487,,49,,8.0,0,6.986486486486487,73,33,50,49
msg_130,node49,node32,320,180000,180009.0,9.0,,,,7.0394736842105265,,49,,9.0,0,7.0394736842105265,71,31,50,49
msg_131,node49,node33,320,180000,180010.0,10.0,,,,7.064935064935065,,49,,10.5,0,7.064935064935065,70,30,50,49
msg_132,node49,node34,320,180000,,,,,,7.143876337693222,,49,,,0,7.143876337693222,629,49,50,49
msg_133,node49,node35,320,180000,180011.0,11.0,,,,7.1265822784810124,,49,,10.5,0,7.1265822784810124,68,28,50,49
msg_134,node49,node36,320,180000,180011.0,11.0,,,,7.175,,49,,10.5,0,7.175,67,27,50,49
msg_135,node49,node37,320,180000,180012.0,12.0,,,,7.222222222222222,,49,,11.5,0,7.222222222222222,66,26,50,49
msg_136,node49,node38,320,180000,,,,,,7.143876337693222,,49,,,0,7.143876337693222,629,49,50,49
msg_137,node49,node39,320,180000,,,,,,7.143876337693222,,49,,,0,7.143876337693222,629,49,50,49
msg_138,node49,node40,320,180000,180012.0,12.0,,,,7.280487804878049,,49,,11.5,0,7.280487804878049,65,25,50,49
msg_139,node49,node41,320,180000,180012.0,12.0,,,,7.280487804878049,,49,,11.5,0,7.280487804878049,65,25,50,49
msg_140,node49,node42,320,180000,,,,,,7.143876337693222,,49,,,0,7.143876337693222,629,49,50,49
msg_141,node49,node43,320,180000,,,,,,7.143876337693222,,49,,,0,7.143876337693222,629,49,50,49
msg_142,node49,node44,320,180000,180013.0,13.0,,,,7.392857142857143,,49,,12.5,0,7.392857142857143,63,23,50,49
msg_143,node49,node45,320,180000,180013.0,13.0,,,,7.392857142857143,,49,,12.5,0,7.392857142857143,63,23,50,49
msg_144,node49,node46,320,180000,180013.0,13.0,,,,7.523255813953488,,49,,12.5,0,7.523255813953488,61,21,50,49
msg_145,node49,node47,320,180000,,,,,,7.143876337693222,,49,,,0,7.143876337693222,629,49,50,49
msg_146,node49,node48,320,180000,,,,,,7.143876337693222,,49,,,0,7.143876337693222,629,49,50,49
msg_147,node49,node0,319,240000,240001.0,1.0,,,,7.586206896551724,,49,,2.0,0,7.586206896551724,109,49,50,49
msg_148,node49,node1,319,240000,240001.0,1.0,,,,7.511363636363637,,49,,2.0,0,7.511363636363637,108,48,50,49
msg_149,node49,node2,319,240000,240002.0,2.0,,,,7.438202247191011,,49,,3.0,0,7.438202247191011,107,47,50,49
msg_150,node49,node3,319,240000,240002.0,2.0,,,,7.438202247191011,,49,,3.3333333333333335,0,7.438202247191011,107,47,50,49
msg_151,node49,node4,319,240000,,,,,,7.143876337693222,,49,,,0,7.143876337693222,629,49,50,49
msg_152,node49,node5,319,240000,,,,,,7.143876337693222,,49,,,0,7.143876337693222,629,49,50,49
msg_153,node49,node6,319,240000,240004.0,4.0,,,,7.180851063829787,,49,,4.0,0,7.180851063829787,102,42,50,49
msg_154,node49,node7,319,240000,240005.0,5.0,,,,7.147368421052631,,49,,5.0,0,7.147368421052631,101,41,50,49
msg_155,node49,node8,319,240000,240005.0,5.0,,,,7.125,,49,,5.333333333333333,0,7.125,100,40,50,49
msg_156,node49,node9,319,240000,240005.0,5.0,,,,7.103092783505154,,49,,5.333333333333333,0,7.103092783505154,99,39,50,49
msg_157,node49,node10,320,240000,240002.0,2.0,,,,7.318681318681318,,49,,3.3333333333333335,0,7.318681318681318,105,45,50,49
msg_158,node49,node11,320,240000,,,,,,7.143876337693222,,49,,,0,7.143876337693222,629,49,50,49
msg_159,node49,node12,320,240000,,,,,,7.143876337693222,,49,,,0,7.143876337693222,629,49,50,49
msg_160,node49,node13,320,240000,240006.0,6.0,,,,7.103092783505154,,49,,6.0,0,7.103092783505154,99,39,50,49
msg_161,node49,node14,320,240000,240003.0,3.0,,,,7.260869565217392,,49,,4.666666666666667,0,7.260869565217392,104,44,50,49
msg_162,node49,node15,320,240000,240006.0,6.0,,,,7.070707070707071,,49,,7.0,0,7.070707070707071,97,37,50,49
msg_163,node49,node16,320,240000,,,,,,7.143876337693222,,49,,,0,7.143876337693222,629,49,50,49
msg_164,node49,node17,320,240000,240006.0,6.0,,,,7.06,,49,,7.333333333333333,0,7.06,96,36,50,49
msg_165,node49,node18,320,240000,,,,,,7.143876337693222,,49,,,0,7.143876337693222,629,49,50,49
msg_166,node49,node19,320,240000,,,,,,7.143876337693222,,49,,,0,7.143876337693222,629,49,50,49
msg_167,node49,node20,320,240000,240007.0,7.0,,,,7.038834951456311,,49,,7.333333333333333,0,7.038834951456311,93,33,50,49
msg_168,node49,node21,320,240000,240004.0,4.0,,,,7.260869565217392,,49,,6.333333333333333,0,7.260869565217392,104,44,50,49
msg_169,node49,node22,320,240000,,,,,,7.143876337693222,,49,,,0,7.143876337693222,629,49,50,49
msg_170,node49,node23,320,240000,,,,,,7.143876337693222,,49,,,0,7.143876337693222,629,49,50,49
msg_171,node49,node24,320,240000,240008.0,8.0,,,,7.038834951456311,,49,,8.666666666666666,0,7.038834951456311,93,33,50,49
msg_172,node49,node25,320,240000,240008.0,8.0,,,,7.0476190476190474,,49,,8.666666666666666,0,7.0476190476190474,91,31,50,49
msg_173,node49,node26,320,240000,,,,,,7.143876337693222,,49,,,0,7.143876337693222,629,49,50,49
msg_174,node49,node27,320,240000,240008.0,8.0,,,,7.056603773584905,,49,,8.666666666666666,0,7.056603773584905,90,30,50,49
msg_175,node49,node28,320,240000,,,,,,7.143876337693222,,49,,,0,7.143876337693222,629,49,50,49
msg_176,node49,node29,320,240000,,,,,,7.143876337693222,,49,,,0,7.143876337693222,629,49,50,49
msg_177,node49,node30,320,240000,,,,,,7.143876337693222,,49,,,0,7.143876337693222,629,49,50,49
msg_178,node49,node31,320,240000,240006.0,6.0,,,,7.06,,49,,8.333333333333334,0,7.06,96,36,50,49
msg_179,node49,node32,320,240000,240007.0,7.0,,,,7.03921568627451,,49,,9.0,0,7.03921568627451,94,34,50,49
msg_180,node49,node33,320,240000,240009.0,9.0,,,,7.056603773584905,,49,,10.333333333333334,0,7.056603773584905,90,30,50,49
msg_181,node49,node34,320,240000,,,,,,7.143876337693222,,49,,,0,7.143876337693222,629,49,50,49
msg_182,node49,node35,320,240000,240009.0,9.0,,,,7.083333333333333,,49,,10.666666666666666,0,7.083333333333333,88,28,50,49
msg_183,node49,node36,320,240000,240009.0,9.0,,,,7.10091743119266,,49,,10.666666666666666,0,7.10091743119266,87,27,50,49
msg_184,node49,node37,320,240000,240010.0,10.0,,,,7.118181818181818,,49,,11.666666666666666,0,7.118181818181818,86,26,50,49
msg_185,node49,node38,320,240000,,,,,,7.143876337693222,,49,,,0,7.143876337693222,629,49,50,49
msg_186,node49,node39,320,240000,,,,,,7.143876337693222,,49,,,0,7.143876337693222,629,49,50,49
msg_187,node49,node40,320,240000,240010.0,10.0,,,,7.1441441441441444,,49,,11.666666666666666,0,7.1441441441441444,85,25,50,49
msg_188,node49,node41,320,240000,240010.0,10.0,,,,7.1441441441441444,,49,,11.666666666666666,0,7.1441441441441444,85,25,50,49
msg_189,node49,node42,320,240000,,,,,,7.143876337693222,,49,,,0,7.143876337693222,629,49,50,49
msg_190,node49,node43,320,240000,,,,,,7.143876337693222,,49,,,0,7.143876337693222,629,49,50,49
msg_191,node49,node44,320,240000,240010.0,10.0,,,,7.1946902654867255,,49,,12.666666666666666,0,7.1946902654867255,83,23,50,49
msg_192,node49,node45,320,240000,240011.0,11.0,,,,7.219298245614035,,49,,12.666666666666666,0,7.219298245614035,82,22,50,49
msg_193,node49,node46,320,240000,240011.0,11.0,,,,7.219298245614035,,49,,12.666666666666666,0,7.219298245614035,82,22,50,49
msg_194,node49,node47,320,240000,,,,,,7.143876337693222,,49,,,0,7.143876337693222,629,49,50,49
msg_195,node49,node48,320,240000,,,,,,7.143876337693222,,49,,,0,7.143876337693222,629,49,50,49
msg_196,node49,node0,319,300000,300001.0,1.0,,,,7.2844827586206895,,49,,1.75,0,7.2844827586206895,129,49,50,49
msg_197,node49,node1,319,300000,300001.0,1.0,,,,7.230769230769231,,49,,1.75,0,7.230769230769231,128,48,50,49
msg_198,node49,node2,319,300000,300002.0,2.0,,,,7.177966101694915,,49,,2.75,0,7.177966101694915,127,47,50,49
msg_199,node49,node3,319,300000,300004.0,4.0,,,,7.049586776859504,,49,,3.0,0,7.049586776859504,124,44,50,49
msg_200,node49,node4,319,300000,,,,,,7.143876337693222,,49,,,0,7.143876337693222,629,49,50,49
msg_201,node49,node5,319,300000,,,,,,7.143876337693222,,49,,,0,7.143876337693222,629,49,50,49
msg_202,node49,node6,319,300000,300004.0,4.0,,,,7.024590163934426,,49,,4.0,0,7.024590163934426,123,43,50,49
msg_203,node49,node7,319,300000,300004.0,4.0,,,,7.024590163934426,,49,,5.0,0,7.024590163934426,123,43,50,49
msg_204,node49,node8,319,300000,300005.0,5.0,,,,6.975806451612903,,49,,5.25,0,6.975806451612903,121,41,50,49
msg_205,node49,node9,319,300000,300005.0,5.0,,,,6.96,,49,,5.25,0,6.96,120,40,50,49
msg_206,node49,node10,320,300000,300002.0,2.0,,,,7.1344537815126055,,49,,3.0,0,7.1344537815126055,126,46,50,49
msg_207,node49,node11,320,300000,,,,,,7.143876337693222,,49,,,0,7.143876337693222,629,49,50,49
msg_208,node49,node12,320,300000,,,,,,7.143876337693222,,49,,,0,7.143876337693222,629,49,50,49
msg_209,node49,node13,320,300000,300005.0,5.0,,,,6.96,,49,,6.0,0,6.96,120,40,50,49
msg_210,node49,node14,320,300000,300002.0,2.0,,,,7.1344537815126055,,49,,4.25,0,7.1344537815126055,126,46,50,49
msg_211,node49,node15,320,300000,300005.0,5.0,,,,6.96,,49,,6.75,0,6.96,120,40,50,49
msg_212,node49,node16,320,300000,,,,,,7.143876337693222,,49,,,0,7.143876337693222,629,49,50,49
msg_213,node49,node17,320,300000,300006.0,6.0,,,,6.89922480620155,,49,,7.0,0,6.89922480620155,116,36,50,49
msg_214,node49,node18,320,300000,,,,,,7.143876337693222,,49,,,0,7.143876337693222,629,49,50,49
msg_215,node49,node19,320,300000,,,,,,7.143876337693222,,49,,,0,7.143876337693222,629,49,50,49
msg_216,node49,node20,320,300000,300006.0,6.0,,,,6.892307692307693,,49,,7.25,0,6.892307692307693,115,35,50,49
msg_217,node49,node21,320,300000,300005.0,5.0,,,,6.96,,49,,5.75,0,6.96,120,40,50,49
msg_218,node49,node22,320,300000,,,,,,7.143876337693222,,49,,,0,7.143876337693222,629,49,50,49
msg_219,node49,node23,320,300000,,,,,,7.143876337693222,,49,,,0,7.143876337693222,629,49,50,49
msg_220,node49,node24,320,300000,300007.0,7.0,,,,6.886363636363637,,49,,8.5,0,6.886363636363637,113,33,50,49
msg_221,node49,node25,320,300000,300008.0,8.0,,,,6.887218045112782,,49,,8.5,0,6.887218045112782,112,32,50,49
msg_222,node49,node26,320,300000,,,,,,7.143876337693222,,49,,,0,7.143876337693222,629,49,50,49
msg_223,node49,node27,320,300000,300008.0,8.0,,,,6.9037037037037035,,49,,8.5,0,6.9037037037037035,110,30,50,49
msg_224,node49,node28,320,300000,,,,,,7.143876337693222,,49,,,0,7.143876337693222,629,49,50,49
msg_225,node49,node29,320,300000,,,,,,7.143876337693222,,49,,,0,7.143876337693222,629,49,50,49
msg_226,node49,node30,320,300000,,,,,,7.143876337693222,,49,,,0,7.143876337693222,629,49,50,49
msg_227,node49,node31,320,300000,300007.0,7.0,,,,6.892307692307693,,49,,7.75,0,6.892307692307693,115,35,50,49
msg_228,node49,node32,320,300000,300008.0,8.0,,,,6.887218045112782,,49,,8.5,0,6.887218045112782,112,32,50,49
msg_229,node49,node33,320,300000,300009.0,9.0,,,,6.911764705882353,,49,,10.0,0,6.911764705882353,109,29,50,49
msg_230,node49,node34,320,300000,,,,,,7.143876337693222,,49,,,0,7.143876337693222,629,49,50,49
msg_231,node49,node35,320,300000,300009.0,9.0,,,,6.911764705882353,,49,,10.25,0,6.911764705882353,109,29,50,49
msg_232,node49,node36,320,300000,300009.0,9.0,,,,6.911764705882353,,49,,10.25,0,6.911764705882353,109,29,50,49
msg_233,node49,node37,320,300000,300010.0,10.0,,,,6.956834532374101,,49,,11.25,0,6.956834532374101,106,26,50,49
msg_234,node49,node38,320,300000,,,,,,7.143876337693222,,49,,,0,7.143876337693222,629,49,50,49
msg_235,node49,node39,320,300000,,,,,,7.143876337693222,,49,,,0,7.143876337693222,629,49,50,49
msg_236,node49,node40,320,300000,300010.0,10.0,,,,6.978571428571429,,49,,11.25,0,6.978571428571429,105,25,50,49
msg_237,node49,node41,320,300000,300010.0,10.0,,,,6.978571428571429,,49,,11.25,0,6.978571428571429,105,25,50,49
msg_238,node49,node42,320,300000,,,,,,7.143876337693222,,49,,,0,7.143876337693222,629,49,50,49
msg_239,node49,node43,320,300000,,,,,,7.143876337693222,,49,,,0,7.143876337693222,629,49,50,49
msg_240,node49,node44,320,300000,300011.0,11.0,,,,7.02112676056338,,49,,12.0,0,7.02112676056338,103,23,50,49
msg_241,node49,node45,320,300000,300011.0,11.0,,,,7.048951048951049,,49,,12.25,0,7.048951048951049,102,22,50,49
msg_242,node49,node46,320,300000,300011.0,11.0,,,,7.048951048951049,,49,,12.25,0,7.048951048951049,102,22,50,49
msg_243,node49,node47,320,300000,,,,,,7.143876337693222,,49,,,0,7.143876337693222,629,49,50,49
msg_244,node49,node48,320,300000,,,,,,7.143876337693222,,49,,,0,7.143876337693222,629,49,50,49
msg_245,node49,node0,319,360000,360001.0,1.0,,,,7.103448275862069,,49,,1.6,0,7.103448275862069,149,49,50,49
msg_246,node49,node1,319,360000,360001.0,1.0,,,,7.061643835616438,,49,,1.6,0,7.061643835616438,148,48,50,49
msg_247,node49,node2,319,360000,360002.0,2.0,,,,7.020408163265306,,49,,2.6,0,7.020408163265306,147,47,50,49
msg_248,node49,node3,319,360000,360002.0,2.0,,,,7.020408163265306,,49,,3.2,0,7.020408163265306,147,47,50,49
msg_249,node49,node4,319,360000,,,,,,7.143876337693222,,49,,,0,7.143876337693222,629,49,50,49
msg_250,node49,node5,319,360000,,,,,,7.143876337693222,,49,,,0,7.143876337693222,629,49,50,49
msg_251,node49,node6,319,360000,360004.0,4.0,,,,6.894039735099338,,49,,4.0,0,6.894039735099338,143,43,50,49
msg_252,node49,node7,319,360000,360005.0,5.0,,,,6.849673202614379,,49,,4.8,0,6.849673202614379,141,41,50,49
msg_253,node49,node8,319,360000,360005.0,5.0,,,,6.837662337662338,,49,,5.2,0,6.837662337662338,140,40,50,49
msg_254,node49,node9,319,360000,360005.0,5.0,,,,6.825806451612904,,49,,5.2,0,6.825806451612904,139,39,50,49
msg_255,node49,node10,320,360000,360002.0,2.0,,,,6.953020134228188,,49,,2.8,0,6.953020134228188,145,45,50,49
msg_256,node49,node11,320,360000,,,,,,7.143876337693222,,49,,,0,7.143876337693222,629,49,50,49
msg_257,node49,node12,320,360000,,,,,,7.143876337693222,,49,,,0,7.143876337693222,629,49,50,49
msg_258,node49,node13,320,360000,360005.0,5.0,,,,6.825806451612904,,49,,5.8,0,6.825806451612904,139,39,50,49
msg_259,node49,node14,320,360000,360003.0,3.0,,,,6.92,,49,,3.8,0,6.92,144,44,50,49
msg_260,node49,node15,320,360000,360006.0,6.0,,,,6.802547770700637,,49,,6.4,0,6.802547770700637,137,37,50,49
msg_261,node49,node16,320,360000,,,,,,7.143876337693222,,49,,,0,7.143876337693222,629,49,50,49
msg_262,node49,node17,320,360000,360006.0,6.0,,,,6.802547770700637,,49,,6.8,0,6.802547770700637,137,37,50,49
msg_263,node49,node18,320,360000,,,,,,7.143876337693222,,49,,,0,7.143876337693222,629,49,50,49
msg_264,node49,node19,320,360000,,,,,,7.143876337693222,,49,,,0,7.143876337693222,629,49,50,49
msg_265,node49,node20,320,360000,360007.0,7.0,,,,6.7924528301886795,,49,,7.0,0,6.7924528301886795,135,35,50,49
msg_266,node49,node21,320,360000,360003.0,3.0,,,,6.894039735099338,,49,,5.6,0,6.894039735099338,143,43,50,49
msg_267,node49,node22,320,360000,,,,,,7.143876337693222,,49,,,0,7.143876337693222,629,49,50,49
msg_268,node49,node23,320,360000,,,,,,7.143876337693222,,49,,,0,7.143876337693222,629,49,50,49
msg_269,node49,node24,320,360000,360007.0,7.0,,,,6.79375,,49,,8.2,0,6.79375,134,34,50,49
msg_270,node49,node25,320,360000,360007.0,7.0,,,,6.796296296296297,,49,,8.4,0,6.796296296296297,132,32,50,49
msg_271,node49,node26,320,360000,,,,,,7.143876337693222,,49,,,0,7.143876337693222,629,49,50,49
msg_272,node49,node27,320,360000,360008.0,8.0,,,,6.798780487804878,,49,,8.4,0,6.798780487804878,130,30,50,49
msg_273,node49,node28,320,360000,,,,,,7.143876337693222,,49,,,0,7.143876337693222,629,49,50,49
msg_274,node49,node29,320,360000,,,,,,7.143876337693222,,49,,,0,7.143876337693222,629,49,50,49
msg_275,node49,node30,320,360000,,,,,,7.143876337693222,,49,,,0,7.143876337693222,629,49,50,49
msg_276,node49,node31,320,360000,360007.0,7.0,,,,6.79375,,49,,7.6,0,6.79375,134,34,50,49
msg_277,node49,node32,320,360000,360007.0,7.0,,,,6.796296296296297,,49,,8.4,0,6.796296296296297,132,32,50,49
msg_278,node49,node33,320,360000,360008.0,8.0,,,,6.806060606060606,,49,,9.8,0,6.806060606060606,129,29,50,49
msg_279,node49,node34,320,360000,,,,,,7.143876337693222,,49,,,0,7.143876337693222,629,49,50,49
msg_280,node49,node35,320,360000,360009.0,9.0,,,,6.806060606060606,,49,,10.0,0,6.806060606060606,129,29,50,49
msg_281,node49,node36,320,360000,360009.0,9.0,,,,6.826347305389222,,49,,10.0,0,6.826347305389222,127,27,50,49
msg_282,node49,node37,320,360000,360010.0,10.0,,,,6.839285714285714,,49,,11.0,0,6.839285714285714,126,26,50,49
msg_283,node49,node38,320,360000,,,,,,7.143876337693222,,49,,,0,7.143876337693222,629,49,50,49
msg_284,node49,node39,320,360000,,,,,,7.143876337693222,,49,,,0,7.143876337693222,629,49,50,49
msg_285,node49,node40,320,360000,360010.0,10.0,,,,6.8579881656804735,,49,,11.0,0,6.8579881656804735,125,25,50,49
msg_286,node49,node41,320,360000,360010.0,10.0,,,,6.876470588235295,,49,,11.0,0,6.876470588235295,124,24,50,49
msg_287,node49,node42,320,360000,,,,,,7.143876337693222,,49,,,0,7.143876337693222,629,49,50,49
msg_288,node49,node43,320,360000,,,,,,7.143876337693222,,49,,,0,7.143876337693222,629,49,50,49
msg_289,node49,node44,320,360000,360010.0,10.0,,,,6.876470588235295,,49,,11.8,0,6.876470588235295,124,24,50,49
msg_290,node49,node45,320,360000,360011.0,11.0,,,,6.876470588235295,,49,,12.0,0,6.876470588235295,124,24,50,49
msg_291,node49,node46,320,360000,360011.0,11.0,,,,6.936416184971098,,49,,12.0,0,6.936416184971098,121,21,50,49
msg_292,node49,node47,320,360000,,,,,,7.143876337693222,,49,,,0,7.143876337693222,629,49,50,49
msg_293,node49,node48,320,360000,,,,,,7.143876337693222,,49,,,0,7.143876337693222,629,49,50,49
msg_294,node49,node0,319,420000,420002.0,2.0,,,,6.959770114942529,,49,,1.5,0,6.959770114942529,169,49,50,49
msg_295,node49,node1,319,420000,420002.0,2.0,,,,6.9314285714285715,,49,,1.5,0,6.9314285714285715,168,48,50,49
msg_296,node49,node2,319,420000,420003.0,3.0,,,,6.903409090909091,,49,,2.5,0,6.903409090909091,167,47,50,49
msg_297,node49,node3,319,420000,420003.0,3.0,,,,6.903409090909091,,49,,3.0,0,6.903409090909091,167,47,50,49
msg_298,node49,node4,319,420000,,,,,,7.143876337693222,,49,,,0,7.143876337693222,629,49,50,49
msg_299,node49,node5,319,420000,,,,,,7.143876337693222,,49,,,0,7.143876337693222,629,49,50,49
msg_300,node49,node6,319,420000,420006.0,6.0,,,,6.822222222222222,,49,,4.0,0,6.822222222222222,163,43,50,49
msg_301,node49,node7,319,420000,420006.0,6.0,,,,6.822222222222222,,49,,4.833333333333333,0,6.822222222222222,163,43,50,49
msg_302,node49,node8,319,420000,420006.0,6.0,,,,6.80327868852459,,49,,5.166666666666667,0,6.80327868852459,160,40,50,49
msg_303,node49,node9,319,420000,420006.0,6.0,,,,6.798913043478261,,49,,5.166666666666667,0,6.798913043478261,159,39,50,49
msg_304,node49,node10,320,420000,420003.0,3.0,,,,6.903409090909091,,49,,2.6666666666666665,0,6.903409090909091,167,47,50,49
msg_305,node49,node11,320,420000,,,,,,7.143876337693222,,49,,,0,7.143876337693222,629,49,50,49
msg_306,node49,node12,320,420000,,,,,,7.143876337693222,,49,,,0,7.143876337693222,629,49,50,49
msg_307,node49,node13,320,420000,420007.0,7.0,,,,6.794594594594595,,49,,5.666666666666667,0,6.794594594594595,158,38,50,49
msg_308,node49,node14,320,420000,420004.0,4.0,,,,6.837988826815643,,49,,3.6666666666666665,0,6.837988826815643,164,44,50,49
msg_309,node49,node15,320,420000,420007.0,7.0,,,,6.795698924731183,,49,,6.333333333333333,0,6.795698924731183,157,37,50,49
msg_310,node49,node16,320,420000,,,,,,7.143876337693222,,49,,,0,7.143876337693222,629,49,50,49
msg_311,node49,node17,320,420000,420008.0,8.0,,,,6.795698924731183,,49,,6.666666666666667,0,6.795698924731183,157,37,50,49
msg_312,node49,node18,320,420000,,,,,,7.143876337693222,,49,,,0,7.143876337693222,629,49,50,49
msg_313,node49,node19,320,420000,,,,,,7.143876337693222,,49,,,0,7.143876337693222,629,49,50,49
msg_314,node49,node20,320,420000,420008.0,8.0,,,,6.810526315789474,,49,,7.0,0,6.810526315789474,153,33,50,49
msg_315,node49,node21,320,420000,420005.0,5.0,,,,6.822222222222222,,49,,5.166666666666667,0,6.822222222222222,163,43,50,49
msg_316,node49,node22,320,420000,,,,,,7.143876337693222,,49,,,0,7.143876337693222,629,49,50,49
msg_317,node49,node23,320,420000,,,,,,7.143876337693222,,49,,,0,7.143876337693222,629,49,50,49
msg_318,node49,node24,320,420000,420009.0,9.0,,,,6.816753926701571,,49,,8.0,0,6.816753926701571,152,32,50,49
msg_319,node49,node25,320,420000,420009.0,9.0,,,,6.828125,,49,,8.166666666666666,0,6.828125,151,31,50,49
msg_320,node49,node26,320,420000,,,,,,7.143876337693222,,49,,,0,7.143876337693222,629,49,50,49
msg_321,node49,node27,320,420000,420009.0,9.0,,,,6.839378238341969,,49,,8.333333333333334,0,6.839378238341969,150,30,50,49
msg_322,node49,node28,320,420000,,,,,,7.143876337693222,,49,,,0,7.143876337693222,629,49,50,49
msg_323,node49,node29,320,420000,,,,,,7.143876337693222,,49,,,0,7.143876337693222,629,49,50,49
msg_324,node49,node30,320,420000,,,,,,7.143876337693222,,49,,,0,7.143876337693222,629,49,50,49
msg_325,node49,node31,320,420000,420007.0,7.0,,,,6.795698924731183,,49,,7.5,0,6.795698924731183,157,37,50,49
msg_326,node49,node32,320,420000,420008.0,8.0,,,,6.804232804232805,,49,,8.166666666666666,0,6.804232804232805,154,34,50,49
msg_327,node49,node33,320,420000,420010.0,10.0,,,,6.839378238341969,,49,,9.5,0,6.839378238341969,150,30,50,49
msg_328,node49,node34,320,420000,,,,,,7.143876337693222,,49,,,0,7.143876337693222,629,49,50,49
msg_329,node49,node35,320,420000,420010.0,10.0,,,,6.866666666666666,,49,,9.833333333333334,0,6.866666666666666,148,28,50,49
msg_330,node49,node36,320,420000,420010.0,10.0,,,,6.88265306122449,,49,,9.833333333333334,0,6.88265306122449,147,27,50,49
msg_331,node49,node37,320,420000,420011.0,11.0,,,,6.88265306122449,,49,,10.833333333333334,0,6.88265306122449,147,27,50,49
msg_332,node49,node38,320,420000,,,,,,7.143876337693222,,49,,,0,7.143876337693222,629,49,50,49
msg_333,node49,node39,320,420000,,,,,,7.143876337693222,,49,,,0,7.143876337693222,629,49,50,49
msg_334,node49,node40,320,420000,420011.0,11.0,,,,6.88265306122449,,49,,10.833333333333334,0,6.88265306122449,147,27,50,49
msg_335,node49,node41,320,420000,420011.0,11.0,,,,6.939698492462312,,49,,10.833333333333334,0,6.939698492462312,144,24,50,49
msg_336,node49,node42,320,420000,,,,,,7.143876337693222,,49,,,0,7.143876337693222,629,49,50,49
msg_337,node49,node43,320,420000,,,,,,7.143876337693222,,49,,,0,7.143876337693222,629,49,50,49
msg_338,node49,node44,320,420000,420011.0,11.0,,,,6.96,,49,,11.5,0,6.96,143,23,50,49
msg_339,node49,node45,320,420000,420012.0,12.0,,,,6.980099502487562,,49,,11.833333333333334,0,6.980099502487562,142,22,50,49
msg_340,node49,node46,320,420000,420012.0,12.0,,,,6.980099502487562,,49,,11.833333333333334,0,6.980099502487562,142,22,50,49
msg_341,node49,node47,320,420000,,,,,,7.143876337693222,,49,,,0,7.143876337693222,629,49,50,49
msg_342,node49,node48,320,420000,,,,,,7.143876337693222,,49,,,0,7.143876337693222,629,49,50,49
msg_343,node49,node0,319,480000,480002.0,2.0,,,,7.029556650246305,,49,,1.5714285714285714,0,7.029556650246305,189,49,50,49
msg_344,node49,node1,319,480000,480002.0,2.0,,,,7.029556650246305,,49,,1.5714285714285714,0,7.029556650246305,189,49,50,49
msg_345,node49,node2,319,480000,480003.0,3.0,,,,7.029556650246305,,49,,2.5714285714285716,0,7.029556650246305,189,49,50,49
msg_346,node49,node3,319,480000,480003.0,3.0,,,,6.961165048543689,,49,,3.0,0,6.961165048543689,186,46,50,49
msg_347,node49,node4,319,480000,,,,,,7.143876337693222,,49,,,0,7.143876337693222,629,49,50,49
msg_348,node49,node5,319,480000,,,,,,7.143876337693222,,49,,,0,7.143876337693222,629,49,50,49
msg_349,node49,node6,319,480000,480004.0,4.0,,,,6.923076923076923,,49,,4.285714285714286,0,6.923076923076923,184,44,50,49
msg_350,node49,node7,319,480000,480005.0,5.0,,,,6.895238095238096,,49,,5.0,0,6.895238095238096,182,42,50,49
msg_351,node49,node8,319,480000,480005.0,5.0,,,,6.886255924170616,,49,,5.285714285714286,0,6.886255924170616,181,41,50,49
msg_352,node49,node9,319,480000,480005.0,5.0,,,,6.886255924170616,,49,,5.285714285714286,0,6.886255924170616,181,41,50,49
msg_353,node49,node10,320,480000,480003.0,3.0,,,,6.942028985507246,,49,,2.7142857142857144,0,6.942028985507246,185,45,50,49
msg_354,node49,node11,320,480000,,,,,,7.143876337693222,,49,,,0,7.143876337693222,629,49,50,49
msg_355,node49,node12,320,480000,,,,,,7.143876337693222,,49,,,0,7.143876337693222,629,49,50,49
msg_356,node49,node13,320,480000,480006.0,6.0,,,,6.886255924170616,,49,,5.857142857142857,0,6.886255924170616,181,41,50,49
msg_357,node49,node14,320,480000,480004.0,4.0,,,,6.923076923076923,,49,,3.7142857142857144,0,6.923076923076923,184,44,50,49
msg_358,node49,node15,320,480000,480007.0,7.0,,,,6.861111111111111,,49,,6.428571428571429,0,6.861111111111111,176,36,50,49
msg_359,node49,node16,320,480000,,,,,,7.143876337693222,,49,,,0,7.143876337693222,629,49,50,49
msg_360,node49,node17,320,480000,480007.0,7.0,,,,6.861751152073733,,49,,6.857142857142857,0,6.861751152073733,175,35,50,49
msg_361,node49,node18,320,480000,,,,,,7.143876337693222,,49,,,0,7.143876337693222,629,49,50,49
msg_362,node49,node19,320,480000,,,,,,7.143876337693222,,49,,,0,7.143876337693222,629,49,50,49
msg_363,node49,node20,320,480000,480008.0,8.0,,,,6.861751152073733,,49,,7.142857142857143,0,6.861751152073733,175,35,50,49
msg_364,node49,node21,320,480000,480006.0,6.0,,,,6.864485981308412,,49,,5.142857142857143,0,6.864485981308412,178,38,50,49
msg_365,node49,node22,320,480000,,,,,,7.143876337693222,,49,,,0,7.143876337693222,629,49,50,49
msg_366,node49,node23,320,480000,,,,,,7.143876337693222,,49,,,0,7.143876337693222,629,49,50,49
msg_367,node49,node24,320,480000,480009.0,9.0,,,,6.872727272727273,,49,,8.142857142857142,0,6.872727272727273,172,32,50,49
msg_368,node49,node25,320,480000,480009.0,9.0,,,,6.882352941176471,,49,,8.285714285714286,0,6.882352941176471,171,31,50,49
msg_369,node49,node26,320,480000,,,,,,7.143876337693222,,49,,,0,7.143876337693222,629,49,50,49
msg_370,node49,node27,320,480000,480009.0,9.0,,,,6.891891891891892,,49,,8.428571428571429,0,6.891891891891892,170,30,50,49
msg_371,node49,node28,320,480000,,,,,,7.143876337693222,,49,,,0,7.143876337693222,629,49,50,49
msg_372,node49,node29,320,480000,,,,,,7.143876337693222,,49,,,0,7.143876337693222,629,49,50,49
msg_373,node49,node30,320,480000,,,,,,7.143876337693222,,49,,,0,7.143876337693222,629,49,50,49
msg_374,node49,node31,320,480000,480007.0,7.0,,,,6.8604651162790695,,49,,7.428571428571429,0,6.8604651162790695,177,37,50,49
msg_375,node49,node32,320,480000,480008.0,8.0,,,,6.861751152073733,,49,,8.142857142857142,0,6.861751152073733,175,35,50,49
msg_376,node49,node33,320,480000,480009.0,9.0,,,,6.891891891891892,,49,,9.571428571428571,0,6.891891891891892,170,30,50,49
msg_377,node49,node34,320,480000,,,,,,7.143876337693222,,49,,,0,7.143876337693222,629,49,50,49
msg_378,node49,node35,320,480000,480010.0,10.0,,,,6.910714285714286,,49,,9.857142857142858,0,6.910714285714286,168,28,50,49
msg_379,node49,node36,320,480000,480011.0,11.0,,,,6.924444444444444,,49,,9.857142857142858,0,6.924444444444444,167,27,50,49
msg_380,node49,node37,320,480000,480011.0,11.0,,,,6.924444444444444,,49,,10.857142857142858,0,6.924444444444444,167,27,50,49
msg_381,node49,node38,320,480000,,,,,,7.143876337693222,,49,,,0,7.143876337693222,629,49,50,49
msg_382,node49,node39,320,480000,,,,,,7.143876337693222,,49,,,0,7.143876337693222,629,49,50,49
msg_383,node49,node40,320,480000,480011.0,11.0,,,,6.924444444444444,,49,,10.857142857142858,0,6.924444444444444,167,27,50,49
msg_384,node49,node41,320,480000,480012.0,12.0,,,,6.924444444444444,,49,,10.857142857142858,0,6.924444444444444,167,27,50,49
msg_385,node49,node42,320,480000,,,,,,7.143876337693222,,49,,,0,7.143876337693222,629,49,50,49
msg_386,node49,node43,320,480000,,,,,,7.143876337693222,,49,,,0,7.143876337693222,629,49,50,49
msg_387,node49,node44,320,480000,480012.0,12.0,,,,7.0,,49,,11.428571428571429,0,7.0,163,23,50,49
msg_388,node49,node45,320,480000,480012.0,12.0,,,,7.021739130434782,,49,,11.857142857142858,0,7.021739130434782,162,22,50,49
msg_389,node49,node46,320,480000,480012.0,12.0,,,,7.043290043290043,,49,,11.857142857142858,0,7.043290043290043,161,21,50,49
msg_390,node49,node47,320,480000,,,,,,7.143876337693222,,49,,,0,7.143876337693222,629,49,50,49
msg_391,node49,node48,320,480000,,,,,,7.143876337693222,,49,,,0,7.143876337693222,629,49,50,49
msg_392,node49,node0,319,540000,540001.0,1.0,,,,7.064655172413793,,49,,1.625,0,7.064655172413793,209,49,50,49
msg_393,node49,node1,319,540000,540001.0,1.0,,,,7.03862660944206,,49,,1.625,0,7.03862660944206,208,48,50,49
msg_394,node49,node2,319,540000,540002.0,2.0,,,,7.012820512820513,,49,,2.625,0,7.012820512820513,207,47,50,49
msg_395,node49,node3,319,540000,540002.0,2.0,,,,6.991489361702127,,49,,3.0,0,6.991489361702127,206,46,50,49
msg_396,node49,node4,319,540000,,,,,,7.143876337693222,,49,,,0,7.143876337693222,629,49,50,49
msg_397,node49,node5,319,540000,,,,,,7.143876337693222,,49,,,0,7.143876337693222,629,49,50,49
msg_398,node49,node6,319,540000,540002.0,2.0,,,,6.991489361702127,,49,,4.25,0,6.991489361702127,206,46,50,49
msg_399,node49,node7,319,540000,540005.0,5.0,,,,6.9125,,49,,5.0,0,6.9125,201,41,50,49
msg_400,node49,node8,319,540000,540005.0,5.0,,,,6.904564315352697,,49,,5.25,0,6.904564315352697,200,40,50,49
msg_401,node49,node9,319,540000,540006.0,6.0,,,,6.904564315352697,,49,,5.25,0,6.904564315352697,200,40,50,49
msg_402,node49,node10,320,540000,540004.0,4.0,,,,6.991489361702127,,49,,2.75,0,6.991489361702127,206,46,50,49
msg_403,node49,node11,320,540000,,,,,,7.143876337693222,,49,,,0,7.143876337693222,629,49,50,49
msg_404,node49,node12,320,540000,,,,,,7.143876337693222,,49,,,0,7.143876337693222,629,49,50,49
msg_405,node49,node13,320,540000,540006.0,6.0,,,,6.904564315352697,,49,,5.875,0,6.904564315352697,200,40,50,49
msg_406,node49,node14,320,540000,540004.0,4.0,,,,6.936974789915967,,49,,3.75,0,6.936974789915967,203,43,50,49
msg_407,node49,node15,320,540000,540007.0,7.0,,,,6.882113821138211,,49,,6.5,0,6.882113821138211,195,35,50,49
msg_408,node49,node16,320,540000,,,,,,7.143876337693222,,49,,,0,7.143876337693222,629,49,50,49
msg_409,node49,node17,320,540000,540007.0,7.0,,,,6.882591093117409,,49,,6.875,0,6.882591093117409,194,34,50,49
msg_410,node49,node18,320,540000,,,,,,7.143876337693222,,49,,,0,7.143876337693222,629,49,50,49
msg_411,node49,node19,320,540000,,,,,,7.143876337693222,,49,,,0,7.143876337693222,629,49,50,49
msg_412,node49,node20,320,540000,540007.0,7.0,,,,6.882591093117409,,49,,7.25,0,6.882591093117409,194,34,50,49
msg_413,node49,node21,320,540000,540004.0,4.0,,,,6.924686192468619,,49,,5.25,0,6.924686192468619,202,42,50,49
msg_414,node49,node22,320,540000,,,,,,7.143876337693222,,49,,,0,7.143876337693222,629,49,50,49
msg_415,node49,node23,320,540000,,,,,,7.143876337693222,,49,,,0,7.143876337693222,629,49,50,49
msg_416,node49,node24,320,540000,540008.0,8.0,,,,6.883534136546185,,49,,8.25,0,6.883534136546185,192,32,50,49
msg_417,node49,node25,320,540000,540008.0,8.0,,,,6.888,,49,,8.375,0,6.888,191,31,50,49
msg_418,node49,node26,320,540000,,,,,,7.143876337693222,,49,,,0,7.143876337693222,629,49,50,49
msg_419,node49,node27,320,540000,540008.0,8.0,,,,6.892430278884462,,49,,8.5,0,6.892430278884462,190,30,50,49
msg_420,node49,node28,320,540000,,,,,,7.143876337693222,,49,,,0,7.143876337693222,629,49,50,49
msg_421,node49,node29,320,540000,,,,,,7.143876337693222,,49,,,0,7.143876337693222,629,49,50,49
msg_422,node49,node30,320,540000,,,,,,7.143876337693222,,49,,,0,7.143876337693222,629,49,50,49
msg_423,node49,node31,320,540000,540006.0,6.0,,,,6.904564315352697,,49,,7.375,0,6.904564315352697,200,40,50,49
msg_424,node49,node32,320,540000,540006.0,6.0,,,,6.885714285714286,,49,,8.125,0,6.885714285714286,196,36,50,49
msg_425,node49,node33,320,540000,540009.0,9.0,,,,6.892430278884462,,49,,9.5,0,6.892430278884462,190,30,50,49
msg_426,node49,node34,320,540000,,,,,,7.143876337693222,,49,,,0,7.143876337693222,629,49,50,49
msg_427,node49,node35,320,540000,540009.0,9.0,,,,6.892430278884462,,49,,9.875,0,6.892430278884462,190,30,50,49
msg_428,node49,node36,320,540000,540009.0,9.0,,,,6.913385826771654,,49,,10.0,0,6.913385826771654,187,27,50,49
msg_429,node49,node37,320,540000,540009.0,9.0,,,,6.921568627450981,,49,,10.875,0,6.921568627450981,186,26,50,49
msg_430,node49,node38,320,540000,,,,,,7.143876337693222,,49,,,0,7.143876337693222,629,49,50,49
msg_431,node49,node39,320,540000,,,,,,7.143876337693222,,49,,,0,7.143876337693222,629,49,50,49
msg_432,node49,node40,320,540000,540010.0,10.0,,,,6.9296875,,49,,10.875,0,6.9296875,185,25,50,49
msg_433,node49,node41,320,540000,540010.0,10.0,,,,6.941634241245136,,49,,11.0,0,6.941634241245136,184,24,50,49
msg_434,node49,node42,320,540000,,,,,,7.143876337693222,,49,,,0,7.143876337693222,629,49,50,49
msg_435,node49,node43,320,540000,,,,,,7.143876337693222,,49,,,0,7.143876337693222,629,49,50,49
msg_436,node49,node44,320,540000,540010.0,10.0,,,,6.953488372093023,,49,,11.5,0,6.953488372093023,183,23,50,49
msg_437,node49,node45,320,540000,540011.0,11.0,,,,6.9652509652509655,,49,,11.875,0,6.9652509652509655,182,22,50,49
msg_438,node49,node46,320,540000,540011.0,11.0,,,,6.9652509652509655,,49,,11.875,0,6.9652509652509655,182,22,50,49
msg_439,node49,node47,320,540000,,,,,,7.143876337693222,,49,,,0,7.143876337693222,629,49,50,49
msg_440,node49,node48,320,540000,,,,,,7.143876337693222,,49,,,0,7.143876337693222,629,49,50,49
msg_441,node49,node0,319,600000,600001.0,1.0,,,,6.996168582375479,,49,,1.5555555555555556,0,6.996168582375479,229,49,50,49
msg_442,node49,node1,319,600000,600001.0,1.0,,,,6.996168582375479,,49,,1.5555555555555556,0,6.996168582375479,229,49,50,49
msg_443,node49,node2,319,600000,600002.0,2.0,,,,6.996168582375479,,49,,2.5555555555555554,0,6.996168582375479,229,49,50,49
msg_444,node49,node3,319,600000,600002.0,2.0,,,,6.996168582375479,,49,,2.888888888888889,0,6.996168582375479,229,49,50,49
msg_445,node49,node4,319,600000,,,,,,7.143876337693222,,49,,,0,7.143876337693222,629,49,50,49
msg_446,node49,node5,319,600000,,,,,,7.143876337693222,,49,,,0,7.143876337693222,629,49,50,49
msg_447,node49,node6,319,600000,600004.0,4.0,,,,6.880149812734082,,49,,4.0,0,6.880149812734082,223,43,50,49
msg_448,node49,node7,319,600000,600004.0,4.0,,,,6.869402985074627,,49,,5.0,0,6.869402985074627,222,42,50,49
msg_449,node49,node8,319,600000,600005.0,5.0,,,,6.858736059479554,,49,,5.222222222222222,0,6.858736059479554,221,41,50,49
msg_450,node49,node9,319,600000,600005.0,5.0,,,,6.845018450184502,,49,,5.333333333333333,0,6.845018450184502,219,39,50,49
msg_451,node49,node10,320,600000,600002.0,2.0,,,,6.996168582375479,,49,,2.888888888888889,0,6.996168582375479,229,49,50,49
msg_452,node49,node11,320,600000,,,,,,7.143876337693222,,49,,,0,7.143876337693222,629,49,50,49
msg_453,node49,node12,320,600000,,,,,,7.143876337693222,,49,,,0,7.143876337693222,629,49,50,49
msg_454,node49,node13,320,600000,600006.0,6.0,,,,6.838235294117647,,49,,5.888888888888889,0,6.838235294117647,218,38,50,49
msg_455,node49,node14,320,600000,600003.0,3.0,,,,6.894736842105263,,49,,3.7777777777777777,0,6.894736842105263,224,44,50,49
msg_456,node49,node15,320,600000,600006.0,6.0,,,,6.838235294117647,,49,,6.555555555555555,0,6.838235294117647,218,38,50,49
msg_457,node49,node16,320,600000,,,,,,7.143876337693222,,49,,,0,7.143876337693222,629,49,50,49
msg_458,node49,node17,320,600000,600007.0,7.0,,,,6.838235294117647,,49,,6.888888888888889,0,6.838235294117647,218,38,50,49
msg_459,node49,node18,320,600000,,,,,,7.143876337693222,,49,,,0,7.143876337693222,629,49,50,49
msg_460,node49,node19,320,600000,,,,,,7.143876337693222,,49,,,0,7.143876337693222,629,49,50,49
msg_461,node49,node20,320,600000,600007.0,7.0,,,,6.830324909747293,,49,,7.222222222222222,0,6.830324909747293,213,33,50,49
msg_462,node49,node21,320,600000,600005.0,5.0,,,,6.851851851851852,,49,,5.111111111111111,0,6.851851851851852,220,40,50,49
msg_463,node49,node22,320,600000,,,,,,7.143876337693222,,49,,,0,7.143876337693222,629,49,50,49
msg_464,node49,node23,320,600000,,,,,,7.143876337693222,,49,,,0,7.143876337693222,629,49,50,49
msg_465,node49,node24,320,600000,600008.0,8.0,,,,6.830935251798561,,49,,8.222222222222221,0,6.830935251798561,212,32,50,49
msg_466,node49,node25,320,600000,600008.0,8.0,,,,6.830935251798561,,49,,8.333333333333334,0,6.830935251798561,212,32,50,49
msg_467,node49,node26,320,600000,,,,,,7.143876337693222,,49,,,0,7.143876337693222,629,49,50,49
msg_468,node49,node27,320,600000,600008.0,8.0,,,,6.839285714285714,,49,,8.444444444444445,0,6.839285714285714,210,30,50,49
msg_469,node49,node28,320,600000,,,,,,7.143876337693222,,49,,,0,7.143876337693222,629,49,50,49
msg_470,node49,node29,320,600000,,,,,,7.143876337693222,,49,,,0,7.143876337693222,629,49,50,49
msg_471,node49,node30,320,600000,,,,,,7.143876337693222,,49,,,0,7.143876337693222,629,49,50,49
msg_472,node49,node31,320,600000,600006.0,6.0,,,,6.838235294117647,,49,,7.222222222222222,0,6.838235294117647,218,38,50,49
msg_473,node49,node32,320,600000,600007.0,7.0,,,,6.829710144927536,,49,,7.888888888888889,0,6.829710144927536,214,34,50,49
msg_474,node49,node33,320,600000,600009.0,9.0,,,,6.843416370106762,,49,,9.444444444444445,0,6.843416370106762,209,29,50,49
msg_475,node49,node34,320,600000,,,,,,7.143876337693222,,49,,,0,7.143876337693222,629,49,50,49
msg_476,node49,node35,320,600000,600009.0,9.0,,,,6.851063829787234,,49,,9.777777777777779,0,6.851063829787234,208,28,50,49
msg_477,node49,node36,320,600000,600009.0,9.0,,,,6.851063829787234,,49,,9.88888888888889,0,6.851063829787234,208,28,50,49
msg_478,node49,node37,320,600000,600010.0,10.0,,,,6.851063829787234,,49,,10.666666666666666,0,6.851063829787234,208,28,50,49
msg_479,node49,node38,320,600000,,,,,,7.143876337693222,,49,,,0,7.143876337693222,629,49,50,49
msg_480,node49,node39,320,600000,,,,,,7.143876337693222,,49,,,0,7.143876337693222,629,49,50,49
msg_481,node49,node40,320,600000,600010.0,10.0,,,,6.851063829787234,,49,,10.777777777777779,0,6.851063829787234,208,28,50,49
msg_482,node49,node41,320,600000,600010.0,10.0,,,,6.888111888111888,,49,,10.88888888888889,0,6.888111888111888,204,24,50,49
msg_483,node49,node42,320,600000,,,,,,7.143876337693222,,49,,,0,7.143876337693222,629,49,50,49
msg_484,node49,node43,320,600000,,,,,,7.143876337693222,,49,,,0,7.143876337693222,629,49,50,49
msg_485,node49,node44,320,600000,600010.0,10.0,,,,6.898954703832753,,49,,11.333333333333334,0,6.898954703832753,203,23,50,49
msg_486,node49,node45,320,600000,600011.0,11.0,,,,6.909722222222222,,49,,11.777777777777779,0,6.909722222222222,202,22,50,49
msg_487,node49,node46,320,600000,600011.0,11.0,,,,6.923875432525952,,49,,11.777777777777779,0,6.923875432525952,201,21,50,49
msg_488,node49,node47,320,600000,,,,,,7.143876337693222,,49,,,0,7.143876337693222,629,49,50,49
msg_489,node49,node48,320,600000,,,,,,7.143876337693222,,49,,,0,7.143876337693222,629,49,50,49
msg_490,node49,node0,319,660000,660001.0,1.0,,,,6.937931034482759,,49,,1.5,0,6.937931034482759,249,49,50,49
msg_491,node49,node1,319,660000,660001.0,1.0,,,,6.937931034482759,,49,,1.5,0,6.937931034482759,249,49,50,49
msg_492,node49,node2,319,660000,660002.0,2.0,,,,6.937931034482759,,49,,2.5,0,6.937931034482759,249,49,50,49
msg_493,node49,node3,319,660000,660002.0,2.0,,,,6.8805460750853245,,49,,2.8,0,6.8805460750853245,246,46,50,49
msg_494,node49,node4,319,660000,,,,,,7.143876337693222,,49,,,0,7.143876337693222,629,49,50,49
msg_495,node49,node5,319,660000,,,,,,7.143876337693222,,49,,,0,7.143876337693222,629,49,50,49
msg_496,node49,node6,319,660000,660004.0,4.0,,,,6.83445945945946,,49,,4.0,0,6.83445945945946,243,43,50,49
msg_497,node49,node7,319,660000,660004.0,4.0,,,,6.824915824915825,,49,,4.9,0,6.824915824915825,242,42,50,49
msg_498,node49,node8,319,660000,660005.0,5.0,,,,6.815436241610739,,49,,5.2,0,6.815436241610739,241,41,50,49
msg_499,node49,node9,319,660000,660005.0,5.0,,,,6.803333333333334,,49,,5.3,0,6.803333333333334,239,39,50,49
msg_500,node49,node10,320,660000,660002.0,2.0,,,,6.863945578231292,,49,,2.8,0,6.863945578231292,245,45,50,49
msg_501,node49,node11,320,660000,,,,,,7.143876337693222,,49,,,0,7.143876337693222,629,49,50,49
msg_502,node49,node12,320,660000,,,,,,7.143876337693222,,49,,,0,7.143876337693222,629,49,50,49
msg_503,node49,node13,320,660000,660006.0,6.0,,,,6.79734219269103,,49,,5.9,0,6.79734219269103,238,38,50,49
msg_504,node49,node14,320,660000,660003.0,3.0,,,,6.8474576271186445,,49,,3.7,0,6.8474576271186445,244,44,50,49
msg_505,node49,node15,320,660000,660006.0,6.0,,,,6.7947019867549665,,49,,6.5,0,6.7947019867549665,237,37,50,49
msg_506,node49,node16,320,660000,,,,,,7.143876337693222,,49,,,0,7.143876337693222,629,49,50,49
msg_507,node49,node17,320,660000,660007.0,7.0,,,,6.7894736842105265,,49,,6.9,0,6.7894736842105265,235,35,50,49
msg_508,node49,node18,320,660000,,,,,,7.143876337693222,,49,,,0,7.143876337693222,629,49,50,49
msg_509,node49,node19,320,660000,,,,,,7.143876337693222,,49,,,0,7.143876337693222,629,49,50,49
msg_510,node49,node20,320,660000,660007.0,7.0,,,,6.790849673202614,,49,,7.2,0,6.790849673202614,233,33,50,49
msg_511,node49,node21,320,660000,660005.0,5.0,,,,6.809364548494983,,49,,5.1,0,6.809364548494983,240,40,50,49
msg_512,node49,node22,320,660000,,,,,,7.143876337693222,,49,,,0,7.143876337693222,629,49,50,49
msg_513,node49,node23,320,660000,,,,,,7.143876337693222,,49,,,0,7.143876337693222,629,49,50,49
msg_514,node49,node24,320,660000,660008.0,8.0,,,,6.791530944625407,,49,,8.2,0,6.791530944625407,232,32,50,49
msg_515,node49,node25,320,660000,660008.0,8.0,,,,6.791530944625407,,49,,8.3,0,6.791530944625407,232,32,50,49
msg_516,node49,node26,320,660000,,,,,,7.143876337693222,,49,,,0,7.143876337693222,629,49,50,49
msg_517,node49,node27,320,660000,660008.0,8.0,,,,6.791530944625407,,49,,8.4,0,6.791530944625407,232,32,50,49
msg_518,node49,node28,320,660000,,,,,,7.143876337693222,,49,,,0,7.143876337693222,629,49,50,49
msg_519,node49,node29,320,660000,,,,,,7.143876337693222,,49,,,0,7.143876337693222,629,49,50,49
msg_520,node49,node30,320,660000,,,,,,7.143876337693222,,49,,,0,7.143876337693222,629,49,50,49
msg_521,node49,node31,320,660000,660006.0,6.0,,,,6.792079207920792,,49,,7.1,0,6.792079207920792,236,36,50,49
msg_522,node49,node32,320,660000,660007.0,7.0,,,,6.7901639344262295,,49,,7.8,0,6.7901639344262295,234,34,50,49
msg_523,node49,node33,320,660000,660009.0,9.0,,,,6.791530944625407,,49,,9.4,0,6.791530944625407,232,32,50,49
msg_524,node49,node34,320,660000,,,,,,7.143876337693222,,49,,,0,7.143876337693222,629,49,50,49
msg_525,node49,node35,320,660000,660009.0,9.0,,,,6.810289389067524,,49,,9.7,0,6.810289389067524,228,28,50,49
msg_526,node49,node36,320,660000,660009.0,9.0,,,,6.8173076923076925,,49,,9.8,0,6.8173076923076925,227,27,50,49
msg_527,node49,node37,320,660000,660010.0,10.0,,,,6.824281150159744,,49,,10.6,0,6.824281150159744,226,26,50,49
msg_528,node49,node38,320,660000,,,,,,7.143876337693222,,49,,,0,7.143876337693222,629,49,50,49
msg_529,node49,node39,320,660000,,,,,,7.143876337693222,,49,,,0,7.143876337693222,629,49,50,49
msg_530,node49,node40,320,660000,660010.0,10.0,,,,6.834394904458598,,49,,10.7,0,6.834394904458598,225,25,50,49
msg_531,node49,node41,320,660000,660010.0,10.0,,,,6.834394904458598,,49,,10.8,0,6.834394904458598,225,25,50,49
msg_532,node49,node42,320,660000,,,,,,7.143876337693222,,49,,,0,7.143876337693222,629,49,50,49
msg_533,node49,node43,320,660000,,,,,,7.143876337693222,,49,,,0,7.143876337693222,629,49,50,49
msg_534,node49,node44,320,660000,660010.0,10.0,,,,6.834394904458598,,49,,11.2,0,6.834394904458598,225,25,50,49
msg_535,node49,node45,320,660000,660011.0,11.0,,,,6.834394904458598,,49,,11.7,0,6.834394904458598,225,25,50,49
msg_536,node49,node46,320,660000,660011.0,11.0,,,,6.877358490566038,,49,,11.7,0,6.877358490566038,221,21,50,49
msg_537,node49,node47,320,660000,,,,,,7.143876337693222,,49,,,0,7.143876337693222,629,49,50,49
msg_538,node49,node48,320,660000,,,,,,7.143876337693222,,49,,,0,7.143876337693222,629,49,50,49
msg_539,node49,node0,319,720000,720001.0,1.0,,,,6.890282131661442,,49,,1.4545454545454546,0,6.890282131661442,269,49,50,49
msg_540,node49,node1,319,720000,720001.0,1.0,,,,6.871875,,49,,1.4545454545454546,0,6.871875,268,48,50,49
msg_541,node49,node2,319,720000,720002.0,2.0,,,,6.853582554517134,,49,,2.4545454545454546,0,6.853582554517134,267,47,50,49
msg_542,node49,node3,319,720000,720002.0,2.0,,,,6.838509316770186,,49,,2.727272727272727,0,6.838509316770186,266,46,50,49
msg_543,node49,node4,319,720000,,,,,,7.143876337693222,,49,,,0,7.143876337693222,629,49,50,49
msg_544,node49,node5,319,720000,,,,,,7.143876337693222,,49,,,0,7.143876337693222,629,49,50,49
msg_545,node49,node6,319,720000,720004.0,4.0,,,,6.796923076923077,,49,,4.0,0,6.796923076923077,263,43,50,49
msg_546,node49,node7,319,720000,720004.0,4.0,,,,6.788343558282208,,49,,4.818181818181818,0,6.788343558282208,262,42,50,49
msg_547,node49,node8,319,720000,720005.0,5.0,,,,6.779816513761468,,49,,5.181818181818182,0,6.779816513761468,261,41,50,49
msg_548,node49,node9,319,720000,720005.0,5.0,,,,6.768996960486322,,49,,5.2727272727272725,0,6.768996960486322,259,39,50,49
msg_549,node49,node10,320,720000,720002.0,2.0,,,,6.823529411764706,,49,,2.727272727272727,0,6.823529411764706,265,45,50,49
msg_550,node49,node11,320,720000,,,,,,7.143876337693222,,49,,,0,7.143876337693222,629,49,50,49
msg_551,node49,node12,320,720000,,,,,,7.143876337693222,,49,,,0,7.143876337693222,629,49,50,49
msg_552,node49,node13,320,720000,720006.0,6.0,,,,6.763636363636364,,49,,5.909090909090909,0,6.763636363636364,258,38,50,49
msg_553,node49,node14,320,720000,720003.0,3.0,,,,6.808641975308642,,49,,3.6363636363636362,0,6.808641975308642,264,44,50,49
msg_554,node49,node15,320,720000,720006.0,6.0,,,,6.761329305135952,,49,,6.454545454545454,0,6.761329305135952,257,37,50,49
msg_555,node49,node16,320,720000,,,,,,7.143876337693222,,49,,,0,7.143876337693222,629,49,50,49
msg_556,node49,node17,320,720000,720007.0,7.0,,,,6.756756756756757,,49,,6.909090909090909,0,6.756756756756757,255,35,50,49
msg_557,node49,node18,320,720000,,,,,,7.143876337693222,,49,,,0,7.143876337693222,629,49,50,49
msg_558,node49,node19,320,720000,,,,,,7.143876337693222,,49,,,0,7.143876337693222,629,49,50,49
msg_559,node49,node20,320,720000,720007.0,7.0,,,,6.756756756756757,,49,,7.181818181818182,0,6.756756756756757,255,35,50,49
msg_560,node49,node21,320,720000,720005.0,5.0,,,,6.774390243902439,,49,,5.090909090909091,0,6.774390243902439,260,40,50,49
msg_561,node49,node22,320,720000,,,,,,7.143876337693222,,49,,,0,7.143876337693222,629,49,50,49
msg_562,node49,node23,320,720000,,,,,,7.143876337693222,,49,,,0,7.143876337693222,629,49,50,49
msg_563,node49,node24,320,720000,720008.0,8.0,,,,6.756756756756757,,49,,8.181818181818182,0,6.756756756756757,255,35,50,49
msg_564,node49,node25,320,720000,720008.0,8.0,,,,6.7626112759643915,,49,,8.272727272727273,0,6.7626112759643915,251,31,50,49
msg_565,node49,node26,320,720000,,,,,,7.143876337693222,,49,,,0,7.143876337693222,629,49,50,49
msg_566,node49,node27,320,720000,720008.0,8.0,,,,6.766272189349112,,49,,8.363636363636363,0,6.766272189349112,250,30,50,49
msg_567,node49,node28,320,720000,,,,,,7.143876337693222,,49,,,0,7.143876337693222,629,49,50,49
msg_568,node49,node29,320,720000,,,,,,7.143876337693222,,49,,,0,7.143876337693222,629,49,50,49
msg_569,node49,node30,320,720000,,,,,,7.143876337693222,,49,,,0,7.143876337693222,629,49,50,49
msg_570,node49,node31,320,720000,720006.0,6.0,,,,6.759036144578313,,49,,7.0,0,6.759036144578313,256,36,50,49
msg_571,node49,node32,320,720000,720007.0,7.0,,,,6.756756756756757,,49,,7.7272727272727275,0,6.756756756756757,255,35,50,49
msg_572,node49,node33,320,720000,720009.0,9.0,,,,6.769911504424779,,49,,9.363636363636363,0,6.769911504424779,249,29,50,49
msg_573,node49,node34,320,720000,,,,,,7.143876337693222,,49,,,0,7.143876337693222,629,49,50,49
msg_574,node49,node35,320,720000,720009.0,9.0,,,,6.776470588235294,,49,,9.636363636363637,0,6.776470588235294,248,28,50,49
msg_575,node49,node36,320,720000,720009.0,9.0,,,,6.782991202346041,,49,,9.727272727272727,0,6.782991202346041,247,27,50,49
msg_576,node49,node37,320,720000,720010.0,10.0,,,,6.7894736842105265,,49,,10.545454545454545,0,6.7894736842105265,246,26,50,49
msg_577,node49,node38,320,720000,,,,,,7.143876337693222,,49,,,0,7.143876337693222,629,49,50,49
msg_578,node49,node39,320,720000,,,,,,7.143876337693222,,49,,,0,7.143876337693222,629,49,50,49
msg_579,node49,node40,320,720000,720010.0,10.0,,,,6.798833819241983,,49,,10.636363636363637,0,6.798833819241983,245,25,50,49
msg_580,node49,node41,320,720000,720010.0,10.0,,,,6.808139534883721,,49,,10.727272727272727,0,6.808139534883721,244,24,50,49
msg_581,node49,node42,320,720000,,,,,,7.143876337693222,,49,,,0,7.143876337693222,629,49,50,49
msg_582,node49,node43,320,720000,,,,,,7.143876337693222,,49,,,0,7.143876337693222,629,49,50,49
msg_583,node49,node44,320,720000,720010.0,10.0,,,,6.817391304347826,,49,,11.090909090909092,0,6.817391304347826,243,23,50,49
msg_584,node49,node45,320,720000,720011.0,11.0,,,,6.826589595375722,,49,,11.636363636363637,0,6.826589595375722,242,22,50,49
msg_585,node49,node46,320,720000,720011.0,11.0,,,,6.838616714697406,,49,,11.636363636363637,0,6.838616714697406,241,21,50,49
msg_586,node49,node47,320,720000,,,,,,7.143876337693222,,49,,,0,7.143876337693222,629,49,50,49
msg_587,node49,node48,320,720000,,,,,,7.143876337693222,,49,,,0,7.143876337693222,629,49,50,49
msg_588,node49,node0,319,780000,780001.0,1.0,,,,6.850574712643678,,49,,1.4166666666666667,0,6.850574712643678,289,49,50,49
msg_589,node49,node1,319,780000,780001.0,1.0,,,,6.833810888252149,,49,,1.4166666666666667,0,6.833810888252149,288,48,50,49
msg_590,node49,node2,319,780000,780002.0,2.0,,,,6.817142857142857,,49,,2.4166666666666665,0,6.817142857142857,287,47,50,49
msg_591,node49,node3,319,780000,780002.0,2.0,,,,6.803418803418803,,49,,2.6666666666666665,0,6.803418803418803,286,46,50,49
msg_592,node49,node4,319,780000,,,,,,7.143876337693222,,49,,,0,7.143876337693222,629,49,50,49
msg_593,node49,node5,319,780000,,,,,,7.143876337693222,,49,,,0,7.143876337693222,629,49,50,49
msg_594,node49,node6,319,780000,780004.0,4.0,,,,6.765536723163842,,49,,4.0,0,6.765536723163842,283,43,50,49
msg_595,node49,node7,319,780000,780004.0,4.0,,,,6.75774647887324,,49,,4.75,0,6.75774647887324,282,42,50,49
msg_596,node49,node8,319,780000,780004.0,4.0,,,,6.75,,49,,5.166666666666667,0,6.75,281,41,50,49
msg_597,node49,node9,319,780000,780005.0,5.0,,,,6.73463687150838,,49,,5.25,0,6.73463687150838,279,39,50,49
msg_598,node49,node10,320,780000,780002.0,2.0,,,,6.7897727272727275,,49,,2.6666666666666665,0,6.7897727272727275,285,45,50,49
msg_599,node49,node11,320,780000,,,,,,7.143876337693222,,49,,,0,7.143876337693222,629,49,50,49
msg_600,node49,node12,320,780000,,,,,,7.143876337693222,,49,,,0,7.143876337693222,629,49,50,49
msg_601,node49,node13,320,780000,780005.0,5.0,,,,6.729805013927576,,49,,5.916666666666667,0,6.729805013927576,278,38,50,49
msg_602,node49,node14,320,780000,780003.0,3.0,,,,6.776203966005665,,49,,3.5833333333333335,0,6.776203966005665,284,44,50,49
msg_603,node49,node15,320,780000,780006.0,6.0,,,,6.725,,49,,6.416666666666667,0,6.725,277,37,50,49
msg_604,node49,node16,320,780000,,,,,,7.143876337693222,,49,,,0,7.143876337693222,629,49,50,49
msg_605,node49,node17,320,780000,780007.0,7.0,,,,6.7229916897506925,,49,,6.916666666666667,0,6.7229916897506925,276,36,50,49
msg_606,node49,node18,320,780000,,,,,,7.143876337693222,,49,,,0,7.143876337693222,629,49,50,49
msg_607,node49,node19,320,780000,,,,,,7.143876337693222,,49,,,0,7.143876337693222,629,49,50,49
msg_608,node49,node20,320,780000,780007.0,7.0,,,,6.723756906077348,,49,,7.166666666666667,0,6.723756906077348,275,35,50,49
msg_609,node49,node21,320,780000,780004.0,4.0,,,,6.742296918767507,,49,,5.083333333333333,0,6.742296918767507,280,40,50,49
msg_610,node49,node22,320,780000,,,,,,7.143876337693222,,49,,,0,7.143876337693222,629,49,50,49
msg_611,node49,node23,320,780000,,,,,,7.143876337693222,,49,,,0,7.143876337693222,629,49,50,49
msg_612,node49,node24,320,780000,780007.0,7.0,,,,6.7245179063360885,,49,,8.166666666666666,0,6.7245179063360885,274,34,50,49
msg_613,node49,node25,320,780000,780007.0,7.0,,,,6.725274725274725,,49,,8.25,0,6.725274725274725,273,33,50,49
msg_614,node49,node26,320,780000,,,,,,7.143876337693222,,49,,,0,7.143876337693222,629,49,50,49
msg_615,node49,node27,320,780000,780008.0,8.0,,,,6.729508196721311,,49,,8.333333333333334,0,6.729508196721311,271,31,50,49
msg_616,node49,node28,320,780000,,,,,,7.143876337693222,,49,,,0,7.143876337693222,629,49,50,49
msg_617,node49,node29,320,780000,,,,,,7.143876337693222,,49,,,0,7.143876337693222,629,49,50,49
msg_618,node49,node30,320,780000,,,,,,7.143876337693222,,49,,,0,7.143876337693222,629,49,50,49
msg_619,node49,node31,320,780000,780008.0,8.0,,,,6.726027397260274,,49,,6.916666666666667,0,6.726027397260274,272,32,50,49
msg_620,node49,node32,320,780000,780008.0,8.0,,,,6.732970027247957,,49,,7.666666666666667,0,6.732970027247957,270,30,50,49
msg_621,node49,node33,320,780000,780009.0,9.0,,,,6.736413043478261,,49,,9.333333333333334,0,6.736413043478261,269,29,50,49
msg_622,node49,node34,320,780000,,,,,,7.143876337693222,,49,,,0,7.143876337693222,629,49,50,49
msg_623,node49,node35,320,780000,780009.0,9.0,,,,6.742547425474255,,49,,9.583333333333334,0,6.742547425474255,268,28,50,49
msg_624,node49,node36,320,780000,780009.0,9.0,,,,6.748648648648649,,49,,9.666666666666666,0,6.748648648648649,267,27,50,49
msg_625,node49,node37,320,780000,780010.0,10.0,,,,6.754716981132075,,49,,10.5,0,6.754716981132075,266,26,50,49
msg_626,node49,node38,320,780000,,,,,,7.143876337693222,,49,,,0,7.143876337693222,629,49,50,49
msg_627,node49,node39,320,780000,,,,,,7.143876337693222,,49,,,0,7.143876337693222,629,49,50,49
msg_628,node49,node40,320,780000,780010.0,10.0,,,,6.763440860215054,,49,,10.583333333333334,0,6.763440860215054,265,25,50,49
msg_629,node49,node41,320,780000,780010.0,10.0,,,,6.772117962466488,,49,,10.666666666666666,0,6.772117962466488,264,24,50,49
msg_630,node49,node42,320,780000,,,,,,7.143876337693222,,49,,,0,7.143876337693222,629,49,50,49
msg_631,node49,node43,320,780000,,,,,,7.143876337693222,,49,,,0,7.143876337693222,629,49,50,49
msg_632,node49,node44,320,780000,780010.0,10.0,,,,6.780748663101604,,49,,11.0,0,6.780748663101604,263,23,50,49
msg_633,node49,node45,320,780000,780011.0,11.0,,,,6.789333333333333,,49,,11.583333333333334,0,6.789333333333333,262,22,50,49
msg_634,node49,node46,320,780000,780011.0,11.0,,,,6.800531914893617,,49,,11.583333333333334,0,6.800531914893617,261,21,50,49
msg_635,node49,node47,320,780000,,,,,,7.143876337693222,,49,,,0,7.143876337693222,629,49,50,49
msg_636,node49,node48,320,780000,,,,,,7.143876337693222,,49,,,0,7.143876337693222,629,49,50,49
msg_637,node49,node0,319,840000,840002.0,2.0,,,,6.811671087533156,,49,,1.3846153846153846,0,6.811671087533156,309,49,50,49
msg_638,node49,node1,319,840000,840002.0,2.0,,,,6.798941798941799,,49,,1.3846153846153846,0,6.798941798941799,308,48,50,49
msg_639,node49,node2,319,840000,840003.0,3.0,,,,6.786279683377309,,49,,2.3846153846153846,0,6.786279683377309,307,47,50,49
msg_640,node49,node3,319,840000,840004.0,4.0,,,,6.776315789473684,,49,,2.6153846153846154,0,6.776315789473684,306,46,50,49
msg_641,node49,node4,319,840000,,,,,,7.143876337693222,,49,,,0,7.143876337693222,629,49,50,49
msg_642,node49,node5,319,840000,,,,,,7.143876337693222,,49,,,0,7.143876337693222,629,49,50,49
msg_643,node49,node6,319,840000,840004.0,4.0,,,,6.769028871391076,,49,,4.0,0,6.769028871391076,305,45,50,49
msg_644,node49,node7,319,840000,840004.0,4.0,,,,6.754569190600522,,49,,4.6923076923076925,0,6.754569190600522,303,43,50,49
msg_645,node49,node8,319,840000,840005.0,5.0,,,,6.747395833333333,,49,,5.076923076923077,0,6.747395833333333,302,42,50,49
msg_646,node49,node9,319,840000,840005.0,5.0,,,,6.742857142857143,,49,,5.230769230769231,0,6.742857142857143,301,41,50,49
msg_647,node49,node10,320,840000,840004.0,4.0,,,,6.761780104712042,,49,,2.6153846153846154,0,6.761780104712042,304,44,50,49
msg_648,node49,node11,320,840000,,,,,,7.143876337693222,,49,,,0,7.143876337693222,629,49,50,49
msg_649,node49,node12,320,840000,,,,,,7.143876337693222,,49,,,0,7.143876337693222,629,49,50,49
msg_650,node49,node13,320,840000,840006.0,6.0,,,,6.738341968911917,,49,,5.846153846153846,0,6.738341968911917,300,40,50,49
msg_651,node49,node14,320,840000,840006.0,6.0,,,,6.736434108527132,,49,,3.5384615384615383,0,6.736434108527132,299,39,50,49
msg_652,node49,node15,320,840000,840007.0,7.0,,,,6.732647814910026,,49,,6.384615384615385,0,6.732647814910026,297,37,50,49
msg_653,node49,node16,320,840000,,,,,,7.143876337693222,,49,,,0,7.143876337693222,629,49,50,49
msg_654,node49,node17,320,840000,840008.0,8.0,,,,6.733333333333333,,49,,6.923076923076923,0,6.733333333333333,296,36,50,49
msg_655,node49,node18,320,840000,,,,,,7.143876337693222,,49,,,0,7.143876337693222,629,49,50,49
msg_656,node49,node19,320,840000,,,,,,7.143876337693222,,49,,,0,7.143876337693222,629,49,50,49
msg_657,node49,node20,320,840000,840008.0,8.0,,,,6.736572890025576,,49,,7.153846153846154,0,6.736572890025576,295,35,50,49
msg_658,node49,node21,320,840000,840006.0,6.0,,,,6.734536082474227,,49,,5.0,0,6.734536082474227,298,38,50,49
msg_659,node49,node22,320,840000,,,,,,7.143876337693222,,49,,,0,7.143876337693222,629,49,50,49
msg_660,node49,node23,320,840000,,,,,,7.143876337693222,,49,,,0,7.143876337693222,629,49,50,49
msg_661,node49,node24,320,840000,840008.0,8.0,,,,6.743002544529262,,49,,8.076923076923077,0,6.743002544529262,293,33,50,49
msg_662,node49,node25,320,840000,840009.0,9.0,,,,6.751898734177215,,49,,8.153846153846153,0,6.751898734177215,291,31,50,49
msg_663,node49,node26,320,840000,,,,,,7.143876337693222,,49,,,0,7.143876337693222,629,49,50,49
msg_664,node49,node27,320,840000,840010.0,10.0,,,,6.757575757575758,,49,,8.307692307692308,0,6.757575757575758,290,30,50,49
msg_665,node49,node28,320,840000,,,,,,7.143876337693222,,49,,,0,7.143876337693222,629,49,50,49
msg_666,node49,node29,320,840000,,,,,,7.143876337693222,,49,,,0,7.143876337693222,629,49,50,49
msg_667,node49,node30,320,840000,,,,,,7.143876337693222,,49,,,0,7.143876337693222,629,49,50,49
msg_668,node49,node31,320,840000,840008.0,8.0,,,,6.739795918367347,,49,,7.0,0,6.739795918367347,294,34,50,49
msg_669,node49,node32,320,840000,840009.0,9.0,,,,6.746192893401015,,49,,7.6923076923076925,0,6.746192893401015,292,32,50,49
msg_670,node49,node33,320,840000,840010.0,10.0,,,,6.765743073047859,,49,,9.307692307692308,0,6.765743073047859,289,29,50,49
msg_671,node49,node34,320,840000,,,,,,7.143876337693222,,49,,,0,7.143876337693222,629,49,50,49
msg_672,node49,node35,320,840000,840011.0,11.0,,,,6.773869346733668,,49,,9.538461538461538,0,6.773869346733668,288,28,50,49
msg_673,node49,node36,320,840000,840011.0,11.0,,,,6.784461152882206,,49,,9.615384615384615,0,6.784461152882206,287,27,50,49
msg_674,node49,node37,320,840000,840011.0,11.0,,,,6.795,,49,,10.461538461538462,0,6.795,286,26,50,49
msg_675,node49,node38,320,840000,,,,,,7.143876337693222,,49,,,0,7.143876337693222,629,49,50,49
msg_676,node49,node39,320,840000,,,,,,7.143876337693222,,49,,,0,7.143876337693222,629,49,50,49
msg_677,node49,node40,320,840000,840011.0,11.0,,,,6.805486284289277,,49,,10.538461538461538,0,6.805486284289277,285,25,50,49
msg_678,node49,node41,320,840000,840012.0,12.0,,,,6.8159203980099505,,49,,10.615384615384615,0,6.8159203980099505,284,24,50,49
msg_679,node49,node42,320,840000,,,,,,7.143876337693222,,49,,,0,7.143876337693222,629,49,50,49
msg_680,node49,node43,320,840000,,,,,,7.143876337693222,,49,,,0,7.143876337693222,629,49,50,49
msg_681,node49,node44,320,840000,840012.0,12.0,,,,6.828784119106699,,49,,10.923076923076923,0,6.828784119106699,283,23,50,49
msg_682,node49,node45,320,840000,840012.0,12.0,,,,6.841584158415841,,49,,11.538461538461538,0,6.841584158415841,282,22,50,49
msg_683,node49,node46,320,840000,840013.0,13.0,,,,6.854320987654321,,49,,11.538461538461538,0,6.854320987654321,281,21,50,49
msg_684,node49,node47,320,840000,,,,,,7.143876337693222,,49,,,0,7.143876337693222,629,49,50,49
msg_685,node49,node48,320,840000,,,,,,7.143876337693222,,49,,,0,7.143876337693222,629,49,50,49
msg_686,node49,node0,319,900000,900002.0,2.0,,,,6.869458128078818,,49,,1.4285714285714286,0,6.869458128078818,329,49,50,49
msg_687,node49,node1,319,900000,900002.0,2.0,,,,6.857493857493857,,49,,1.4285714285714286,0,6.857493857493857,328,48,50,49
msg_688,node49,node2,319,900000,900003.0,3.0,,,,6.845588235294118,,49,,2.4285714285714284,0,6.845588235294118,327,47,50,49
msg_689,node49,node3,319,900000,900003.0,3.0,,,,6.836185819070905,,49,,2.7142857142857144,0,6.836185819070905,326,46,50,49
msg_690,node49,node4,319,900000,,,,,,7.143876337693222,,49,,,0,7.143876337693222,629,49,50,49
msg_691,node49,node5,319,900000,,,,,,7.143876337693222,,49,,,0,7.143876337693222,629,49,50,49
msg_692,node49,node6,319,900000,900004.0,4.0,,,,6.810679611650485,,49,,4.0,0,6.810679611650485,323,43,50,49
msg_693,node49,node7,319,900000,900005.0,5.0,,,,6.803874092009686,,49,,4.642857142857143,0,6.803874092009686,322,42,50,49
msg_694,node49,node8,319,900000,900005.0,5.0,,,,6.799516908212561,,49,,5.071428571428571,0,6.799516908212561,321,41,50,49
msg_695,node49,node9,319,900000,900005.0,5.0,,,,6.795180722891566,,49,,5.214285714285714,0,6.795180722891566,320,40,50,49
msg_696,node49,node10,320,900000,900003.0,3.0,,,,6.826829268292683,,49,,2.7142857142857144,0,6.826829268292683,325,45,50,49
msg_697,node49,node11,320,900000,,,,,,7.143876337693222,,49,,,0,7.143876337693222,629,49,50,49
msg_698,node49,node12,320,900000,,,,,,7.143876337693222,,49,,,0,7.143876337693222,629,49,50,49
msg_699,node49,node13,320,900000,900006.0,6.0,,,,6.790865384615385,,49,,5.857142857142857,0,6.790865384615385,319,39,50,49
msg_700,node49,node14,320,900000,900004.0,4.0,,,,6.817518248175182,,49,,3.7142857142857144,0,6.817518248175182,324,44,50,49
msg_701,node49,node15,320,900000,900007.0,7.0,,,,6.787081339712919,,49,,6.428571428571429,0,6.787081339712919,317,37,50,49
msg_702,node49,node16,320,900000,,,,,,7.143876337693222,,49,,,0,7.143876337693222,629,49,50,49
msg_703,node49,node17,320,900000,900007.0,7.0,,,,6.787589498806683,,49,,7.0,0,6.787589498806683,316,36,50,49
msg_704,node49,node18,320,900000,,,,,,7.143876337693222,,49,,,0,7.143876337693222,629,49,50,49
msg_705,node49,node19,320,900000,,,,,,7.143876337693222,,49,,,0,7.143876337693222,629,49,50,49
msg_706,node49,node20,320,900000,900007.0,7.0,,,,6.788095238095238,,49,,7.214285714285714,0,6.788095238095238,315,35,50,49
msg_707,node49,node21,320,900000,900006.0,6.0,,,,6.788968824940048,,49,,5.071428571428571,0,6.788968824940048,318,38,50,49
msg_708,node49,node22,320,900000,,,,,,7.143876337693222,,49,,,0,7.143876337693222,629,49,50,49
msg_709,node49,node23,320,900000,,,,,,7.143876337693222,,49,,,0,7.143876337693222,629,49,50,49
msg_710,node49,node24,320,900000,900008.0,8.0,,,,6.788598574821853,,49,,8.071428571428571,0,6.788598574821853,314,34,50,49
msg_711,node49,node25,320,900000,900008.0,8.0,,,,6.791469194312796,,49,,8.214285714285714,0,6.791469194312796,313,33,50,49
msg_712,node49,node26,320,900000,,,,,,7.143876337693222,,49,,,0,7.143876337693222,629,49,50,49
msg_713,node49,node27,320,900000,900008.0,8.0,,,,6.794326241134752,,49,,8.428571428571429,0,6.794326241134752,312,32,50,49
msg_714,node49,node28,320,900000,,,,,,7.143876337693222,,49,,,0,7.143876337693222,629,49,50,49
msg_715,node49,node29,320,900000,,,,,,7.143876337693222,,49,,,0,7.143876337693222,629,49,50,49
msg_716,node49,node30,320,900000,,,,,,7.143876337693222,,49,,,0,7.143876337693222,629,49,50,49
msg_717,node49,node31,320,900000,900009.0,9.0,,,,6.797169811320755,,49,,7.071428571428571,0,6.797169811320755,311,31,50,49
msg_718,node49,node32,320,900000,900009.0,9.0,,,,6.802352941176471,,49,,7.785714285714286,0,6.802352941176471,310,30,50,49
msg_719,node49,node33,320,900000,900010.0,10.0,,,,6.807511737089202,,49,,9.357142857142858,0,6.807511737089202,309,29,50,49
msg_720,node49,node34,320,900000,,,,,,7.143876337693222,,49,,,0,7.143876337693222,629,49,50,49
msg_721,node49,node35,320,900000,900010.0,10.0,,,,6.8149882903981265,,49,,9.642857142857142,0,6.8149882903981265,308,28,50,49
msg_722,node49,node36,320,900000,900011.0,11.0,,,,6.822429906542056,,49,,9.714285714285714,0,6.822429906542056,307,27,50,49
msg_723,node49,node37,320,900000,900011.0,11.0,,,,6.8321678321678325,,49,,10.5,0,6.8321678321678325,306,26,50,49
msg_724,node49,node38,320,900000,,,,,,7.143876337693222,,49,,,0,7.143876337693222,629,49,50,49
msg_725,node49,node39,320,900000,,,,,,7.143876337693222,,49,,,0,7.143876337693222,629,49,50,49
msg_726,node49,node40,320,900000,900011.0,11.0,,,,6.841860465116279,,49,,10.571428571428571,0,6.841860465116279,305,25,50,49
msg_727,node49,node41,320,900000,900012.0,12.0,,,,6.851508120649652,,49,,10.714285714285714,0,6.851508120649652,304,24,50,49
msg_728,node49,node42,320,900000,,,,,,7.143876337693222,,49,,,0,7.143876337693222,629,49,50,49
msg_729,node49,node43,320,900000,,,,,,7.143876337693222,,49,,,0,7.143876337693222,629,49,50,49
msg_730,node49,node44,320,900000,900012.0,12.0,,,,6.863425925925926,,49,,11.0,0,6.863425925925926,303,23,50,49
msg_731,node49,node45,320,900000,900012.0,12.0,,,,6.875288683602771,,49,,11.571428571428571,0,6.875288683602771,302,22,50,49
msg_732,node49,node46,320,900000,900012.0,12.0,,,,6.887096774193548,,49,,11.642857142857142,0,6.887096774193548,301,21,50,49
msg_733,node49,node47,320,900000,,,,,,7.143876337693222,,49,,,0,7.143876337693222,629,49,50,49
msg_734,node49,node48,320,900000,,,,,,7.143876337693222,,49,,,0,7.143876337693222,629,49,50,49
msg_735,node49,node0,319,960000,960002.0,2.0,,,,6.898850574712644,,49,,1.4666666666666666,0,6.898850574712644,349,49,50,49
msg_736,node49,node1,319,960000,960002.0,2.0,,,,6.887614678899083,,49,,1.4666666666666666,0,6.887614678899083,348,48,50,49
msg_737,node49,node2,319,960000,960003.0,3.0,,,,6.8764302059496565,,49,,2.466666666666667,0,6.8764302059496565,347,47,50,49
msg_738,node49,node3,319,960000,960003.0,3.0,,,,6.867579908675799,,49,,2.7333333333333334,0,6.867579908675799,346,46,50,49
msg_739,node49,node4,319,960000,,,,,,7.143876337693222,,49,,,0,7.143876337693222,629,49,50,49
msg_740,node49,node5,319,960000,,,,,,7.143876337693222,,49,,,0,7.143876337693222,629,49,50,49
msg_741,node49,node6,319,960000,960004.0,4.0,,,,6.85,,49,,4.0,0,6.85,344,44,50,49
msg_742,node49,node7,319,960000,960004.0,4.0,,,,6.843537414965986,,49,,4.666666666666667,0,6.843537414965986,343,43,50,49
msg_743,node49,node8,319,960000,960005.0,5.0,,,,6.83710407239819,,49,,5.066666666666666,0,6.83710407239819,342,42,50,49
msg_744,node49,node9,319,960000,960005.0,5.0,,,,6.832957110609481,,49,,5.2,0,6.832957110609481,341,41,50,49
msg_745,node49,node10,320,960000,960003.0,3.0,,,,6.85876993166287,,49,,2.7333333333333334,0,6.85876993166287,345,45,50,49
msg_746,node49,node11,320,960000,,,,,,7.143876337693222,,49,,,0,7.143876337693222,629,49,50,49
msg_747,node49,node12,320,960000,,,,,,7.143876337693222,,49,,,0,7.143876337693222,629,49,50,49
msg_748,node49,node13,320,960000,960005.0,5.0,,,,6.824719101123596,,49,,5.866666666666666,0,6.824719101123596,339,39,50,49
msg_749,node49,node14,320,960000,960005.0,5.0,,,,6.828828828828829,,49,,3.7333333333333334,0,6.828828828828829,340,40,50,49
msg_750,node49,node15,320,960000,960006.0,6.0,,,,6.820627802690583,,49,,6.466666666666667,0,6.820627802690583,338,38,50,49
msg_751,node49,node16,320,960000,,,,,,7.143876337693222,,49,,,0,7.143876337693222,629,49,50,49
msg_752,node49,node17,320,960000,960007.0,7.0,,,,6.818791946308725,,49,,7.0,0,6.818791946308725,337,37,50,49
msg_753,node49,node18,320,960000,,,,,,7.143876337693222,,49,,,0,7.143876337693222,629,49,50,49
msg_754,node49,node19,320,960000,,,,,,7.143876337693222,,49,,,0,7.143876337693222,629,49,50,49
msg_755,node49,node20,320,960000,960008.0,8.0,,,,6.819599109131403,,49,,7.2,0,6.819599109131403,335,35,50,49
msg_756,node49,node21,320,960000,960007.0,7.0,,,,6.819196428571429,,49,,5.133333333333334,0,6.819196428571429,336,36,50,49
msg_757,node49,node22,320,960000,,,,,,7.143876337693222,,49,,,0,7.143876337693222,629,49,50,49
msg_758,node49,node23,320,960000,,,,,,7.143876337693222,,49,,,0,7.143876337693222,629,49,50,49
msg_759,node49,node24,320,960000,960008.0,8.0,,,,6.822222222222222,,49,,8.066666666666666,0,6.822222222222222,334,34,50,49
msg_760,node49,node25,320,960000,960010.0,10.0,,,,6.8344370860927155,,49,,8.2,0,6.8344370860927155,331,31,50,49
msg_761,node49,node26,320,960000,,,,,,7.143876337693222,,49,,,0,7.143876337693222,629,49,50,49
msg_762,node49,node27,320,960000,960011.0,11.0,,,,6.841409691629956,,49,,8.4,0,6.841409691629956,330,30,50,49
msg_763,node49,node28,320,960000,,,,,,7.143876337693222,,49,,,0,7.143876337693222,629,49,50,49
msg_764,node49,node29,320,960000,,,,,,7.143876337693222,,49,,,0,7.143876337693222,629,49,50,49
msg_765,node49,node30,320,960000,,,,,,7.143876337693222,,49,,,0,7.143876337693222,629,49,50,49
msg_766,node49,node31,320,960000,960009.0,9.0,,,,6.824833702882484,,49,,7.2,0,6.824833702882484,333,33,50,49
msg_767,node49,node32,320,960000,960009.0,9.0,,,,6.829646017699115,,49,,7.866666666666666,0,6.829646017699115,332,32,50,49
msg_768,node49,node33,320,960000,960011.0,11.0,,,,6.85054945054945,,49,,9.4,0,6.85054945054945,329,29,50,49
msg_769,node49,node34,320,960000,,,,,,7.143876337693222,,49,,,0,7.143876337693222,629,49,50,49
msg_770,node49,node35,320,960000,960011.0,11.0,,,,6.859649122807017,,49,,9.666666666666666,0,6.859649122807017,328,28,50,49
msg_771,node49,node36,320,960000,960012.0,12.0,,,,6.868708971553611,,49,,9.8,0,6.868708971553611,327,27,50,49
msg_772,node49,node37,320,960000,960012.0,12.0,,,,6.879912663755459,,49,,10.533333333333333,0,6.879912663755459,326,26,50,49
msg_773,node49,node38,320,960000,,,,,,7.143876337693222,,49,,,0,7.143876337693222,629,49,50,49
msg_774,node49,node39,320,960000,,,,,,7.143876337693222,,49,,,0,7.143876337693222,629,49,50,49
msg_775,node49,node40,320,960000,960012.0,12.0,,,,6.891067538126362,,49,,10.6,0,6.891067538126362,325,25,50,49
msg_776,node49,node41,320,960000,960012.0,12.0,,,,6.9021739130434785,,49,,10.8,0,6.9021739130434785,324,24,50,49
msg_777,node49,node42,320,960000,,,,,,7.143876337693222,,49,,,0,7.143876337693222,629,49,50,49
msg_778,node49,node43,320,960000,,,,,,7.143876337693222,,49,,,0,7.143876337693222,629,49,50,49
msg_779,node49,node44,320,960000,960013.0,13.0,,,,6.913232104121475,,49,,11.066666666666666,0,6.913232104121475,323,23,50,49
msg_780,node49,node45,320,960000,960013.0,13.0,,,,6.926406926406926,,49,,11.6,0,6.926406926406926,322,22,50,49
msg_781,node49,node46,320,960000,960013.0,13.0,,,,6.939524838012959,,49,,11.666666666666666,0,6.939524838012959,321,21,50,49
msg_782,node49,node47,320,960000,,,,,,7.143876337693222,,49,,,0,7.143876337693222,629,49,50,49
msg_783,node49,node48,320,960000,,,,,,7.143876337693222,,49,,,0,7.143876337693222,629,49,50,49
msg_784,node49,node0,319,1020000,1020002.0,2.0,,,,6.952586206896552,,49,,1.5,0,6.952586206896552,369,49,50,49
msg_785,node49,node1,319,1020000,1020002.0,2.0,,,,6.941935483870968,,49,,1.5,0,6.941935483870968,368,48,50,49
msg_786,node49,node2,319,1020000,1020003.0,3.0,,,,6.931330472103005,,49,,2.5,0,6.931330472103005,367,47,50,49
msg_787,node49,node3,319,1020000,1020003.0,3.0,,,,6.922912205567452,,49,,2.75,0,6.922912205567452,366,46,50,49
msg_788,node49,node4,319,1020000,,,,,,7.143876337693222,,49,,,0,7.143876337693222,629,49,50,49
msg_789,node49,node5,319,1020000,,,,,,7.143876337693222,,49,,,0,7.143876337693222,629,49,50,49
msg_790,node49,node6,319,1020000,1020005.0,5.0,,,,6.9,,49,,4.0,0,6.9,363,43,50,49
msg_791,node49,node7,319,1020000,1020005.0,5.0,,,,6.895966029723992,,49,,4.625,0,6.895966029723992,362,42,50,49
msg_792,node49,node8,319,1020000,1020005.0,5.0,,,,6.891949152542373,,49,,5.0625,0,6.891949152542373,361,41,50,49
msg_793,node49,node9,319,1020000,1020005.0,5.0,,,,6.887949260042284,,49,,5.1875,0,6.887949260042284,360,40,50,49
msg_794,node49,node10,320,1020000,1020003.0,3.0,,,,6.914529914529915,,49,,2.75,0,6.914529914529915,365,45,50,49
msg_795,node49,node11,320,1020000,,,,,,7.143876337693222,,49,,,0,7.143876337693222,629,49,50,49
msg_796,node49,node12,320,1020000,,,,,,7.143876337693222,,49,,,0,7.143876337693222,629,49,50,49
msg_797,node49,node13,320,1020000,1020006.0,6.0,,,,6.883966244725738,,49,,5.8125,0,6.883966244725738,359,39,50,49
msg_798,node49,node14,320,1020000,1020004.0,4.0,,,,6.906183368869936,,49,,3.8125,0,6.906183368869936,364,44,50,49
msg_799,node49,node15,320,1020000,1020007.0,7.0,,,,6.880252100840337,,49,,6.4375,0,6.880252100840337,357,37,50,49
msg_800,node49,node16,320,1020000,,,,,,7.143876337693222,,49,,,0,7.143876337693222,629,49,50,49
msg_801,node49,node17,320,1020000,1020007.0,7.0,,,,6.880503144654088,,49,,7.0,0,6.880503144654088,356,36,50,49
msg_802,node49,node18,320,1020000,,,,,,7.143876337693222,,49,,,0,7.143876337693222,629,49,50,49
msg_803,node49,node19,320,1020000,,,,,,7.143876337693222,,49,,,0,7.143876337693222,629,49,50,49
msg_804,node49,node20,320,1020000,1020007.0,7.0,,,,6.880753138075314,,49,,7.25,0,6.880753138075314,355,35,50,49
msg_805,node49,node21,320,1020000,1020006.0,6.0,,,,6.882105263157895,,49,,5.25,0,6.882105263157895,358,38,50,49
msg_806,node49,node22,320,1020000,,,,,,7.143876337693222,,49,,,0,7.143876337693222,629,49,50,49
msg_807,node49,node23,320,1020000,,,,,,7.143876337693222,,49,,,0,7.143876337693222,629,49,50,49
msg_808,node49,node24,320,1020000,1020008.0,8.0,,,,6.881002087682672,,49,,8.0625,0,6.881002087682672,354,34,50,49
msg_809,node49,node25,320,1020000,1020008.0,8.0,,,,6.883333333333334,,49,,8.3125,0,6.883333333333334,353,33,50,49
msg_810,node49,node26,320,1020000,,,,,,7.143876337693222,,49,,,0,7.143876337693222,629,49,50,49
msg_811,node49,node27,320,1020000,1020008.0,8.0,,,,6.885654885654886,,49,,8.5625,0,6.885654885654886,352,32,50,49
msg_812,node49,node28,320,1020000,,,,,,7.143876337693222,,49,,,0,7.143876337693222,629,49,50,49
msg_813,node49,node29,320,1020000,,,,,,7.143876337693222,,49,,,0,7.143876337693222,629,49,50,49
msg_814,node49,node30,320,1020000,,,,,,7.143876337693222,,49,,,0,7.143876337693222,629,49,50,49
msg_815,node49,node31,320,1020000,1020009.0,9.0,,,,6.8879668049792535,,49,,7.3125,0,6.8879668049792535,351,31,50,49
msg_816,node49,node32,320,1020000,1020009.0,9.0,,,,6.892339544513457,,49,,7.9375,0,6.892339544513457,350,30,50,49
msg_817,node49,node33,320,1020000,1020010.0,10.0,,,,6.896694214876033,,49,,9.5,0,6.896694214876033,349,29,50,49
msg_818,node49,node34,320,1020000,,,,,,7.143876337693222,,49,,,0,7.143876337693222,629,49,50,49
msg_819,node49,node35,320,1020000,1020010.0,10.0,,,,6.903092783505155,,49,,9.75,0,6.903092783505155,348,28,50,49
msg_820,node49,node36,320,1020000,1020011.0,11.0,,,,6.909465020576132,,49,,9.9375,0,6.909465020576132,347,27,50,49
msg_821,node49,node37,320,1020000,1020011.0,11.0,,,,6.917864476386037,,49,,10.625,0,6.917864476386037,346,26,50,49
msg_822,node49,node38,320,1020000,,,,,,7.143876337693222,,49,,,0,7.143876337693222,629,49,50,49
msg_823,node49,node39,320,1020000,,,,,,7.143876337693222,,49,,,0,7.143876337693222,629,49,50,49
msg_824,node49,node40,320,1020000,1020011.0,11.0,,,,6.926229508196721,,49,,10.6875,0,6.926229508196721,345,25,50,49
msg_825,node49,node41,320,1020000,1020012.0,12.0,,,,6.934560327198364,,49,,10.875,0,6.934560327198364,344,24,50,49
msg_826,node49,node42,320,1020000,,,,,,7.143876337693222,,49,,,0,7.143876337693222,629,49,50,49
msg_827,node49,node43,320,1020000,,,,,,7.143876337693222,,49,,,0,7.143876337693222,629,49,50,49
msg_828,node49,node44,320,1020000,1020012.0,12.0,,,,6.944897959183673,,49,,11.1875,0,6.944897959183673,343,23,50,49
msg_829,node49,node45,320,1020000,1020012.0,12.0,,,,6.955193482688391,,49,,11.6875,0,6.955193482688391,342,22,50,49
msg_830,node49,node46,320,1020000,1020012.0,12.0,,,,6.965447154471545,,49,,11.75,0,6.965447154471545,341,21,50,49
msg_831,node49,node47,320,1020000,,,,,,7.143876337693222,,49,,,0,7.143876337693222,629,49,50,49
msg_832,node49,node48,320,1020000,,,,,,7.143876337693222,,49,,,0,7.143876337693222,629,49,50,49
msg_833,node49,node0,319,1080000,1080002.0,2.0,,,,6.975659229208925,,49,,1.5294117647058822,0,6.975659229208925,389,49,50,49
msg_834,node49,node1,319,1080000,1080002.0,2.0,,,,6.965587044534413,,49,,1.5294117647058822,0,6.965587044534413,388,48,50,49
msg_835,node49,node2,319,1080000,1080003.0,3.0,,,,6.955555555555556,,49,,2.5294117647058822,0,6.955555555555556,387,47,50,49
msg_836,node49,node3,319,1080000,1080003.0,3.0,,,,6.94758064516129,,49,,2.764705882352941,0,6.94758064516129,386,46,50,49
msg_837,node49,node4,319,1080000,,,,,,7.143876337693222,,49,,,0,7.143876337693222,629,49,50,49
msg_838,node49,node5,319,1080000,,,,,,7.143876337693222,,49,,,0,7.143876337693222,629,49,50,49
msg_839,node49,node6,319,1080000,1080004.0,4.0,,,,6.931726907630522,,49,,4.0588235294117645,0,6.931726907630522,384,44,50,49
msg_840,node49,node7,319,1080000,1080004.0,4.0,,,,6.925851703406813,,49,,4.647058823529412,0,6.925851703406813,383,43,50,49
msg_841,node49,node8,319,1080000,1080005.0,5.0,,,,6.92,,49,,5.0588235294117645,0,6.92,382,42,50,49
msg_842,node49,node9,319,1080000,1080005.0,5.0,,,,6.916167664670659,,49,,5.176470588235294,0,6.916167664670659,381,41,50,49
msg_843,node49,node10,320,1080000,1080003.0,3.0,,,,6.9396378269617705,,49,,2.764705882352941,0,6.9396378269617705,385,45,50,49
msg_844,node49,node11,320,1080000,,,,,,7.143876337693222,,49,,,0,7.143876337693222,629,49,50,49
msg_845,node49,node12,320,1080000,,,,,,7.143876337693222,,49,,,0,7.143876337693222,629,49,50,49
msg_846,node49,node13,320,1080000,1080005.0,5.0,,,,6.912350597609562,,49,,5.823529411764706,0,6.912350597609562,380,40,50,49
msg_847,node49,node14,320,1080000,1080005.0,5.0,,,,6.9085487077534795,,49,,3.823529411764706,0,6.9085487077534795,379,39,50,49
msg_848,node49,node15,320,1080000,1080007.0,7.0,,,,6.902970297029703,,49,,6.470588235294118,0,6.902970297029703,377,37,50,49
msg_849,node49,node16,320,1080000,,,,,,7.143876337693222,,49,,,0,7.143876337693222,629,49,50,49
msg_850,node49,node17,320,1080000,1080007.0,7.0,,,,6.903162055335969,,49,,7.0,0,6.903162055335969,376,36,50,49
msg_851,node49,node18,320,1080000,,,,,,7.143876337693222,,49,,,0,7.143876337693222,629,49,50,49
msg_852,node49,node19,320,1080000,,,,,,7.143876337693222,,49,,,0,7.143876337693222,629,49,50,49
msg_853,node49,node20,320,1080000,1080007.0,7.0,,,,6.903543307086614,,49,,7.235294117647059,0,6.903543307086614,374,34,50,49
msg_854,node49,node21,320,1080000,1080006.0,6.0,,,,6.904761904761905,,49,,5.294117647058823,0,6.904761904761905,378,38,50,49
msg_855,node49,node22,320,1080000,,,,,,7.143876337693222,,49,,,0,7.143876337693222,629,49,50,49
msg_856,node49,node23,320,1080000,,,,,,7.143876337693222,,49,,,0,7.143876337693222,629,49,50,49
msg_857,node49,node24,320,1080000,1080009.0,9.0,,,,6.905882352941177,,49,,8.058823529411764,0,6.905882352941177,372,32,50,49
msg_858,node49,node25,320,1080000,1080009.0,9.0,,,,6.909980430528376,,49,,8.294117647058824,0,6.909980430528376,371,31,50,49
msg_859,node49,node26,320,1080000,,,,,,7.143876337693222,,49,,,0,7.143876337693222,629,49,50,49
msg_860,node49,node27,320,1080000,1080009.0,9.0,,,,6.9140625,,49,,8.529411764705882,0,6.9140625,370,30,50,49
msg_861,node49,node28,320,1080000,,,,,,7.143876337693222,,49,,,0,7.143876337693222,629,49,50,49
msg_862,node49,node29,320,1080000,,,,,,7.143876337693222,,49,,,0,7.143876337693222,629,49,50,49
msg_863,node49,node30,320,1080000,,,,,,7.143876337693222,,49,,,0,7.143876337693222,629,49,50,49
msg_864,node49,node31,320,1080000,1080007.0,7.0,,,,6.903353057199211,,49,,7.411764705882353,0,6.903353057199211,375,35,50,49
msg_865,node49,node32,320,1080000,1080008.0,8.0,,,,6.903732809430255,,49,,8.0,0,6.903732809430255,373,33,50,49
msg_866,node49,node33,320,1080000,1080009.0,9.0,,,,6.918128654970761,,49,,9.529411764705882,0,6.918128654970761,369,29,50,49
msg_867,node49,node34,320,1080000,,,,,,7.143876337693222,,49,,,0,7.143876337693222,629,49,50,49
msg_868,node49,node35,320,1080000,1080011.0,11.0,,,,6.9221789883268485,,49,,9.764705882352942,0,6.9221789883268485,368,28,50,49
msg_869,node49,node36,320,1080000,1080011.0,11.0,,,,6.930097087378641,,49,,10.0,0,6.930097087378641,367,27,50,49
msg_870,node49,node37,320,1080000,1080011.0,11.0,,,,6.937984496124031,,49,,10.647058823529411,0,6.937984496124031,366,26,50,49
msg_871,node49,node38,320,1080000,,,,,,7.143876337693222,,49,,,0,7.143876337693222,629,49,50,49
msg_872,node49,node39,320,1080000,,,,,,7.143876337693222,,49,,,0,7.143876337693222,629,49,50,49
msg_873,node49,node40,320,1080000,1080012.0,12.0,,,,6.945841392649903,,49,,10.705882352941176,0,6.945841392649903,365,25,50,49
msg_874,node49,node41,320,1080000,1080012.0,12.0,,,,6.955598455598456,,49,,10.941176470588236,0,6.955598455598456,364,24,50,49
msg_875,node49,node42,320,1080000,,,,,,7.143876337693222,,49,,,0,7.143876337693222,629,49,50,49
msg_876,node49,node43,320,1080000,,,,,,7.143876337693222,,49,,,0,7.143876337693222,629,49,50,49
msg_877,node49,node44,320,1080000,1080012.0,12.0,,,,6.965317919075145,,49,,11.235294117647058,0,6.965317919075145,363,23,50,49
msg_878,node49,node45,320,1080000,1080013.0,13.0,,,,6.975,,49,,11.705882352941176,0,6.975,362,22,50,49
msg_879,node49,node46,320,1080000,1080013.0,13.0,,,,6.9865642994241846,,49,,11.764705882352942,0,6.9865642994241846,361,21,50,49
msg_880,node49,node47,320,1080000,,,,,,7.143876337693222,,49,,,0,7.143876337693222,629,49,50,49
msg_881,node49,node48,320,1080000,,,,,,7.143876337693222,,49,,,0,7.143876337693222,629,49,50,49
msg_882,node49,node0,319,1140000,1140001.0,1.0,,,,6.998084291187739,,49,,1.5555555555555556,0,6.998084291187739,409,49,50,49
msg_883,node49,node1,319,1140000,1140002.0,2.0,,,,6.977099236641221,,49,,1.5555555555555556,0,6.977099236641221,407,47,50,49
msg_884,node49,node2,319,1140000,1140003.0,3.0,,,,6.967619047619047,,49,,2.5555555555555554,0,6.967619047619047,406,46,50,49
msg_885,node49,node3,319,1140000,1140003.0,3.0,,,,6.9600760456273765,,49,,2.7777777777777777,0,6.9600760456273765,405,45,50,49
msg_886,node49,node4,319,1140000,,,,,,7.143876337693222,,49,,,0,7.143876337693222,629,49,50,49
msg_887,node49,node5,319,1140000,,,,,,7.143876337693222,,49,,,0,7.143876337693222,629,49,50,49
msg_888,node49,node6,319,1140000,1140004.0,4.0,,,,6.945075757575758,,49,,4.055555555555555,0,6.945075757575758,403,43,50,49
msg_889,node49,node7,319,1140000,1140004.0,4.0,,,,6.939508506616257,,49,,4.611111111111111,0,6.939508506616257,402,42,50,49
msg_890,node49,node8,319,1140000,1140004.0,4.0,,,,6.933962264150943,,49,,5.055555555555555,0,6.933962264150943,401,41,50,49
msg_891,node49,node9,319,1140000,1140005.0,5.0,,,,6.928436911487759,,49,,5.166666666666667,0,6.928436911487759,400,40,50,49
msg_892,node49,node10,320,1140000,1140002.0,2.0,,,,6.986615678776291,,49,,2.7777777777777777,0,6.986615678776291,408,48,50,49
msg_893,node49,node11,320,1140000,,,,,,7.143876337693222,,49,,,0,7.143876337693222,629,49,50,49
msg_894,node49,node12,320,1140000,,,,,,7.143876337693222,,49,,,0,7.143876337693222,629,49,50,49
msg_895,node49,node13,320,1140000,1140005.0,5.0,,,,6.924812030075188,,49,,5.777777777777778,0,6.924812030075188,399,39,50,49
msg_896,node49,node14,320,1140000,1140003.0,3.0,,,,6.952561669829222,,49,,3.888888888888889,0,6.952561669829222,404,44,50,49
msg_897,node49,node15,320,1140000,1140006.0,6.0,,,,6.921200750469043,,49,,6.5,0,6.921200750469043,398,38,50,49
msg_898,node49,node16,320,1140000,,,,,,7.143876337693222,,49,,,0,7.143876337693222,629,49,50,49
msg_899,node49,node17,320,1140000,1140006.0,6.0,,,,6.919475655430712,,49,,7.0,0,6.919475655430712,397,37,50,49
msg_900,node49,node18,320,1140000,,,,,,7.143876337693222,,49,,,0,7.143876337693222,629,49,50,49
msg_901,node49,node19,320,1140000,,,,,,7.143876337693222,,49,,,0,7.143876337693222,629,49,50,49
msg_902,node49,node20,320,1140000,1140007.0,7.0,,,,6.917910447761194,,49,,7.222222222222222,0,6.917910447761194,395,35,50,49
msg_903,node49,node21,320,1140000,1140007.0,7.0,,,,6.917757009345794,,49,,5.333333333333333,0,6.917757009345794,396,36,50,49
msg_904,node49,node22,320,1140000,,,,,,7.143876337693222,,49,,,0,7.143876337693222,629,49,50,49
msg_905,node49,node23,320,1140000,,,,,,7.143876337693222,,49,,,0,7.143876337693222,629,49,50,49
msg_906,node49,node24,320,1140000,1140008.0,8.0,,,,6.918063314711359,,49,,8.11111111111111,0,6.918063314711359,394,34,50,49
msg_907,node49,node25,320,1140000,1140008.0,8.0,,,,6.922077922077922,,49,,8.333333333333334,0,6.922077922077922,392,32,50,49
msg_908,node49,node26,320,1140000,,,,,,7.143876337693222,,49,,,0,7.143876337693222,629,49,50,49
msg_909,node49,node27,320,1140000,1140008.0,8.0,,,,6.926062846580407,,49,,8.555555555555555,0,6.926062846580407,390,30,50,49
msg_910,node49,node28,320,1140000,,,,,,7.143876337693222,,49,,,0,7.143876337693222,629,49,50,49
msg_911,node49,node29,320,1140000,,,,,,7.143876337693222,,49,,,0,7.143876337693222,629,49,50,49
msg_912,node49,node30,320,1140000,,,,,,7.143876337693222,,49,,,0,7.143876337693222,629,49,50,49
msg_913,node49,node31,320,1140000,1140008.0,8.0,,,,6.9200743494423795,,49,,7.388888888888889,0,6.9200743494423795,393,33,50,49
msg_914,node49,node32,320,1140000,1140008.0,8.0,,,,6.924074074074074,,49,,8.0,0,6.924074074074074,391,31,50,49
msg_915,node49,node33,320,1140000,1140009.0,9.0,,,,6.928044280442805,,49,,9.5,0,6.928044280442805,389,29,50,49
msg_916,node49,node34,320,1140000,,,,,,7.143876337693222,,49,,,0,7.143876337693222,629,49,50,49
msg_917,node49,node35,320,1140000,1140009.0,9.0,,,,6.931860036832412,,49,,9.833333333333334,0,6.931860036832412,388,28,50,49
msg_918,node49,node36,320,1140000,1140010.0,10.0,,,,6.935661764705882,,49,,10.055555555555555,0,6.935661764705882,387,27,50,49
msg_919,node49,node37,320,1140000,1140010.0,10.0,,,,6.941284403669725,,49,,10.666666666666666,0,6.941284403669725,386,26,50,49
msg_920,node49,node38,320,1140000,,,,,,7.143876337693222,,49,,,0,7.143876337693222,629,49,50,49
msg_921,node49,node39,320,1140000,,,,,,7.143876337693222,,49,,,0,7.143876337693222,629,49,50,49
msg_922,node49,node40,320,1140000,1140010.0,10.0,,,,6.946886446886447,,49,,10.777777777777779,0,6.946886446886447,385,25,50,49
msg_923,node49,node41,320,1140000,1140011.0,11.0,,,,6.952468007312614,,49,,11.0,0,6.952468007312614,384,24,50,49
msg_924,node49,node42,320,1140000,,,,,,7.143876337693222,,49,,,0,7.143876337693222,629,49,50,49
msg_925,node49,node43,320,1140000,,,,,,7.143876337693222,,49,,,0,7.143876337693222,629,49,50,49
msg_926,node49,node44,320,1140000,1140011.0,11.0,,,,6.95985401459854,,49,,11.277777777777779,0,6.95985401459854,383,23,50,49
msg_927,node49,node45,320,1140000,1140011.0,11.0,,,,6.967213114754099,,49,,11.777777777777779,0,6.967213114754099,382,22,50,49
msg_928,node49,node46,320,1140000,1140012.0,12.0,,,,6.974545454545455,,49,,11.833333333333334,0,6.974545454545455,381,21,50,49
msg_929,node49,node47,320,1140000,,,,,,7.143876337693222,,49,,,0,7.143876337693222,629,49,50,49
msg_930,node49,node48,320,1140000,,,,,,7.143876337693222,,49,,,0,7.143876337693222,629,49,50,49
msg_931,node49,node0,319,1200000,1200002.0,2.0,,,,6.983666061705989,,49,,1.5263157894736843,0,6.983666061705989,429,49,50,49
msg_932,node49,node1,319,1200000,1200002.0,2.0,,,,6.97463768115942,,49,,1.5789473684210527,0,6.97463768115942,428,48,50,49
msg_933,node49,node2,319,1200000,1200003.0,3.0,,,,6.9656419529837255,,49,,2.5789473684210527,0,6.9656419529837255,427,47,50,49
msg_934,node49,node3,319,1200000,1200003.0,3.0,,,,6.958483754512636,,49,,2.789473684210526,0,6.958483754512636,426,46,50,49
msg_935,node49,node4,319,1200000,,,,,,7.143876337693222,,49,,,0,7.143876337693222,629,49,50,49
msg_936,node49,node5,319,1200000,,,,,,7.143876337693222,,49,,,0,7.143876337693222,629,49,50,49
msg_937,node49,node6,319,1200000,1200004.0,4.0,,,,6.944244604316546,,49,,4.052631578947368,0,6.944244604316546,424,44,50,49
msg_938,node49,node7,319,1200000,1200004.0,4.0,,,,6.938958707360862,,49,,4.578947368421052,0,6.938958707360862,423,43,50,49
msg_939,node49,node8,319,1200000,1200005.0,5.0,,,,6.933691756272402,,49,,5.0,0,6.933691756272402,422,42,50,49
msg_940,node49,node9,319,1200000,1200005.0,5.0,,,,6.930232558139535,,49,,5.157894736842105,0,6.930232558139535,421,41,50,49
msg_941,node49,node10,320,1200000,1200003.0,3.0,,,,6.951351351351351,,49,,2.736842105263158,0,6.951351351351351,425,45,50,49
msg_942,node49,node11,320,1200000,,,,,,7.143876337693222,,49,,,0,7.143876337693222,629,49,50,49
msg_943,node49,node12,320,1200000,,,,,,7.143876337693222,,49,,,0,7.143876337693222,629,49,50,49
msg_944,node49,node13,320,1200000,1200005.0,5.0,,,,6.926785714285714,,49,,5.7368421052631575,0,6.926785714285714,420,40,50,49
msg_945,node49,node14,320,1200000,1200005.0,5.0,,,,6.923351158645277,,49,,3.8421052631578947,0,6.923351158645277,419,39,50,49
msg_946,node49,node15,320,1200000,1200007.0,7.0,,,,6.91829484902309,,49,,6.473684210526316,0,6.91829484902309,417,37,50,49
msg_947,node49,node16,320,1200000,,,,,,7.143876337693222,,49,,,0,7.143876337693222,629,49,50,49
msg_948,node49,node17,320,1200000,1200007.0,7.0,,,,6.918439716312057,,49,,6.947368421052632,0,6.918439716312057,416,36,50,49
msg_949,node49,node18,320,1200000,,,,,,7.143876337693222,,49,,,0,7.143876337693222,629,49,50,49
msg_950,node49,node19,320,1200000,,,,,,7.143876337693222,,49,,,0,7.143876337693222,629,49,50,49
msg_951,node49,node20,320,1200000,1200007.0,7.0,,,,6.91858407079646,,49,,7.2105263157894735,0,6.91858407079646,415,35,50,49
msg_952,node49,node21,320,1200000,1200006.0,6.0,,,,6.919928825622776,,49,,5.421052631578948,0,6.919928825622776,418,38,50,49
msg_953,node49,node22,320,1200000,,,,,,7.143876337693222,,49,,,0,7.143876337693222,629,49,50,49
msg_954,node49,node23,320,1200000,,,,,,7.143876337693222,,49,,,0,7.143876337693222,629,49,50,49
msg_955,node49,node24,320,1200000,1200009.0,9.0,,,,6.922535211267606,,49,,8.105263157894736,0,6.922535211267606,412,32,50,49
msg_956,node49,node25,320,1200000,1200009.0,9.0,,,,6.926186291739895,,49,,8.31578947368421,0,6.926186291739895,411,31,50,49
msg_957,node49,node26,320,1200000,,,,,,7.143876337693222,,49,,,0,7.143876337693222,629,49,50,49
msg_958,node49,node27,320,1200000,1200009.0,9.0,,,,6.9298245614035086,,49,,8.526315789473685,0,6.9298245614035086,410,30,50,49
msg_959,node49,node28,320,1200000,,,,,,7.143876337693222,,49,,,0,7.143876337693222,629,49,50,49
msg_960,node49,node29,320,1200000,,,,,,7.143876337693222,,49,,,0,7.143876337693222,629,49,50,49
msg_961,node49,node30,320,1200000,,,,,,7.143876337693222,,49,,,0,7.143876337693222,629,49,50,49
msg_962,node49,node31,320,1200000,1200008.0,8.0,,,,6.918727915194347,,49,,7.421052631578948,0,6.918727915194347,414,34,50,49
msg_963,node49,node32,320,1200000,1200008.0,8.0,,,,6.920634920634921,,49,,8.0,0,6.920634920634921,413,33,50,49
msg_964,node49,node33,320,1200000,1200010.0,10.0,,,,6.933450087565674,,49,,9.473684210526315,0,6.933450087565674,409,29,50,49
msg_965,node49,node34,320,1200000,,,,,,7.143876337693222,,49,,,0,7.143876337693222,629,49,50,49
msg_966,node49,node35,320,1200000,1200010.0,10.0,,,,6.938811188811189,,49,,9.789473684210526,0,6.938811188811189,408,28,50,49
msg_967,node49,node36,320,1200000,1200011.0,11.0,,,,6.944153577661431,,49,,10.052631578947368,0,6.944153577661431,407,27,50,49
msg_968,node49,node37,320,1200000,1200011.0,11.0,,,,6.951219512195122,,49,,10.631578947368421,0,6.951219512195122,406,26,50,49
msg_969,node49,node38,320,1200000,,,,,,7.143876337693222,,49,,,0,7.143876337693222,629,49,50,49
msg_970,node49,node39,320,1200000,,,,,,7.143876337693222,,49,,,0,7.143876337693222,629,49,50,49
msg_971,node49,node40,320,1200000,1200011.0,11.0,,,,6.958260869565217,,49,,10.736842105263158,0,6.958260869565217,405,25,50,49
msg_972,node49,node41,320,1200000,1200012.0,12.0,,,,6.965277777777778,,49,,11.0,0,6.965277777777778,404,24,50,49
msg_973,node49,node42,320,1200000,,,,,,7.143876337693222,,49,,,0,7.143876337693222,629,49,50,49
msg_974,node49,node43,320,1200000,,,,,,7.143876337693222,,49,,,0,7.143876337693222,629,49,50,49
msg_975,node49,node44,320,1200000,1200012.0,12.0,,,,6.974003466204506,,49,,11.263157894736842,0,6.974003466204506,403,23,50,49
msg_976,node49,node45,320,1200000,1200012.0,12.0,,,,6.982698961937716,,49,,11.736842105263158,0,6.982698961937716,402,22,50,49
msg_977,node49,node46,320,1200000,1200012.0,12.0,,,,6.991364421416235,,49,,11.842105263157896,0,6.991364421416235,401,21,50,49
msg_978,node49,node47,320,1200000,,,,,,7.143876337693222,,49,,,0,7.143876337693222,629,49,50,49
msg_979,node49,node48,320,1200000,,,,,,7.143876337693222,,49,,,0,7.143876337693222,629,49,50,49
msg_980,node49,node0,319,1260000,1260001.0,1.0,,,,7.0,,49,,1.55,0,7.0,449,49,50,49
msg_981,node49,node1,319,1260000,1260001.0,1.0,,,,6.989672977624785,,49,,1.6,0,6.989672977624785,448,48,50,49
msg_982,node49,node2,319,1260000,1260003.0,3.0,,,,6.962328767123288,,49,,2.6,0,6.962328767123288,445,45,50,49
msg_983,node49,node3,319,1260000,1260003.0,3.0,,,,6.955555555555556,,49,,2.8,0,6.955555555555556,444,44,50,49
msg_984,node49,node4,319,1260000,,,,,,7.143876337693222,,49,,,0,7.143876337693222,629,49,50,49
msg_985,node49,node5,319,1260000,,,,,,7.143876337693222,,49,,,0,7.143876337693222,629,49,50,49
msg_986,node49,node6,319,1260000,1260004.0,4.0,,,,6.948805460750854,,49,,4.05,0,6.948805460750854,443,43,50,49
msg_987,node49,node7,319,1260000,1260004.0,4.0,,,,6.943781942078364,,49,,4.55,0,6.943781942078364,442,42,50,49
msg_988,node49,node8,319,1260000,1260005.0,5.0,,,,6.938775510204081,,49,,5.0,0,6.938775510204081,441,41,50,49
msg_989,node49,node9,319,1260000,1260005.0,5.0,,,,6.935483870967742,,49,,5.15,0,6.935483870967742,440,40,50,49
msg_990,node49,node10,320,1260000,1260002.0,2.0,,,,6.979381443298969,,49,,2.75,0,6.979381443298969,447,47,50,49
msg_991,node49,node11,320,1260000,,,,,,7.143876337693222,,49,,,0,7.143876337693222,629,49,50,49
msg_992,node49,node12,320,1260000,,,,,,7.143876337693222,,49,,,0,7.143876337693222,629,49,50,49
msg_993,node49,node13,320,1260000,1260005.0,5.0,,,,6.932203389830509,,49,,5.7,0,6.932203389830509,439,39,50,49
msg_994,node49,node14,320,1260000,1260002.0,2.0,,,,6.970840480274442,,49,,3.9,0,6.970840480274442,446,46,50,49
msg_995,node49,node15,320,1260000,1260006.0,6.0,,,,6.928934010152284,,49,,6.5,0,6.928934010152284,438,38,50,49
msg_996,node49,node16,320,1260000,,,,,,7.143876337693222,,49,,,0,7.143876337693222,629,49,50,49
msg_997,node49,node17,320,1260000,1260006.0,6.0,,,,6.927364864864865,,49,,6.95,0,6.927364864864865,437,37,50,49
msg_998,node49,node18,320,1260000,,,,,,7.143876337693222,,49,,,0,7.143876337693222,629,49,50,49
msg_999,node49,node19,320,1260000,,,,,,7.143876337693222,,49,,,0,7.143876337693222,629,49,50,49
msg_1000,node49,node20,321,1260000,1260008.0,8.0,,,,6.924496644295302,,49,,7.2,0,6.924496644295302,433,33,50,49
msg_1001,node49,node21,321,1260000,1260006.0,6.0,,,,6.925801011804385,,49,,5.45,0,6.925801011804385,436,36,50,49
msg_1002,node49,node22,321,1260000,,,,,,7.143876337693222,,49,,,0,7.143876337693222,629,49,50,49
msg_1003,node49,node23,321,1260000,,,,,,7.143876337693222,,49,,,0,7.143876337693222,629,49,50,49
msg_1004,node49,node24,321,1260000,1260008.0,8.0,,,,6.926298157453936,,49,,8.15,0,6.926298157453936,432,32,50,49
msg_1005,node49,node25,321,1260000,1260008.0,8.0,,,,6.9280936454849495,,49,,8.35,0,6.9280936454849495,431,31,50,49
msg_1006,node49,node26,321,1260000,,,,,,7.143876337693222,,49,,,0,7.143876337693222,629,49,50,49
msg_1007,node49,node27,321,1260000,1260009.0,9.0,,,,6.929883138564274,,49,,8.55,0,6.929883138564274,430,30,50,49
msg_1008,node49,node28,321,1260000,,,,,,7.143876337693222,,49,,,0,7.143876337693222,629,49,50,49
msg_1009,node49,node29,321,1260000,,,,,,7.143876337693222,,49,,,0,7.143876337693222,629,49,50,49
msg_1010,node49,node30,321,1260000,,,,,,7.143876337693222,,49,,,0,7.143876337693222,629,49,50,49
msg_1011,node49,node31,321,1260000,1260007.0,7.0,,,,6.924242424242424,,49,,7.45,0,6.924242424242424,435,35,50,49
msg_1012,node49,node32,321,1260000,1260007.0,7.0,,,,6.92436974789916,,49,,8.0,0,6.92436974789916,434,34,50,49
msg_1013,node49,node33,321,1260000,1260009.0,9.0,,,,6.933333333333334,,49,,9.5,0,6.933333333333334,429,29,50,49
msg_1014,node49,node34,321,1260000,,,,,,7.143876337693222,,49,,,0,7.143876337693222,629,49,50,49
msg_1015,node49,node35,321,1260000,1260009.0,9.0,,,,6.936772046589018,,49,,9.8,0,6.936772046589018,428,28,50,49
msg_1016,node49,node36,321,1260000,1260009.0,9.0,,,,6.940199335548173,,49,,10.1,0,6.940199335548173,427,27,50,49
msg_1017,node49,node37,321,1260000,1260010.0,10.0,,,,6.9436152570480925,,49,,10.65,0,6.9436152570480925,426,26,50,49
msg_1018,node49,node38,321,1260000,,,,,,7.143876337693222,,49,,,0,7.143876337693222,629,49,50,49
msg_1019,node49,node39,321,1260000,,,,,,7.143876337693222,,49,,,0,7.143876337693222,629,49,50,49
msg_1020,node49,node40,321,1260000,1260010.0,10.0,,,,6.948675496688741,,49,,10.75,0,6.948675496688741,425,25,50,49
msg_1021,node49,node41,321,1260000,1260010.0,10.0,,,,6.953719008264462,,49,,11.05,0,6.953719008264462,424,24,50,49
msg_1022,node49,node42,321,1260000,,,,,,7.143876337693222,,49,,,0,7.143876337693222,629,49,50,49
msg_1023,node49,node43,321,1260000,,,,,,7.143876337693222,,49,,,0,7.143876337693222,629,49,50,49
msg_1024,node49,node44,321,1260000,1260011.0,11.0,,,,6.958745874587459,,49,,11.3,0,6.958745874587459,423,23,50,49
msg_1025,node49,node45,321,1260000,1260011.0,11.0,,,,6.9654036243822075,,49,,11.75,0,6.9654036243822075,422,22,50,49
msg_1026,node49,node46,321,1260000,1260011.0,11.0,,,,6.972039473684211,,49,,11.85,0,6.972039473684211,421,21,50,49
msg_1027,node49,node47,321,1260000,,,,,,7.143876337693222,,49,,,0,7.143876337693222,629,49,50,49
msg_1028,node49,node48,321,1260000,,,,,,7.143876337693222,,49,,,0,7.143876337693222,629,49,50,49
msg_1029,node49,node0,320,1320000,1320002.0,2.0,,,,6.9786535303776684,,49,,1.5238095238095237,0,6.9786535303776684,469,49,50,49
msg_1030,node49,node1,320,1320000,1320002.0,2.0,,,,6.970491803278689,,49,,1.5714285714285714,0,6.970491803278689,468,48,50,49
msg_1031,node49,node2,320,1320000,1320003.0,3.0,,,,6.962356792144027,,49,,2.619047619047619,0,6.962356792144027,467,47,50,49
msg_1032,node49,node3,320,1320000,1320003.0,3.0,,,,6.955882352941177,,49,,2.8095238095238093,0,6.955882352941177,466,46,50,49
msg_1033,node49,node4,320,1320000,,,,,,7.143876337693222,,49,,,0,7.143876337693222,629,49,50,49
msg_1034,node49,node5,320,1320000,,,,,,7.143876337693222,,49,,,0,7.143876337693222,629,49,50,49
msg_1035,node49,node6,320,1320000,1320004.0,4.0,,,,6.94299674267101,,49,,4.0476190476190474,0,6.94299674267101,464,44,50,49
msg_1036,node49,node7,320,1320000,1320004.0,4.0,,,,6.938211382113821,,49,,4.523809523809524,0,6.938211382113821,463,43,50,49
msg_1037,node49,node8,320,1320000,1320005.0,5.0,,,,6.933441558441558,,49,,5.0,0,6.933441558441558,462,42,50,49
msg_1038,node49,node9,320,1320000,1320005.0,5.0,,,,6.930307941653161,,49,,5.142857142857143,0,6.930307941653161,461,41,50,49
msg_1039,node49,node10,321,1320000,1320003.0,3.0,,,,6.9494290375203915,,49,,2.7142857142857144,0,6.9494290375203915,465,45,50,49
msg_1040,node49,node11,321,1320000,,,,,,7.143876337693222,,49,,,0,7.143876337693222,629,49,50,49
msg_1041,node49,node12,321,1320000,,,,,,7.143876337693222,,49,,,0,7.143876337693222,629,49,50,49
msg_1042,node49,node13,321,1320000,1320005.0,5.0,,,,6.924071082390953,,49,,5.666666666666667,0,6.924071082390953,459,39,50,49
msg_1043,node49,node14,321,1320000,1320005.0,5.0,,,,6.927184466019417,,49,,3.8095238095238093,0,6.927184466019417,460,40,50,49
msg_1044,node49,node15,321,1320000,1320007.0,7.0,,,,6.920967741935484,,49,,6.476190476190476,0,6.920967741935484,458,38,50,49
msg_1045,node49,node16,321,1320000,,,,,,7.143876337693222,,49,,,0,7.143876337693222,629,49,50,49
msg_1046,node49,node17,321,1320000,1320007.0,7.0,,,,6.921221864951768,,49,,6.904761904761905,0,6.921221864951768,456,36,50,49
msg_1047,node49,node18,321,1320000,,,,,,7.143876337693222,,49,,,0,7.143876337693222,629,49,50,49
msg_1048,node49,node19,321,1320000,,,,,,7.143876337693222,,49,,,0,7.143876337693222,629,49,50,49
msg_1049,node49,node20,321,1320000,1320008.0,8.0,,,,6.921348314606742,,49,,7.238095238095238,0,6.921348314606742,455,35,50,49
msg_1050,node49,node21,321,1320000,1320007.0,7.0,,,,6.921095008051529,,49,,5.476190476190476,0,6.921095008051529,457,37,50,49
msg_1051,node49,node22,321,1320000,,,,,,7.143876337693222,,49,,,0,7.143876337693222,629,49,50,49
msg_1052,node49,node23,321,1320000,,,,,,7.143876337693222,,49,,,0,7.143876337693222,629,49,50,49
msg_1053,node49,node24,321,1320000,1320008.0,8.0,,,,6.923076923076923,,49,,8.142857142857142,0,6.923076923076923,454,34,50,49
msg_1054,node49,node25,321,1320000,1320009.0,9.0,,,,6.9248,,49,,8.333333333333334,0,6.9248,453,33,50,49
msg_1055,node49,node26,321,1320000,,,,,,7.143876337693222,,49,,,0,7.143876337693222,629,49,50,49
msg_1056,node49,node27,321,1320000,1320009.0,9.0,,,,6.931419457735247,,49,,8.571428571428571,0,6.931419457735247,451,31,50,49
msg_1057,node49,node28,321,1320000,,,,,,7.143876337693222,,49,,,0,7.143876337693222,629,49,50,49
msg_1058,node49,node29,321,1320000,,,,,,7.143876337693222,,49,,,0,7.143876337693222,629,49,50,49
msg_1059,node49,node30,321,1320000,,,,,,7.143876337693222,,49,,,0,7.143876337693222,629,49,50,49
msg_1060,node49,node31,321,1320000,1320009.0,9.0,,,,6.9281150159744405,,49,,7.428571428571429,0,6.9281150159744405,452,32,50,49
msg_1061,node49,node32,321,1320000,1320009.0,9.0,,,,6.9347133757961785,,49,,7.9523809523809526,0,6.9347133757961785,450,30,50,49
msg_1062,node49,node33,321,1320000,1320010.0,10.0,,,,6.9379968203497615,,49,,9.476190476190476,0,6.9379968203497615,449,29,50,49
msg_1063,node49,node34,321,1320000,,,,,,7.143876337693222,,49,,,0,7.143876337693222,629,49,50,49
msg_1064,node49,node35,321,1320000,1320011.0,11.0,,,,6.942857142857143,,49,,9.761904761904763,0,6.942857142857143,448,28,50,49
msg_1065,node49,node36,321,1320000,1320011.0,11.0,,,,6.949286846275752,,49,,10.047619047619047,0,6.949286846275752,447,27,50,49
msg_1066,node49,node37,321,1320000,1320011.0,11.0,,,,6.955696202531645,,49,,10.619047619047619,0,6.955696202531645,446,26,50,49
msg_1067,node49,node38,321,1320000,,,,,,7.143876337693222,,49,,,0,7.143876337693222,629,49,50,49
msg_1068,node49,node39,321,1320000,,,,,,7.143876337693222,,49,,,0,7.143876337693222,629,49,50,49
msg_1069,node49,node40,321,1320000,1320012.0,12.0,,,,6.962085308056872,,49,,10.714285714285714,0,6.962085308056872,445,25,50,49
msg_1070,node49,node41,321,1320000,1320013.0,13.0,,,,6.970031545741325,,49,,11.0,0,6.970031545741325,444,24,50,49
msg_1071,node49,node42,321,1320000,,,,,,7.143876337693222,,49,,,0,7.143876337693222,629,49,50,49
msg_1072,node49,node43,321,1320000,,,,,,7.143876337693222,,49,,,0,7.143876337693222,629,49,50,49
msg_1073,node49,node44,321,1320000,1320013.0,13.0,,,,6.979527559055118,,49,,11.285714285714286,0,6.979527559055118,443,23,50,49
msg_1074,node49,node45,321,1320000,1320013.0,13.0,,,,6.988993710691824,,49,,11.714285714285714,0,6.988993710691824,442,22,50,49
msg_1075,node49,node46,321,1320000,1320014.0,14.0,,,,6.998430141287284,,49,,11.80952380952381,0,6.998430141287284,441,21,50,49
msg_1076,node49,node47,321,1320000,,,,,,7.143876337693222,,49,,,0,7.143876337693222,629,49,50,49
msg_1077,node49,node48,321,1320000,,,,,,7.143876337693222,,49,,,0,7.143876337693222,629,49,50,49
msg_1078,node49,node0,320,1380000,1380001.0,1.0,,,,7.009404388714733,,49,,1.5454545454545454,0,7.009404388714733,489,49,50,49
msg_1079,node49,node1,320,1380000,1380001.0,1.0,,,,7.0,,49,,1.5909090909090908,0,7.0,488,48,50,49
msg_1080,node49,node2,320,1380000,1380002.0,2.0,,,,6.990625,,49,,2.6363636363636362,0,6.990625,487,47,50,49
msg_1081,node49,node3,320,1380000,1380002.0,2.0,,,,6.982839313572543,,49,,2.8181818181818183,0,6.982839313572543,486,46,50,49
msg_1082,node49,node4,320,1380000,,,,,,7.143876337693222,,49,,,0,7.143876337693222,629,49,50,49
msg_1083,node49,node5,320,1380000,,,,,,7.143876337693222,,49,,,0,7.143876337693222,629,49,50,49
msg_1084,node49,node6,320,1380000,1380004.0,4.0,,,,6.956589147286822,,49,,4.045454545454546,0,6.956589147286822,482,42,50,49
msg_1085,node49,node7,320,1380000,1380005.0,5.0,,,,6.952012383900929,,49,,4.5,0,6.952012383900929,481,41,50,49
msg_1086,node49,node8,320,1380000,1380005.0,5.0,,,,6.948995363214838,,49,,5.0,0,6.948995363214838,480,40,50,49
msg_1087,node49,node9,320,1380000,1380005.0,5.0,,,,6.945987654320987,,49,,5.136363636363637,0,6.945987654320987,479,39,50,49
msg_1088,node49,node10,321,1380000,1380002.0,2.0,,,,6.975077881619938,,49,,2.727272727272727,0,6.975077881619938,485,45,50,49
msg_1089,node49,node11,321,1380000,,,,,,7.143876337693222,,49,,,0,7.143876337693222,629,49,50,49
msg_1090,node49,node12,321,1380000,,,,,,7.143876337693222,,49,,,0,7.143876337693222,629,49,50,49
msg_1091,node49,node13,321,1380000,1380006.0,6.0,,,,6.942989214175655,,49,,5.636363636363637,0,6.942989214175655,478,38,50,49
msg_1092,node49,node14,321,1380000,1380003.0,3.0,,,,6.9673405909797825,,49,,3.8636363636363638,0,6.9673405909797825,484,44,50,49
msg_1093,node49,node15,321,1380000,1380006.0,6.0,,,,6.941538461538461,,49,,6.5,0,6.941538461538461,477,37,50,49
msg_1094,node49,node16,321,1380000,,,,,,7.143876337693222,,49,,,0,7.143876337693222,629,49,50,49
msg_1095,node49,node17,321,1380000,1380006.0,6.0,,,,6.940092165898617,,49,,6.909090909090909,0,6.940092165898617,476,36,50,49
msg_1096,node49,node18,321,1380000,,,,,,7.143876337693222,,49,,,0,7.143876337693222,629,49,50,49
msg_1097,node49,node19,321,1380000,,,,,,7.143876337693222,,49,,,0,7.143876337693222,629,49,50,49
msg_1098,node49,node20,321,1380000,1380007.0,7.0,,,,6.937308868501529,,49,,7.2727272727272725,0,6.937308868501529,473,33,50,49
msg_1099,node49,node21,321,1380000,1380004.0,4.0,,,,6.961180124223603,,49,,5.545454545454546,0,6.961180124223603,483,43,50,49
msg_1100,node49,node22,321,1380000,,,,,,7.143876337693222,,49,,,0,7.143876337693222,629,49,50,49
msg_1101,node49,node23,321,1380000,,,,,,7.143876337693222,,49,,,0,7.143876337693222,629,49,50,49
msg_1102,node49,node24,321,1380000,1380008.0,8.0,,,,6.937404580152672,,49,,8.136363636363637,0,6.937404580152672,472,32,50,49
msg_1103,node49,node25,321,1380000,1380008.0,8.0,,,,6.939024390243903,,49,,8.363636363636363,0,6.939024390243903,471,31,50,49
msg_1104,node49,node26,321,1380000,,,,,,7.143876337693222,,49,,,0,7.143876337693222,629,49,50,49
msg_1105,node49,node27,321,1380000,1380008.0,8.0,,,,6.940639269406392,,49,,8.590909090909092,0,6.940639269406392,470,30,50,49
msg_1106,node49,node28,321,1380000,,,,,,7.143876337693222,,49,,,0,7.143876337693222,629,49,50,49
msg_1107,node49,node29,321,1380000,,,,,,7.143876337693222,,49,,,0,7.143876337693222,629,49,50,49
msg_1108,node49,node30,321,1380000,,,,,,7.143876337693222,,49,,,0,7.143876337693222,629,49,50,49
msg_1109,node49,node31,321,1380000,1380006.0,6.0,,,,6.938650306748467,,49,,7.5,0,6.938650306748467,475,35,50,49
msg_1110,node49,node32,321,1380000,1380007.0,7.0,,,,6.937212863705972,,49,,8.0,0,6.937212863705972,474,34,50,49
msg_1111,node49,node33,321,1380000,1380009.0,9.0,,,,6.942249240121581,,49,,9.5,0,6.942249240121581,469,29,50,49
msg_1112,node49,node34,321,1380000,,,,,,7.143876337693222,,49,,,0,7.143876337693222,629,49,50,49
msg_1113,node49,node35,321,1380000,1380009.0,9.0,,,,6.945371775417299,,49,,9.818181818181818,0,6.945371775417299,468,28,50,49
msg_1114,node49,node36,321,1380000,1380009.0,9.0,,,,6.948484848484848,,49,,10.090909090909092,0,6.948484848484848,467,27,50,49
msg_1115,node49,node37,321,1380000,1380010.0,10.0,,,,6.951588502269289,,49,,10.636363636363637,0,6.951588502269289,466,26,50,49
msg_1116,node49,node38,321,1380000,,,,,,7.143876337693222,,49,,,0,7.143876337693222,629,49,50,49
msg_1117,node49,node39,321,1380000,,,,,,7.143876337693222,,49,,,0,7.143876337693222,629,49,50,49
msg_1118,node49,node40,321,1380000,1380010.0,10.0,,,,6.95619335347432,,49,,10.772727272727273,0,6.95619335347432,465,25,50,49
msg_1119,node49,node41,321,1380000,1380010.0,10.0,,,,6.96078431372549,,49,,11.090909090909092,0,6.96078431372549,464,24,50,49
msg_1120,node49,node42,321,1380000,,,,,,7.143876337693222,,49,,,0,7.143876337693222,629,49,50,49
msg_1121,node49,node43,321,1380000,,,,,,7.143876337693222,,49,,,0,7.143876337693222,629,49,50,49
msg_1122,node49,node44,321,1380000,1380010.0,10.0,,,,6.965361445783133,,49,,11.363636363636363,0,6.965361445783133,463,23,50,49
msg_1123,node49,node45,321,1380000,1380011.0,11.0,,,,6.969924812030075,,49,,11.772727272727273,0,6.969924812030075,462,22,50,49
msg_1124,node49,node46,321,1380000,1380011.0,11.0,,,,6.975975975975976,,49,,11.909090909090908,0,6.975975975975976,461,21,50,49
msg_1125,node49,node47,321,1380000,,,,,,7.143876337693222,,49,,,0,7.143876337693222,629,49,50,49
msg_1126,node49,node48,321,1380000,,,,,,7.143876337693222,,49,,,0,7.143876337693222,629,49,50,49
msg_1127,node49,node0,320,1440000,1440002.0,2.0,,,,6.982008995502249,,49,,1.5217391304347827,0,6.982008995502249,509,49,50,49
msg_1128,node49,node1,320,1440000,1440002.0,2.0,,,,6.974550898203593,,49,,1.565217391304348,0,6.974550898203593,508,48,50,49
msg_1129,node49,node2,320,1440000,1440003.0,3.0,,,,6.96711509715994,,49,,2.608695652173913,0,6.96711509715994,507,47,50,49
msg_1130,node49,node3,320,1440000,1440003.0,3.0,,,,6.961194029850747,,49,,2.782608695652174,0,6.961194029850747,506,46,50,49
msg_1131,node49,node4,320,1440000,,,,,,7.143876337693222,,49,,,0,7.143876337693222,629,49,50,49
msg_1132,node49,node5,320,1440000,,,,,,7.143876337693222,,49,,,0,7.143876337693222,629,49,50,49
msg_1133,node49,node6,320,1440000,1440004.0,4.0,,,,6.945022288261516,,49,,4.043478260869565,0,6.945022288261516,503,43,50,49
msg_1134,node49,node7,320,1440000,1440005.0,5.0,,,,6.940652818991098,,49,,4.521739130434782,0,6.940652818991098,502,42,50,49
msg_1135,node49,node8,320,1440000,1440005.0,5.0,,,,6.937777777777778,,49,,5.0,0,6.937777777777778,501,41,50,49
msg_1136,node49,node9,320,1440000,1440005.0,5.0,,,,6.93491124260355,,49,,5.130434782608695,0,6.93491124260355,500,40,50,49
msg_1137,node49,node10,321,1440000,1440003.0,3.0,,,,6.955290611028316,,49,,2.6956521739130435,0,6.955290611028316,505,45,50,49
msg_1138,node49,node11,321,1440000,,,,,,7.143876337693222,,49,,,0,7.143876337693222,629,49,50,49
msg_1139,node49,node12,321,1440000,,,,,,7.143876337693222,,49,,,0,7.143876337693222,629,49,50,49
msg_1140,node49,node13,321,1440000,1440006.0,6.0,,,,6.93205317577548,,49,,5.6521739130434785,0,6.93205317577548,499,39,50,49
msg_1141,node49,node14,321,1440000,1440004.0,4.0,,,,6.949404761904762,,49,,3.8260869565217392,0,6.949404761904762,504,44,50,49
msg_1142,node49,node15,321,1440000,1440007.0,7.0,,,,6.929307805596466,,49,,6.478260869565218,0,6.929307805596466,497,37,50,49
msg_1143,node49,node16,321,1440000,,,,,,7.143876337693222,,49,,,0,7.143876337693222,629,49,50,49
msg_1144,node49,node17,321,1440000,1440007.0,7.0,,,,6.929411764705883,,49,,6.869565217391305,0,6.929411764705883,496,36,50,49
msg_1145,node49,node18,321,1440000,,,,,,7.143876337693222,,49,,,0,7.143876337693222,629,49,50,49
msg_1146,node49,node19,321,1440000,,,,,,7.143876337693222,,49,,,0,7.143876337693222,629,49,50,49
msg_1147,node49,node20,321,1440000,1440007.0,7.0,,,,6.929515418502203,,49,,7.260869565217392,0,6.929515418502203,495,35,50,49
msg_1148,node49,node21,321,1440000,1440006.0,6.0,,,,6.930678466076696,,49,,5.478260869565218,0,6.930678466076696,498,38,50,49
msg_1149,node49,node22,321,1440000,,,,,,7.143876337693222,,49,,,0,7.143876337693222,629,49,50,49
msg_1150,node49,node23,321,1440000,,,,,,7.143876337693222,,49,,,0,7.143876337693222,629,49,50,49
msg_1151,node49,node24,321,1440000,1440008.0,8.0,,,,6.929618768328446,,49,,8.130434782608695,0,6.929618768328446,494,34,50,49
msg_1152,node49,node25,321,1440000,1440008.0,8.0,,,,6.931185944363104,,49,,8.347826086956522,0,6.931185944363104,493,33,50,49
msg_1153,node49,node26,321,1440000,,,,,,7.143876337693222,,49,,,0,7.143876337693222,629,49,50,49
msg_1154,node49,node27,321,1440000,1440008.0,8.0,,,,6.932748538011696,,49,,8.565217391304348,0,6.932748538011696,492,32,50,49
msg_1155,node49,node28,321,1440000,,,,,,7.143876337693222,,49,,,0,7.143876337693222,629,49,50,49
msg_1156,node49,node29,321,1440000,,,,,,7.143876337693222,,49,,,0,7.143876337693222,629,49,50,49
msg_1157,node49,node30,321,1440000,,,,,,7.143876337693222,,49,,,0,7.143876337693222,629,49,50,49
msg_1158,node49,node31,321,1440000,1440009.0,9.0,,,,6.934306569343065,,49,,7.434782608695652,0,6.934306569343065,491,31,50,49
msg_1159,node49,node32,321,1440000,1440009.0,9.0,,,,6.937317784256559,,49,,7.956521739130435,0,6.937317784256559,490,30,50,49
msg_1160,node49,node33,321,1440000,1440010.0,10.0,,,,6.940320232896652,,49,,9.478260869565217,0,6.940320232896652,489,29,50,49
msg_1161,node49,node34,321,1440000,,,,,,7.143876337693222,,49,,,0,7.143876337693222,629,49,50,49
msg_1162,node49,node35,321,1440000,1440010.0,10.0,,,,6.944767441860465,,49,,9.782608695652174,0,6.944767441860465,488,28,50,49
msg_1163,node49,node36,321,1440000,1440011.0,11.0,,,,6.949201741654572,,49,,10.043478260869565,0,6.949201741654572,487,27,50,49
msg_1164,node49,node37,321,1440000,1440011.0,11.0,,,,6.955072463768116,,49,,10.608695652173912,0,6.955072463768116,486,26,50,49
msg_1165,node49,node38,321,1440000,,,,,,7.143876337693222,,49,,,0,7.143876337693222,629,49,50,49
msg_1166,node49,node39,321,1440000,,,,,,7.143876337693222,,49,,,0,7.143876337693222,629,49,50,49
msg_1167,node49,node40,321,1440000,1440011.0,11.0,,,,6.9609261939218525,,49,,10.73913043478261,0,6.9609261939218525,485,25,50,49
msg_1168,node49,node41,321,1440000,1440011.0,11.0,,,,6.966763005780347,,49,,11.043478260869565,0,6.966763005780347,484,24,50,49
msg_1169,node49,node42,321,1440000,,,,,,7.143876337693222,,49,,,0,7.143876337693222,629,49,50,49
msg_1170,node49,node43,321,1440000,,,,,,7.143876337693222,,49,,,0,7.143876337693222,629,49,50,49
msg_1171,node49,node44,321,1440000,1440012.0,12.0,,,,6.972582972582972,,49,,11.304347826086957,0,6.972582972582972,483,23,50,49
msg_1172,node49,node45,321,1440000,1440012.0,12.0,,,,6.979827089337176,,49,,11.73913043478261,0,6.979827089337176,482,22,50,49
msg_1173,node49,node46,321,1440000,1440012.0,12.0,,,,6.987050359712231,,49,,11.869565217391305,0,6.987050359712231,481,21,50,49
msg_1174,node49,node47,321,1440000,,,,,,7.143876337693222,,49,,,0,7.143876337693222,629,49,50,49
msg_1175,node49,node48,321,1440000,,,,,,7.143876337693222,,49,,,0,7.143876337693222,629,49,50,49
msg_1176,node49,node0,320,1500000,1500001.0,1.0,,,,6.994252873563219,,49,,1.5416666666666667,0,6.994252873563219,529,49,50,49
msg_1177,node49,node1,320,1500000,1500001.0,1.0,,,,6.985652797704447,,49,,1.5833333333333333,0,6.985652797704447,528,48,50,49
msg_1178,node49,node2,320,1500000,1500002.0,2.0,,,,6.977077363896848,,49,,2.625,0,6.977077363896848,527,47,50,49
msg_1179,node49,node3,320,1500000,1500003.0,3.0,,,,6.969957081545064,,49,,2.7916666666666665,0,6.969957081545064,526,46,50,49
msg_1180,node49,node4,320,1500000,,,,,,7.143876337693222,,49,,,0,7.143876337693222,629,49,50,49
msg_1181,node49,node5,320,1500000,,,,,,7.143876337693222,,49,,,0,7.143876337693222,629,49,50,49
msg_1182,node49,node6,320,1500000,1500003.0,3.0,,,,6.964285714285714,,49,,4.041666666666667,0,6.964285714285714,525,45,50,49
msg_1183,node49,node7,320,1500000,1500003.0,3.0,,,,6.958630527817403,,49,,4.541666666666667,0,6.958630527817403,524,44,50,49
msg_1184,node49,node8,320,1500000,1500004.0,4.0,,,,6.952991452991453,,49,,5.0,0,6.952991452991453,523,43,50,49
msg_1185,node49,node9,320,1500000,1500006.0,6.0,,,,6.937677053824363,,49,,5.125,0,6.937677053824363,519,39,50,49
msg_1186,node49,node10,321,1500000,1500004.0,4.0,,,,6.948790896159317,,49,,2.7083333333333335,0,6.948790896159317,522,42,50,49
msg_1187,node49,node11,321,1500000,,,,,,7.143876337693222,,49,,,0,7.143876337693222,629,49,50,49
msg_1188,node49,node12,321,1500000,,,,,,7.143876337693222,,49,,,0,7.143876337693222,629,49,50,49
msg_1189,node49,node13,321,1500000,1500006.0,6.0,,,,6.936350777934936,,49,,5.666666666666667,0,6.936350777934936,518,38,50,49
msg_1190,node49,node14,321,1500000,1500004.0,4.0,,,,6.9446022727272725,,49,,3.8333333333333335,0,6.9446022727272725,521,41,50,49
msg_1191,node49,node15,321,1500000,1500007.0,7.0,,,,6.935028248587571,,49,,6.5,0,6.935028248587571,517,37,50,49
msg_1192,node49,node16,321,1500000,,,,,,7.143876337693222,,49,,,0,7.143876337693222,629,49,50,49
msg_1193,node49,node17,321,1500000,1500007.0,7.0,,,,6.935119887165021,,49,,6.875,0,6.935119887165021,516,36,50,49
msg_1194,node49,node18,321,1500000,,,,,,7.143876337693222,,49,,,0,7.143876337693222,629,49,50,49
msg_1195,node49,node19,321,1500000,,,,,,7.143876337693222,,49,,,0,7.143876337693222,629,49,50,49
msg_1196,node49,node20,321,1500000,1500007.0,7.0,,,,6.9352112676056334,,49,,7.25,0,6.9352112676056334,515,35,50,49
msg_1197,node49,node21,321,1500000,1500005.0,5.0,,,,6.940425531914894,,49,,5.5,0,6.940425531914894,520,40,50,49
msg_1198,node49,node22,321,1500000,,,,,,7.143876337693222,,49,,,0,7.143876337693222,629,49,50,49
msg_1199,node49,node23,321,1500000,,,,,,7.143876337693222,,49,,,0,7.143876337693222,629,49,50,49
msg_1200,node49,node24,321,1500000,1500008.0,8.0,,,,6.936797752808989,,49,,8.125,0,6.936797752808989,513,33,50,49
msg_1201,node49,node25,321,1500000,1500008.0,8.0,,,,6.939775910364146,,49,,8.333333333333334,0,6.939775910364146,511,31,50,49
msg_1202,node49,node26,321,1500000,,,,,,7.143876337693222,,49,,,0,7.143876337693222,629,49,50,49
msg_1203,node49,node27,321,1500000,1500009.0,9.0,,,,6.941258741258741,,49,,8.541666666666666,0,6.941258741258741,510,30,50,49
msg_1204,node49,node28,321,1500000,,,,,,7.143876337693222,,49,,,0,7.143876337693222,629,49,50,49
msg_1205,node49,node29,321,1500000,,,,,,7.143876337693222,,49,,,0,7.143876337693222,629,49,50,49
msg_1206,node49,node30,321,1500000,,,,,,7.143876337693222,,49,,,0,7.143876337693222,629,49,50,49
msg_1207,node49,node31,321,1500000,1500008.0,8.0,,,,6.935302390998594,,49,,7.5,0,6.935302390998594,514,34,50,49
msg_1208,node49,node32,321,1500000,1500008.0,8.0,,,,6.938288920056101,,49,,8.0,0,6.938288920056101,512,32,50,49
msg_1209,node49,node33,321,1500000,1500009.0,9.0,,,,6.944134078212291,,49,,9.5,0,6.944134078212291,509,29,50,49
msg_1210,node49,node34,321,1500000,,,,,,7.143876337693222,,49,,,0,7.143876337693222,629,49,50,49
msg_1211,node49,node35,321,1500000,1500010.0,10.0,,,,6.947001394700139,,49,,9.791666666666666,0,6.947001394700139,508,28,50,49
msg_1212,node49,node36,321,1500000,1500010.0,10.0,,,,6.951253481894151,,49,,10.083333333333334,0,6.951253481894151,507,27,50,49
msg_1213,node49,node37,321,1500000,1500010.0,10.0,,,,6.955493741307372,,49,,10.625,0,6.955493741307372,506,26,50,49
msg_1214,node49,node38,321,1500000,,,,,,7.143876337693222,,49,,,0,7.143876337693222,629,49,50,49
msg_1215,node49,node39,321,1500000,,,,,,7.143876337693222,,49,,,0,7.143876337693222,629,49,50,49
msg_1216,node49,node40,321,1500000,1500011.0,11.0,,,,6.959722222222222,,49,,10.75,0,6.959722222222222,505,25,50,49
msg_1217,node49,node41,321,1500000,1500011.0,11.0,,,,6.965325936199722,,49,,11.041666666666666,0,6.965325936199722,504,24,50,49
msg_1218,node49,node42,321,1500000,,,,,,7.143876337693222,,49,,,0,7.143876337693222,629,49,50,49
msg_1219,node49,node43,321,1500000,,,,,,7.143876337693222,,49,,,0,7.143876337693222,629,49,50,49
msg_1220,node49,node44,321,1500000,1500011.0,11.0,,,,6.970914127423823,,49,,11.333333333333334,0,6.970914127423823,503,23,50,49
msg_1221,node49,node45,321,1500000,1500011.0,11.0,,,,6.976486860304288,,49,,11.75,0,6.976486860304288,502,22,50,49
msg_1222,node49,node46,321,1500000,1500012.0,12.0,,,,6.982044198895028,,49,,11.875,0,6.982044198895028,501,21,50,49
msg_1223,node49,node47,321,1500000,,,,,,7.143876337693222,,49,,,0,7.143876337693222,629,49,50,49
msg_1224,node49,node48,321,1500000,,,,,,7.143876337693222,,49,,,0,7.143876337693222,629,49,50,49
msg_1225,node49,node0,320,1560000,1560002.0,2.0,,,,6.988965517241379,,49,,1.52,0,6.988965517241379,549,49,50,49
msg_1226,node49,node1,320,1560000,1560002.0,2.0,,,,6.982093663911845,,49,,1.56,0,6.982093663911845,548,48,50,49
msg_1227,node49,node2,320,1560000,1560003.0,3.0,,,,6.975240715268225,,49,,2.6,0,6.975240715268225,547,47,50,49
msg_1228,node49,node3,320,1560000,1560004.0,4.0,,,,6.96978021978022,,49,,2.8,0,6.96978021978022,546,46,50,49
msg_1229,node49,node4,320,1560000,,,,,,7.143876337693222,,49,,,0,7.143876337693222,629,49,50,49
msg_1230,node49,node5,320,1560000,,,,,,7.143876337693222,,49,,,0,7.143876337693222,629,49,50,49
msg_1231,node49,node6,320,1560000,1560004.0,4.0,,,,6.965706447187928,,49,,4.0,0,6.965706447187928,545,45,50,49
msg_1232,node49,node7,320,1560000,1560004.0,4.0,,,,6.957592339261286,,49,,4.48,0,6.957592339261286,543,43,50,49
msg_1233,node49,node8,320,1560000,1560005.0,5.0,,,,6.953551912568306,,49,,4.96,0,6.953551912568306,542,42,50,49
msg_1234,node49,node9,320,1560000,1560005.0,5.0,,,,6.9508867667121415,,49,,5.16,0,6.9508867667121415,541,41,50,49
msg_1235,node49,node10,321,1560000,1560004.0,4.0,,,,6.961643835616439,,49,,2.76,0,6.961643835616439,544,44,50,49
msg_1236,node49,node11,321,1560000,,,,,,7.143876337693222,,49,,,0,7.143876337693222,629,49,50,49
msg_1237,node49,node12,321,1560000,,,,,,7.143876337693222,,49,,,0,7.143876337693222,629,49,50,49
msg_1238,node49,node13,321,1560000,1560007.0,7.0,,,,6.944293478260869,,49,,5.68,0,6.944293478260869,538,38,50,49
msg_1239,node49,node14,321,1560000,1560005.0,5.0,,,,6.948228882833788,,49,,3.84,0,6.948228882833788,540,40,50,49
msg_1240,node49,node15,321,1560000,1560007.0,7.0,,,,6.944369063772049,,49,,6.52,0,6.944369063772049,537,37,50,49
msg_1241,node49,node16,321,1560000,,,,,,7.143876337693222,,49,,,0,7.143876337693222,629,49,50,49
msg_1242,node49,node17,321,1560000,1560008.0,8.0,,,,6.944444444444445,,49,,6.88,0,6.944444444444445,536,36,50,49
msg_1243,node49,node18,321,1560000,,,,,,7.143876337693222,,49,,,0,7.143876337693222,629,49,50,49
msg_1244,node49,node19,321,1560000,,,,,,7.143876337693222,,49,,,0,7.143876337693222,629,49,50,49
msg_1245,node49,node20,321,1560000,1560008.0,8.0,,,,6.945872801082544,,49,,7.24,0,6.945872801082544,535,35,50,49
msg_1246,node49,node21,321,1560000,1560006.0,6.0,,,,6.945578231292517,,49,,5.48,0,6.945578231292517,539,39,50,49
msg_1247,node49,node22,321,1560000,,,,,,7.143876337693222,,49,,,0,7.143876337693222,629,49,50,49
msg_1248,node49,node23,321,1560000,,,,,,7.143876337693222,,49,,,0,7.143876337693222,629,49,50,49
msg_1249,node49,node24,321,1560000,1560009.0,9.0,,,,6.950067476383266,,49,,8.12,0,6.950067476383266,533,33,50,49
msg_1250,node49,node25,321,1560000,1560009.0,9.0,,,,6.952830188679245,,49,,8.32,0,6.952830188679245,532,32,50,49
msg_1251,node49,node26,321,1560000,,,,,,7.143876337693222,,49,,,0,7.143876337693222,629,49,50,49
msg_1252,node49,node27,321,1560000,1560010.0,10.0,,,,6.958333333333333,,49,,8.56,0,6.958333333333333,530,30,50,49
msg_1253,node49,node28,321,1560000,,,,,,7.143876337693222,,49,,,0,7.143876337693222,629,49,50,49
msg_1254,node49,node29,321,1560000,,,,,,7.143876337693222,,49,,,0,7.143876337693222,629,49,50,49
msg_1255,node49,node30,321,1560000,,,,,,7.143876337693222,,49,,,0,7.143876337693222,629,49,50,49
msg_1256,node49,node31,321,1560000,1560009.0,9.0,,,,6.947297297297298,,49,,7.52,0,6.947297297297298,534,34,50,49
msg_1257,node49,node32,321,1560000,1560009.0,9.0,,,,6.955585464333782,,49,,8.0,0,6.955585464333782,531,31,50,49
msg_1258,node49,node33,321,1560000,1560010.0,10.0,,,,6.96241610738255,,49,,9.48,0,6.96241610738255,529,29,50,49
msg_1259,node49,node34,321,1560000,,,,,,7.143876337693222,,49,,,0,7.143876337693222,629,49,50,49
msg_1260,node49,node35,321,1560000,1560011.0,11.0,,,,6.966487935656836,,49,,9.8,0,6.966487935656836,528,28,50,49
msg_1261,node49,node36,321,1560000,1560011.0,11.0,,,,6.971887550200803,,49,,10.08,0,6.971887550200803,527,27,50,49
msg_1262,node49,node37,321,1560000,1560011.0,11.0,,,,6.9772727272727275,,49,,10.6,0,6.9772727272727275,526,26,50,49
msg_1263,node49,node38,321,1560000,,,,,,7.143876337693222,,49,,,0,7.143876337693222,629,49,50,49
msg_1264,node49,node39,321,1560000,,,,,,7.143876337693222,,49,,,0,7.143876337693222,629,49,50,49
msg_1265,node49,node40,321,1560000,1560012.0,12.0,,,,6.9826435246996,,49,,10.76,0,6.9826435246996,525,25,50,49
msg_1266,node49,node41,321,1560000,1560012.0,12.0,,,,6.989333333333334,,49,,11.04,0,6.989333333333334,524,24,50,49
msg_1267,node49,node42,321,1560000,,,,,,7.143876337693222,,49,,,0,7.143876337693222,629,49,50,49
msg_1268,node49,node43,321,1560000,,,,,,7.143876337693222,,49,,,0,7.143876337693222,629,49,50,49
msg_1269,node49,node44,321,1560000,1560012.0,12.0,,,,6.996005326231691,,49,,11.32,0,6.996005326231691,523,23,50,49
msg_1270,node49,node45,321,1560000,1560012.0,12.0,,,,7.002659574468085,,49,,11.72,0,7.002659574468085,522,22,50,49
msg_1271,node49,node46,321,1560000,1560013.0,13.0,,,,7.00929614873838,,49,,11.88,0,7.00929614873838,521,21,50,49
msg_1272,node49,node47,321,1560000,,,,,,7.143876337693222,,49,,,0,7.143876337693222,629,49,50,49
msg_1273,node49,node48,321,1560000,,,,,,7.143876337693222,,49,,,0,7.143876337693222,629,49,50,49
msg_1274,node49,node0,320,1620000,1620002.0,2.0,,,,7.017241379310345,,49,,1.5384615384615385,0,7.017241379310345,569,49,50,49
msg_1275,node49,node1,320,1620000,1620002.0,2.0,,,,7.010596026490067,,49,,1.5769230769230769,0,7.010596026490067,568,48,50,49
msg_1276,node49,node2,320,1620000,1620003.0,3.0,,,,7.003968253968254,,49,,2.6153846153846154,0,7.003968253968254,567,47,50,49
msg_1277,node49,node3,320,1620000,1620004.0,4.0,,,,6.998678996036988,,49,,2.8461538461538463,0,6.998678996036988,566,46,50,49
msg_1278,node49,node4,320,1620000,,,,,,7.143876337693222,,49,,,0,7.143876337693222,629,49,50,49
msg_1279,node49,node5,320,1620000,,,,,,7.143876337693222,,49,,,0,7.143876337693222,629,49,50,49
msg_1280,node49,node6,320,1620000,1620004.0,4.0,,,,6.990777338603426,,49,,4.0,0,6.990777338603426,564,44,50,49
msg_1281,node49,node7,320,1620000,1620005.0,5.0,,,,6.9868421052631575,,49,,4.461538461538462,0,6.9868421052631575,563,43,50,49
msg_1282,node49,node8,320,1620000,1620005.0,5.0,,,,6.984231274638633,,49,,4.961538461538462,0,6.984231274638633,562,42,50,49
msg_1283,node49,node9,320,1620000,1620005.0,5.0,,,,6.981627296587926,,49,,5.153846153846154,0,6.981627296587926,561,41,50,49
msg_1284,node49,node10,321,1620000,1620004.0,4.0,,,,6.994722955145119,,49,,2.8076923076923075,0,6.994722955145119,565,45,50,49
msg_1285,node49,node11,321,1620000,,,,,,7.143876337693222,,49,,,0,7.143876337693222,629,49,50,49
msg_1286,node49,node12,321,1620000,,,,,,7.143876337693222,,49,,,0,7.143876337693222,629,49,50,49
msg_1287,node49,node13,321,1620000,1620007.0,7.0,,,,6.9751633986928105,,49,,5.730769230769231,0,6.9751633986928105,558,38,50,49
msg_1288,node49,node14,321,1620000,1620005.0,5.0,,,,6.9790301441677585,,49,,3.8846153846153846,0,6.9790301441677585,560,40,50,49
msg_1289,node49,node15,321,1620000,1620007.0,7.0,,,,6.9751958224543085,,49,,6.538461538461538,0,6.9751958224543085,557,37,50,49
msg_1290,node49,node16,321,1620000,,,,,,7.143876337693222,,49,,,0,7.143876337693222,629,49,50,49
msg_1291,node49,node17,321,1620000,1620008.0,8.0,,,,6.97522816166884,,49,,6.923076923076923,0,6.97522816166884,556,36,50,49
msg_1292,node49,node18,321,1620000,,,,,,7.143876337693222,,49,,,0,7.143876337693222,629,49,50,49
msg_1293,node49,node19,321,1620000,,,,,,7.143876337693222,,49,,,0,7.143876337693222,629,49,50,49
msg_1294,node49,node20,321,1620000,1620008.0,8.0,,,,6.9765625,,49,,7.269230769230769,0,6.9765625,555,35,50,49
msg_1295,node49,node21,321,1620000,1620006.0,6.0,,,,6.976439790575916,,49,,5.5,0,6.976439790575916,559,39,50,49
msg_1296,node49,node22,321,1620000,,,,,,7.143876337693222,,49,,,0,7.143876337693222,629,49,50,49
msg_1297,node49,node23,321,1620000,,,,,,7.143876337693222,,49,,,0,7.143876337693222,629,49,50,49
msg_1298,node49,node24,321,1620000,1620009.0,9.0,,,,6.98051948051948,,49,,8.153846153846153,0,6.98051948051948,553,33,50,49
msg_1299,node49,node25,321,1620000,1620009.0,9.0,,,,6.9831387808041505,,49,,8.346153846153847,0,6.9831387808041505,552,32,50,49
msg_1300,node49,node26,321,1620000,,,,,,7.143876337693222,,49,,,0,7.143876337693222,629,49,50,49
msg_1301,node49,node27,321,1620000,1620009.0,9.0,,,,6.988357050452781,,49,,8.615384615384615,0,6.988357050452781,550,30,50,49
msg_1302,node49,node28,321,1620000,,,,,,7.143876337693222,,49,,,0,7.143876337693222,629,49,50,49
msg_1303,node49,node29,321,1620000,,,,,,7.143876337693222,,49,,,0,7.143876337693222,629,49,50,49
msg_1304,node49,node30,321,1620000,,,,,,7.143876337693222,,49,,,0,7.143876337693222,629,49,50,49
msg_1305,node49,node31,321,1620000,1620009.0,9.0,,,,6.977893368010403,,49,,7.576923076923077,0,6.977893368010403,554,34,50,49
msg_1306,node49,node32,321,1620000,1620009.0,9.0,,,,6.9857512953367875,,49,,8.038461538461538,0,6.9857512953367875,551,31,50,49
msg_1307,node49,node33,321,1620000,1620010.0,10.0,,,,6.9909560723514215,,49,,9.5,0,6.9909560723514215,549,29,50,49
msg_1308,node49,node34,321,1620000,,,,,,7.143876337693222,,49,,,0,7.143876337693222,629,49,50,49
msg_1309,node49,node35,321,1620000,1620011.0,11.0,,,,6.99483870967742,,49,,9.846153846153847,0,6.99483870967742,548,28,50,49
msg_1310,node49,node36,321,1620000,1620011.0,11.0,,,,7.0,,49,,10.115384615384615,0,7.0,547,27,50,49
msg_1311,node49,node37,321,1620000,1620011.0,11.0,,,,7.005148005148005,,49,,10.615384615384615,0,7.005148005148005,546,26,50,49
msg_1312,node49,node38,321,1620000,,,,,,7.143876337693222,,49,,,0,7.143876337693222,629,49,50,49
msg_1313,node49,node39,321,1620000,,,,,,7.143876337693222,,49,,,0,7.143876337693222,629,49,50,49
msg_1314,node49,node40,321,1620000,1620012.0,12.0,,,,7.010282776349614,,49,,10.807692307692308,0,7.010282776349614,545,25,50,49
msg_1315,node49,node41,321,1620000,1620012.0,12.0,,,,7.016688061617458,,49,,11.076923076923077,0,7.016688061617458,544,24,50,49
msg_1316,node49,node42,321,1620000,,,,,,7.143876337693222,,49,,,0,7.143876337693222,629,49,50,49
msg_1317,node49,node43,321,1620000,,,,,,7.143876337693222,,49,,,0,7.143876337693222,629,49,50,49
msg_1318,node49,node44,321,1620000,1620012.0,12.0,,,,7.023076923076923,,49,,11.346153846153847,0,7.023076923076923,543,23,50,49
msg_1319,node49,node45,321,1620000,1620012.0,12.0,,,,7.029449423815621,,49,,11.73076923076923,0,7.029449423815621,542,22,50,49
msg_1320,node49,node46,321,1620000,1620013.0,13.0,,,,7.035805626598465,,49,,11.923076923076923,0,7.035805626598465,541,21,50,49
msg_1321,node49,node47,321,1620000,,,,,,7.143876337693222,,49,,,0,7.143876337693222,629,49,50,49
msg_1322,node49,node48,321,1620000,,,,,,7.143876337693222,,49,,,0,7.143876337693222,629,49,50,49
msg_1323,node49,node0,320,1680000,1680002.0,2.0,,,,7.043422733077906,,49,,1.5555555555555556,0,7.043422733077906,589,49,50,49
msg_1324,node49,node1,320,1680000,1680004.0,4.0,,,,7.036989795918367,,49,,1.5925925925925926,0,7.036989795918367,588,48,50,49
msg_1325,node49,node2,320,1680000,1680004.0,4.0,,,,7.033121019108281,,49,,2.6296296296296298,0,7.033121019108281,587,47,50,49
msg_1326,node49,node3,320,1680000,1680005.0,5.0,,,,7.029262086513995,,49,,2.888888888888889,0,7.029262086513995,586,46,50,49
msg_1327,node49,node4,320,1680000,,,,,,7.143876337693222,,49,,,0,7.143876337693222,629,49,50,49
msg_1328,node49,node5,320,1680000,,,,,,7.143876337693222,,49,,,0,7.143876337693222,629,49,50,49
msg_1329,node49,node6,320,1680000,1680006.0,6.0,,,,7.026683608640407,,49,,4.0,0,7.026683608640407,585,45,50,49
msg_1330,node49,node7,320,1680000,1680006.0,6.0,,,,7.025380710659898,,49,,4.481481481481482,0,7.025380710659898,584,44,50,49
msg_1331,node49,node8,320,1680000,1680006.0,6.0,,,,7.022784810126582,,49,,4.962962962962963,0,7.022784810126582,582,42,50,49
msg_1332,node49,node9,320,1680000,1680007.0,7.0,,,,7.021464646464646,,49,,5.148148148148148,0,7.021464646464646,580,40,50,49
msg_1333,node49,node10,321,1680000,1680006.0,6.0,,,,7.024081115335868,,49,,2.8518518518518516,0,7.024081115335868,583,43,50,49
msg_1334,node49,node11,321,1680000,,,,,,7.143876337693222,,49,,,0,7.143876337693222,629,49,50,49
msg_1335,node49,node12,321,1680000,,,,,,7.143876337693222,,49,,,0,7.143876337693222,629,49,50,49
msg_1336,node49,node13,321,1680000,1680008.0,8.0,,,,7.0226700251889165,,49,,5.777777777777778,0,7.0226700251889165,578,38,50,49
msg_1337,node49,node14,321,1680000,1680007.0,7.0,,,,7.0214917825537295,,49,,3.925925925925926,0,7.0214917825537295,581,41,50,49
msg_1338,node49,node15,321,1680000,1680009.0,9.0,,,,7.023899371069183,,49,,6.555555555555555,0,7.023899371069183,577,37,50,49
msg_1339,node49,node16,321,1680000,,,,,,7.143876337693222,,49,,,0,7.143876337693222,629,49,50,49
msg_1340,node49,node17,321,1680000,1680009.0,9.0,,,,7.026381909547739,,49,,6.962962962962963,0,7.026381909547739,576,36,50,49
msg_1341,node49,node18,321,1680000,,,,,,7.143876337693222,,49,,,0,7.143876337693222,629,49,50,49
msg_1342,node49,node19,321,1680000,,,,,,7.143876337693222,,49,,,0,7.143876337693222,629,49,50,49
msg_1343,node49,node20,321,1680000,1680009.0,9.0,,,,7.028858218318695,,49,,7.296296296296297,0,7.028858218318695,575,35,50,49
msg_1344,node49,node21,321,1680000,1680008.0,8.0,,,,7.021437578814628,,49,,5.518518518518518,0,7.021437578814628,579,39,50,49
msg_1345,node49,node22,321,1680000,,,,,,7.143876337693222,,49,,,0,7.143876337693222,629,49,50,49
msg_1346,node49,node23,321,1680000,,,,,,7.143876337693222,,49,,,0,7.143876337693222,629,49,50,49
msg_1347,node49,node24,321,1680000,1680011.0,11.0,,,,7.0375,,49,,8.185185185185185,0,7.0375,572,32,50,49
msg_1348,node49,node25,321,1680000,1680011.0,11.0,,,,7.0424469413233455,,49,,8.37037037037037,0,7.0424469413233455,571,31,50,49
msg_1349,node49,node26,321,1680000,,,,,,7.143876337693222,,49,,,0,7.143876337693222,629,49,50,49
msg_1350,node49,node27,321,1680000,1680011.0,11.0,,,,7.047381546134663,,49,,8.62962962962963,0,7.047381546134663,570,30,50,49
msg_1351,node49,node28,321,1680000,,,,,,7.143876337693222,,49,,,0,7.143876337693222,629,49,50,49
msg_1352,node49,node29,321,1680000,,,,,,7.143876337693222,,49,,,0,7.143876337693222,629,49,50,49
msg_1353,node49,node30,321,1680000,,,,,,7.143876337693222,,49,,,0,7.143876337693222,629,49,50,49
msg_1354,node49,node31,321,1680000,1680009.0,9.0,,,,7.031328320802005,,49,,7.62962962962963,0,7.031328320802005,574,34,50,49
msg_1355,node49,node32,321,1680000,1680010.0,10.0,,,,7.033792240300375,,49,,8.074074074074074,0,7.033792240300375,573,33,50,49
msg_1356,node49,node33,321,1680000,1680012.0,12.0,,,,7.052303860523039,,49,,9.518518518518519,0,7.052303860523039,569,29,50,49
msg_1357,node49,node34,321,1680000,,,,,,7.143876337693222,,49,,,0,7.143876337693222,629,49,50,49
msg_1358,node49,node35,321,1680000,1680012.0,12.0,,,,7.058457711442786,,49,,9.88888888888889,0,7.058457711442786,568,28,50,49
msg_1359,node49,node36,321,1680000,1680013.0,13.0,,,,7.064596273291926,,49,,10.148148148148149,0,7.064596273291926,567,27,50,49
msg_1360,node49,node37,321,1680000,1680013.0,13.0,,,,7.07196029776675,,49,,10.62962962962963,0,7.07196029776675,566,26,50,49
msg_1361,node49,node38,321,1680000,,,,,,7.143876337693222,,49,,,0,7.143876337693222,629,49,50,49
msg_1362,node49,node39,321,1680000,,,,,,7.143876337693222,,49,,,0,7.143876337693222,629,49,50,49
msg_1363,node49,node40,321,1680000,1680013.0,13.0,,,,7.079306071871128,,49,,10.851851851851851,0,7.079306071871128,565,25,50,49
msg_1364,node49,node41,321,1680000,1680014.0,14.0,,,,7.086633663366337,,49,,11.11111111111111,0,7.086633663366337,564,24,50,49
msg_1365,node49,node42,321,1680000,,,,,,7.143876337693222,,49,,,0,7.143876337693222,629,49,50,49
msg_1366,node49,node43,321,1680000,,,,,,7.143876337693222,,49,,,0,7.143876337693222,629,49,50,49
msg_1367,node49,node44,321,1680000,1680014.0,14.0,,,,7.095179233621756,,49,,11.37037037037037,0,7.095179233621756,563,23,50,49
msg_1368,node49,node45,321,1680000,1680014.0,14.0,,,,7.103703703703704,,49,,11.74074074074074,0,7.103703703703704,562,22,50,49
msg_1369,node49,node46,321,1680000,1680015.0,15.0,,,,7.112207151664611,,49,,11.962962962962964,0,7.112207151664611,561,21,50,49
msg_1370,node49,node47,321,1680000,,,,,,7.143876337693222,,49,,,0,7.143876337693222,629,49,50,49
msg_1371,node49,node48,321,1680000,,,,,,7.143876337693222,,49,,,0,7.143876337693222,629,49,50,49
msg_1372,node49,node0,320,1740000,1740002.0,2.0,,,,7.12192118226601,,49,,1.5714285714285714,0,7.12192118226601,609,49,50,49
msg_1373,node49,node1,320,1740000,1740002.0,2.0,,,,7.115621156211562,,49,,1.6785714285714286,0,7.115621156211562,608,48,50,49
msg_1374,node49,node2,320,1740000,1740003.0,3.0,,,,7.1093366093366095,,49,,2.6785714285714284,0,7.1093366093366095,607,47,50,49
msg_1375,node49,node3,320,1740000,1740004.0,4.0,,,,7.104294478527607,,49,,2.9642857142857144,0,7.104294478527607,606,46,50,49
msg_1376,node49,node4,320,1740000,,,,,,7.143876337693222,,49,,,0,7.143876337693222,629,49,50,49
msg_1377,node49,node5,320,1740000,,,,,,7.143876337693222,,49,,,0,7.143876337693222,629,49,50,49
msg_1378,node49,node6,320,1740000,1740004.0,4.0,,,,7.1004901960784315,,49,,4.071428571428571,0,7.1004901960784315,605,45,50,49
msg_1379,node49,node7,320,1740000,1740004.0,4.0,,,,7.092909535452323,,49,,4.535714285714286,0,7.092909535452323,603,43,50,49
msg_1380,node49,node8,320,1740000,1740005.0,5.0,,,,7.089133089133089,,49,,5.0,0,7.089133089133089,602,42,50,49
msg_1381,node49,node9,320,1740000,1740005.0,5.0,,,,7.086585365853659,,49,,5.214285714285714,0,7.086585365853659,601,41,50,49
msg_1382,node49,node10,321,1740000,1740004.0,4.0,,,,7.096695226438189,,49,,2.9642857142857144,0,7.096695226438189,604,44,50,49
msg_1383,node49,node11,321,1740000,,,,,,7.143876337693222,,49,,,0,7.143876337693222,629,49,50,49
msg_1384,node49,node12,321,1740000,,,,,,7.143876337693222,,49,,,0,7.143876337693222,629,49,50,49
msg_1385,node49,node13,321,1740000,1740007.0,7.0,,,,7.080194410692588,,49,,5.857142857142857,0,7.080194410692588,598,38,50,49
msg_1386,node49,node14,321,1740000,1740005.0,5.0,,,,7.0840438489646775,,49,,4.035714285714286,0,7.0840438489646775,600,40,50,49
msg_1387,node49,node15,321,1740000,1740007.0,7.0,,,,7.080097087378641,,49,,6.642857142857143,0,7.080097087378641,597,37,50,49
msg_1388,node49,node16,321,1740000,,,,,,7.143876337693222,,49,,,0,7.143876337693222,629,49,50,49
msg_1389,node49,node17,321,1740000,1740007.0,7.0,,,,7.08,,49,,7.035714285714286,0,7.08,596,36,50,49
msg_1390,node49,node18,321,1740000,,,,,,7.143876337693222,,49,,,0,7.143876337693222,629,49,50,49
msg_1391,node49,node19,321,1740000,,,,,,7.143876337693222,,49,,,0,7.143876337693222,629,49,50,49
msg_1392,node49,node20,321,1740000,1740008.0,8.0,,,,7.079903147699758,,49,,7.357142857142857,0,7.079903147699758,595,35,50,49
msg_1393,node49,node21,321,1740000,1740006.0,6.0,,,,7.081508515815085,,49,,5.607142857142857,0,7.081508515815085,599,39,50,49
msg_1394,node49,node22,321,1740000,,,,,,7.143876337693222,,49,,,0,7.143876337693222,629,49,50,49
msg_1395,node49,node23,321,1740000,,,,,,7.143876337693222,,49,,,0,7.143876337693222,629,49,50,49
msg_1396,node49,node24,321,1740000,1740008.0,8.0,,,,7.081015719467956,,49,,8.285714285714286,0,7.081015719467956,594,34,50,49
msg_1397,node49,node25,321,1740000,1740009.0,9.0,,,,7.084439083232811,,49,,8.464285714285714,0,7.084439083232811,592,32,50,49
msg_1398,node49,node26,321,1740000,,,,,,7.143876337693222,,49,,,0,7.143876337693222,629,49,50,49
msg_1399,node49,node27,321,1740000,1740010.0,10.0,,,,7.089049338146811,,49,,8.714285714285714,0,7.089049338146811,590,30,50,49
msg_1400,node49,node28,321,1740000,,,,,,7.143876337693222,,49,,,0,7.143876337693222,629,49,50,49
msg_1401,node49,node29,321,1740000,,,,,,7.143876337693222,,49,,,0,7.143876337693222,629,49,50,49
msg_1402,node49,node30,321,1740000,,,,,,7.143876337693222,,49,,,0,7.143876337693222,629,49,50,49
msg_1403,node49,node31,321,1740000,1740009.0,9.0,,,,7.082125603864735,,49,,7.678571428571429,0,7.082125603864735,593,33,50,49
msg_1404,node49,node32,321,1740000,1740009.0,9.0,,,,7.086746987951807,,49,,8.142857142857142,0,7.086746987951807,591,31,50,49
msg_1405,node49,node33,321,1740000,1740010.0,10.0,,,,7.092548076923077,,49,,9.607142857142858,0,7.092548076923077,589,29,50,49
msg_1406,node49,node34,321,1740000,,,,,,7.143876337693222,,49,,,0,7.143876337693222,629,49,50,49
msg_1407,node49,node35,321,1740000,1740011.0,11.0,,,,7.096038415366147,,49,,9.964285714285714,0,7.096038415366147,588,28,50,49
msg_1408,node49,node36,321,1740000,1740011.0,11.0,,,,7.100719424460432,,49,,10.25,0,7.100719424460432,587,27,50,49
msg_1409,node49,node37,321,1740000,1740011.0,11.0,,,,7.105389221556886,,49,,10.714285714285714,0,7.105389221556886,586,26,50,49
msg_1410,node49,node38,321,1740000,,,,,,7.143876337693222,,49,,,0,7.143876337693222,629,49,50,49
msg_1411,node49,node39,321,1740000,,,,,,7.143876337693222,,49,,,0,7.143876337693222,629,49,50,49
msg_1412,node49,node40,321,1740000,1740012.0,12.0,,,,7.110047846889952,,49,,10.928571428571429,0,7.110047846889952,585,25,50,49
msg_1413,node49,node41,321,1740000,1740012.0,12.0,,,,7.115890083632019,,49,,11.214285714285714,0,7.115890083632019,584,24,50,49
msg_1414,node49,node42,321,1740000,,,,,,7.143876337693222,,49,,,0,7.143876337693222,629,49,50,49
msg_1415,node49,node43,321,1740000,,,,,,7.143876337693222,,49,,,0,7.143876337693222,629,49,50,49
msg_1416,node49,node44,321,1740000,1740013.0,13.0,,,,7.121718377088306,,49,,11.464285714285714,0,7.121718377088306,583,23,50,49
msg_1417,node49,node45,321,1740000,1740013.0,13.0,,,,7.128724672228844,,49,,11.821428571428571,0,7.128724672228844,582,22,50,49
msg_1418,node49,node46,321,1740000,1740014.0,14.0,,,,7.135714285714286,,49,,12.071428571428571,0,7.135714285714286,581,21,50,49
msg_1419,node49,node47,321,1740000,,,,,,7.143876337693222,,49,,,0,7.143876337693222,629,49,50,49
msg_1420,node49,node48,321,1740000,,,,,,7.143876337693222,,49,,,0,7.143876337693222,629,49,50,49
msg_1421,node49,node0,320,1800000,,,,,,7.143876337693222,,49,,1.5862068965517242,0,7.143876337693222,629,49,50,49
msg_1422,node49,node1,320,1800000,,,,,,7.143876337693222,,49,,1.6896551724137931,0,7.143876337693222,629,49,50,49
msg_1423,node49,node2,320,1800000,,,,,,7.143876337693222,,49,,2.689655172413793,0,7.143876337693222,629,49,50,49
msg_1424,node49,node3,320,1800000,,,,,,7.143876337693222,,49,,3.0,0,7.143876337693222,629,49,50,49
msg_1425,node49,node4,320,1800000,,,,,,7.143876337693222,,49,,,0,7.143876337693222,629,49,50,49
msg_1426,node49,node5,320,1800000,,,,,,7.143876337693222,,49,,,0,7.143876337693222,629,49,50,49
msg_1427,node49,node6,320,1800000,,,,,,7.143876337693222,,49,,4.068965517241379,0,7.143876337693222,629,49,50,49
msg_1428,node49,node7,320,1800000,,,,,,7.143876337693222,,49,,4.517241379310345,0,7.143876337693222,629,49,50,49
msg_1429,node49,node8,320,1800000,,,,,,7.143876337693222,,49,,5.0,0,7.143876337693222,629,49,50,49
msg_1430,node49,node9,320,1800000,,,,,,7.143876337693222,,49,,5.206896551724138,0,7.143876337693222,629,49,50,49
msg_1431,node49,node10,321,1800000,,,,,,7.143876337693222,,49,,3.0,0,7.143876337693222,629,49,50,49
msg_1432,node49,node11,321,1800000,,,,,,7.143876337693222,,49,,,0,7.143876337693222,629,49,50,49
msg_1433,node49,node12,321,1800000,,,,,,7.143876337693222,,49,,,0,7.143876337693222,629,49,50,49
msg_1434,node49,node13,321,1800000,,,,,,7.143876337693222,,49,,5.896551724137931,0,7.143876337693222,629,49,50,49
msg_1435,node49,node14,321,1800000,,,,,,7.143876337693222,,49,,4.068965517241379,0,7.143876337693222,629,49,50,49
msg_1436,node49,node15,321,1800000,,,,,,7.143876337693222,,49,,6.655172413793103,0,7.143876337693222,629,49,50,49
msg_1437,node49,node16,321,1800000,,,,,,7.143876337693222,,49,,,0,7.143876337693222,629,49,50,49
msg_1438,node49,node17,321,1800000,,,,,,7.143876337693222,,49,,7.0344827586206895,0,7.143876337693222,629,49,50,49
msg_1439,node49,node18,321,1800000,,,,,,7.143876337693222,,49,,,0,7.143876337693222,629,49,50,49
msg_1440,node49,node19,321,1800000,,,,,,7.143876337693222,,49,,,0,7.143876337693222,629,49,50,49
msg_1441,node49,node20,321,1800000,,,,,,7.143876337693222,,49,,7.379310344827586,0,7.143876337693222,629,49,50,49
msg_1442,node49,node21,321,1800000,,,,,,7.143876337693222,,49,,5.620689655172414,0,7.143876337693222,629,49,50,49
msg_1443,node49,node22,321,1800000,,,,,,7.143876337693222,,49,,,0,7.143876337693222,629,49,50,49
msg_1444,node49,node23,321,1800000,,,,,,7.143876337693222,,49,,,0,7.143876337693222,629,49,50,49
msg_1445,node49,node24,321,1800000,,,,,,7.143876337693222,,49,,8.275862068965518,0,7.143876337693222,629,49,50,49
msg_1446,node49,node25,321,1800000,,,,,,7.143876337693222,,49,,8.482758620689655,0,7.143876337693222,629,49,50,49
msg_1447,node49,node26,321,1800000,,,,,,7.143876337693222,,49,,,0,7.143876337693222,629,49,50,49
msg_1448,node49,node27,321,1800000,,,,,,7.143876337693222,,49,,8.758620689655173,0,7.143876337693222,629,49,50,49
msg_1449,node49,node28,321,1800000,,,,,,7.143876337693222,,49,,,0,7.143876337693222,629,49,50,49
msg_1450,node49,node29,321,1800000,,,,,,7.143876337693222,,49,,,0,7.143876337693222,629,49,50,49
msg_1451,node49,node30,321,1800000,,,,,,7.143876337693222,,49,,,0,7.143876337693222,629,49,50,49
msg_1452,node49,node31,321,1800000,,,,,,7.143876337693222,,49,,7.724137931034483,0,7.143876337693222,629,49,50,49
msg_1453,node49,node32,321,1800000,,,,,,7.143876337693222,,49,,8.172413793103448,0,7.143876337693222,629,49,50,49
msg_1454,node49,node33,321,1800000,,,,,,7.143876337693222,,49,,9.620689655172415,0,7.143876337693222,629,49,50,49
msg_1455,node49,node34,321,1800000,,,,,,7.143876337693222,,49,,,0,7.143876337693222,629,49,50,49
msg_1456,node49,node35,321,1800000,,,,,,7.143876337693222,,49,,10.0,0,7.143876337693222,629,49,50,49
msg_1457,node49,node36,321,1800000,,,,,,7.143876337693222,,49,,10.275862068965518,0,7.143876337693222,629,49,50,49
msg_1458,node49,node37,321,1800000,,,,,,7.143876337693222,,49,,10.724137931034482,0,7.143876337693222,629,49,50,49
msg_1459,node49,node38,321,1800000,,,,,,7.143876337693222,,49,,,0,7.143876337693222,629,49,50,49
msg_1460,node49,node39,321,1800000,,,,,,7.143876337693222,,49,,,0,7.143876337693222,629,49,50,49
msg_1461,node49,node40,321,1800000,,,,,,7.143876337693222,,49,,10.96551724137931,0,7.143876337693222,629,49,50,49
msg_1462,node49,node41,321,1800000,,,,,,7.143876337693222,,49,,11.241379310344827,0,7.143876337693222,629,49,50,49
msg_1463,node49,node42,321,1800000,,,,,,7.143876337693222,,49,,,0,7.143876337693222,629,49,50,49
msg_1464,node49,node43,321,1800000,,,,,,7.143876337693222,,49,,,0,7.143876337693222,629,49,50,49
msg_1465,node49,node44,321,1800000,,,,,,7.143876337693222,,49,,11.517241379310345,0,7.143876337693222,629,49,50,49
msg_1466,node49,node45,321,1800000,,,,,,7.143876337693222,,49,,11.862068965517242,0,7.143876337693222,629,49,50,49
msg_1467,node49,node46,321,1800000,,,,,,7.143876337693222,,49,,12.137931034482758,0,7.143876337693222,629,49,50,49
msg_1468,node49,node47,321,1800000,,,,,,7.143876337693222,,49,,,0,7.143876337693222,629,49,50,49
msg_1469,node49,node48,321,1800000,,,,,,7.143876337693222,,49,,,0,7.143876337693222,629,49,50,49
