msg_id,sender,receiver,payload_size_B,time_send_ms,time_receive_ms,actual_delay_ms,online_predicted_delay_ms,cluster_predicted_delay_ms,weighted_predicted_delay_ms,sender_average_outgoing_delay_ms,sender_average_incoming_delay_ms,sender_num_messages_sent_simultaneously,receiver_average_outgoing_delay_ms,receiver_average_incoming_delay_ms,receiver_num_messages_sent_simultaneously,network_average_delay_ms,network_num_messages_in_transit,network_num_busy_links,network_num_network_nodes,network_num_messages_sent_simultaneously
msg_0,node1,node0,315,360000,360000.0,0.0,,,,,,1,,,0,,4,4,5,4
msg_1,node2,node0,315,360000,360001.0,1.0,,,,,,1,,0.0,0,0.0,3,3,5,4
msg_2,node3,node0,315,360000,360001.0,1.0,,,,,,1,,0.0,0,0.0,3,3,5,4
msg_3,node4,node0,315,360000,360001.0,1.0,,,,,,1,,0.6666666666666666,0,0.6666666666666666,1,1,5,4
msg_4,node1,node0,315,720000,720000.0,0.0,,,,0.0,,1,,0.75,0,0.75,4,4,5,4
msg_5,node2,node0,315,720000,720001.0,1.0,,,,1.0,,1,,0.6,0,0.6,3,3,5,4
msg_6,node3,node0,315,720000,720001.0,1.0,,,,1.0,,1,,0.6666666666666666,0,0.6666666666666666,2,2,5,4
msg_7,node4,node0,315,720000,720001.0,1.0,,,,1.0,,1,,0.6666666666666666,0,0.6666666666666666,2,2,5,4
msg_8,node0,node1,315,780000,1080000.0,300000.0,,,,,0.75,1,0.0,,0,0.75,5,5,5,1
msg_9,node1,node0,315,1080000,1080000.0,0.0,,,,0.0,,1,,0.75,0,0.75,5,5,5,4
msg_10,node2,node0,315,1080000,1080001.0,1.0,,,,1.0,,1,300000.0,0.6666666666666666,0,30000.6,3,3,5,4
msg_11,node3,node0,315,1080000,1080001.0,1.0,,,,1.0,,1,300000.0,0.7,0,27273.363636363636,2,2,5,4
msg_12,node4,node0,315,1080000,1080001.0,1.0,,,,1.0,,1,300000.0,0.7272727272727273,0,25000.666666666668,1,1,5,4
msg_13,node0,node1,315,1140000,1140000.0,0.0,,,,300000.0,0.75,1,0.0,300000.0,0,23077.615384615383,1,1,5,1
msg_14,node0,node2,315,1140001,1140001.0,0.0,,,,150000.0,0.75,1,1.0,,0,21429.214285714286,1,1,5,1
msg_15,node1,node0,315,1440000,1440000.0,0.0,,,,0.0,150000.0,1,100000.0,0.75,0,20000.6,4,4,5,4
msg_16,node2,node0,315,1440000,1440001.0,1.0,,,,1.0,0.0,1,100000.0,0.75,0,20000.6,4,4,5,4
msg_17,node3,node0,315,1440000,1440001.0,1.0,,,,1.0,,1,100000.0,0.7142857142857143,0,17647.647058823528,2,2,5,4
msg_18,node4,node0,315,1440000,1440001.0,1.0,,,,1.0,,1,100000.0,0.7333333333333333,0,16667.277777777777,1,1,5,4
msg_19,node0,node1,315,1500000,1500000.0,0.0,,,,100000.0,0.75,1,0.0,150000.0,0,15790.105263157895,1,1,5,1
msg_20,node0,node3,315,1500001,1500001.0,0.0,,,,75000.0,0.75,1,1.0,,0,15000.6,1,1,5,1
msg_21,node1,node0,315,1800000,1800000.0,0.0,,,,0.0,100000.0,1,60000.0,0.75,0,14286.285714285714,4,4,5,4
msg_22,node2,node0,315,1800000,1800001.0,1.0,,,,1.0,0.0,1,60000.0,0.75,0,14286.285714285714,4,4,5,4
msg_23,node3,node0,315,1800000,1800001.0,1.0,,,,1.0,0.0,1,60000.0,0.7222222222222222,0,13044.04347826087,2,2,5,4
msg_24,node4,node0,315,1800000,1800001.0,1.0,,,,1.0,,1,60000.0,0.7368421052631579,0,12500.583333333334,1,1,5,4
msg_25,node1,node0,315,2160000,2160000.0,0.0,,,,0.0,100000.0,1,60000.0,0.75,0,12000.6,4,4,5,4
msg_26,node2,node0,315,2160000,2160001.0,1.0,,,,1.0,0.0,1,60000.0,0.7142857142857143,0,11539.038461538461,3,3,5,4
msg_27,node3,node0,315,2160000,2160001.0,1.0,,,,1.0,0.0,1,60000.0,0.7272727272727273,0,11111.703703703704,2,2,5,4
msg_28,node4,node0,315,2160000,2160001.0,1.0,,,,1.0,,1,60000.0,0.7272727272727273,0,11111.703703703704,2,2,5,4
msg_29,node0,node2,315,2220001,2520000.0,299999.0,,,,60000.0,0.75,1,1.0,0.0,0,10345.448275862069,5,5,5,1
msg_30,node1,node0,315,2520000,2520000.0,0.0,,,,0.0,100000.0,1,60000.0,0.75,0,10345.448275862069,5,5,5,4
msg_31,node2,node0,315,2520000,2520001.0,1.0,,,,1.0,149999.5,1,99999.83333333333,0.72,0,19355.387096774193,3,3,5,4
msg_32,node3,node0,315,2520000,2520001.0,1.0,,,,1.0,0.0,1,99999.83333333333,0.7307692307692307,0,18750.5625,2,2,5,4
msg_33,node4,node0,315,2520000,2520001.0,1.0,,,,1.0,,1,99999.83333333333,0.7307692307692307,0,18750.5625,2,2,5,4
msg_34,node1,node0,315,2880000,2880000.0,0.0,,,,0.0,100000.0,1,99999.83333333333,0.75,0,17647.647058823528,4,4,5,4
msg_35,node2,node0,315,2880000,2880001.0,1.0,,,,1.0,149999.5,1,99999.83333333333,0.7241379310344828,0,17143.428571428572,3,3,5,4
msg_36,node3,node0,315,2880000,2880001.0,1.0,,,,1.0,0.0,1,99999.83333333333,0.7333333333333333,0,16667.25,2,2,5,4
msg_37,node4,node0,315,2880000,2880001.0,1.0,,,,1.0,,1,99999.83333333333,0.7333333333333333,0,16667.25,2,2,5,4
msg_38,node0,node1,315,2940000,3240000.0,300000.0,,,,99999.83333333333,0.7272727272727273,1,0.0,100000.0,0,15385.205128205129,4,4,5,1
msg_39,node1,node0,315,3240000,3240000.0,0.0,,,,0.0,100000.0,1,99999.83333333333,0.75,0,15790.078947368422,5,5,5,4
msg_40,node2,node0,315,3240000,3240001.0,1.0,,,,1.0,149999.5,1,128571.28571428571,0.7272727272727273,0,22500.575,3,3,5,4
msg_41,node3,node0,315,3240000,3240001.0,1.0,,,,1.0,0.0,1,128571.28571428571,0.7272727272727273,0,22500.575,3,3,5,4
msg_42,node4,node0,315,3240000,3240001.0,1.0,,,,1.0,,1,128571.28571428571,0.7428571428571429,0,21429.166666666668,1,1,5,4
msg_43,node0,node1,315,3300000,3600000.0,300000.0,,,,128571.28571428571,0.7297297297297297,1,0.0,150000.0,0,20455.136363636364,4,4,5,1
msg_44,node1,node0,315,3600000,3600000.0,0.0,,,,0.0,150000.0,1,128571.28571428571,0.75,0,20930.837209302324,5,5,5,4
msg_45,node2,node0,315,3600000,3600001.0,1.0,,,,1.0,149999.5,1,149999.875,0.7297297297297297,0,26667.244444444445,3,3,5,4
msg_46,node3,node0,315,3600000,3600001.0,1.0,,,,1.0,0.0,1,149999.875,0.7368421052631579,0,26087.543478260868,2,2,5,4
msg_47,node4,node0,315,3600000,3600001.0,1.0,,,,1.0,,1,149999.875,0.7435897435897436,0,25532.510638297874,1,1,5,4
msg_48,node0,node2,315,3660001,3660001.0,0.0,,,,149999.875,0.75,1,1.0,149999.5,0,25000.604166666668,1,1,5,1
msg_49,node1,node0,316,3960000,3960000.0,0.0,,,,0.0,180000.0,1,133333.22222222222,0.75,0,24490.38775510204,4,4,5,4
msg_50,node2,node0,316,3960000,3960001.0,1.0,,,,1.0,99999.66666666667,1,133333.22222222222,0.7317073170731707,0,24000.58,3,3,5,4
msg_51,node3,node0,316,3960000,3960001.0,1.0,,,,1.0,0.0,1,133333.22222222222,0.7317073170731707,0,24000.58,3,3,5,4
msg_52,node4,node0,316,3960000,3960001.0,1.0,,,,1.0,,1,133333.22222222222,0.7441860465116279,0,23077.51923076923,1,1,5,4
msg_53,node0,node3,315,4020001,4320000.0,299999.0,,,,133333.22222222222,0.7333333333333333,1,1.0,0.0,0,22222.814814814814,4,4,5,1
msg_54,node1,node0,316,4320000,4320000.0,0.0,,,,0.0,180000.0,1,133333.22222222222,0.75,0,22642.11320754717,5,5,5,4
msg_55,node2,node0,316,4320000,4320001.0,1.0,,,,1.0,99999.66666666667,1,149999.8,0.7333333333333333,0,27273.29090909091,3,3,5,4
msg_56,node3,node0,316,4320000,4320001.0,1.0,,,,1.0,149999.5,1,149999.8,0.7333333333333333,0,27273.29090909091,3,3,5,4
msg_57,node4,node0,316,4320000,4320001.0,1.0,,,,1.0,,1,149999.8,0.7446808510638298,0,26316.36842105263,1,1,5,4
msg_58,node1,node0,316,4680000,4680000.0,0.0,,,,0.0,180000.0,1,149999.8,0.75,0,25862.655172413793,4,4,5,4
msg_59,node2,node0,316,4680000,4680001.0,1.0,,,,1.0,99999.66666666667,1,149999.8,0.7346938775510204,0,25424.305084745763,3,3,5,4
msg_60,node3,node0,316,4680000,4680001.0,1.0,,,,1.0,149999.5,1,149999.8,0.74,0,25000.583333333332,2,2,5,4
msg_61,node4,node0,316,4680000,4680001.0,1.0,,,,1.0,,1,149999.8,0.74,0,25000.583333333332,2,2,5,4
msg_62,node1,node0,316,5040000,5040000.0,0.0,,,,0.0,180000.0,1,149999.8,0.75,0,24194.145161290322,4,4,5,4
msg_63,node2,node0,316,5040000,5040001.0,1.0,,,,1.0,99999.66666666667,1,149999.8,0.75,0,24194.145161290322,4,4,5,4
msg_64,node3,node0,316,5040000,5040001.0,1.0,,,,1.0,149999.5,1,149999.8,0.7407407407407407,0,23438.09375,2,2,5,4
msg_65,node4,node0,316,5040000,5040001.0,1.0,,,,1.0,,1,149999.8,0.7407407407407407,0,23438.09375,2,2,5,4
msg_66,node0,node1,316,5100000,5400000.0,300000.0,,,,136363.45454545456,0.75,1,0.0,180000.0,0,22388.65671641791,5,5,5,1
msg_67,node0,node2,316,5100001,5100001.0,0.0,,,,149999.8,0.75,1,1.0,99999.66666666667,0,22727.878787878788,2,2,5,1
msg_68,node1,node0,316,5400000,5400000.0,0.0,,,,0.0,180000.0,1,136363.45454545456,0.75,0,22388.65671641791,5,5,5,4
msg_69,node2,node0,316,5400000,5400001.0,1.0,,,,1.0,74999.75,1,149999.83333333334,0.7368421052631579,0,26087.536231884056,3,3,5,4
msg_70,node3,node0,316,5400000,5400001.0,1.0,,,,1.0,149999.5,1,149999.83333333334,0.7413793103448276,0,25714.871428571427,2,2,5,4
msg_71,node4,node0,316,5400000,5400001.0,1.0,,,,1.0,,1,149999.83333333334,0.7413793103448276,0,25714.871428571427,2,2,5,4
msg_72,node0,node2,316,5460001,5760000.0,299999.0,,,,149999.83333333334,0.75,1,1.0,74999.75,0,25000.597222222223,5,5,5,1
msg_73,node1,node0,316,5760000,5760000.0,0.0,,,,0.0,200000.0,1,149999.83333333334,0.75,0,25000.597222222223,5,5,5,4
msg_74,node2,node0,316,5760000,5760001.0,1.0,,,,1.0,119999.6,1,161538.23076923078,0.7377049180327869,0,28378.945945945947,3,3,5,4
msg_75,node3,node0,316,5760000,5760001.0,1.0,,,,1.0,149999.5,1,161538.23076923078,0.7419354838709677,0,28000.573333333334,2,2,5,4
msg_76,node4,node0,316,5760000,5760001.0,1.0,,,,1.0,,1,161538.23076923078,0.7419354838709677,0,28000.573333333334,2,2,5,4
msg_77,node1,node0,316,6120000,6120000.0,0.0,,,,0.0,200000.0,1,161538.23076923078,0.75,0,27273.31168831169,4,4,5,4
msg_78,node2,node0,316,6120000,6120001.0,1.0,,,,1.0,119999.6,1,161538.23076923078,0.7384615384615385,0,26923.653846153848,3,3,5,4
msg_79,node3,node0,316,6120000,6120001.0,1.0,,,,1.0,149999.5,1,161538.23076923078,0.7424242424242424,0,26582.86075949367,2,2,5,4
msg_80,node4,node0,316,6120000,6120001.0,1.0,,,,1.0,,1,161538.23076923078,0.746268656716418,0,26250.5875,1,1,5,4
msg_81,node0,node3,316,6180001,6480000.0,299999.0,,,,161538.23076923078,0.75,1,1.0,149999.5,0,25926.51851851852,5,5,5,1
msg_82,node1,node0,316,6480000,6480000.0,0.0,,,,0.0,200000.0,1,161538.23076923078,0.75,0,25926.51851851852,5,5,5,4
msg_83,node2,node0,316,6480000,6480001.0,1.0,,,,1.0,119999.6,1,171428.2857142857,0.7391304347826086,0,28916.22891566265,3,3,5,4
msg_84,node3,node0,316,6480000,6480001.0,1.0,,,,1.0,199999.33333333334,1,171428.2857142857,0.7428571428571429,0,28572.0,2,2,5,4
msg_85,node4,node0,316,6480000,6480001.0,1.0,,,,1.0,,1,171428.2857142857,0.7464788732394366,0,28235.870588235295,1,1,5,4
msg_86,node0,node3,316,6540001,6840000.0,299999.0,,,,171428.2857142857,0.75,1,1.0,199999.33333333334,0,27907.558139534885,5,5,5,1
msg_87,node1,node0,316,6840000,6840000.0,0.0,,,,0.0,200000.0,1,171428.2857142857,0.75,0,27907.558139534885,5,5,5,4
msg_88,node2,node0,316,6840000,6840001.0,1.0,,,,1.0,119999.6,1,179999.66666666666,0.7397260273972602,0,30682.375,3,3,5,4
msg_89,node3,node0,316,6840000,6840001.0,1.0,,,,1.0,224999.25,1,179999.66666666666,0.7432432432432432,0,30337.6404494382,2,2,5,4
msg_90,node4,node0,316,6840000,6840001.0,1.0,,,,1.0,,1,179999.66666666666,0.7432432432432432,0,30337.6404494382,2,2,5,4
msg_91,node0,node1,316,6900000,7200000.0,300000.0,,,,168749.6875,0.75,1,0.0,200000.0,0,29348.391304347828,5,5,5,1
msg_92,node0,node2,316,6900001,6900001.0,0.0,,,,179999.66666666666,0.75,1,1.0,119999.6,0,29670.9010989011,2,2,5,1
msg_93,node1,node0,316,7200000,7200000.0,0.0,,,,0.0,200000.0,1,168749.6875,0.75,0,29348.391304347828,5,5,5,4
msg_94,node2,node0,316,7200000,7200001.0,1.0,,,,1.0,99999.66666666667,1,176470.29411764705,0.7402597402597403,0,31915.44680851064,3,3,5,4
msg_95,node3,node0,316,7200000,7200001.0,1.0,,,,1.0,224999.25,1,176470.29411764705,0.7435897435897436,0,31579.505263157895,2,2,5,4
msg_96,node4,node0,316,7200000,7200001.0,1.0,,,,1.0,,1,176470.29411764705,0.7435897435897436,0,31579.505263157895,2,2,5,4
msg_97,node0,node2,316,7260001,7560000.0,299999.0,,,,176470.29411764705,0.75,1,1.0,99999.66666666667,0,30928.40206185567,5,5,5,1
msg_98,node1,node0,316,7560000,7560000.0,0.0,,,,0.0,214285.7142857143,1,176470.29411764705,0.75,0,30928.40206185567,5,5,5,4
msg_99,node2,node0,316,7560000,7560001.0,1.0,,,,1.0,128571.0,1,183333.0,0.7407407407407407,0,33333.878787878784,3,3,5,4
msg_100,node3,node0,316,7560000,7560001.0,1.0,,,,1.0,224999.25,1,183333.0,0.7439024390243902,0,33000.55,2,2,5,4
msg_101,node4,node0,316,7560000,7560001.0,1.0,,,,1.0,,1,183333.0,0.7469879518072289,0,32673.821782178216,1,1,5,4
msg_102,node0,node3,316,7620001,7920000.0,299999.0,,,,183333.0,0.75,1,1.0,224999.25,0,32353.5,5,5,5,1
msg_103,node1,node0,316,7920000,7920000.0,0.0,,,,0.0,214285.7142857143,1,183333.0,0.75,0,32353.5,5,5,5,4
msg_104,node2,node0,316,7920000,7920001.0,1.0,,,,1.0,128571.0,1,189473.31578947368,0.7411764705882353,0,34615.92307692308,3,3,5,4
msg_105,node3,node0,316,7920000,7920001.0,1.0,,,,1.0,239999.2,1,189473.31578947368,0.7441860465116279,0,34286.25714285715,2,2,5,4
msg_106,node4,node0,316,7920000,7920001.0,1.0,,,,1.0,,1,189473.31578947368,0.7441860465116279,0,34286.25714285715,2,2,5,4
msg_107,node0,node4,316,7980001,8280001.0,300000.0,,,,189473.31578947368,0.7444444444444445,1,1.0,,0,33028.07339449541,3,3,5,1
msg_108,node1,node0,316,8280000,8280000.0,0.0,,,,0.0,214285.7142857143,1,189473.31578947368,0.75,0,33645.411214953274,5,5,5,4
msg_109,node2,node0,316,8280000,8280001.0,1.0,,,,1.0,128571.0,1,189473.31578947368,0.7415730337078652,0,33333.87962962963,4,4,5,4
msg_110,node3,node0,316,8280000,8280001.0,1.0,,,,1.0,239999.2,1,189473.31578947368,0.7444444444444445,0,33028.07339449541,3,3,5,4
msg_111,node4,node0,316,8280000,8280001.0,1.0,,,,1.0,300000.0,1,194999.65,0.7472527472527473,0,35135.68468468468,1,1,5,4
msg_112,node1,node0,316,8640000,8640000.0,0.0,,,,0.0,214285.7142857143,1,194999.65,0.75,0,34821.982142857145,4,4,5,4
msg_113,node2,node0,316,8640000,8640001.0,1.0,,,,1.0,128571.0,1,194999.65,0.7419354838709677,0,34513.823008849555,3,3,5,4
msg_114,node3,node0,316,8640000,8640001.0,1.0,,,,1.0,239999.2,1,194999.65,0.7446808510638298,0,34211.07894736842,2,2,5,4
msg_115,node4,node0,316,8640000,8640001.0,1.0,,,,1.0,300000.0,1,194999.65,0.7446808510638298,0,34211.07894736842,2,2,5,4
msg_116,node1,node0,316,9000000,9000000.0,0.0,,,,0.0,214285.7142857143,1,194999.65,0.75,0,33621.25,4,4,5,4
msg_117,node2,node0,316,9000000,9000001.0,1.0,,,,1.0,128571.0,1,194999.65,0.7422680412371134,0,33333.88888888889,3,3,5,4
msg_118,node3,node0,316,9000000,9000001.0,1.0,,,,1.0,239999.2,1,194999.65,0.7448979591836735,0,33051.40677966102,2,2,5,4
msg_119,node4,node0,316,9000000,9000001.0,1.0,,,,1.0,300000.0,1,194999.65,0.7448979591836735,0,33051.40677966102,2,2,5,4
msg_120,node1,node0,316,9360000,9360000.0,0.0,,,,0.0,214285.7142857143,1,194999.65,0.75,0,32500.566666666666,4,4,5,4
msg_121,node2,node0,316,9360000,9360001.0,1.0,,,,1.0,128571.0,1,194999.65,0.7425742574257426,0,32231.96694214876,3,3,5,4
msg_122,node3,node0,316,9360000,9360001.0,1.0,,,,1.0,239999.2,1,194999.65,0.7450980392156863,0,31967.77868852459,2,2,5,4
msg_123,node4,node0,316,9360000,9360001.0,1.0,,,,1.0,300000.0,1,194999.65,0.7450980392156863,0,31967.77868852459,2,2,5,4
msg_124,node1,node0,316,9720000,9720000.0,0.0,,,,0.0,214285.7142857143,1,194999.65,0.75,0,31452.185483870966,4,4,5,4
msg_125,node2,node0,316,9720000,9720001.0,1.0,,,,1.0,128571.0,1,194999.65,0.75,0,31452.185483870966,4,4,5,4
msg_126,node3,node0,316,9720000,9720001.0,1.0,,,,1.0,239999.2,1,194999.65,0.7452830188679245,0,30952.95238095238,2,2,5,4
msg_127,node4,node0,316,9720000,9720001.0,1.0,,,,1.0,300000.0,1,194999.65,0.7476635514018691,0,30709.23622047244,1,1,5,4
msg_128,node1,node0,316,10080000,10080000.0,0.0,,,,0.0,214285.7142857143,1,194999.65,0.75,0,30469.328125,4,4,5,4
msg_129,node2,node0,316,10080000,10080001.0,1.0,,,,1.0,128571.0,1,194999.65,0.7431192660550459,0,30233.131782945737,3,3,5,4
msg_130,node3,node0,316,10080000,10080001.0,1.0,,,,1.0,239999.2,1,194999.65,0.7454545454545455,0,30000.576923076922,2,2,5,4
msg_131,node4,node0,316,10080000,10080001.0,1.0,,,,1.0,300000.0,1,194999.65,0.7454545454545455,0,30000.576923076922,2,2,5,4
msg_132,node0,node1,316,10140000,10440000.0,300000.0,,,,194999.65,0.75,1,0.0,214285.7142857143,0,29546.03787878788,5,5,5,1
msg_133,node1,node0,316,10440000,10440000.0,0.0,,,,0.0,214285.7142857143,1,194999.65,0.75,0,29546.03787878788,5,5,5,4
msg_134,node2,node0,316,10440000,10440001.0,1.0,,,,1.0,128571.0,1,199999.66666666666,0.7433628318584071,0,31343.858208955226,3,3,5,4
msg_135,node3,node0,316,10440000,10440001.0,1.0,,,,1.0,239999.2,1,199999.66666666666,0.7456140350877193,0,31111.68888888889,2,2,5,4
msg_136,node4,node0,316,10440000,10440001.0,1.0,,,,1.0,300000.0,1,199999.66666666666,0.7456140350877193,0,31111.68888888889,2,2,5,4
msg_137,node1,node0,316,10800000,10800000.0,0.0,,,,0.0,225000.0,1,199999.66666666666,0.75,0,30657.518248175184,4,4,5,4
msg_138,node2,node0,316,10800000,10800001.0,1.0,,,,1.0,128571.0,1,199999.66666666666,0.7435897435897436,0,30435.36231884058,3,3,5,4
msg_139,node3,node0,316,10800000,10800001.0,1.0,,,,1.0,239999.2,1,199999.66666666666,0.7457627118644068,0,30216.410071942446,2,2,5,4
msg_140,node4,node0,316,10800000,10800001.0,1.0,,,,1.0,300000.0,1,199999.66666666666,0.7457627118644068,0,30216.410071942446,2,2,5,4
msg_141,node1,node0,316,11160000,11160000.0,0.0,,,,0.0,225000.0,1,199999.66666666666,0.75,0,29787.822695035462,4,4,5,4
msg_142,node2,node0,316,11160000,11160001.0,1.0,,,,1.0,128571.0,1,199999.66666666666,0.743801652892562,0,29578.049295774646,3,3,5,4
msg_143,node3,node0,316,11160000,11160001.0,1.0,,,,1.0,239999.2,1,199999.66666666666,0.7459016393442623,0,29371.216783216783,2,2,5,4
msg_144,node4,node0,316,11160000,11160001.0,1.0,,,,1.0,300000.0,1,199999.66666666666,0.7479674796747967,0,29167.256944444445,1,1,5,4
msg_145,node1,node0,316,11520000,11520000.0,0.0,,,,0.0,225000.0,1,199999.66666666666,0.75,0,28966.110344827586,4,4,5,4
msg_146,node2,node0,316,11520000,11520001.0,1.0,,,,1.0,128571.0,1,199999.66666666666,0.75,0,28966.110344827586,4,4,5,4
msg_147,node3,node0,316,11520000,11520001.0,1.0,,,,1.0,239999.2,1,199999.66666666666,0.746031746031746,0,28572.020408163266,2,2,5,4
msg_148,node4,node0,316,11520000,11520001.0,1.0,,,,1.0,300000.0,1,199999.66666666666,0.7480314960629921,0,28378.972972972973,1,1,5,4
msg_149,node0,node1,316,11580000,11580000.0,0.0,,,,199999.66666666666,0.75,1,0.0,225000.0,0,28188.51677852349,1,1,5,1
msg_150,node0,node2,316,11580001,11580001.0,0.0,,,,190908.77272727274,0.75,2,1.0,128571.0,0,28000.593333333334,2,2,5,2
msg_151,node0,node3,316,11580001,11580002.0,1.0,,,,190908.77272727274,0.75,2,1.0,239999.2,0,28000.593333333334,2,2,5,2
msg_152,node1,node0,316,11880000,11880000.0,0.0,,,,0.0,200000.0,1,174999.75,0.75,0,27632.17105263158,4,4,5,4
msg_153,node2,node0,316,11880000,11880001.0,1.0,,,,1.0,112499.625,1,174999.75,0.75,0,27632.17105263158,4,4,5,4
msg_154,node3,node0,316,11880000,11880001.0,1.0,,,,1.0,199999.5,1,174999.75,0.7461538461538462,0,27273.31818181818,2,2,5,4
msg_155,node4,node0,316,11880000,11880001.0,1.0,,,,1.0,300000.0,1,174999.75,0.7480916030534351,0,27097.367741935483,1,1,5,4
msg_156,node0,node2,316,11940001,11940001.0,0.0,,,,174999.75,0.75,1,1.0,112499.625,0,26923.673076923078,1,1,5,1
msg_157,node1,node0,316,12240000,12240000.0,0.0,,,,0.0,200000.0,1,167999.76,0.75,0,26752.184713375795,4,4,5,4
msg_158,node2,node0,316,12240000,12240001.0,1.0,,,,1.0,99999.66666666667,1,167999.76,0.7443609022556391,0,26582.867088607596,3,3,5,4
msg_159,node3,node0,316,12240000,12240001.0,1.0,,,,1.0,199999.5,1,167999.76,0.7443609022556391,0,26582.867088607596,3,3,5,4
msg_160,node4,node0,316,12240000,12240001.0,1.0,,,,1.0,300000.0,1,167999.76,0.7481481481481481,0,26250.59375,1,1,5,4
msg_161,node1,node0,316,12600000,12600000.0,0.0,,,,0.0,200000.0,1,167999.76,0.75,0,26087.552795031057,4,4,5,4
msg_162,node2,node0,316,12600000,12600001.0,1.0,,,,1.0,99999.66666666667,1,167999.76,0.75,0,26087.552795031057,4,4,5,4
msg_163,node3,node0,316,12600000,12600001.0,1.0,,,,1.0,199999.5,1,167999.76,0.7463768115942029,0,25767.46625766871,2,2,5,4
msg_164,node4,node0,316,12600000,12600001.0,1.0,,,,1.0,300000.0,1,167999.76,0.7482014388489209,0,25610.353658536584,1,1,5,4
msg_165,node0,node2,316,12660001,12660001.0,0.0,,,,167999.76,0.75,1,1.0,99999.66666666667,0,25455.145454545454,1,1,5,1
msg_166,node1,node0,316,12960000,12960000.0,0.0,,,,0.0,200000.0,1,161538.23076923078,0.75,0,25301.801204819276,4,4,5,4
msg_167,node2,node0,316,12960000,12960001.0,1.0,,,,1.0,89999.7,1,161538.23076923078,0.7446808510638298,0,25150.29341317365,3,3,5,4
msg_168,node3,node0,316,12960000,12960001.0,1.0,,,,1.0,199999.5,1,161538.23076923078,0.7464788732394366,0,25000.595238095237,2,2,5,4
msg_169,node4,node0,316,12960000,12960001.0,1.0,,,,1.0,300000.0,1,161538.23076923078,0.7464788732394366,0,25000.595238095237,2,2,5,4
msg_170,node1,node0,316,13320000,13320000.0,0.0,,,,0.0,200000.0,1,161538.23076923078,0.75,0,24706.482352941177,4,4,5,4
msg_171,node2,node0,316,13320000,13320001.0,1.0,,,,1.0,89999.7,1,161538.23076923078,0.75,0,24706.482352941177,4,4,5,4
msg_172,node3,node0,316,13320000,13320001.0,1.0,,,,1.0,199999.5,1,161538.23076923078,0.7465753424657534,0,24419.20348837209,2,2,5,4
msg_173,node4,node0,316,13320000,13320001.0,1.0,,,,1.0,300000.0,1,161538.23076923078,0.7482993197278912,0,24278.057803468208,1,1,5,4
msg_174,node1,node0,316,13680000,13680000.0,0.0,,,,0.0,200000.0,1,161538.23076923078,0.75,0,24138.53448275862,4,4,5,4
msg_175,node2,node0,316,13680000,13680001.0,1.0,,,,1.0,89999.7,1,161538.23076923078,0.7449664429530202,0,24000.6,3,3,5,4
msg_176,node3,node0,316,13680000,13680001.0,1.0,,,,1.0,199999.5,1,161538.23076923078,0.7466666666666667,0,23864.238636363636,2,2,5,4
msg_177,node4,node0,316,13680000,13680001.0,1.0,,,,1.0,300000.0,1,161538.23076923078,0.7466666666666667,0,23864.238636363636,2,2,5,4
msg_178,node0,node3,316,13740001,14040000.0,299999.0,,,,161538.23076923078,0.75,2,1.0,199999.5,0,23596.112359550563,6,6,5,2
msg_179,node0,node4,316,13740001,14040001.0,300000.0,,,,166666.40740740742,0.75,2,1.0,300000.0,0,24590.765027322403,1,1,5,2
msg_180,node1,node0,316,14040000,14040000.0,0.0,,,,0.0,200000.0,1,161538.23076923078,0.75,0,23596.112359550563,6,6,5,4
msg_181,node2,node0,316,14040000,14040001.0,1.0,,,,1.0,89999.7,1,166666.40740740742,0.7450980392156863,0,25000.594444444443,4,4,5,4
msg_182,node3,node0,316,14040000,14040001.0,1.0,,,,1.0,214285.14285714287,1,166666.40740740742,0.7467532467532467,0,24862.475138121546,3,3,5,4
msg_183,node4,node0,316,14040000,14040001.0,1.0,,,,1.0,300000.0,1,166666.40740740742,0.7467532467532467,0,24862.475138121546,3,3,5,4
msg_184,node0,node3,316,14100001,14400000.0,299999.0,,,,171428.32142857142,0.7452229299363057,2,1.0,214285.14285714287,0,25946.54054054054,5,5,5,2
msg_185,node0,node4,316,14100001,14400001.0,300000.0,,,,175861.7931034483,0.7484276729559748,2,1.0,300000.0,0,27128.25,2,2,5,2
msg_186,node1,node0,316,14400000,14400000.0,0.0,,,,0.0,200000.0,1,171428.32142857142,0.75,0,26087.554347826088,6,6,5,4
msg_187,node2,node0,316,14400000,14400001.0,1.0,,,,1.0,89999.7,1,175861.7931034483,0.7452229299363057,0,27419.940860215054,4,4,5,4
msg_188,node3,node0,316,14400000,14400001.0,1.0,,,,1.0,224999.375,1,175861.7931034483,0.7452229299363057,0,27419.940860215054,4,4,5,4
msg_189,node4,node0,316,14400000,14400001.0,1.0,,,,1.0,300000.0,1,175861.7931034483,0.7484276729559748,0,27128.25,2,2,5,4
msg_190,node1,node0,316,14760000,14760000.0,0.0,,,,0.0,200000.0,1,179999.73333333334,0.75,0,28421.64210526316,4,4,5,4
msg_191,node2,node0,316,14760000,14760001.0,1.0,,,,1.0,89999.7,1,179999.73333333334,0.75,0,28421.64210526316,4,4,5,4
msg_192,node3,node0,316,14760000,14760001.0,1.0,,,,1.0,224999.375,1,179999.73333333334,0.7469135802469136,0,28125.588541666668,2,2,5,4
msg_193,node4,node0,316,14760000,14760001.0,1.0,,,,1.0,300000.0,1,179999.73333333334,0.7484662576687117,0,27979.865284974094,1,1,5,4
msg_194,node1,node0,316,15120000,15120000.0,0.0,,,,0.0,200000.0,1,179999.73333333334,0.75,0,27835.644329896906,4,4,5,4
msg_195,node2,node0,316,15120000,15120001.0,1.0,,,,1.0,89999.7,1,179999.73333333334,0.7454545454545455,0,27692.897435897437,3,3,5,4
msg_196,node3,node0,316,15120000,15120001.0,1.0,,,,1.0,224999.375,1,179999.73333333334,0.7469879518072289,0,27551.61224489796,2,2,5,4
msg_197,node4,node0,316,15120000,15120001.0,1.0,,,,1.0,300000.0,1,179999.73333333334,0.7469879518072289,0,27551.61224489796,2,2,5,4
msg_198,node0,node1,316,15180000,15480000.0,300000.0,,,,179999.73333333334,0.75,1,0.0,200000.0,0,27273.323232323233,5,5,5,1
msg_199,node1,node0,316,15480000,15480000.0,0.0,,,,0.0,200000.0,1,179999.73333333334,0.75,0,27273.323232323233,5,5,5,4
msg_200,node2,node0,316,15480000,15480001.0,1.0,,,,1.0,89999.7,1,183870.70967741936,0.7455621301775148,0,28500.59,3,3,5,4
msg_201,node3,node0,316,15480000,15480001.0,1.0,,,,1.0,224999.375,1,183870.70967741936,0.7470588235294118,0,28358.800995024874,2,2,5,4
msg_202,node4,node0,316,15480000,15480001.0,1.0,,,,1.0,300000.0,1,183870.70967741936,0.7485380116959064,0,28218.41584158416,1,1,5,4
msg_203,node0,node2,316,15540001,15840000.0,299999.0,,,,183870.70967741936,0.75,1,1.0,89999.7,0,28079.41379310345,5,5,5,1
msg_204,node1,node0,316,15840000,15840000.0,0.0,,,,0.0,210000.0,1,183870.70967741936,0.75,0,28079.41379310345,5,5,5,4
msg_205,node2,node0,316,15840000,15840001.0,1.0,,,,1.0,109090.54545454546,1,187499.71875,0.7456647398843931,0,29268.878048780487,3,3,5,4
msg_206,node3,node0,316,15840000,15840001.0,1.0,,,,1.0,224999.375,1,187499.71875,0.7471264367816092,0,29126.800970873788,2,2,5,4
msg_207,node4,node0,316,15840000,15840001.0,1.0,,,,1.0,300000.0,1,187499.71875,0.7485714285714286,0,28986.09661835749,1,1,5,4
msg_208,node0,node2,316,15900001,16200000.0,299999.0,,,,187499.71875,0.7457627118644068,1,1.0,109090.54545454546,0,28708.72248803828,4,4,5,1
msg_209,node1,node0,316,16200000,16200000.0,0.0,,,,0.0,210000.0,1,187499.71875,0.75,0,28846.74519230769,5,5,5,4
msg_210,node2,node0,316,16200000,16200001.0,1.0,,,,1.0,124999.58333333333,1,190908.78787878787,0.7457627118644068,0,30000.58095238095,3,3,5,4
msg_211,node3,node0,316,16200000,16200001.0,1.0,,,,1.0,224999.375,1,190908.78787878787,0.7457627118644068,0,30000.58095238095,3,3,5,4
msg_212,node4,node0,316,16200000,16200001.0,1.0,,,,1.0,300000.0,1,190908.78787878787,0.7486033519553073,0,29717.56603773585,1,1,5,4
msg_213,node0,node1,316,16260000,16560000.0,300000.0,,,,190908.78787878787,0.75,1,0.0,210000.0,0,29578.051643192488,5,5,5,1
msg_214,node1,node0,316,16560000,16560000.0,0.0,,,,0.0,210000.0,1,190908.78787878787,0.75,0,29578.051643192488,5,5,5,4
msg_215,node2,node0,316,16560000,16560001.0,1.0,,,,1.0,124999.58333333333,1,194117.35294117648,0.7458563535911602,0,30698.25581395349,3,3,5,4
msg_216,node3,node0,316,16560000,16560001.0,1.0,,,,1.0,224999.375,1,194117.35294117648,0.7472527472527473,0,30556.13888888889,2,2,5,4
msg_217,node4,node0,316,16560000,16560001.0,1.0,,,,1.0,300000.0,1,194117.35294117648,0.7486338797814208,0,30415.331797235023,1,1,5,4
msg_218,node0,node1,316,16620000,16920000.0,300000.0,,,,188571.14285714287,0.745945945945946,1,0.0,218181.81818181818,0,30000.581818181818,4,4,5,1
msg_219,node0,node3,316,16620001,16620001.0,0.0,,,,194117.35294117648,0.75,1,1.0,224999.375,0,30275.816513761467,2,2,5,1
msg_220,node1,node0,316,16920000,16920000.0,0.0,,,,0.0,218181.81818181818,1,188571.14285714287,0.75,0,30137.570776255707,5,5,5,4
msg_221,node2,node0,316,16920000,16920001.0,1.0,,,,1.0,124999.58333333333,1,188571.14285714287,0.745945945945946,0,30000.581818181818,4,4,5,4
msg_222,node3,node0,316,16920000,16920001.0,1.0,,,,1.0,199999.44444444444,1,191666.38888888888,0.7473118279569892,0,31081.662162162163,2,2,5,4
msg_223,node4,node0,316,16920000,16920001.0,1.0,,,,1.0,300000.0,1,191666.38888888888,0.7486631016042781,0,30942.286995515697,1,1,5,4
msg_224,node1,node0,316,17280000,17280000.0,0.0,,,,0.0,225000.0,1,191666.38888888888,0.75,0,30804.15625,4,4,5,4
msg_225,node2,node0,316,17280000,17280001.0,1.0,,,,1.0,124999.58333333333,1,191666.38888888888,0.75,0,30804.15625,4,4,5,4
msg_226,node3,node0,316,17280000,17280001.0,1.0,,,,1.0,199999.44444444444,1,191666.38888888888,0.7473684210526316,0,30531.557522123894,2,2,5,4
msg_227,node4,node0,316,17280000,17280001.0,1.0,,,,1.0,300000.0,1,191666.38888888888,0.7486910994764397,0,30397.06167400881,1,1,5,4
msg_228,node0,node3,316,17340001,17340001.0,0.0,,,,191666.38888888888,0.75,1,1.0,199999.44444444444,0,30263.745614035088,1,1,5,1
msg_229,node1,node0,316,17640000,17640000.0,0.0,,,,0.0,225000.0,1,186486.2162162162,0.75,0,30131.589519650654,4,4,5,4
msg_230,node2,node0,316,17640000,17640001.0,1.0,,,,1.0,124999.58333333333,1,186486.2162162162,0.7461139896373057,0,30000.58260869565,3,3,5,4
msg_231,node3,node0,316,17640000,17640001.0,1.0,,,,1.0,179999.5,1,186486.2162162162,0.7461139896373057,0,30000.58260869565,3,3,5,4
msg_232,node4,node0,316,17640000,17640001.0,1.0,,,,1.0,300000.0,1,186486.2162162162,0.7487179487179487,0,29741.96551724138,1,1,5,4
msg_233,node0,node1,316,17700000,18000000.0,300000.0,,,,186486.2162162162,0.7461928934010152,1,0.0,225000.0,0,29487.764957264957,4,4,5,1
msg_234,node1,node0,316,18000000,18000000.0,0.0,,,,0.0,225000.0,1,186486.2162162162,0.75,0,29614.321888412018,5,5,5,4
msg_235,node2,node0,316,18000000,18000001.0,1.0,,,,1.0,124999.58333333333,1,186486.2162162162,0.7461928934010152,0,29487.764957264957,4,4,5,4
msg_236,node3,node0,316,18000000,18000001.0,1.0,,,,1.0,179999.5,1,189473.42105263157,0.7474747474747475,0,30509.0593220339,2,2,5,4
msg_237,node4,node0,316,18000000,18000001.0,1.0,,,,1.0,300000.0,1,189473.42105263157,0.7487437185929648,0,30380.333333333332,1,1,5,4
msg_238,node0,node3,316,18060001,18060001.0,0.0,,,,189473.42105263157,0.75,1,1.0,179999.5,0,30252.689075630253,1,1,5,1
msg_239,node1,node0,316,18360000,18360000.0,0.0,,,,0.0,230769.23076923078,1,184615.12820512822,0.75,0,30126.10878661088,4,4,5,4
msg_240,node2,node0,316,18360000,18360001.0,1.0,,,,1.0,124999.58333333333,1,184615.12820512822,0.75,0,30126.10878661088,4,4,5,4
msg_241,node3,node0,316,18360000,18360001.0,1.0,,,,1.0,163635.9090909091,1,184615.12820512822,0.7475247524752475,0,29876.103734439836,2,2,5,4
msg_242,node4,node0,316,18360000,18360001.0,1.0,,,,1.0,300000.0,1,184615.12820512822,0.7487684729064039,0,29752.652892561982,1,1,5,4
msg_243,node1,node0,316,18720000,18720000.0,0.0,,,,0.0,230769.23076923078,1,184615.12820512822,0.75,0,29630.218106995886,4,4,5,4
msg_244,node2,node0,316,18720000,18720001.0,1.0,,,,1.0,124999.58333333333,1,184615.12820512822,0.75,0,29630.218106995886,4,4,5,4
msg_245,node3,node0,316,18720000,18720001.0,1.0,,,,1.0,163635.9090909091,1,184615.12820512822,0.7475728155339806,0,29388.342857142856,2,2,5,4
msg_246,node4,node0,316,18720000,18720001.0,1.0,,,,1.0,300000.0,1,184615.12820512822,0.748792270531401,0,29268.88211382114,1,1,5,4
msg_247,node0,node3,316,18780001,18780001.0,0.0,,,,184615.12820512822,0.75,2,1.0,163635.9090909091,0,29150.388663967613,2,2,5,2
msg_248,node0,node4,316,18780001,18780002.0,1.0,,,,184615.12820512822,0.75,2,1.0,300000.0,0,29150.388663967613,2,2,5,2
msg_249,node1,node0,316,19080000,19080000.0,0.0,,,,0.0,230769.23076923078,1,175609.53658536586,0.75,0,28916.253012048193,4,4,5,4
msg_250,node2,node0,316,19080000,19080001.0,1.0,,,,1.0,124999.58333333333,1,175609.53658536586,0.75,0,28916.253012048193,4,4,5,4
msg_251,node3,node0,316,19080000,19080001.0,1.0,,,,1.0,149999.58333333334,1,175609.53658536586,0.7476190476190476,0,28685.84860557769,2,2,5,4
msg_252,node4,node0,316,19080000,19080001.0,1.0,,,,1.0,225000.25,1,175609.53658536586,0.7488151658767772,0,28572.01984126984,1,1,5,4
msg_253,node0,node3,316,19140001,19140001.0,0.0,,,,175609.53658536586,0.75,1,1.0,149999.58333333334,0,28459.090909090908,1,1,5,1
msg_254,node1,node0,316,19440000,19440000.0,0.0,,,,0.0,230769.23076923078,1,171428.35714285713,0.75,0,28347.047244094487,4,4,5,4
msg_255,node2,node0,316,19440000,19440001.0,1.0,,,,1.0,124999.58333333333,1,171428.35714285713,0.7464788732394366,0,28235.882352941175,3,3,5,4
msg_256,node3,node0,316,19440000,19440001.0,1.0,,,,1.0,138461.15384615384,1,171428.35714285713,0.7464788732394366,0,28235.882352941175,3,3,5,4
msg_257,node4,node0,316,19440000,19440001.0,1.0,,,,1.0,225000.25,1,171428.35714285713,0.7488372093023256,0,28016.155642023346,1,1,5,4
msg_258,node0,node3,316,19500001,19800000.0,299999.0,,,,171428.35714285713,0.7465437788018433,1,1.0,138461.15384615384,0,27799.818532818532,4,4,5,1
msg_259,node1,node0,316,19800000,19800000.0,0.0,,,,0.0,230769.23076923078,1,171428.35714285713,0.75,0,27907.56976744186,5,5,5,4
msg_260,node2,node0,316,19800000,19800001.0,1.0,,,,1.0,124999.58333333333,1,174418.37209302327,0.7465437788018433,0,28846.73846153846,3,3,5,4
msg_261,node3,node0,316,19800000,19800001.0,1.0,,,,1.0,149999.57142857142,1,174418.37209302327,0.7465437788018433,0,28846.73846153846,3,3,5,4
msg_262,node4,node0,316,19800000,19800001.0,1.0,,,,1.0,225000.25,1,174418.37209302327,0.7488584474885844,0,28626.541984732823,1,1,5,4
msg_263,node1,node0,316,20160000,20160000.0,0.0,,,,0.0,230769.23076923078,1,174418.37209302327,0.75,0,28517.69961977186,4,4,5,4
msg_264,node2,node0,316,20160000,20160001.0,1.0,,,,1.0,124999.58333333333,1,174418.37209302327,0.746606334841629,0,28409.678030303032,3,3,5,4
msg_265,node3,node0,316,20160000,20160001.0,1.0,,,,1.0,149999.57142857142,1,174418.37209302327,0.7477477477477478,0,28302.47547169811,2,2,5,4
msg_266,node4,node0,316,20160000,20160001.0,1.0,,,,1.0,225000.25,1,174418.37209302327,0.7477477477477478,0,28302.47547169811,2,2,5,4
msg_267,node0,node1,316,20220000,20520000.0,300000.0,,,,170454.3409090909,0.75,1,0.0,230769.23076923078,0,27985.667910447763,5,5,5,1
msg_268,node0,node4,316,20220001,20220002.0,1.0,,,,174418.37209302327,0.75,1,1.0,225000.25,0,28090.479400749064,2,2,5,1
msg_269,node1,node0,316,20520000,20520000.0,0.0,,,,0.0,230769.23076923078,1,170454.3409090909,0.75,0,27985.667910447763,5,5,5,4
msg_270,node2,node0,316,20520000,20520001.0,1.0,,,,1.0,124999.58333333333,1,173333.13333333333,0.7466666666666667,0,28889.477777777778,3,3,5,4
msg_271,node3,node0,316,20520000,20520001.0,1.0,,,,1.0,149999.57142857142,1,173333.13333333333,0.7477876106194691,0,28782.878228782287,2,2,5,4
msg_272,node4,node0,316,20520000,20520001.0,1.0,,,,1.0,180000.4,1,173333.13333333333,0.7477876106194691,0,28782.878228782287,2,2,5,4
msg_273,node0,node3,316,20580001,20880000.0,299999.0,,,,173333.13333333333,0.7467248908296943,1,1.0,149999.57142857142,0,28467.744525547445,4,4,5,1
msg_274,node1,node0,316,20880000,20880000.0,0.0,,,,0.0,235714.2857142857,1,173333.13333333333,0.75,0,28572.021978021978,5,5,5,4
msg_275,node2,node0,316,20880000,20880001.0,1.0,,,,1.0,124999.58333333333,1,176086.73913043478,0.7467248908296943,0,29455.13090909091,3,3,5,4
msg_276,node3,node0,316,20880000,20880001.0,1.0,,,,1.0,159999.53333333333,1,176086.73913043478,0.7467248908296943,0,29455.13090909091,3,3,5,4
msg_277,node4,node0,316,20880000,20880001.0,1.0,,,,1.0,180000.4,1,176086.73913043478,0.7489177489177489,0,29242.46570397112,1,1,5,4
msg_278,node0,node2,316,20940001,21240000.0,299999.0,,,,176086.73913043478,0.7467811158798283,2,1.0,124999.58333333333,0,29032.845878136202,5,5,5,2
msg_279,node0,node4,316,20940001,21240001.0,300000.0,,,,178723.17021276595,0.75,2,1.0,180000.4,0,29682.565371024735,1,1,5,2
msg_280,node1,node0,316,21240000,21240000.0,0.0,,,,0.0,235714.2857142857,1,176086.73913043478,0.75,0,29137.280575539568,6,6,5,4
msg_281,node2,node0,316,21240000,21240001.0,1.0,,,,1.0,138461.07692307694,1,178723.17021276595,0.7467811158798283,0,30000.582142857143,4,4,5,4
msg_282,node3,node0,316,21240000,21240001.0,1.0,,,,1.0,159999.53333333333,1,178723.17021276595,0.7467811158798283,0,30000.582142857143,4,4,5,4
msg_283,node4,node0,316,21240000,21240001.0,1.0,,,,1.0,180000.4,1,178723.17021276595,0.7489361702127659,0,29787.81914893617,2,2,5,4
msg_284,node1,node0,316,21600000,21600000.0,0.0,,,,0.0,235714.2857142857,1,181249.77083333334,0.75,0,30634.38732394366,4,4,5,4
msg_285,node2,node0,316,21600000,21600001.0,1.0,,,,1.0,138461.07692307694,1,181249.77083333334,0.7468354430379747,0,30526.898245614037,3,3,5,4
msg_286,node3,node0,316,21600000,21600001.0,1.0,,,,1.0,159999.53333333333,1,181249.77083333334,0.7468354430379747,0,30526.898245614037,3,3,5,4
msg_287,node4,node0,316,21600000,21600001.0,1.0,,,,1.0,200000.33333333334,1,181249.77083333334,0.7489539748953975,0,30314.174216027874,1,1,5,4
msg_288,node0,node1,316,21660000,21660000.0,0.0,,,,181249.77083333334,0.75,1,0.0,235714.2857142857,0,30208.92013888889,1,1,5,1
msg_289,node1,node0,316,21960000,21960000.0,0.0,,,,0.0,220000.0,1,177550.79591836734,0.75,0,30104.39100346021,4,4,5,4
msg_290,node2,node0,316,21960000,21960001.0,1.0,,,,1.0,138461.07692307694,1,177550.79591836734,0.7468879668049793,0,30000.58275862069,3,3,5,4
msg_291,node3,node0,316,21960000,21960001.0,1.0,,,,1.0,159999.53333333333,1,177550.79591836734,0.7479338842975206,0,29897.491408934708,2,2,5,4
msg_292,node4,node0,316,21960000,21960001.0,1.0,,,,1.0,200000.33333333334,1,177550.79591836734,0.7479338842975206,0,29897.491408934708,2,2,5,4
msg_293,node0,node1,316,22020000,22320000.0,300000.0,,,,177550.79591836734,0.746938775510204,1,0.0,220000.0,0,29592.42176870748,4,4,5,1
msg_294,node1,node0,316,22320000,22320000.0,0.0,,,,0.0,220000.0,1,177550.79591836734,0.75,0,29693.419795221842,5,5,5,4
msg_295,node2,node0,316,22320000,22320001.0,1.0,,,,1.0,138461.07692307694,1,179999.78,0.746938775510204,0,30509.057627118644,3,3,5,4
msg_296,node3,node0,316,22320000,22320001.0,1.0,,,,1.0,159999.53333333333,1,179999.78,0.746938775510204,0,30509.057627118644,3,3,5,4
msg_297,node4,node0,316,22320000,22320001.0,1.0,,,,1.0,200000.33333333334,1,179999.78,0.7489878542510121,0,30303.616161616163,1,1,5,4
msg_298,node0,node1,316,22380000,22680000.0,300000.0,,,,179999.78,0.75,1,0.0,225000.0,0,30201.92953020134,5,5,5,1
msg_299,node1,node0,316,22680000,22680000.0,0.0,,,,0.0,225000.0,1,179999.78,0.75,0,30201.92953020134,5,5,5,4
msg_300,node2,node0,316,22680000,22680001.0,1.0,,,,1.0,138461.07692307694,1,182352.72549019608,0.7469879518072289,0,31000.583333333332,3,3,5,4
msg_301,node3,node0,316,22680000,22680001.0,1.0,,,,1.0,159999.53333333333,1,182352.72549019608,0.748,0,30897.59468438538,2,2,5,4
msg_302,node4,node0,316,22680000,22680001.0,1.0,,,,1.0,200000.33333333334,1,182352.72549019608,0.748,0,30897.59468438538,2,2,5,4
msg_303,node0,node4,316,22740001,23040001.0,300000.0,,,,182352.72549019608,0.7490196078431373,1,1.0,200000.33333333334,0,30392.745098039217,2,2,5,1
msg_304,node1,node0,316,23040000,23040000.0,0.0,,,,0.0,229411.76470588235,1,182352.72549019608,0.75,0,30693.65676567657,5,5,5,4
msg_305,node2,node0,316,23040000,23040001.0,1.0,,,,1.0,138461.07692307694,1,182352.72549019608,0.7470355731225297,0,30592.690789473683,4,4,5,4
msg_306,node3,node0,316,23040000,23040001.0,1.0,,,,1.0,159999.53333333333,1,182352.72549019608,0.7470355731225297,0,30592.690789473683,4,4,5,4
msg_307,node4,node0,316,23040000,23040001.0,1.0,,,,1.0,214286.0,1,184615.17307692306,0.7490196078431373,0,31270.944625407166,1,1,5,4
msg_308,node0,node1,316,23100000,23100000.0,0.0,,,,184615.17307692306,0.75,1,0.0,229411.76470588235,0,31169.41883116883,1,1,5,1
msg_309,node1,node0,316,23400000,23400000.0,0.0,,,,0.0,216666.66666666666,1,181131.8679245283,0.75,0,31068.546925566345,4,4,5,4
msg_310,node2,node0,316,23400000,23400001.0,1.0,,,,1.0,138461.07692307694,1,181131.8679245283,0.75,0,31068.546925566345,4,4,5,4
msg_311,node3,node0,316,23400000,23400001.0,1.0,,,,1.0,159999.53333333333,1,181131.8679245283,0.748062015503876,0,30868.752411575562,2,2,5,4
msg_312,node4,node0,316,23400000,23400001.0,1.0,,,,1.0,214286.0,1,181131.8679245283,0.749034749034749,0,30769.81730769231,1,1,5,4
msg_313,node0,node1,316,23460000,23760000.0,300000.0,,,,181131.8679245283,0.75,1,0.0,216666.66666666666,0,30671.514376996805,5,5,5,1
msg_314,node1,node0,316,23760000,23760000.0,0.0,,,,0.0,216666.66666666666,1,181131.8679245283,0.75,0,30671.514376996805,5,5,5,4
msg_315,node2,node0,316,23760000,23760001.0,1.0,,,,1.0,138461.07692307694,1,183333.12962962964,0.7471264367816092,0,31429.155555555557,3,3,5,4
msg_316,node3,node0,316,23760000,23760001.0,1.0,,,,1.0,159999.53333333333,1,183333.12962962964,0.7480916030534351,0,31329.699367088608,2,2,5,4
msg_317,node4,node0,316,23760000,23760001.0,1.0,,,,1.0,214286.0,1,183333.12962962964,0.7480916030534351,0,31329.699367088608,2,2,5,4
msg_318,node0,node1,316,23820000,24120000.0,300000.0,,,,179999.8,0.75,1,0.0,221052.63157894736,0,31035.068965517243,5,5,5,1
msg_319,node0,node3,316,23820001,23820001.0,0.0,,,,183333.12962962964,0.75,1,1.0,159999.53333333333,0,31132.66352201258,2,2,5,1
msg_320,node1,node0,316,24120000,24120000.0,0.0,,,,0.0,221052.63157894736,1,179999.8,0.75,0,31035.068965517243,5,5,5,4
msg_321,node2,node0,316,24120000,24120001.0,1.0,,,,1.0,138461.07692307694,1,182142.6607142857,0.7471698113207547,0,31776.28348909657,3,3,5,4
msg_322,node3,node0,316,24120000,24120001.0,1.0,,,,1.0,149999.5625,1,182142.6607142857,0.7481203007518797,0,31677.60248447205,2,2,5,4
msg_323,node4,node0,316,24120000,24120001.0,1.0,,,,1.0,214286.0,1,182142.6607142857,0.7481203007518797,0,31677.60248447205,2,2,5,4
msg_324,node1,node0,316,24480000,24480000.0,0.0,,,,0.0,225000.0,1,182142.6607142857,0.75,0,31482.067901234568,4,4,5,4
msg_325,node2,node0,316,24480000,24480001.0,1.0,,,,1.0,138461.07692307694,1,182142.6607142857,0.7472118959107806,0,31385.2,3,3,5,4
msg_326,node3,node0,316,24480000,24480001.0,1.0,,,,1.0,149999.5625,1,182142.6607142857,0.7472118959107806,0,31385.2,3,3,5,4
msg_327,node4,node0,316,24480000,24480001.0,1.0,,,,1.0,214286.0,1,182142.6607142857,0.7490774907749077,0,31193.24770642202,1,1,5,4
msg_328,node0,node1,316,24540000,24540000.0,0.0,,,,182142.6607142857,0.75,1,0.0,225000.0,0,31098.149390243903,1,1,5,1
msg_329,node0,node3,316,24540001,24540001.0,0.0,,,,178947.1754385965,0.75,1,1.0,149999.5625,0,31003.62613981763,1,1,5,1
msg_330,node1,node0,316,24840000,24840000.0,0.0,,,,0.0,214285.7142857143,1,175861.87931034484,0.75,0,30909.67575757576,4,4,5,4
msg_331,node2,node0,316,24840000,24840001.0,1.0,,,,1.0,138461.07692307694,1,175861.87931034484,0.75,0,30909.67575757576,4,4,5,4
msg_332,node3,node0,316,24840000,24840001.0,1.0,,,,1.0,141176.0588235294,1,175861.87931034484,0.7481751824817519,0,30723.475903614457,2,2,5,4
msg_333,node4,node0,316,24840000,24840001.0,1.0,,,,1.0,214286.0,1,175861.87931034484,0.7490909090909091,0,30631.216216216217,1,1,5,4
msg_334,node0,node2,316,24900001,24900001.0,0.0,,,,175861.87931034484,0.75,2,1.0,138461.07692307694,0,30539.508982035928,2,2,5,2
msg_335,node0,node3,316,24900001,24900002.0,1.0,,,,175861.87931034484,0.75,2,1.0,141176.0588235294,0,30539.508982035928,2,2,5,2
msg_336,node1,node0,316,25200000,25200000.0,0.0,,,,0.0,214285.7142857143,1,169999.83333333334,0.75,0,30357.729166666668,4,4,5,4
msg_337,node2,node0,316,25200000,25200001.0,1.0,,,,1.0,128571.0,1,169999.83333333334,0.75,0,30357.729166666668,4,4,5,4
msg_338,node3,node0,316,25200000,25200001.0,1.0,,,,1.0,133333.0,1,169999.83333333334,0.7482014388489209,0,30178.100591715975,2,2,5,4
msg_339,node4,node0,316,25200000,25200001.0,1.0,,,,1.0,214286.0,1,169999.83333333334,0.7491039426523297,0,30089.082595870208,1,1,5,4
msg_340,node1,node0,316,25560000,25560000.0,0.0,,,,0.0,214285.7142857143,1,169999.83333333334,0.75,0,30000.58823529412,4,4,5,4
msg_341,node2,node0,316,25560000,25560001.0,1.0,,,,1.0,128571.0,1,169999.83333333334,0.7473309608540926,0,29912.609970674486,3,3,5,4
msg_342,node3,node0,316,25560000,25560001.0,1.0,,,,1.0,133333.0,1,169999.83333333334,0.74822695035461,0,29825.14912280702,2,2,5,4
msg_343,node4,node0,316,25560000,25560001.0,1.0,,,,1.0,214286.0,1,169999.83333333334,0.74822695035461,0,29825.14912280702,2,2,5,4
msg_344,node1,node0,316,25920000,25920000.0,0.0,,,,0.0,214285.7142857143,1,169999.83333333334,0.75,0,29651.752906976744,4,4,5,4
msg_345,node2,node0,316,25920000,25920001.0,1.0,,,,1.0,128571.0,1,169999.83333333334,0.7473684210526316,0,29565.80579710145,3,3,5,4
msg_346,node3,node0,316,25920000,25920001.0,1.0,,,,1.0,133333.0,1,169999.83333333334,0.7482517482517482,0,29480.35838150289,2,2,5,4
msg_347,node4,node0,316,25920000,25920001.0,1.0,,,,1.0,214286.0,1,169999.83333333334,0.7491289198606271,0,29395.403458213255,1,1,5,4
msg_348,node0,node4,316,25980001,26280001.0,300000.0,,,,169999.83333333334,0.7491408934707904,1,1.0,214286.0,0,29060.421652421654,2,2,5,1
msg_349,node1,node0,316,26280000,26280000.0,0.0,,,,0.0,214285.7142857143,1,169999.83333333334,0.75,0,29310.936781609194,5,5,5,4
msg_350,node2,node0,316,26280000,26280001.0,1.0,,,,1.0,128571.0,1,169999.83333333334,0.75,0,29310.936781609194,5,5,5,4
msg_351,node3,node0,316,26280000,26280001.0,1.0,,,,1.0,133333.0,1,169999.83333333334,0.7482758620689656,0,29143.448571428573,3,3,5,4
msg_352,node4,node0,316,26280000,26280001.0,1.0,,,,1.0,214286.0,1,169999.83333333334,0.7491408934707904,0,29060.421652421654,2,2,5,4
msg_353,node0,node4,316,26340001,26640001.0,300000.0,,,,172130.9836065574,0.7482993197278912,1,1.0,225000.25,0,29578.056338028167,3,3,5,1
msg_354,node1,node0,316,26640000,26640000.0,0.0,,,,0.0,214285.7142857143,1,172130.9836065574,0.75,0,29745.634560906514,5,5,5,4
msg_355,node2,node0,316,26640000,26640001.0,1.0,,,,1.0,128571.0,1,172130.9836065574,0.7474402730375427,0,29661.60734463277,4,4,5,4
msg_356,node3,node0,316,26640000,26640001.0,1.0,,,,1.0,133333.0,1,172130.9836065574,0.7482993197278912,0,29578.056338028167,3,3,5,4
msg_357,node4,node0,316,26640000,26640001.0,1.0,,,,1.0,233333.55555555556,1,174193.38709677418,0.7491525423728813,0,30252.6918767507,1,1,5,4
msg_358,node0,node2,316,26700001,26700001.0,0.0,,,,174193.38709677418,0.75,1,1.0,128571.0,0,30168.18994413408,1,1,5,1
msg_359,node1,node0,316,27000000,27000000.0,0.0,,,,0.0,214285.7142857143,1,171428.4126984127,0.75,0,30084.15598885794,4,4,5,4
msg_360,node2,node0,316,27000000,27000001.0,1.0,,,,1.0,119999.6,1,171428.4126984127,0.7474747474747475,0,30000.588888888888,3,3,5,4
msg_361,node3,node0,316,27000000,27000001.0,1.0,,,,1.0,133333.0,1,171428.4126984127,0.7474747474747475,0,30000.588888888888,3,3,5,4
msg_362,node4,node0,316,27000000,27000001.0,1.0,,,,1.0,233333.55555555556,1,171428.4126984127,0.7491638795986622,0,29834.8453038674,1,1,5,4
msg_363,node0,node2,316,27060001,27360000.0,299999.0,,,,171428.4126984127,0.75,2,1.0,119999.6,0,29752.658402203855,6,6,5,2
msg_364,node0,node3,316,27060001,27360001.0,300000.0,,,,173437.328125,0.7483443708609272,2,1.0,133333.0,0,30328.456284153006,3,3,5,2
msg_365,node1,node0,316,27360000,27360000.0,0.0,,,,0.0,214285.7142857143,1,171428.4126984127,0.75,0,29752.658402203855,6,6,5,4
msg_366,node2,node0,316,27360000,27360001.0,1.0,,,,1.0,131249.5625,1,173437.328125,0.7475083056478405,0,30411.54520547945,4,4,5,4
msg_367,node3,node0,316,27360000,27360001.0,1.0,,,,1.0,133333.0,1,173437.328125,0.7483443708609272,0,30328.456284153006,3,3,5,4
msg_368,node4,node0,316,27360000,27360001.0,1.0,,,,1.0,233333.55555555556,1,175384.44615384616,0.7491749174917491,0,30978.847826086956,1,1,5,4
msg_369,node0,node1,316,27420000,27420000.0,0.0,,,,175384.44615384616,0.75,1,0.0,214285.7142857143,0,30894.89701897019,1,1,5,1
msg_370,node1,node0,316,27720000,27720000.0,0.0,,,,0.0,204545.45454545456,1,172727.10606060605,0.75,0,30811.3972972973,4,4,5,4
msg_371,node2,node0,316,27720000,27720001.0,1.0,,,,1.0,131249.5625,1,172727.10606060605,0.7475409836065574,0,30728.34770889488,3,3,5,4
msg_372,node3,node0,316,27720000,27720001.0,1.0,,,,1.0,142104.94736842104,1,172727.10606060605,0.7483660130718954,0,30645.747311827956,2,2,5,4
msg_373,node4,node0,316,27720000,27720001.0,1.0,,,,1.0,233333.55555555556,1,172727.10606060605,0.7483660130718954,0,30645.747311827956,2,2,5,4
msg_374,node1,node0,316,28080000,28080000.0,0.0,,,,0.0,204545.45454545456,1,172727.10606060605,0.75,0,30481.87165775401,4,4,5,4
msg_375,node2,node0,316,28080000,28080001.0,1.0,,,,1.0,131249.5625,1,172727.10606060605,0.75,0,30481.87165775401,4,4,5,4
msg_376,node3,node0,316,28080000,28080001.0,1.0,,,,1.0,142104.94736842104,1,172727.10606060605,0.7483870967741936,0,30319.73670212766,2,2,5,4
msg_377,node4,node0,316,28080000,28080001.0,1.0,,,,1.0,233333.55555555556,1,172727.10606060605,0.7491961414790996,0,30239.315649867374,1,1,5,4
msg_378,node1,node0,316,28440000,28440000.0,0.0,,,,0.0,204545.45454545456,1,172727.10606060605,0.75,0,30159.320105820105,4,4,5,4
msg_379,node2,node0,316,28440000,28440001.0,1.0,,,,1.0,131249.5625,1,172727.10606060605,0.7476038338658147,0,30079.74406332454,3,3,5,4
msg_380,node3,node0,316,28440000,28440001.0,1.0,,,,1.0,142104.94736842104,1,172727.10606060605,0.7476038338658147,0,30079.74406332454,3,3,5,4
msg_381,node4,node0,316,28440000,28440001.0,1.0,,,,1.0,233333.55555555556,1,172727.10606060605,0.7492063492063492,0,29921.850393700788,1,1,5,4
msg_382,node0,node1,316,28500000,28500000.0,0.0,,,,172727.10606060605,0.75,1,0.0,204545.45454545456,0,29843.523560209425,1,1,5,1
msg_383,node0,node4,316,28500001,28500002.0,1.0,,,,170149.08955223882,0.75,1,1.0,233333.55555555556,0,29765.603133159268,1,1,5,1
msg_384,node1,node0,316,28800000,28800000.0,0.0,,,,0.0,195652.1739130435,1,167646.91176470587,0.75,0,29688.091145833332,4,4,5,4
msg_385,node2,node0,316,28800000,28800001.0,1.0,,,,1.0,131249.5625,1,167646.91176470587,0.75,0,29688.091145833332,4,4,5,4
msg_386,node3,node0,316,28800000,28800001.0,1.0,,,,1.0,142104.94736842104,1,167646.91176470587,0.7484276729559748,0,29534.269430051812,2,2,5,4
msg_387,node4,node0,316,28800000,28800001.0,1.0,,,,1.0,210000.3,1,167646.91176470587,0.7492163009404389,0,29457.956072351422,1,1,5,4
msg_388,node0,node2,316,28860001,28860001.0,0.0,,,,167646.91176470587,0.75,2,1.0,131249.5625,0,29382.036082474227,2,2,5,2
msg_389,node0,node3,316,28860001,28860002.0,1.0,,,,167646.91176470587,0.75,2,1.0,142104.94736842104,0,29382.036082474227,2,2,5,2
msg_390,node1,node0,316,29160000,29160000.0,0.0,,,,0.0,195652.1739130435,1,162857.01428571428,0.75,0,29231.361538461537,4,4,5,4
msg_391,node2,node0,316,29160000,29160001.0,1.0,,,,1.0,123529.0,1,162857.01428571428,0.75,0,29231.361538461537,4,4,5,4
msg_392,node3,node0,316,29160000,29160001.0,1.0,,,,1.0,134999.75,1,162857.01428571428,0.7484472049689441,0,29082.224489795917,2,2,5,4
msg_393,node4,node0,316,29160000,29160001.0,1.0,,,,1.0,210000.3,1,162857.01428571428,0.7492260061919505,0,29008.226463104325,1,1,5,4
msg_394,node0,node4,316,29220001,29520001.0,300000.0,,,,162857.01428571428,0.7492354740061162,1,1.0,210000.3,0,28715.959697732997,2,2,5,1
msg_395,node1,node0,316,29520000,29520000.0,0.0,,,,0.0,195652.1739130435,1,162857.01428571428,0.75,0,28934.604060913705,5,5,5,4
msg_396,node2,node0,316,29520000,29520001.0,1.0,,,,1.0,123529.0,1,162857.01428571428,0.7476923076923077,0,28861.351898734178,4,4,5,4
msg_397,node3,node0,316,29520000,29520001.0,1.0,,,,1.0,134999.75,1,162857.01428571428,0.7476923076923077,0,28861.351898734178,4,4,5,4
msg_398,node4,node0,316,29520000,29520001.0,1.0,,,,1.0,218182.0909090909,1,164788.60563380283,0.7492354740061162,0,29397.577889447235,1,1,5,4
msg_399,node0,node1,316,29580000,29880000.0,300000.0,,,,162499.88888888888,0.75,1,0.0,195652.1739130435,0,29250.595,5,5,5,1
msg_400,node0,node4,316,29580001,29580002.0,1.0,,,,164788.60563380283,0.75,1,1.0,218182.0909090909,0,29323.9022556391,2,2,5,1
msg_401,node1,node0,316,29880000,29880000.0,0.0,,,,0.0,195652.1739130435,1,162499.88888888888,0.75,0,29250.595,5,5,5,4
msg_402,node2,node0,316,29880000,29880001.0,1.0,,,,1.0,123529.0,1,164383.45205479453,0.7477203647416414,0,29851.33830845771,3,3,5,4
msg_403,node3,node0,316,29880000,29880001.0,1.0,,,,1.0,134999.75,1,164383.45205479453,0.7484848484848485,0,29777.26799007444,2,2,5,4
msg_404,node4,node0,316,29880000,29880001.0,1.0,,,,1.0,200000.33333333334,1,164383.45205479453,0.7484848484848485,0,29777.26799007444,2,2,5,4
msg_405,node1,node0,316,30240000,30240000.0,0.0,,,,0.0,200000.0,1,164383.45205479453,0.75,0,29630.224691358024,4,4,5,4
msg_406,node2,node0,316,30240000,30240001.0,1.0,,,,1.0,123529.0,1,164383.45205479453,0.75,0,29630.224691358024,4,4,5,4
msg_407,node3,node0,316,30240000,30240001.0,1.0,,,,1.0,134999.75,1,164383.45205479453,0.7485029940119761,0,29484.624078624078,2,2,5,4
msg_408,node4,node0,316,30240000,30240001.0,1.0,,,,1.0,200000.33333333334,1,164383.45205479453,0.7492537313432835,0,29412.360294117647,1,1,5,4
msg_409,node1,node0,316,30600000,30600000.0,0.0,,,,0.0,200000.0,1,164383.45205479453,0.75,0,29340.449877750612,4,4,5,4
msg_410,node2,node0,316,30600000,30600001.0,1.0,,,,1.0,123529.0,1,164383.45205479453,0.7477744807121661,0,29268.88780487805,3,3,5,4
msg_411,node3,node0,316,30600000,30600001.0,1.0,,,,1.0,134999.75,1,164383.45205479453,0.7485207100591716,0,29197.676399026765,2,2,5,4
msg_412,node4,node0,316,30600000,30600001.0,1.0,,,,1.0,200000.33333333334,1,164383.45205479453,0.7485207100591716,0,29197.676399026765,2,2,5,4
msg_413,node0,node1,316,30660000,30960000.0,300000.0,,,,162162.05405405405,0.75,1,0.0,200000.0,0,28986.1038647343,5,5,5,1
msg_414,node0,node3,316,30660001,30660001.0,0.0,,,,164383.45205479453,0.75,1,1.0,134999.75,0,29056.28813559322,2,2,5,1
msg_415,node1,node0,316,30960000,30960000.0,0.0,,,,0.0,200000.0,1,162162.05405405405,0.75,0,28986.1038647343,5,5,5,4
msg_416,node2,node0,316,30960000,30960001.0,1.0,,,,1.0,123529.0,1,163999.89333333334,0.7478005865102639,0,29567.90144230769,3,3,5,4
msg_417,node3,node0,316,30960000,30960001.0,1.0,,,,1.0,128571.19047619047,1,163999.89333333334,0.7485380116959064,0,29496.997601918465,2,2,5,4
msg_418,node4,node0,316,30960000,30960001.0,1.0,,,,1.0,200000.33333333334,1,163999.89333333334,0.7485380116959064,0,29496.997601918465,2,2,5,4
msg_419,node1,node0,316,31320000,31320000.0,0.0,,,,0.0,204000.0,1,163999.89333333334,0.75,0,29356.20525059666,4,4,5,4
msg_420,node2,node0,316,31320000,31320001.0,1.0,,,,1.0,123529.0,1,163999.89333333334,0.75,0,29356.20525059666,4,4,5,4
msg_421,node3,node0,316,31320000,31320001.0,1.0,,,,1.0,128571.19047619047,1,163999.89333333334,0.7485549132947977,0,29216.748218527315,2,2,5,4
msg_422,node4,node0,316,31320000,31320001.0,1.0,,,,1.0,200000.33333333334,1,163999.89333333334,0.7492795389048992,0,29147.516587677725,1,1,5,4
msg_423,node0,node2,316,31380001,31380001.0,0.0,,,,163999.89333333334,0.75,1,1.0,123529.0,0,29078.612293144208,1,1,5,1
msg_424,node1,node0,316,31680000,31680000.0,0.0,,,,0.0,204000.0,1,161842.0,0.75,0,29010.030660377357,4,4,5,4
msg_425,node2,node0,316,31680000,31680001.0,1.0,,,,1.0,116666.27777777778,1,161842.0,0.7478510028653295,0,28941.77176470588,3,3,5,4
msg_426,node3,node0,316,31680000,31680001.0,1.0,,,,1.0,128571.19047619047,1,161842.0,0.7478510028653295,0,28941.77176470588,3,3,5,4
msg_427,node4,node0,316,31680000,31680001.0,1.0,,,,1.0,200000.33333333334,1,161842.0,0.7478510028653295,0,28941.77176470588,3,3,5,4
msg_428,node1,node0,316,32040000,32040000.0,0.0,,,,0.0,204000.0,1,161842.0,0.75,0,28738.915887850468,4,4,5,4
msg_429,node2,node0,316,32040000,32040001.0,1.0,,,,1.0,116666.27777777778,1,161842.0,0.75,0,28738.915887850468,4,4,5,4
msg_430,node3,node0,316,32040000,32040001.0,1.0,,,,1.0,128571.19047619047,1,161842.0,0.748587570621469,0,28605.248837209303,2,2,5,4
msg_431,node4,node0,316,32040000,32040001.0,1.0,,,,1.0,200000.33333333334,1,161842.0,0.7492957746478873,0,28538.881670533643,1,1,5,4
msg_432,node0,node1,316,32100000,32100000.0,0.0,,,,161842.0,0.75,1,0.0,204000.0,0,28472.82175925926,1,1,5,1
msg_433,node0,node3,316,32100001,32100001.0,0.0,,,,159740.15584415584,0.75,1,1.0,128571.19047619047,0,28407.06466512702,1,1,5,1
msg_434,node1,node0,316,32400000,32400000.0,0.0,,,,0.0,196153.84615384616,1,157692.20512820513,0.75,0,28341.61059907834,4,4,5,4
msg_435,node2,node0,316,32400000,32400001.0,1.0,,,,1.0,116666.27777777778,1,157692.20512820513,0.7478991596638656,0,28276.457471264366,3,3,5,4
msg_436,node3,node0,316,32400000,32400001.0,1.0,,,,1.0,122727.04545454546,1,157692.20512820513,0.7486033519553073,0,28211.605504587154,2,2,5,4
msg_437,node4,node0,316,32400000,32400001.0,1.0,,,,1.0,200000.33333333334,1,157692.20512820513,0.7493036211699164,0,28147.05034324943,1,1,5,4
msg_438,node0,node2,316,32460001,32760000.0,299999.0,,,,157692.20512820513,0.75,2,1.0,116666.27777777778,0,28082.7899543379,6,6,5,2
msg_439,node0,node4,316,32460001,32760001.0,300000.0,,,,159493.55696202532,0.75,2,1.0,200000.33333333334,0,28443.033860045147,1,1,5,2
msg_440,node1,node0,316,32760000,32760000.0,0.0,,,,0.0,196153.84615384616,1,157692.20512820513,0.75,0,28082.7899543379,6,6,5,4
msg_441,node2,node0,316,32760000,32760001.0,1.0,,,,1.0,126315.36842105263,1,159493.55696202532,0.7479224376731302,0,28636.956818181818,4,4,5,4
msg_442,node3,node0,316,32760000,32760001.0,1.0,,,,1.0,122727.04545454546,1,159493.55696202532,0.7486187845303868,0,28572.02267573696,3,3,5,4
msg_443,node4,node0,316,32760000,32760001.0,1.0,,,,1.0,200000.33333333334,1,159493.55696202532,0.7486187845303868,0,28572.02267573696,3,3,5,4
msg_444,node0,node3,316,32820002,33120000.0,299998.0,,,,161249.8875,0.75,1,1.0,122727.04545454546,0,29054.64864864865,5,5,5,1
msg_445,node1,node0,316,33120000,33120000.0,0.0,,,,0.0,196153.84615384616,1,161249.8875,0.75,0,29054.64864864865,5,5,5,4
msg_446,node2,node0,316,33120000,33120000.0,0.0,,,,1.0,126315.36842105263,1,162962.82716049382,0.7479452054794521,0,29597.0,3,3,5,4
msg_447,node3,node0,316,33120000,33120000.0,0.0,,,,1.0,130434.47826086957,1,162962.82716049382,0.7459016393442623,0,29530.787472035794,2,2,5,4
msg_448,node4,node0,316,33120000,33120000.0,0.0,,,,1.0,207692.61538461538,1,162962.82716049382,0.7459016393442623,0,29530.787472035794,2,2,5,4
msg_449,node0,node2,316,33180000,33480000.0,300000.0,,,,162962.82716049382,0.7398373983739838,1,0.9891304347826086,126315.36842105263,0,29333.915555555555,4,4,5,1
msg_450,node1,node0,316,33480000,33480000.0,0.0,,,,0.0,196153.84615384616,1,162962.82716049382,0.7418478260869565,0,29399.247216035634,5,5,5,4
msg_451,node2,node0,316,33480000,33480000.0,0.0,,,,0.9891304347826086,134999.6,1,164634.01219512196,0.7398373983739838,0,29934.062084257206,3,3,5,4
msg_452,node3,node0,316,33480000,33480000.0,0.0,,,,0.9891304347826086,130434.47826086957,1,164634.01219512196,0.7378378378378379,0,29867.83628318584,2,2,5,4
msg_453,node4,node0,316,33480000,33480000.0,0.0,,,,0.9891304347826086,207692.61538461538,1,164634.01219512196,0.7358490566037735,0,29801.902869757174,1,1,5,4
msg_454,node1,node0,316,33840000,33840000.0,0.0,,,,0.0,196153.84615384616,1,164634.01219512196,0.7338709677419355,0,29736.259911894274,4,4,5,4
msg_455,node2,node0,316,33840000,33840001.0,1.0,,,,0.978494623655914,134999.6,1,164634.01219512196,0.7338709677419355,0,29736.259911894274,4,4,5,4
msg_456,node3,node0,316,33840000,33840001.0,1.0,,,,0.978494623655914,130434.47826086957,1,164634.01219512196,0.732620320855615,0,29605.839912280702,2,2,5,4
msg_457,node4,node0,316,33840000,33840001.0,1.0,,,,0.978494623655914,207692.61538461538,1,164634.01219512196,0.7333333333333333,0,29541.0590809628,1,1,5,4
msg_458,node1,node0,316,34200000,34200000.0,0.0,,,,0.0,196153.84615384616,1,164634.01219512196,0.7340425531914894,0,29476.56113537118,4,4,5,4
msg_459,node2,node0,316,34200000,34200001.0,1.0,,,,0.9787234042553191,134999.6,1,164634.01219512196,0.7340425531914894,0,29476.56113537118,4,4,5,4
msg_460,node3,node0,316,34200000,34200001.0,1.0,,,,0.9787234042553191,130434.47826086957,1,164634.01219512196,0.7328042328042328,0,29348.404347826086,2,2,5,4
msg_461,node4,node0,316,34200000,34200001.0,1.0,,,,0.9787234042553191,207692.61538461538,1,164634.01219512196,0.7335092348284961,0,29284.744034707157,1,1,5,4
msg_462,node0,node2,316,34260001,34260001.0,0.0,,,,164634.01219512196,0.7342105263157894,1,0.9789473684210527,134999.6,0,29221.359307359307,1,1,5,1
msg_463,node1,node0,316,34560000,34560000.0,0.0,,,,0.0,196153.84615384616,1,162650.46987951806,0.7342105263157894,0,29158.246220302375,4,4,5,4
msg_464,node2,node0,316,34560000,34560001.0,1.0,,,,0.9789473684210527,128571.04761904762,1,162650.46987951806,0.7322834645669292,0,29095.405172413793,3,3,5,4
msg_465,node3,node0,316,34560000,34560001.0,1.0,,,,0.9789473684210527,130434.47826086957,1,162650.46987951806,0.7322834645669292,0,29095.405172413793,3,3,5,4
msg_466,node4,node0,316,34560000,34560001.0,1.0,,,,0.9789473684210527,207692.61538461538,1,162650.46987951806,0.7336814621409922,0,28970.536480686696,1,1,5,4
msg_467,node0,node3,316,34620001,34620001.0,0.0,,,,162650.46987951806,0.734375,1,0.9791666666666666,130434.47826086957,0,28908.503211991436,1,1,5,1
msg_468,node1,node0,316,34920000,34920000.0,0.0,,,,0.0,196153.84615384616,1,160714.15476190476,0.734375,0,28846.732905982906,4,4,5,4
msg_469,node2,node0,316,34920000,34920001.0,1.0,,,,0.9791666666666666,128571.04761904762,1,160714.15476190476,0.734375,0,28846.732905982906,4,4,5,4
msg_470,node3,node0,316,34920000,34920001.0,1.0,,,,0.9791666666666666,124999.70833333333,1,160714.15476190476,0.7331606217616581,0,28723.982978723405,2,2,5,4
msg_471,node4,node0,316,34920000,34920001.0,1.0,,,,0.9791666666666666,207692.61538461538,1,160714.15476190476,0.7338501291989664,0,28663.0,1,1,5,4
msg_472,node0,node1,316,34980000,34980000.0,0.0,,,,160714.15476190476,0.7345360824742269,1,0.0,196153.84615384616,0,28602.275423728814,1,1,5,1
msg_473,node1,node0,316,35280000,35280000.0,0.0,,,,0.0,188888.88888888888,1,158823.4,0.7345360824742269,0,28541.805496828754,4,4,5,4
msg_474,node2,node0,316,35280000,35280001.0,1.0,,,,0.979381443298969,128571.04761904762,1,158823.4,0.7326478149100257,0,28481.59071729958,3,3,5,4
msg_475,node3,node0,316,35280000,35280001.0,1.0,,,,0.979381443298969,124999.70833333333,1,158823.4,0.7326478149100257,0,28481.59071729958,3,3,5,4
msg_476,node4,node0,316,35280000,35280001.0,1.0,,,,0.979381443298969,207692.61538461538,1,158823.4,0.7340153452685422,0,28361.9243697479,1,1,5,4
msg_477,node1,node0,316,35640000,35640000.0,0.0,,,,0.0,188888.88888888888,1,158823.4,0.7346938775510204,0,28302.46750524109,4,4,5,4
msg_478,node2,node0,316,35640000,35640001.0,1.0,,,,0.9795918367346939,128571.04761904762,1,158823.4,0.732824427480916,0,28243.257322175734,3,3,5,4
msg_479,node3,node0,316,35640000,35640001.0,1.0,,,,0.9795918367346939,124999.70833333333,1,158823.4,0.732824427480916,0,28243.257322175734,3,3,5,4
msg_480,node4,node0,316,35640000,35640001.0,1.0,,,,0.9795918367346939,207692.61538461538,1,158823.4,0.7341772151898734,0,28125.58125,1,1,5,4
msg_481,node0,node2,316,35700001,36000000.0,299999.0,,,,158823.4,0.7348484848484849,1,0.9797979797979798,128571.04761904762,0,28067.110187110186,5,5,5,1
msg_482,node1,node0,316,36000000,36000000.0,0.0,,,,0.0,188888.88888888888,1,158823.4,0.7348484848484849,0,28067.110187110186,5,5,5,4
msg_483,node2,node0,316,36000000,36000001.0,1.0,,,,0.9797979797979798,136363.22727272726,1,160464.97674418605,0.7329974811083123,0,28572.006211180124,3,3,5,4
msg_484,node3,node0,316,36000000,36000001.0,1.0,,,,0.9797979797979798,124999.70833333333,1,160464.97674418605,0.7329974811083123,0,28572.006211180124,3,3,5,4
msg_485,node4,node0,316,36000000,36000001.0,1.0,,,,0.9797979797979798,207692.61538461538,1,160464.97674418605,0.7343358395989975,0,28454.18762886598,1,1,5,4
msg_486,node0,node3,316,36060001,36360000.0,299999.0,,,,160464.97674418605,0.735,1,0.98,124999.70833333333,0,28395.64197530864,5,5,5,1
msg_487,node1,node0,317,36360000,36360000.0,0.0,,,,0.0,188888.88888888888,1,160464.97674418605,0.735,0,28395.64197530864,5,5,5,4
msg_488,node2,node0,317,36360000,36360001.0,1.0,,,,0.98,136363.22727272726,1,162068.816091954,0.7331670822942643,0,28894.01844262295,3,3,5,4
msg_489,node3,node0,317,36360000,36360001.0,1.0,,,,0.98,131999.68,1,162068.816091954,0.7338308457711443,0,28834.932515337423,2,2,5,4
msg_490,node4,node0,317,36360000,36360001.0,1.0,,,,0.98,207692.61538461538,1,162068.816091954,0.7344913151364765,0,28776.087755102042,1,1,5,4
msg_491,node0,node4,316,36420001,36720001.0,300000.0,,,,162068.816091954,0.7346437346437347,1,0.9801980198019802,207692.61538461538,0,28543.08906882591,2,2,5,1
msg_492,node1,node0,317,36720000,36720000.0,0.0,,,,0.0,188888.88888888888,1,162068.816091954,0.7351485148514851,0,28717.48268839104,5,5,5,4
msg_493,node2,node0,317,36720000,36720001.0,1.0,,,,0.9801980198019802,136363.22727272726,1,162068.816091954,0.7351485148514851,0,28717.48268839104,5,5,5,4
msg_494,node3,node0,317,36720000,36720001.0,1.0,,,,0.9801980198019802,131999.68,1,162068.816091954,0.7339901477832512,0,28600.983772819473,3,3,5,4
msg_495,node4,node0,317,36720000,36720001.0,1.0,,,,0.9801980198019802,207692.61538461538,1,162068.816091954,0.7346437346437347,0,28543.08906882591,2,2,5,4
msg_496,node0,node3,316,36780001,37080000.0,299999.0,,,,163636.2159090909,0.7334963325183375,2,0.9803921568627451,131999.68,0,28974.420523138833,5,5,5,2
msg_497,node0,node4,316,36780001,37080001.0,300000.0,,,,165168.38202247192,0.7354368932038835,2,0.9805825242718447,214286.0,0,29341.894211576848,1,1,5,2
msg_498,node1,node0,317,37080000,37080000.0,0.0,,,,0.0,188888.88888888888,1,163636.2159090909,0.7352941176470589,0,29032.836693548386,6,6,5,4
msg_499,node2,node0,317,37080000,37080001.0,1.0,,,,0.9803921568627451,136363.22727272726,1,165168.38202247192,0.7334963325183375,0,29518.64658634538,4,4,5,4
msg_500,node3,node0,317,37080000,37080001.0,1.0,,,,0.9803921568627451,138461.1923076923,1,165168.38202247192,0.7334963325183375,0,29518.64658634538,4,4,5,4
msg_501,node4,node0,317,37080000,37080001.0,1.0,,,,0.9803921568627451,214286.0,1,165168.38202247192,0.7347931873479319,0,29400.576,2,2,5,4
msg_502,node0,node4,316,37140001,37140002.0,1.0,,,,166666.51111111112,0.7354368932038835,1,0.9805825242718447,220000.26666666666,0,29881.053784860556,1,1,5,1
msg_503,node1,node0,317,37440000,37440000.0,0.0,,,,0.0,188888.88888888888,1,164835.02197802198,0.7354368932038835,0,29821.650099403578,4,4,5,4
msg_504,node2,node0,317,37440000,37440001.0,1.0,,,,0.9805825242718447,136363.22727272726,1,164835.02197802198,0.7354368932038835,0,29821.650099403578,4,4,5,4
msg_505,node3,node0,317,37440000,37440001.0,1.0,,,,0.9805825242718447,138461.1923076923,1,164835.02197802198,0.7342995169082126,0,29703.546534653466,2,2,5,4
msg_506,node4,node0,317,37440000,37440001.0,1.0,,,,0.9805825242718447,206250.3125,1,164835.02197802198,0.7349397590361446,0,29644.845849802372,1,1,5,4
msg_507,node1,node0,317,37800000,37800000.0,0.0,,,,0.0,188888.88888888888,1,164835.02197802198,0.7355769230769231,0,29586.376725838265,4,4,5,4
msg_508,node2,node0,317,37800000,37800001.0,1.0,,,,0.9807692307692307,136363.22727272726,1,164835.02197802198,0.7355769230769231,0,29586.376725838265,4,4,5,4
msg_509,node3,node0,317,37800000,37800001.0,1.0,,,,0.9807692307692307,138461.1923076923,1,164835.02197802198,0.7344497607655502,0,29470.125736738704,2,2,5,4
msg_510,node4,node0,317,37800000,37800001.0,1.0,,,,0.9807692307692307,206250.3125,1,164835.02197802198,0.7350835322195705,0,29412.343137254902,1,1,5,4
msg_511,node0,node2,316,37860001,37860001.0,0.0,,,,164835.02197802198,0.7357142857142858,1,0.9809523809523809,136363.22727272726,0,29354.786692759295,1,1,5,1
msg_512,node1,node0,317,38160000,38160000.0,0.0,,,,0.0,188888.88888888888,1,163043.33695652173,0.7357142857142858,0,29297.453125,4,4,5,4
msg_513,node2,node0,317,38160000,38160001.0,1.0,,,,0.9809523809523809,130434.39130434782,1,163043.33695652173,0.7339667458432304,0,29240.343079922026,3,3,5,4
msg_514,node3,node0,317,38160000,38160001.0,1.0,,,,0.9809523809523809,138461.1923076923,1,163043.33695652173,0.7339667458432304,0,29240.343079922026,3,3,5,4
msg_515,node4,node0,317,38160000,38160001.0,1.0,,,,0.9809523809523809,206250.3125,1,163043.33695652173,0.735224586288416,0,29126.79223300971,1,1,5,4
msg_516,node0,node1,316,38220000,38520000.0,300000.0,,,,159574.3404255319,0.7341176470588235,1,0.0,188888.88888888888,0,28902.312138728324,4,4,5,1
msg_517,node0,node2,316,38220001,38220001.0,0.0,,,,163043.33695652173,0.7358490566037735,2,0.9811320754716981,130434.39130434782,0,29070.346899224805,3,3,5,2
msg_518,node0,node4,316,38220001,38220002.0,1.0,,,,163043.33695652173,0.7358490566037735,2,0.9811320754716981,206250.3125,0,29070.346899224805,3,3,5,2
msg_519,node1,node0,317,38520000,38520000.0,0.0,,,,0.0,188888.88888888888,1,159574.3404255319,0.7358490566037735,0,28958.108108108107,5,5,5,4
msg_520,node2,node0,317,38520000,38520001.0,1.0,,,,0.9811320754716981,124999.625,1,161052.5052631579,0.7341176470588235,0,29423.653846153848,3,3,5,4
msg_521,node3,node0,317,38520000,38520001.0,1.0,,,,0.9811320754716981,138461.1923076923,1,161052.5052631579,0.7347417840375586,0,29367.180422264875,2,2,5,4
msg_522,node4,node0,317,38520000,38520001.0,1.0,,,,0.9811320754716981,194118.0,1,161052.5052631579,0.7353629976580797,0,29310.92337164751,1,1,5,4
msg_523,node1,node0,317,38880000,38880000.0,0.0,,,,0.0,192857.14285714287,1,161052.5052631579,0.735981308411215,0,29254.881453154874,4,4,5,4
msg_524,node2,node0,317,38880000,38880001.0,1.0,,,,0.9813084112149533,124999.625,1,161052.5052631579,0.735981308411215,0,29254.881453154874,4,4,5,4
msg_525,node3,node0,317,38880000,38880001.0,1.0,,,,0.9813084112149533,138461.1923076923,1,161052.5052631579,0.7348837209302326,0,29143.43619047619,2,2,5,4
msg_526,node4,node0,317,38880000,38880001.0,1.0,,,,0.9813084112149533,194118.0,1,161052.5052631579,0.7354988399071926,0,29088.032319391634,1,1,5,4
msg_527,node0,node2,316,38940001,39240000.0,299999.0,,,,161052.5052631579,0.7361111111111112,1,0.9814814814814815,124999.625,0,29032.83870967742,5,5,5,1
msg_528,node1,node0,317,39240000,39240000.0,0.0,,,,0.0,192857.14285714287,1,161052.5052631579,0.7361111111111112,0,29032.83870967742,5,5,5,4
msg_529,node2,node0,317,39240000,39240001.0,1.0,,,,0.9814814814814815,131999.6,1,162499.86458333334,0.7344110854503464,0,29490.179584120982,3,3,5,4
msg_530,node3,node0,317,39240000,39240001.0,1.0,,,,0.9814814814814815,138461.1923076923,1,162499.86458333334,0.7350230414746544,0,29434.53962264151,2,2,5,4
msg_531,node4,node0,317,39240000,39240001.0,1.0,,,,0.9814814814814815,194118.0,1,162499.86458333334,0.7350230414746544,0,29434.53962264151,2,2,5,4
msg_532,node0,node1,316,39300000,39600000.0,300000.0,,,,160824.60824742267,0.7345537757437071,1,0.0,192857.14285714287,0,29214.059925093632,4,4,5,1
msg_533,node0,node2,316,39300001,39300001.0,0.0,,,,162499.86458333334,0.7362385321100917,1,0.981651376146789,131999.6,0,29323.887218045114,2,2,5,1
msg_534,node1,node0,317,39600000,39600000.0,0.0,,,,0.0,192857.14285714287,1,160824.60824742267,0.7362385321100917,0,29268.870544090056,5,5,5,4
msg_535,node2,node0,317,39600000,39600001.0,1.0,,,,0.981651376146789,126922.69230769231,1,162244.76530612246,0.7345537757437071,0,29720.20186915888,3,3,5,4
msg_536,node3,node0,317,39600000,39600001.0,1.0,,,,0.981651376146789,138461.1923076923,1,162244.76530612246,0.7345537757437071,0,29720.20186915888,3,3,5,4
msg_537,node4,node0,317,39600000,39600001.0,1.0,,,,0.981651376146789,194118.0,1,162244.76530612246,0.7357630979498861,0,29609.51582867784,1,1,5,4
msg_538,node1,node0,317,39960000,39960000.0,0.0,,,,0.0,196551.72413793104,1,162244.76530612246,0.7363636363636363,0,29554.481412639405,4,4,5,4
msg_539,node2,node0,317,39960000,39960001.0,1.0,,,,0.9818181818181818,126922.69230769231,1,162244.76530612246,0.7363636363636363,0,29554.481412639405,4,4,5,4
msg_540,node3,node0,317,39960000,39960001.0,1.0,,,,0.9818181818181818,138461.1923076923,1,162244.76530612246,0.7352941176470589,0,29445.022222222222,2,2,5,4
msg_541,node4,node0,317,39960000,39960001.0,1.0,,,,0.9818181818181818,194118.0,1,162244.76530612246,0.7358916478555305,0,29390.597042513862,1,1,5,4
msg_542,node1,node0,317,40320000,40320000.0,0.0,,,,0.0,196551.72413793104,1,162244.76530612246,0.7364864864864865,0,29336.37269372694,4,4,5,4
msg_543,node2,node0,317,40320000,40320001.0,1.0,,,,0.9819819819819819,126922.69230769231,1,162244.76530612246,0.7364864864864865,0,29336.37269372694,4,4,5,4
msg_544,node3,node0,317,40320000,40320001.0,1.0,,,,0.9819819819819819,138461.1923076923,1,162244.76530612246,0.7354260089686099,0,29228.520220588234,2,2,5,4
msg_545,node4,node0,317,40320000,40320001.0,1.0,,,,0.9819819819819819,194118.0,1,162244.76530612246,0.7360178970917226,0,29174.891743119268,1,1,5,4
msg_546,node0,node4,316,40380001,40680001.0,300000.0,,,,162244.76530612246,0.7361419068736141,1,0.9821428571428571,194118.0,0,28962.329690346083,2,2,5,1
msg_547,node1,node0,317,40680000,40680000.0,0.0,,,,0.0,196551.72413793104,1,162244.76530612246,0.7366071428571429,0,29121.459706959708,5,5,5,4
msg_548,node2,node0,317,40680000,40680001.0,1.0,,,,0.9821428571428571,126922.69230769231,1,162244.76530612246,0.734966592427617,0,29068.221206581355,4,4,5,4
msg_549,node3,node0,317,40680000,40680001.0,1.0,,,,0.9821428571428571,138461.1923076923,1,162244.76530612246,0.734966592427617,0,29068.221206581355,4,4,5,4
msg_550,node4,node0,317,40680000,40680001.0,1.0,,,,0.9821428571428571,200000.33333333334,1,163636.2323232323,0.7361419068736141,0,29455.125454545454,1,1,5,4
msg_551,node1,node0,317,41040000,41040000.0,0.0,,,,0.0,196551.72413793104,1,163636.2323232323,0.7367256637168141,0,29401.669691470055,4,4,5,4
msg_552,node2,node0,317,41040000,41040001.0,1.0,,,,0.9823008849557522,126922.69230769231,1,163636.2323232323,0.7350993377483444,0,29348.405797101448,3,3,5,4
msg_553,node3,node0,317,41040000,41040001.0,1.0,,,,0.9823008849557522,138461.1923076923,1,163636.2323232323,0.7350993377483444,0,29348.405797101448,3,3,5,4
msg_554,node4,node0,317,41040000,41040001.0,1.0,,,,0.9823008849557522,200000.33333333334,1,163636.2323232323,0.7362637362637363,0,29242.45848375451,1,1,5,4
msg_555,node1,node0,317,41400000,41400000.0,0.0,,,,0.0,196551.72413793104,1,163636.2323232323,0.7368421052631579,0,29189.77117117117,4,4,5,4
msg_556,node2,node0,317,41400000,41400001.0,1.0,,,,0.9824561403508771,126922.69230769231,1,163636.2323232323,0.7352297592997812,0,29137.271582733814,3,3,5,4
msg_557,node3,node0,317,41400000,41400001.0,1.0,,,,0.9824561403508771,138461.1923076923,1,163636.2323232323,0.7358078602620087,0,29084.962298025133,2,2,5,4
msg_558,node4,node0,317,41400000,41400001.0,1.0,,,,0.9824561403508771,200000.33333333334,1,163636.2323232323,0.7358078602620087,0,29084.962298025133,2,2,5,4
msg_559,node1,node0,317,41760000,41760000.0,0.0,,,,0.0,196551.72413793104,1,163636.2323232323,0.7369565217391304,0,28980.905187835422,4,4,5,4
msg_560,node2,node0,317,41760000,41760001.0,1.0,,,,0.9826086956521739,126922.69230769231,1,163636.2323232323,0.7369565217391304,0,28980.905187835422,4,4,5,4
msg_561,node3,node0,317,41760000,41760001.0,1.0,,,,0.9826086956521739,138461.1923076923,1,163636.2323232323,0.7359307359307359,0,28877.58823529412,2,2,5,4
msg_562,node4,node0,317,41760000,41760001.0,1.0,,,,0.9826086956521739,200000.33333333334,1,163636.2323232323,0.7365010799136069,0,28826.20640569395,1,1,5,4
msg_563,node0,node2,316,41820001,41820001.0,0.0,,,,163636.2323232323,0.7370689655172413,2,0.9827586206896551,126922.69230769231,0,28775.007104795735,2,2,5,2
msg_564,node0,node3,317,41820001,41820002.0,1.0,,,,163636.2323232323,0.7370689655172413,2,0.9827586206896551,138461.1923076923,0,28775.007104795735,2,2,5,2
msg_565,node1,node0,317,42120000,42120000.0,0.0,,,,0.0,196551.72413793104,1,160395.9207920792,0.7370689655172413,0,28673.150442477876,4,4,5,4
msg_566,node2,node0,317,42120000,42120001.0,1.0,,,,0.9827586206896551,122221.85185185185,1,160395.9207920792,0.7370689655172413,0,28673.150442477876,4,4,5,4
msg_567,node3,node0,317,42120000,42120001.0,1.0,,,,0.9827586206896551,133333.03703703705,1,160395.9207920792,0.7360515021459227,0,28572.012345679013,2,2,5,4
msg_568,node4,node0,317,42120000,42120001.0,1.0,,,,0.9827586206896551,200000.33333333334,1,160395.9207920792,0.7366167023554604,0,28521.711267605635,1,1,5,4
msg_569,node1,node0,317,42480000,42480000.0,0.0,,,,0.0,196551.72413793104,1,160395.9207920792,0.7371794871794872,0,28471.586994727593,4,4,5,4
msg_570,node2,node0,317,42480000,42480001.0,1.0,,,,0.9829059829059829,122221.85185185185,1,160395.9207920792,0.7356076759061834,0,28421.636842105265,3,3,5,4
msg_571,node3,node0,317,42480000,42480001.0,1.0,,,,0.9829059829059829,133333.03703703705,1,160395.9207920792,0.7361702127659574,0,28371.86339754816,2,2,5,4
msg_572,node4,node0,317,42480000,42480001.0,1.0,,,,0.9829059829059829,200000.33333333334,1,160395.9207920792,0.7361702127659574,0,28371.86339754816,2,2,5,4
msg_573,node0,node2,317,42540001,42840000.0,299999.0,,,,160395.9207920792,0.7372881355932204,1,0.9830508474576272,122221.85185185185,0,28272.83769633508,5,5,5,1
msg_574,node1,node0,317,42840000,42840000.0,0.0,,,,0.0,196551.72413793104,1,160395.9207920792,0.7372881355932204,0,28272.83769633508,5,5,5,4
msg_575,node2,node0,317,42840000,42840001.0,1.0,,,,0.9830508474576272,128571.03571428571,1,161764.57843137256,0.7357293868921776,0,28696.234782608695,3,3,5,4
msg_576,node3,node0,317,42840000,42840001.0,1.0,,,,0.9830508474576272,133333.03703703705,1,161764.57843137256,0.7362869198312236,0,28646.416666666668,2,2,5,4
msg_577,node4,node0,317,42840000,42840001.0,1.0,,,,0.9830508474576272,200000.33333333334,1,161764.57843137256,0.7368421052631579,0,28596.7712305026,1,1,5,4
msg_578,node1,node0,317,43200000,43200000.0,0.0,,,,0.0,196551.72413793104,1,161764.57843137256,0.7373949579831933,0,28547.29757785467,4,4,5,4
msg_579,node2,node0,317,43200000,43200001.0,1.0,,,,0.9831932773109243,128571.03571428571,1,161764.57843137256,0.7373949579831933,0,28547.29757785467,4,4,5,4
msg_580,node3,node0,317,43200000,43200001.0,1.0,,,,0.9831932773109243,133333.03703703705,1,161764.57843137256,0.7364016736401674,0,28448.860344827586,2,2,5,4
msg_581,node4,node0,317,43200000,43200001.0,1.0,,,,0.9831932773109243,200000.33333333334,1,161764.57843137256,0.7369519832985386,0,28399.896729776247,1,1,5,4
msg_582,node0,node2,317,43260001,43260001.0,0.0,,,,161764.57843137256,0.7375,1,0.9833333333333333,128571.03571428571,0,28351.101374570448,1,1,5,1
msg_583,node1,node0,317,43560000,43560000.0,0.0,,,,0.0,196551.72413793104,1,160194.0485436893,0.7375,0,28302.471698113208,4,4,5,4
msg_584,node2,node0,317,43560000,43560001.0,1.0,,,,0.9833333333333333,124137.55172413793,1,160194.0485436893,0.7375,0,28302.471698113208,4,4,5,4
msg_585,node3,node0,317,43560000,43560001.0,1.0,,,,0.9833333333333333,133333.03703703705,1,160194.0485436893,0.7365145228215768,0,28205.71282051282,2,2,5,4
msg_586,node4,node0,317,43560000,43560001.0,1.0,,,,0.9833333333333333,200000.33333333334,1,160194.0485436893,0.7370600414078675,0,28157.581911262798,1,1,5,4
msg_587,node0,node4,317,43620001,43920001.0,300000.0,,,,160194.0485436893,0.7371663244353183,1,0.9834710743801653,200000.33333333334,0,27966.68813559322,2,2,5,1
msg_588,node1,node0,317,43920000,43920000.0,0.0,,,,0.0,196551.72413793104,1,160194.0485436893,0.737603305785124,0,28109.61499148211,5,5,5,4
msg_589,node2,node0,317,43920000,43920001.0,1.0,,,,0.9834710743801653,124137.55172413793,1,160194.0485436893,0.7360824742268042,0,28061.809523809523,4,4,5,4
msg_590,node3,node0,317,43920000,43920001.0,1.0,,,,0.9834710743801653,133333.03703703705,1,160194.0485436893,0.7360824742268042,0,28061.809523809523,4,4,5,4
msg_591,node4,node0,317,43920000,43920001.0,1.0,,,,0.9834710743801653,205263.47368421053,1,161538.33653846153,0.7371663244353183,0,28426.98138747885,1,1,5,4
msg_592,node0,node1,317,43980000,43980000.0,0.0,,,,161538.33653846153,0.7377049180327869,1,0.0,196551.72413793104,0,28378.964527027027,1,1,5,1
msg_593,node1,node0,317,44280000,44280000.0,0.0,,,,0.0,190000.0,1,159999.87619047618,0.7377049180327869,0,28331.10792580101,4,4,5,4
msg_594,node2,node0,317,44280000,44280001.0,1.0,,,,0.9836065573770492,124137.55172413793,1,159999.87619047618,0.7361963190184049,0,28283.41245791246,3,3,5,4
msg_595,node3,node0,317,44280000,44280001.0,1.0,,,,0.9836065573770492,133333.03703703705,1,159999.87619047618,0.7361963190184049,0,28283.41245791246,3,3,5,4
msg_596,node4,node0,317,44280000,44280001.0,1.0,,,,0.9836065573770492,205263.47368421053,1,159999.87619047618,0.7372708757637475,0,28188.50503355705,1,1,5,4
msg_597,node0,node3,317,44340001,44640000.0,299999.0,,,,159999.87619047618,0.7378048780487805,1,0.983739837398374,133333.03703703705,0,28141.289782244556,5,5,5,1
msg_598,node1,node0,317,44640000,44640000.0,0.0,,,,0.0,190000.0,1,159999.87619047618,0.7378048780487805,0,28141.289782244556,5,5,5,4
msg_599,node2,node0,317,44640000,44640001.0,1.0,,,,0.983739837398374,124137.55172413793,1,161320.62264150943,0.7363083164300203,0,28548.161936560933,3,3,5,4
msg_600,node3,node0,317,44640000,44640001.0,1.0,,,,0.983739837398374,139285.39285714287,1,161320.62264150943,0.7368421052631579,0,28500.583333333332,2,2,5,4
msg_601,node4,node0,317,44640000,44640001.0,1.0,,,,0.983739837398374,205263.47368421053,1,161320.62264150943,0.7368421052631579,0,28500.583333333332,2,2,5,4
msg_602,node0,node2,317,44700001,45000000.0,299999.0,,,,161320.62264150943,0.7379032258064516,3,0.9838709677419355,124137.55172413793,0,28405.900332225912,7,7,5,3
msg_603,node0,node3,317,44700001,45000001.0,300000.0,,,,162616.68224299065,0.7369477911646586,3,0.9838709677419355,139285.39285714287,0,28760.912396694213,4,4,5,3
msg_604,node0,node4,317,44700001,45000002.0,300001.0,,,,163888.75,0.738,3,0.984,205263.47368421053,0,29112.424342105263,1,1,5,3
msg_605,node1,node0,317,45000000,45000000.0,0.0,,,,0.0,190000.0,1,161320.62264150943,0.7379032258064516,0,28405.900332225912,7,7,5,4
msg_606,node2,node0,317,45000000,45000001.0,1.0,,,,0.9838709677419355,129999.6,1,162616.68224299065,0.7364185110663984,0,28808.528145695363,5,5,5,4
msg_607,node3,node0,317,45000000,45000001.0,1.0,,,,0.9838709677419355,139285.39285714287,1,162616.68224299065,0.7369477911646586,0,28760.912396694213,4,4,5,4
msg_608,node4,node0,317,45000000,45000001.0,1.0,,,,0.9838709677419355,205263.47368421053,1,163888.75,0.7374749498997996,0,29160.383855024713,2,2,5,4
msg_609,node1,node0,317,45360000,45360000.0,0.0,,,,0.0,190000.0,1,165137.48623853212,0.738,0,29557.233169129722,4,4,5,4
msg_610,node2,node0,317,45360000,45360001.0,1.0,,,,0.984,129999.6,1,165137.48623853212,0.738,0,29557.233169129722,4,4,5,4
msg_611,node3,node0,317,45360000,45360001.0,1.0,,,,0.984,144827.27586206896,1,165137.48623853212,0.7370517928286853,0,29460.484451718494,2,2,5,4
msg_612,node4,node0,317,45360000,45360001.0,1.0,,,,0.984,210000.35,1,165137.48623853212,0.7375745526838966,0,29412.348039215685,1,1,5,4
msg_613,node1,node0,317,45720000,45720000.0,0.0,,,,0.0,190000.0,1,165137.48623853212,0.7380952380952381,0,29364.36867862969,4,4,5,4
msg_614,node2,node0,317,45720000,45720001.0,1.0,,,,0.9841269841269841,129999.6,1,165137.48623853212,0.7380952380952381,0,29364.36867862969,4,4,5,4
msg_615,node3,node0,317,45720000,45720001.0,1.0,,,,0.9841269841269841,144827.27586206896,1,165137.48623853212,0.7371541501976284,0,29268.876422764228,2,2,5,4
msg_616,node4,node0,317,45720000,45720001.0,1.0,,,,0.9841269841269841,210000.35,1,165137.48623853212,0.73767258382643,0,29221.363636363636,1,1,5,4
msg_617,node0,node3,317,45780001,45780001.0,0.0,,,,165137.48623853212,0.7381889763779528,2,0.984251968503937,144827.27586206896,0,29174.00486223663,2,2,5,2
msg_618,node0,node4,317,45780001,45780002.0,1.0,,,,165137.48623853212,0.7381889763779528,2,0.984251968503937,210000.35,0,29174.00486223663,2,2,5,2
msg_619,node1,node0,317,46080000,46080000.0,0.0,,,,0.0,190000.0,1,162162.04504504506,0.7381889763779528,0,29079.744749596124,4,4,5,4
msg_620,node2,node0,317,46080000,46080001.0,1.0,,,,0.984251968503937,129999.6,1,162162.04504504506,0.7381889763779528,0,29079.744749596124,4,4,5,4
msg_621,node3,node0,317,46080000,46080001.0,1.0,,,,0.984251968503937,139999.7,1,162162.04504504506,0.7381889763779528,0,29079.744749596124,4,4,5,4
msg_622,node4,node0,317,46080000,46080001.0,1.0,,,,0.984251968503937,200000.38095238095,1,162162.04504504506,0.7377690802348337,0,28939.49196141479,1,1,5,4
msg_623,node0,node1,317,46140000,46440000.0,300000.0,,,,160714.16964285713,0.7368421052631579,1,0.0,190000.0,0,28800.584,4,4,5,1
msg_624,node0,node2,317,46140001,46140001.0,0.0,,,,162162.04504504506,0.73828125,1,0.984375,129999.6,0,28893.04173354735,2,2,5,1
msg_625,node1,node0,317,46440000,46440000.0,0.0,,,,0.0,190000.0,1,160714.16964285713,0.73828125,0,28846.73878205128,5,5,5,4
msg_626,node2,node0,317,46440000,46440001.0,1.0,,,,0.984375,125806.06451612903,1,161946.78761061947,0.7368421052631579,0,29233.809904153353,3,3,5,4
msg_627,node3,node0,317,46440000,46440001.0,1.0,,,,0.984375,139999.7,1,161946.78761061947,0.7373540856031129,0,29187.186602870814,2,2,5,4
msg_628,node4,node0,317,46440000,46440001.0,1.0,,,,0.984375,200000.38095238095,1,161946.78761061947,0.7378640776699029,0,29140.711783439492,1,1,5,4
msg_629,node0,node4,317,46500001,46800001.0,300000.0,,,,161946.78761061947,0.7379576107899807,1,0.9844961240310077,200000.38095238095,0,28956.28164556962,2,2,5,1
msg_630,node1,node0,317,46800000,46800000.0,0.0,,,,0.0,193548.38709677418,1,161946.78761061947,0.7383720930232558,0,29094.384737678854,5,5,5,4
msg_631,node2,node0,317,46800000,46800001.0,1.0,,,,0.9844961240310077,125806.06451612903,1,161946.78761061947,0.7383720930232558,0,29094.384737678854,5,5,5,4
msg_632,node3,node0,317,46800000,46800001.0,1.0,,,,0.9844961240310077,139999.7,1,161946.78761061947,0.7374517374517374,0,29002.169572107767,3,3,5,4
msg_633,node4,node0,317,46800000,46800001.0,1.0,,,,0.9844961240310077,200000.38095238095,1,161946.78761061947,0.7379576107899807,0,28956.28164556962,2,2,5,4
msg_634,node1,node0,317,47160000,47160000.0,0.0,,,,0.0,193548.38709677418,1,163157.78070175438,0.7384615384615385,0,29338.124605678233,4,4,5,4
msg_635,node2,node0,317,47160000,47160001.0,1.0,,,,0.9846153846153847,125806.06451612903,1,163157.78070175438,0.7384615384615385,0,29338.124605678233,4,4,5,4
msg_636,node3,node0,317,47160000,47160001.0,1.0,,,,0.9846153846153847,139999.7,1,163157.78070175438,0.7375478927203065,0,29245.867924528302,2,2,5,4
msg_637,node4,node0,317,47160000,47160001.0,1.0,,,,0.9846153846153847,204545.81818181818,1,163157.78070175438,0.7380497131931166,0,29199.957613814757,1,1,5,4
msg_638,node1,node0,317,47520000,47520000.0,0.0,,,,0.0,193548.38709677418,1,163157.78070175438,0.7385496183206107,0,29154.191222570535,4,4,5,4
msg_639,node2,node0,317,47520000,47520001.0,1.0,,,,0.9847328244274809,125806.06451612903,1,163157.78070175438,0.7385496183206107,0,29154.191222570535,4,4,5,4
msg_640,node3,node0,317,47520000,47520001.0,1.0,,,,0.9847328244274809,139999.7,1,163157.78070175438,0.7376425855513308,0,29063.0859375,2,2,5,4
msg_641,node4,node0,317,47520000,47520001.0,1.0,,,,0.9847328244274809,204545.81818181818,1,163157.78070175438,0.7381404174573055,0,29017.747269890795,1,1,5,4
msg_642,node1,node0,317,47880000,47880000.0,0.0,,,,0.0,193548.38709677418,1,163157.78070175438,0.7386363636363636,0,28972.54984423676,4,4,5,4
msg_643,node2,node0,317,47880000,47880001.0,1.0,,,,0.9848484848484849,125806.06451612903,1,163157.78070175438,0.7372400756143668,0,28927.491446345255,3,3,5,4
msg_644,node3,node0,317,47880000,47880001.0,1.0,,,,0.9848484848484849,139999.7,1,163157.78070175438,0.7377358490566037,0,28882.57453416149,2,2,5,4
msg_645,node4,node0,317,47880000,47880001.0,1.0,,,,0.9848484848484849,204545.81818181818,1,163157.78070175438,0.7377358490566037,0,28882.57453416149,2,2,5,4
msg_646,node0,node3,317,47940001,48240000.0,299999.0,,,,163157.78070175438,0.7387218045112782,2,0.9849624060150376,139999.7,0,28793.157894736843,6,6,5,2
msg_647,node0,node4,317,47940001,48240001.0,300000.0,,,,164347.70434782607,0.7388059701492538,2,0.9850746268656716,204545.81818181818,0,29032.84485407066,1,1,5,2
msg_648,node1,node0,317,48240000,48240000.0,0.0,,,,0.0,193548.38709677418,1,163157.78070175438,0.7387218045112782,0,28793.157894736843,6,6,5,4
msg_649,node2,node0,317,48240000,48240001.0,1.0,,,,0.9849624060150376,125806.06451612903,1,164347.70434782607,0.7373358348968105,0,29167.251543209877,4,4,5,4
msg_650,node3,node0,317,48240000,48240001.0,1.0,,,,0.9849624060150376,145160.96774193548,1,164347.70434782607,0.7378277153558053,0,29122.31124807396,3,3,5,4
msg_651,node4,node0,317,48240000,48240001.0,1.0,,,,0.9849624060150376,204545.81818181818,1,164347.70434782607,0.7383177570093458,0,29077.509230769232,2,2,5,4
msg_652,node0,node4,317,48300001,48600001.0,300000.0,,,,165517.12068965516,0.738404452690167,1,0.9850746268656716,208696.0,0,29313.563358778625,2,2,5,1
msg_653,node1,node0,317,48600000,48600000.0,0.0,,,,0.0,193548.38709677418,1,165517.12068965516,0.7388059701492538,0,29448.438650306747,5,5,5,4
msg_654,node2,node0,317,48600000,48600001.0,1.0,,,,0.9850746268656716,125806.06451612903,1,165517.12068965516,0.7388059701492538,0,29448.438650306747,5,5,5,4
msg_655,node3,node0,317,48600000,48600001.0,1.0,,,,0.9850746268656716,145160.96774193548,1,165517.12068965516,0.7379182156133829,0,29358.38379204893,3,3,5,4
msg_656,node4,node0,317,48600000,48600001.0,1.0,,,,0.9850746268656716,208696.0,1,165517.12068965516,0.738404452690167,0,29313.563358778625,2,2,5,4
msg_657,node0,node1,317,48660000,48960000.0,300000.0,,,,166666.547008547,0.7388888888888889,1,0.0,193548.38709677418,0,29680.951293759514,5,5,5,1
msg_658,node1,node0,317,48960000,48960000.0,0.0,,,,0.0,193548.38709677418,1,166666.547008547,0.7388888888888889,0,29680.951293759514,5,5,5,4
msg_659,node2,node0,317,48960000,48960001.0,1.0,,,,0.9851851851851852,125806.06451612903,1,167796.49152542374,0.7375231053604436,0,30046.107738998482,3,3,5,4
msg_660,node3,node0,317,48960000,48960001.0,1.0,,,,0.9851851851851852,145160.96774193548,1,167796.49152542374,0.7380073800738007,0,30000.58484848485,2,2,5,4
msg_661,node4,node0,317,48960000,48960001.0,1.0,,,,0.9851851851851852,212500.33333333334,1,167796.49152542374,0.7380073800738007,0,30000.58484848485,2,2,5,4
msg_662,node1,node0,317,49320000,49320000.0,0.0,,,,0.0,196875.0,1,167796.49152542374,0.7389705882352942,0,29909.95166163142,4,4,5,4
msg_663,node2,node0,317,49320000,49320001.0,1.0,,,,0.9852941176470589,125806.06451612903,1,167796.49152542374,0.7389705882352942,0,29909.95166163142,4,4,5,4
msg_664,node3,node0,317,49320000,49320001.0,1.0,,,,0.9852941176470589,145160.96774193548,1,167796.49152542374,0.7380952380952381,0,29819.86295180723,2,2,5,4
msg_665,node4,node0,317,49320000,49320001.0,1.0,,,,0.9852941176470589,212500.33333333334,1,167796.49152542374,0.7385740402193784,0,29775.022556390977,1,1,5,4
msg_666,node0,node3,317,49380001,49380001.0,0.0,,,,167796.49152542374,0.7390510948905109,1,0.9854014598540146,145160.96774193548,0,29730.316816816816,1,1,5,1
msg_667,node1,node0,317,49680000,49680000.0,0.0,,,,0.0,196875.0,1,166386.43697478992,0.7390510948905109,0,29685.743628185908,4,4,5,4
msg_668,node2,node0,317,49680000,49680001.0,1.0,,,,0.9854014598540146,125806.06451612903,1,166386.43697478992,0.7377049180327869,0,29641.30389221557,3,3,5,4
msg_669,node3,node0,317,49680000,49680001.0,1.0,,,,0.9854014598540146,140624.6875,1,166386.43697478992,0.7381818181818182,0,29596.998505231688,2,2,5,4
msg_670,node4,node0,317,49680000,49680001.0,1.0,,,,0.9854014598540146,212500.33333333334,1,166386.43697478992,0.7381818181818182,0,29596.998505231688,2,2,5,4
msg_671,node1,node0,317,50040000,50040000.0,0.0,,,,0.0,196875.0,1,166386.43697478992,0.7391304347826086,0,29508.78390461997,4,4,5,4
msg_672,node2,node0,317,50040000,50040001.0,1.0,,,,0.9855072463768116,125806.06451612903,1,166386.43697478992,0.7391304347826086,0,29508.78390461997,4,4,5,4
msg_673,node3,node0,317,50040000,50040001.0,1.0,,,,0.9855072463768116,140624.6875,1,166386.43697478992,0.7382671480144405,0,29421.092124814266,2,2,5,4
msg_674,node4,node0,317,50040000,50040001.0,1.0,,,,0.9855072463768116,212500.33333333334,1,166386.43697478992,0.7387387387387387,0,29377.442136498517,1,1,5,4
msg_675,node1,node0,317,50400000,50400000.0,0.0,,,,0.0,196875.0,1,166386.43697478992,0.7392086330935251,0,29333.92148148148,4,4,5,4
msg_676,node2,node0,317,50400000,50400001.0,1.0,,,,0.9856115107913669,125806.06451612903,1,166386.43697478992,0.7378815080789947,0,29290.528106508875,3,3,5,4
msg_677,node3,node0,317,50400000,50400001.0,1.0,,,,0.9856115107913669,140624.6875,1,166386.43697478992,0.7383512544802867,0,29247.264401772525,2,2,5,4
msg_678,node4,node0,317,50400000,50400001.0,1.0,,,,0.9856115107913669,212500.33333333334,1,166386.43697478992,0.7383512544802867,0,29247.264401772525,2,2,5,4
msg_679,node1,node0,317,50760000,50760000.0,0.0,,,,0.0,196875.0,1,166386.43697478992,0.7392857142857143,0,29161.119293078056,4,4,5,4
msg_680,node2,node0,317,50760000,50760001.0,1.0,,,,0.9857142857142858,125806.06451612903,1,166386.43697478992,0.7379679144385026,0,29118.235294117647,3,3,5,4
msg_681,node3,node0,317,50760000,50760001.0,1.0,,,,0.9857142857142858,140624.6875,1,166386.43697478992,0.7379679144385026,0,29118.235294117647,3,3,5,4
msg_682,node4,node0,317,50760000,50760001.0,1.0,,,,0.9857142857142858,212500.33333333334,1,166386.43697478992,0.738898756660746,0,29032.84750733138,1,1,5,4
msg_683,node0,node2,317,50820001,51120000.0,299999.0,,,,166386.43697478992,0.7393617021276596,2,0.9858156028368794,125806.06451612903,0,28990.341142020498,6,6,5,2
msg_684,node0,node4,317,50820001,51120001.0,300000.0,,,,167499.875,0.7394366197183099,2,0.9859154929577465,212500.33333333334,0,29215.704941860466,1,1,5,2
msg_685,node1,node0,317,51120000,51120000.0,0.0,,,,0.0,196875.0,1,166386.43697478992,0.7393617021276596,0,28990.341142020498,6,6,5,4
msg_686,node2,node0,317,51120000,51120001.0,1.0,,,,0.9858156028368794,131249.59375,1,167499.875,0.7380530973451327,0,29343.652554744527,4,4,5,4
msg_687,node3,node0,317,51120000,51120001.0,1.0,,,,0.9858156028368794,140624.6875,1,167499.875,0.7385159010600707,0,29300.879008746357,3,3,5,4
msg_688,node4,node0,317,51120000,51120001.0,1.0,,,,0.9858156028368794,212500.33333333334,1,167499.875,0.7385159010600707,0,29300.879008746357,3,3,5,4
msg_689,node0,node1,317,51180000,51180000.0,0.0,,,,168594.9173553719,0.7394366197183099,1,0.0,196875.0,0,29608.715529753266,1,1,5,1
msg_690,node1,node0,317,51480000,51480000.0,0.0,,,,0.0,190909.0909090909,1,167212.99180327868,0.7394366197183099,0,29565.804347826088,4,4,5,4
msg_691,node2,node0,317,51480000,51480001.0,1.0,,,,0.9859154929577465,131249.59375,1,167212.99180327868,0.7381370826010545,0,29523.017366136035,3,3,5,4
msg_692,node3,node0,317,51480000,51480001.0,1.0,,,,0.9859154929577465,140624.6875,1,167212.99180327868,0.7381370826010545,0,29523.017366136035,3,3,5,4
msg_693,node4,node0,317,51480000,51480001.0,1.0,,,,0.9859154929577465,216000.32,1,167212.99180327868,0.7390542907180385,0,29437.81673881674,1,1,5,4
msg_694,node0,node4,317,51540001,51840001.0,300000.0,,,,167212.99180327868,0.7391304347826086,1,0.986013986013986,216000.32,0,29268.880918220948,2,2,5,1
msg_695,node1,node0,317,51840000,51840000.0,0.0,,,,0.0,190909.0909090909,1,167212.99180327868,0.7395104895104895,0,29395.400576368877,5,5,5,4
msg_696,node2,node0,317,51840000,51840001.0,1.0,,,,0.986013986013986,131249.59375,1,167212.99180327868,0.7395104895104895,0,29395.400576368877,5,5,5,4
msg_697,node3,node0,317,51840000,51840001.0,1.0,,,,0.986013986013986,140624.6875,1,167212.99180327868,0.7386759581881533,0,29310.93247126437,3,3,5,4
msg_698,node4,node0,317,51840000,51840001.0,1.0,,,,0.986013986013986,216000.32,1,167212.99180327868,0.7391304347826086,0,29268.880918220948,2,2,5,4
msg_699,node0,node3,317,51900001,52200000.0,299999.0,,,,168292.56097560975,0.7395833333333334,2,0.9861111111111112,140624.6875,0,29614.321888412018,6,6,5,2
msg_700,node0,node4,317,51900001,52200001.0,300000.0,,,,169354.70967741936,0.7396551724137931,2,0.9862068965517241,219231.07692307694,0,29830.132102272728,1,1,5,2
msg_701,node1,node0,317,52200000,52200000.0,0.0,,,,0.0,190909.0909090909,1,168292.56097560975,0.7395833333333334,0,29614.321888412018,6,6,5,4
msg_702,node2,node0,317,52200000,52200001.0,1.0,,,,0.9861111111111112,131249.59375,1,169354.70967741936,0.7383015597920277,0,29957.788873038517,4,4,5,4
msg_703,node3,node0,317,52200000,52200001.0,1.0,,,,0.9861111111111112,145454.21212121213,1,169354.70967741936,0.7387543252595156,0,29915.115384615383,3,3,5,4
msg_704,node4,node0,317,52200000,52200001.0,1.0,,,,0.9861111111111112,219231.07692307694,1,169354.70967741936,0.7387543252595156,0,29915.115384615383,3,3,5,4
msg_705,node0,node2,317,52260001,52260001.0,0.0,,,,170399.872,0.7396551724137931,1,0.9862068965517241,131249.59375,0,30213.351773049646,1,1,5,1
msg_706,node1,node0,317,52560000,52560000.0,0.0,,,,0.0,190909.0909090909,1,169047.49206349207,0.7396551724137931,0,30170.556657223795,4,4,5,4
msg_707,node2,node0,317,52560000,52560001.0,1.0,,,,0.9862068965517241,127272.33333333333,1,169047.49206349207,0.7383820998278829,0,30127.882602545968,3,3,5,4
msg_708,node3,node0,317,52560000,52560001.0,1.0,,,,0.9862068965517241,145454.21212121213,1,169047.49206349207,0.7383820998278829,0,30127.882602545968,3,3,5,4
msg_709,node4,node0,317,52560000,52560001.0,1.0,,,,0.9862068965517241,222222.5185185185,1,169047.49206349207,0.7392795883361921,0,30042.89844851904,1,1,5,4
msg_710,node0,node2,317,52620001,52920000.0,299999.0,,,,169047.49206349207,0.7397260273972602,2,0.9863013698630136,127272.33333333333,0,30000.585915492957,6,6,5,2
msg_711,node0,node4,317,52620001,52920001.0,300000.0,,,,170078.6062992126,0.7397959183673469,2,0.9863945578231292,222222.5185185185,0,30210.374825174826,1,1,5,2
msg_712,node1,node0,317,52920000,52920000.0,0.0,,,,0.0,190909.0909090909,1,169047.49206349207,0.7397260273972602,0,30000.585915492957,6,6,5,4
msg_713,node2,node0,317,52920000,52920001.0,1.0,,,,0.9863013698630136,132352.5294117647,1,170078.6062992126,0.7384615384615385,0,30337.661516853932,4,4,5,4
msg_714,node3,node0,317,52920000,52920001.0,1.0,,,,0.9863013698630136,145454.21212121213,1,170078.6062992126,0.7389078498293515,0,30295.113604488077,3,3,5,4
msg_715,node4,node0,317,52920000,52920001.0,1.0,,,,0.9863013698630136,222222.5185185185,1,170078.6062992126,0.7389078498293515,0,30295.113604488077,3,3,5,4
msg_716,node1,node0,317,53280000,53280000.0,0.0,,,,0.0,190909.0909090909,1,171093.6171875,0.7397959183673469,0,30587.17597765363,4,4,5,4
msg_717,node2,node0,317,53280000,53280001.0,1.0,,,,0.9863945578231292,132352.5294117647,1,171093.6171875,0.7397959183673469,0,30587.17597765363,4,4,5,4
msg_718,node3,node0,317,53280000,53280001.0,1.0,,,,0.9863945578231292,145454.21212121213,1,171093.6171875,0.7389830508474576,0,30501.976323119776,2,2,5,4
msg_719,node4,node0,317,53280000,53280001.0,1.0,,,,0.9863945578231292,225000.2857142857,1,171093.6171875,0.739424703891709,0,30459.554937413075,1,1,5,4
msg_720,node0,node1,317,53340000,53340000.0,0.0,,,,171093.6171875,0.7398648648648649,1,0.0,190909.0909090909,0,30417.25138888889,1,1,5,1
msg_721,node0,node4,317,53340001,53340002.0,1.0,,,,169767.3100775194,0.7398648648648649,1,0.9864864864864865,225000.2857142857,0,30375.063800277392,1,1,5,1
msg_722,node1,node0,317,53640000,53640000.0,0.0,,,,0.0,185294.11764705883,1,168461.4153846154,0.7398648648648649,0,30332.994459833793,4,4,5,4
msg_723,node2,node0,317,53640000,53640001.0,1.0,,,,0.9864864864864865,132352.5294117647,1,168461.4153846154,0.7398648648648649,0,30332.994459833793,4,4,5,4
msg_724,node3,node0,317,53640000,53640001.0,1.0,,,,0.9864864864864865,145454.21212121213,1,168461.4153846154,0.7390572390572391,0,30249.203038674033,2,2,5,4
msg_725,node4,node0,317,53640000,53640001.0,1.0,,,,0.9864864864864865,217241.6896551724,1,168461.4153846154,0.7390572390572391,0,30249.203038674033,2,2,5,4
msg_726,node0,node1,317,53700000,54000000.0,300000.0,,,,165908.97727272726,0.7399328859060402,1,0.0,185294.11764705883,0,30083.002747252747,5,5,5,1
msg_727,node0,node3,317,53700001,53700001.0,0.0,,,,168461.4153846154,0.7399328859060402,2,0.9865771812080537,145454.21212121213,0,30165.87465564738,3,3,5,2
msg_728,node0,node4,317,53700001,53700002.0,1.0,,,,167175.4503816794,0.7399328859060402,2,0.9865771812080537,217241.6896551724,0,30124.381017881704,2,2,5,2
msg_729,node1,node0,317,54000000,54000000.0,0.0,,,,0.0,185294.11764705883,1,165908.97727272726,0.7399328859060402,0,30083.002747252747,5,5,5,4
msg_730,node2,node0,317,54000000,54000001.0,1.0,,,,0.9865771812080537,132352.5294117647,1,166917.18045112782,0.7386934673366834,0,30411.542465753424,3,3,5,4
msg_731,node3,node0,317,54000000,54000001.0,1.0,,,,0.9865771812080537,141176.14705882352,1,166917.18045112782,0.7391304347826086,0,30369.941176470587,2,2,5,4
msg_732,node4,node0,317,54000000,54000001.0,1.0,,,,0.9865771812080537,210000.33333333334,1,166917.18045112782,0.7391304347826086,0,30369.941176470587,2,2,5,4
msg_733,node0,node3,317,54060001,54360000.0,299999.0,,,,166917.18045112782,0.74,1,0.9866666666666667,141176.14705882352,0,30287.07912687585,5,5,5,1
msg_734,node1,node0,317,54360000,54360000.0,0.0,,,,0.0,188571.42857142858,1,166917.18045112782,0.74,0,30287.07912687585,5,5,5,4
msg_735,node2,node0,317,54360000,54360001.0,1.0,,,,0.9866666666666667,132352.5294117647,1,167910.32835820896,0.7387687188019967,0,30612.827210884352,3,3,5,4
msg_736,node3,node0,317,54360000,54360001.0,1.0,,,,0.9866666666666667,145713.94285714286,1,167910.32835820896,0.739202657807309,0,30571.235054347828,2,2,5,4
msg_737,node4,node0,317,54360000,54360001.0,1.0,,,,0.9866666666666667,210000.33333333334,1,167910.32835820896,0.739202657807309,0,30571.235054347828,2,2,5,4
msg_738,node0,node3,317,54420001,54720000.0,299999.0,,,,167910.32835820896,0.7388429752066116,1,0.9867549668874173,145713.94285714286,0,30447.13261163735,4,4,5,1
msg_739,node1,node0,317,54720000,54720000.0,0.0,,,,0.0,188571.42857142858,1,167910.32835820896,0.7400662251655629,0,30488.38888888889,5,5,5,4
msg_740,node2,node0,317,54720000,54720001.0,1.0,,,,0.9867549668874173,132352.5294117647,1,167910.32835820896,0.7388429752066116,0,30447.13261163735,4,4,5,4
msg_741,node3,node0,317,54720000,54720001.0,1.0,,,,0.9867549668874173,149999.63888888888,1,168888.76296296297,0.7392739273927392,0,30769.81241565452,2,2,5,4
msg_742,node4,node0,317,54720000,54720001.0,1.0,,,,0.9867549668874173,210000.33333333334,1,168888.76296296297,0.7397034596375618,0,30728.34501347709,1,1,5,4
msg_743,node0,node1,317,54780000,54780000.0,0.0,,,,168888.76296296297,0.7401315789473685,1,0.0,188571.42857142858,0,30686.98923283984,1,1,5,1
msg_744,node0,node2,317,54780001,54780001.0,0.0,,,,167646.9338235294,0.7401315789473685,2,0.9868421052631579,132352.5294117647,0,30645.74327956989,2,2,5,2
msg_745,node0,node4,317,54780001,54780002.0,1.0,,,,166423.23357664235,0.7401315789473685,2,0.9868421052631579,210000.33333333334,0,30604.608053691274,1,1,5,2
msg_746,node1,node0,317,55080000,55080000.0,0.0,,,,0.0,183333.33333333334,1,165217.27536231885,0.7401315789473685,0,30563.584450402144,4,4,5,4
msg_747,node2,node0,317,55080000,55080001.0,1.0,,,,0.9868421052631579,128571.02857142857,1,165217.27536231885,0.7389162561576355,0,30522.66934404284,3,3,5,4
msg_748,node3,node0,317,55080000,55080001.0,1.0,,,,0.9868421052631579,149999.63888888888,1,165217.27536231885,0.7389162561576355,0,30522.66934404284,3,3,5,4
msg_749,node4,node0,317,55080000,55080001.0,1.0,,,,0.9868421052631579,203226.16129032258,1,165217.27536231885,0.7397708674304418,0,30441.16955941255,1,1,5,4
msg_750,node1,node0,317,55440000,55440000.0,0.0,,,,0.0,183333.33333333334,1,165217.27536231885,0.7401960784313726,0,30400.582666666665,4,4,5,4
msg_751,node2,node0,317,55440000,55440001.0,1.0,,,,0.9869281045751634,128571.02857142857,1,165217.27536231885,0.7401960784313726,0,30400.582666666665,4,4,5,4
msg_752,node3,node0,317,55440000,55440001.0,1.0,,,,0.9869281045751634,149999.63888888888,1,165217.27536231885,0.739413680781759,0,30319.731382978724,2,2,5,4
msg_753,node4,node0,317,55440000,55440001.0,1.0,,,,0.9869281045751634,203226.16129032258,1,165217.27536231885,0.7398373983739838,0,30279.467463479417,1,1,5,4
msg_754,node0,node4,317,55500001,55800001.0,300000.0,,,,165217.27536231885,0.7399030694668821,1,0.987012987012987,203226.16129032258,0,30119.47424042272,2,2,5,1
msg_755,node1,node0,317,55800000,55800000.0,0.0,,,,0.0,183333.33333333334,1,165217.27536231885,0.7402597402597403,0,30239.310344827587,5,5,5,4
msg_756,node2,node0,317,55800000,55800001.0,1.0,,,,0.987012987012987,128571.02857142857,1,165217.27536231885,0.7390599675850892,0,30199.258278145695,4,4,5,4
msg_757,node3,node0,317,55800000,55800001.0,1.0,,,,0.987012987012987,149999.63888888888,1,165217.27536231885,0.7390599675850892,0,30199.258278145695,4,4,5,4
msg_758,node4,node0,317,55800000,55800001.0,1.0,,,,0.987012987012987,206250.34375,1,166186.93525179857,0.7399030694668821,0,30475.51715039578,1,1,5,4
msg_759,node0,node4,317,55860001,56160001.0,300000.0,,,,166186.93525179857,0.7395498392282959,1,0.9870967741935484,206250.34375,0,30355.37976346912,3,3,5,1
msg_760,node1,node0,317,56160000,56160000.0,0.0,,,,0.0,183333.33333333334,1,166186.93525179857,0.7403225806451613,0,30435.366271409748,5,5,5,4
msg_761,node2,node0,317,56160000,56160001.0,1.0,,,,0.9870967741935484,128571.02857142857,1,166186.93525179857,0.7391304347826086,0,30395.319736842106,4,4,5,4
msg_762,node3,node0,317,56160000,56160001.0,1.0,,,,0.9870967741935484,149999.63888888888,1,166186.93525179857,0.7395498392282959,0,30355.37976346912,3,3,5,4
msg_763,node4,node0,317,56160000,56160001.0,1.0,,,,0.9870967741935484,209091.24242424243,1,167142.74285714285,0.7399678972712681,0,30668.99737876802,1,1,5,4
msg_764,node0,node3,317,56220001,56220001.0,0.0,,,,167142.74285714285,0.7403846153846154,2,0.9871794871794872,149999.63888888888,0,30628.856020942407,2,2,5,2
msg_765,node0,node4,317,56220001,56220002.0,1.0,,,,167142.74285714285,0.7403846153846154,2,0.9871794871794872,209091.24242424243,0,30628.856020942407,2,2,5,2
msg_766,node1,node0,317,56520000,56520000.0,0.0,,,,0.0,183333.33333333334,1,164788.62676056338,0.7403846153846154,0,30548.886422976502,4,4,5,4
msg_767,node2,node0,317,56520000,56520001.0,1.0,,,,0.9871794871794872,128571.02857142857,1,164788.62676056338,0.7403846153846154,0,30548.886422976502,4,4,5,4
msg_768,node3,node0,317,56520000,56520001.0,1.0,,,,0.9871794871794872,145945.5945945946,1,164788.62676056338,0.7396166134185304,0,30469.333333333332,2,2,5,4
msg_769,node4,node0,317,56520000,56520001.0,1.0,,,,0.9871794871794872,202941.5294117647,1,164788.62676056338,0.7400318979266348,0,30429.712613784137,1,1,5,4
msg_770,node1,node0,317,56880000,56880000.0,0.0,,,,0.0,183333.33333333334,1,164788.62676056338,0.7404458598726115,0,30390.194805194806,4,4,5,4
msg_771,node2,node0,317,56880000,56880001.0,1.0,,,,0.9872611464968153,128571.02857142857,1,164788.62676056338,0.7404458598726115,0,30390.194805194806,4,4,5,4
msg_772,node3,node0,317,56880000,56880001.0,1.0,,,,0.9872611464968153,145945.5945945946,1,164788.62676056338,0.7396825396825397,0,30311.465025906735,2,2,5,4
msg_773,node4,node0,317,56880000,56880001.0,1.0,,,,0.9872611464968153,202941.5294117647,1,164788.62676056338,0.7400950871632329,0,30272.253557567918,1,1,5,4
msg_774,node0,node2,317,56940001,57240000.0,299999.0,,,,164788.62676056338,0.7393364928909952,2,0.9873417721518988,128571.02857142857,0,30194.132903225807,5,5,5,2
msg_775,node0,node3,317,56940001,57240001.0,300000.0,,,,165734.15384615384,0.7397476340694006,2,0.9873417721518988,145945.5945945946,0,30502.513513513513,3,3,5,2
msg_776,node1,node0,317,57240000,57240000.0,0.0,,,,0.0,183333.33333333334,1,164788.62676056338,0.740506329113924,0,30233.143410852714,6,6,5,4
msg_777,node2,node0,317,57240000,57240001.0,1.0,,,,0.9873417721518988,128571.02857142857,1,164788.62676056338,0.7393364928909952,0,30194.132903225807,5,5,5,4
msg_778,node3,node0,317,57240000,57240001.0,1.0,,,,0.9873417721518988,149999.65789473685,1,166666.55555555556,0.7397476340694006,0,30848.911311053984,2,2,5,4
msg_779,node4,node0,317,57240000,57240001.0,1.0,,,,0.9873417721518988,202941.5294117647,1,166666.55555555556,0.7401574803149606,0,30809.311938382543,1,1,5,4
msg_780,node0,node4,317,57300001,57600001.0,300000.0,,,,166666.55555555556,0.7398119122257053,1,0.9874213836477987,202941.5294117647,0,30691.12020460358,3,3,5,1
msg_781,node1,node0,317,57600000,57600000.0,0.0,,,,0.0,183333.33333333334,1,166666.55555555556,0.7405660377358491,0,30769.8141025641,5,5,5,4
msg_782,node2,node0,317,57600000,57600001.0,1.0,,,,0.9874213836477987,133332.91666666666,1,166666.55555555556,0.7394034536891679,0,30730.416133162613,4,4,5,4
msg_783,node3,node0,317,57600000,57600001.0,1.0,,,,0.9874213836477987,149999.65789473685,1,166666.55555555556,0.7398119122257053,0,30691.12020460358,3,3,5,4
msg_784,node4,node0,317,57600000,57600001.0,1.0,,,,0.9874213836477987,205714.62857142856,1,167586.09655172413,0.7402190923317684,0,30995.480867346938,1,1,5,4
msg_785,node0,node2,317,57660001,57960000.0,299999.0,,,,167586.09655172413,0.7394695787831513,1,0.9875,133332.91666666666,0,30916.613231552165,4,4,5,1
msg_786,node1,node0,317,57960000,57960000.0,0.0,,,,0.0,183333.33333333334,1,167586.09655172413,0.740625,0,30955.997452229298,5,5,5,4
msg_787,node2,node0,317,57960000,57960001.0,1.0,,,,0.9875,133332.91666666666,1,167586.09655172413,0.7394695787831513,0,30916.613231552165,4,4,5,4
msg_788,node3,node0,317,57960000,57960001.0,1.0,,,,0.9875,149999.65789473685,1,168493.03424657535,0.7398753894080997,0,31218.855329949238,2,2,5,4
msg_789,node4,node0,317,57960000,57960001.0,1.0,,,,0.9875,205714.62857142856,1,168493.03424657535,0.7402799377916018,0,31179.28897338403,1,1,5,4
msg_790,node0,node1,317,58020000,58320000.0,300000.0,,,,166216.1081081081,0.7406832298136646,1,0.0,183333.33333333334,0,31061.18813131313,5,5,5,1
msg_791,node0,node2,317,58020001,58020001.0,0.0,,,,168493.03424657535,0.7406832298136646,2,0.9875776397515528,137837.4054054054,0,31139.822784810127,3,3,5,2
msg_792,node0,node4,317,58020001,58020002.0,1.0,,,,168493.03424657535,0.7406832298136646,2,0.9875776397515528,205714.62857142856,0,31139.822784810127,3,3,5,2
msg_793,node1,node0,317,58320000,58320000.0,0.0,,,,0.0,183333.33333333334,1,166216.1081081081,0.7406832298136646,0,31061.18813131313,5,5,5,4
msg_794,node2,node0,317,58320000,58320001.0,1.0,,,,0.9875776397515528,134210.1052631579,1,167113.9865771812,0.7395348837209302,0,31360.782115869017,3,3,5,4
msg_795,node3,node0,317,58320000,58320001.0,1.0,,,,0.9875776397515528,149999.65789473685,1,167113.9865771812,0.739938080495356,0,31321.335849056602,2,2,5,4
msg_796,node4,node0,317,58320000,58320001.0,1.0,,,,0.9875776397515528,200000.36111111112,1,167113.9865771812,0.739938080495356,0,31321.335849056602,2,2,5,4
msg_797,node0,node2,317,58380001,58680000.0,299999.0,,,,167113.9865771812,0.7395993836671803,1,0.9876543209876543,134210.1052631579,0,31203.588972431076,4,4,5,1
msg_798,node1,node0,317,58680000,58680000.0,0.0,,,,0.0,186486.48648648648,1,167113.9865771812,0.7407407407407407,0,31242.740276035132,5,5,5,4
msg_799,node2,node0,317,58680000,58680001.0,1.0,,,,0.9876543209876543,138461.10256410256,1,167999.88666666666,0.7395993836671803,0,31540.003754693367,3,3,5,4
msg_800,node3,node0,317,58680000,58680001.0,1.0,,,,0.9876543209876543,149999.65789473685,1,167999.88666666666,0.74,0,31500.58,2,2,5,4
msg_801,node4,node0,317,58680000,58680001.0,1.0,,,,0.9876543209876543,200000.36111111112,1,167999.88666666666,0.7403993855606759,0,31461.25468164794,1,1,5,4
msg_802,node0,node1,317,58740000,58740000.0,0.0,,,,167999.88666666666,0.74079754601227,1,0.0,186486.48648648648,0,31422.027431421448,1,1,5,1
msg_803,node0,node3,317,58740001,58740001.0,0.0,,,,166887.3046357616,0.74079754601227,1,0.9877300613496932,149999.65789473685,0,31382.896637608967,1,1,5,1
msg_804,node1,node0,317,59040000,59040000.0,0.0,,,,0.0,181578.94736842104,1,165789.36184210525,0.74079754601227,0,31343.8631840796,4,4,5,4
msg_805,node2,node0,317,59040000,59040001.0,1.0,,,,0.9877300613496932,138461.10256410256,1,165789.36184210525,0.7396630934150077,0,31304.926708074534,3,3,5,4
msg_806,node3,node0,317,59040000,59040001.0,1.0,,,,0.9877300613496932,146153.5128205128,1,165789.36184210525,0.7400611620795107,0,31266.088089330024,2,2,5,4
msg_807,node4,node0,317,59040000,59040001.0,1.0,,,,0.9877300613496932,200000.36111111112,1,165789.36184210525,0.7400611620795107,0,31266.088089330024,2,2,5,4
msg_808,node1,node0,317,59400000,59400000.0,0.0,,,,0.0,181578.94736842104,1,165789.36184210525,0.7408536585365854,0,31188.699257425742,4,4,5,4
msg_809,node2,node0,317,59400000,59400001.0,1.0,,,,0.9878048780487805,138461.10256410256,1,165789.36184210525,0.7397260273972602,0,31150.147095179233,3,3,5,4
msg_810,node3,node0,317,59400000,59400001.0,1.0,,,,0.9878048780487805,146153.5128205128,1,165789.36184210525,0.7401215805471124,0,31111.69135802469,2,2,5,4
msg_811,node4,node0,317,59400000,59400001.0,1.0,,,,0.9878048780487805,200000.36111111112,1,165789.36184210525,0.7401215805471124,0,31111.69135802469,2,2,5,4
msg_812,node0,node2,317,59460001,59760000.0,299999.0,,,,165789.36184210525,0.740909090909091,1,0.9878787878787879,138461.10256410256,0,31035.064039408866,5,5,5,1
msg_813,node1,node0,317,59760000,59760000.0,0.0,,,,0.0,181578.94736842104,1,165789.36184210525,0.740909090909091,0,31035.064039408866,5,5,5,4
msg_814,node2,node0,317,59760000,59760001.0,1.0,,,,0.9878787878787879,142499.55,1,166666.54901960783,0.7397881996974282,0,31327.35995085995,3,3,5,4
msg_815,node3,node0,317,59760000,59760001.0,1.0,,,,0.9878787878787879,146153.5128205128,1,166666.54901960783,0.7401812688821753,0,31288.9226993865,2,2,5,4
msg_816,node4,node0,317,59760000,59760001.0,1.0,,,,0.9878787878787879,200000.36111111112,1,166666.54901960783,0.7401812688821753,0,31288.9226993865,2,2,5,4
msg_817,node0,node1,317,59820000,60120000.0,300000.0,,,,166666.54901960783,0.7398496240601504,1,0.0,181578.94736842104,0,31174.17359413203,4,4,5,1
msg_818,node1,node0,317,60120000,60120000.0,0.0,,,,0.0,181578.94736842104,1,166666.54901960783,0.7409638554216867,0,31212.33047735618,5,5,5,4
msg_819,node2,node0,317,60120000,60120001.0,1.0,,,,0.9879518072289156,142499.55,1,166666.54901960783,0.7398496240601504,0,31174.17359413203,4,4,5,4
msg_820,node3,node0,317,60120000,60120001.0,1.0,,,,0.9879518072289156,146153.5128205128,1,167532.35064935064,0.7402402402402403,0,31463.993902439026,2,2,5,4
msg_821,node4,node0,317,60120000,60120001.0,1.0,,,,0.9879518072289156,200000.36111111112,1,167532.35064935064,0.7402402402402403,0,31463.993902439026,2,2,5,4
msg_822,node1,node0,317,60480000,60480000.0,0.0,,,,0.0,184615.38461538462,1,167532.35064935064,0.7410179640718563,0,31387.441605839416,4,4,5,4
msg_823,node2,node0,317,60480000,60480001.0,1.0,,,,0.9880239520958084,142499.55,1,167532.35064935064,0.7399103139013453,0,31349.30376670717,3,3,5,4
msg_824,node3,node0,317,60480000,60480001.0,1.0,,,,0.9880239520958084,146153.5128205128,1,167532.35064935064,0.7402985074626866,0,31311.259708737864,2,2,5,4
msg_825,node4,node0,317,60480000,60480001.0,1.0,,,,0.9880239520958084,200000.36111111112,1,167532.35064935064,0.7402985074626866,0,31311.259708737864,2,2,5,4
msg_826,node0,node2,317,60540001,60840000.0,299999.0,,,,167532.35064935064,0.7399702823179792,1,0.9880952380952381,142499.55,0,31197.678355501816,4,4,5,1
msg_827,node1,node0,317,60840000,60840000.0,0.0,,,,0.0,184615.38461538462,1,167532.35064935064,0.7410714285714286,0,31235.44794188862,5,5,5,4
msg_828,node2,node0,317,60840000,60840001.0,1.0,,,,0.9880952380952381,146341.0,1,168386.97419354838,0.7399702823179792,0,31522.31763285024,3,3,5,4
msg_829,node3,node0,317,60840000,60840001.0,1.0,,,,0.9880952380952381,146153.5128205128,1,168386.97419354838,0.7399702823179792,0,31522.31763285024,3,3,5,4
msg_830,node4,node0,317,60840000,60840001.0,1.0,,,,0.9880952380952381,200000.36111111112,1,168386.97419354838,0.7407407407407407,0,31446.36265060241,1,1,5,4
msg_831,node1,node0,317,61200000,61200000.0,0.0,,,,0.0,184615.38461538462,1,168386.97419354838,0.7411242603550295,0,31408.522262334536,4,4,5,4
msg_832,node2,node0,317,61200000,61200001.0,1.0,,,,0.9881656804733728,146341.0,1,168386.97419354838,0.7411242603550295,0,31408.522262334536,4,4,5,4
msg_833,node3,node0,317,61200000,61200001.0,1.0,,,,0.9881656804733728,146153.5128205128,1,168386.97419354838,0.7404129793510325,0,31333.112845138054,2,2,5,4
msg_834,node4,node0,317,61200000,61200001.0,1.0,,,,0.9881656804733728,200000.36111111112,1,168386.97419354838,0.7404129793510325,0,31333.112845138054,2,2,5,4
msg_835,node0,node2,317,61260001,61560000.0,299999.0,,,,168386.97419354838,0.7411764705882353,1,0.9882352941176471,146341.0,0,31258.065868263475,5,5,5,1
msg_836,node1,node0,317,61560000,61560000.0,0.0,,,,0.0,184615.38461538462,1,168386.97419354838,0.7411764705882353,0,31258.065868263475,5,5,5,4
msg_837,node2,node0,317,61560000,61560001.0,1.0,,,,0.9882352941176471,149999.52380952382,1,169230.64102564103,0.7400881057268722,0,31541.796893667863,3,3,5,4
msg_838,node3,node0,317,61560000,61560001.0,1.0,,,,0.9882352941176471,146153.5128205128,1,169230.64102564103,0.7404692082111437,0,31504.158711217184,2,2,5,4
msg_839,node4,node0,317,61560000,61560001.0,1.0,,,,0.9882352941176471,200000.36111111112,1,169230.64102564103,0.7404692082111437,0,31504.158711217184,2,2,5,4
msg_840,node1,node0,317,61920000,61920000.0,0.0,,,,0.0,184615.38461538462,1,169230.64102564103,0.7412280701754386,0,31429.15119047619,4,4,5,4
msg_841,node2,node0,317,61920000,61920001.0,1.0,,,,0.9883040935672515,149999.52380952382,1,169230.64102564103,0.7412280701754386,0,31429.15119047619,4,4,5,4
msg_842,node3,node0,317,61920000,61920001.0,1.0,,,,0.9883040935672515,146153.5128205128,1,169230.64102564103,0.7405247813411079,0,31354.498812351543,2,2,5,4
msg_843,node4,node0,317,61920000,61920001.0,1.0,,,,0.9883040935672515,200000.36111111112,1,169230.64102564103,0.7409024745269287,0,31317.306049822066,1,1,5,4
msg_844,node1,node0,317,62280000,62280000.0,0.0,,,,0.0,184615.38461538462,1,169230.64102564103,0.7412790697674418,0,31280.201421800946,4,4,5,4
msg_845,node2,node0,317,62280000,62280001.0,1.0,,,,0.9883720930232558,149999.52380952382,1,169230.64102564103,0.7402031930333817,0,31243.183431952664,3,3,5,4
msg_846,node3,node0,317,62280000,62280001.0,1.0,,,,0.9883720930232558,146153.5128205128,1,169230.64102564103,0.7402031930333817,0,31243.183431952664,3,3,5,4
msg_847,node4,node0,317,62280000,62280001.0,1.0,,,,0.9883720930232558,200000.36111111112,1,169230.64102564103,0.7409551374819102,0,31169.41204250295,1,1,5,4
msg_848,node0,node2,317,62340001,62340001.0,0.0,,,,169230.64102564103,0.7413294797687862,1,0.9884393063583815,149999.52380952382,0,31132.656839622643,1,1,5,1
msg_849,node1,node0,317,62640000,62640000.0,0.0,,,,0.0,184615.38461538462,1,168152.7388535032,0.7413294797687862,0,31095.987043580684,4,4,5,4
msg_850,node2,node0,317,62640000,62640001.0,1.0,,,,0.9884393063583815,146511.16279069768,1,168152.7388535032,0.7413294797687862,0,31095.987043580684,4,4,5,4
msg_851,node3,node0,317,62640000,62640001.0,1.0,,,,0.9884393063583815,146153.5128205128,1,168152.7388535032,0.7406340057636888,0,31022.907168037604,2,2,5,4
msg_852,node4,node0,317,62640000,62640001.0,1.0,,,,0.9884393063583815,200000.36111111112,1,168152.7388535032,0.7410071942446043,0,30986.49647887324,1,1,5,4
msg_853,node0,node1,317,62700000,62700000.0,0.0,,,,168152.7388535032,0.7413793103448276,1,0.0,184615.38461538462,0,30950.171160609614,1,1,5,1
msg_854,node1,node0,317,63000000,63000000.0,0.0,,,,0.0,180000.0,1,167088.48101265822,0.7413793103448276,0,30913.92974238876,4,4,5,4
msg_855,node2,node0,317,63000000,63000001.0,1.0,,,,0.9885057471264368,146511.16279069768,1,167088.48101265822,0.7413793103448276,0,30913.92974238876,4,4,5,4
msg_856,node3,node0,317,63000000,63000001.0,1.0,,,,0.9885057471264368,146153.5128205128,1,167088.48101265822,0.7406876790830945,0,30841.702102803738,2,2,5,4
msg_857,node4,node0,317,63000000,63000001.0,1.0,,,,0.9885057471264368,200000.36111111112,1,167088.48101265822,0.7410586552217453,0,30805.71528588098,1,1,5,4
msg_858,node0,node1,317,63060000,63060000.0,0.0,,,,167088.48101265822,0.7414285714285714,1,0.0,180000.0,0,30769.812354312355,1,1,5,1
msg_859,node0,node4,317,63060001,63060002.0,1.0,,,,166037.61006289307,0.7414285714285714,1,0.9885714285714285,200000.36111111112,0,30733.99185098952,1,1,5,1
msg_860,node1,node0,317,63360000,63360000.0,0.0,,,,0.0,175609.75609756098,1,164999.88125,0.7414285714285714,0,30698.25581395349,4,4,5,4
msg_861,node2,node0,317,63360000,63360001.0,1.0,,,,0.9885714285714285,146511.16279069768,1,164999.88125,0.7403708987161198,0,30662.60162601626,3,3,5,4
msg_862,node3,node0,317,63360000,63360001.0,1.0,,,,0.9885714285714285,146153.5128205128,1,164999.88125,0.7407407407407407,0,30627.0313225058,2,2,5,4
msg_863,node4,node0,317,63360000,63360001.0,1.0,,,,0.9885714285714285,194594.97297297296,1,164999.88125,0.7411095305832148,0,30591.543453070684,1,1,5,4
msg_864,node0,node2,317,63420001,63720000.0,299999.0,,,,164999.88125,0.7404255319148936,1,0.9886363636363636,146511.16279069768,0,30520.812716763005,4,4,5,1
msg_865,node1,node0,317,63720000,63720000.0,0.0,,,,0.0,175609.75609756098,1,164999.88125,0.7414772727272727,0,30556.13773148148,5,5,5,4
msg_866,node2,node0,317,63720000,63720001.0,1.0,,,,0.9886363636363636,146511.16279069768,1,164999.88125,0.7404255319148936,0,30520.812716763005,4,4,5,4
msg_867,node3,node0,317,63720000,63720001.0,1.0,,,,0.9886363636363636,146153.5128205128,1,165838.38509316772,0.7407932011331445,0,30796.42791234141,2,2,5,4
msg_868,node4,node0,317,63720000,63720001.0,1.0,,,,0.9886363636363636,194594.97297297296,1,165838.38509316772,0.7411598302687411,0,30760.94930875576,1,1,5,4
msg_869,node0,node4,317,63780001,64080001.0,300000.0,,,,165838.38509316772,0.7408450704225352,1,0.9887005649717514,194594.97297297296,0,30655.001148105624,3,3,5,1
msg_870,node1,node0,317,64080000,64080000.0,0.0,,,,0.0,175609.75609756098,1,165838.38509316772,0.7415254237288136,0,30725.552359033372,5,5,5,4
msg_871,node2,node0,317,64080000,64080001.0,1.0,,,,0.9887005649717514,149999.52272727274,1,165838.38509316772,0.7404795486600846,0,30690.235632183907,4,4,5,4
msg_872,node3,node0,317,64080000,64080001.0,1.0,,,,0.9887005649717514,146153.5128205128,1,165838.38509316772,0.7408450704225352,0,30655.001148105624,3,3,5,4
msg_873,node4,node0,317,64080000,64080001.0,1.0,,,,0.9887005649717514,197368.7894736842,1,166666.54320987655,0.7412095639943741,0,30928.415807560137,1,1,5,4
msg_874,node0,node2,317,64140001,64140001.0,0.0,,,,166666.54320987655,0.7415730337078652,2,0.9887640449438202,149999.52272727274,0,30893.029748283752,2,2,5,2
msg_875,node0,node3,317,64140001,64140002.0,1.0,,,,166666.54320987655,0.7415730337078652,2,0.9887640449438202,146153.5128205128,0,30893.029748283752,2,2,5,2
msg_876,node1,node0,317,64440000,64440000.0,0.0,,,,0.0,175609.75609756098,1,164634.03048780488,0.7415730337078652,0,30822.49885844749,4,4,5,4
msg_877,node2,node0,317,64440000,64440001.0,1.0,,,,0.9887640449438202,146666.2,1,164634.03048780488,0.7405329593267882,0,30787.353477765108,3,3,5,4
msg_878,node3,node0,317,64440000,64440001.0,1.0,,,,0.9887640449438202,142499.7,1,164634.03048780488,0.7408963585434174,0,30752.28929384966,2,2,5,4
msg_879,node4,node0,317,64440000,64440001.0,1.0,,,,0.9887640449438202,197368.7894736842,1,164634.03048780488,0.7408963585434174,0,30752.28929384966,2,2,5,4
msg_880,node0,node2,317,64500001,64800000.0,299999.0,,,,164634.03048780488,0.7405857740585774,1,0.9888268156424581,146666.2,0,30647.573212258798,4,4,5,1
msg_881,node1,node0,317,64800000,64800000.0,0.0,,,,0.0,175609.75609756098,1,164634.03048780488,0.7416201117318436,0,30682.4,5,5,5,4
msg_882,node2,node0,317,64800000,64800001.0,1.0,,,,0.9888268156424581,146666.2,1,164634.03048780488,0.7405857740585774,0,30647.573212258798,4,4,5,4
msg_883,node3,node0,317,64800000,64800001.0,1.0,,,,0.9888268156424581,142499.7,1,165454.42424242425,0.7409470752089137,0,30917.907134767836,2,2,5,4
msg_884,node4,node0,317,64800000,64800001.0,1.0,,,,0.9888268156424581,197368.7894736842,1,165454.42424242425,0.741307371349096,0,30882.93325791855,1,1,5,4
msg_885,node0,node2,317,64860001,64860001.0,0.0,,,,165454.42424242425,0.7416666666666667,1,0.9888888888888889,149999.52173913043,0,30848.038418079097,1,1,5,1
msg_886,node1,node0,317,65160000,65160000.0,0.0,,,,0.0,175609.75609756098,1,164457.7108433735,0.7416666666666667,0,30813.221218961626,4,4,5,4
msg_887,node2,node0,317,65160000,65160001.0,1.0,,,,0.9888888888888889,146808.04255319148,1,164457.7108433735,0.7416666666666667,0,30813.221218961626,4,4,5,4
msg_888,node3,node0,317,65160000,65160001.0,1.0,,,,0.9888888888888889,142499.7,1,164457.7108433735,0.7409972299168975,0,30743.8231981982,2,2,5,4
msg_889,node4,node0,317,65160000,65160001.0,1.0,,,,0.9888888888888889,197368.7894736842,1,164457.7108433735,0.7413554633471646,0,30709.241844769404,1,1,5,4
msg_890,node1,node0,317,65520000,65520000.0,0.0,,,,0.0,175609.75609756098,1,164457.7108433735,0.7417127071823204,0,30674.73820224719,4,4,5,4
msg_891,node2,node0,317,65520000,65520001.0,1.0,,,,0.988950276243094,146808.04255319148,1,164457.7108433735,0.7417127071823204,0,30674.73820224719,4,4,5,4
msg_892,node3,node0,317,65520000,65520001.0,1.0,,,,0.988950276243094,142499.7,1,164457.7108433735,0.7410468319559229,0,30605.961883408072,2,2,5,4
msg_893,node4,node0,317,65520000,65520001.0,1.0,,,,0.988950276243094,197368.7894736842,1,164457.7108433735,0.7414030261348006,0,30571.689809630458,1,1,5,4
msg_894,node0,node2,317,65580000,65580001.0,1.0,,,,164457.7108433735,0.7417582417582418,1,0.989010989010989,146808.04255319148,0,30537.494407158836,1,1,5,1
msg_895,node1,node0,317,65880000,65880000.0,0.0,,,,0.0,175609.75609756098,1,163472.9401197605,0.7417582417582418,0,30503.375418994412,4,4,5,4
msg_896,node2,node0,317,65880000,65880001.0,1.0,,,,0.989010989010989,143749.5625,1,163472.9401197605,0.7417582417582418,0,30503.375418994412,4,4,5,4
msg_897,node3,node0,317,65880000,65880001.0,1.0,,,,0.989010989010989,142499.7,1,163472.9401197605,0.7410958904109589,0,30435.364548494985,2,2,5,4
msg_898,node4,node0,317,65880000,65880001.0,1.0,,,,0.989010989010989,197368.7894736842,1,163472.9401197605,0.7414500683994528,0,30401.473273942094,1,1,5,4
msg_899,node1,node0,317,66240000,66240000.0,0.0,,,,0.0,175609.75609756098,1,163472.9401197605,0.7418032786885246,0,30367.657397107898,4,4,5,4
msg_900,node2,node0,317,66240000,66240001.0,1.0,,,,0.9890710382513661,143749.5625,1,163472.9401197605,0.7407912687585266,0,30333.915555555555,3,3,5,4
msg_901,node3,node0,317,66240000,66240001.0,1.0,,,,0.9890710382513661,142499.7,1,163472.9401197605,0.7407912687585266,0,30333.915555555555,3,3,5,4
msg_902,node4,node0,317,66240000,66240001.0,1.0,,,,0.9890710382513661,197368.7894736842,1,163472.9401197605,0.7414965986394558,0,30266.658536585364,1,1,5,4
msg_903,node0,node1,317,66300000,66300000.0,0.0,,,,163472.9401197605,0.7418478260869565,1,0.0,175609.75609756098,0,30233.141749723145,1,1,5,1
msg_904,node1,node0,317,66600000,66600000.0,0.0,,,,0.0,171428.57142857142,1,162499.8869047619,0.7418478260869565,0,30199.69800884956,4,4,5,4
msg_905,node2,node0,317,66600000,66600001.0,1.0,,,,0.9891304347826086,143749.5625,1,162499.8869047619,0.7418478260869565,0,30199.69800884956,4,4,5,4
msg_906,node3,node0,317,66600000,66600001.0,1.0,,,,0.9891304347826086,142499.7,1,162499.8869047619,0.7411924119241192,0,30133.03311258278,2,2,5,4
msg_907,node4,node0,317,66600000,66600001.0,1.0,,,,0.9891304347826086,197368.7894736842,1,162499.8869047619,0.7415426251691475,0,30099.811466372656,1,1,5,4
msg_908,node0,node3,317,66660001,66660001.0,0.0,,,,162499.8869047619,0.7418918918918919,1,0.9891891891891892,142499.7,0,30066.662995594714,1,1,5,1
msg_909,node1,node0,317,66960000,66960000.0,0.0,,,,0.0,171428.57142857142,1,161538.34911242605,0.7418918918918919,0,30033.586358635865,4,4,5,4
msg_910,node2,node0,317,66960000,66960001.0,1.0,,,,0.9891891891891892,143749.5625,1,161538.34911242605,0.7418918918918919,0,30033.586358635865,4,4,5,4
msg_911,node3,node0,317,66960000,66960001.0,1.0,,,,0.9891891891891892,139024.0975609756,1,161538.34911242605,0.7412398921832885,0,29967.652030735455,2,2,5,4
msg_912,node4,node0,317,66960000,66960001.0,1.0,,,,0.9891891891891892,197368.7894736842,1,161538.34911242605,0.7415881561238223,0,29934.793859649122,1,1,5,4
msg_913,node1,node0,317,67320000,67320000.0,0.0,,,,0.0,171428.57142857142,1,161538.34911242605,0.7419354838709677,0,29902.007667031765,4,4,5,4
msg_914,node2,node0,317,67320000,67320001.0,1.0,,,,0.989247311827957,143749.5625,1,161538.34911242605,0.7409395973154362,0,29869.292122538292,3,3,5,4
msg_915,node3,node0,317,67320000,67320001.0,1.0,,,,0.989247311827957,139024.0975609756,1,161538.34911242605,0.7409395973154362,0,29869.292122538292,3,3,5,4
msg_916,node4,node0,317,67320000,67320001.0,1.0,,,,0.989247311827957,197368.7894736842,1,161538.34911242605,0.7416331994645248,0,29804.07751091703,1,1,5,4
msg_917,node1,node0,317,67680000,67680000.0,0.0,,,,0.0,171428.57142857142,1,161538.34911242605,0.7419786096256684,0,29771.576881134133,4,4,5,4
msg_918,node2,node0,317,67680000,67680001.0,1.0,,,,0.9893048128342246,143749.5625,1,161538.34911242605,0.7419786096256684,0,29771.576881134133,4,4,5,4
msg_919,node3,node0,317,67680000,67680001.0,1.0,,,,0.9893048128342246,139024.0975609756,1,161538.34911242605,0.7413333333333333,0,29706.786724700763,2,2,5,4
msg_920,node4,node0,317,67680000,67680001.0,1.0,,,,0.9893048128342246,197368.7894736842,1,161538.34911242605,0.7416777629826897,0,29674.497826086958,1,1,5,4
msg_921,node0,node3,317,67740001,67740001.0,0.0,,,,161538.34911242605,0.7420212765957447,1,0.9893617021276596,139024.0975609756,0,29642.27904451683,1,1,5,1
msg_922,node1,node0,317,68040000,68040000.0,0.0,,,,0.0,171428.57142857142,1,160588.12352941177,0.7420212765957447,0,29610.129067245118,4,4,5,4
msg_923,node2,node0,317,68040000,68040001.0,1.0,,,,0.9893617021276596,143749.5625,1,160588.12352941177,0.7420212765957447,0,29610.129067245118,4,4,5,4
msg_924,node3,node0,317,68040000,68040001.0,1.0,,,,0.9893617021276596,135714.0,1,160588.12352941177,0.7413793103448276,0,29546.03896103896,2,2,5,4
msg_925,node4,node0,317,68040000,68040001.0,1.0,,,,0.9893617021276596,197368.7894736842,1,160588.12352941177,0.7417218543046358,0,29514.098378378378,1,1,5,4
msg_926,node0,node1,317,68100000,68400000.0,300000.0,,,,159649.01754385966,0.7420634920634921,1,0.0,171428.57142857142,0,29450.423948220065,5,5,5,1
msg_927,node0,node4,317,68100001,68100002.0,1.0,,,,160588.12352941177,0.7420634920634921,1,0.9894179894179894,197368.7894736842,0,29482.22678185745,2,2,5,1
msg_928,node1,node0,317,68400000,68400000.0,0.0,,,,0.0,171428.57142857142,1,159649.01754385966,0.7420634920634921,0,29450.423948220065,5,5,5,4
msg_929,node2,node0,317,68400000,68400001.0,1.0,,,,0.9894179894179894,143749.5625,1,160465.01162790696,0.7410832232496698,0,29709.949407965556,3,3,5,4
msg_930,node3,node0,317,68400000,68400001.0,1.0,,,,0.9894179894179894,135714.0,1,160465.01162790696,0.741424802110818,0,29678.00430107527,2,2,5,4
msg_931,node4,node0,317,68400000,68400001.0,1.0,,,,0.9894179894179894,192308.07692307694,1,160465.01162790696,0.7417654808959157,0,29646.127819548874,1,1,5,4
msg_932,node0,node3,317,68460001,68460001.0,0.0,,,,160465.01162790696,0.7421052631578947,2,0.9894736842105263,135714.0,0,29614.31974248927,2,2,5,2
msg_933,node0,node4,317,68460001,68460002.0,1.0,,,,159537.4682080925,0.7421052631578947,2,0.9894736842105263,192308.07692307694,0,29582.57877813505,1,1,5,2
msg_934,node1,node0,317,68760000,68760000.0,0.0,,,,0.0,174418.60465116278,1,158620.591954023,0.7421052631578947,0,29550.906852248394,4,4,5,4
msg_935,node2,node0,317,68760000,68760001.0,1.0,,,,0.9894736842105263,143749.5625,1,158620.591954023,0.7411300919842313,0,29519.301604278076,3,3,5,4
msg_936,node3,node0,317,68760000,68760001.0,1.0,,,,0.9894736842105263,132557.86046511628,1,158620.591954023,0.7414698162729659,0,29487.764957264957,2,2,5,4
msg_937,node4,node0,317,68760000,68760001.0,1.0,,,,0.9894736842105263,187500.4,1,158620.591954023,0.7414698162729659,0,29487.764957264957,2,2,5,4
msg_938,node0,node2,317,68820001,69120000.0,299999.0,,,,158620.591954023,0.7421465968586387,1,0.9895287958115183,143749.5625,0,29424.893390191897,5,5,5,1
msg_939,node1,node0,317,69120000,69120000.0,0.0,,,,0.0,174418.60465116278,1,158620.591954023,0.7421465968586387,0,29424.893390191897,5,5,5,4
msg_940,node2,node0,317,69120000,69120001.0,1.0,,,,0.9895287958115183,146938.32653061225,1,159428.46857142856,0.7411764705882353,0,29681.435106382978,3,3,5,4
msg_941,node3,node0,317,69120000,69120001.0,1.0,,,,0.9895287958115183,132557.86046511628,1,159428.46857142856,0.741514360313316,0,29649.89373007439,2,2,5,4
msg_942,node4,node0,317,69120000,69120001.0,1.0,,,,0.9895287958115183,187500.4,1,159428.46857142856,0.741514360313316,0,29649.89373007439,2,2,5,4
msg_943,node0,node2,317,69180001,69480000.0,299999.0,,,,159428.46857142856,0.7421875,1,0.9895833333333334,146938.32653061225,0,29587.01166489926,5,5,5,1
msg_944,node1,node0,317,69480000,69480000.0,0.0,,,,0.0,174418.60465116278,1,159428.46857142856,0.7421875,0,29587.01166489926,5,5,5,4
msg_945,node2,node0,317,69480000,69480001.0,1.0,,,,0.9895833333333334,149999.54,1,160227.16477272726,0.741222366710013,0,29841.85291005291,3,3,5,4
msg_946,node3,node0,317,69480000,69480001.0,1.0,,,,0.9895833333333334,132557.86046511628,1,160227.16477272726,0.7415584415584415,0,29810.30866807611,2,2,5,4
msg_947,node4,node0,317,69480000,69480001.0,1.0,,,,0.9895833333333334,187500.4,1,160227.16477272726,0.7415584415584415,0,29810.30866807611,2,2,5,4
msg_948,node0,node1,317,69540000,69840000.0,300000.0,,,,159321.92655367233,0.741267787839586,1,0.0,174418.60465116278,0,29684.793684210526,4,4,5,1
msg_949,node0,node3,317,69540001,69540001.0,0.0,,,,160227.16477272726,0.7422279792746114,1,0.9896373056994818,132557.86046511628,0,29747.41983122363,2,2,5,1
msg_950,node1,node0,317,69840000,69840000.0,0.0,,,,0.0,174418.60465116278,1,159321.92655367233,0.7422279792746114,0,29716.073761854583,5,5,5,4
msg_951,node2,node0,317,69840000,69840001.0,1.0,,,,0.9896373056994818,149999.54,1,159321.92655367233,0.741267787839586,0,29684.793684210526,4,4,5,4
msg_952,node3,node0,317,69840000,69840001.0,1.0,,,,0.9896373056994818,129545.18181818182,1,160112.25280898876,0.7416020671834626,0,29937.557773109245,2,2,5,4
msg_953,node4,node0,317,69840000,69840001.0,1.0,,,,0.9896373056994818,187500.4,1,160112.25280898876,0.7419354838709677,0,29906.14480587618,1,1,5,4
msg_954,node0,node2,317,69900001,69900001.0,0.0,,,,160112.25280898876,0.7422680412371134,2,0.9896907216494846,149999.54,0,29874.797693920336,2,2,5,2
msg_955,node0,node3,317,69900001,69900002.0,1.0,,,,160112.25280898876,0.7422680412371134,2,0.9896907216494846,129545.18181818182,0,29874.797693920336,2,2,5,2
msg_956,node1,node0,317,70200000,70200000.0,0.0,,,,0.0,177272.72727272726,1,158333.23333333334,0.7422680412371134,0,29812.299163179916,4,4,5,4
msg_957,node2,node0,317,70200000,70200001.0,1.0,,,,0.9896907216494846,147058.3725490196,1,158333.23333333334,0.7422680412371134,0,29812.299163179916,4,4,5,4
msg_958,node3,node0,317,70200000,70200001.0,1.0,,,,0.9896907216494846,126666.42222222222,1,158333.23333333334,0.7416452442159382,0,29750.061586638833,2,2,5,4
msg_959,node4,node0,317,70200000,70200001.0,1.0,,,,0.9896907216494846,187500.4,1,158333.23333333334,0.7419768934531451,0,29719.040667361834,1,1,5,4
msg_960,node1,node0,317,70560000,70560000.0,0.0,,,,0.0,177272.72727272726,1,158333.23333333334,0.7423076923076923,0,29688.084375,4,4,5,4
msg_961,node2,node0,317,70560000,70560001.0,1.0,,,,0.9897435897435898,147058.3725490196,1,158333.23333333334,0.7423076923076923,0,29688.084375,4,4,5,4
msg_962,node3,node0,317,70560000,70560001.0,1.0,,,,0.9897435897435898,126666.42222222222,1,158333.23333333334,0.7416879795396419,0,29626.363825363824,2,2,5,4
msg_963,node4,node0,317,70560000,70560001.0,1.0,,,,0.9897435897435898,187500.4,1,158333.23333333334,0.7420178799489144,0,29595.60020768432,1,1,5,4
msg_964,node0,node2,317,70620001,70620001.0,0.0,,,,158333.23333333334,0.7423469387755102,1,0.9897959183673469,147058.3725490196,0,29564.900414937758,1,1,5,1
msg_965,node1,node0,317,70920000,70920000.0,0.0,,,,0.0,177272.72727272726,1,157458.4640883978,0.7423469387755102,0,29534.263212435235,4,4,5,4
msg_966,node2,node0,317,70920000,70920001.0,1.0,,,,0.9897959183673469,144230.32692307694,1,157458.4640883978,0.7414012738853503,0,29503.68944099379,3,3,5,4
msg_967,node3,node0,317,70920000,70920001.0,1.0,,,,0.9897959183673469,126666.42222222222,1,157458.4640883978,0.7417302798982188,0,29473.17993795243,2,2,5,4
msg_968,node4,node0,317,70920000,70920001.0,1.0,,,,0.9897959183673469,187500.4,1,157458.4640883978,0.7417302798982188,0,29473.17993795243,2,2,5,4
msg_969,node0,node1,317,70980000,71280000.0,300000.0,,,,155737.61202185793,0.7414448669201521,1,0.0,177272.72727272726,0,29321.572016460905,4,4,5,1
msg_970,node0,node2,317,70980001,70980001.0,0.0,,,,157458.4640883978,0.7423857868020305,2,0.9898477157360406,144230.32692307694,0,29412.34984520124,3,3,5,2
msg_971,node0,node4,317,70980001,70980002.0,1.0,,,,157458.4640883978,0.7423857868020305,2,0.9898477157360406,187500.4,0,29412.34984520124,3,3,5,2
msg_972,node1,node0,317,71280000,71280000.0,0.0,,,,0.0,177272.72727272726,1,155737.61202185793,0.7423857868020305,0,29351.7693099897,5,5,5,4
msg_973,node2,node0,317,71280000,71280001.0,1.0,,,,0.9898477157360406,141509.0,1,156521.64673913043,0.7414448669201521,0,29599.761562178828,3,3,5,4
msg_974,node3,node0,317,71280000,71280001.0,1.0,,,,0.9898477157360406,126666.42222222222,1,156521.64673913043,0.7414448669201521,0,29599.761562178828,3,3,5,4
msg_975,node4,node0,317,71280000,71280001.0,1.0,,,,0.9898477157360406,182927.24390243902,1,156521.64673913043,0.7420986093552465,0,29539.046153846153,1,1,5,4
msg_976,node0,node3,317,71340001,71340001.0,0.0,,,,156521.64673913043,0.7424242424242424,2,0.98989898989899,126666.42222222222,0,29508.781762295082,2,2,5,2
msg_977,node0,node4,317,71340001,71340002.0,1.0,,,,156521.64673913043,0.7424242424242424,2,0.98989898989899,182927.24390243902,0,29508.781762295082,2,2,5,2
msg_978,node1,node0,317,71640000,71640000.0,0.0,,,,0.0,180000.0,1,154838.62365591398,0.7424242424242424,0,29448.43762781186,4,4,5,4
msg_979,node2,node0,317,71640000,71640001.0,1.0,,,,0.98989898989899,141509.0,1,154838.62365591398,0.7424242424242424,0,29448.43762781186,4,4,5,4
msg_980,node3,node0,317,71640000,71640001.0,1.0,,,,0.98989898989899,123912.80434782608,1,154838.62365591398,0.7418136020151134,0,29388.339795918368,2,2,5,4
msg_981,node4,node0,317,71640000,71640001.0,1.0,,,,0.98989898989899,178571.85714285713,1,154838.62365591398,0.7421383647798742,0,29358.383282364935,1,1,5,4
msg_982,node0,node1,317,71700000,72000000.0,300000.0,,,,154010.60962566844,0.742462311557789,1,0.0,180000.0,0,29298.652085452697,5,5,5,1
msg_983,node0,node3,317,71700001,71700001.0,0.0,,,,154838.62365591398,0.742462311557789,1,0.9899497487437185,123912.80434782608,0,29328.487780040734,2,2,5,1
msg_984,node1,node0,317,72000000,72000000.0,0.0,,,,0.0,180000.0,1,154010.60962566844,0.742462311557789,0,29298.652085452697,5,5,5,4
msg_985,node2,node0,317,72000000,72000001.0,1.0,,,,0.9899497487437185,141509.0,1,154787.1489361702,0.7415307402760352,0,29543.730964467006,3,3,5,4
msg_986,node3,node0,317,72000000,72000001.0,1.0,,,,0.9899497487437185,121276.36170212766,1,154787.1489361702,0.7418546365914787,0,29513.768762677486,2,2,5,4
msg_987,node4,node0,317,72000000,72000001.0,1.0,,,,0.9899497487437185,178571.85714285713,1,154787.1489361702,0.7421777221526908,0,29483.867274569402,1,1,5,4
msg_988,node1,node0,317,72360000,72360000.0,0.0,,,,0.0,182608.69565217392,1,154787.1489361702,0.7425,0,29454.026315789473,4,4,5,4
msg_989,node2,node0,317,72360000,72360001.0,1.0,,,,0.99,141509.0,1,154787.1489361702,0.7425,0,29454.026315789473,4,4,5,4
msg_990,node3,node0,317,72360000,72360001.0,1.0,,,,0.99,121276.36170212766,1,154787.1489361702,0.7418952618453866,0,29394.524242424242,2,2,5,4
msg_991,node4,node0,317,72360000,72360001.0,1.0,,,,0.99,178571.85714285713,1,154787.1489361702,0.7422166874221668,0,29364.86377396569,1,1,5,4
msg_992,node0,node1,317,72420000,72720000.0,300000.0,,,,154787.1489361702,0.7425373134328358,1,0.0,182608.69565217392,0,29335.26310483871,5,5,5,1
msg_993,node1,node0,317,72720000,72720000.0,0.0,,,,0.0,182608.69565217392,1,154787.1489361702,0.7425373134328358,0,29335.26310483871,5,5,5,4
msg_994,node2,node0,317,72720000,72720001.0,1.0,,,,0.9900497512437811,141509.0,1,155555.4708994709,0.7416149068322981,0,29578.049295774646,3,3,5,4
msg_995,node3,node0,317,72720000,72720001.0,1.0,,,,0.9900497512437811,121276.36170212766,1,155555.4708994709,0.7416149068322981,0,29578.049295774646,3,3,5,4
msg_996,node4,node0,317,72720000,72720001.0,1.0,,,,0.9900497512437811,178571.85714285713,1,155555.4708994709,0.7422552664188352,0,29518.657630522088,1,1,5,4
msg_997,node0,node1,317,72780000,73080000.0,300000.0,,,,155555.4708994709,0.7425742574257426,1,0.0,185106.3829787234,0,29489.051153460383,5,5,5,1
msg_998,node1,node0,317,73080000,73080000.0,0.0,,,,0.0,185106.3829787234,1,155555.4708994709,0.7425742574257426,0,29489.051153460383,5,5,5,4
msg_999,node2,node0,317,73080000,73080001.0,1.0,,,,0.9900990099009901,141509.0,1,156315.7052631579,0.7416563658838071,0,29730.314314314313,3,3,5,4
msg_1000,node3,node0,317,73080000,73080001.0,1.0,,,,0.9900990099009901,121276.36170212766,1,156315.7052631579,0.7419753086419754,0,29700.585,2,2,5,4
msg_1001,node4,node0,317,73080000,73080001.0,1.0,,,,0.9900990099009901,178571.85714285713,1,156315.7052631579,0.7419753086419754,0,29700.585,2,2,5,4
msg_1002,node1,node0,317,73440000,73440000.0,0.0,,,,0.0,187500.0,1,156315.7052631579,0.7426108374384236,0,29641.304391217564,4,4,5,4
msg_1003,node2,node0,317,73440000,73440001.0,1.0,,,,0.9901477832512315,141509.0,1,156315.7052631579,0.7416974169741697,0,29611.751744765705,3,3,5,4
msg_1004,node3,node0,317,73440000,73440001.0,1.0,,,,0.9901477832512315,121276.36170212766,1,156315.7052631579,0.742014742014742,0,29582.258964143428,2,2,5,4
msg_1005,node4,node0,317,73440000,73440001.0,1.0,,,,0.9901477832512315,178571.85714285713,1,156315.7052631579,0.742014742014742,0,29582.258964143428,2,2,5,4
msg_1006,node0,node2,317,73500001,73800000.0,299999.0,,,,156315.7052631579,0.7426470588235294,2,0.9901960784313726,141509.0,0,29523.449304174952,6,6,5,2
msg_1007,node0,node4,317,73500001,73800001.0,300000.0,,,,157067.97382198952,0.7423687423687424,2,0.9901960784313726,178571.85714285713,0,29703.555445544553,2,2,5,2
msg_1008,node1,node0,317,73800000,73800000.0,0.0,,,,0.0,187500.0,1,156315.7052631579,0.7426470588235294,0,29523.449304174952,6,6,5,4
msg_1009,node2,node0,317,73800000,73800001.0,1.0,,,,0.9901960784313726,144444.0,1,157067.97382198952,0.7417380660954712,0,29762.489087301587,4,4,5,4
msg_1010,node3,node0,317,73800000,73800001.0,1.0,,,,0.9901960784313726,121276.36170212766,1,157067.97382198952,0.7420537897310513,0,29732.993062438058,3,3,5,4
msg_1011,node4,node0,317,73800000,73800001.0,1.0,,,,0.9901960784313726,178571.85714285713,1,157067.97382198952,0.7423687423687424,0,29703.555445544553,2,2,5,4
msg_1012,node1,node0,317,74160000,74160000.0,0.0,,,,0.0,187500.0,1,157812.41145833334,0.7426829268292683,0,29941.296442687748,4,4,5,4
msg_1013,node2,node0,317,74160000,74160001.0,1.0,,,,0.9902439024390244,144444.0,1,157812.41145833334,0.7426829268292683,0,29941.296442687748,4,4,5,4
msg_1014,node3,node0,317,74160000,74160001.0,1.0,,,,0.9902439024390244,121276.36170212766,1,157812.41145833334,0.7420924574209246,0,29882.241617357,2,2,5,4
msg_1015,node4,node0,317,74160000,74160001.0,1.0,,,,0.9902439024390244,181395.76744186046,1,157812.41145833334,0.7424058323207776,0,29852.80197044335,1,1,5,4
msg_1016,node0,node3,317,74220001,74520000.0,299999.0,,,,157812.41145833334,0.7418181818181818,2,0.9902912621359223,121276.36170212766,0,29794.095378564405,5,5,5,2
msg_1017,node0,node4,317,74220001,74520001.0,300000.0,,,,158549.12953367876,0.7427536231884058,2,0.9903381642512077,181395.76744186046,0,29971.201762977475,1,1,5,2
msg_1018,node1,node0,317,74520000,74520000.0,0.0,,,,0.0,187500.0,1,157812.41145833334,0.7427184466019418,0,29823.42027559055,6,6,5,4
msg_1019,node2,node0,317,74520000,74520001.0,1.0,,,,0.9902912621359223,144444.0,1,157812.41145833334,0.7418181818181818,0,29794.095378564405,5,5,5,4
msg_1020,node3,node0,317,74520000,74520001.0,1.0,,,,0.9902912621359223,124999.75,1,158549.12953367876,0.7421307506053268,0,30030.024533856722,3,3,5,4
msg_1021,node4,node0,317,74520000,74520001.0,1.0,,,,0.9902912621359223,181395.76744186046,1,158549.12953367876,0.7424425634824667,0,30000.58431372549,2,2,5,4
msg_1022,node0,node1,317,74580000,74580000.0,0.0,,,,159278.25773195876,0.7427536231884058,1,0.0,187500.0,0,30235.41780821918,1,1,5,1
msg_1023,node0,node4,317,74580001,74580002.0,1.0,,,,158461.44615384616,0.7427536231884058,1,0.9903381642512077,184091.31818181818,0,30205.862170087978,1,1,5,1
msg_1024,node1,node0,317,74880000,74880000.0,0.0,,,,0.0,183673.4693877551,1,157652.97448979592,0.7427536231884058,0,30176.365234375,4,4,5,4
msg_1025,node2,node0,317,74880000,74880001.0,1.0,,,,0.9903381642512077,144444.0,1,157652.97448979592,0.7427536231884058,0,30176.365234375,4,4,5,4
msg_1026,node3,node0,317,74880000,74880001.0,1.0,,,,0.9903381642512077,124999.75,1,157652.97448979592,0.7421686746987952,0,30117.542884990253,2,2,5,4
msg_1027,node4,node0,317,74880000,74880001.0,1.0,,,,0.9903381642512077,180000.42222222223,1,157652.97448979592,0.7424789410348978,0,30088.21811100292,1,1,5,4
msg_1028,node0,node3,317,74940001,75240000.0,299999.0,,,,157652.97448979592,0.7427884615384616,1,0.9903846153846154,124999.75,0,30058.95038910506,5,5,5,1
msg_1029,node1,node0,317,75240000,75240000.0,0.0,,,,0.0,183673.4693877551,1,157652.97448979592,0.7427884615384616,0,30058.95038910506,5,5,5,4
msg_1030,node2,node0,317,75240000,75240001.0,1.0,,,,0.9903846153846154,144444.0,1,158375.5431472081,0.7418967587034814,0,30291.844660194176,3,3,5,4
msg_1031,node3,node0,317,75240000,75240001.0,1.0,,,,0.9903846153846154,128571.16326530612,1,158375.5431472081,0.7418967587034814,0,30291.844660194176,3,3,5,4
msg_1032,node4,node0,317,75240000,75240001.0,1.0,,,,0.9903846153846154,180000.42222222223,1,158375.5431472081,0.7425149700598802,0,30233.141472868218,1,1,5,4
msg_1033,node0,node3,317,75300001,75300001.0,0.0,,,,158375.5431472081,0.742822966507177,2,0.9904306220095693,128571.16326530612,0,30203.875121006775,2,2,5,2
msg_1034,node0,node4,317,75300001,75300002.0,1.0,,,,158375.5431472081,0.742822966507177,2,0.9904306220095693,180000.42222222223,0,30203.875121006775,2,2,5,2
msg_1035,node1,node0,317,75600000,75600000.0,0.0,,,,0.0,183673.4693877551,1,156783.83417085427,0.742822966507177,0,30145.51111111111,4,4,5,4
msg_1036,node2,node0,317,75600000,75600001.0,1.0,,,,0.9904306220095693,144444.0,1,156783.83417085427,0.7419354838709677,0,30116.41312741313,3,3,5,4
msg_1037,node3,node0,317,75600000,75600001.0,1.0,,,,0.9904306220095693,125999.74,1,156783.83417085427,0.7422434367541766,0,30087.372227579555,2,2,5,4
msg_1038,node4,node0,317,75600000,75600001.0,1.0,,,,0.9904306220095693,176087.39130434784,1,156783.83417085427,0.7422434367541766,0,30087.372227579555,2,2,5,4
msg_1039,node0,node2,317,75660001,75960000.0,299999.0,,,,156783.83417085427,0.7428571428571429,1,0.9904761904761905,144444.0,0,30029.45813282002,5,5,5,1
msg_1040,node1,node0,317,75960000,75960000.0,0.0,,,,0.0,183673.4693877551,1,156783.83417085427,0.7428571428571429,0,30029.45813282002,5,5,5,4
msg_1041,node2,node0,317,75960000,75960001.0,1.0,,,,0.9904761904761905,147272.27272727274,1,157499.91,0.7419738406658739,0,30259.94812680115,3,3,5,4
msg_1042,node3,node0,317,75960000,75960001.0,1.0,,,,0.9904761904761905,125999.74,1,157499.91,0.7422802850356295,0,30230.908829174663,2,2,5,4
msg_1043,node4,node0,317,75960000,75960001.0,1.0,,,,0.9904761904761905,176087.39130434784,1,157499.91,0.7425860023724793,0,30201.925215723873,1,1,5,4
msg_1044,node0,node3,317,76020001,76320000.0,299999.0,,,,157499.91,0.7420118343195267,1,0.990521327014218,125999.74,0,30144.123444976078,4,4,5,1
msg_1045,node1,node0,317,76320000,76320000.0,0.0,,,,0.0,183673.4693877551,1,157499.91,0.7428909952606635,0,30172.99712643678,5,5,5,4
msg_1046,node2,node0,317,76320000,76320001.0,1.0,,,,0.990521327014218,147272.27272727274,1,157499.91,0.7420118343195267,0,30144.123444976078,4,4,5,4
msg_1047,node3,node0,317,76320000,76320001.0,1.0,,,,0.990521327014218,129411.49019607843,1,158208.86069651743,0.7423167848699763,0,30373.074498567334,2,2,5,4
msg_1048,node4,node0,317,76320000,76320001.0,1.0,,,,0.990521327014218,176087.39130434784,1,158208.86069651743,0.7426210153482881,0,30344.09351145038,1,1,5,4
msg_1049,node0,node1,317,76380000,76380000.0,0.0,,,,158208.86069651743,0.7429245283018868,1,0.0,183673.4693877551,0,30315.16777883699,1,1,5,1
msg_1050,node1,node0,317,76680000,76680000.0,0.0,,,,0.0,180000.0,1,157425.6485148515,0.7429245283018868,0,30286.29619047619,4,4,5,4
msg_1051,node2,node0,317,76680000,76680001.0,1.0,,,,0.9905660377358491,147272.27272727274,1,157425.6485148515,0.7429245283018868,0,30286.29619047619,4,4,5,4
msg_1052,node3,node0,317,76680000,76680001.0,1.0,,,,0.9905660377358491,129411.49019607843,1,157425.6485148515,0.7423529411764705,0,30228.718631178708,2,2,5,4
msg_1053,node4,node0,317,76680000,76680001.0,1.0,,,,0.9905660377358491,176087.39130434784,1,157425.6485148515,0.7426556991774383,0,30200.012345679013,1,1,5,4
msg_1054,node1,node0,317,77040000,77040000.0,0.0,,,,0.0,180000.0,1,157425.6485148515,0.7429577464788732,0,30171.3605313093,4,4,5,4
msg_1055,node2,node0,317,77040000,77040001.0,1.0,,,,0.9906103286384976,147272.27272727274,1,157425.6485148515,0.7420867526377491,0,30142.762085308055,3,3,5,4
msg_1056,node3,node0,317,77040000,77040001.0,1.0,,,,0.9906103286384976,129411.49019607843,1,157425.6485148515,0.7420867526377491,0,30142.762085308055,3,3,5,4
msg_1057,node4,node0,317,77040000,77040001.0,1.0,,,,0.9906103286384976,176087.39130434784,1,157425.6485148515,0.7426900584795322,0,30085.729422894987,1,1,5,4
msg_1058,node0,node3,317,77100001,77400000.0,299999.0,,,,157425.6485148515,0.7429906542056075,2,0.9906542056074766,129411.49019607843,0,30057.29395085066,6,6,5,2
msg_1059,node0,node4,317,77100001,77400001.0,300000.0,,,,158127.9802955665,0.7430232558139535,2,0.9906976744186047,176087.39130434784,0,30198.13640639699,1,1,5,2
msg_1060,node1,node0,317,77400000,77400000.0,0.0,,,,0.0,180000.0,1,157425.6485148515,0.7429906542056075,0,30057.29395085066,6,6,5,4
msg_1061,node2,node0,317,77400000,77400001.0,1.0,,,,0.9906542056074766,147272.27272727274,1,158127.9802955665,0.7421236872812136,0,30283.6,4,4,5,4
msg_1062,node3,node0,317,77400000,77400001.0,1.0,,,,0.9906542056074766,132692.01923076922,1,158127.9802955665,0.7424242424242424,0,30255.058435438266,3,3,5,4
msg_1063,node4,node0,317,77400000,77400001.0,1.0,,,,0.9906542056074766,176087.39130434784,1,158127.9802955665,0.7424242424242424,0,30255.058435438266,3,3,5,4
msg_1064,node1,node0,317,77760000,77760000.0,0.0,,,,0.0,180000.0,1,158823.431372549,0.7430232558139535,0,30451.709586466164,4,4,5,4
msg_1065,node2,node0,317,77760000,77760001.0,1.0,,,,0.9906976744186047,147272.27272727274,1,158823.431372549,0.7421602787456446,0,30423.116431924882,3,3,5,4
msg_1066,node3,node0,317,77760000,77760001.0,1.0,,,,0.9906976744186047,132692.01923076922,1,158823.431372549,0.7424593967517401,0,30394.577861163227,2,2,5,4
msg_1067,node4,node0,317,77760000,77760001.0,1.0,,,,0.9906976744186047,178723.82978723405,1,158823.431372549,0.7424593967517401,0,30394.577861163227,2,2,5,4
msg_1068,node0,node4,317,77820001,78120001.0,300000.0,,,,158823.431372549,0.7427912341407151,1,0.9907407407407407,178723.82978723405,0,30252.683473389356,2,2,5,1
msg_1069,node1,node0,317,78120000,78120000.0,0.0,,,,0.0,180000.0,1,158823.431372549,0.7430555555555556,0,30337.661048689137,5,5,5,4
msg_1070,node2,node0,317,78120000,78120001.0,1.0,,,,0.9907407407407407,147272.27272727274,1,158823.431372549,0.7430555555555556,0,30337.661048689137,5,5,5,4
msg_1071,node3,node0,317,78120000,78120001.0,1.0,,,,0.9907407407407407,132692.01923076922,1,158823.431372549,0.7424942263279446,0,30280.956074766356,3,3,5,4
msg_1072,node4,node0,317,78120000,78120001.0,1.0,,,,0.9907407407407407,181250.41666666666,1,159512.0975609756,0.7427912341407151,0,30504.31343283582,1,1,5,4
msg_1073,node0,node3,317,78180001,78180001.0,0.0,,,,159512.0975609756,0.7430875576036866,2,0.9907834101382489,132692.01923076922,0,30475.885368126746,2,2,5,2
msg_1074,node0,node4,317,78180001,78180002.0,1.0,,,,158737.76699029127,0.7430875576036866,2,0.9907834101382489,181250.41666666666,0,30447.509310986963,1,1,5,2
msg_1075,node1,node0,317,78480000,78480000.0,0.0,,,,0.0,180000.0,1,157970.922705314,0.7430875576036866,0,30419.186976744186,4,4,5,4
msg_1076,node2,node0,317,78480000,78480001.0,1.0,,,,0.9907834101382489,147272.27272727274,1,157970.922705314,0.7422324510932106,0,30390.916356877322,3,3,5,4
msg_1077,node3,node0,317,78480000,78480001.0,1.0,,,,0.9907834101382489,130188.39622641509,1,157970.922705314,0.7422324510932106,0,30390.916356877322,3,3,5,4
msg_1078,node4,node0,317,78480000,78480001.0,1.0,,,,0.9907834101382489,177551.44897959183,1,157970.922705314,0.7428243398392652,0,30334.534322820036,1,1,5,4
msg_1079,node0,node4,317,78540001,78840001.0,300000.0,,,,157970.922705314,0.7428571428571429,1,0.9908256880733946,177551.44897959183,0,30222.394639556376,2,2,5,1
msg_1080,node1,node0,317,78840000,78840000.0,0.0,,,,0.0,180000.0,1,157970.922705314,0.7431192660550459,0,30306.421686746988,5,5,5,4
msg_1081,node2,node0,317,78840000,78840001.0,1.0,,,,0.9908256880733946,147272.27272727274,1,157970.922705314,0.7422680412371134,0,30278.360185185185,4,4,5,4
msg_1082,node3,node0,317,78840000,78840001.0,1.0,,,,0.9908256880733946,130188.39622641509,1,157970.922705314,0.7422680412371134,0,30278.360185185185,4,4,5,4
msg_1083,node4,node0,317,78840000,78840001.0,1.0,,,,0.9908256880733946,180000.42,1,158653.7548076923,0.7428571428571429,0,30471.496768236382,1,1,5,4
msg_1084,node0,node2,317,78900001,78900001.0,0.0,,,,158653.7548076923,0.7431506849315068,1,0.9908675799086758,147272.27272727274,0,30443.38745387454,1,1,5,1
msg_1085,node1,node0,317,79200000,79200000.0,0.0,,,,0.0,180000.0,1,157894.64593301434,0.7431506849315068,0,30415.329032258065,4,4,5,4
msg_1086,node2,node0,317,79200000,79200001.0,1.0,,,,0.9908675799086758,144642.4107142857,1,157894.64593301434,0.74230330672748,0,30387.322283609577,3,3,5,4
msg_1087,node3,node0,317,79200000,79200001.0,1.0,,,,0.9908675799086758,130188.39622641509,1,157894.64593301434,0.7425968109339408,0,30359.367985280587,2,2,5,4
msg_1088,node4,node0,317,79200000,79200001.0,1.0,,,,0.9908675799086758,180000.42,1,157894.64593301434,0.7425968109339408,0,30359.367985280587,2,2,5,4
msg_1089,node1,node0,317,79560000,79560000.0,0.0,,,,0.0,180000.0,1,157894.64593301434,0.7431818181818182,0,30303.613406795226,4,4,5,4
msg_1090,node2,node0,317,79560000,79560001.0,1.0,,,,0.990909090909091,144642.4107142857,1,157894.64593301434,0.7431818181818182,0,30303.613406795226,4,4,5,4
msg_1091,node3,node0,317,79560000,79560001.0,1.0,,,,0.990909090909091,130188.39622641509,1,157894.64593301434,0.7426303854875284,0,30248.06232813932,2,2,5,4
msg_1092,node4,node0,317,79560000,79560001.0,1.0,,,,0.990909090909091,180000.42,1,157894.64593301434,0.7429218573046432,0,30220.36355311355,1,1,5,4
msg_1093,node0,node2,317,79620001,79920000.0,299999.0,,,,157894.64593301434,0.7423728813559322,2,0.9909502262443439,144642.4107142857,0,30165.117001828152,5,5,5,2
msg_1094,node0,node3,317,79620001,79920001.0,300000.0,,,,158571.33333333334,0.7426636568848759,2,0.9909502262443439,130188.39622641509,0,30383.793795620437,3,3,5,2
msg_1095,node1,node0,317,79920000,79920000.0,0.0,,,,0.0,180000.0,1,157894.64593301434,0.7432126696832579,0,30192.71546203111,6,6,5,4
msg_1096,node2,node0,317,79920000,79920001.0,1.0,,,,0.9909502262443439,144642.4107142857,1,157894.64593301434,0.7423728813559322,0,30165.117001828152,5,5,5,4
msg_1097,node3,node0,317,79920000,79920001.0,1.0,,,,0.9909502262443439,133333.05555555556,1,159241.61137440757,0.7426636568848759,0,30629.56973564266,2,2,5,4
msg_1098,node4,node0,317,79920000,79920001.0,1.0,,,,0.9909502262443439,180000.42,1,159241.61137440757,0.7426636568848759,0,30629.56973564266,2,2,5,4
msg_1099,node0,node2,317,79980001,80280000.0,299999.0,,,,159241.61137440757,0.7432432432432432,1,0.990990990990991,147367.9649122807,0,30573.83075523203,5,5,5,1
msg_1100,node1,node0,317,80280000,80280000.0,0.0,,,,0.0,180000.0,1,159241.61137440757,0.7432432432432432,0,30573.83075523203,5,5,5,4
msg_1101,node2,node0,317,80280000,80280001.0,1.0,,,,0.990990990990991,149999.5344827586,1,159905.56132075473,0.7424071991001124,0,30790.771117166212,3,3,5,4
msg_1102,node3,node0,317,80280000,80280001.0,1.0,,,,0.990990990990991,133333.05555555556,1,159905.56132075473,0.7426966292134831,0,30762.83121597096,2,2,5,4
msg_1103,node4,node0,317,80280000,80280001.0,1.0,,,,0.990990990990991,180000.42,1,159905.56132075473,0.7426966292134831,0,30762.83121597096,2,2,5,4
msg_1104,node0,node1,317,80340000,80640000.0,300000.0,,,,159905.56132075473,0.7424412094064949,1,0.0,180000.0,0,30679.31402714932,4,4,5,1
msg_1105,node1,node0,317,80640000,80640000.0,0.0,,,,0.0,180000.0,1,159905.56132075473,0.7432735426008968,0,30707.103260869564,5,5,5,4
msg_1106,node2,node0,317,80640000,80640001.0,1.0,,,,0.9910313901345291,149999.5344827586,1,160563.28169014084,0.7424412094064949,0,30922.822784810127,3,3,5,4
msg_1107,node3,node0,317,80640000,80640001.0,1.0,,,,0.9910313901345291,133333.05555555556,1,160563.28169014084,0.7424412094064949,0,30922.822784810127,3,3,5,4
msg_1108,node4,node0,317,80640000,80640001.0,1.0,,,,0.9910313901345291,180000.42,1,160563.28169014084,0.7430167597765364,0,30867.007220216605,1,1,5,4
msg_1109,node1,node0,317,81000000,81000000.0,0.0,,,,0.0,182352.9411764706,1,160563.28169014084,0.7433035714285714,0,30839.174932371505,4,4,5,4
msg_1110,node2,node0,317,81000000,81000001.0,1.0,,,,0.9910714285714286,149999.5344827586,1,160563.28169014084,0.7433035714285714,0,30839.174932371505,4,4,5,4
msg_1111,node3,node0,317,81000000,81000001.0,1.0,,,,0.9910714285714286,133333.05555555556,1,160563.28169014084,0.7427616926503341,0,30783.659765976598,2,2,5,4
msg_1112,node4,node0,317,81000000,81000001.0,1.0,,,,0.9910714285714286,180000.42,1,160563.28169014084,0.743047830923248,0,30755.97751798561,1,1,5,4
msg_1113,node0,node1,317,81060000,81060000.0,0.0,,,,160563.28169014084,0.7433333333333333,1,0.0,182352.9411764706,0,30728.34501347709,1,1,5,1
msg_1114,node0,node3,317,81060001,81060001.0,0.0,,,,159812.98598130842,0.7433333333333333,2,0.9911111111111112,133333.05555555556,0,30700.761220825854,2,2,5,2
msg_1115,node0,node4,317,81060001,81060002.0,1.0,,,,159812.98598130842,0.7433333333333333,2,0.9911111111111112,180000.42,0,30700.761220825854,2,2,5,2
msg_1116,node1,node0,317,81360000,81360000.0,0.0,,,,0.0,178846.15384615384,1,158333.24074074073,0.7433333333333333,0,30645.742831541218,4,4,5,4
msg_1117,node2,node0,317,81360000,81360001.0,1.0,,,,0.9911111111111112,149999.5344827586,1,158333.24074074073,0.7425083240843507,0,30618.30707251567,3,3,5,4
msg_1118,node3,node0,317,81360000,81360001.0,1.0,,,,0.9911111111111112,130908.81818181818,1,158333.24074074073,0.7427937915742794,0,30590.92128801431,2,2,5,4
msg_1119,node4,node0,317,81360000,81360001.0,1.0,,,,0.9911111111111112,176471.01960784313,1,158333.24074074073,0.743078626799557,0,30563.584450402144,1,1,5,4
msg_1120,node0,node1,317,81420000,81420000.0,0.0,,,,158333.24074074073,0.7433628318584071,1,0.0,178846.15384615384,0,30536.29642857143,1,1,5,1
msg_1121,node0,node2,317,81420001,81420001.0,0.0,,,,157603.59447004608,0.7433628318584071,1,0.9911504424778761,149999.5344827586,0,30509.05619982159,1,1,5,1
msg_1122,node1,node0,317,81720000,81720000.0,0.0,,,,0.0,175471.69811320756,1,156880.64220183485,0.7433628318584071,0,30481.864527629234,4,4,5,4
msg_1123,node2,node0,317,81720000,81720001.0,1.0,,,,0.9911504424778761,147457.16949152542,1,156880.64220183485,0.7425414364640884,0,30454.721282279606,3,3,5,4
msg_1124,node3,node0,317,81720000,81720001.0,1.0,,,,0.9911504424778761,130908.81818181818,1,156880.64220183485,0.7425414364640884,0,30454.721282279606,3,3,5,4
msg_1125,node4,node0,317,81720000,81720001.0,1.0,,,,0.9911504424778761,176471.01960784313,1,156880.64220183485,0.743109151047409,0,30400.58133333333,1,1,5,4
msg_1126,node0,node1,317,81780000,82080000.0,300000.0,,,,156880.64220183485,0.7425742574257426,1,0.0,175471.69811320756,0,30346.632653061224,4,4,5,1
msg_1127,node1,node0,317,82080000,82080000.0,0.0,,,,0.0,175471.69811320756,1,156880.64220183485,0.7433920704845814,0,30373.58348134991,5,5,5,4
msg_1128,node2,node0,317,82080000,82080001.0,1.0,,,,0.9911894273127754,147457.16949152542,1,156880.64220183485,0.7425742574257426,0,30346.632653061224,4,4,5,4
msg_1129,node3,node0,317,82080000,82080001.0,1.0,,,,0.9911894273127754,130908.81818181818,1,157534.15525114155,0.7428571428571429,0,30558.596988485384,2,2,5,4
msg_1130,node4,node0,317,82080000,82080001.0,1.0,,,,0.9911894273127754,176471.01960784313,1,157534.15525114155,0.7428571428571429,0,30558.596988485384,2,2,5,4
msg_1131,node0,node2,317,82140001,82440000.0,299999.0,,,,157534.15525114155,0.743421052631579,1,0.9912280701754386,147457.16949152542,0,30504.56056587091,5,5,5,1
msg_1132,node1,node0,317,82440000,82440000.0,0.0,,,,0.0,177777.77777777778,1,157534.15525114155,0.743421052631579,0,30504.56056587091,5,5,5,4
msg_1133,node2,node0,317,82440000,82440001.0,1.0,,,,0.9912280701754386,149999.53333333333,1,158181.72272727272,0.7426067907995619,0,30715.4960282436,3,3,5,4
msg_1134,node3,node0,317,82440000,82440001.0,1.0,,,,0.9912280701754386,130908.81818181818,1,158181.72272727272,0.7428884026258206,0,30688.410934744268,2,2,5,4
msg_1135,node4,node0,317,82440000,82440001.0,1.0,,,,0.9912280701754386,176471.01960784313,1,158181.72272727272,0.7431693989071039,0,30661.37356828194,1,1,5,4
msg_1136,node0,node1,317,82500000,82500000.0,0.0,,,,158181.72272727272,0.7434497816593887,1,0.0,177777.77777777778,0,30634.3838028169,1,1,5,1
msg_1137,node1,node0,317,82800000,82800000.0,0.0,,,,0.0,174545.45454545456,1,157465.96832579185,0.7434497816593887,0,30607.440633245384,4,4,5,4
msg_1138,node2,node0,317,82800000,82800001.0,1.0,,,,0.9912663755458515,149999.53333333333,1,157465.96832579185,0.7434497816593887,0,30607.440633245384,4,4,5,4
msg_1139,node3,node0,317,82800000,82800001.0,1.0,,,,0.9912663755458515,130908.81818181818,1,157465.96832579185,0.7429193899782135,0,30553.697102721686,2,2,5,4
msg_1140,node4,node0,317,82800000,82800001.0,1.0,,,,0.9912663755458515,176471.01960784313,1,157465.96832579185,0.7431991294885746,0,30526.89649122807,1,1,5,4
msg_1141,node0,node1,317,82860000,83160000.0,300000.0,,,,156756.66666666666,0.742671009771987,1,0.0,174545.45454545456,0,30446.77515310586,4,4,5,1
msg_1142,node0,node4,317,82860001,82860002.0,1.0,,,,157465.96832579185,0.7434782608695653,1,0.991304347826087,176471.01960784313,0,30500.14285714286,2,2,5,1
msg_1143,node1,node0,317,83160000,83160000.0,0.0,,,,0.0,174545.45454545456,1,156756.66666666666,0.7434782608695653,0,30473.436077057795,5,5,5,4
msg_1144,node2,node0,317,83160000,83160001.0,1.0,,,,0.991304347826087,149999.53333333333,1,157399.0134529148,0.742671009771987,0,30682.398601398603,3,3,5,4
msg_1145,node3,node0,317,83160000,83160001.0,1.0,,,,0.991304347826087,130908.81818181818,1,157399.0134529148,0.742671009771987,0,30682.398601398603,3,3,5,4
msg_1146,node4,node0,317,83160000,83160001.0,1.0,,,,0.991304347826087,173077.36538461538,1,157399.0134529148,0.7432286023835319,0,30628.853403141362,1,1,5,4
msg_1147,node1,node0,317,83520000,83520000.0,0.0,,,,0.0,176785.7142857143,1,157399.0134529148,0.7435064935064936,0,30602.150828247602,4,4,5,4
msg_1148,node2,node0,317,83520000,83520001.0,1.0,,,,0.9913419913419913,149999.53333333333,1,157399.0134529148,0.7435064935064936,0,30602.150828247602,4,4,5,4
msg_1149,node3,node0,317,83520000,83520001.0,1.0,,,,0.9913419913419913,130908.81818181818,1,157399.0134529148,0.7429805615550756,0,30548.884247171452,2,2,5,4
msg_1150,node4,node0,317,83520000,83520001.0,1.0,,,,0.9913419913419913,173077.36538461538,1,157399.0134529148,0.7432578209277239,0,30522.320869565217,1,1,5,4
msg_1151,node1,node0,317,83880000,83880000.0,0.0,,,,0.0,176785.7142857143,1,157399.0134529148,0.7435344827586207,0,30495.803649000867,4,4,5,4
msg_1152,node2,node0,317,83880000,83880001.0,1.0,,,,0.9913793103448276,149999.53333333333,1,157399.0134529148,0.7435344827586207,0,30495.803649000867,4,4,5,4
msg_1153,node3,node0,317,83880000,83880001.0,1.0,,,,0.9913793103448276,130908.81818181818,1,157399.0134529148,0.7430107526881721,0,30442.906331309627,2,2,5,4
msg_1154,node4,node0,317,83880000,83880001.0,1.0,,,,0.9913793103448276,173077.36538461538,1,157399.0134529148,0.7432867883995704,0,30416.52686308492,1,1,5,4
msg_1155,node0,node1,317,83940000,83940000.0,0.0,,,,157399.0134529148,0.7435622317596566,1,0.0,176785.7142857143,0,30390.193073593073,1,1,5,1
msg_1156,node1,node0,317,84240000,84240000.0,0.0,,,,0.0,173684.2105263158,1,156696.3392857143,0.7435622317596566,0,30363.903979238756,4,4,5,4
msg_1157,node2,node0,317,84240000,84240001.0,1.0,,,,0.9914163090128756,149999.53333333333,1,156696.3392857143,0.7435622317596566,0,30363.903979238756,4,4,5,4
msg_1158,node3,node0,317,84240000,84240001.0,1.0,,,,0.9914163090128756,130908.81818181818,1,156696.3392857143,0.7430406852248393,0,30311.46286701209,2,2,5,4
msg_1159,node4,node0,317,84240000,84240001.0,1.0,,,,0.9914163090128756,173077.36538461538,1,156696.3392857143,0.7433155080213903,0,30285.310612597066,1,1,5,4
msg_1160,node1,node0,317,84600000,84600000.0,0.0,,,,0.0,173684.2105263158,1,156696.3392857143,0.7435897435897436,0,30259.20344827586,4,4,5,4
msg_1161,node2,node0,317,84600000,84600001.0,1.0,,,,0.9914529914529915,149999.53333333333,1,156696.3392857143,0.7435897435897436,0,30259.20344827586,4,4,5,4
msg_1162,node3,node0,317,84600000,84600001.0,1.0,,,,0.9914529914529915,130908.81818181818,1,156696.3392857143,0.7430703624733476,0,30207.123063683306,2,2,5,4
msg_1163,node4,node0,317,84600000,84600001.0,1.0,,,,0.9914529914529915,173077.36538461538,1,156696.3392857143,0.7433439829605963,0,30181.150472914876,1,1,5,4
msg_1164,node0,node3,317,84660001,84960000.0,299999.0,,,,156696.3392857143,0.7436170212765958,2,0.9914893617021276,130908.81818181818,0,30155.222508591065,6,6,5,2
msg_1165,node0,node4,317,84660001,84960001.0,300000.0,,,,157333.24,0.7436440677966102,2,0.9915254237288136,173077.36538461538,0,30282.875106928997,1,1,5,2
msg_1166,node1,node0,317,84960000,84960000.0,0.0,,,,0.0,173684.2105263158,1,156696.3392857143,0.7436170212765958,0,30155.222508591065,6,6,5,4
msg_1167,node2,node0,317,84960000,84960001.0,1.0,,,,0.9914893617021276,149999.53333333333,1,157333.24,0.742826780021254,0,30360.78730703259,4,4,5,4
msg_1168,node3,node0,317,84960000,84960001.0,1.0,,,,0.9914893617021276,133928.2857142857,1,157333.24,0.7430997876857749,0,30334.77206512425,3,3,5,4
msg_1169,node4,node0,317,84960000,84960001.0,1.0,,,,0.9914893617021276,173077.36538461538,1,157333.24,0.7430997876857749,0,30334.77206512425,3,3,5,4
msg_1170,node0,node2,317,85020001,85020001.0,0.0,,,,157964.50884955752,0.7436440677966102,2,0.9915254237288136,149999.53333333333,0,30513.402564102566,2,2,5,2
msg_1171,node0,node4,317,85020001,85020002.0,1.0,,,,157268.62995594714,0.7436440677966102,2,0.9915254237288136,175472.1320754717,0,30487.345004269853,1,1,5,2
msg_1172,node1,node0,317,85320000,85320000.0,0.0,,,,0.0,173684.2105263158,1,156578.8596491228,0.7436440677966102,0,30461.332764505118,4,4,5,4
msg_1173,node2,node0,317,85320000,85320001.0,1.0,,,,0.9915254237288136,147540.52459016393,1,156578.8596491228,0.7428571428571429,0,30435.364023870417,3,3,5,4
msg_1174,node3,node0,317,85320000,85320001.0,1.0,,,,0.9915254237288136,133928.2857142857,1,156578.8596491228,0.7431289640591966,0,30409.440374787053,2,2,5,4
msg_1175,node4,node0,317,85320000,85320001.0,1.0,,,,0.9915254237288136,172222.66666666666,1,156578.8596491228,0.7431289640591966,0,30409.440374787053,2,2,5,4
msg_1176,node0,node4,317,85380001,85680001.0,300000.0,,,,156578.8596491228,0.7434279705573081,1,0.9915611814345991,172222.66666666666,0,30280.480916030534,2,2,5,1
msg_1177,node1,node0,317,85680000,85680000.0,0.0,,,,0.0,173684.2105263158,1,156578.8596491228,0.7436708860759493,0,30357.725340136054,5,5,5,4
msg_1178,node2,node0,317,85680000,85680001.0,1.0,,,,0.9915611814345991,147540.52459016393,1,156578.8596491228,0.7436708860759493,0,30357.725340136054,5,5,5,4
msg_1179,node3,node0,317,85680000,85680001.0,1.0,,,,0.9915611814345991,133928.2857142857,1,156578.8596491228,0.7431578947368421,0,30306.18505942275,3,3,5,4
msg_1180,node4,node0,317,85680000,85680001.0,1.0,,,,0.9915611814345991,174545.8909090909,1,157205.15283842795,0.7434279705573081,0,30509.056779661016,1,1,5,4
msg_1181,node0,node1,317,85740000,85740000.0,0.0,,,,157205.15283842795,0.7436974789915967,1,0.0,173684.2105263158,0,30483.224386113463,1,1,5,1
msg_1182,node0,node2,317,85740001,85740001.0,0.0,,,,156521.65217391305,0.7436974789915967,2,0.9915966386554622,147540.52459016393,0,30457.434856175973,2,2,5,2
msg_1183,node0,node4,317,85740001,85740002.0,1.0,,,,156521.65217391305,0.7436974789915967,2,0.9915966386554622,174545.8909090909,0,30457.434856175973,2,2,5,2
msg_1184,node1,node0,317,86040000,86040000.0,0.0,,,,0.0,170689.6551724138,1,155172.3318965517,0.7436974789915967,0,30405.98733108108,4,4,5,4
msg_1185,node2,node0,317,86040000,86040001.0,1.0,,,,0.9915966386554622,145160.83870967742,1,155172.3318965517,0.7436974789915967,0,30405.98733108108,4,4,5,4
msg_1186,node3,node0,317,86040000,86040001.0,1.0,,,,0.9915966386554622,133928.2857142857,1,155172.3318965517,0.7431865828092243,0,30354.713322091062,2,2,5,4
msg_1187,node4,node0,317,86040000,86040001.0,1.0,,,,0.9915966386554622,171429.01785714287,1,155172.3318965517,0.743455497382199,0,30329.14153327717,1,1,5,4
msg_1188,node0,node1,317,86100000,,,,,,155172.3318965517,0.7437238493723849,1,0.0,170689.6551724138,0,30303.612794612796,1,1,5,1
