msg_id,sender,receiver,payload_size_B,time_send_ms,time_receive_ms,actual_delay_ms,online_predicted_delay_ms,cluster_predicted_delay_ms,weighted_predicted_delay_ms,sender_average_outgoing_delay_ms,sender_average_incoming_delay_ms,sender_num_messages_sent_simultaneously,receiver_average_outgoing_delay_ms,receiver_average_incoming_delay_ms,receiver_num_messages_sent_simultaneously,network_average_delay_ms,network_num_messages_in_transit,network_num_busy_links,network_num_network_nodes,network_num_messages_sent_simultaneously
msg_0,node0,node1,223,1000,1047.0,47.0,,,,,,1,,,0,,1,1,2,1
msg_1,node0,node2,223,11000,11053.0,53.0,,,,47.0,47.0,1,,,0,47.0,1,1,3,2
msg_2,node1,node0,223,11000,11047.0,47.0,,,,,47.0,1,47.0,,1,47.0,2,2,3,2
msg_3,node0,node3,223,21000,21047.0,47.0,,,,50.0,47.0,1,,,0,49.0,3,3,4,3
msg_4,node1,node2,223,21000,21053.0,53.0,,,,47.0,47.0,1,53.0,53.0,1,49.4,1,1,4,3
msg_5,node2,node0,223,21000,21053.0,53.0,,,,,53.0,1,49.0,47.0,1,48.5,2,2,4,3
msg_6,node0,node4,223,31000,31047.0,47.0,,,,49.0,50.0,1,,,0,50.0,4,4,5,4
msg_7,node1,node3,223,31000,31047.0,47.0,,,,50.0,47.0,1,,47.0,1,50.0,4,4,5,4
msg_8,node2,node1,223,31000,31053.0,53.0,,,,53.0,53.0,1,49.0,47.0,1,49.0,1,1,5,4
msg_9,node3,node0,223,31000,31047.0,47.0,,,,,47.0,1,49.0,50.0,1,50.0,4,4,5,4
msg_10,node0,node5,223,41000,41047.0,47.0,,,,48.5,49.0,1,,,0,49.4,5,5,6,5
msg_11,node1,node4,223,41000,41047.0,47.0,,,,49.0,50.0,1,,47.0,1,49.4,5,5,6,5
msg_12,node2,node3,223,41000,41059.0,59.0,,,,53.0,53.0,1,50.0,47.0,1,49.142857142857146,1,1,6,5
msg_13,node3,node1,223,41000,41053.0,53.0,,,,47.0,47.0,1,48.5,50.0,1,48.84615384615385,2,2,6,5
msg_14,node4,node0,223,41000,41047.0,47.0,,,,,47.0,1,48.5,49.0,1,49.4,5,5,6,5
msg_15,node0,node6,223,51000,51047.0,47.0,,,,48.2,48.5,1,,,0,49.8,6,6,7,6
msg_16,node1,node5,223,51000,51047.0,47.0,,,,48.5,51.0,1,,47.0,1,49.8,6,6,7,6
msg_17,node2,node4,223,51000,51053.0,53.0,,,,55.0,53.0,1,47.0,47.0,1,49.4,1,1,7,6
msg_18,node3,node2,223,51000,51053.0,53.0,,,,50.0,51.0,1,55.0,53.0,1,49.21052631578947,2,2,7,6
msg_19,node4,node1,223,51000,51047.0,47.0,,,,47.0,47.0,1,48.5,51.0,1,49.8,6,6,7,6
msg_20,node5,node0,223,51000,51047.0,47.0,,,,,47.0,1,48.2,48.5,1,49.8,6,6,7,6
msg_21,node0,node7,223,61000,61047.0,47.0,,,,48.0,48.2,1,,,0,49.57142857142857,7,7,8,7
msg_22,node1,node6,223,61000,61047.0,47.0,,,,48.2,50.0,1,,47.0,1,49.57142857142857,7,7,8,7
msg_23,node2,node5,223,61000,61053.0,53.0,,,,54.5,53.0,1,47.0,47.0,1,49.07692307692308,2,2,8,7
msg_24,node3,node4,223,61000,61047.0,47.0,,,,51.0,51.0,1,47.0,49.0,1,49.57142857142857,7,7,8,7
msg_25,node4,node2,223,61000,61053.0,53.0,,,,47.0,48.5,1,54.5,53.0,1,49.07692307692308,2,2,8,7
msg_26,node5,node1,223,61000,61047.0,47.0,,,,47.0,47.0,1,48.2,50.0,1,49.57142857142857,7,7,8,7
msg_27,node6,node0,223,61000,61047.0,47.0,,,,,47.0,1,48.0,48.2,1,49.57142857142857,7,7,8,7
msg_28,node0,node8,223,71000,71047.0,47.0,,,,47.857142857142854,48.0,1,,,0,49.357142857142854,8,8,9,8
msg_29,node1,node7,223,71000,71047.0,47.0,,,,48.0,49.4,1,,47.0,1,49.357142857142854,8,8,9,8
msg_30,node2,node6,223,71000,71053.0,53.0,,,,54.2,53.0,1,47.0,47.0,1,49.05714285714286,1,1,9,8
msg_31,node3,node5,223,71000,71047.0,47.0,,,,50.0,51.0,1,47.0,49.0,1,49.357142857142854,8,8,9,8
msg_32,node4,node3,223,71000,71047.0,47.0,,,,49.0,48.5,1,50.0,51.0,1,49.357142857142854,8,8,9,8
msg_33,node5,node2,223,71000,71053.0,53.0,,,,47.0,48.5,1,54.2,53.0,1,48.94117647058823,2,2,9,8
msg_34,node6,node1,223,71000,71047.0,47.0,,,,47.0,47.0,1,48.0,49.4,1,49.357142857142854,8,8,9,8
msg_35,node7,node0,223,71000,71047.0,47.0,,,,,47.0,1,47.857142857142854,48.0,1,49.357142857142854,8,8,9,8
msg_36,node0,node9,223,81000,81047.0,47.0,,,,47.75,47.857142857142854,1,,,0,49.166666666666664,9,9,10,9
msg_37,node1,node8,223,81000,81047.0,47.0,,,,47.857142857142854,49.0,1,,47.0,1,49.166666666666664,9,9,10,9
msg_38,node2,node7,223,81000,81053.0,53.0,,,,54.0,53.0,1,47.0,47.0,1,48.90909090909091,1,1,10,9
msg_39,node3,node6,223,81000,81047.0,47.0,,,,49.4,50.0,1,47.0,49.0,1,49.166666666666664,9,9,10,9
msg_40,node4,node5,223,81000,81047.0,47.0,,,,48.5,48.5,1,49.0,48.5,1,49.166666666666664,9,9,10,9
msg_41,node5,node3,223,81000,81047.0,47.0,,,,49.0,48.5,1,49.4,50.0,1,49.166666666666664,9,9,10,9
msg_42,node6,node2,223,81000,81053.0,53.0,,,,47.0,48.5,1,54.0,53.0,1,48.81395348837209,2,2,10,9
msg_43,node7,node1,223,81000,81047.0,47.0,,,,47.0,47.0,1,47.857142857142854,49.0,1,49.166666666666664,9,9,10,9
msg_44,node8,node0,223,81000,81047.0,47.0,,,,,47.0,1,47.75,47.857142857142854,1,49.166666666666664,9,9,10,9
msg_45,node0,node10,224,91000,91053.0,53.0,,,,47.666666666666664,47.666666666666664,1,,,0,48.81132075471698,2,2,11,10
msg_46,node1,node9,223,91000,91047.0,47.0,,,,47.75,48.714285714285715,1,,47.0,1,49.0,10,10,11,10
msg_47,node2,node8,223,91000,91053.0,53.0,,,,53.857142857142854,53.0,1,47.0,47.0,1,48.81132075471698,2,2,11,10
msg_48,node3,node7,223,91000,91047.0,47.0,,,,49.0,49.4,1,47.0,49.0,1,49.0,10,10,11,10
msg_49,node4,node6,223,91000,91047.0,47.0,,,,48.2,48.5,1,49.0,48.5,1,49.0,10,10,11,10
msg_50,node5,node4,223,91000,91047.0,47.0,,,,48.5,48.2,1,48.2,48.5,1,49.0,10,10,11,10
msg_51,node6,node3,223,91000,91047.0,47.0,,,,49.0,48.5,1,49.0,49.4,1,49.0,10,10,11,10
msg_52,node7,node2,223,91000,91053.0,53.0,,,,47.0,48.5,1,53.857142857142854,53.0,1,48.73076923076923,3,3,11,10
msg_53,node8,node1,223,91000,91047.0,47.0,,,,47.0,47.0,1,47.75,48.714285714285715,1,49.0,10,10,11,10
msg_54,node9,node0,223,91000,91047.0,47.0,,,,,47.0,1,47.666666666666664,47.75,1,49.0,10,10,11,10
msg_55,node0,node11,225,101000,101047.0,47.0,,,,48.2,47.666666666666664,1,,,0,48.96363636363636,11,11,12,11
msg_56,node1,node10,224,101000,101053.0,53.0,,,,47.666666666666664,48.333333333333336,1,53.0,53.0,1,48.80952380952381,3,3,12,11
msg_57,node2,node9,223,101000,101053.0,53.0,,,,53.75,53.0,1,47.0,47.0,1,48.80952380952381,3,3,12,11
msg_58,node3,node8,223,101000,101047.0,47.0,,,,48.714285714285715,49.0,1,47.0,49.0,1,48.96363636363636,11,11,12,11
msg_59,node4,node7,223,101000,101047.0,47.0,,,,48.0,48.2,1,49.0,48.5,1,48.96363636363636,11,11,12,11
msg_60,node5,node6,223,101000,101047.0,47.0,,,,48.2,48.2,1,48.5,48.2,1,48.96363636363636,11,11,12,11
msg_61,node6,node4,223,101000,101047.0,47.0,,,,48.5,48.2,1,48.0,48.2,1,48.96363636363636,11,11,12,11
msg_62,node7,node3,223,101000,101047.0,47.0,,,,49.0,48.5,1,48.714285714285715,49.0,1,48.96363636363636,11,11,12,11
msg_63,node8,node2,223,101000,101053.0,53.0,,,,47.0,48.5,1,53.75,53.0,1,48.80952380952381,3,3,12,11
msg_64,node9,node1,223,101000,101047.0,47.0,,,,47.0,47.0,1,47.666666666666664,48.5,1,48.96363636363636,11,11,12,11
msg_65,node10,node0,225,101000,101053.0,53.0,,,,,53.0,1,48.09090909090909,47.666666666666664,1,48.74193548387097,4,4,12,11
msg_66,node0,node12,225,111000,111047.0,47.0,,,,48.09090909090909,48.2,1,,,0,49.0,12,12,13,12
msg_67,node1,node11,225,111000,111053.0,53.0,,,,48.2,48.333333333333336,1,47.0,47.0,1,48.80821917808219,5,5,13,12
msg_68,node2,node10,224,111000,111065.0,65.0,,,,53.666666666666664,53.0,1,53.0,53.0,1,48.80821917808219,5,5,13,12
msg_69,node3,node9,223,111000,111053.0,53.0,,,,48.5,48.5,1,47.0,49.0,1,48.80821917808219,5,5,13,12
msg_70,node4,node8,223,111000,111047.0,47.0,,,,47.857142857142854,48.0,1,49.0,48.5,1,49.0,12,12,13,12
msg_71,node5,node7,223,111000,111047.0,47.0,,,,48.0,48.2,1,48.5,48.2,1,49.0,12,12,13,12
msg_72,node6,node5,223,111000,111047.0,47.0,,,,48.2,48.0,1,48.0,48.2,1,49.0,12,12,13,12
msg_73,node7,node4,223,111000,111047.0,47.0,,,,48.5,48.2,1,47.857142857142854,48.0,1,49.0,12,12,13,12
msg_74,node8,node3,223,111000,111047.0,47.0,,,,49.0,48.5,1,48.5,48.714285714285715,1,49.0,12,12,13,12
msg_75,node9,node2,223,111000,111053.0,53.0,,,,47.0,49.0,1,53.666666666666664,53.0,1,48.80821917808219,5,5,13,12
msg_76,node10,node1,225,111000,111053.0,53.0,,,,53.0,53.0,1,48.2,48.333333333333336,1,48.80821917808219,5,5,13,12
msg_77,node11,node0,225,111000,111047.0,47.0,,,,,47.0,1,48.09090909090909,48.2,1,49.0,12,12,13,12
msg_78,node0,node13,225,121000,121047.0,47.0,,,,48.0,48.09090909090909,1,,,0,49.07142857142857,7,7,14,13
msg_79,node1,node12,225,121000,121047.0,47.0,,,,48.63636363636363,48.63636363636363,1,,47.0,1,49.07142857142857,7,7,14,13
msg_80,node2,node11,225,121000,121056.0,56.0,,,,54.8,53.0,1,47.0,50.0,1,49.08988764044944,2,2,14,13
msg_81,node3,node10,224,121000,121053.0,53.0,,,,49.0,48.333333333333336,1,53.0,57.0,1,49.0,4,4,14,13
msg_82,node4,node9,223,121000,121047.0,47.0,,,,47.75,47.75,1,48.5,50.0,1,49.07142857142857,7,7,14,13
msg_83,node5,node8,223,121000,121047.0,47.0,,,,47.857142857142854,48.0,1,48.5,48.2,1,49.20253164556962,12,12,14,13
msg_84,node6,node7,223,121000,121047.0,47.0,,,,48.0,48.0,1,48.2,48.0,1,49.20253164556962,12,12,14,13
msg_85,node7,node5,223,121000,121047.0,47.0,,,,48.2,48.0,1,47.857142857142854,48.0,1,49.20253164556962,12,12,14,13
msg_86,node8,node4,223,121000,121047.0,47.0,,,,48.5,48.2,1,47.75,47.857142857142854,1,49.20253164556962,12,12,14,13
msg_87,node9,node3,223,121000,121047.0,47.0,,,,49.0,50.0,1,49.0,48.5,1,49.20253164556962,12,12,14,13
msg_88,node10,node2,225,121000,121065.0,65.0,,,,53.0,56.0,1,54.90909090909091,53.0,1,49.166666666666664,1,1,14,13
msg_89,node11,node1,225,121000,121047.0,47.0,,,,47.0,50.0,1,48.63636363636363,48.8,1,49.23076923076923,13,13,14,13
msg_90,node12,node0,225,121000,121053.0,53.0,,,,,47.0,1,47.92307692307692,48.09090909090909,1,49.0,4,4,14,13
msg_91,node0,node14,225,131000,131053.0,53.0,,,,47.92307692307692,48.38461538461539,1,,,0,49.19,5,5,15,14
msg_92,node1,node13,225,131000,131047.0,47.0,,,,48.5,48.63636363636363,1,,47.0,1,49.34065934065934,14,14,15,14
msg_93,node2,node12,225,131000,131053.0,53.0,,,,54.90909090909091,54.2,1,53.0,47.0,1,49.19,5,5,15,14
msg_94,node3,node11,225,131000,131047.0,47.0,,,,49.4,48.333333333333336,1,47.0,52.0,1,49.34065934065934,14,14,15,14
msg_95,node4,node10,224,131000,131053.0,53.0,,,,47.666666666666664,47.666666666666664,1,57.0,56.0,1,49.19,5,5,15,14
msg_96,node5,node9,223,131000,131047.0,47.0,,,,47.75,47.857142857142854,1,48.5,49.4,1,49.34065934065934,14,14,15,14
msg_97,node6,node8,223,131000,131047.0,47.0,,,,47.857142857142854,48.0,1,48.2,48.0,1,49.34065934065934,14,14,15,14
msg_98,node7,node6,223,131000,131047.0,47.0,,,,48.0,47.857142857142854,1,47.857142857142854,48.0,1,49.34065934065934,14,14,15,14
msg_99,node8,node5,223,131000,131047.0,47.0,,,,48.2,48.0,1,47.75,47.857142857142854,1,49.34065934065934,14,14,15,14
msg_100,node9,node4,223,131000,131047.0,47.0,,,,48.5,49.4,1,47.666666666666664,47.75,1,49.34065934065934,14,14,15,14
msg_101,node10,node3,225,131000,131053.0,53.0,,,,57.0,56.0,1,49.18181818181818,48.333333333333336,1,49.19,5,5,15,14
msg_102,node11,node2,225,131000,131053.0,53.0,,,,47.0,50.75,1,54.90909090909091,54.2,1,49.19,5,5,15,14
msg_103,node12,node1,225,131000,131053.0,53.0,,,,53.0,47.0,1,48.38461538461539,48.63636363636363,1,49.15151515151515,6,6,15,14
msg_104,node13,node0,225,131000,131047.0,47.0,,,,,47.0,1,47.92307692307692,48.5,1,49.34065934065934,14,14,15,14
msg_105,node0,node15,225,141000,141053.0,53.0,,,,48.285714285714285,48.714285714285715,1,,,0,49.256637168141594,7,7,16,15
msg_106,node1,node14,225,141000,141053.0,53.0,,,,48.38461538461539,48.84615384615385,1,53.0,53.0,1,49.256637168141594,7,7,16,15
msg_107,node2,node13,225,141000,141053.0,53.0,,,,54.75,54.09090909090909,1,47.0,47.0,1,49.256637168141594,7,7,16,15
msg_108,node3,node12,225,141000,141047.0,47.0,,,,49.18181818181818,48.8,1,53.0,49.0,1,49.371428571428574,15,15,16,15
msg_109,node4,node11,225,141000,141047.0,47.0,,,,48.2,47.666666666666664,1,49.0,50.75,1,49.371428571428574,15,15,16,15
msg_110,node5,node10,224,141000,141053.0,53.0,,,,47.666666666666664,47.666666666666664,1,56.0,55.4,1,49.256637168141594,7,7,16,15
msg_111,node6,node9,223,141000,141047.0,47.0,,,,47.75,47.857142857142854,1,48.2,49.0,1,49.371428571428574,15,15,16,15
msg_112,node7,node8,223,141000,141047.0,47.0,,,,47.857142857142854,47.857142857142854,1,48.0,47.857142857142854,1,49.371428571428574,15,15,16,15
msg_113,node8,node6,223,141000,141047.0,47.0,,,,48.0,47.857142857142854,1,47.75,47.857142857142854,1,49.371428571428574,15,15,16,15
msg_114,node9,node5,223,141000,141047.0,47.0,,,,48.2,49.0,1,47.666666666666664,47.75,1,49.371428571428574,15,15,16,15
msg_115,node10,node4,225,141000,141053.0,53.0,,,,56.0,55.4,1,48.09090909090909,47.666666666666664,1,49.256637168141594,7,7,16,15
msg_116,node11,node3,225,141000,141053.0,53.0,,,,49.0,50.0,1,49.0,48.8,1,49.256637168141594,7,7,16,15
msg_117,node12,node2,225,141000,141053.0,53.0,,,,53.0,48.5,1,54.75,54.09090909090909,1,49.256637168141594,7,7,16,15
msg_118,node13,node1,225,141000,141047.0,47.0,,,,47.0,47.0,1,48.38461538461539,49.0,1,49.371428571428574,15,15,16,15
msg_119,node14,node0,225,141000,141053.0,53.0,,,,,53.0,1,48.285714285714285,48.38461538461539,1,49.223214285714285,8,8,16,15
msg_120,node0,node16,225,151000,151047.0,47.0,,,,48.6,48.714285714285715,1,,,0,49.475,16,16,17,16
msg_121,node1,node15,225,151000,151053.0,53.0,,,,48.714285714285715,49.142857142857146,1,53.0,53.0,1,49.43181818181818,4,4,17,16
msg_122,node2,node14,225,151000,151059.0,59.0,,,,54.61538461538461,53.92307692307692,1,53.0,53.0,1,49.51111111111111,1,1,17,16
msg_123,node3,node13,225,151000,151047.0,47.0,,,,49.0,49.18181818181818,1,47.0,49.0,1,49.475,16,16,17,16
msg_124,node4,node12,225,151000,151053.0,53.0,,,,48.09090909090909,48.09090909090909,1,51.5,48.5,1,49.43181818181818,4,4,17,16
msg_125,node5,node11,225,151000,151047.0,47.0,,,,48.2,47.666666666666664,1,50.0,50.0,1,49.475,16,16,17,16
msg_126,node6,node10,224,151000,151053.0,53.0,,,,47.666666666666664,47.666666666666664,1,55.0,55.0,1,49.43181818181818,4,4,17,16
msg_127,node7,node9,223,151000,151047.0,47.0,,,,47.75,47.857142857142854,1,48.0,48.714285714285715,1,49.475,16,16,17,16
msg_128,node8,node7,223,151000,151047.0,47.0,,,,47.857142857142854,47.75,1,47.75,47.857142857142854,1,49.475,16,16,17,16
msg_129,node9,node6,223,151000,151047.0,47.0,,,,48.0,48.714285714285715,1,47.666666666666664,47.75,1,49.475,16,16,17,16
msg_130,node10,node5,225,151000,151053.0,53.0,,,,55.4,55.0,1,48.09090909090909,47.666666666666664,1,49.3203125,8,8,17,16
msg_131,node11,node4,225,151000,151047.0,47.0,,,,50.0,50.0,1,48.09090909090909,48.2,1,49.475,16,16,17,16
msg_132,node12,node3,225,151000,151047.0,47.0,,,,53.0,48.5,1,49.0,49.18181818181818,1,49.475,16,16,17,16
msg_133,node13,node2,225,151000,151053.0,53.0,,,,47.0,48.5,1,54.61538461538461,54.0,1,49.3203125,8,8,17,16
msg_134,node14,node1,225,151000,151053.0,53.0,,,,53.0,53.0,1,48.714285714285715,48.84615384615385,1,49.3203125,8,8,17,16
msg_135,node15,node0,225,151000,151053.0,53.0,,,,,53.0,1,48.5,48.714285714285715,1,49.3203125,8,8,17,16
msg_136,node0,node17,225,161000,161047.0,47.0,,,,48.5,49.0,1,,,0,49.580882352941174,17,17,18,17
msg_137,node1,node16,225,161000,161047.0,47.0,,,,49.0,49.142857142857146,1,,47.0,1,49.580882352941174,17,17,18,17
msg_138,node2,node15,225,161000,161059.0,59.0,,,,54.92857142857143,53.92307692307692,1,53.0,53.0,1,49.48344370860927,2,2,18,17
msg_139,node3,node14,225,161000,161053.0,53.0,,,,48.84615384615385,48.84615384615385,1,53.0,55.0,1,49.38775510204081,6,6,18,17
msg_140,node4,node13,225,161000,161047.0,47.0,,,,48.5,48.09090909090909,1,49.0,48.5,1,49.580882352941174,17,17,18,17
msg_141,node5,node12,225,161000,161047.0,47.0,,,,48.09090909090909,48.2,1,51.5,49.4,1,49.580882352941174,17,17,18,17
msg_142,node6,node11,225,161000,161047.0,47.0,,,,48.2,47.666666666666664,1,49.4,49.5,1,49.580882352941174,17,17,18,17
msg_143,node7,node10,224,161000,161053.0,53.0,,,,47.666666666666664,47.666666666666664,1,55.0,54.714285714285715,1,49.38775510204081,6,6,18,17
msg_144,node8,node9,223,161000,161047.0,47.0,,,,47.75,47.75,1,47.857142857142854,48.5,1,49.580882352941174,17,17,18,17
msg_145,node9,node7,223,161000,161047.0,47.0,,,,47.857142857142854,48.5,1,47.666666666666664,47.75,1,49.580882352941174,17,17,18,17
msg_146,node10,node6,225,161000,161053.0,53.0,,,,55.0,54.714285714285715,1,48.09090909090909,47.666666666666664,1,49.38775510204081,6,6,18,17
msg_147,node11,node5,225,161000,161047.0,47.0,,,,49.4,49.5,1,48.09090909090909,48.2,1,49.580882352941174,17,17,18,17
msg_148,node12,node4,225,161000,161047.0,47.0,,,,51.5,49.4,1,48.5,48.09090909090909,1,49.580882352941174,17,17,18,17
msg_149,node13,node3,225,161000,161047.0,47.0,,,,49.0,48.5,1,48.84615384615385,49.0,1,49.580882352941174,17,17,18,17
msg_150,node14,node2,225,161000,161059.0,59.0,,,,53.0,54.5,1,54.92857142857143,53.92307692307692,1,49.48344370860927,2,2,18,17
msg_151,node15,node1,225,161000,161053.0,53.0,,,,53.0,53.0,1,48.875,49.142857142857146,1,49.38775510204081,6,6,18,17
msg_152,node16,node0,225,161000,161047.0,47.0,,,,,47.0,1,48.5,49.0,1,49.580882352941174,17,17,18,17
msg_153,node0,node18,225,171000,171047.0,47.0,,,,48.411764705882355,48.875,1,,,0,49.6078431372549,18,18,19,18
msg_154,node1,node17,225,171000,171047.0,47.0,,,,48.875,49.4,1,,47.0,1,49.6078431372549,18,18,19,18
msg_155,node2,node16,225,171000,171053.0,53.0,,,,55.2,54.285714285714285,1,47.0,47.0,1,49.46296296296296,9,9,19,18
msg_156,node3,node15,225,171000,171053.0,53.0,,,,49.142857142857146,48.84615384615385,1,53.0,55.0,1,49.46296296296296,9,9,19,18
msg_157,node4,node14,225,171000,171053.0,53.0,,,,48.38461538461539,48.0,1,55.0,54.5,1,49.46296296296296,9,9,19,18
msg_158,node5,node13,225,171000,171047.0,47.0,,,,48.0,48.09090909090909,1,48.5,48.2,1,49.6078431372549,18,18,19,18
msg_159,node6,node12,225,171000,171047.0,47.0,,,,48.09090909090909,48.2,1,50.6,49.0,1,49.6078431372549,18,18,19,18
msg_160,node7,node11,225,171000,171047.0,47.0,,,,48.2,47.666666666666664,1,49.0,49.142857142857146,1,49.6078431372549,18,18,19,18
msg_161,node8,node10,224,171000,171053.0,53.0,,,,47.666666666666664,47.666666666666664,1,54.714285714285715,54.5,1,49.46296296296296,9,9,19,18
msg_162,node9,node8,223,171000,171047.0,47.0,,,,47.75,48.333333333333336,1,47.666666666666664,47.75,1,49.6078431372549,18,18,19,18
msg_163,node10,node7,225,171000,171053.0,53.0,,,,54.714285714285715,54.5,1,48.09090909090909,47.666666666666664,1,49.46296296296296,9,9,19,18
msg_164,node11,node6,225,171000,171047.0,47.0,,,,49.0,49.142857142857146,1,48.09090909090909,48.2,1,49.6078431372549,18,18,19,18
msg_165,node12,node5,225,171000,171047.0,47.0,,,,50.6,49.0,1,48.0,48.09090909090909,1,49.6078431372549,18,18,19,18
msg_166,node13,node4,225,171000,171053.0,53.0,,,,48.5,48.0,1,48.38461538461539,48.0,1,49.46296296296296,9,9,19,18
msg_167,node14,node3,225,171000,171053.0,53.0,,,,55.0,54.5,1,49.142857142857146,48.84615384615385,1,49.46296296296296,9,9,19,18
msg_168,node15,node2,225,171000,171065.0,65.0,,,,53.0,54.5,1,55.0625,54.285714285714285,1,49.629411764705885,1,1,19,18
msg_169,node16,node1,225,171000,171047.0,47.0,,,,47.0,47.0,1,48.875,49.4,1,49.6078431372549,18,18,19,18
msg_170,node17,node0,225,171000,171053.0,53.0,,,,,47.0,1,48.333333333333336,48.875,1,49.46296296296296,9,9,19,18
msg_171,node0,node19,225,181000,181047.0,47.0,,,,48.333333333333336,49.11764705882353,1,,,0,49.719298245614034,19,19,20,19
msg_172,node1,node18,225,181000,181047.0,47.0,,,,48.76470588235294,49.25,1,,47.0,1,49.719298245614034,19,19,20,19
msg_173,node2,node17,225,181000,181053.0,53.0,,,,55.0625,54.875,1,50.0,47.0,1,49.66489361702128,2,2,20,19
msg_174,node3,node16,225,181000,181047.0,47.0,,,,49.4,49.142857142857146,1,47.0,49.0,1,49.719298245614034,19,19,20,19
msg_175,node4,node15,225,181000,181053.0,53.0,,,,48.714285714285715,48.38461538461539,1,57.0,54.5,1,49.57377049180328,7,7,20,19
msg_176,node5,node14,225,181000,181053.0,53.0,,,,47.92307692307692,47.92307692307692,1,54.5,54.2,1,49.57377049180328,7,7,20,19
msg_177,node6,node13,225,181000,181047.0,47.0,,,,48.0,48.09090909090909,1,49.4,48.0,1,49.719298245614034,19,19,20,19
msg_178,node7,node12,225,181000,181047.0,47.0,,,,48.09090909090909,48.2,1,50.0,48.714285714285715,1,49.719298245614034,19,19,20,19
msg_179,node8,node11,225,181000,181047.0,47.0,,,,48.2,47.666666666666664,1,48.714285714285715,48.875,1,49.719298245614034,19,19,20,19
msg_180,node9,node10,224,181000,181053.0,53.0,,,,47.666666666666664,48.333333333333336,1,54.5,54.333333333333336,1,49.57377049180328,7,7,20,19
msg_181,node10,node8,225,181000,181053.0,53.0,,,,54.5,54.333333333333336,1,48.09090909090909,47.666666666666664,1,49.57377049180328,7,7,20,19
msg_182,node11,node7,225,181000,181047.0,47.0,,,,48.714285714285715,48.875,1,48.09090909090909,48.2,1,49.719298245614034,19,19,20,19
msg_183,node12,node6,225,181000,181047.0,47.0,,,,50.0,48.714285714285715,1,48.0,48.09090909090909,1,49.719298245614034,19,19,20,19
msg_184,node13,node5,225,181000,181047.0,47.0,,,,49.4,48.0,1,47.92307692307692,48.0,1,49.719298245614034,19,19,20,19
msg_185,node14,node4,225,181000,181053.0,53.0,,,,54.5,54.2,1,48.714285714285715,48.38461538461539,1,49.57377049180328,7,7,20,19
msg_186,node15,node3,225,181000,181059.0,59.0,,,,57.0,54.2,1,49.25,49.142857142857146,1,49.682539682539684,1,1,20,19
msg_187,node16,node2,225,181000,181053.0,53.0,,,,47.0,48.5,1,55.0625,55.0,1,49.55494505494506,8,8,20,19
msg_188,node17,node1,225,181000,181047.0,47.0,,,,53.0,47.0,1,48.76470588235294,49.25,1,49.719298245614034,19,19,20,19
msg_189,node18,node0,225,181000,181047.0,47.0,,,,,47.0,1,48.333333333333336,49.11764705882353,1,49.719298245614034,19,19,20,19
msg_190,node0,node20,225,191000,191047.0,47.0,,,,48.26315789473684,48.89473684210526,1,,,0,49.608040201005025,11,11,21,20
msg_191,node1,node19,225,191000,191047.0,47.0,,,,48.666666666666664,49.0,1,47.0,47.0,1,49.608040201005025,11,11,21,20
msg_192,node2,node18,225,191000,191053.0,53.0,,,,54.94117647058823,54.76470588235294,1,47.0,47.0,1,49.60679611650485,4,4,21,20
msg_193,node3,node17,225,191000,191047.0,47.0,,,,49.25,49.625,1,50.0,49.0,1,49.608040201005025,11,11,21,20
msg_194,node4,node16,225,191000,191047.0,47.0,,,,49.0,48.714285714285715,1,48.5,48.5,1,49.608040201005025,11,11,21,20
msg_195,node5,node15,225,191000,191053.0,53.0,,,,48.285714285714285,48.285714285714285,1,56.6,54.2,1,49.60679611650485,4,4,21,20
msg_196,node6,node14,225,191000,191053.0,53.0,,,,47.92307692307692,47.92307692307692,1,54.0,54.0,1,49.60679611650485,4,4,21,20
msg_197,node7,node13,225,191000,191047.0,47.0,,,,48.0,48.09090909090909,1,49.0,47.857142857142854,1,49.73157894736842,20,20,21,20
msg_198,node8,node12,225,191000,191047.0,47.0,,,,48.09090909090909,48.2,1,49.57142857142857,48.5,1,49.73157894736842,20,20,21,20
msg_199,node9,node11,225,191000,191047.0,47.0,,,,48.2,48.333333333333336,1,48.5,48.666666666666664,1,49.73157894736842,20,20,21,20
msg_200,node10,node9,225,191000,191053.0,53.0,,,,54.333333333333336,54.2,1,48.09090909090909,48.333333333333336,1,49.60679611650485,4,4,21,20
msg_201,node11,node8,225,191000,191047.0,47.0,,,,48.5,48.666666666666664,1,48.09090909090909,48.2,1,49.73157894736842,20,20,21,20
msg_202,node12,node7,225,191000,191047.0,47.0,,,,49.57142857142857,48.5,1,48.0,48.09090909090909,1,49.73157894736842,20,20,21,20
msg_203,node13,node6,225,191000,191047.0,47.0,,,,49.0,47.857142857142854,1,47.92307692307692,48.0,1,49.73157894736842,20,20,21,20
msg_204,node14,node5,225,191000,191053.0,53.0,,,,54.2,54.0,1,48.285714285714285,47.92307692307692,1,49.556650246305416,7,7,21,20
msg_205,node15,node4,225,191000,191053.0,53.0,,,,57.5,54.2,1,48.875,48.714285714285715,1,49.556650246305416,7,7,21,20
msg_206,node16,node3,225,191000,191047.0,47.0,,,,49.0,48.5,1,49.25,49.8,1,49.73157894736842,20,20,21,20
msg_207,node17,node2,225,191000,191053.0,53.0,,,,50.0,48.5,1,54.94117647058823,54.875,1,49.556650246305416,7,7,21,20
msg_208,node18,node1,225,191000,191047.0,47.0,,,,47.0,47.0,1,48.666666666666664,49.11764705882353,1,49.73157894736842,20,20,21,20
msg_209,node19,node0,225,191000,191047.0,47.0,,,,,47.0,1,48.26315789473684,49.0,1,49.73157894736842,20,20,21,20
msg_210,node0,node21,225,201000,201053.0,53.0,,,,48.2,48.8,1,,,0,49.60698689956332,2,2,22,21
msg_211,node1,node20,225,201000,201047.0,47.0,,,,48.578947368421055,49.0,1,,47.0,1,49.67142857142857,21,21,22,21
msg_212,node2,node19,225,201000,201053.0,53.0,,,,54.833333333333336,54.666666666666664,1,47.0,47.0,1,49.60698689956332,2,2,22,21
msg_213,node3,node18,225,201000,201047.0,47.0,,,,49.11764705882353,49.625,1,47.0,49.0,1,49.67142857142857,21,21,22,21
msg_214,node4,node17,225,201000,201047.0,47.0,,,,48.875,49.0,1,51.0,48.5,1,49.67142857142857,21,21,22,21
msg_215,node5,node16,225,201000,201047.0,47.0,,,,48.6,48.285714285714285,1,48.5,48.2,1,49.67142857142857,21,21,22,21
msg_216,node6,node15,225,201000,201053.0,53.0,,,,48.285714285714285,47.92307692307692,1,56.6,54.0,1,49.53125,7,7,22,21
msg_217,node7,node14,225,201000,201053.0,53.0,,,,47.92307692307692,47.92307692307692,1,54.0,53.857142857142854,1,49.53125,7,7,22,21
msg_218,node8,node13,225,201000,201047.0,47.0,,,,48.0,48.09090909090909,1,48.714285714285715,47.75,1,49.67142857142857,21,21,22,21
msg_219,node9,node12,225,201000,201047.0,47.0,,,,48.09090909090909,48.8,1,49.25,48.333333333333336,1,49.67142857142857,21,21,22,21
msg_220,node10,node11,227,201000,201053.0,53.0,,,,54.2,54.2,1,48.2,48.5,1,49.53125,7,7,22,21
msg_221,node11,node9,225,201000,201047.0,47.0,,,,48.333333333333336,48.5,1,48.09090909090909,48.8,1,49.67142857142857,21,21,22,21
msg_222,node12,node8,225,201000,201047.0,47.0,,,,49.25,48.333333333333336,1,48.0,48.09090909090909,1,49.67142857142857,21,21,22,21
msg_223,node13,node7,225,201000,201047.0,47.0,,,,48.714285714285715,47.75,1,47.92307692307692,48.0,1,49.67142857142857,21,21,22,21
msg_224,node14,node6,225,201000,201053.0,53.0,,,,54.0,53.857142857142854,1,48.285714285714285,47.92307692307692,1,49.53125,7,7,22,21
msg_225,node15,node5,225,201000,201053.0,53.0,,,,56.6,54.0,1,48.5,48.285714285714285,1,49.53125,7,7,22,21
msg_226,node16,node4,225,201000,201047.0,47.0,,,,48.5,48.2,1,48.875,49.0,1,49.67142857142857,21,21,22,21
msg_227,node17,node3,225,201000,201047.0,47.0,,,,51.0,48.5,1,49.11764705882353,49.625,1,49.67142857142857,21,21,22,21
msg_228,node18,node2,225,201000,201053.0,53.0,,,,47.0,48.5,1,54.833333333333336,54.76470588235294,1,49.51569506726457,8,8,22,21
msg_229,node19,node1,225,201000,201047.0,47.0,,,,47.0,47.0,1,48.578947368421055,49.0,1,49.67142857142857,21,21,22,21
msg_230,node20,node0,225,201000,201047.0,47.0,,,,,47.0,1,48.2,48.89473684210526,1,49.67142857142857,21,21,22,21
msg_231,node0,node22,225,211000,211047.0,47.0,,,,48.42857142857143,48.8,1,,,0,49.63636363636363,22,22,23,22
msg_232,node1,node21,225,211000,211053.0,53.0,,,,48.5,48.8,1,53.0,53.0,1,49.59036144578313,4,4,23,22
msg_233,node2,node20,225,211000,211053.0,53.0,,,,54.73684210526316,54.578947368421055,1,47.0,47.0,1,49.59036144578313,4,4,23,22
msg_234,node3,node19,225,211000,211047.0,47.0,,,,49.0,49.470588235294116,1,47.0,49.0,1,49.63636363636363,22,22,23,22
msg_235,node4,node18,225,211000,211047.0,47.0,,,,48.76470588235294,48.875,1,49.0,48.5,1,49.63636363636363,22,22,23,22
msg_236,node5,node17,225,211000,211047.0,47.0,,,,48.5,48.6,1,50.0,48.2,1,49.63636363636363,22,22,23,22
msg_237,node6,node16,225,211000,211047.0,47.0,,,,48.6,48.285714285714285,1,48.2,48.0,1,49.63636363636363,22,22,23,22
msg_238,node7,node15,225,211000,211053.0,53.0,,,,48.285714285714285,48.285714285714285,1,56.0,53.857142857142854,1,49.59036144578313,4,4,23,22
msg_239,node8,node14,225,211000,211053.0,53.0,,,,47.92307692307692,47.92307692307692,1,53.857142857142854,53.75,1,49.52049180327869,9,9,23,22
msg_240,node9,node13,225,211000,211047.0,47.0,,,,48.0,48.63636363636363,1,48.5,47.666666666666664,1,49.63636363636363,22,22,23,22
msg_241,node10,node12,227,211000,211053.0,53.0,,,,54.09090909090909,54.2,1,48.8,48.2,1,49.52049180327869,9,9,23,22
msg_242,node11,node10,227,211000,211053.0,53.0,,,,48.2,48.90909090909091,1,54.09090909090909,54.2,1,49.52049180327869,9,9,23,22
msg_243,node12,node9,225,211000,211047.0,47.0,,,,49.0,48.2,1,48.0,48.63636363636363,1,49.63636363636363,22,22,23,22
msg_244,node13,node8,225,211000,211047.0,47.0,,,,48.5,47.666666666666664,1,47.92307692307692,48.0,1,49.63636363636363,22,22,23,22
msg_245,node14,node7,225,211000,211053.0,53.0,,,,53.857142857142854,53.75,1,48.285714285714285,47.92307692307692,1,49.52049180327869,9,9,23,22
msg_246,node15,node6,225,211000,211059.0,59.0,,,,56.0,53.75,1,48.5,48.285714285714285,1,49.63095238095238,1,1,23,22
msg_247,node16,node5,225,211000,211047.0,47.0,,,,48.2,48.0,1,48.5,48.6,1,49.63636363636363,22,22,23,22
msg_248,node17,node4,225,211000,211047.0,47.0,,,,50.0,48.2,1,48.76470588235294,48.875,1,49.63636363636363,22,22,23,22
msg_249,node18,node3,225,211000,211047.0,47.0,,,,49.0,48.5,1,49.0,49.470588235294116,1,49.63636363636363,22,22,23,22
msg_250,node19,node2,225,211000,211053.0,53.0,,,,47.0,48.5,1,54.73684210526316,54.666666666666664,1,49.52049180327869,9,9,23,22
msg_251,node20,node1,225,211000,211047.0,47.0,,,,47.0,47.0,1,48.5,48.89473684210526,1,49.63636363636363,22,22,23,22
msg_252,node21,node0,225,211000,211053.0,53.0,,,,,53.0,1,48.36363636363637,48.8,1,49.50617283950617,10,10,23,22
msg_253,node0,node23,225,221000,221047.0,47.0,,,,48.36363636363637,49.0,1,,,0,49.66798418972332,23,23,24,23
msg_254,node1,node22,225,221000,221047.0,47.0,,,,48.714285714285715,48.8,1,,47.0,1,49.66798418972332,23,23,24,23
msg_255,node2,node21,225,221000,221059.0,59.0,,,,54.65,54.5,1,53.0,53.0,1,49.65090909090909,1,1,24,23
msg_256,node3,node20,225,221000,221053.0,53.0,,,,48.89473684210526,49.21052631578947,1,47.0,49.0,1,49.537593984962406,10,10,24,23
msg_257,node4,node19,225,221000,221047.0,47.0,,,,48.666666666666664,48.76470588235294,1,49.0,48.5,1,49.66798418972332,23,23,24,23
msg_258,node5,node18,225,221000,221047.0,47.0,,,,48.411764705882355,48.5,1,48.5,48.2,1,49.66798418972332,23,23,24,23
msg_259,node6,node17,225,221000,221047.0,47.0,,,,48.5,49.0,1,49.4,48.0,1,49.66798418972332,23,23,24,23
msg_260,node7,node16,225,221000,221047.0,47.0,,,,48.6,48.285714285714285,1,48.0,47.857142857142854,1,49.66798418972332,23,23,24,23
msg_261,node8,node15,225,221000,221053.0,53.0,,,,48.285714285714285,47.92307692307692,1,56.42857142857143,53.75,1,49.537593984962406,10,10,24,23
msg_262,node9,node14,225,221000,221053.0,53.0,,,,47.92307692307692,48.38461538461539,1,53.75,53.666666666666664,1,49.537593984962406,10,10,24,23
msg_263,node10,node13,227,221000,221053.0,53.0,,,,54.0,54.09090909090909,1,48.2,47.6,1,49.537593984962406,10,10,24,23
msg_264,node11,node12,227,221000,221047.0,47.0,,,,48.63636363636363,48.90909090909091,1,48.8,48.63636363636363,1,49.66798418972332,23,23,24,23
msg_265,node12,node10,227,221000,221053.0,53.0,,,,48.8,48.5,1,54.0,54.09090909090909,1,49.537593984962406,10,10,24,23
msg_266,node13,node9,225,221000,221047.0,47.0,,,,48.333333333333336,47.6,1,47.92307692307692,48.5,1,49.66798418972332,23,23,24,23
msg_267,node14,node8,225,221000,221053.0,53.0,,,,53.75,53.666666666666664,1,48.285714285714285,47.92307692307692,1,49.537593984962406,10,10,24,23
msg_268,node15,node7,225,221000,221053.0,53.0,,,,56.42857142857143,53.75,1,48.5,48.285714285714285,1,49.537593984962406,10,10,24,23
msg_269,node16,node6,225,221000,221047.0,47.0,,,,48.0,47.857142857142854,1,48.5,49.0,1,49.66798418972332,23,23,24,23
msg_270,node17,node5,225,221000,221047.0,47.0,,,,49.4,48.0,1,48.411764705882355,48.5,1,49.66798418972332,23,23,24,23
msg_271,node18,node4,225,221000,221047.0,47.0,,,,48.5,48.2,1,48.666666666666664,48.76470588235294,1,49.66798418972332,23,23,24,23
msg_272,node19,node3,225,221000,221047.0,47.0,,,,49.0,48.5,1,48.89473684210526,49.333333333333336,1,49.66798418972332,23,23,24,23
msg_273,node20,node2,225,221000,221053.0,53.0,,,,47.0,49.0,1,54.65,54.578947368421055,1,49.537593984962406,10,10,24,23
msg_274,node21,node1,225,221000,221053.0,53.0,,,,53.0,53.0,1,48.63636363636363,48.8,1,49.537593984962406,10,10,24,23
msg_275,node22,node0,225,221000,221047.0,47.0,,,,,47.0,1,48.36363636363637,49.0,1,49.66798418972332,23,23,24,23
msg_276,node0,node24,225,231000,231053.0,53.0,,,,48.30434782608695,48.82608695652174,1,,,0,49.54639175257732,9,9,25,24
msg_277,node1,node23,225,231000,231047.0,47.0,,,,48.63636363636363,49.0,1,,47.0,1,49.68478260869565,24,24,25,24
msg_278,node2,node22,225,231000,231053.0,53.0,,,,54.857142857142854,54.5,1,47.0,47.0,1,49.54639175257732,9,9,25,24
msg_279,node3,node21,225,231000,231053.0,53.0,,,,49.1,49.1,1,53.0,55.0,1,49.54639175257732,9,9,25,24
msg_280,node4,node20,225,231000,231047.0,47.0,,,,48.578947368421055,48.666666666666664,1,49.0,50.0,1,49.68478260869565,24,24,25,24
msg_281,node5,node19,225,231000,231047.0,47.0,,,,48.333333333333336,48.411764705882355,1,48.5,48.2,1,49.68478260869565,24,24,25,24
msg_282,node6,node18,225,231000,231047.0,47.0,,,,48.411764705882355,48.875,1,48.2,48.0,1,49.68478260869565,24,24,25,24
msg_283,node7,node17,225,231000,231047.0,47.0,,,,48.5,48.6,1,49.0,47.857142857142854,1,49.68478260869565,24,24,25,24
msg_284,node8,node16,225,231000,231047.0,47.0,,,,48.6,48.285714285714285,1,47.857142857142854,47.75,1,49.68478260869565,24,24,25,24
msg_285,node9,node15,225,231000,231053.0,53.0,,,,48.285714285714285,48.38461538461539,1,56.0,53.666666666666664,1,49.54639175257732,9,9,25,24
msg_286,node10,node14,227,231000,231059.0,59.0,,,,53.92307692307692,53.92307692307692,1,53.6,53.6,1,49.62751677852349,2,2,25,24
msg_287,node11,node13,227,231000,231047.0,47.0,,,,48.5,48.90909090909091,1,48.2,48.09090909090909,1,49.68478260869565,24,24,25,24
msg_288,node12,node11,227,231000,231047.0,47.0,,,,49.18181818181818,48.5,1,48.5,48.90909090909091,1,49.68478260869565,24,24,25,24
msg_289,node13,node10,227,231000,231053.0,53.0,,,,48.2,48.0,1,53.92307692307692,54.0,1,49.54639175257732,9,9,25,24
msg_290,node14,node9,225,231000,231053.0,53.0,,,,53.666666666666664,53.6,1,48.285714285714285,48.38461538461539,1,49.54639175257732,9,9,25,24
msg_291,node15,node8,225,231000,231053.0,53.0,,,,56.0,53.666666666666664,1,48.5,48.285714285714285,1,49.54639175257732,9,9,25,24
msg_292,node16,node7,225,231000,231047.0,47.0,,,,47.857142857142854,47.75,1,48.5,48.6,1,49.68478260869565,24,24,25,24
msg_293,node17,node6,225,231000,231047.0,47.0,,,,49.0,47.857142857142854,1,48.411764705882355,48.875,1,49.68478260869565,24,24,25,24
msg_294,node18,node5,225,231000,231047.0,47.0,,,,48.2,48.0,1,48.333333333333336,48.411764705882355,1,49.68478260869565,24,24,25,24
msg_295,node19,node4,225,231000,231047.0,47.0,,,,48.5,48.2,1,48.578947368421055,48.666666666666664,1,49.68478260869565,24,24,25,24
msg_296,node20,node3,225,231000,231047.0,47.0,,,,49.0,50.0,1,49.1,49.21052631578947,1,49.68478260869565,24,24,25,24
msg_297,node21,node2,225,231000,231059.0,59.0,,,,53.0,54.5,1,54.77272727272727,54.5,1,49.62751677852349,2,2,25,24
msg_298,node22,node1,225,231000,231047.0,47.0,,,,47.0,47.0,1,48.63636363636363,49.0,1,49.68478260869565,24,24,25,24
msg_299,node23,node0,225,231000,231047.0,47.0,,,,,47.0,1,48.30434782608695,48.90909090909091,1,49.68478260869565,24,24,25,24
msg_300,node0,node25,225,241000,241047.0,47.0,,,,48.5,48.82608695652174,1,,,0,49.69,25,25,26,25
msg_301,node1,node24,225,241000,241053.0,53.0,,,,48.56521739130435,48.82608695652174,1,53.0,53.0,1,49.626168224299064,4,4,26,25
msg_302,node2,node23,225,241000,241053.0,53.0,,,,54.77272727272727,54.63636363636363,1,47.0,47.0,1,49.626168224299064,4,4,26,25
msg_303,node3,node22,225,241000,241047.0,47.0,,,,49.285714285714285,49.1,1,47.0,49.0,1,49.69,25,25,26,25
msg_304,node4,node21,225,241000,241053.0,53.0,,,,48.5,48.5,1,55.0,54.5,1,49.572784810126585,9,9,26,25
msg_305,node5,node20,225,241000,241047.0,47.0,,,,48.26315789473684,48.333333333333336,1,48.5,49.4,1,49.69,25,25,26,25
msg_306,node6,node19,225,241000,241047.0,47.0,,,,48.333333333333336,48.76470588235294,1,48.2,48.0,1,49.69,25,25,26,25
msg_307,node7,node18,225,241000,241047.0,47.0,,,,48.411764705882355,48.5,1,48.0,47.857142857142854,1,49.69,25,25,26,25
msg_308,node8,node17,225,241000,241047.0,47.0,,,,48.5,48.6,1,48.714285714285715,47.75,1,49.69,25,25,26,25
msg_309,node9,node16,225,241000,241047.0,47.0,,,,48.6,48.714285714285715,1,47.75,47.666666666666664,1,49.69,25,25,26,25
msg_310,node10,node15,227,241000,241059.0,59.0,,,,54.285714285714285,53.92307692307692,1,55.4,53.6,1,49.64705882352941,2,2,26,25
msg_311,node11,node14,227,241000,241053.0,53.0,,,,48.38461538461539,48.61538461538461,1,53.6,54.09090909090909,1,49.572784810126585,9,9,26,25
msg_312,node12,node13,227,241000,241047.0,47.0,,,,49.0,48.5,1,48.63636363636363,48.0,1,49.69,25,25,26,25
msg_313,node13,node11,227,241000,241047.0,47.0,,,,48.63636363636363,48.0,1,48.38461538461539,48.75,1,49.69,25,25,26,25
msg_314,node14,node10,227,241000,241059.0,59.0,,,,53.6,54.0,1,54.285714285714285,53.92307692307692,1,49.64705882352941,2,2,26,25
msg_315,node15,node9,225,241000,241053.0,53.0,,,,55.666666666666664,53.6,1,48.5,48.714285714285715,1,49.572784810126585,9,9,26,25
msg_316,node16,node8,225,241000,241047.0,47.0,,,,47.75,47.666666666666664,1,48.5,48.6,1,49.69,25,25,26,25
msg_317,node17,node7,225,241000,241047.0,47.0,,,,48.714285714285715,47.75,1,48.411764705882355,48.5,1,49.69,25,25,26,25
msg_318,node18,node6,225,241000,241047.0,47.0,,,,48.0,47.857142857142854,1,48.333333333333336,48.76470588235294,1,49.69,25,25,26,25
msg_319,node19,node5,225,241000,241047.0,47.0,,,,48.2,48.0,1,48.26315789473684,48.333333333333336,1,49.69,25,25,26,25
msg_320,node20,node4,225,241000,241047.0,47.0,,,,48.5,49.4,1,48.5,48.578947368421055,1,49.69,25,25,26,25
msg_321,node21,node3,225,241000,241053.0,53.0,,,,55.0,54.5,1,49.18181818181818,49.1,1,49.572784810126585,9,9,26,25
msg_322,node22,node2,225,241000,241053.0,53.0,,,,47.0,48.5,1,54.77272727272727,54.714285714285715,1,49.572784810126585,9,9,26,25
msg_323,node23,node1,225,241000,241047.0,47.0,,,,47.0,47.0,1,48.56521739130435,48.90909090909091,1,49.69,25,25,26,25
msg_324,node24,node0,225,241000,241053.0,53.0,,,,,53.0,1,48.44,48.82608695652174,1,49.56190476190476,10,10,26,25
msg_325,node0,node26,225,251000,251047.0,47.0,,,,48.44,49.0,1,,,0,49.70461538461539,26,26,27,26
msg_326,node1,node25,225,251000,251047.0,47.0,,,,48.75,48.82608695652174,1,,47.0,1,49.70461538461539,26,26,27,26
msg_327,node2,node24,225,251000,251059.0,59.0,,,,54.69565217391305,54.56521739130435,1,53.0,53.0,1,49.654178674351584,4,4,27,26
msg_328,node3,node23,225,251000,251047.0,47.0,,,,49.18181818181818,49.285714285714285,1,47.0,49.0,1,49.70461538461539,26,26,27,26
msg_329,node4,node22,225,251000,251047.0,47.0,,,,48.714285714285715,48.5,1,49.0,48.5,1,49.70461538461539,26,26,27,26
msg_330,node5,node21,225,251000,251053.0,53.0,,,,48.2,48.2,1,54.5,54.2,1,49.58529411764706,11,11,27,26
msg_331,node6,node20,225,251000,251047.0,47.0,,,,48.26315789473684,48.666666666666664,1,48.2,49.0,1,49.70461538461539,26,26,27,26
msg_332,node7,node19,225,251000,251047.0,47.0,,,,48.333333333333336,48.411764705882355,1,48.0,47.857142857142854,1,49.70461538461539,26,26,27,26
msg_333,node8,node18,225,251000,251047.0,47.0,,,,48.411764705882355,48.5,1,47.857142857142854,47.75,1,49.70461538461539,26,26,27,26
msg_334,node9,node17,225,251000,251047.0,47.0,,,,48.5,49.0,1,48.5,47.666666666666664,1,49.70461538461539,26,26,27,26
msg_335,node10,node16,227,251000,251053.0,53.0,,,,54.6,54.285714285714285,1,47.6,47.6,1,49.58529411764706,11,11,27,26
msg_336,node11,node15,227,251000,251059.0,59.0,,,,48.714285714285715,48.61538461538461,1,55.4,54.09090909090909,1,49.654178674351584,4,4,27,26
msg_337,node12,node14,227,251000,251053.0,53.0,,,,48.84615384615385,48.38461538461539,1,54.09090909090909,54.0,1,49.58529411764706,11,11,27,26
msg_338,node13,node12,227,251000,251047.0,47.0,,,,48.5,47.92307692307692,1,48.84615384615385,48.5,1,49.70461538461539,26,26,27,26
msg_339,node14,node11,227,251000,251059.0,59.0,,,,54.09090909090909,53.92307692307692,1,48.714285714285715,48.61538461538461,1,49.654178674351584,4,4,27,26
msg_340,node15,node10,227,251000,251059.0,59.0,,,,55.4,54.09090909090909,1,54.5,54.285714285714285,1,49.654178674351584,4,4,27,26
msg_341,node16,node9,225,251000,251047.0,47.0,,,,47.666666666666664,47.6,1,48.5,49.0,1,49.70461538461539,26,26,27,26
msg_342,node17,node8,225,251000,251047.0,47.0,,,,48.5,47.666666666666664,1,48.411764705882355,48.5,1,49.70461538461539,26,26,27,26
msg_343,node18,node7,225,251000,251047.0,47.0,,,,47.857142857142854,47.75,1,48.333333333333336,48.411764705882355,1,49.70461538461539,26,26,27,26
msg_344,node19,node6,225,251000,251047.0,47.0,,,,48.0,47.857142857142854,1,48.26315789473684,48.666666666666664,1,49.70461538461539,26,26,27,26
msg_345,node20,node5,225,251000,251047.0,47.0,,,,48.2,49.0,1,48.2,48.26315789473684,1,49.70461538461539,26,26,27,26
msg_346,node21,node4,225,251000,251053.0,53.0,,,,54.5,54.2,1,48.63636363636363,48.5,1,49.58529411764706,11,11,27,26
msg_347,node22,node3,225,251000,251047.0,47.0,,,,49.0,48.5,1,49.18181818181818,49.285714285714285,1,49.70461538461539,26,26,27,26
msg_348,node23,node2,225,251000,251053.0,53.0,,,,47.0,48.5,1,54.69565217391305,54.63636363636363,1,49.58529411764706,11,11,27,26
msg_349,node24,node1,225,251000,251053.0,53.0,,,,53.0,53.0,1,48.68,48.82608695652174,1,49.58529411764706,11,11,27,26
msg_350,node25,node0,225,251000,251053.0,53.0,,,,,47.0,1,48.38461538461539,49.0,1,49.58529411764706,11,11,27,26
msg_351,node0,node27,225,261000,261047.0,47.0,,,,48.38461538461539,49.16,1,,,0,49.76068376068376,27,27,28,27
msg_352,node1,node26,225,261000,261047.0,47.0,,,,48.68,49.0,1,,47.0,1,49.76068376068376,27,27,28,27
msg_353,node2,node25,225,261000,261053.0,53.0,,,,54.875,54.56521739130435,1,50.0,47.0,1,49.69436997319035,5,5,28,27
msg_354,node3,node24,225,261000,261053.0,53.0,,,,49.08695652173913,49.08695652173913,1,53.0,55.0,1,49.69436997319035,5,5,28,27
msg_355,node4,node23,225,261000,261047.0,47.0,,,,48.63636363636363,48.714285714285715,1,49.0,48.5,1,49.76068376068376,27,27,28,27
msg_356,node5,node22,225,261000,261047.0,47.0,,,,48.42857142857143,48.2,1,48.5,48.2,1,49.76068376068376,27,27,28,27
msg_357,node6,node21,225,261000,261053.0,53.0,,,,48.2,48.5,1,54.2,54.0,1,49.69436997319035,5,5,28,27
msg_358,node7,node20,225,261000,261047.0,47.0,,,,48.26315789473684,48.333333333333336,1,48.0,48.714285714285715,1,49.76068376068376,27,27,28,27
msg_359,node8,node19,225,261000,261047.0,47.0,,,,48.333333333333336,48.411764705882355,1,47.857142857142854,47.75,1,49.76068376068376,27,27,28,27
msg_360,node9,node18,225,261000,261047.0,47.0,,,,48.411764705882355,48.875,1,47.75,47.666666666666664,1,49.76068376068376,27,27,28,27
msg_361,node10,node17,227,261000,261053.0,53.0,,,,54.5,54.5,1,48.2,47.6,1,49.64945652173913,10,10,28,27
msg_362,node11,node16,227,261000,261047.0,47.0,,,,49.4,49.357142857142854,1,47.6,48.09090909090909,1,49.76068376068376,27,27,28,27
msg_363,node12,node15,227,261000,261053.0,53.0,,,,49.142857142857146,48.38461538461539,1,55.72727272727273,54.5,1,49.64945652173913,10,10,28,27
msg_364,node13,node14,227,261000,261053.0,53.0,,,,48.38461538461539,47.92307692307692,1,54.5,53.92307692307692,1,49.64945652173913,10,10,28,27
msg_365,node14,node12,227,261000,261053.0,53.0,,,,54.5,53.92307692307692,1,49.142857142857146,48.38461538461539,1,49.64945652173913,10,10,28,27
msg_366,node15,node11,227,261000,261053.0,53.0,,,,55.72727272727273,54.5,1,49.25,49.357142857142854,1,49.64945652173913,10,10,28,27
msg_367,node16,node10,227,261000,261053.0,53.0,,,,47.6,48.0,1,54.5,54.6,1,49.64032697547684,11,11,28,27
msg_368,node17,node9,225,261000,261047.0,47.0,,,,48.333333333333336,47.6,1,48.411764705882355,48.875,1,49.76068376068376,27,27,28,27
msg_369,node18,node8,225,261000,261047.0,47.0,,,,47.75,47.666666666666664,1,48.333333333333336,48.411764705882355,1,49.76068376068376,27,27,28,27
msg_370,node19,node7,225,261000,261047.0,47.0,,,,47.857142857142854,47.75,1,48.26315789473684,48.333333333333336,1,49.76068376068376,27,27,28,27
msg_371,node20,node6,225,261000,261047.0,47.0,,,,48.0,48.714285714285715,1,48.2,48.578947368421055,1,49.76068376068376,27,27,28,27
msg_372,node21,node5,225,261000,261053.0,53.0,,,,54.2,53.857142857142854,1,48.36363636363637,48.2,1,49.72074468085106,2,2,28,27
msg_373,node22,node4,225,261000,261047.0,47.0,,,,48.5,48.2,1,48.63636363636363,48.714285714285715,1,49.76068376068376,27,27,28,27
msg_374,node23,node3,225,261000,261047.0,47.0,,,,49.0,48.5,1,49.08695652173913,49.18181818181818,1,49.76068376068376,27,27,28,27
msg_375,node24,node2,225,261000,261059.0,59.0,,,,53.0,54.5,1,54.8,54.56521739130435,1,49.729442970822284,1,1,28,27
msg_376,node25,node1,225,261000,261047.0,47.0,,,,53.0,47.0,1,48.68,49.0,1,49.76068376068376,27,27,28,27
msg_377,node26,node0,225,261000,261047.0,47.0,,,,,47.0,1,48.38461538461539,49.16,1,49.76068376068376,27,27,28,27
msg_378,node0,node28,225,271000,271047.0,47.0,,,,48.333333333333336,49.07692307692308,1,,,0,49.75396825396825,28,28,29,28
msg_379,node1,node27,225,271000,271047.0,47.0,,,,48.61538461538461,48.92,1,,47.0,1,49.75396825396825,28,28,29,28
msg_380,node2,node26,225,271000,271053.0,53.0,,,,54.8,54.68,1,47.0,47.0,1,49.710396039603964,2,2,29,28
msg_381,node3,node25,225,271000,271047.0,47.0,,,,49.25,49.08695652173913,1,50.0,49.0,1,49.75396825396825,28,28,29,28
msg_382,node4,node24,225,271000,271053.0,53.0,,,,48.56521739130435,48.56521739130435,1,54.5,54.5,1,49.669172932330824,7,7,29,28
msg_383,node5,node23,225,271000,271047.0,47.0,,,,48.36363636363637,48.42857142857143,1,48.5,48.2,1,49.75396825396825,28,28,29,28
msg_384,node6,node22,225,271000,271047.0,47.0,,,,48.42857142857143,48.5,1,48.2,48.0,1,49.75396825396825,28,28,29,28
msg_385,node7,node21,225,271000,271053.0,53.0,,,,48.2,48.2,1,54.0,53.857142857142854,1,49.669172932330824,7,7,29,28
msg_386,node8,node20,225,271000,271047.0,47.0,,,,48.26315789473684,48.333333333333336,1,47.857142857142854,48.5,1,49.75396825396825,28,28,29,28
msg_387,node9,node19,225,271000,271047.0,47.0,,,,48.333333333333336,48.76470588235294,1,47.75,47.666666666666664,1,49.75396825396825,28,28,29,28
msg_388,node10,node18,227,271000,271053.0,53.0,,,,54.411764705882355,54.411764705882355,1,47.6,47.6,1,49.669172932330824,7,7,29,28
msg_389,node11,node17,227,271000,271047.0,47.0,,,,49.25,49.6,1,48.2,48.09090909090909,1,49.75396825396825,28,28,29,28
msg_390,node12,node16,227,271000,271047.0,47.0,,,,49.4,48.714285714285715,1,48.09090909090909,48.0,1,49.75396825396825,28,28,29,28
msg_391,node13,node15,227,271000,271053.0,53.0,,,,48.714285714285715,47.92307692307692,1,55.30769230769231,54.38461538461539,1,49.669172932330824,7,7,29,28
msg_392,node14,node13,227,271000,271053.0,53.0,,,,54.38461538461539,53.857142857142854,1,48.714285714285715,47.92307692307692,1,49.669172932330824,7,7,29,28
msg_393,node15,node12,227,271000,271053.0,53.0,,,,55.5,54.38461538461539,1,49.25,48.714285714285715,1,49.63544303797468,11,11,29,28
msg_394,node16,node11,227,271000,271047.0,47.0,,,,48.09090909090909,48.0,1,49.25,49.6,1,49.75396825396825,28,28,29,28
msg_395,node17,node10,227,271000,271053.0,53.0,,,,48.2,48.0,1,54.411764705882355,54.5,1,49.63544303797468,11,11,29,28
msg_396,node18,node9,225,271000,271047.0,47.0,,,,47.666666666666664,47.6,1,48.333333333333336,48.76470588235294,1,49.75396825396825,28,28,29,28
msg_397,node19,node8,225,271000,271047.0,47.0,,,,47.75,47.666666666666664,1,48.26315789473684,48.333333333333336,1,49.75396825396825,28,28,29,28
msg_398,node20,node7,225,271000,271047.0,47.0,,,,47.857142857142854,48.5,1,48.2,48.26315789473684,1,49.75396825396825,28,28,29,28
msg_399,node21,node6,225,271000,271054.0,54.0,,,,54.0,53.75,1,48.36363636363637,48.5,1,49.71851851851852,1,1,29,28
msg_400,node22,node5,225,271000,271047.0,47.0,,,,48.2,48.0,1,48.36363636363637,48.42857142857143,1,49.75396825396825,28,28,29,28
msg_401,node23,node4,225,271000,271047.0,47.0,,,,48.5,48.2,1,48.56521739130435,48.63636363636363,1,49.75396825396825,28,28,29,28
msg_402,node24,node3,225,271000,271053.0,53.0,,,,55.0,54.5,1,49.16,49.08695652173913,1,49.63544303797468,11,11,29,28
msg_403,node25,node2,225,271000,271053.0,53.0,,,,50.0,48.5,1,54.8,54.75,1,49.63544303797468,11,11,29,28
msg_404,node26,node1,225,271000,271047.0,47.0,,,,47.0,47.0,1,48.61538461538461,48.92,1,49.75396825396825,28,28,29,28
msg_405,node27,node0,225,271000,271047.0,47.0,,,,,47.0,1,48.333333333333336,49.07692307692308,1,49.75396825396825,28,28,29,28
msg_406,node0,node29,225,281000,281047.0,47.0,,,,48.285714285714285,49.0,1,,,0,49.72906403940887,29,29,30,29
msg_407,node1,node28,225,281000,281047.0,47.0,,,,48.55555555555556,48.84615384615385,1,,47.0,1,49.72906403940887,29,29,30,29
msg_408,node2,node27,225,281000,281053.0,53.0,,,,54.73076923076923,54.68,1,47.0,47.0,1,49.615566037735846,11,11,30,29
msg_409,node3,node26,225,281000,281048.0,48.0,,,,49.16,49.16,1,47.0,49.0,1,49.6193853427896,12,12,30,29
msg_410,node4,node25,225,281000,281047.0,47.0,,,,48.75,48.56521739130435,1,51.0,48.5,1,49.72906403940887,29,29,30,29
msg_411,node5,node24,225,281000,281053.0,53.0,,,,48.30434782608695,48.30434782608695,1,54.5,54.2,1,49.615566037735846,11,11,30,29
msg_412,node6,node23,225,281000,281047.0,47.0,,,,48.36363636363637,48.76190476190476,1,48.2,48.0,1,49.72906403940887,29,29,30,29
msg_413,node7,node22,225,281000,281047.0,47.0,,,,48.42857142857143,48.2,1,48.0,47.857142857142854,1,49.72906403940887,29,29,30,29
msg_414,node8,node21,225,281000,281053.0,53.0,,,,48.2,48.2,1,54.0,53.75,1,49.615566037735846,11,11,30,29
msg_415,node9,node20,225,281000,281047.0,47.0,,,,48.26315789473684,48.666666666666664,1,47.75,48.333333333333336,1,49.72906403940887,29,29,30,29
msg_416,node10,node19,227,281000,281053.0,53.0,,,,54.333333333333336,54.411764705882355,1,47.6,47.6,1,49.615566037735846,11,11,30,29
msg_417,node11,node18,227,281000,281047.0,47.0,,,,49.11764705882353,49.4375,1,47.6,48.09090909090909,1,49.72906403940887,29,29,30,29
msg_418,node12,node17,227,281000,281053.0,53.0,,,,49.25,48.875,1,48.5,48.0,1,49.615566037735846,11,11,30,29
msg_419,node13,node16,227,281000,281047.0,47.0,,,,49.0,48.285714285714285,1,48.0,47.92307692307692,1,49.72906403940887,29,29,30,29
msg_420,node14,node15,227,281000,281059.0,59.0,,,,54.285714285714285,53.857142857142854,1,55.142857142857146,54.285714285714285,1,49.693548387096776,1,1,30,29
msg_421,node15,node13,227,281000,281053.0,53.0,,,,55.30769230769231,54.285714285714285,1,48.875,48.285714285714285,1,49.615566037735846,11,11,30,29
msg_422,node16,node12,227,281000,281047.0,47.0,,,,48.0,47.92307692307692,1,49.25,49.0,1,49.72906403940887,29,29,30,29
msg_423,node17,node11,227,281000,281047.0,47.0,,,,48.63636363636363,48.0,1,49.11764705882353,49.4375,1,49.72906403940887,29,29,30,29
msg_424,node18,node10,227,281000,281053.0,53.0,,,,47.6,48.0,1,54.333333333333336,54.411764705882355,1,49.615566037735846,11,11,30,29
msg_425,node19,node9,225,281000,281047.0,47.0,,,,47.666666666666664,47.6,1,48.26315789473684,48.666666666666664,1,49.72906403940887,29,29,30,29
msg_426,node20,node8,225,281000,281047.0,47.0,,,,47.75,48.333333333333336,1,48.2,48.26315789473684,1,49.72906403940887,29,29,30,29
msg_427,node21,node7,225,281000,281053.0,53.0,,,,54.0,53.75,1,48.36363636363637,48.2,1,49.615566037735846,11,11,30,29
msg_428,node22,node6,225,281000,281047.0,47.0,,,,48.0,47.857142857142854,1,48.36363636363637,48.76190476190476,1,49.72906403940887,29,29,30,29
msg_429,node23,node5,225,281000,281047.0,47.0,,,,48.2,48.0,1,48.30434782608695,48.36363636363637,1,49.72906403940887,29,29,30,29
msg_430,node24,node4,225,281000,281053.0,53.0,,,,54.5,54.2,1,48.68,48.56521739130435,1,49.615566037735846,11,11,30,29
msg_431,node25,node3,225,281000,281047.0,47.0,,,,51.0,48.5,1,49.16,49.25,1,49.72906403940887,29,29,30,29
msg_432,node26,node2,225,281000,281053.0,53.0,,,,47.0,48.75,1,54.73076923076923,54.68,1,49.615566037735846,11,11,30,29
msg_433,node27,node1,225,281000,281047.0,47.0,,,,47.0,47.0,1,48.55555555555556,48.84615384615385,1,49.72906403940887,29,29,30,29
msg_434,node28,node0,225,281000,281047.0,47.0,,,,,47.0,1,48.285714285714285,49.0,1,49.72906403940887,29,29,30,29
msg_435,node0,node30,225,291000,291047.0,47.0,,,,48.241379310344826,48.86206896551724,1,,,0,49.62444444444444,15,15,31,30
msg_436,node1,node29,225,291000,291047.0,47.0,,,,48.5,48.714285714285715,1,47.0,47.0,1,49.62444444444444,15,15,31,30
msg_437,node2,node28,225,291000,291053.0,53.0,,,,54.666666666666664,54.61538461538461,1,47.0,47.0,1,49.60352422907489,11,11,31,30
msg_438,node3,node27,225,291000,291048.0,48.0,,,,49.11538461538461,49.16,1,47.0,49.0,1,49.60706401766004,12,12,31,30
msg_439,node4,node26,225,291000,291047.0,47.0,,,,48.68,48.68,1,49.0,48.75,1,49.62444444444444,15,15,31,30
msg_440,node5,node25,225,291000,291047.0,47.0,,,,48.5,48.30434782608695,1,49.4,48.2,1,49.64798206278027,19,19,31,30
msg_441,node6,node24,225,291000,291053.0,53.0,,,,48.30434782608695,48.608695652173914,1,54.2,54.0,1,49.60352422907489,11,11,31,30
msg_442,node7,node23,225,291000,291047.0,47.0,,,,48.36363636363637,48.36363636363637,1,47.857142857142854,47.857142857142854,1,49.64798206278027,19,19,31,30
msg_443,node8,node22,225,291000,291047.0,47.0,,,,48.42857142857143,48.2,1,47.75,47.75,1,49.64798206278027,19,19,31,30
msg_444,node9,node21,225,291000,291053.0,53.0,,,,48.2,48.5,1,53.875,53.666666666666664,1,49.60352422907489,11,11,31,30
msg_445,node10,node20,227,291000,291053.0,53.0,,,,54.26315789473684,54.333333333333336,1,47.6,48.2,1,49.60352422907489,11,11,31,30
msg_446,node11,node19,227,291000,291047.0,47.0,,,,49.0,49.166666666666664,1,47.6,48.09090909090909,1,49.64798206278027,19,19,31,30
msg_447,node12,node18,227,291000,291047.0,47.0,,,,49.470588235294116,48.875,1,48.09090909090909,48.0,1,49.714942528735634,30,30,31,30
msg_448,node13,node17,227,291000,291047.0,47.0,,,,48.875,48.6,1,48.5,48.38461538461539,1,49.714942528735634,30,30,31,30
msg_449,node14,node16,227,291000,291053.0,53.0,,,,54.6,53.857142857142854,1,47.857142857142854,47.857142857142854,1,49.60352422907489,11,11,31,30
msg_450,node15,node14,227,291000,291059.0,59.0,,,,55.142857142857146,54.6,1,54.5,53.857142857142854,1,49.67672413793103,1,1,31,30
msg_451,node16,node13,227,291000,291047.0,47.0,,,,47.92307692307692,47.857142857142854,1,48.875,48.6,1,49.714942528735634,30,30,31,30
msg_452,node17,node12,227,291000,291047.0,47.0,,,,48.5,48.38461538461539,1,49.470588235294116,48.875,1,49.714942528735634,30,30,31,30
msg_453,node18,node11,227,291000,291047.0,47.0,,,,48.09090909090909,48.0,1,49.0,49.294117647058826,1,49.714942528735634,30,30,31,30
msg_454,node19,node10,227,291000,291053.0,53.0,,,,47.6,48.0,1,54.26315789473684,54.333333333333336,1,49.60352422907489,11,11,31,30
msg_455,node20,node9,225,291000,291047.0,47.0,,,,47.666666666666664,48.2,1,48.2,48.578947368421055,1,49.714942528735634,30,30,31,30
msg_456,node21,node8,225,291000,291053.0,53.0,,,,53.875,53.666666666666664,1,48.36363636363637,48.2,1,49.60352422907489,11,11,31,30
msg_457,node22,node7,225,291000,291047.0,47.0,,,,47.857142857142854,47.75,1,48.36363636363637,48.42857142857143,1,49.714942528735634,30,30,31,30
msg_458,node23,node6,225,291000,291047.0,47.0,,,,48.0,47.857142857142854,1,48.30434782608695,48.68181818181818,1,49.714942528735634,30,30,31,30
msg_459,node24,node5,225,291000,291053.0,53.0,,,,54.2,54.0,1,48.44,48.30434782608695,1,49.60352422907489,11,11,31,30
msg_460,node25,node4,225,291000,291047.0,47.0,,,,50.0,48.2,1,48.68,48.75,1,49.714942528735634,30,30,31,30
msg_461,node26,node3,225,291000,291053.0,53.0,,,,49.0,48.4,1,49.074074074074076,49.16,1,49.60352422907489,11,11,31,30
msg_462,node27,node2,225,291000,291053.0,53.0,,,,47.0,48.75,1,54.666666666666664,54.61538461538461,1,49.60352422907489,11,11,31,30
msg_463,node28,node1,225,291000,291047.0,47.0,,,,47.0,47.0,1,48.5,48.77777777777778,1,49.714942528735634,30,30,31,30
msg_464,node29,node0,225,291000,291047.0,47.0,,,,,47.0,1,48.241379310344826,48.92857142857143,1,49.714942528735634,30,30,31,30
msg_465,node0,node31,225,301000,301047.0,47.0,,,,48.2,48.86206896551724,1,,,0,49.696774193548386,31,31,32,31
msg_466,node1,node30,225,301000,301047.0,47.0,,,,48.44827586206897,48.714285714285715,1,,47.0,1,49.696774193548386,31,31,32,31
msg_467,node2,node29,225,301000,301053.0,53.0,,,,54.607142857142854,54.55555555555556,1,47.0,47.0,1,49.59090909090909,12,12,32,31
msg_468,node3,node28,225,301000,301054.0,54.0,,,,49.074074074074076,49.44444444444444,1,49.0,49.0,1,49.646341463414636,4,4,32,31
msg_469,node4,node27,225,301000,301047.0,47.0,,,,48.61538461538461,48.68,1,49.0,48.75,1,49.696774193548386,31,31,32,31
msg_470,node5,node26,225,301000,301047.0,47.0,,,,48.44,48.5,1,50.0,48.4,1,49.696774193548386,31,31,32,31
msg_471,node6,node25,225,301000,301047.0,47.0,,,,48.5,48.608695652173914,1,49.4,48.0,1,49.696774193548386,31,31,32,31
msg_472,node7,node24,225,301000,301059.0,59.0,,,,48.30434782608695,48.30434782608695,1,53.857142857142854,53.857142857142854,1,49.6551724137931,3,3,32,31
msg_473,node8,node23,225,301000,301047.0,47.0,,,,48.36363636363637,48.42857142857143,1,47.857142857142854,47.75,1,49.696774193548386,31,31,32,31
msg_474,node9,node22,225,301000,301047.0,47.0,,,,48.42857142857143,48.5,1,47.75,47.666666666666664,1,49.696774193548386,31,31,32,31
msg_475,node10,node21,227,301000,301059.0,59.0,,,,54.2,54.2,1,53.7,53.6,1,49.6551724137931,3,3,32,31
msg_476,node11,node20,227,301000,301047.0,47.0,,,,48.89473684210526,49.166666666666664,1,47.6,48.63636363636363,1,49.696774193548386,31,31,32,31
msg_477,node12,node19,227,301000,301047.0,47.0,,,,49.333333333333336,48.76470588235294,1,48.09090909090909,48.0,1,49.696774193548386,31,31,32,31
msg_478,node13,node18,227,301000,301047.0,47.0,,,,48.76470588235294,48.5,1,48.0,47.92307692307692,1,49.696774193548386,31,31,32,31
msg_479,node14,node17,227,301000,301059.0,59.0,,,,54.5,54.125,1,48.285714285714285,48.285714285714285,1,49.6551724137931,3,3,32,31
msg_480,node15,node16,227,301000,301053.0,53.0,,,,55.4,54.6,1,47.857142857142854,48.2,1,49.59090909090909,12,12,32,31
msg_481,node16,node14,227,301000,301053.0,53.0,,,,47.857142857142854,48.2,1,54.5,54.2,1,49.59090909090909,12,12,32,31
msg_482,node17,node13,227,301000,301047.0,47.0,,,,48.38461538461539,48.285714285714285,1,48.76470588235294,48.5,1,49.696774193548386,31,31,32,31
msg_483,node18,node12,227,301000,301047.0,47.0,,,,48.0,47.92307692307692,1,49.333333333333336,48.76470588235294,1,49.696774193548386,31,31,32,31
msg_484,node19,node11,227,301000,301047.0,47.0,,,,48.09090909090909,48.0,1,48.89473684210526,49.166666666666664,1,49.696774193548386,31,31,32,31
msg_485,node20,node10,227,301000,301053.0,53.0,,,,47.6,48.5,1,54.2,54.26315789473684,1,49.59090909090909,12,12,32,31
msg_486,node21,node9,225,301000,301053.0,53.0,,,,53.77777777777778,53.6,1,48.36363636363637,48.5,1,49.59090909090909,12,12,32,31
msg_487,node22,node8,225,301000,301047.0,47.0,,,,47.75,47.666666666666664,1,48.36363636363637,48.42857142857143,1,49.696774193548386,31,31,32,31
msg_488,node23,node7,225,301000,301047.0,47.0,,,,47.857142857142854,47.75,1,48.30434782608695,48.36363636363637,1,49.696774193548386,31,31,32,31
msg_489,node24,node6,225,301000,301053.0,53.0,,,,54.0,53.857142857142854,1,48.44,48.608695652173914,1,49.59090909090909,12,12,32,31
msg_490,node25,node5,225,301000,301047.0,47.0,,,,49.4,48.0,1,48.44,48.5,1,49.696774193548386,31,31,32,31
msg_491,node26,node4,225,301000,301047.0,47.0,,,,50.0,48.4,1,48.61538461538461,48.68,1,49.696774193548386,31,31,32,31
msg_492,node27,node3,225,301000,301053.0,53.0,,,,49.0,48.4,1,49.074074074074076,49.30769230769231,1,49.59090909090909,12,12,32,31
msg_493,node28,node2,225,301000,301053.0,53.0,,,,47.0,49.0,1,54.607142857142854,54.55555555555556,1,49.59090909090909,12,12,32,31
msg_494,node29,node1,225,301000,301047.0,47.0,,,,47.0,47.0,1,48.44827586206897,48.714285714285715,1,49.696774193548386,31,31,32,31
msg_495,node30,node0,225,301000,301047.0,47.0,,,,,47.0,1,48.2,48.86206896551724,1,49.696774193548386,31,31,32,31
msg_496,node0,node32,225,311000,311047.0,47.0,,,,48.16129032258065,48.8,1,,,0,49.711693548387096,32,32,33,32
msg_497,node1,node31,225,311000,311047.0,47.0,,,,48.4,48.6551724137931,1,,47.0,1,49.711693548387096,32,32,33,32
msg_498,node2,node30,225,311000,311053.0,53.0,,,,54.55172413793103,54.5,1,47.0,47.0,1,49.60541586073501,11,11,33,32
msg_499,node3,node29,225,311000,311048.0,48.0,,,,49.25,49.357142857142854,1,47.0,49.0,1,49.61165048543689,13,13,33,32
msg_500,node4,node28,225,311000,311047.0,47.0,,,,48.55555555555556,48.61538461538461,1,49.0,50.25,1,49.711693548387096,32,32,33,32
msg_501,node5,node27,225,311000,311047.0,47.0,,,,48.38461538461539,48.44,1,50.0,48.4,1,49.711693548387096,32,32,33,32
msg_502,node6,node26,225,311000,311047.0,47.0,,,,48.44,48.791666666666664,1,49.4,48.166666666666664,1,49.711693548387096,32,32,33,32
msg_503,node7,node25,225,311000,311047.0,47.0,,,,48.75,48.30434782608695,1,49.0,47.857142857142854,1,49.711693548387096,32,32,33,32
msg_504,node8,node24,225,311000,311053.0,53.0,,,,48.30434782608695,48.30434782608695,1,53.857142857142854,54.5,1,49.60541586073501,11,11,33,32
msg_505,node9,node23,225,311000,311047.0,47.0,,,,48.36363636363637,48.714285714285715,1,47.75,47.666666666666664,1,49.711693548387096,32,32,33,32
msg_506,node10,node22,227,311000,311053.0,53.0,,,,54.42857142857143,54.2,1,47.6,47.6,1,49.60541586073501,11,11,33,32
msg_507,node11,node21,227,311000,311053.0,53.0,,,,48.8,48.95,1,53.7,54.09090909090909,1,49.60541586073501,11,11,33,32
msg_508,node12,node20,227,311000,311047.0,47.0,,,,49.21052631578947,48.666666666666664,1,48.09090909090909,48.5,1,49.711693548387096,32,32,33,32
msg_509,node13,node19,227,311000,311048.0,48.0,,,,48.666666666666664,48.333333333333336,1,47.92307692307692,47.92307692307692,1,49.61165048543689,13,13,33,32
msg_510,node14,node18,227,311000,311053.0,53.0,,,,54.76470588235294,54.125,1,47.857142857142854,47.857142857142854,1,49.60541586073501,11,11,33,32
msg_511,node15,node17,227,311000,311053.0,53.0,,,,55.25,54.6,1,48.285714285714285,49.0,1,49.60541586073501,11,11,33,32
msg_512,node16,node15,227,311000,311053.0,53.0,,,,48.2,48.5,1,55.25,54.6,1,49.60541586073501,11,11,33,32
msg_513,node17,node14,227,311000,311053.0,53.0,,,,48.285714285714285,49.0,1,54.76470588235294,54.125,1,49.60541586073501,11,11,33,32
msg_514,node18,node13,227,311000,311047.0,47.0,,,,47.92307692307692,47.857142857142854,1,48.666666666666664,48.411764705882355,1,49.711693548387096,32,32,33,32
msg_515,node19,node12,227,311000,311047.0,47.0,,,,48.0,47.92307692307692,1,49.21052631578947,48.666666666666664,1,49.711693548387096,32,32,33,32
msg_516,node20,node11,227,311000,311047.0,47.0,,,,48.09090909090909,48.5,1,48.8,49.05263157894737,1,49.711693548387096,32,32,33,32
msg_517,node21,node10,227,311000,311059.0,59.0,,,,53.7,54.0,1,54.36363636363637,54.2,1,49.66982922201139,1,1,33,32
msg_518,node22,node9,225,311000,311047.0,47.0,,,,47.666666666666664,47.6,1,48.36363636363637,48.714285714285715,1,49.711693548387096,32,32,33,32
msg_519,node23,node8,225,311000,311047.0,47.0,,,,47.75,47.666666666666664,1,48.30434782608695,48.36363636363637,1,49.711693548387096,32,32,33,32
msg_520,node24,node7,225,311000,311053.0,53.0,,,,53.857142857142854,54.5,1,48.68,48.30434782608695,1,49.60541586073501,11,11,33,32
msg_521,node25,node6,225,311000,311047.0,47.0,,,,49.0,47.857142857142854,1,48.44,48.791666666666664,1,49.711693548387096,32,32,33,32
msg_522,node26,node5,225,311000,311047.0,47.0,,,,49.4,48.166666666666664,1,48.38461538461539,48.44,1,49.711693548387096,32,32,33,32
msg_523,node27,node4,225,311000,311047.0,47.0,,,,50.0,48.4,1,48.55555555555556,48.61538461538461,1,49.711693548387096,32,32,33,32
msg_524,node28,node3,225,311000,311047.0,47.0,,,,49.0,50.25,1,49.25,49.44444444444444,1,49.711693548387096,32,32,33,32
msg_525,node29,node2,225,311000,311053.0,53.0,,,,47.0,48.75,1,54.55172413793103,54.5,1,49.60541586073501,11,11,33,32
msg_526,node30,node1,225,311000,311047.0,47.0,,,,47.0,47.0,1,48.4,48.6551724137931,1,49.711693548387096,32,32,33,32
msg_527,node31,node0,225,311000,311047.0,47.0,,,,,47.0,1,48.16129032258065,48.8,1,49.711693548387096,32,32,33,32
msg_528,node0,node33,225,321000,321053.0,53.0,,,,48.125,48.74193548387097,1,,,0,49.60845588235294,17,17,34,33
msg_529,node1,node32,225,321000,321047.0,47.0,,,,48.354838709677416,48.6,1,,47.0,1,49.6875,33,33,34,33
msg_530,node2,node31,225,321000,321053.0,53.0,,,,54.5,54.44827586206897,1,47.0,47.0,1,49.60845588235294,17,17,34,33
msg_531,node3,node30,225,321000,321048.0,48.0,,,,49.206896551724135,49.275862068965516,1,47.0,49.0,1,49.60845588235294,17,17,34,33
msg_532,node4,node29,225,321000,321047.0,47.0,,,,48.5,48.55555555555556,1,49.0,48.75,1,49.6875,33,33,34,33
msg_533,node5,node28,225,321000,321047.0,47.0,,,,48.333333333333336,48.38461538461539,1,48.5,49.6,1,49.6875,33,33,34,33
msg_534,node6,node27,225,321000,321047.0,47.0,,,,48.38461538461539,48.72,1,49.4,48.166666666666664,1,49.6875,33,33,34,33
msg_535,node7,node26,225,321000,321047.0,47.0,,,,48.68,48.5,1,49.0,48.0,1,49.6875,33,33,34,33
msg_536,node8,node25,225,321000,321047.0,47.0,,,,48.5,48.30434782608695,1,48.714285714285715,47.75,1,49.6875,33,33,34,33
msg_537,node9,node24,225,321000,321053.0,53.0,,,,48.30434782608695,48.56521739130435,1,53.75,54.333333333333336,1,49.60845588235294,17,17,34,33
msg_538,node10,node23,227,321000,321054.0,54.0,,,,54.36363636363637,54.36363636363637,1,47.6,47.6,1,49.681574239713775,2,2,34,33
msg_539,node11,node22,227,321000,321053.0,53.0,,,,49.0,48.95,1,47.6,48.09090909090909,1,49.60845588235294,17,17,34,33
msg_540,node12,node21,227,321000,321053.0,53.0,,,,49.1,48.5,1,54.18181818181818,54.0,1,49.60845588235294,17,17,34,33
msg_541,node13,node20,227,321000,321047.0,47.0,,,,48.63157894736842,48.333333333333336,1,48.0,48.38461538461539,1,49.6875,33,33,34,33
msg_542,node14,node19,227,321000,321053.0,53.0,,,,54.666666666666664,54.05882352941177,1,47.857142857142854,47.92857142857143,1,49.60845588235294,17,17,34,33
msg_543,node15,node18,227,321000,321053.0,53.0,,,,55.11764705882353,54.5,1,47.857142857142854,48.2,1,49.60845588235294,17,17,34,33
msg_544,node16,node17,227,321000,321047.0,47.0,,,,48.5,48.5,1,48.6,49.25,1,49.6875,33,33,34,33
msg_545,node17,node15,227,321000,321053.0,53.0,,,,48.6,49.11764705882353,1,55.11764705882353,54.5,1,49.60845588235294,17,17,34,33
msg_546,node18,node14,227,321000,321053.0,53.0,,,,47.857142857142854,48.2,1,54.666666666666664,54.05882352941177,1,49.60845588235294,17,17,34,33
msg_547,node19,node13,227,321000,321047.0,47.0,,,,47.92307692307692,47.92857142857143,1,48.63157894736842,48.333333333333336,1,49.6875,33,33,34,33
msg_548,node20,node12,227,321000,321047.0,47.0,,,,48.0,48.38461538461539,1,49.1,48.578947368421055,1,49.6875,33,33,34,33
msg_549,node21,node11,227,321000,321054.0,54.0,,,,54.18181818181818,53.92307692307692,1,49.18181818181818,48.95,1,49.681574239713775,2,2,34,33
msg_550,node22,node10,227,321000,321053.0,53.0,,,,47.6,48.09090909090909,1,54.36363636363637,54.42857142857143,1,49.60845588235294,17,17,34,33
msg_551,node23,node9,225,321000,321047.0,47.0,,,,47.666666666666664,47.6,1,48.30434782608695,48.63636363636363,1,49.6875,33,33,34,33
msg_552,node24,node8,225,321000,321053.0,53.0,,,,53.75,54.333333333333336,1,48.44,48.30434782608695,1,49.60845588235294,17,17,34,33
msg_553,node25,node7,225,321000,321047.0,47.0,,,,48.714285714285715,47.75,1,48.68,48.5,1,49.6875,33,33,34,33
msg_554,node26,node6,225,321000,321047.0,47.0,,,,49.0,48.0,1,48.38461538461539,48.72,1,49.6875,33,33,34,33
msg_555,node27,node5,225,321000,321047.0,47.0,,,,49.4,48.166666666666664,1,48.333333333333336,48.38461538461539,1,49.6875,33,33,34,33
msg_556,node28,node4,225,321000,321047.0,47.0,,,,48.5,49.6,1,48.5,48.55555555555556,1,49.6875,33,33,34,33
msg_557,node29,node3,225,321000,321047.0,47.0,,,,49.0,48.75,1,49.206896551724135,49.357142857142854,1,49.6875,33,33,34,33
msg_558,node30,node2,225,321000,321053.0,53.0,,,,47.0,49.0,1,54.5,54.44827586206897,1,49.60845588235294,17,17,34,33
msg_559,node31,node1,225,321000,321048.0,48.0,,,,47.0,47.0,1,48.3125,48.6,1,49.60845588235294,17,17,34,33
msg_560,node32,node0,225,321000,321053.0,53.0,,,,,47.0,1,48.125,48.74193548387097,1,49.60845588235294,17,17,34,33
msg_561,node0,node34,225,331000,331047.0,47.0,,,,48.27272727272727,48.875,1,,,0,49.696969696969695,34,34,35,34
msg_562,node1,node33,225,331000,331053.0,53.0,,,,48.3125,48.53125,1,53.0,53.0,1,49.640545144804086,8,8,35,34
msg_563,node2,node32,225,331000,331059.0,59.0,,,,54.45161290322581,54.354838709677416,1,50.0,47.0,1,49.68128161888701,2,2,35,34
msg_564,node3,node31,225,331000,331054.0,54.0,,,,49.166666666666664,49.2,1,49.333333333333336,49.0,1,49.66328257191201,4,4,35,34
msg_565,node4,node30,225,331000,331047.0,47.0,,,,48.44827586206897,48.5,1,49.0,48.75,1,49.696969696969695,34,34,35,34
msg_566,node5,node29,225,331000,331047.0,47.0,,,,48.285714285714285,48.333333333333336,1,48.5,48.4,1,49.696969696969695,34,34,35,34
msg_567,node6,node28,225,331000,331047.0,47.0,,,,48.333333333333336,48.65384615384615,1,48.2,49.166666666666664,1,49.696969696969695,34,34,35,34
msg_568,node7,node27,225,331000,331047.0,47.0,,,,48.61538461538461,48.44,1,49.0,48.0,1,49.696969696969695,34,34,35,34
msg_569,node8,node26,225,331000,331047.0,47.0,,,,48.44,48.5,1,48.714285714285715,47.875,1,49.696969696969695,34,34,35,34
msg_570,node9,node25,225,331000,331047.0,47.0,,,,48.5,48.56521739130435,1,48.5,47.666666666666664,1,49.696969696969695,34,34,35,34
msg_571,node10,node24,227,331000,331084.0,84.0,,,,54.34782608695652,54.30434782608695,1,53.9,54.2,1,49.696969696969695,1,1,35,34
msg_572,node11,node23,227,331000,331047.0,47.0,,,,49.18181818181818,49.19047619047619,1,47.6,48.18181818181818,1,49.696969696969695,34,34,35,34
msg_573,node12,node22,227,331000,331047.0,47.0,,,,49.285714285714285,48.5,1,48.09090909090909,48.5,1,49.696969696969695,34,34,35,34
msg_574,node13,node21,227,331000,331053.0,53.0,,,,48.55,48.2,1,54.07692307692308,53.92307692307692,1,49.640545144804086,8,8,35,34
msg_575,node14,node20,227,331000,331053.0,53.0,,,,54.578947368421055,53.94736842105263,1,47.857142857142854,48.285714285714285,1,49.640545144804086,8,8,35,34
msg_576,node15,node19,227,331000,331053.0,53.0,,,,55.0,54.333333333333336,1,48.2,48.266666666666666,1,49.640545144804086,8,8,35,34
msg_577,node16,node18,227,331000,331047.0,47.0,,,,48.411764705882355,48.5,1,48.2,48.5,1,49.696969696969695,34,34,35,34
msg_578,node17,node16,227,331000,331047.0,47.0,,,,48.875,49.11764705882353,1,48.411764705882355,48.5,1,49.696969696969695,34,34,35,34
msg_579,node18,node15,227,331000,331053.0,53.0,,,,48.2,48.411764705882355,1,55.0,54.411764705882355,1,49.61168384879725,13,13,35,34
msg_580,node19,node14,227,331000,331053.0,53.0,,,,47.857142857142854,48.266666666666666,1,54.578947368421055,54.0,1,49.61168384879725,13,13,35,34
msg_581,node20,node13,227,331000,331047.0,47.0,,,,47.92307692307692,48.285714285714285,1,48.55,48.26315789473684,1,49.696969696969695,34,34,35,34
msg_582,node21,node12,227,331000,331053.0,53.0,,,,54.166666666666664,53.92307692307692,1,49.18181818181818,48.5,1,49.61168384879725,13,13,35,34
msg_583,node22,node11,227,331000,331047.0,47.0,,,,48.09090909090909,48.5,1,49.18181818181818,49.19047619047619,1,49.696969696969695,34,34,35,34
msg_584,node23,node10,227,331000,331053.0,53.0,,,,47.6,48.083333333333336,1,54.34782608695652,54.36363636363637,1,49.61168384879725,13,13,35,34
msg_585,node24,node9,225,331000,331056.0,56.0,,,,53.666666666666664,54.2,1,48.44,48.56521739130435,1,49.670608108108105,3,3,35,34
msg_586,node25,node8,225,331000,331047.0,47.0,,,,48.5,47.666666666666664,1,48.44,48.5,1,49.696969696969695,34,34,35,34
msg_587,node26,node7,225,331000,331047.0,47.0,,,,48.714285714285715,47.875,1,48.61538461538461,48.44,1,49.696969696969695,34,34,35,34
msg_588,node27,node6,225,331000,331048.0,48.0,,,,49.0,47.875,1,48.285714285714285,48.65384615384615,1,49.608620689655176,15,15,35,34
msg_589,node28,node5,225,331000,331047.0,47.0,,,,48.2,49.166666666666664,1,48.285714285714285,48.333333333333336,1,49.696969696969695,34,34,35,34
msg_590,node29,node4,225,331000,331047.0,47.0,,,,48.5,48.4,1,48.44827586206897,48.5,1,49.696969696969695,34,34,35,34
msg_591,node30,node3,225,331000,331047.0,47.0,,,,49.0,48.75,1,49.166666666666664,49.275862068965516,1,49.696969696969695,34,34,35,34
msg_592,node31,node2,225,331000,331053.0,53.0,,,,47.5,49.0,1,54.45161290322581,54.4,1,49.61168384879725,13,13,35,34
msg_593,node32,node1,225,331000,331047.0,47.0,,,,53.0,47.0,1,48.3125,48.58064516129032,1,49.696969696969695,34,34,35,34
msg_594,node33,node0,225,331000,331053.0,53.0,,,,,53.0,1,48.23529411764706,48.875,1,49.60585197934596,14,14,35,34
msg_595,node0,node35,225,341000,341053.0,53.0,,,,48.23529411764706,48.94117647058823,1,,,0,49.680129240710826,11,11,36,35
msg_596,node1,node34,225,341000,341047.0,47.0,,,,48.45454545454545,48.53125,1,,47.0,1,49.7546218487395,35,35,36,35
msg_597,node2,node33,225,341000,341059.0,59.0,,,,54.59375,54.5,1,53.0,53.0,1,49.72843450479233,4,4,36,35
msg_598,node3,node32,225,341000,341053.0,53.0,,,,49.32258064516129,49.16129032258065,1,50.0,51.0,1,49.680129240710826,11,11,36,35
msg_599,node4,node31,225,341000,341047.0,47.0,,,,48.4,48.44827586206897,1,49.333333333333336,50.25,1,49.7546218487395,35,35,36,35
msg_600,node5,node30,225,341000,341047.0,47.0,,,,48.241379310344826,48.285714285714285,1,48.5,48.4,1,49.7546218487395,35,35,36,35
msg_601,node6,node29,225,341000,341047.0,47.0,,,,48.285714285714285,48.629629629629626,1,48.2,48.166666666666664,1,49.7546218487395,35,35,36,35
msg_602,node7,node28,225,341000,341047.0,47.0,,,,48.55555555555556,48.38461538461539,1,48.0,48.857142857142854,1,49.7546218487395,35,35,36,35
msg_603,node8,node27,225,341000,341047.0,47.0,,,,48.38461538461539,48.44,1,48.857142857142854,47.875,1,49.7546218487395,35,35,36,35
msg_604,node9,node26,225,341000,341047.0,47.0,,,,48.44,48.875,1,48.5,47.77777777777778,1,49.7546218487395,35,35,36,35
msg_605,node10,node25,227,341000,341054.0,54.0,,,,55.583333333333336,54.30434782608695,1,48.2,47.6,1,49.70673076923077,6,6,36,35
msg_606,node11,node24,227,341000,341053.0,53.0,,,,49.08695652173913,49.0,1,53.9,56.90909090909091,1,49.680129240710826,11,11,36,35
msg_607,node12,node23,227,341000,341047.0,47.0,,,,49.18181818181818,48.714285714285715,1,48.09090909090909,48.083333333333336,1,49.7546218487395,35,35,36,35
msg_608,node13,node22,227,341000,341048.0,48.0,,,,48.76190476190476,48.2,1,47.92307692307692,48.38461538461539,1,49.666666666666664,15,15,36,35
msg_609,node14,node21,227,341000,341059.0,59.0,,,,54.5,53.9,1,54.0,53.857142857142854,1,49.72843450479233,4,4,36,35
msg_610,node15,node20,227,341000,341059.0,59.0,,,,54.89473684210526,54.26315789473684,1,48.2,48.6,1,49.72843450479233,4,4,36,35
msg_611,node16,node19,227,341000,341047.0,47.0,,,,48.333333333333336,48.411764705882355,1,48.2,48.5625,1,49.7546218487395,35,35,36,35
msg_612,node17,node18,227,341000,341047.0,47.0,,,,48.76470588235294,49.11764705882353,1,48.5,48.411764705882355,1,49.7546218487395,35,35,36,35
msg_613,node18,node16,227,341000,341047.0,47.0,,,,48.5,48.411764705882355,1,48.333333333333336,48.411764705882355,1,49.7546218487395,35,35,36,35
msg_614,node19,node15,227,341000,341053.0,53.0,,,,48.2,48.470588235294116,1,54.89473684210526,54.333333333333336,1,49.680129240710826,11,11,36,35
msg_615,node20,node14,227,341000,341053.0,53.0,,,,47.857142857142854,48.6,1,54.5,53.94736842105263,1,49.680129240710826,11,11,36,35
msg_616,node21,node13,227,341000,341053.0,53.0,,,,54.07692307692308,53.857142857142854,1,48.72727272727273,48.2,1,49.66396103896104,14,14,36,35
msg_617,node22,node12,227,341000,341047.0,47.0,,,,48.0,48.38461538461539,1,49.18181818181818,48.714285714285715,1,49.7546218487395,35,35,36,35
msg_618,node23,node11,227,341000,341047.0,47.0,,,,48.09090909090909,48.083333333333336,1,49.08695652173913,49.09090909090909,1,49.7546218487395,35,35,36,35
msg_619,node24,node10,227,341000,341059.0,59.0,,,,53.9,56.583333333333336,1,55.52,54.30434782608695,1,49.72843450479233,4,4,36,35
msg_620,node25,node9,225,341000,341047.0,47.0,,,,48.333333333333336,47.6,1,48.44,48.875,1,49.7546218487395,35,35,36,35
msg_621,node26,node8,225,341000,341047.0,47.0,,,,48.5,47.77777777777778,1,48.38461538461539,48.44,1,49.7546218487395,35,35,36,35
msg_622,node27,node7,225,341000,341053.0,53.0,,,,48.857142857142854,47.77777777777778,1,48.5,48.38461538461539,1,49.66396103896104,14,14,36,35
msg_623,node28,node6,225,341000,341047.0,47.0,,,,48.0,48.857142857142854,1,48.285714285714285,48.629629629629626,1,49.7546218487395,35,35,36,35
msg_624,node29,node5,225,341000,341047.0,47.0,,,,48.2,48.166666666666664,1,48.241379310344826,48.285714285714285,1,49.7546218487395,35,35,36,35
msg_625,node30,node4,225,341000,341047.0,47.0,,,,48.5,48.4,1,48.4,48.44827586206897,1,49.7546218487395,35,35,36,35
msg_626,node31,node3,225,341000,341048.0,48.0,,,,49.333333333333336,49.6,1,49.32258064516129,49.2,1,49.66938110749186,16,16,36,35
msg_627,node32,node2,225,341000,341059.0,59.0,,,,50.0,51.5,1,54.59375,54.354838709677416,1,49.7136,5,5,36,35
msg_628,node33,node1,225,341000,341053.0,53.0,,,,53.0,53.0,1,48.411764705882355,48.53125,1,49.66396103896104,14,14,36,35
msg_629,node34,node0,225,341000,341047.0,47.0,,,,,47.0,1,48.23529411764706,49.0,1,49.7546218487395,35,35,36,35
msg_630,node0,node36,225,351000,351047.0,47.0,,,,48.371428571428574,48.94117647058823,1,,,0,49.72248062015504,21,21,37,36
msg_631,node1,node35,225,351000,351053.0,53.0,,,,48.411764705882355,48.61764705882353,1,,53.0,1,49.6978527607362,14,14,37,36
msg_632,node2,node34,225,351000,351053.0,53.0,,,,54.72727272727273,54.5,1,47.0,47.0,1,49.6978527607362,14,14,37,36
msg_633,node3,node33,225,351000,351053.0,53.0,,,,49.4375,49.125,1,53.0,55.0,1,49.6978527607362,14,14,37,36
msg_634,node4,node32,225,351000,351047.0,47.0,,,,48.354838709677416,48.354838709677416,1,53.0,51.5,1,49.72248062015504,21,21,37,36
msg_635,node5,node31,225,351000,351047.0,47.0,,,,48.2,48.2,1,48.6,49.6,1,49.72248062015504,21,21,37,36
msg_636,node6,node30,225,351000,351047.0,47.0,,,,48.241379310344826,48.51724137931034,1,48.0,48.166666666666664,1,49.72248062015504,21,21,37,36
msg_637,node7,node29,225,351000,351047.0,47.0,,,,48.5,48.5,1,47.857142857142854,48.0,1,49.74375,26,26,37,36
msg_638,node8,node28,225,351000,351047.0,47.0,,,,48.333333333333336,48.38461538461539,1,47.75,48.625,1,49.74375,26,26,37,36
msg_639,node9,node27,225,351000,351047.0,47.0,,,,48.38461538461539,48.73076923076923,1,49.375,47.77777777777778,1,49.74375,26,26,37,36
msg_640,node10,node26,227,351000,351054.0,54.0,,,,55.52,54.5,1,48.2,47.7,1,49.7428139183056,5,5,37,36
msg_641,node11,node25,227,351000,351053.0,53.0,,,,49.25,49.0,1,48.2,48.18181818181818,1,49.6978527607362,14,14,37,36
msg_642,node12,node24,227,351000,351053.0,53.0,,,,49.08695652173913,48.56521739130435,1,54.36363636363637,56.583333333333336,1,49.6978527607362,14,14,37,36
msg_643,node13,node23,227,351000,351048.0,48.0,,,,48.72727272727273,48.36363636363637,1,47.92307692307692,48.0,1,49.70046082949309,15,15,37,36
msg_644,node14,node22,227,351000,351053.0,53.0,,,,54.714285714285715,53.9,1,47.857142857142854,48.357142857142854,1,49.6978527607362,14,14,37,36
msg_645,node15,node21,227,351000,351059.0,59.0,,,,55.1,54.2,1,54.0,54.2,1,49.74924471299094,4,4,37,36
msg_646,node16,node20,227,351000,351047.0,47.0,,,,48.26315789473684,48.26315789473684,1,48.2,49.25,1,49.74375,26,26,37,36
msg_647,node17,node19,227,351000,351047.0,47.0,,,,48.666666666666664,49.0,1,48.411764705882355,48.470588235294116,1,49.74375,26,26,37,36
msg_648,node18,node17,227,351000,351047.0,47.0,,,,48.411764705882355,48.333333333333336,1,48.666666666666664,49.11764705882353,1,49.76535433070866,31,31,37,36
msg_649,node19,node16,227,351000,351047.0,47.0,,,,48.5,48.470588235294116,1,48.26315789473684,48.333333333333336,1,49.76535433070866,31,31,37,36
msg_650,node20,node15,227,351000,351053.0,53.0,,,,48.2,49.11764705882353,1,55.1,54.26315789473684,1,49.6978527607362,14,14,37,36
msg_651,node21,node14,227,351000,351059.0,59.0,,,,54.0,54.2,1,54.63636363636363,53.9,1,49.74924471299094,4,4,37,36
msg_652,node22,node13,227,351000,351047.0,47.0,,,,47.92307692307692,48.357142857142854,1,48.72727272727273,48.42857142857143,1,49.76535433070866,31,31,37,36
msg_653,node23,node12,227,351000,351047.0,47.0,,,,48.0,48.0,1,49.08695652173913,48.63636363636363,1,49.76535433070866,31,31,37,36
msg_654,node24,node11,227,351000,351053.0,53.0,,,,54.36363636363637,56.583333333333336,1,49.25,49.0,1,49.6978527607362,14,14,37,36
msg_655,node25,node10,227,351000,351059.0,59.0,,,,48.2,48.583333333333336,1,55.46153846153846,54.5,1,49.74924471299094,4,4,37,36
msg_656,node26,node9,225,351000,351047.0,47.0,,,,48.333333333333336,47.7,1,48.38461538461539,48.8,1,49.76535433070866,31,31,37,36
msg_657,node27,node8,225,351000,351048.0,48.0,,,,49.375,47.7,1,48.285714285714285,48.38461538461539,1,49.705701078582436,17,17,37,36
msg_658,node28,node7,225,351000,351047.0,47.0,,,,47.857142857142854,48.625,1,48.5,48.55555555555556,1,49.782884310618066,35,35,37,36
msg_659,node29,node6,225,351000,351047.0,47.0,,,,48.0,48.0,1,48.241379310344826,48.57142857142857,1,49.782884310618066,35,35,37,36
msg_660,node30,node5,225,351000,351047.0,47.0,,,,48.2,48.166666666666664,1,48.2,48.241379310344826,1,49.782884310618066,35,35,37,36
msg_661,node31,node4,225,351000,351047.0,47.0,,,,49.0,49.6,1,48.354838709677416,48.4,1,49.782884310618066,35,35,37,36
msg_662,node32,node3,225,351000,351048.0,48.0,,,,53.0,50.6,1,49.4375,49.16129032258065,1,49.705701078582436,17,17,37,36
msg_663,node33,node2,225,351000,351059.0,59.0,,,,53.0,54.5,1,54.6764705882353,54.5,1,49.74924471299094,4,4,37,36
msg_664,node34,node1,225,351000,351047.0,47.0,,,,47.0,47.0,1,48.411764705882355,48.666666666666664,1,49.787301587301585,36,36,37,36
msg_665,node35,node0,225,351000,351053.0,53.0,,,,,53.0,1,48.333333333333336,48.94117647058823,1,49.6978527607362,14,14,37,36
msg_666,node0,node37,225,361000,361047.0,47.0,,,,48.333333333333336,49.05714285714286,1,,,0,49.8048048048048,37,37,38,37
msg_667,node1,node36,225,361000,361047.0,47.0,,,,48.542857142857144,48.61764705882353,1,,47.0,1,49.8048048048048,37,37,38,37
msg_668,node2,node35,225,361000,361075.0,75.0,,,,54.6764705882353,54.5,1,51.5,53.0,1,49.78632478632478,1,1,38,37
msg_669,node3,node34,225,361000,361054.0,54.0,,,,49.54545454545455,49.24242424242424,1,48.0,49.0,1,49.76714285714286,3,3,38,37
msg_670,node4,node33,225,361000,361053.0,53.0,,,,48.3125,48.34375,1,55.0,54.5,1,49.720289855072465,13,13,38,37
msg_671,node5,node32,225,361000,361047.0,47.0,,,,48.16129032258065,48.2,1,51.75,50.6,1,49.8048048048048,37,37,38,37
msg_672,node6,node31,225,361000,361047.0,47.0,,,,48.2,48.51724137931034,1,48.6,49.166666666666664,1,49.8048048048048,37,37,38,37
msg_673,node7,node30,225,361000,361047.0,47.0,,,,48.44827586206897,48.5,1,48.0,48.0,1,49.8048048048048,37,37,38,37
msg_674,node8,node29,225,361000,361047.0,47.0,,,,48.285714285714285,48.370370370370374,1,47.857142857142854,47.875,1,49.8048048048048,37,37,38,37
msg_675,node9,node28,225,361000,361047.0,47.0,,,,48.333333333333336,48.73076923076923,1,47.75,48.44444444444444,1,49.8048048048048,37,37,38,37
msg_676,node10,node27,227,361000,361053.0,53.0,,,,55.46153846153846,54.68,1,49.1,47.7,1,49.720289855072465,13,13,38,37
msg_677,node11,node26,227,361000,361047.0,47.0,,,,49.4,49.166666666666664,1,48.2,48.27272727272727,1,49.8048048048048,37,37,38,37
msg_678,node12,node25,227,361000,361047.0,47.0,,,,49.25,48.56521739130435,1,49.18181818181818,48.583333333333336,1,49.8048048048048,37,37,38,37
msg_679,node13,node24,227,361000,361053.0,53.0,,,,48.69565217391305,48.30434782608695,1,54.25,56.30769230769231,1,49.720289855072465,13,13,38,37
msg_680,node14,node23,227,361000,361053.0,53.0,,,,54.63636363636363,54.142857142857146,1,47.857142857142854,48.0,1,49.720289855072465,13,13,38,37
msg_681,node15,node22,227,361000,361053.0,53.0,,,,55.285714285714285,54.2,1,47.857142857142854,48.666666666666664,1,49.720289855072465,13,13,38,37
msg_682,node16,node21,227,361000,361053.0,53.0,,,,48.2,48.2,1,54.333333333333336,54.5,1,49.720289855072465,13,13,38,37
msg_683,node17,node20,227,361000,361047.0,47.0,,,,48.578947368421055,49.0,1,48.5,49.11764705882353,1,49.8048048048048,37,37,38,37
msg_684,node18,node19,227,361000,361047.0,47.0,,,,48.333333333333336,48.333333333333336,1,48.411764705882355,48.388888888888886,1,49.8048048048048,37,37,38,37
msg_685,node19,node17,227,361000,361047.0,47.0,,,,48.411764705882355,48.388888888888886,1,48.578947368421055,49.0,1,49.8048048048048,37,37,38,37
msg_686,node20,node16,227,361000,361047.0,47.0,,,,48.5,49.11764705882353,1,48.2,48.26315789473684,1,49.8048048048048,37,37,38,37
msg_687,node21,node15,227,361000,361059.0,59.0,,,,54.333333333333336,54.411764705882355,1,55.18181818181818,54.2,1,49.77318116975749,2,2,38,37
msg_688,node22,node14,227,361000,361053.0,53.0,,,,47.857142857142854,48.666666666666664,1,54.63636363636363,54.142857142857146,1,49.720289855072465,13,13,38,37
msg_689,node23,node13,227,361000,361047.0,47.0,,,,47.92307692307692,48.0,1,48.69565217391305,48.36363636363637,1,49.8048048048048,37,37,38,37
msg_690,node24,node12,227,361000,361053.0,53.0,,,,54.25,56.30769230769231,1,49.16,48.56521739130435,1,49.720289855072465,13,13,38,37
msg_691,node25,node11,227,361000,361047.0,47.0,,,,49.18181818181818,48.583333333333336,1,49.4,49.166666666666664,1,49.8048048048048,37,37,38,37
msg_692,node26,node10,227,361000,361053.0,53.0,,,,48.2,48.166666666666664,1,55.46153846153846,54.68,1,49.720289855072465,13,13,38,37
msg_693,node27,node9,225,361000,361048.0,48.0,,,,49.22222222222222,47.7,1,48.285714285714285,48.73076923076923,1,49.724489795918366,17,17,38,37
msg_694,node28,node8,225,361000,361047.0,47.0,,,,47.75,48.44444444444444,1,48.285714285714285,48.370370370370374,1,49.8048048048048,37,37,38,37
msg_695,node29,node7,225,361000,361047.0,47.0,,,,47.857142857142854,47.875,1,48.44827586206897,48.5,1,49.8048048048048,37,37,38,37
msg_696,node30,node6,225,361000,361047.0,47.0,,,,48.0,48.0,1,48.2,48.51724137931034,1,49.8048048048048,37,37,38,37
msg_697,node31,node5,225,361000,361048.0,48.0,,,,48.6,48.857142857142854,1,48.125,48.2,1,49.724489795918366,17,17,38,37
msg_698,node32,node4,225,361000,361048.0,48.0,,,,51.75,50.0,1,48.3125,48.354838709677416,1,49.72700729927007,18,18,38,37
msg_699,node33,node3,225,361000,361053.0,53.0,,,,55.0,54.5,1,49.54545454545455,49.125,1,49.720289855072465,13,13,38,37
msg_700,node34,node2,225,361000,361050.0,50.0,,,,47.0,49.0,1,54.6764705882353,54.63636363636363,1,49.719476744186046,15,15,38,37
msg_701,node35,node1,225,361000,361050.0,50.0,,,,53.0,53.0,1,48.5,48.61764705882353,1,49.719476744186046,15,15,38,37
msg_702,node36,node0,225,361000,361047.0,47.0,,,,,47.0,1,48.333333333333336,49.05714285714286,1,49.8048048048048,37,37,38,37
msg_703,node0,node38,225,371000,371047.0,47.0,,,,48.2972972972973,49.0,1,,,0,49.8221906116643,38,38,39,38
msg_704,node1,node37,225,371000,371047.0,47.0,,,,48.5,48.65714285714286,1,,47.0,1,49.8221906116643,38,38,39,38
msg_705,node2,node36,225,371000,371059.0,59.0,,,,55.25714285714286,54.5,1,47.0,47.0,1,49.78833107191316,4,4,39,38
msg_706,node3,node35,225,371000,371065.0,65.0,,,,49.6764705882353,49.1764705882353,1,54.0,60.333333333333336,1,49.825675675675676,1,1,39,38
msg_707,node4,node34,225,371000,371047.0,47.0,,,,48.45454545454545,48.34375,1,48.0,50.25,1,49.8221906116643,38,38,39,38
msg_708,node5,node33,225,371000,371053.0,53.0,,,,48.125,48.1875,1,54.2,54.2,1,49.7724795640327,7,7,39,38
msg_709,node6,node32,225,371000,371047.0,47.0,,,,48.16129032258065,48.46666666666667,1,51.0,50.0,1,49.8221906116643,38,38,39,38
msg_710,node7,node31,225,371000,371047.0,47.0,,,,48.4,48.44827586206897,1,48.5,48.857142857142854,1,49.8221906116643,38,38,39,38
msg_711,node8,node30,225,371000,371047.0,47.0,,,,48.241379310344826,48.32142857142857,1,47.857142857142854,47.875,1,49.8221906116643,38,38,39,38
msg_712,node9,node29,225,371000,371048.0,48.0,,,,48.285714285714285,48.642857142857146,1,47.666666666666664,47.77777777777778,1,49.74171270718232,17,17,39,38
msg_713,node10,node28,227,371000,371053.0,53.0,,,,55.370370370370374,54.55555555555556,1,47.6,48.3,1,49.75479452054795,11,11,39,38
msg_714,node11,node27,227,371000,371047.0,47.0,,,,49.30769230769231,49.08,1,49.1,48.18181818181818,1,49.8221906116643,38,38,39,38
msg_715,node12,node26,227,371000,371047.0,47.0,,,,49.16,48.75,1,48.63636363636363,48.166666666666664,1,49.8221906116643,38,38,39,38
msg_716,node13,node25,227,371000,371054.0,54.0,,,,48.875,48.5,1,48.84615384615385,48.46153846153846,1,49.77687074829932,6,6,39,38
msg_717,node14,node24,227,371000,371059.0,59.0,,,,54.56521739130435,54.04347826086956,1,54.07142857142857,56.07142857142857,1,49.78833107191316,4,4,39,38
msg_718,node15,node23,227,371000,371053.0,53.0,,,,55.18181818181818,54.42857142857143,1,48.2,48.333333333333336,1,49.75479452054795,11,11,39,38
msg_719,node16,node22,227,371000,371047.0,47.0,,,,48.42857142857143,48.2,1,48.2,48.9375,1,49.8221906116643,38,38,39,38
msg_720,node17,node21,227,371000,371053.0,53.0,,,,48.5,48.8,1,54.625,54.411764705882355,1,49.75479452054795,11,11,39,38
msg_721,node18,node20,227,371000,371047.0,47.0,,,,48.26315789473684,48.333333333333336,1,48.411764705882355,49.0,1,49.8221906116643,38,38,39,38
msg_722,node19,node18,227,371000,371047.0,47.0,,,,48.333333333333336,48.31578947368421,1,48.26315789473684,48.333333333333336,1,49.8221906116643,38,38,39,38
msg_723,node20,node17,227,371000,371047.0,47.0,,,,48.411764705882355,49.0,1,48.5,48.89473684210526,1,49.8221906116643,38,38,39,38
msg_724,node21,node16,227,371000,371054.0,54.0,,,,54.625,54.333333333333336,1,48.36363636363637,48.2,1,49.77687074829932,6,6,39,38
msg_725,node22,node15,227,371000,371053.0,53.0,,,,48.2,48.8235294117647,1,55.18181818181818,54.42857142857143,1,49.75479452054795,11,11,39,38
msg_726,node23,node14,227,371000,371053.0,53.0,,,,47.857142857142854,48.333333333333336,1,54.56521739130435,54.09090909090909,1,49.73691460055097,15,15,39,38
msg_727,node24,node13,227,371000,371053.0,53.0,,,,54.15384615384615,56.07142857142857,1,48.875,48.30434782608695,1,49.73691460055097,15,15,39,38
msg_728,node25,node12,227,371000,371047.0,47.0,,,,49.0,48.46153846153846,1,49.16,48.75,1,49.8221906116643,38,38,39,38
msg_729,node26,node11,227,371000,371047.0,47.0,,,,48.63636363636363,48.166666666666664,1,49.30769230769231,49.08,1,49.8221906116643,38,38,39,38
msg_730,node27,node10,227,371000,371053.0,53.0,,,,49.1,48.083333333333336,1,55.370370370370374,54.61538461538461,1,49.73691460055097,15,15,39,38
msg_731,node28,node9,225,371000,371047.0,47.0,,,,47.666666666666664,48.3,1,48.285714285714285,48.7037037037037,1,49.8221906116643,38,38,39,38
msg_732,node29,node8,225,371000,371047.0,47.0,,,,47.75,47.77777777777778,1,48.241379310344826,48.32142857142857,1,49.8221906116643,38,38,39,38
msg_733,node30,node7,225,371000,371047.0,47.0,,,,47.857142857142854,47.875,1,48.4,48.44827586206897,1,49.8221906116643,38,38,39,38
msg_734,node31,node6,225,371000,371048.0,48.0,,,,48.5,48.625,1,48.125,48.46666666666667,1,49.74171270718232,17,17,39,38
msg_735,node32,node5,225,371000,371048.0,48.0,,,,51.0,49.57142857142857,1,48.125,48.193548387096776,1,49.74412171507607,18,18,39,38
msg_736,node33,node4,225,371000,371053.0,53.0,,,,54.5,54.2,1,48.411764705882355,48.34375,1,49.73691460055097,15,15,39,38
msg_737,node34,node3,225,371000,371047.0,47.0,,,,48.0,50.25,1,49.6764705882353,49.24242424242424,1,49.8221906116643,38,38,39,38
msg_738,node35,node2,225,371000,371059.0,59.0,,,,51.5,60.333333333333336,1,55.25714285714286,54.5,1,49.78833107191316,4,4,39,38
msg_739,node36,node1,225,371000,371047.0,47.0,,,,47.0,47.0,1,48.5,48.65714285714286,1,49.8221906116643,38,38,39,38
msg_740,node37,node0,225,371000,371047.0,47.0,,,,,47.0,1,48.2972972972973,49.0,1,49.8221906116643,38,38,39,38
msg_741,node0,node39,225,381000,381047.0,47.0,,,,48.26315789473684,48.945945945945944,1,,,0,49.84615384615385,39,39,40,39
msg_742,node1,node38,225,381000,381047.0,47.0,,,,48.45945945945946,48.611111111111114,1,,47.0,1,49.84615384615385,39,39,40,39
msg_743,node2,node37,225,381000,381053.0,53.0,,,,55.361111111111114,54.583333333333336,1,47.0,47.0,1,49.79870967741935,5,5,40,39
msg_744,node3,node36,225,381000,381048.0,48.0,,,,50.114285714285714,49.1764705882353,1,47.0,51.0,1,49.763398692810455,15,15,40,39
msg_745,node4,node35,225,381000,381059.0,59.0,,,,48.411764705882355,48.44117647058823,1,53.75,61.5,1,49.808236808236806,3,3,40,39
msg_746,node5,node34,225,381000,381047.0,47.0,,,,48.27272727272727,48.1875,1,47.75,49.6,1,49.84615384615385,39,39,40,39
msg_747,node6,node33,225,381000,381053.0,53.0,,,,48.125,48.4375,1,54.0,54.0,1,49.78626943005181,8,8,40,39
msg_748,node7,node32,225,381000,381047.0,47.0,,,,48.354838709677416,48.4,1,50.5,49.57142857142857,1,49.84615384615385,39,39,40,39
msg_749,node8,node31,225,381000,381047.0,47.0,,,,48.2,48.275862068965516,1,48.42857142857143,48.625,1,49.84615384615385,39,39,40,39
msg_750,node9,node30,225,381000,381048.0,48.0,,,,48.275862068965516,48.58620689655172,1,47.666666666666664,47.77777777777778,1,49.77266754270696,19,19,40,39
msg_751,node10,node29,227,381000,381053.0,53.0,,,,55.285714285714285,54.5,1,47.6,47.8,1,49.78626943005181,8,8,40,39
msg_752,node11,node28,227,381000,381047.0,47.0,,,,49.22222222222222,49.0,1,47.6,48.72727272727273,1,49.84615384615385,39,39,40,39
msg_753,node12,node27,227,381000,381047.0,47.0,,,,49.07692307692308,48.68,1,49.45454545454545,48.083333333333336,1,49.84615384615385,39,39,40,39
msg_754,node13,node26,227,381000,381048.0,48.0,,,,49.08,48.44,1,48.38461538461539,48.07692307692308,1,49.77266754270696,19,19,40,39
msg_755,node14,node25,227,381000,381053.0,53.0,,,,54.75,54.04347826086956,1,48.714285714285715,48.857142857142854,1,49.78626943005181,8,8,40,39
msg_756,node15,node24,227,381000,381065.0,65.0,,,,55.08695652173913,54.30434782608695,1,54.4,56.266666666666666,1,49.83183568677792,1,1,40,39
msg_757,node16,node23,227,381000,381047.0,47.0,,,,48.36363636363637,48.476190476190474,1,48.2,48.625,1,49.84615384615385,39,39,40,39
msg_758,node17,node22,227,381000,381047.0,47.0,,,,48.714285714285715,48.8,1,48.5,48.8235294117647,1,49.84615384615385,39,39,40,39
msg_759,node18,node21,227,381000,381053.0,53.0,,,,48.2,48.2,1,54.588235294117645,54.333333333333336,1,49.77373211963589,11,11,40,39
msg_760,node19,node20,227,381000,381047.0,47.0,,,,48.26315789473684,48.31578947368421,1,48.333333333333336,48.89473684210526,1,49.84615384615385,39,39,40,39
msg_761,node20,node18,227,381000,381047.0,47.0,,,,48.333333333333336,48.89473684210526,1,48.2,48.26315789473684,1,49.84615384615385,39,39,40,39
msg_762,node21,node17,227,381000,381054.0,54.0,,,,54.588235294117645,54.26315789473684,1,48.63636363636363,48.8,1,49.80283505154639,4,4,40,39
msg_763,node22,node16,227,381000,381047.0,47.0,,,,48.5,48.8235294117647,1,48.36363636363637,48.476190476190474,1,49.84615384615385,39,39,40,39
msg_764,node23,node15,227,381000,381053.0,53.0,,,,48.2,48.529411764705884,1,55.08695652173913,54.36363636363637,1,49.77373211963589,11,11,40,39
msg_765,node24,node14,227,381000,381059.0,59.0,,,,54.07142857142857,56.266666666666666,1,54.68,54.04347826086956,1,49.808236808236806,3,3,40,39
msg_766,node25,node13,227,381000,381047.0,47.0,,,,48.84615384615385,48.857142857142854,1,49.08,48.5,1,49.84615384615385,39,39,40,39
msg_767,node26,node12,227,381000,381047.0,47.0,,,,48.5,48.07692307692308,1,49.07692307692308,48.68,1,49.84615384615385,39,39,40,39
msg_768,node27,node11,227,381000,381048.0,48.0,,,,49.45454545454545,48.0,1,49.142857142857146,49.0,1,49.77266754270696,19,19,40,39
msg_769,node28,node10,227,381000,381053.0,53.0,,,,47.6,48.583333333333336,1,55.285714285714285,54.55555555555556,1,49.77373211963589,11,11,40,39
msg_770,node29,node9,225,381000,381047.0,47.0,,,,47.666666666666664,47.8,1,48.275862068965516,48.642857142857146,1,49.84615384615385,39,39,40,39
msg_771,node30,node8,225,381000,381047.0,47.0,,,,47.75,47.77777777777778,1,48.2,48.275862068965516,1,49.84615384615385,39,39,40,39
msg_772,node31,node7,225,381000,381048.0,48.0,,,,48.42857142857143,48.44444444444444,1,48.3125,48.4,1,49.77266754270696,19,19,40,39
msg_773,node32,node6,225,381000,381048.0,48.0,,,,50.5,49.25,1,48.125,48.45161290322581,1,49.775,20,20,40,39
msg_774,node33,node5,225,381000,381053.0,53.0,,,,54.2,54.0,1,48.23529411764706,48.1875,1,49.76109660574413,14,14,40,39
msg_775,node34,node4,225,381000,381047.0,47.0,,,,47.75,49.6,1,48.411764705882355,48.484848484848484,1,49.84615384615385,39,39,40,39
msg_776,node35,node3,225,381000,381053.0,53.0,,,,54.0,61.5,1,50.05555555555556,49.1764705882353,1,49.76109660574413,14,14,40,39
msg_777,node36,node2,225,381000,381053.0,53.0,,,,47.0,50.25,1,55.361111111111114,54.628571428571426,1,49.76109660574413,14,14,40,39
msg_778,node37,node1,225,381000,381047.0,47.0,,,,47.0,47.0,1,48.45945945945946,48.611111111111114,1,49.84615384615385,39,39,40,39
msg_779,node38,node0,225,381000,381047.0,47.0,,,,,47.0,1,48.26315789473684,48.945945945945944,1,49.84615384615385,39,39,40,39
msg_780,node0,node40,225,391000,391047.0,47.0,,,,48.23076923076923,48.89473684210526,1,,,0,49.85128205128205,40,40,41,40
msg_781,node1,node39,225,391000,391047.0,47.0,,,,48.421052631578945,48.567567567567565,1,,47.0,1,49.85128205128205,40,40,41,40
msg_782,node2,node38,225,391000,391053.0,53.0,,,,55.2972972972973,54.583333333333336,1,47.0,47.0,1,49.77238805970149,16,16,41,40
msg_783,node3,node37,225,391000,391048.0,48.0,,,,50.05555555555556,49.22222222222222,1,47.0,49.0,1,49.783479349186486,21,21,41,40
msg_784,node4,node36,225,391000,391047.0,47.0,,,,48.714285714285715,48.44117647058823,1,49.0,50.25,1,49.85128205128205,40,40,41,40
msg_785,node5,node35,225,391000,391053.0,53.0,,,,48.23529411764706,48.294117647058826,1,53.75,61.0,1,49.77238805970149,16,16,41,40
msg_786,node6,node34,225,391000,391047.0,47.0,,,,48.27272727272727,48.4375,1,47.6,49.166666666666664,1,49.85128205128205,40,40,41,40
msg_787,node7,node33,225,391000,391053.0,53.0,,,,48.3125,48.38709677419355,1,54.0,53.857142857142854,1,49.77238805970149,16,16,41,40
msg_788,node8,node32,225,391000,391047.0,47.0,,,,48.16129032258065,48.233333333333334,1,50.142857142857146,49.25,1,49.85128205128205,40,40,41,40
msg_789,node9,node31,225,391000,391047.0,47.0,,,,48.266666666666666,48.58620689655172,1,48.375,48.44444444444444,1,49.85128205128205,40,40,41,40
msg_790,node10,node30,227,391000,391054.0,54.0,,,,55.206896551724135,54.44827586206897,1,47.6,47.8,1,49.81717791411043,5,5,41,40
msg_791,node11,node29,227,391000,391047.0,47.0,,,,49.142857142857146,48.96296296296296,1,47.6,48.27272727272727,1,49.85128205128205,40,40,41,40
msg_792,node12,node28,227,391000,391047.0,47.0,,,,49.0,48.61538461538461,1,48.09090909090909,48.583333333333336,1,49.85128205128205,40,40,41,40
msg_793,node13,node27,227,391000,391048.0,48.0,,,,49.03846153846154,48.38461538461539,1,49.333333333333336,48.0,1,49.783479349186486,21,21,41,40
msg_794,node14,node26,227,391000,391053.0,53.0,,,,54.68,54.25,1,48.285714285714285,48.07142857142857,1,49.77238805970149,16,16,41,40
msg_795,node15,node25,227,391000,391059.0,59.0,,,,55.5,54.30434782608695,1,48.714285714285715,49.13333333333333,1,49.83353733170134,3,3,41,40
msg_796,node16,node24,227,391000,391053.0,53.0,,,,48.30434782608695,48.34782608695652,1,54.4,56.8125,1,49.77238805970149,16,16,41,40
msg_797,node17,node23,227,391000,391048.0,48.0,,,,48.63636363636363,48.95454545454545,1,48.411764705882355,48.529411764705884,1,49.783479349186486,21,21,41,40
msg_798,node18,node22,227,391000,391047.0,47.0,,,,48.42857142857143,48.2,1,48.411764705882355,48.72222222222222,1,49.85128205128205,40,40,41,40
msg_799,node19,node21,227,391000,391053.0,53.0,,,,48.2,48.25,1,54.55555555555556,54.26315789473684,1,49.77238805970149,16,16,41,40
msg_800,node20,node19,227,391000,391047.0,47.0,,,,48.26315789473684,48.8,1,48.2,48.31578947368421,1,49.85128205128205,40,40,41,40
msg_801,node21,node18,227,391000,391054.0,54.0,,,,54.55555555555556,54.2,1,48.36363636363637,48.2,1,49.81203931203931,6,6,41,40
msg_802,node22,node17,227,391000,391047.0,47.0,,,,48.411764705882355,48.72222222222222,1,48.63636363636363,49.04761904761905,1,49.85128205128205,40,40,41,40
msg_803,node23,node16,227,391000,391047.0,47.0,,,,48.5,48.529411764705884,1,48.30434782608695,48.40909090909091,1,49.85128205128205,40,40,41,40
msg_804,node24,node15,227,391000,391059.0,59.0,,,,54.4,56.588235294117645,1,55.5,54.30434782608695,1,49.83353733170134,3,3,41,40
msg_805,node25,node14,227,391000,391059.0,59.0,,,,48.714285714285715,49.13333333333333,1,54.61538461538461,54.25,1,49.83353733170134,3,3,41,40
msg_806,node26,node13,227,391000,391047.0,47.0,,,,48.38461538461539,48.07142857142857,1,49.03846153846154,48.44,1,49.85128205128205,40,40,41,40
msg_807,node27,node12,227,391000,391048.0,48.0,,,,49.333333333333336,48.0,1,48.92857142857143,48.61538461538461,1,49.783479349186486,21,21,41,40
msg_808,node28,node11,227,391000,391047.0,47.0,,,,48.09090909090909,48.583333333333336,1,49.142857142857146,48.96296296296296,1,49.85128205128205,40,40,41,40
msg_809,node29,node10,227,391000,391053.0,53.0,,,,47.6,48.166666666666664,1,55.206896551724135,54.5,1,49.77238805970149,16,16,41,40
msg_810,node30,node9,225,391000,391047.0,47.0,,,,47.666666666666664,47.8,1,48.266666666666666,48.58620689655172,1,49.85128205128205,40,40,41,40
msg_811,node31,node8,225,391000,391048.0,48.0,,,,48.375,48.3,1,48.125,48.233333333333334,1,49.783479349186486,21,21,41,40
msg_812,node32,node7,225,391000,391053.0,53.0,,,,50.142857142857146,49.0,1,48.3125,48.38709677419355,1,49.77238805970149,16,16,41,40
msg_813,node33,node6,225,391000,391053.0,53.0,,,,54.0,53.857142857142854,1,48.23529411764706,48.4375,1,49.77238805970149,16,16,41,40
msg_814,node34,node5,225,391000,391047.0,47.0,,,,47.6,49.166666666666664,1,48.23529411764706,48.333333333333336,1,49.85128205128205,40,40,41,40
msg_815,node35,node4,225,391000,391059.0,59.0,,,,53.75,59.666666666666664,1,48.666666666666664,48.44117647058823,1,49.822303921568626,4,4,41,40
msg_816,node36,node3,225,391000,391047.0,47.0,,,,49.0,50.25,1,50.05555555555556,49.285714285714285,1,49.85128205128205,40,40,41,40
msg_817,node37,node2,225,391000,391053.0,53.0,,,,47.0,48.75,1,55.2972972972973,54.583333333333336,1,49.77238805970149,16,16,41,40
msg_818,node38,node1,225,391000,391047.0,47.0,,,,47.0,47.0,1,48.421052631578945,48.567567567567565,1,49.85128205128205,40,40,41,40
msg_819,node39,node0,225,391000,391047.0,47.0,,,,,47.0,1,48.23076923076923,48.89473684210526,1,49.85128205128205,40,40,41,40
msg_820,node0,node41,225,401000,401047.0,47.0,,,,48.2,48.84615384615385,1,,,0,49.86707317073171,41,41,42,41
msg_821,node1,node40,225,401000,401047.0,47.0,,,,48.38461538461539,48.526315789473685,1,,47.0,1,49.86707317073171,41,41,42,41
msg_822,node2,node39,225,401000,401053.0,53.0,,,,55.23684210526316,54.5,1,47.0,47.0,1,49.84093567251462,6,6,42,41
msg_823,node3,node38,225,401000,401054.0,54.0,,,,50.0,49.16216216216216,1,49.0,49.0,1,49.8446261682243,5,5,42,41
msg_824,node4,node37,225,401000,401047.0,47.0,,,,48.666666666666664,48.74285714285714,1,49.0,48.75,1,49.86707317073171,41,41,42,41
msg_825,node5,node36,225,401000,401047.0,47.0,,,,48.371428571428574,48.294117647058826,1,48.5,49.6,1,49.86707317073171,41,41,42,41
msg_826,node6,node35,225,401000,401059.0,59.0,,,,48.23529411764706,48.529411764705884,1,54.666666666666664,59.666666666666664,1,49.86395348837209,1,1,42,41
msg_827,node7,node34,225,401000,401047.0,47.0,,,,48.45454545454545,48.53125,1,47.5,48.857142857142854,1,49.86707317073171,41,41,42,41
msg_828,node8,node33,225,401000,401053.0,53.0,,,,48.125,48.21875,1,53.75,53.75,1,49.82235294117647,11,11,42,41
msg_829,node9,node32,225,401000,401048.0,48.0,,,,48.225806451612904,48.516129032258064,1,50.22222222222222,49.0,1,49.800237812128415,20,20,42,41
msg_830,node10,node31,227,401000,401054.0,54.0,,,,55.166666666666664,54.4,1,48.3,48.3,1,49.8446261682243,5,5,42,41
msg_831,node11,node30,227,401000,401047.0,47.0,,,,49.06896551724138,48.892857142857146,1,47.6,48.36363636363637,1,49.86707317073171,41,41,42,41
msg_832,node12,node29,227,401000,401053.0,53.0,,,,48.92857142857143,48.535714285714285,1,48.0,48.166666666666664,1,49.82235294117647,11,11,42,41
msg_833,node13,node28,227,401000,401048.0,48.0,,,,49.0,48.370370370370374,1,47.92307692307692,48.46153846153846,1,49.800237812128415,20,20,42,41
msg_834,node14,node27,227,401000,401053.0,53.0,,,,54.61538461538461,54.38461538461539,1,49.142857142857146,48.0,1,49.82235294117647,11,11,42,41
msg_835,node15,node26,227,401000,401053.0,53.0,,,,55.64,54.44,1,48.6,48.4,1,49.82235294117647,11,11,42,41
msg_836,node16,node25,227,401000,401047.0,47.0,,,,48.5,48.34782608695652,1,49.4,49.75,1,49.86707317073171,41,41,42,41
msg_837,node17,node24,227,401000,401053.0,53.0,,,,48.608695652173914,48.869565217391305,1,54.588235294117645,56.588235294117645,1,49.82235294117647,11,11,42,41
msg_838,node18,node23,227,401000,401047.0,47.0,,,,48.36363636363637,48.476190476190474,1,48.411764705882355,48.5,1,49.86707317073171,41,41,42,41
msg_839,node19,node22,227,401000,401047.0,47.0,,,,48.42857142857143,48.25,1,48.333333333333336,48.63157894736842,1,49.86707317073171,41,41,42,41
msg_840,node20,node21,227,401000,401053.0,53.0,,,,48.2,48.8,1,54.526315789473685,54.2,1,49.807328605200944,15,15,42,41
msg_841,node21,node19,227,401000,401054.0,54.0,,,,54.526315789473685,54.142857142857146,1,48.36363636363637,48.25,1,49.8446261682243,5,5,42,41
msg_842,node22,node18,227,401000,401047.0,47.0,,,,48.333333333333336,48.63157894736842,1,48.36363636363637,48.476190476190474,1,49.86707317073171,41,41,42,41
msg_843,node23,node17,227,401000,401047.0,47.0,,,,48.411764705882355,48.5,1,48.608695652173914,48.95454545454545,1,49.86707317073171,41,41,42,41
msg_844,node24,node16,227,401000,401053.0,53.0,,,,54.6875,56.588235294117645,1,48.44,48.34782608695652,1,49.807328605200944,15,15,42,41
msg_845,node25,node15,227,401000,401053.0,53.0,,,,49.4,49.588235294117645,1,55.64,54.5,1,49.807328605200944,15,15,42,41
msg_846,node26,node14,227,401000,401053.0,53.0,,,,48.285714285714285,48.4,1,54.61538461538461,54.44,1,49.807328605200944,15,15,42,41
msg_847,node27,node13,227,401000,401048.0,48.0,,,,49.23076923076923,48.0,1,49.0,48.38461538461539,1,49.80668257756563,23,23,42,41
msg_848,node28,node12,227,401000,401047.0,47.0,,,,48.0,48.46153846153846,1,48.92857142857143,48.592592592592595,1,49.86707317073171,41,41,42,41
msg_849,node29,node11,227,401000,401047.0,47.0,,,,48.09090909090909,48.166666666666664,1,49.06896551724138,48.892857142857146,1,49.86707317073171,41,41,42,41
msg_850,node30,node10,227,401000,401053.0,53.0,,,,47.6,48.25,1,55.166666666666664,54.44827586206897,1,49.79596678529063,18,18,42,41
msg_851,node31,node9,225,401000,401048.0,48.0,,,,48.333333333333336,48.3,1,48.225806451612904,48.53333333333333,1,49.80668257756563,23,23,42,41
msg_852,node32,node8,225,401000,401048.0,48.0,,,,50.5,49.0,1,48.125,48.225806451612904,1,49.80668257756563,23,23,42,41
msg_853,node33,node7,225,401000,401053.0,53.0,,,,53.857142857142854,53.75,1,48.411764705882355,48.53125,1,49.79596678529063,18,18,42,41
msg_854,node34,node6,225,401000,401047.0,47.0,,,,47.5,48.857142857142854,1,48.23529411764706,48.57575757575758,1,49.86707317073171,41,41,42,41
msg_855,node35,node5,225,401000,401054.0,54.0,,,,54.8,59.666666666666664,1,48.333333333333336,48.294117647058826,1,49.8446261682243,5,5,42,41
msg_856,node36,node4,225,401000,401047.0,47.0,,,,48.5,49.6,1,48.666666666666664,48.74285714285714,1,49.86707317073171,41,41,42,41
msg_857,node37,node3,225,401000,401047.0,47.0,,,,49.0,48.75,1,50.0,49.22222222222222,1,49.86707317073171,41,41,42,41
msg_858,node38,node2,225,401000,401053.0,53.0,,,,47.0,49.0,1,55.23684210526316,54.54054054054054,1,49.79596678529063,18,18,42,41
msg_859,node39,node1,225,401000,401047.0,47.0,,,,47.0,47.0,1,48.38461538461539,48.526315789473685,1,49.86707317073171,41,41,42,41
msg_860,node40,node0,225,401000,401048.0,48.0,,,,,47.0,1,48.170731707317074,48.84615384615385,1,49.80884109916368,24,24,42,41
msg_861,node0,node42,225,411000,,,,,,48.170731707317074,48.825,1,,,0,49.87456445993031,42,42,43,42
msg_862,node1,node41,225,411000,,,,,,48.35,48.48717948717949,1,,47.0,1,49.87456445993031,42,42,43,42
msg_863,node2,node40,225,411000,,,,,,55.17948717948718,54.5,1,48.0,47.0,1,49.87456445993031,42,42,43,42
msg_864,node3,node39,225,411000,,,,,,50.10526315789474,49.16216216216216,1,47.0,49.0,1,49.87456445993031,42,42,43,42
msg_865,node4,node38,225,411000,,,,,,48.62162162162162,48.69444444444444,1,49.0,50.25,1,49.87456445993031,42,42,43,42
msg_866,node5,node37,225,411000,,,,,,48.333333333333336,48.457142857142856,1,48.5,48.4,1,49.87456445993031,42,42,43,42
msg_867,node6,node36,225,411000,,,,,,48.542857142857144,48.529411764705884,1,48.2,49.166666666666664,1,49.87456445993031,42,42,43,42
msg_868,node7,node35,225,411000,,,,,,48.411764705882355,48.666666666666664,1,54.666666666666664,59.57142857142857,1,49.87456445993031,42,42,43,42
msg_869,node8,node34,225,411000,,,,,,48.27272727272727,48.21875,1,47.42857142857143,48.625,1,49.87456445993031,42,42,43,42
msg_870,node9,node33,225,411000,,,,,,48.21875,48.516129032258064,1,53.75,53.666666666666664,1,49.87456445993031,42,42,43,42
msg_871,node10,node32,227,411000,,,,,,55.12903225806452,54.4,1,50.22222222222222,48.9,1,49.87456445993031,42,42,43,42
msg_872,node11,node31,227,411000,,,,,,49.0,48.827586206896555,1,48.3,48.81818181818182,1,49.87456445993031,42,42,43,42
msg_873,node12,node30,227,411000,,,,,,49.06896551724138,48.535714285714285,1,48.09090909090909,48.25,1,49.87456445993031,42,42,43,42
msg_874,node13,node29,227,411000,,,,,,48.964285714285715,48.370370370370374,1,48.0,48.53846153846154,1,49.87456445993031,42,42,43,42
msg_875,node14,node28,227,411000,,,,,,54.55555555555556,54.38461538461539,1,47.92307692307692,48.42857142857143,1,49.87456445993031,42,42,43,42
msg_876,node15,node27,227,411000,,,,,,55.53846153846154,54.44,1,49.142857142857146,48.333333333333336,1,49.87456445993031,42,42,43,42
msg_877,node16,node26,227,411000,,,,,,48.44,48.541666666666664,1,48.6,48.6875,1,49.87456445993031,42,42,43,42
msg_878,node17,node25,227,411000,,,,,,48.791666666666664,48.869565217391305,1,49.625,49.588235294117645,1,49.87456445993031,42,42,43,42
msg_879,node18,node24,227,411000,,,,,,48.30434782608695,48.40909090909091,1,54.588235294117645,56.388888888888886,1,49.87456445993031,42,42,43,42
msg_880,node19,node23,227,411000,,,,,,48.36363636363637,48.523809523809526,1,48.333333333333336,48.421052631578945,1,49.87456445993031,42,42,43,42
msg_881,node20,node22,227,411000,,,,,,48.42857142857143,48.8,1,48.26315789473684,48.55,1,49.87456445993031,42,42,43,42
msg_882,node21,node20,227,411000,,,,,,54.5,54.142857142857146,1,48.42857142857143,48.8,1,49.87456445993031,42,42,43,42
msg_883,node22,node19,227,411000,,,,,,48.26315789473684,48.55,1,48.36363636363637,48.523809523809526,1,49.87456445993031,42,42,43,42
msg_884,node23,node18,227,411000,,,,,,48.333333333333336,48.421052631578945,1,48.30434782608695,48.40909090909091,1,49.87456445993031,42,42,43,42
msg_885,node24,node17,227,411000,,,,,,54.588235294117645,56.388888888888886,1,48.791666666666664,48.869565217391305,1,49.87456445993031,42,42,43,42
msg_886,node25,node16,227,411000,,,,,,49.625,49.588235294117645,1,48.44,48.541666666666664,1,49.87456445993031,42,42,43,42
msg_887,node26,node15,227,411000,,,,,,48.6,48.6875,1,55.53846153846154,54.44,1,49.87456445993031,42,42,43,42
msg_888,node27,node14,227,411000,,,,,,49.142857142857146,48.333333333333336,1,54.55555555555556,54.38461538461539,1,49.87456445993031,42,42,43,42
msg_889,node28,node13,227,411000,,,,,,47.92307692307692,48.42857142857143,1,48.964285714285715,48.370370370370374,1,49.87456445993031,42,42,43,42
msg_890,node29,node12,227,411000,,,,,,48.0,48.53846153846154,1,49.06896551724138,48.535714285714285,1,49.87456445993031,42,42,43,42
msg_891,node30,node11,227,411000,,,,,,48.09090909090909,48.25,1,49.0,48.827586206896555,1,49.87456445993031,42,42,43,42
msg_892,node31,node10,227,411000,,,,,,48.3,48.81818181818182,1,55.12903225806452,54.4,1,49.87456445993031,42,42,43,42
msg_893,node32,node9,225,411000,,,,,,50.22222222222222,48.9,1,48.21875,48.516129032258064,1,49.87456445993031,42,42,43,42
msg_894,node33,node8,225,411000,,,,,,53.75,53.666666666666664,1,48.27272727272727,48.21875,1,49.87456445993031,42,42,43,42
msg_895,node34,node7,225,411000,,,,,,47.42857142857143,48.625,1,48.411764705882355,48.666666666666664,1,49.87456445993031,42,42,43,42
msg_896,node35,node6,225,411000,,,,,,54.666666666666664,59.57142857142857,1,48.542857142857144,48.529411764705884,1,49.87456445993031,42,42,43,42
msg_897,node36,node5,225,411000,,,,,,48.2,49.166666666666664,1,48.333333333333336,48.457142857142856,1,49.87456445993031,42,42,43,42
msg_898,node37,node4,225,411000,,,,,,48.5,48.4,1,48.62162162162162,48.69444444444444,1,49.87456445993031,42,42,43,42
msg_899,node38,node3,225,411000,,,,,,49.0,50.25,1,50.10526315789474,49.16216216216216,1,49.87456445993031,42,42,43,42
msg_900,node39,node2,225,411000,,,,,,47.0,49.0,1,55.17948717948718,54.5,1,49.87456445993031,42,42,43,42
msg_901,node40,node1,225,411000,,,,,,48.0,47.0,1,48.35,48.48717948717949,1,49.87456445993031,42,42,43,42
msg_902,node41,node0,225,411000,,,,,,,47.0,1,48.170731707317074,48.825,1,49.87456445993031,42,42,43,42
