msg_id,sender,receiver,payload_size_B,time_send_ms,time_receive_ms,actual_delay_ms,online_predicted_delay_ms,cluster_predicted_delay_ms,weighted_predicted_delay_ms,sender_average_outgoing_delay_ms,sender_average_incoming_delay_ms,sender_num_messages_sent_simultaneously,receiver_average_outgoing_delay_ms,receiver_average_incoming_delay_ms,receiver_num_messages_sent_simultaneously,network_average_delay_ms,network_num_messages_in_transit,network_num_busy_links,network_num_network_nodes,network_num_messages_sent_simultaneously
msg_0,node1,node0,315,12000,12001.0,1.0,,,,,,1,,,0,,49,49,50,49
msg_1,node2,node0,315,12000,12001.0,1.0,,,,,,1,,1.0,0,1.0,48,48,50,49
msg_2,node3,node0,315,12000,12002.0,2.0,,,,,,1,,1.0,0,1.0,48,48,50,49
msg_3,node4,node0,315,12000,,,,,,,,1,1.0990712074303406,5.092672413793103,0,3.453621346886912,642,22,50,49
msg_4,node5,node0,315,12000,,,,,,,,1,1.0990712074303406,5.092672413793103,0,3.453621346886912,642,22,50,49
msg_5,node6,node0,315,12000,12002.0,2.0,,,,,,1,,1.3333333333333333,0,1.3333333333333333,46,46,50,49
msg_6,node7,node0,315,12000,12002.0,2.0,,,,,,1,,1.5,0,1.5,45,45,50,49
msg_7,node8,node0,315,12000,12002.0,2.0,,,,,,1,,1.5,0,1.5,45,45,50,49
msg_8,node9,node0,315,12000,12003.0,3.0,,,,,,1,,1.6666666666666667,0,1.6666666666666667,43,43,50,49
msg_9,node10,node0,317,12000,12008.0,8.0,,,,,,1,,4.045454545454546,0,4.045454545454546,27,27,50,49
msg_10,node11,node0,317,12000,,,,,,,,1,1.0990712074303406,5.092672413793103,0,3.453621346886912,642,22,50,49
msg_11,node12,node0,317,12000,,,,,,,,1,1.0990712074303406,5.092672413793103,0,3.453621346886912,642,22,50,49
msg_12,node13,node0,317,12000,12003.0,3.0,,,,,,1,,1.6666666666666667,0,1.6666666666666667,43,43,50,49
msg_13,node14,node0,317,12000,12008.0,8.0,,,,,,1,,4.333333333333333,0,4.333333333333333,25,25,50,49
msg_14,node15,node0,317,12000,12003.0,3.0,,,,,,1,,2.0,0,2.0,41,41,50,49
msg_15,node16,node0,317,12000,,,,,,,,1,1.0990712074303406,5.092672413793103,0,3.453621346886912,642,22,50,49
msg_16,node17,node0,317,12000,12004.0,4.0,,,,,,1,,2.0,0,2.0,41,41,50,49
msg_17,node18,node0,317,12000,,,,,,,,1,1.0990712074303406,5.092672413793103,0,3.453621346886912,642,22,50,49
msg_18,node19,node0,317,12000,,,,,,,,1,1.0990712074303406,5.092672413793103,0,3.453621346886912,642,22,50,49
msg_19,node20,node0,317,12000,12004.0,4.0,,,,,,1,,2.3,0,2.3,39,39,50,49
msg_20,node21,node0,317,12000,12008.0,8.0,,,,,,1,,4.48,0,4.48,24,24,50,49
msg_21,node22,node0,317,12000,,,,,,,,1,1.0990712074303406,5.092672413793103,0,3.453621346886912,642,22,50,49
msg_22,node23,node0,317,12000,,,,,,,,1,1.0990712074303406,5.092672413793103,0,3.453621346886912,642,22,50,49
msg_23,node24,node0,317,12000,12004.0,4.0,,,,,,1,,2.4545454545454546,0,2.4545454545454546,38,38,50,49
msg_24,node25,node0,317,12000,12004.0,4.0,,,,,,1,,2.4545454545454546,0,2.4545454545454546,38,38,50,49
msg_25,node26,node0,317,12000,,,,,,,,1,1.0990712074303406,5.092672413793103,0,3.453621346886912,642,22,50,49
msg_26,node27,node0,317,12000,12005.0,5.0,,,,,,1,,2.6923076923076925,0,2.6923076923076925,36,36,50,49
msg_27,node28,node0,317,12000,,,,,,,,1,1.0990712074303406,5.092672413793103,0,3.453621346886912,642,22,50,49
msg_28,node29,node0,317,12000,,,,,,,,1,1.0990712074303406,5.092672413793103,0,3.453621346886912,642,22,50,49
msg_29,node30,node0,317,12000,,,,,,,,1,1.0990712074303406,5.092672413793103,0,3.453621346886912,642,22,50,49
msg_30,node31,node0,317,12000,12009.0,9.0,,,,,,1,,4.615384615384615,0,4.615384615384615,23,23,50,49
msg_31,node32,node0,317,12000,12009.0,9.0,,,,,,1,,4.777777777777778,0,4.777777777777778,22,22,50,49
msg_32,node33,node0,317,12000,12005.0,5.0,,,,,,1,,2.857142857142857,0,2.857142857142857,35,35,50,49
msg_33,node34,node0,317,12000,,,,,,,,1,1.0990712074303406,5.092672413793103,0,3.453621346886912,642,22,50,49
msg_34,node35,node0,317,12000,12005.0,5.0,,,,,,1,,2.857142857142857,0,2.857142857142857,35,35,50,49
msg_35,node36,node0,317,12000,12006.0,6.0,,,,,,1,,3.125,0,3.125,33,33,50,49
msg_36,node37,node0,317,12000,12006.0,6.0,,,,,,1,,3.2941176470588234,0,3.2941176470588234,32,32,50,49
msg_37,node38,node0,317,12000,,,,,,,,1,1.0990712074303406,5.092672413793103,0,3.453621346886912,642,22,50,49
msg_38,node39,node0,317,12000,,,,,,,,1,1.0990712074303406,5.092672413793103,0,3.453621346886912,642,22,50,49
msg_39,node40,node0,317,12000,12006.0,6.0,,,,,,1,,3.2941176470588234,0,3.2941176470588234,32,32,50,49
msg_40,node41,node0,317,12000,12007.0,7.0,,,,,,1,,3.5789473684210527,0,3.5789473684210527,30,30,50,49
msg_41,node42,node0,317,12000,,,,,,,,1,1.0990712074303406,5.092672413793103,0,3.453621346886912,642,22,50,49
msg_42,node43,node0,317,12000,,,,,,,,1,1.0990712074303406,5.092672413793103,0,3.453621346886912,642,22,50,49
msg_43,node44,node0,317,12000,12007.0,7.0,,,,,,1,,3.5789473684210527,0,3.5789473684210527,30,30,50,49
msg_44,node45,node0,317,12000,12007.0,7.0,,,,,,1,,3.9047619047619047,0,3.9047619047619047,28,28,50,49
msg_45,node46,node0,317,12000,12007.0,7.0,,,,,,1,,4.045454545454546,0,4.045454545454546,27,27,50,49
msg_46,node47,node0,317,12000,,,,,,,,1,1.0990712074303406,5.092672413793103,0,3.453621346886912,642,22,50,49
msg_47,node48,node0,317,12000,,,,,,,,1,1.0990712074303406,5.092672413793103,0,3.453621346886912,642,22,50,49
msg_48,node49,node0,317,12000,12009.0,9.0,,,,,,1,,4.777777777777778,0,4.777777777777778,22,22,50,49
msg_49,node1,node0,315,24000,24001.0,1.0,,,,1.0,,1,,5.068965517241379,0,5.068965517241379,69,49,50,49
msg_50,node2,node0,315,24000,24001.0,1.0,,,,1.0,,1,,5.068965517241379,0,5.068965517241379,69,49,50,49
msg_51,node3,node0,315,24000,24002.0,2.0,,,,2.0,,1,,4.806451612903226,0,4.806451612903226,67,47,50,49
msg_52,node4,node0,315,24000,,,,,,,,1,1.0990712074303406,5.092672413793103,0,3.453621346886912,642,22,50,49
msg_53,node5,node0,315,24000,,,,,,,,1,1.0990712074303406,5.092672413793103,0,3.453621346886912,642,22,50,49
msg_54,node6,node0,315,24000,24002.0,2.0,,,,2.0,,1,,4.71875,0,4.71875,66,46,50,49
msg_55,node7,node0,315,24000,24002.0,2.0,,,,2.0,,1,,4.636363636363637,0,4.636363636363637,65,45,50,49
msg_56,node8,node0,315,24000,24002.0,2.0,,,,2.0,,1,,4.636363636363637,0,4.636363636363637,65,45,50,49
msg_57,node9,node0,315,24000,24003.0,3.0,,,,3.0,,1,,4.485714285714286,0,4.485714285714286,63,43,50,49
msg_58,node10,node0,317,24000,24008.0,8.0,,,,8.0,,1,,4.627450980392157,0,4.627450980392157,47,27,50,49
msg_59,node11,node0,317,24000,,,,,,,,1,1.0990712074303406,5.092672413793103,0,3.453621346886912,642,22,50,49
msg_60,node12,node0,317,24000,,,,,,,,1,1.0990712074303406,5.092672413793103,0,3.453621346886912,642,22,50,49
msg_61,node13,node0,317,24000,24003.0,3.0,,,,3.0,,1,,4.444444444444445,0,4.444444444444445,62,42,50,49
msg_62,node14,node0,317,24000,24008.0,8.0,,,,8.0,,1,,4.735849056603773,0,4.735849056603773,45,25,50,49
msg_63,node15,node0,317,24000,24003.0,3.0,,,,3.0,,1,,4.405405405405405,0,4.405405405405405,61,41,50,49
msg_64,node16,node0,317,24000,,,,,,,,1,1.0990712074303406,5.092672413793103,0,3.453621346886912,642,22,50,49
msg_65,node17,node0,317,24000,24004.0,4.0,,,,4.0,,1,,4.368421052631579,0,4.368421052631579,60,40,50,49
msg_66,node18,node0,317,24000,,,,,,,,1,1.0990712074303406,5.092672413793103,0,3.453621346886912,642,22,50,49
msg_67,node19,node0,317,24000,,,,,,,,1,1.0990712074303406,5.092672413793103,0,3.453621346886912,642,22,50,49
msg_68,node20,node0,317,24000,24004.0,4.0,,,,4.0,,1,,4.368421052631579,0,4.368421052631579,60,40,50,49
msg_69,node21,node0,317,24000,24008.0,8.0,,,,8.0,,1,,4.796296296296297,0,4.796296296296297,44,24,50,49
msg_70,node22,node0,317,24000,,,,,,,,1,1.0990712074303406,5.092672413793103,0,3.453621346886912,642,22,50,49
msg_71,node23,node0,317,24000,,,,,,,,1,1.0990712074303406,5.092672413793103,0,3.453621346886912,642,22,50,49
msg_72,node24,node0,317,24000,24004.0,4.0,,,,4.0,,1,,4.35,0,4.35,58,38,50,49
msg_73,node25,node0,317,24000,24004.0,4.0,,,,4.0,,1,,4.341463414634147,0,4.341463414634147,57,37,50,49
msg_74,node26,node0,317,24000,,,,,,,,1,1.0990712074303406,5.092672413793103,0,3.453621346886912,642,22,50,49
msg_75,node27,node0,317,24000,24005.0,5.0,,,,5.0,,1,,4.341463414634147,0,4.341463414634147,57,37,50,49
msg_76,node28,node0,317,24000,,,,,,,,1,1.0990712074303406,5.092672413793103,0,3.453621346886912,642,22,50,49
msg_77,node29,node0,317,24000,,,,,,,,1,1.0990712074303406,5.092672413793103,0,3.453621346886912,642,22,50,49
msg_78,node30,node0,317,24000,,,,,,,,1,1.0990712074303406,5.092672413793103,0,3.453621346886912,642,22,50,49
msg_79,node31,node0,317,24000,24009.0,9.0,,,,9.0,,1,,4.796296296296297,0,4.796296296296297,44,24,50,49
msg_80,node32,node0,317,24000,24009.0,9.0,,,,9.0,,1,,4.928571428571429,0,4.928571428571429,42,22,50,49
msg_81,node33,node0,317,24000,24005.0,5.0,,,,5.0,,1,,4.348837209302325,0,4.348837209302325,55,35,50,49
msg_82,node34,node0,317,24000,,,,,,,,1,1.0990712074303406,5.092672413793103,0,3.453621346886912,642,22,50,49
msg_83,node35,node0,317,24000,24005.0,5.0,,,,5.0,,1,,4.363636363636363,0,4.363636363636363,54,34,50,49
msg_84,node36,node0,317,24000,24006.0,6.0,,,,6.0,,1,,4.363636363636363,0,4.363636363636363,54,34,50,49
msg_85,node37,node0,317,24000,24006.0,6.0,,,,6.0,,1,,4.413043478260869,0,4.413043478260869,52,32,50,49
msg_86,node38,node0,317,24000,,,,,,,,1,1.0990712074303406,5.092672413793103,0,3.453621346886912,642,22,50,49
msg_87,node39,node0,317,24000,,,,,,,,1,1.0990712074303406,5.092672413793103,0,3.453621346886912,642,22,50,49
msg_88,node40,node0,317,24000,24006.0,6.0,,,,6.0,,1,,4.446808510638298,0,4.446808510638298,51,31,50,49
msg_89,node41,node0,317,24000,24007.0,7.0,,,,7.0,,1,,4.479166666666667,0,4.479166666666667,50,30,50,49
msg_90,node42,node0,317,24000,,,,,,,,1,1.0990712074303406,5.092672413793103,0,3.453621346886912,642,22,50,49
msg_91,node43,node0,317,24000,,,,,,,,1,1.0990712074303406,5.092672413793103,0,3.453621346886912,642,22,50,49
msg_92,node44,node0,317,24000,24007.0,7.0,,,,7.0,,1,,4.479166666666667,0,4.479166666666667,50,30,50,49
msg_93,node45,node0,317,24000,24007.0,7.0,,,,7.0,,1,,4.58,0,4.58,48,28,50,49
msg_94,node46,node0,317,24000,24007.0,7.0,,,,7.0,,1,,4.627450980392157,0,4.627450980392157,47,27,50,49
msg_95,node47,node0,317,24000,,,,,,,,1,1.0990712074303406,5.092672413793103,0,3.453621346886912,642,22,50,49
msg_96,node48,node0,317,24000,,,,,,,,1,1.0990712074303406,5.092672413793103,0,3.453621346886912,642,22,50,49
msg_97,node49,node0,317,24000,24009.0,9.0,,,,9.0,,1,,5.0,0,5.0,41,21,50,49
msg_98,node1,node0,315,36000,36001.0,1.0,,,,1.0,,1,,5.068965517241379,0,5.068965517241379,89,49,50,49
msg_99,node2,node0,315,36000,36001.0,1.0,,,,1.0,,1,,5.0,0,5.0,88,48,50,49
msg_100,node3,node0,315,36000,36002.0,2.0,,,,2.0,,1,,4.933333333333334,0,4.933333333333334,87,47,50,49
msg_101,node4,node0,315,36000,,,,,,,,1,1.0990712074303406,5.092672413793103,0,3.453621346886912,642,22,50,49
msg_102,node5,node0,315,36000,,,,,,,,1,1.0990712074303406,5.092672413793103,0,3.453621346886912,642,22,50,49
msg_103,node6,node0,315,36000,36002.0,2.0,,,,2.0,,1,,4.933333333333334,0,4.933333333333334,87,47,50,49
msg_104,node7,node0,315,36000,36002.0,2.0,,,,2.0,,1,,4.838709677419355,0,4.838709677419355,85,45,50,49
msg_105,node8,node0,315,36000,36002.0,2.0,,,,2.0,,1,,4.7936507936507935,0,4.7936507936507935,84,44,50,49
msg_106,node9,node0,315,36000,36003.0,3.0,,,,3.0,,1,,4.7936507936507935,0,4.7936507936507935,84,44,50,49
msg_107,node10,node0,317,36000,36008.0,8.0,,,,8.0,,1,,4.814814814814815,0,4.814814814814815,66,26,50,49
msg_108,node11,node0,317,36000,,,,,,,,1,1.0990712074303406,5.092672413793103,0,3.453621346886912,642,22,50,49
msg_109,node12,node0,317,36000,,,,,,,,1,1.0990712074303406,5.092672413793103,0,3.453621346886912,642,22,50,49
msg_110,node13,node0,317,36000,36003.0,3.0,,,,3.0,,1,,4.723076923076923,0,4.723076923076923,82,42,50,49
msg_111,node14,node0,317,36000,36008.0,8.0,,,,8.0,,1,,4.814814814814815,0,4.814814814814815,66,26,50,49
msg_112,node15,node0,317,36000,36003.0,3.0,,,,3.0,,1,,4.696969696969697,0,4.696969696969697,81,41,50,49
msg_113,node16,node0,317,36000,,,,,,,,1,1.0990712074303406,5.092672413793103,0,3.453621346886912,642,22,50,49
msg_114,node17,node0,317,36000,36004.0,4.0,,,,4.0,,1,,4.6716417910447765,0,4.6716417910447765,80,40,50,49
msg_115,node18,node0,317,36000,,,,,,,,1,1.0990712074303406,5.092672413793103,0,3.453621346886912,642,22,50,49
msg_116,node19,node0,317,36000,,,,,,,,1,1.0990712074303406,5.092672413793103,0,3.453621346886912,642,22,50,49
msg_117,node20,node0,317,36000,36004.0,4.0,,,,4.0,,1,,4.6716417910447765,0,4.6716417910447765,80,40,50,49
msg_118,node21,node0,317,36000,36008.0,8.0,,,,8.0,,1,,4.891566265060241,0,4.891566265060241,64,24,50,49
msg_119,node22,node0,317,36000,,,,,,,,1,1.0990712074303406,5.092672413793103,0,3.453621346886912,642,22,50,49
msg_120,node23,node0,317,36000,,,,,,,,1,1.0990712074303406,5.092672413793103,0,3.453621346886912,642,22,50,49
msg_121,node24,node0,317,36000,36004.0,4.0,,,,4.0,,1,,4.6521739130434785,0,4.6521739130434785,78,38,50,49
msg_122,node25,node0,317,36000,36004.0,4.0,,,,4.0,,1,,4.642857142857143,0,4.642857142857143,77,37,50,49
msg_123,node26,node0,317,36000,,,,,,,,1,1.0990712074303406,5.092672413793103,0,3.453621346886912,642,22,50,49
msg_124,node27,node0,317,36000,36005.0,5.0,,,,5.0,,1,,4.633802816901408,0,4.633802816901408,76,36,50,49
msg_125,node28,node0,317,36000,,,,,,,,1,1.0990712074303406,5.092672413793103,0,3.453621346886912,642,22,50,49
msg_126,node29,node0,317,36000,,,,,,,,1,1.0990712074303406,5.092672413793103,0,3.453621346886912,642,22,50,49
msg_127,node30,node0,317,36000,,,,,,,,1,1.0990712074303406,5.092672413793103,0,3.453621346886912,642,22,50,49
msg_128,node31,node0,317,36000,36009.0,9.0,,,,9.0,,1,,4.928571428571429,0,4.928571428571429,63,23,50,49
msg_129,node32,node0,317,36000,36009.0,9.0,,,,9.0,,1,,4.976470588235294,0,4.976470588235294,62,22,50,49
msg_130,node33,node0,317,36000,36005.0,5.0,,,,5.0,,1,,4.633802816901408,0,4.633802816901408,76,36,50,49
msg_131,node34,node0,317,36000,,,,,,,,1,1.0990712074303406,5.092672413793103,0,3.453621346886912,642,22,50,49
msg_132,node35,node0,317,36000,36005.0,5.0,,,,5.0,,1,,4.6438356164383565,0,4.6438356164383565,74,34,50,49
msg_133,node36,node0,317,36000,36006.0,6.0,,,,6.0,,1,,4.648648648648648,0,4.648648648648648,73,33,50,49
msg_134,node37,node0,317,36000,36006.0,6.0,,,,6.0,,1,,4.648648648648648,0,4.648648648648648,73,33,50,49
msg_135,node38,node0,317,36000,,,,,,,,1,1.0990712074303406,5.092672413793103,0,3.453621346886912,642,22,50,49
msg_136,node39,node0,317,36000,,,,,,,,1,1.0990712074303406,5.092672413793103,0,3.453621346886912,642,22,50,49
msg_137,node40,node0,317,36000,36006.0,6.0,,,,6.0,,1,,4.684210526315789,0,4.684210526315789,71,31,50,49
msg_138,node41,node0,317,36000,36007.0,7.0,,,,7.0,,1,,4.701298701298701,0,4.701298701298701,70,30,50,49
msg_139,node42,node0,317,36000,,,,,,,,1,1.0990712074303406,5.092672413793103,0,3.453621346886912,642,22,50,49
msg_140,node43,node0,317,36000,,,,,,,,1,1.0990712074303406,5.092672413793103,0,3.453621346886912,642,22,50,49
msg_141,node44,node0,317,36000,36007.0,7.0,,,,7.0,,1,,4.730769230769231,0,4.730769230769231,69,29,50,49
msg_142,node45,node0,317,36000,36007.0,7.0,,,,7.0,,1,,4.730769230769231,0,4.730769230769231,69,29,50,49
msg_143,node46,node0,317,36000,36007.0,7.0,,,,7.0,,1,,4.7875,0,4.7875,67,27,50,49
msg_144,node47,node0,317,36000,,,,,,,,1,1.0990712074303406,5.092672413793103,0,3.453621346886912,642,22,50,49
msg_145,node48,node0,317,36000,,,,,,,,1,1.0990712074303406,5.092672413793103,0,3.453621346886912,642,22,50,49
msg_146,node49,node0,317,36000,36009.0,9.0,,,,9.0,,1,,4.976470588235294,0,4.976470588235294,62,22,50,49
msg_147,node0,node3,315,42002,42002.0,0.0,,,,,5.068965517241379,3,2.0,,0,5.068965517241379,63,23,50,3
msg_148,node0,node6,315,42002,42003.0,1.0,,,,0.0,5.068965517241379,3,2.0,,0,5.011363636363637,64,24,50,3
msg_149,node0,node7,315,42002,42003.0,1.0,,,,0.5,5.068965517241379,3,2.0,,0,4.966292134831461,63,23,50,3
msg_150,node0,node13,316,42003,42003.0,0.0,,,,0.6666666666666666,5.068965517241379,2,3.0,,0,4.9222222222222225,65,25,50,2
msg_151,node0,node15,316,42003,42004.0,1.0,,,,0.5,5.068965517241379,2,3.0,,0,4.868131868131868,64,24,50,2
msg_152,node0,node20,316,42004,42004.0,0.0,,,,0.5,5.068965517241379,3,4.0,,0,4.868131868131868,64,24,50,3
msg_153,node0,node24,316,42004,42005.0,1.0,,,,0.5,5.068965517241379,3,4.0,,0,4.774193548387097,64,24,50,3
msg_154,node0,node25,316,42004,42005.0,1.0,,,,0.5714285714285714,5.068965517241379,3,4.0,,0,4.73404255319149,64,24,50,3
msg_155,node0,node27,316,42005,42005.0,0.0,,,,0.625,5.068965517241379,2,5.0,,0,4.6947368421052635,63,23,50,2
msg_156,node0,node35,316,42005,42006.0,1.0,,,,0.625,5.068965517241379,2,5.0,,0,4.6947368421052635,63,23,50,2
msg_157,node0,node40,317,42006,42006.0,0.0,,,,0.625,5.068965517241379,1,6.0,,0,4.6947368421052635,63,23,50,1
msg_158,node0,node41,317,42007,42007.0,0.0,,,,0.5454545454545454,5.068965517241379,3,7.0,,0,4.561224489795919,63,23,50,3
msg_159,node0,node45,317,42007,42008.0,1.0,,,,0.5,5.068965517241379,4,7.0,,0,4.515151515151516,63,23,50,4
msg_160,node0,node46,317,42007,42008.0,1.0,,,,0.5,5.068965517241379,4,7.0,,0,4.515151515151516,63,23,50,4
msg_161,node0,node10,317,42007,42009.0,2.0,,,,0.5714285714285714,5.068965517241379,4,8.0,,0,4.445544554455446,64,24,50,4
msg_162,node0,node31,317,42009,42010.0,1.0,,,,0.6666666666666666,5.068965517241379,3,9.0,,0,4.421568627450981,63,23,50,3
msg_163,node0,node32,317,42009,42010.0,1.0,,,,0.6875,5.068965517241379,3,9.0,,0,4.388349514563107,62,22,50,3
msg_164,node0,node49,317,42009,42011.0,2.0,,,,0.6875,5.068965517241379,3,9.0,,0,4.388349514563107,62,22,50,3
msg_165,node1,node0,315,48000,48001.0,1.0,,,,1.0,,1,0.7777777777777778,5.068965517241379,0,4.333333333333333,109,49,50,49
msg_166,node2,node0,315,48000,48001.0,1.0,,,,1.0,,1,0.7777777777777778,5.0227272727272725,0,4.30188679245283,108,48,50,49
msg_167,node3,node0,315,48000,48002.0,2.0,,,,2.0,0.0,1,0.7777777777777778,4.977528089887641,0,4.271028037383178,107,47,50,49
msg_168,node4,node0,315,48000,,,,,,,,1,1.0990712074303406,5.092672413793103,0,3.453621346886912,642,22,50,49
msg_169,node5,node0,315,48000,,,,,,,,1,1.0990712074303406,5.092672413793103,0,3.453621346886912,642,22,50,49
msg_170,node6,node0,315,48000,48002.0,2.0,,,,2.0,1.0,1,0.7777777777777778,4.977528089887641,0,4.271028037383178,107,47,50,49
msg_171,node7,node0,315,48000,48002.0,2.0,,,,2.0,1.0,1,0.7777777777777778,4.912087912087912,0,4.229357798165138,105,45,50,49
msg_172,node8,node0,315,48000,48002.0,2.0,,,,2.0,,1,0.7777777777777778,4.880434782608695,0,4.209090909090909,104,44,50,49
msg_173,node9,node0,315,48000,48003.0,3.0,,,,3.0,,1,0.7777777777777778,4.849462365591398,0,4.1891891891891895,103,43,50,49
msg_174,node10,node0,317,48000,48008.0,8.0,,,,8.0,2.0,1,0.7777777777777778,4.862385321100917,0,4.283464566929134,87,27,50,49
msg_175,node11,node0,317,48000,,,,,,,,1,1.0990712074303406,5.092672413793103,0,3.453621346886912,642,22,50,49
msg_176,node12,node0,317,48000,,,,,,,,1,1.0990712074303406,5.092672413793103,0,3.453621346886912,642,22,50,49
msg_177,node13,node0,317,48000,48003.0,3.0,,,,3.0,0.0,1,0.7777777777777778,4.849462365591398,0,4.1891891891891895,103,43,50,49
msg_178,node14,node0,317,48000,48008.0,8.0,,,,8.0,,1,0.7777777777777778,4.90990990990991,0,4.333333333333333,85,25,50,49
msg_179,node15,node0,317,48000,48003.0,3.0,,,,3.0,1.0,1,0.7777777777777778,4.810526315789474,0,4.168141592920354,101,41,50,49
msg_180,node16,node0,317,48000,,,,,,,,1,1.0990712074303406,5.092672413793103,0,3.453621346886912,642,22,50,49
msg_181,node17,node0,317,48000,48004.0,4.0,,,,4.0,,1,0.7777777777777778,4.791666666666667,0,4.157894736842105,100,40,50,49
msg_182,node18,node0,317,48000,,,,,,,,1,1.0990712074303406,5.092672413793103,0,3.453621346886912,642,22,50,49
msg_183,node19,node0,317,48000,,,,,,,,1,1.0990712074303406,5.092672413793103,0,3.453621346886912,642,22,50,49
msg_184,node20,node0,317,48000,48004.0,4.0,,,,4.0,0.0,1,0.7777777777777778,4.791666666666667,0,4.157894736842105,100,40,50,49
msg_185,node21,node0,317,48000,48008.0,8.0,,,,8.0,,1,0.7777777777777778,4.9375,0,4.361538461538461,84,24,50,49
msg_186,node22,node0,317,48000,,,,,,,,1,1.0990712074303406,5.092672413793103,0,3.453621346886912,642,22,50,49
msg_187,node23,node0,317,48000,,,,,,,,1,1.0990712074303406,5.092672413793103,0,3.453621346886912,642,22,50,49
msg_188,node24,node0,317,48000,48004.0,4.0,,,,4.0,1.0,1,0.7777777777777778,4.775510204081633,0,4.155172413793103,98,38,50,49
msg_189,node25,node0,317,48000,48004.0,4.0,,,,4.0,1.0,1,0.7777777777777778,4.767676767676767,0,4.153846153846154,97,37,50,49
msg_190,node26,node0,317,48000,,,,,,,,1,1.0990712074303406,5.092672413793103,0,3.453621346886912,642,22,50,49
msg_191,node27,node0,317,48000,48005.0,5.0,,,,5.0,0.0,1,0.7777777777777778,4.76,0,4.1525423728813555,96,36,50,49
msg_192,node28,node0,317,48000,,,,,,,,1,1.0990712074303406,5.092672413793103,0,3.453621346886912,642,22,50,49
msg_193,node29,node0,317,48000,,,,,,,,1,1.0990712074303406,5.092672413793103,0,3.453621346886912,642,22,50,49
msg_194,node30,node0,317,48000,,,,,,,,1,1.0990712074303406,5.092672413793103,0,3.453621346886912,642,22,50,49
msg_195,node31,node0,317,48000,48009.0,9.0,,,,9.0,1.0,1,0.7777777777777778,4.964601769911504,0,4.3893129770992365,83,23,50,49
msg_196,node32,node0,317,48000,48009.0,9.0,,,,9.0,1.0,1,0.7777777777777778,4.964601769911504,0,4.3893129770992365,83,23,50,49
msg_197,node33,node0,317,48000,48005.0,5.0,,,,5.0,,1,0.7777777777777778,4.762376237623762,0,4.159663865546219,95,35,50,49
msg_198,node34,node0,317,48000,,,,,,,,1,1.0990712074303406,5.092672413793103,0,3.453621346886912,642,22,50,49
msg_199,node35,node0,317,48000,48005.0,5.0,,,,5.0,1.0,1,0.7777777777777778,4.762376237623762,0,4.159663865546219,95,35,50,49
msg_200,node36,node0,317,48000,48006.0,6.0,,,,6.0,,1,0.7777777777777778,4.766990291262136,0,4.1735537190082646,93,33,50,49
msg_201,node37,node0,317,48000,48006.0,6.0,,,,6.0,,1,0.7777777777777778,4.778846153846154,0,4.188524590163935,92,32,50,49
msg_202,node38,node0,317,48000,,,,,,,,1,1.0990712074303406,5.092672413793103,0,3.453621346886912,642,22,50,49
msg_203,node39,node0,317,48000,,,,,,,,1,1.0990712074303406,5.092672413793103,0,3.453621346886912,642,22,50,49
msg_204,node40,node0,317,48000,48006.0,6.0,,,,6.0,0.0,1,0.7777777777777778,4.79047619047619,0,4.203252032520325,91,31,50,49
msg_205,node41,node0,317,48000,48007.0,7.0,,,,7.0,0.0,1,0.7777777777777778,4.79047619047619,0,4.203252032520325,91,31,50,49
msg_206,node42,node0,317,48000,,,,,,,,1,1.0990712074303406,5.092672413793103,0,3.453621346886912,642,22,50,49
msg_207,node43,node0,317,48000,,,,,,,,1,1.0990712074303406,5.092672413793103,0,3.453621346886912,642,22,50,49
msg_208,node44,node0,317,48000,48007.0,7.0,,,,7.0,,1,0.7777777777777778,4.822429906542056,0,4.24,89,29,50,49
msg_209,node45,node0,317,48000,48007.0,7.0,,,,7.0,1.0,1,0.7777777777777778,4.842592592592593,0,4.261904761904762,88,28,50,49
msg_210,node46,node0,317,48000,48007.0,7.0,,,,7.0,1.0,1,0.7777777777777778,4.862385321100917,0,4.283464566929134,87,27,50,49
msg_211,node47,node0,317,48000,,,,,,,,1,1.0990712074303406,5.092672413793103,0,3.453621346886912,642,22,50,49
msg_212,node48,node0,317,48000,,,,,,,,1,1.0990712074303406,5.092672413793103,0,3.453621346886912,642,22,50,49
msg_213,node49,node0,317,48000,48009.0,9.0,,,,9.0,2.0,1,0.7777777777777778,5.034782608695652,0,4.458646616541353,81,21,50,49
msg_214,node0,node1,316,54002,54002.0,0.0,,,,0.7777777777777778,5.068965517241379,6,1.0,,0,4.492537313432836,86,26,50,6
msg_215,node0,node2,316,54002,54003.0,1.0,,,,0.7368421052631579,5.068965517241379,6,1.0,,0,4.45925925925926,88,28,50,6
msg_216,node0,node3,316,54002,54003.0,1.0,,,,0.7368421052631579,5.068965517241379,6,2.0,0.0,0,4.45925925925926,88,28,50,6
msg_217,node0,node6,316,54002,54003.0,1.0,,,,0.7619047619047619,5.068965517241379,6,2.0,1.0,0,4.408759124087592,86,26,50,6
msg_218,node0,node7,316,54002,54003.0,1.0,,,,0.7727272727272727,5.068965517241379,6,2.0,1.0,0,4.384057971014493,85,25,50,6
msg_219,node0,node8,316,54002,54004.0,2.0,,,,0.782608695652174,5.068965517241379,6,2.0,,0,4.359712230215828,84,24,50,6
msg_220,node0,node9,316,54003,54004.0,1.0,,,,0.782608695652174,5.068965517241379,3,3.0,,0,4.359712230215828,84,24,50,3
msg_221,node0,node13,317,54003,54005.0,2.0,,,,0.84,5.068965517241379,3,3.0,0.0,0,4.319148936170213,87,27,50,3
msg_222,node0,node15,317,54003,54005.0,2.0,,,,0.8846153846153846,5.068965517241379,3,3.0,1.0,0,4.302816901408451,87,27,50,3
msg_223,node0,node17,317,54005,54005.0,0.0,,,,0.9259259259259259,5.068965517241379,5,4.0,,0,4.286713286713287,86,26,50,5
msg_224,node0,node20,317,54005,54006.0,1.0,,,,0.8928571428571429,5.068965517241379,5,4.0,0.0,0,4.256944444444445,85,25,50,5
msg_225,node0,node24,317,54005,54006.0,1.0,,,,0.8928571428571429,5.068965517241379,5,4.0,1.0,0,4.256944444444445,85,25,50,5
msg_226,node0,node27,317,54005,54006.0,1.0,,,,0.8928571428571429,5.068965517241379,5,5.0,0.0,0,4.256944444444445,85,25,50,5
msg_227,node0,node33,317,54005,54006.0,1.0,,,,0.9032258064516129,5.068965517241379,5,5.0,,0,4.190476190476191,82,22,50,5
msg_228,node0,node37,317,54006,54007.0,1.0,,,,0.90625,5.068965517241379,1,6.0,,0,4.168918918918919,81,21,50,1
msg_229,node0,node41,317,54008,54008.0,0.0,,,,0.9090909090909091,5.068965517241379,6,7.0,0.0,0,4.147651006711409,86,26,50,6
msg_230,node0,node44,317,54008,54009.0,1.0,,,,0.8823529411764706,5.068965517241379,6,7.0,,0,4.12,88,28,50,6
msg_231,node0,node45,317,54008,54009.0,1.0,,,,0.8823529411764706,5.068965517241379,6,7.0,1.0,0,4.12,88,28,50,6
msg_232,node0,node10,317,54008,54010.0,2.0,,,,0.8888888888888888,5.068965517241379,6,8.0,2.0,0,4.078947368421052,86,26,50,6
msg_233,node0,node14,317,54008,54010.0,2.0,,,,0.918918918918919,5.068965517241379,6,8.0,,0,4.065359477124183,85,25,50,6
msg_234,node0,node21,317,54008,54010.0,2.0,,,,0.9473684210526315,5.068965517241379,6,8.0,,0,4.0519480519480515,84,24,50,6
msg_235,node0,node31,317,54009,54011.0,2.0,,,,0.9473684210526315,5.068965517241379,3,9.0,1.0,0,4.0519480519480515,84,24,50,3
msg_236,node0,node32,317,54009,54012.0,3.0,,,,1.0,5.068965517241379,3,9.0,1.0,0,4.0256410256410255,82,22,50,3
msg_237,node0,node49,317,54009,54012.0,3.0,,,,1.048780487804878,5.068965517241379,3,9.0,2.0,0,4.019108280254777,81,21,50,3
msg_238,node1,node0,315,60000,60001.0,1.0,,,,1.0,0.0,1,1.0952380952380953,5.068965517241379,0,4.012658227848101,129,49,50,49
msg_239,node2,node0,315,60000,60001.0,1.0,,,,1.0,1.0,1,1.0952380952380953,5.034188034188034,0,3.993710691823899,128,48,50,49
msg_240,node3,node0,315,60000,60002.0,2.0,,,,2.0,0.5,1,1.0952380952380953,5.0,0,3.975,127,47,50,49
msg_241,node4,node0,315,60000,,,,,,,,1,1.0990712074303406,5.092672413793103,0,3.453621346886912,642,22,50,49
msg_242,node5,node0,315,60000,,,,,,,,1,1.0990712074303406,5.092672413793103,0,3.453621346886912,642,22,50,49
msg_243,node6,node0,315,60000,60002.0,2.0,,,,2.0,1.0,1,1.0952380952380953,5.0,0,3.975,127,47,50,49
msg_244,node7,node0,315,60000,60002.0,2.0,,,,2.0,1.0,1,1.0952380952380953,5.0,0,3.975,127,47,50,49
msg_245,node8,node0,315,60000,60002.0,2.0,,,,2.0,2.0,1,1.0952380952380953,4.925619834710743,0,3.938650306748466,124,44,50,49
msg_246,node9,node0,315,60000,60003.0,3.0,,,,3.0,1.0,1,1.0952380952380953,4.925619834710743,0,3.938650306748466,124,44,50,49
msg_247,node10,node0,317,60000,60008.0,8.0,,,,8.0,2.0,1,1.0952380952380953,4.905797101449275,0,4.016666666666667,107,27,50,49
msg_248,node11,node0,317,60000,,,,,,,,1,1.0990712074303406,5.092672413793103,0,3.453621346886912,642,22,50,49
msg_249,node12,node0,317,60000,,,,,,,,1,1.0990712074303406,5.092672413793103,0,3.453621346886912,642,22,50,49
msg_250,node13,node0,317,60000,60003.0,3.0,,,,3.0,1.0,1,1.0952380952380953,4.8861788617886175,0,3.9212121212121214,122,42,50,49
msg_251,node14,node0,317,60000,60008.0,8.0,,,,8.0,2.0,1,1.0952380952380953,4.942857142857143,0,4.054945054945055,105,25,50,49
msg_252,node15,node0,317,60000,60003.0,3.0,,,,3.0,1.5,1,1.0952380952380953,4.870967741935484,0,3.9156626506024095,121,41,50,49
msg_253,node16,node0,317,60000,,,,,,,,1,1.0990712074303406,5.092672413793103,0,3.453621346886912,642,22,50,49
msg_254,node17,node0,317,60000,60004.0,4.0,,,,4.0,0.0,1,1.0952380952380953,4.856,0,3.910179640718563,120,40,50,49
msg_255,node18,node0,317,60000,,,,,,,,1,1.0990712074303406,5.092672413793103,0,3.453621346886912,642,22,50,49
msg_256,node19,node0,317,60000,,,,,,,,1,1.0990712074303406,5.092672413793103,0,3.453621346886912,642,22,50,49
msg_257,node20,node0,317,60000,60004.0,4.0,,,,4.0,0.5,1,1.0952380952380953,4.856,0,3.910179640718563,120,40,50,49
msg_258,node21,node0,317,60000,60008.0,8.0,,,,8.0,2.0,1,1.0952380952380953,4.964539007092198,0,4.076502732240437,104,24,50,49
msg_259,node22,node0,317,60000,,,,,,,,1,1.0990712074303406,5.092672413793103,0,3.453621346886912,642,22,50,49
msg_260,node23,node0,317,60000,,,,,,,,1,1.0990712074303406,5.092672413793103,0,3.453621346886912,642,22,50,49
msg_261,node24,node0,317,60000,60004.0,4.0,,,,4.0,1.0,1,1.0952380952380953,4.84251968503937,0,3.911242603550296,118,38,50,49
msg_262,node25,node0,317,60000,60004.0,4.0,,,,4.0,1.0,1,1.0952380952380953,4.8359375,0,3.911764705882353,117,37,50,49
msg_263,node26,node0,317,60000,,,,,,,,1,1.0990712074303406,5.092672413793103,0,3.453621346886912,642,22,50,49
msg_264,node27,node0,317,60000,60005.0,5.0,,,,5.0,0.5,1,1.0952380952380953,4.8359375,0,3.911764705882353,117,37,50,49
msg_265,node28,node0,317,60000,,,,,,,,1,1.0990712074303406,5.092672413793103,0,3.453621346886912,642,22,50,49
msg_266,node29,node0,317,60000,,,,,,,,1,1.0990712074303406,5.092672413793103,0,3.453621346886912,642,22,50,49
msg_267,node30,node0,317,60000,,,,,,,,1,1.0990712074303406,5.092672413793103,0,3.453621346886912,642,22,50,49
msg_268,node31,node0,317,60000,60009.0,9.0,,,,9.0,1.5,1,1.0952380952380953,4.985915492957746,0,4.0978260869565215,103,23,50,49
msg_269,node32,node0,317,60000,60009.0,9.0,,,,9.0,2.0,1,1.0952380952380953,4.985915492957746,0,4.0978260869565215,103,23,50,49
msg_270,node33,node0,317,60000,60005.0,5.0,,,,5.0,1.0,1,1.0952380952380953,4.8307692307692305,0,3.9186046511627906,115,35,50,49
msg_271,node34,node0,317,60000,,,,,,,,1,1.0990712074303406,5.092672413793103,0,3.453621346886912,642,22,50,49
msg_272,node35,node0,317,60000,60005.0,5.0,,,,5.0,1.0,1,1.0952380952380953,4.8320610687022905,0,3.9248554913294798,114,34,50,49
msg_273,node36,node0,317,60000,60006.0,6.0,,,,6.0,,1,1.0952380952380953,4.833333333333333,0,3.9310344827586206,113,33,50,49
msg_274,node37,node0,317,60000,60006.0,6.0,,,,6.0,1.0,1,1.0952380952380953,4.833333333333333,0,3.9310344827586206,113,33,50,49
msg_275,node38,node0,317,60000,,,,,,,,1,1.0990712074303406,5.092672413793103,0,3.453621346886912,642,22,50,49
msg_276,node39,node0,317,60000,,,,,,,,1,1.0990712074303406,5.092672413793103,0,3.453621346886912,642,22,50,49
msg_277,node40,node0,317,60000,60006.0,6.0,,,,6.0,0.0,1,1.0952380952380953,4.850746268656716,0,3.9545454545454546,111,31,50,49
msg_278,node41,node0,317,60000,60007.0,7.0,,,,7.0,0.0,1,1.0952380952380953,4.859259259259259,0,3.9661016949152543,110,30,50,49
msg_279,node42,node0,317,60000,,,,,,,,1,1.0990712074303406,5.092672413793103,0,3.453621346886912,642,22,50,49
msg_280,node43,node0,317,60000,,,,,,,,1,1.0990712074303406,5.092672413793103,0,3.453621346886912,642,22,50,49
msg_281,node44,node0,317,60000,60007.0,7.0,,,,7.0,1.0,1,1.0952380952380953,4.859259259259259,0,3.9661016949152543,110,30,50,49
msg_282,node45,node0,317,60000,60007.0,7.0,,,,7.0,1.0,1,1.0952380952380953,4.890510948905109,0,4.0,108,28,50,49
msg_283,node46,node0,317,60000,60007.0,7.0,,,,7.0,1.0,1,1.0952380952380953,4.905797101449275,0,4.016666666666667,107,27,50,49
msg_284,node47,node0,317,60000,,,,,,,,1,1.0990712074303406,5.092672413793103,0,3.453621346886912,642,22,50,49
msg_285,node48,node0,317,60000,,,,,,,,1,1.0990712074303406,5.092672413793103,0,3.453621346886912,642,22,50,49
msg_286,node49,node0,317,60000,60009.0,9.0,,,,9.0,2.5,1,1.0952380952380953,5.041666666666667,0,4.150537634408602,101,21,50,49
msg_287,node0,node1,316,66001,66001.0,0.0,,,,1.0952380952380953,5.068965517241379,2,1.0,0.0,0,4.176470588235294,102,22,50,2
msg_288,node0,node2,316,66001,66002.0,1.0,,,,1.0952380952380953,5.068965517241379,2,1.0,1.0,0,4.176470588235294,102,22,50,2
msg_289,node0,node3,316,66003,66004.0,1.0,,,,1.0681818181818181,5.068965517241379,9,2.0,0.5,0,4.137566137566138,109,29,50,9
msg_290,node0,node6,316,66003,66005.0,2.0,,,,1.0666666666666667,5.068965517241379,9,2.0,1.0,0,4.121052631578947,111,31,50,9
msg_291,node0,node7,316,66003,66005.0,2.0,,,,1.0869565217391304,5.068965517241379,9,2.0,1.0,0,4.109947643979058,113,33,50,9
msg_292,node0,node8,316,66003,66005.0,2.0,,,,1.1063829787234043,5.068965517241379,9,2.0,2.0,0,4.098958333333333,112,32,50,9
msg_293,node0,node9,316,66003,66006.0,3.0,,,,1.125,5.068965517241379,9,3.0,1.0,0,4.0880829015544045,111,31,50,9
msg_294,node0,node13,317,66003,66006.0,3.0,,,,1.125,5.068965517241379,9,3.0,1.0,0,4.0880829015544045,111,31,50,9
msg_295,node0,node17,317,66003,66006.0,3.0,,,,1.125,5.068965517241379,9,4.0,0.0,0,4.0880829015544045,111,31,50,9
msg_296,node0,node24,317,66003,66006.0,3.0,,,,1.2352941176470589,5.068965517241379,9,4.0,1.0,0,4.071428571428571,108,28,50,9
msg_297,node0,node25,317,66003,66007.0,4.0,,,,1.2692307692307692,5.068965517241379,9,4.0,1.0,0,4.065989847715736,110,30,50,9
msg_298,node0,node27,317,66005,66007.0,2.0,,,,1.2692307692307692,5.068965517241379,3,5.0,0.5,0,4.065989847715736,110,30,50,3
msg_299,node0,node33,317,66005,66008.0,3.0,,,,1.2692307692307692,5.068965517241379,3,5.0,1.0,0,4.065989847715736,110,30,50,3
msg_300,node0,node35,317,66005,66008.0,3.0,,,,1.2692307692307692,5.068965517241379,3,5.0,1.0,0,4.065989847715736,110,30,50,3
msg_301,node0,node36,317,66006,66008.0,2.0,,,,1.3928571428571428,5.068965517241379,3,6.0,,0,4.044776119402985,106,26,50,3
msg_302,node0,node37,317,66006,66009.0,3.0,,,,1.4035087719298245,5.068965517241379,3,6.0,1.0,0,4.034653465346534,105,25,50,3
msg_303,node0,node40,317,66006,66009.0,3.0,,,,1.4035087719298245,5.068965517241379,3,6.0,0.0,0,4.034653465346534,105,25,50,3
msg_304,node0,node41,317,66007,66009.0,2.0,,,,1.4576271186440677,5.068965517241379,3,7.0,0.0,0,4.0245098039215685,108,28,50,3
msg_305,node0,node44,317,66007,66009.0,2.0,,,,1.4666666666666666,5.068965517241379,3,7.0,1.0,0,4.014634146341463,107,27,50,3
msg_306,node0,node45,317,66007,66010.0,3.0,,,,1.4754098360655739,5.068965517241379,3,7.0,1.0,0,4.004854368932039,106,26,50,3
msg_307,node0,node10,317,66009,66011.0,2.0,,,,1.4754098360655739,5.068965517241379,5,8.0,2.0,0,4.004854368932039,106,26,50,5
msg_308,node0,node14,317,66009,66011.0,2.0,,,,1.507936507936508,5.068965517241379,5,8.0,2.0,0,3.9903846153846154,104,24,50,5
msg_309,node0,node21,317,66009,66012.0,3.0,,,,1.515625,5.068965517241379,5,8.0,2.0,0,3.9808612440191387,103,23,50,5
msg_310,node0,node31,317,66009,66012.0,3.0,,,,1.5384615384615385,5.068965517241379,5,9.0,1.5,0,3.9761904761904763,102,22,50,5
msg_311,node0,node49,317,66009,66012.0,3.0,,,,1.5606060606060606,5.068965517241379,5,9.0,2.5,0,3.971563981042654,101,21,50,5
msg_312,node1,node0,315,72000,72001.0,1.0,,,,1.0,0.0,1,1.5820895522388059,5.068965517241379,0,3.9669811320754715,149,49,50,49
msg_313,node2,node0,315,72000,72001.0,1.0,,,,1.0,1.0,1,1.5820895522388059,5.041095890410959,0,3.9530516431924885,148,48,50,49
msg_314,node3,node0,315,72000,72002.0,2.0,,,,2.0,0.6666666666666666,1,1.5820895522388059,5.01360544217687,0,3.939252336448598,147,47,50,49
msg_315,node4,node0,315,72000,,,,,,,,1,1.0990712074303406,5.092672413793103,0,3.453621346886912,642,22,50,49
msg_316,node5,node0,315,72000,,,,,,,,1,1.0990712074303406,5.092672413793103,0,3.453621346886912,642,22,50,49
msg_317,node6,node0,315,72000,72002.0,2.0,,,,2.0,1.3333333333333333,1,1.5820895522388059,4.993243243243243,0,3.9302325581395348,146,46,50,49
msg_318,node7,node0,315,72000,72002.0,2.0,,,,2.0,1.3333333333333333,1,1.5820895522388059,4.993243243243243,0,3.9302325581395348,146,46,50,49
msg_319,node8,node0,315,72000,72002.0,2.0,,,,2.0,2.0,1,1.5820895522388059,4.953333333333333,0,3.912442396313364,144,44,50,49
msg_320,node9,node0,315,72000,72003.0,3.0,,,,3.0,2.0,1,1.5820895522388059,4.933774834437086,0,3.903669724770642,143,43,50,49
msg_321,node10,node0,317,72000,72008.0,8.0,,,,8.0,2.0,1,1.5820895522388059,4.934131736526946,0,3.9743589743589745,127,27,50,49
msg_322,node11,node0,317,72000,,,,,,,,1,1.0990712074303406,5.092672413793103,0,3.453621346886912,642,22,50,49
msg_323,node12,node0,317,72000,,,,,,,,1,1.0990712074303406,5.092672413793103,0,3.453621346886912,642,22,50,49
msg_324,node13,node0,317,72000,72003.0,3.0,,,,3.0,1.6666666666666667,1,1.5820895522388059,4.933774834437086,0,3.903669724770642,143,43,50,49
msg_325,node14,node0,317,72000,72008.0,8.0,,,,8.0,2.0,1,1.5820895522388059,4.964497041420119,0,4.004237288135593,125,25,50,49
msg_326,node15,node0,317,72000,72003.0,3.0,,,,3.0,1.5,1,1.5820895522388059,4.908496732026144,0,3.8954545454545455,141,41,50,49
msg_327,node16,node0,317,72000,,,,,,,,1,1.0990712074303406,5.092672413793103,0,3.453621346886912,642,22,50,49
msg_328,node17,node0,317,72000,72004.0,4.0,,,,4.0,1.5,1,1.5820895522388059,4.896103896103896,0,3.8914027149321266,140,40,50,49
msg_329,node18,node0,317,72000,,,,,,,,1,1.0990712074303406,5.092672413793103,0,3.453621346886912,642,22,50,49
msg_330,node19,node0,317,72000,,,,,,,,1,1.0990712074303406,5.092672413793103,0,3.453621346886912,642,22,50,49
msg_331,node20,node0,317,72000,72004.0,4.0,,,,4.0,0.5,1,1.5820895522388059,4.896103896103896,0,3.8914027149321266,140,40,50,49
msg_332,node21,node0,317,72000,72008.0,8.0,,,,8.0,2.5,1,1.5820895522388059,4.982352941176471,0,4.0210970464135025,124,24,50,49
msg_333,node22,node0,317,72000,,,,,,,,1,1.0990712074303406,5.092672413793103,0,3.453621346886912,642,22,50,49
msg_334,node23,node0,317,72000,,,,,,,,1,1.0990712074303406,5.092672413793103,0,3.453621346886912,642,22,50,49
msg_335,node24,node0,317,72000,72004.0,4.0,,,,4.0,1.6666666666666667,1,1.5820895522388059,4.884615384615385,0,3.89237668161435,138,38,50,49
msg_336,node25,node0,317,72000,72004.0,4.0,,,,4.0,2.5,1,1.5820895522388059,4.8789808917197455,0,3.892857142857143,137,37,50,49
msg_337,node26,node0,317,72000,,,,,,,,1,1.0990712074303406,5.092672413793103,0,3.453621346886912,642,22,50,49
msg_338,node27,node0,317,72000,72005.0,5.0,,,,5.0,1.0,1,1.5820895522388059,4.8734177215189876,0,3.8933333333333335,136,36,50,49
msg_339,node28,node0,317,72000,,,,,,,,1,1.0990712074303406,5.092672413793103,0,3.453621346886912,642,22,50,49
msg_340,node29,node0,317,72000,,,,,,,,1,1.0990712074303406,5.092672413793103,0,3.453621346886912,642,22,50,49
msg_341,node30,node0,317,72000,,,,,,,,1,1.0990712074303406,5.092672413793103,0,3.453621346886912,642,22,50,49
msg_342,node31,node0,317,72000,72009.0,9.0,,,,9.0,2.0,1,1.5820895522388059,4.982352941176471,0,4.0210970464135025,124,24,50,49
msg_343,node32,node0,317,72000,72009.0,9.0,,,,9.0,2.0,1,1.5820895522388059,4.982352941176471,0,4.0210970464135025,124,24,50,49
msg_344,node33,node0,317,72000,72005.0,5.0,,,,5.0,2.0,1,1.5820895522388059,4.8734177215189876,0,3.8933333333333335,136,36,50,49
msg_345,node34,node0,317,72000,,,,,,,,1,1.0990712074303406,5.092672413793103,0,3.453621346886912,642,22,50,49
msg_346,node35,node0,317,72000,72005.0,5.0,,,,5.0,2.0,1,1.5820895522388059,4.875,0,3.9030837004405288,134,34,50,49
msg_347,node36,node0,317,72000,72006.0,6.0,,,,6.0,2.0,1,1.5820895522388059,4.875776397515528,0,3.9078947368421053,133,33,50,49
msg_348,node37,node0,317,72000,72006.0,6.0,,,,6.0,2.0,1,1.5820895522388059,4.875776397515528,0,3.9078947368421053,133,33,50,49
msg_349,node38,node0,317,72000,,,,,,,,1,1.0990712074303406,5.092672413793103,0,3.453621346886912,642,22,50,49
msg_350,node39,node0,317,72000,,,,,,,,1,1.0990712074303406,5.092672413793103,0,3.453621346886912,642,22,50,49
msg_351,node40,node0,317,72000,72006.0,6.0,,,,6.0,1.5,1,1.5820895522388059,4.875776397515528,0,3.9078947368421053,133,33,50,49
msg_352,node41,node0,317,72000,72007.0,7.0,,,,7.0,0.6666666666666666,1,1.5820895522388059,4.896341463414634,0,3.935064935064935,130,30,50,49
msg_353,node42,node0,317,72000,,,,,,,,1,1.0990712074303406,5.092672413793103,0,3.453621346886912,642,22,50,49
msg_354,node43,node0,317,72000,,,,,,,,1,1.0990712074303406,5.092672413793103,0,3.453621346886912,642,22,50,49
msg_355,node44,node0,317,72000,72007.0,7.0,,,,7.0,1.5,1,1.5820895522388059,4.909090909090909,0,3.9482758620689653,129,29,50,49
msg_356,node45,node0,317,72000,72007.0,7.0,,,,7.0,1.6666666666666667,1,1.5820895522388059,4.909090909090909,0,3.9482758620689653,129,29,50,49
msg_357,node46,node0,317,72000,72007.0,7.0,,,,7.0,1.0,1,1.5820895522388059,4.934131736526946,0,3.9743589743589745,127,27,50,49
msg_358,node47,node0,317,72000,,,,,,,,1,1.0990712074303406,5.092672413793103,0,3.453621346886912,642,22,50,49
msg_359,node48,node0,317,72000,,,,,,,,1,1.0990712074303406,5.092672413793103,0,3.453621346886912,642,22,50,49
msg_360,node49,node0,317,72000,72009.0,9.0,,,,9.0,2.6666666666666665,1,1.5820895522388059,5.046242774566474,0,4.079166666666667,121,21,50,49
msg_361,node0,node1,316,78001,78001.0,0.0,,,,1.5820895522388059,5.068965517241379,2,1.0,0.0,0,4.0995850622406635,122,22,50,2
msg_362,node0,node2,316,78001,78002.0,1.0,,,,1.5820895522388059,5.068965517241379,2,1.0,1.0,0,4.0995850622406635,122,22,50,2
msg_363,node0,node6,316,78003,78004.0,1.0,,,,1.5507246376811594,5.068965517241379,9,2.0,1.3333333333333333,0,4.0699588477366255,129,29,50,9
msg_364,node0,node7,316,78003,78005.0,2.0,,,,1.542857142857143,5.068965517241379,9,2.0,1.3333333333333333,0,4.057377049180328,131,31,50,9
msg_365,node0,node8,316,78003,78005.0,2.0,,,,1.542857142857143,5.068965517241379,9,2.0,2.0,0,4.057377049180328,131,31,50,9
msg_366,node0,node9,316,78003,78005.0,2.0,,,,1.5555555555555556,5.068965517241379,9,3.0,2.0,0,4.040650406504065,129,29,50,9
msg_367,node0,node13,317,78003,78006.0,3.0,,,,1.5616438356164384,5.068965517241379,9,3.0,1.6666666666666667,0,4.032388663967612,131,31,50,9
msg_368,node0,node15,317,78003,78006.0,3.0,,,,1.5616438356164384,5.068965517241379,9,3.0,1.5,0,4.032388663967612,131,31,50,9
msg_369,node0,node20,317,78003,78006.0,3.0,,,,1.5616438356164384,5.068965517241379,9,4.0,0.5,0,4.032388663967612,131,31,50,9
msg_370,node0,node24,317,78003,78006.0,3.0,,,,1.618421052631579,5.068965517241379,9,4.0,1.6666666666666667,0,4.02,128,28,50,9
msg_371,node0,node25,317,78003,78007.0,4.0,,,,1.6363636363636365,5.068965517241379,9,4.0,2.5,0,4.01593625498008,129,29,50,9
msg_372,node0,node27,317,78005,78007.0,2.0,,,,1.6666666666666667,5.068965517241379,3,5.0,1.0,0,4.015873015873016,128,28,50,3
msg_373,node0,node33,317,78005,78008.0,3.0,,,,1.6666666666666667,5.068965517241379,3,5.0,2.0,0,4.015873015873016,128,28,50,3
msg_374,node0,node35,317,78005,78008.0,3.0,,,,1.6666666666666667,5.068965517241379,3,5.0,2.0,0,4.015873015873016,128,28,50,3
msg_375,node0,node36,317,78006,78008.0,2.0,,,,1.7037037037037037,5.068965517241379,3,6.0,2.0,0,4.0,125,25,50,3
msg_376,node0,node37,317,78006,78009.0,3.0,,,,1.7073170731707317,5.068965517241379,3,6.0,2.0,0,3.9921875,124,24,50,3
msg_377,node0,node40,317,78006,78009.0,3.0,,,,1.7073170731707317,5.068965517241379,3,6.0,1.5,0,3.9921875,124,24,50,3
msg_378,node0,node44,317,78007,78009.0,2.0,,,,1.7380952380952381,5.068965517241379,2,7.0,1.5,0,3.9844961240310077,126,26,50,2
msg_379,node0,node45,317,78007,78009.0,2.0,,,,1.7411764705882353,5.068965517241379,2,7.0,1.6666666666666667,0,3.976833976833977,125,25,50,2
msg_380,node0,node14,317,78009,78011.0,2.0,,,,1.744186046511628,5.068965517241379,4,8.0,2.0,0,3.9692307692307693,124,24,50,4
msg_381,node0,node21,317,78009,78011.0,2.0,,,,1.7471264367816093,5.068965517241379,4,8.0,2.5,0,3.9616858237547894,123,23,50,4
msg_382,node0,node32,317,78009,78011.0,2.0,,,,1.75,5.068965517241379,4,9.0,2.0,0,3.954198473282443,122,22,50,4
msg_383,node0,node49,317,78009,78012.0,3.0,,,,1.752808988764045,5.068965517241379,4,9.0,2.6666666666666665,0,3.946768060836502,121,21,50,4
msg_384,node1,node0,315,84000,84001.0,1.0,,,,1.0,0.0,1,1.7666666666666666,5.068965517241379,0,3.9431818181818183,169,49,50,49
msg_385,node2,node0,315,84000,84001.0,1.0,,,,1.0,1.0,1,1.7666666666666666,5.068965517241379,0,3.9431818181818183,169,49,50,49
msg_386,node3,node0,315,84000,84002.0,2.0,,,,2.0,0.6666666666666666,1,1.7666666666666666,5.0227272727272725,0,3.9210526315789473,167,47,50,49
msg_387,node4,node0,315,84000,,,,,,,,1,1.0990712074303406,5.092672413793103,0,3.453621346886912,642,22,50,49
msg_388,node5,node0,315,84000,,,,,,,,1,1.0990712074303406,5.092672413793103,0,3.453621346886912,642,22,50,49
msg_389,node6,node0,315,84000,84002.0,2.0,,,,2.0,1.25,1,1.7666666666666666,5.005649717514125,0,3.9138576779026217,166,46,50,49
msg_390,node7,node0,315,84000,84002.0,2.0,,,,2.0,1.5,1,1.7666666666666666,4.98876404494382,0,3.906716417910448,165,45,50,49
msg_391,node8,node0,315,84000,84002.0,2.0,,,,2.0,2.0,1,1.7666666666666666,4.972067039106145,0,3.899628252788104,164,44,50,49
msg_392,node9,node0,315,84000,84003.0,3.0,,,,3.0,2.0,1,1.7666666666666666,4.972067039106145,0,3.899628252788104,164,44,50,49
msg_393,node10,node0,317,84000,84008.0,8.0,,,,8.0,2.0,1,1.7666666666666666,4.964467005076142,0,3.961672473867596,146,26,50,49
msg_394,node11,node0,317,84000,,,,,,,,1,1.0990712074303406,5.092672413793103,0,3.453621346886912,642,22,50,49
msg_395,node12,node0,317,84000,,,,,,,,1,1.0990712074303406,5.092672413793103,0,3.453621346886912,642,22,50,49
msg_396,node13,node0,317,84000,84003.0,3.0,,,,3.0,2.0,1,1.7666666666666666,4.972067039106145,0,3.899628252788104,164,44,50,49
msg_397,node14,node0,317,84000,84008.0,8.0,,,,8.0,2.0,1,1.7666666666666666,4.97979797979798,0,3.9756944444444446,145,25,50,49
msg_398,node15,node0,317,84000,84003.0,3.0,,,,3.0,2.0,1,1.7666666666666666,4.972067039106145,0,3.899628252788104,164,44,50,49
msg_399,node16,node0,317,84000,,,,,,,,1,1.0990712074303406,5.092672413793103,0,3.453621346886912,642,22,50,49
msg_400,node17,node0,317,84000,84004.0,4.0,,,,4.0,1.5,1,1.7666666666666666,4.923497267759563,0,3.8827838827838828,160,40,50,49
msg_401,node18,node0,317,84000,,,,,,,,1,1.0990712074303406,5.092672413793103,0,3.453621346886912,642,22,50,49
msg_402,node19,node0,317,84000,,,,,,,,1,1.0990712074303406,5.092672413793103,0,3.453621346886912,642,22,50,49
msg_403,node20,node0,317,84000,84004.0,4.0,,,,4.0,1.3333333333333333,1,1.7666666666666666,4.918478260869565,0,3.883211678832117,159,39,50,49
msg_404,node21,node0,317,84000,84008.0,8.0,,,,8.0,2.3333333333333335,1,1.7666666666666666,4.97979797979798,0,3.9756944444444446,145,25,50,49
msg_405,node22,node0,317,84000,,,,,,,,1,1.0990712074303406,5.092672413793103,0,3.453621346886912,642,22,50,49
msg_406,node23,node0,317,84000,,,,,,,,1,1.0990712074303406,5.092672413793103,0,3.453621346886912,642,22,50,49
msg_407,node24,node0,317,84000,84004.0,4.0,,,,4.0,2.0,1,1.7666666666666666,4.9135135135135135,0,3.8836363636363638,158,38,50,49
msg_408,node25,node0,317,84000,84004.0,4.0,,,,4.0,3.0,1,1.7666666666666666,4.908602150537634,0,3.8840579710144927,157,37,50,49
msg_409,node26,node0,317,84000,,,,,,,,1,1.0990712074303406,5.092672413793103,0,3.453621346886912,642,22,50,49
msg_410,node27,node0,317,84000,84005.0,5.0,,,,5.0,1.25,1,1.7666666666666666,4.908602150537634,0,3.8840579710144927,157,37,50,49
msg_411,node28,node0,317,84000,,,,,,,,1,1.0990712074303406,5.092672413793103,0,3.453621346886912,642,22,50,49
msg_412,node29,node0,317,84000,,,,,,,,1,1.0990712074303406,5.092672413793103,0,3.453621346886912,642,22,50,49
msg_413,node30,node0,317,84000,,,,,,,,1,1.0990712074303406,5.092672413793103,0,3.453621346886912,642,22,50,49
msg_414,node31,node0,317,84000,84009.0,9.0,,,,9.0,2.0,1,1.7666666666666666,5.01,0,4.003448275862069,143,23,50,49
msg_415,node32,node0,317,84000,84009.0,9.0,,,,9.0,2.0,1,1.7666666666666666,5.029850746268656,0,4.020618556701031,142,22,50,49
msg_416,node33,node0,317,84000,84005.0,5.0,,,,5.0,2.3333333333333335,1,1.7666666666666666,4.908602150537634,0,3.8840579710144927,157,37,50,49
msg_417,node34,node0,317,84000,,,,,,,,1,1.0990712074303406,5.092672413793103,0,3.453621346886912,642,22,50,49
msg_418,node35,node0,317,84000,84005.0,5.0,,,,5.0,2.3333333333333335,1,1.7666666666666666,4.908602150537634,0,3.8840579710144927,157,37,50,49
msg_419,node36,node0,317,84000,84006.0,6.0,,,,6.0,2.0,1,1.7666666666666666,4.905263157894737,0,3.8964285714285714,153,33,50,49
msg_420,node37,node0,317,84000,84006.0,6.0,,,,6.0,2.3333333333333335,1,1.7666666666666666,4.9109947643979055,0,3.903914590747331,152,32,50,49
msg_421,node38,node0,317,84000,,,,,,,,1,1.0990712074303406,5.092672413793103,0,3.453621346886912,642,22,50,49
msg_422,node39,node0,317,84000,,,,,,,,1,1.0990712074303406,5.092672413793103,0,3.453621346886912,642,22,50,49
msg_423,node40,node0,317,84000,84006.0,6.0,,,,6.0,2.0,1,1.7666666666666666,4.916666666666667,0,3.9113475177304964,151,31,50,49
msg_424,node41,node0,317,84000,84007.0,7.0,,,,7.0,0.6666666666666666,1,1.7666666666666666,4.916666666666667,0,3.9113475177304964,151,31,50,49
msg_425,node42,node0,317,84000,,,,,,,,1,1.0990712074303406,5.092672413793103,0,3.453621346886912,642,22,50,49
msg_426,node43,node0,317,84000,,,,,,,,1,1.0990712074303406,5.092672413793103,0,3.453621346886912,642,22,50,49
msg_427,node44,node0,317,84000,84007.0,7.0,,,,7.0,1.6666666666666667,1,1.7666666666666666,4.916666666666667,0,3.9113475177304964,151,31,50,49
msg_428,node45,node0,317,84000,84007.0,7.0,,,,7.0,1.75,1,1.7666666666666666,4.916666666666667,0,3.9113475177304964,151,31,50,49
msg_429,node46,node0,317,84000,84007.0,7.0,,,,7.0,1.0,1,1.7666666666666666,4.954081632653061,0,3.9510489510489513,147,27,50,49
msg_430,node47,node0,317,84000,,,,,,,,1,1.0990712074303406,5.092672413793103,0,3.453621346886912,642,22,50,49
msg_431,node48,node0,317,84000,,,,,,,,1,1.0990712074303406,5.092672413793103,0,3.453621346886912,642,22,50,49
msg_432,node49,node0,317,84000,84009.0,9.0,,,,9.0,2.75,1,1.7666666666666666,5.0495049504950495,0,4.037671232876712,141,21,50,49
msg_433,node0,node1,316,90001,90001.0,0.0,,,,1.7666666666666666,5.068965517241379,1,1.0,0.0,0,4.054607508532423,141,21,50,1
msg_434,node0,node6,316,90003,90004.0,1.0,,,,1.7472527472527473,5.068965517241379,8,2.0,1.25,0,4.040816326530612,148,28,50,8
msg_435,node0,node7,316,90003,90005.0,2.0,,,,1.7391304347826086,5.068965517241379,8,2.0,1.5,0,4.030508474576271,150,30,50,8
msg_436,node0,node8,316,90003,90005.0,2.0,,,,1.7419354838709677,5.068965517241379,8,2.0,2.0,0,4.023648648648648,150,30,50,8
msg_437,node0,node13,317,90003,90005.0,2.0,,,,1.7446808510638299,5.068965517241379,8,3.0,2.0,0,4.016835016835016,149,29,50,8
msg_438,node0,node15,317,90003,90006.0,3.0,,,,1.7473684210526317,5.068965517241379,8,3.0,2.0,0,4.010067114093959,148,28,50,8
msg_439,node0,node17,317,90003,90006.0,3.0,,,,1.7604166666666667,5.068965517241379,8,4.0,1.5,0,4.006688963210703,151,31,50,8
msg_440,node0,node20,317,90003,90006.0,3.0,,,,1.7731958762886597,5.068965517241379,8,4.0,1.3333333333333333,0,4.003333333333333,150,30,50,8
msg_441,node0,node25,317,90003,90006.0,3.0,,,,1.7857142857142858,5.068965517241379,8,4.0,3.0,0,4.0,149,29,50,8
msg_442,node0,node27,317,90005,90007.0,2.0,,,,1.797979797979798,5.068965517241379,3,5.0,1.25,0,3.9966887417218544,148,28,50,3
msg_443,node0,node33,318,90005,90007.0,2.0,,,,1.797979797979798,5.068965517241379,3,5.0,2.3333333333333335,0,3.9966887417218544,148,28,50,3
msg_444,node0,node35,318,90005,90007.0,2.0,,,,1.797979797979798,5.068965517241379,3,5.0,2.3333333333333335,0,3.9966887417218544,148,28,50,3
msg_445,node0,node36,318,90006,90008.0,2.0,,,,1.803921568627451,5.068965517241379,1,6.0,2.0,0,3.9770491803278687,145,25,50,1
msg_446,node0,node41,318,90007,90008.0,1.0,,,,1.8058252427184467,5.068965517241379,4,7.0,0.6666666666666666,0,3.9705882352941178,144,24,50,4
msg_447,node0,node44,318,90007,90009.0,2.0,,,,1.7980769230769231,5.068965517241379,4,7.0,1.6666666666666667,0,3.960912052117264,143,23,50,4
msg_448,node0,node45,318,90007,90009.0,2.0,,,,1.7980769230769231,5.068965517241379,4,7.0,1.75,0,3.960912052117264,143,23,50,4
msg_449,node0,node46,318,90007,90009.0,2.0,,,,1.7980769230769231,5.068965517241379,4,7.0,1.0,0,3.960912052117264,143,23,50,4
msg_450,node0,node10,318,90009,90011.0,2.0,,,,1.8037383177570094,5.068965517241379,4,8.0,2.0,0,3.9419354838709677,144,24,50,4
msg_451,node0,node14,318,90009,90011.0,2.0,,,,1.8037383177570094,5.068965517241379,4,8.0,2.0,0,3.9419354838709677,144,24,50,4
msg_452,node0,node31,318,90009,90012.0,3.0,,,,1.8037383177570094,5.068965517241379,4,9.0,2.0,0,3.9419354838709677,144,24,50,4
msg_453,node0,node49,318,90009,90012.0,3.0,,,,1.8181818181818181,5.068965517241379,4,9.0,2.75,0,3.926517571884984,141,21,50,4
msg_454,node1,node0,315,96000,96001.0,1.0,,,,1.0,0.0,1,1.8288288288288288,5.068965517241379,0,3.9235668789808917,189,49,50,49
msg_455,node2,node0,315,96000,96001.0,1.0,,,,1.0,1.0,1,1.8288288288288288,5.049019607843137,0,3.914285714285714,188,48,50,49
msg_456,node3,node0,315,96000,96002.0,2.0,,,,2.0,0.6666666666666666,1,1.8288288288288288,5.029268292682927,0,3.9050632911392404,187,47,50,49
msg_457,node4,node0,315,96000,,,,,,,,1,1.0990712074303406,5.092672413793103,0,3.453621346886912,642,22,50,49
msg_458,node5,node0,315,96000,,,,,,,,1,1.0990712074303406,5.092672413793103,0,3.453621346886912,642,22,50,49
msg_459,node6,node0,315,96000,96002.0,2.0,,,,2.0,1.2,1,1.8288288288288288,5.014563106796117,0,3.8990536277602525,186,46,50,49
msg_460,node7,node0,315,96000,96002.0,2.0,,,,2.0,1.6,1,1.8288288288288288,5.0,0,3.893081761006289,185,45,50,49
msg_461,node8,node0,315,96000,96002.0,2.0,,,,2.0,2.0,1,1.8288288288288288,5.0,0,3.893081761006289,185,45,50,49
msg_462,node9,node0,315,96000,96003.0,3.0,,,,3.0,2.0,1,1.8288288288288288,5.0,0,3.893081761006289,185,45,50,49
msg_463,node10,node0,317,96000,96008.0,8.0,,,,8.0,2.0,1,1.8288288288288288,4.977876106194691,0,3.940652818991098,166,26,50,49
msg_464,node11,node0,317,96000,,,,,,,,1,1.0990712074303406,5.092672413793103,0,3.453621346886912,642,22,50,49
msg_465,node12,node0,317,96000,,,,,,,,1,1.0990712074303406,5.092672413793103,0,3.453621346886912,642,22,50,49
msg_466,node13,node0,317,96000,96003.0,3.0,,,,3.0,2.0,1,1.8288288288288288,4.961904761904762,0,3.878504672897196,182,42,50,49
msg_467,node14,node0,317,96000,96008.0,8.0,,,,8.0,2.0,1,1.8288288288288288,4.977876106194691,0,3.940652818991098,166,26,50,49
msg_468,node15,node0,317,96000,96003.0,3.0,,,,3.0,2.25,1,1.8288288288288288,4.95260663507109,0,3.875776397515528,181,41,50,49
msg_469,node16,node0,317,96000,,,,,,,,1,1.0990712074303406,5.092672413793103,0,3.453621346886912,642,22,50,49
msg_470,node17,node0,317,96000,96004.0,4.0,,,,4.0,2.0,1,1.8288288288288288,4.943396226415095,0,3.873065015479876,180,40,50,49
msg_471,node18,node0,317,96000,,,,,,,,1,1.0990712074303406,5.092672413793103,0,3.453621346886912,642,22,50,49
msg_472,node19,node0,317,96000,,,,,,,,1,1.0990712074303406,5.092672413793103,0,3.453621346886912,642,22,50,49
msg_473,node20,node0,317,96000,96004.0,4.0,,,,4.0,1.75,1,1.8288288288288288,4.943396226415095,0,3.873065015479876,180,40,50,49
msg_474,node21,node0,317,96000,96008.0,8.0,,,,8.0,2.3333333333333335,1,1.8288288288288288,4.977876106194691,0,3.940652818991098,166,26,50,49
msg_475,node22,node0,317,96000,,,,,,,,1,1.0990712074303406,5.092672413793103,0,3.453621346886912,642,22,50,49
msg_476,node23,node0,317,96000,,,,,,,,1,1.0990712074303406,5.092672413793103,0,3.453621346886912,642,22,50,49
msg_477,node24,node0,317,96000,96004.0,4.0,,,,4.0,2.0,1,1.8288288288288288,4.934579439252336,0,3.873846153846154,178,38,50,49
msg_478,node25,node0,317,96000,96004.0,4.0,,,,4.0,3.0,1,1.8288288288288288,4.930232558139535,0,3.874233128834356,177,37,50,49
msg_479,node26,node0,317,96000,,,,,,,,1,1.0990712074303406,5.092672413793103,0,3.453621346886912,642,22,50,49
msg_480,node27,node0,317,96000,96005.0,5.0,,,,5.0,1.4,1,1.8288288288288288,4.925925925925926,0,3.874617737003058,176,36,50,49
msg_481,node28,node0,317,96000,,,,,,,,1,1.0990712074303406,5.092672413793103,0,3.453621346886912,642,22,50,49
msg_482,node29,node0,317,96000,,,,,,,,1,1.0990712074303406,5.092672413793103,0,3.453621346886912,642,22,50,49
msg_483,node30,node0,317,96000,,,,,,,,1,1.0990712074303406,5.092672413793103,0,3.453621346886912,642,22,50,49
msg_484,node31,node0,317,96000,96009.0,9.0,,,,9.0,2.25,1,1.8288288288288288,5.0174672489082965,0,3.976470588235294,163,23,50,49
msg_485,node32,node0,317,96000,96009.0,9.0,,,,9.0,2.0,1,1.8288288288288288,5.034782608695652,0,3.9912023460410557,162,22,50,49
msg_486,node33,node0,317,96000,96005.0,5.0,,,,5.0,2.25,1,1.8288288288288288,4.926267281105991,0,3.8780487804878048,175,35,50,49
msg_487,node34,node0,317,96000,,,,,,,,1,1.0990712074303406,5.092672413793103,0,3.453621346886912,642,22,50,49
msg_488,node35,node0,317,96000,96005.0,5.0,,,,5.0,2.25,1,1.8288288288288288,4.926605504587156,0,3.8814589665653494,174,34,50,49
msg_489,node36,node0,317,96000,96006.0,6.0,,,,6.0,2.0,1,1.8288288288288288,4.926940639269406,0,3.8848484848484848,173,33,50,49
msg_490,node37,node0,317,96000,96006.0,6.0,,,,6.0,2.3333333333333335,1,1.8288288288288288,4.926940639269406,0,3.8848484848484848,173,33,50,49
msg_491,node38,node0,317,96000,,,,,,,,1,1.0990712074303406,5.092672413793103,0,3.453621346886912,642,22,50,49
msg_492,node39,node0,317,96000,,,,,,,,1,1.0990712074303406,5.092672413793103,0,3.453621346886912,642,22,50,49
msg_493,node40,node0,317,96000,96006.0,6.0,,,,6.0,2.0,1,1.8288288288288288,4.926940639269406,0,3.8848484848484848,173,33,50,49
msg_494,node41,node0,317,96000,96007.0,7.0,,,,7.0,0.75,1,1.8288288288288288,4.926940639269406,0,3.8848484848484848,173,33,50,49
msg_495,node42,node0,317,96000,,,,,,,,1,1.0990712074303406,5.092672413793103,0,3.453621346886912,642,22,50,49
msg_496,node43,node0,317,96000,,,,,,,,1,1.0990712074303406,5.092672413793103,0,3.453621346886912,642,22,50,49
msg_497,node44,node0,317,96000,96007.0,7.0,,,,7.0,1.75,1,1.8288288288288288,4.95067264573991,0,3.913173652694611,169,29,50,49
msg_498,node45,node0,317,96000,96007.0,7.0,,,,7.0,1.8,1,1.8288288288288288,4.959821428571429,0,3.9223880597014924,168,28,50,49
msg_499,node46,node0,317,96000,96007.0,7.0,,,,7.0,1.5,1,1.8288288288288288,4.9688888888888885,0,3.931547619047619,167,27,50,49
msg_500,node47,node0,317,96000,,,,,,,,1,1.0990712074303406,5.092672413793103,0,3.453621346886912,642,22,50,49
msg_501,node48,node0,317,96000,,,,,,,,1,1.0990712074303406,5.092672413793103,0,3.453621346886912,642,22,50,49
msg_502,node49,node0,317,96000,96009.0,9.0,,,,9.0,2.8,1,1.8288288288288288,5.0519480519480515,0,4.005847953216374,161,21,50,49
msg_503,node0,node3,317,102002,102002.0,0.0,,,,1.8288288288288288,5.068965517241379,2,2.0,0.6666666666666666,0,4.020408163265306,162,22,50,2
msg_504,node0,node8,317,102002,102003.0,1.0,,,,1.8125,5.068965517241379,2,2.0,2.0,0,4.008720930232558,163,23,50,2
msg_505,node0,node9,317,102003,102003.0,0.0,,,,1.8125,5.068965517241379,2,3.0,2.0,0,4.008720930232558,163,23,50,2
msg_506,node0,node15,318,102003,102004.0,1.0,,,,1.7894736842105263,5.068965517241379,2,3.0,2.25,0,3.9884393063583814,164,24,50,2
msg_507,node0,node17,318,102004,102004.0,0.0,,,,1.7826086956521738,5.068965517241379,3,4.0,2.0,0,3.9798270893371757,163,23,50,3
msg_508,node0,node24,318,102004,102005.0,1.0,,,,1.7672413793103448,5.068965517241379,3,4.0,2.0,0,3.968390804597701,165,25,50,3
msg_509,node0,node25,318,102004,102005.0,1.0,,,,1.7672413793103448,5.068965517241379,3,4.0,3.0,0,3.968390804597701,165,25,50,3
msg_510,node0,node27,318,102005,102005.0,0.0,,,,1.7672413793103448,5.068965517241379,3,5.0,1.4,0,3.968390804597701,165,25,50,3
msg_511,node0,node33,318,102005,102006.0,1.0,,,,1.7394957983193278,5.068965517241379,3,5.0,2.25,0,3.9401709401709404,164,24,50,3
msg_512,node0,node35,318,102005,102006.0,1.0,,,,1.7394957983193278,5.068965517241379,3,5.0,2.25,0,3.9401709401709404,164,24,50,3
msg_513,node0,node36,318,102006,102006.0,0.0,,,,1.7394957983193278,5.068965517241379,2,6.0,2.0,0,3.9401709401709404,164,24,50,2
msg_514,node0,node37,318,102006,102007.0,1.0,,,,1.7131147540983607,5.068965517241379,2,6.0,2.3333333333333335,0,3.9124293785310735,162,22,50,2
msg_515,node0,node46,318,102007,102007.0,0.0,,,,1.7073170731707317,5.068965517241379,1,7.0,1.5,0,3.904225352112676,161,21,50,1
msg_516,node0,node10,318,102008,102009.0,1.0,,,,1.6935483870967742,5.068965517241379,3,8.0,2.0,0,3.893258426966292,165,25,50,3
msg_517,node0,node14,318,102008,102009.0,1.0,,,,1.688,5.068965517241379,3,8.0,2.0,0,3.88515406162465,164,24,50,3
msg_518,node0,node21,318,102008,102010.0,2.0,,,,1.688,5.068965517241379,3,8.0,2.3333333333333335,0,3.88515406162465,164,24,50,3
msg_519,node0,node32,318,102009,102011.0,2.0,,,,1.688,5.068965517241379,2,9.0,2.0,0,3.88515406162465,164,24,50,2
msg_520,node0,node49,318,102009,102011.0,2.0,,,,1.688,5.068965517241379,2,9.0,2.8,0,3.88515406162465,164,24,50,2
msg_521,node1,node0,315,108000,108001.0,1.0,,,,1.0,0.0,1,1.689922480620155,5.068965517241379,0,3.8614958448753463,209,49,50,49
msg_522,node2,node0,315,108000,108001.0,1.0,,,,1.0,1.0,1,1.689922480620155,5.051502145922747,0,3.8535911602209945,208,48,50,49
msg_523,node3,node0,315,108000,108002.0,2.0,,,,2.0,0.5,1,1.689922480620155,5.034188034188034,0,3.8457300275482096,207,47,50,49
msg_524,node4,node0,315,108000,,,,,,,,1,1.0990712074303406,5.092672413793103,0,3.453621346886912,642,22,50,49
msg_525,node5,node0,315,108000,,,,,,,,1,1.0990712074303406,5.092672413793103,0,3.453621346886912,642,22,50,49
msg_526,node6,node0,315,108000,108002.0,2.0,,,,2.0,1.2,1,1.689922480620155,5.0212765957446805,0,3.840659340659341,206,46,50,49
msg_527,node7,node0,315,108000,108002.0,2.0,,,,2.0,1.6,1,1.689922480620155,5.008474576271187,0,3.835616438356164,205,45,50,49
msg_528,node8,node0,315,108000,108002.0,2.0,,,,2.0,1.8,1,1.689922480620155,5.008474576271187,0,3.835616438356164,205,45,50,49
msg_529,node9,node0,315,108000,108003.0,3.0,,,,3.0,1.5,1,1.689922480620155,5.008474576271187,0,3.835616438356164,205,45,50,49
msg_530,node10,node0,317,108000,108008.0,8.0,,,,8.0,1.8,1,1.689922480620155,4.988235294117647,0,3.8802083333333335,186,26,50,49
msg_531,node11,node0,317,108000,,,,,,,,1,1.0990712074303406,5.092672413793103,0,3.453621346886912,642,22,50,49
msg_532,node12,node0,317,108000,,,,,,,,1,1.0990712074303406,5.092672413793103,0,3.453621346886912,642,22,50,49
msg_533,node13,node0,317,108000,108003.0,3.0,,,,3.0,2.0,1,1.689922480620155,4.97489539748954,0,3.823369565217391,202,42,50,49
msg_534,node14,node0,317,108000,108008.0,8.0,,,,8.0,1.8,1,1.689922480620155,5.0,0,3.890909090909091,185,25,50,49
msg_535,node15,node0,317,108000,108003.0,3.0,,,,3.0,2.0,1,1.689922480620155,4.966666666666667,0,3.821138211382114,201,41,50,49
msg_536,node16,node0,317,108000,,,,,,,,1,1.0990712074303406,5.092672413793103,0,3.453621346886912,642,22,50,49
msg_537,node17,node0,317,108000,108004.0,4.0,,,,4.0,1.5,1,1.689922480620155,4.95850622406639,0,3.8189189189189188,200,40,50,49
msg_538,node18,node0,317,108000,,,,,,,,1,1.0990712074303406,5.092672413793103,0,3.453621346886912,642,22,50,49
msg_539,node19,node0,317,108000,,,,,,,,1,1.0990712074303406,5.092672413793103,0,3.453621346886912,642,22,50,49
msg_540,node20,node0,317,108000,108004.0,4.0,,,,4.0,1.75,1,1.689922480620155,4.954545454545454,0,3.8194070080862534,199,39,50,49
msg_541,node21,node0,317,108000,108008.0,8.0,,,,8.0,2.25,1,1.689922480620155,5.011673151750973,0,3.901554404145078,184,24,50,49
msg_542,node22,node0,317,108000,,,,,,,,1,1.0990712074303406,5.092672413793103,0,3.453621346886912,642,22,50,49
msg_543,node23,node0,317,108000,,,,,,,,1,1.0990712074303406,5.092672413793103,0,3.453621346886912,642,22,50,49
msg_544,node24,node0,317,108000,108004.0,4.0,,,,4.0,1.8,1,1.689922480620155,4.950617283950617,0,3.8198924731182795,198,38,50,49
msg_545,node25,node0,317,108000,108004.0,4.0,,,,4.0,2.6,1,1.689922480620155,4.94672131147541,0,3.8203753351206435,197,37,50,49
msg_546,node26,node0,317,108000,,,,,,,,1,1.0990712074303406,5.092672413793103,0,3.453621346886912,642,22,50,49
msg_547,node27,node0,317,108000,108005.0,5.0,,,,5.0,1.1666666666666667,1,1.689922480620155,4.942857142857143,0,3.820855614973262,196,36,50,49
msg_548,node28,node0,317,108000,,,,,,,,1,1.0990712074303406,5.092672413793103,0,3.453621346886912,642,22,50,49
msg_549,node29,node0,317,108000,,,,,,,,1,1.0990712074303406,5.092672413793103,0,3.453621346886912,642,22,50,49
msg_550,node30,node0,317,108000,,,,,,,,1,1.0990712074303406,5.092672413793103,0,3.453621346886912,642,22,50,49
msg_551,node31,node0,317,108000,108009.0,9.0,,,,9.0,2.25,1,1.689922480620155,5.023255813953488,0,3.9121447028423773,183,23,50,49
msg_552,node32,node0,317,108000,108009.0,9.0,,,,9.0,2.0,1,1.689922480620155,5.038610038610039,0,3.9252577319587627,182,22,50,49
msg_553,node33,node0,317,108000,108005.0,5.0,,,,5.0,2.0,1,1.689922480620155,4.943089430894309,0,3.824,195,35,50,49
msg_554,node34,node0,317,108000,,,,,,,,1,1.0990712074303406,5.092672413793103,0,3.453621346886912,642,22,50,49
msg_555,node35,node0,317,108000,108005.0,5.0,,,,5.0,2.0,1,1.689922480620155,4.94331983805668,0,3.827127659574468,194,34,50,49
msg_556,node36,node0,317,108000,108006.0,6.0,,,,6.0,1.5,1,1.689922480620155,4.943548387096774,0,3.830238726790451,193,33,50,49
msg_557,node37,node0,317,108000,108006.0,6.0,,,,6.0,2.0,1,1.689922480620155,4.943548387096774,0,3.830238726790451,193,33,50,49
msg_558,node38,node0,317,108000,,,,,,,,1,1.0990712074303406,5.092672413793103,0,3.453621346886912,642,22,50,49
msg_559,node39,node0,317,108000,,,,,,,,1,1.0990712074303406,5.092672413793103,0,3.453621346886912,642,22,50,49
msg_560,node40,node0,317,108000,108006.0,6.0,,,,6.0,2.0,1,1.689922480620155,4.943548387096774,0,3.830238726790451,193,33,50,49
msg_561,node41,node0,317,108000,108007.0,7.0,,,,7.0,0.75,1,1.689922480620155,4.943548387096774,0,3.830238726790451,193,33,50,49
msg_562,node42,node0,317,108000,,,,,,,,1,1.0990712074303406,5.092672413793103,0,3.453621346886912,642,22,50,49
msg_563,node43,node0,317,108000,,,,,,,,1,1.0990712074303406,5.092672413793103,0,3.453621346886912,642,22,50,49
msg_564,node44,node0,317,108000,108007.0,7.0,,,,7.0,1.75,1,1.689922480620155,4.964285714285714,0,3.8556430446194225,189,29,50,49
msg_565,node45,node0,317,108000,108007.0,7.0,,,,7.0,1.8,1,1.689922480620155,4.972332015810276,0,3.863874345549738,188,28,50,49
msg_566,node46,node0,317,108000,108007.0,7.0,,,,7.0,1.0,1,1.689922480620155,4.980314960629921,0,3.8720626631853787,187,27,50,49
msg_567,node47,node0,317,108000,,,,,,,,1,1.0990712074303406,5.092672413793103,0,3.453621346886912,642,22,50,49
msg_568,node48,node0,317,108000,,,,,,,,1,1.0990712074303406,5.092672413793103,0,3.453621346886912,642,22,50,49
msg_569,node49,node0,317,108000,108009.0,9.0,,,,9.0,2.6666666666666665,1,1.689922480620155,5.053846153846154,0,3.9383033419023135,181,21,50,49
msg_570,node0,node2,317,114001,114001.0,0.0,,,,1.689922480620155,5.068965517241379,1,1.0,1.0,0,3.9512820512820515,181,21,50,1
msg_571,node0,node3,317,114002,114002.0,0.0,,,,1.676923076923077,5.068965517241379,2,2.0,0.5,0,3.9411764705882355,182,22,50,2
msg_572,node0,node7,317,114002,114003.0,1.0,,,,1.6641221374045803,5.068965517241379,2,2.0,1.6,0,3.931122448979592,184,24,50,2
msg_573,node0,node9,317,114003,114003.0,0.0,,,,1.6641221374045803,5.068965517241379,3,3.0,1.5,0,3.931122448979592,184,24,50,3
msg_574,node0,node13,318,114003,114004.0,1.0,,,,1.6466165413533835,5.068965517241379,3,3.0,2.0,0,3.9137055837563453,183,23,50,3
msg_575,node0,node15,318,114003,114004.0,1.0,,,,1.6466165413533835,5.068965517241379,3,3.0,2.0,0,3.9137055837563453,183,23,50,3
msg_576,node0,node20,318,114004,114004.0,0.0,,,,1.6466165413533835,5.068965517241379,1,4.0,1.75,0,3.9137055837563453,183,23,50,1
msg_577,node0,node27,318,114005,114005.0,0.0,,,,1.625,5.068965517241379,2,5.0,1.1666666666666667,0,3.889168765743073,182,22,50,2
msg_578,node0,node33,318,114005,114006.0,1.0,,,,1.6131386861313868,5.068965517241379,2,5.0,2.0,0,3.879396984924623,184,24,50,2
msg_579,node0,node36,318,114006,114006.0,0.0,,,,1.6131386861313868,5.068965517241379,3,6.0,1.5,0,3.879396984924623,184,24,50,3
msg_580,node0,node37,318,114006,114007.0,1.0,,,,1.5971223021582734,5.068965517241379,3,6.0,2.0,0,3.8625,186,26,50,3
msg_581,node0,node40,318,114006,114007.0,1.0,,,,1.5971223021582734,5.068965517241379,3,6.0,2.0,0,3.8625,186,26,50,3
msg_582,node0,node41,318,114007,114007.0,0.0,,,,1.5971223021582734,5.068965517241379,4,7.0,0.75,0,3.8625,186,26,50,4
msg_583,node0,node44,318,114007,114008.0,1.0,,,,1.5774647887323943,5.068965517241379,4,7.0,1.75,0,3.838709677419355,184,24,50,4
msg_584,node0,node45,318,114007,114008.0,1.0,,,,1.5774647887323943,5.068965517241379,4,7.0,1.8,0,3.838709677419355,184,24,50,4
msg_585,node0,node46,318,114007,114008.0,1.0,,,,1.5774647887323943,5.068965517241379,4,7.0,1.0,0,3.838709677419355,184,24,50,4
msg_586,node0,node14,318,114008,114009.0,1.0,,,,1.5655172413793104,5.068965517241379,1,8.0,1.8,0,3.8177339901477834,183,23,50,1
msg_587,node0,node31,318,114009,114010.0,1.0,,,,1.5616438356164384,5.068965517241379,2,9.0,2.25,0,3.810810810810811,182,22,50,2
msg_588,node0,node49,318,114009,114011.0,2.0,,,,1.5578231292517006,5.068965517241379,2,9.0,2.6666666666666665,0,3.803921568627451,181,21,50,2
msg_589,node1,node0,315,120000,120001.0,1.0,,,,1.0,0.0,1,1.5608108108108107,5.068965517241379,0,3.7995110024449876,229,49,50,49
msg_590,node2,node0,315,120000,120001.0,1.0,,,,1.0,0.75,1,1.5608108108108107,5.0534351145038165,0,3.792682926829268,228,48,50,49
msg_591,node3,node0,315,120000,120002.0,2.0,,,,2.0,0.4,1,1.5608108108108107,5.038022813688213,0,3.7858880778588806,227,47,50,49
msg_592,node4,node0,315,120000,,,,,,,,1,1.0990712074303406,5.092672413793103,0,3.453621346886912,642,22,50,49
msg_593,node5,node0,315,120000,,,,,,,,1,1.0990712074303406,5.092672413793103,0,3.453621346886912,642,22,50,49
msg_594,node6,node0,315,120000,120002.0,2.0,,,,2.0,1.2,1,1.5608108108108107,5.026515151515151,0,3.7815533980582523,226,46,50,49
msg_595,node7,node0,315,120000,120002.0,2.0,,,,2.0,1.5,1,1.5608108108108107,5.0150943396226415,0,3.777239709443099,225,45,50,49
msg_596,node8,node0,315,120000,120002.0,2.0,,,,2.0,1.8,1,1.5608108108108107,5.003759398496241,0,3.7729468599033815,224,44,50,49
msg_597,node9,node0,315,120000,120003.0,3.0,,,,3.0,1.2,1,1.5608108108108107,4.992509363295881,0,3.7686746987951807,223,43,50,49
msg_598,node10,node0,317,120000,120008.0,8.0,,,,8.0,1.8,1,1.5608108108108107,4.996478873239437,0,3.8194444444444446,206,26,50,49
msg_599,node11,node0,317,120000,,,,,,,,1,1.0990712074303406,5.092672413793103,0,3.453621346886912,642,22,50,49
msg_600,node12,node0,317,120000,,,,,,,,1,1.0990712074303406,5.092672413793103,0,3.453621346886912,642,22,50,49
msg_601,node13,node0,317,120000,120003.0,3.0,,,,3.0,1.8333333333333333,1,1.5608108108108107,4.985074626865671,0,3.766826923076923,222,42,50,49
msg_602,node14,node0,317,120000,120008.0,8.0,,,,8.0,1.6666666666666667,1,1.5608108108108107,5.007017543859649,0,3.8290993071593533,205,25,50,49
msg_603,node15,node0,317,120000,120003.0,3.0,,,,3.0,1.8333333333333333,1,1.5608108108108107,4.977695167286245,0,3.7649880095923263,221,41,50,49
msg_604,node16,node0,317,120000,,,,,,,,1,1.0990712074303406,5.092672413793103,0,3.453621346886912,642,22,50,49
msg_605,node17,node0,317,120000,120004.0,4.0,,,,4.0,1.5,1,1.5608108108108107,4.970370370370371,0,3.763157894736842,220,40,50,49
msg_606,node18,node0,317,120000,,,,,,,,1,1.0990712074303406,5.092672413793103,0,3.453621346886912,642,22,50,49
msg_607,node19,node0,317,120000,,,,,,,,1,1.0990712074303406,5.092672413793103,0,3.453621346886912,642,22,50,49
msg_608,node20,node0,317,120000,120004.0,4.0,,,,4.0,1.4,1,1.5608108108108107,4.966789667896679,0,3.763723150357995,219,39,50,49
msg_609,node21,node0,317,120000,120008.0,8.0,,,,8.0,2.25,1,1.5608108108108107,5.0174825174825175,0,3.838709677419355,204,24,50,49
msg_610,node22,node0,317,120000,,,,,,,,1,1.0990712074303406,5.092672413793103,0,3.453621346886912,642,22,50,49
msg_611,node23,node0,317,120000,,,,,,,,1,1.0990712074303406,5.092672413793103,0,3.453621346886912,642,22,50,49
msg_612,node24,node0,317,120000,120004.0,4.0,,,,4.0,1.8,1,1.5608108108108107,4.963235294117647,0,3.7642857142857142,218,38,50,49
msg_613,node25,node0,317,120000,120004.0,4.0,,,,4.0,2.6,1,1.5608108108108107,4.95970695970696,0,3.7648456057007125,217,37,50,49
msg_614,node26,node0,317,120000,,,,,,,,1,1.0990712074303406,5.092672413793103,0,3.453621346886912,642,22,50,49
msg_615,node27,node0,317,120000,120005.0,5.0,,,,5.0,1.0,1,1.5608108108108107,4.956204379562044,0,3.765402843601896,216,36,50,49
msg_616,node28,node0,317,120000,,,,,,,,1,1.0990712074303406,5.092672413793103,0,3.453621346886912,642,22,50,49
msg_617,node29,node0,317,120000,,,,,,,,1,1.0990712074303406,5.092672413793103,0,3.453621346886912,642,22,50,49
msg_618,node30,node0,317,120000,,,,,,,,1,1.0990712074303406,5.092672413793103,0,3.453621346886912,642,22,50,49
msg_619,node31,node0,317,120000,120009.0,9.0,,,,9.0,2.0,1,1.5608108108108107,5.02787456445993,0,3.8482758620689657,203,23,50,49
msg_620,node32,node0,317,120000,120009.0,9.0,,,,9.0,2.0,1,1.5608108108108107,5.041666666666667,0,3.860091743119266,202,22,50,49
msg_621,node33,node0,317,120000,120005.0,5.0,,,,5.0,1.8333333333333333,1,1.5608108108108107,4.956363636363636,0,3.768321513002364,215,35,50,49
msg_622,node34,node0,317,120000,,,,,,,,1,1.0990712074303406,5.092672413793103,0,3.453621346886912,642,22,50,49
msg_623,node35,node0,317,120000,120005.0,5.0,,,,5.0,2.0,1,1.5608108108108107,4.956521739130435,0,3.7712264150943398,214,34,50,49
msg_624,node36,node0,317,120000,120006.0,6.0,,,,6.0,1.2,1,1.5608108108108107,4.956678700361011,0,3.7741176470588234,213,33,50,49
msg_625,node37,node0,317,120000,120006.0,6.0,,,,6.0,1.8,1,1.5608108108108107,4.960431654676259,0,3.779342723004695,212,32,50,49
msg_626,node38,node0,317,120000,,,,,,,,1,1.0990712074303406,5.092672413793103,0,3.453621346886912,642,22,50,49
msg_627,node39,node0,317,120000,,,,,,,,1,1.0990712074303406,5.092672413793103,0,3.453621346886912,642,22,50,49
msg_628,node40,node0,317,120000,120006.0,6.0,,,,6.0,1.75,1,1.5608108108108107,4.96415770609319,0,3.7845433255269323,211,31,50,49
msg_629,node41,node0,317,120000,120007.0,7.0,,,,7.0,0.6,1,1.5608108108108107,4.9678571428571425,0,3.789719626168224,210,30,50,49
msg_630,node42,node0,317,120000,,,,,,,,1,1.0990712074303406,5.092672413793103,0,3.453621346886912,642,22,50,49
msg_631,node43,node0,317,120000,,,,,,,,1,1.0990712074303406,5.092672413793103,0,3.453621346886912,642,22,50,49
msg_632,node44,node0,317,120000,120007.0,7.0,,,,7.0,1.6,1,1.5608108108108107,4.97508896797153,0,3.797202797202797,209,29,50,49
msg_633,node45,node0,317,120000,120007.0,7.0,,,,7.0,1.6666666666666667,1,1.5608108108108107,4.9822695035460995,0,3.8046511627906976,208,28,50,49
msg_634,node46,node0,317,120000,120007.0,7.0,,,,7.0,1.0,1,1.5608108108108107,4.989399293286219,0,3.812064965197216,207,27,50,49
msg_635,node47,node0,317,120000,,,,,,,,1,1.0990712074303406,5.092672413793103,0,3.453621346886912,642,22,50,49
msg_636,node48,node0,317,120000,,,,,,,,1,1.0990712074303406,5.092672413793103,0,3.453621346886912,642,22,50,49
msg_637,node49,node0,317,120000,120009.0,9.0,,,,9.0,2.5714285714285716,1,1.5608108108108107,5.055363321799308,0,3.871853546910755,201,21,50,49
msg_638,node0,node1,317,126001,126001.0,0.0,,,,1.5608108108108107,5.068965517241379,2,1.0,0.0,0,3.8835616438356166,202,22,50,2
msg_639,node0,node2,317,126001,126002.0,1.0,,,,1.5503355704697988,5.068965517241379,2,1.0,0.75,0,3.8747152619589977,204,24,50,2
msg_640,node0,node3,317,126002,126002.0,0.0,,,,1.5503355704697988,5.068965517241379,3,2.0,0.4,0,3.8747152619589977,204,24,50,3
msg_641,node0,node6,317,126002,126003.0,1.0,,,,1.5364238410596027,5.068965517241379,3,2.0,1.2,0,3.8594104308390023,205,25,50,3
msg_642,node0,node7,317,126002,126003.0,1.0,,,,1.5364238410596027,5.068965517241379,3,2.0,1.5,0,3.8594104308390023,205,25,50,3
msg_643,node0,node9,317,126003,126003.0,0.0,,,,1.5364238410596027,5.068965517241379,3,3.0,1.2,0,3.8594104308390023,205,25,50,3
msg_644,node0,node13,318,126003,126004.0,1.0,,,,1.5194805194805194,5.068965517241379,3,3.0,1.8333333333333333,0,3.8378378378378377,205,25,50,3
msg_645,node0,node15,318,126003,126004.0,1.0,,,,1.5161290322580645,5.068965517241379,3,3.0,1.8333333333333333,0,3.831460674157303,204,24,50,3
msg_646,node0,node17,318,126004,126004.0,0.0,,,,1.5128205128205128,5.068965517241379,3,4.0,1.5,0,3.8251121076233185,203,23,50,3
msg_647,node0,node24,318,126004,126005.0,1.0,,,,1.5031847133757963,5.068965517241379,3,4.0,1.8,0,3.8165548098434003,205,25,50,3
msg_648,node0,node25,318,126004,126005.0,1.0,,,,1.5031847133757963,5.068965517241379,3,4.0,2.6,0,3.8165548098434003,205,25,50,3
msg_649,node0,node27,318,126005,126005.0,0.0,,,,1.5031847133757963,5.068965517241379,3,5.0,1.0,0,3.8165548098434003,205,25,50,3
msg_650,node0,node33,318,126005,126006.0,1.0,,,,1.4875,5.068965517241379,3,5.0,1.8333333333333333,0,3.7955555555555556,205,25,50,3
msg_651,node0,node35,318,126005,126006.0,1.0,,,,1.484472049689441,5.068965517241379,3,5.0,2.0,0,3.789356984478936,204,24,50,3
msg_652,node0,node36,318,126006,126006.0,0.0,,,,1.4814814814814814,5.068965517241379,3,6.0,1.2,0,3.7831858407079646,203,23,50,3
msg_653,node0,node37,318,126006,126007.0,1.0,,,,1.4723926380368098,5.068965517241379,3,6.0,1.8,0,3.774834437086093,204,24,50,3
msg_654,node0,node40,318,126006,126007.0,1.0,,,,1.4723926380368098,5.068965517241379,3,6.0,1.75,0,3.774834437086093,204,24,50,3
msg_655,node0,node41,318,126007,126007.0,0.0,,,,1.4723926380368098,5.068965517241379,2,7.0,0.6,0,3.774834437086093,204,24,50,2
msg_656,node0,node45,318,126007,126008.0,1.0,,,,1.4578313253012047,5.068965517241379,2,7.0,1.6666666666666667,0,3.754385964912281,204,24,50,2
msg_657,node0,node10,318,126008,126009.0,1.0,,,,1.4550898203592815,5.068965517241379,3,8.0,1.8,0,3.74835886214442,206,26,50,3
msg_658,node0,node14,318,126008,126009.0,1.0,,,,1.4550898203592815,5.068965517241379,3,8.0,1.6666666666666667,0,3.74835886214442,206,26,50,3
msg_659,node0,node21,318,126008,126010.0,2.0,,,,1.4550898203592815,5.068965517241379,3,8.0,2.25,0,3.74835886214442,206,26,50,3
msg_660,node0,node31,318,126009,126011.0,2.0,,,,1.4529411764705882,5.068965517241379,3,9.0,2.0,0,3.732608695652174,203,23,50,3
msg_661,node0,node32,318,126009,126011.0,2.0,,,,1.456140350877193,5.068965517241379,3,9.0,2.0,0,3.7288503253796095,202,22,50,3
msg_662,node0,node49,318,126009,126011.0,2.0,,,,1.4593023255813953,5.068965517241379,3,9.0,2.5714285714285716,0,3.725108225108225,201,21,50,3
msg_663,node1,node0,316,132000,132001.0,1.0,,,,1.0,0.0,1,1.4624277456647399,5.068965517241379,0,3.7213822894168467,249,49,50,49
msg_664,node2,node0,316,132000,132001.0,1.0,,,,1.0,0.8,1,1.4624277456647399,5.054982817869416,0,3.7155172413793105,248,48,50,49
msg_665,node3,node0,316,132000,132002.0,2.0,,,,2.0,0.3333333333333333,1,1.4624277456647399,5.041095890410959,0,3.7096774193548385,247,47,50,49
msg_666,node4,node0,316,132000,,,,,,,,1,1.0990712074303406,5.092672413793103,0,3.453621346886912,642,22,50,49
msg_667,node5,node0,316,132000,,,,,,,,1,1.0990712074303406,5.092672413793103,0,3.453621346886912,642,22,50,49
msg_668,node6,node0,316,132000,132002.0,2.0,,,,2.0,1.1666666666666667,1,1.4624277456647399,5.030716723549488,0,3.7060085836909873,246,46,50,49
msg_669,node7,node0,316,132000,132002.0,2.0,,,,2.0,1.4285714285714286,1,1.4624277456647399,5.020408163265306,0,3.702355460385439,245,45,50,49
msg_670,node8,node0,316,132000,132002.0,2.0,,,,2.0,1.8,1,1.4624277456647399,5.010169491525423,0,3.698717948717949,244,44,50,49
msg_671,node9,node0,316,132000,132003.0,3.0,,,,3.0,1.0,1,1.4624277456647399,5.0,0,3.695095948827292,243,43,50,49
msg_672,node10,node0,318,132000,132008.0,8.0,,,,8.0,1.6666666666666667,1,1.4624277456647399,5.006389776357827,0,3.7448559670781894,226,26,50,49
msg_673,node11,node0,318,132000,,,,,,,,1,1.0990712074303406,5.092672413793103,0,3.453621346886912,642,22,50,49
msg_674,node12,node0,318,132000,,,,,,,,1,1.0990712074303406,5.092672413793103,0,3.453621346886912,642,22,50,49
msg_675,node13,node0,318,132000,132003.0,3.0,,,,3.0,1.7142857142857142,1,1.4624277456647399,4.993265993265993,0,3.6936170212765957,242,42,50,49
msg_676,node14,node0,318,132000,132008.0,8.0,,,,8.0,1.5714285714285714,1,1.4624277456647399,5.015923566878981,0,3.753593429158111,225,25,50,49
msg_677,node15,node0,318,132000,132003.0,3.0,,,,3.0,1.7142857142857142,1,1.4624277456647399,4.9865771812080535,0,3.692144373673036,241,41,50,49
msg_678,node16,node0,318,132000,,,,,,,,1,1.0990712074303406,5.092672413793103,0,3.453621346886912,642,22,50,49
msg_679,node17,node0,318,132000,132004.0,4.0,,,,4.0,1.2,1,1.4624277456647399,4.9799331103678925,0,3.690677966101695,240,40,50,49
msg_680,node18,node0,318,132000,,,,,,,,1,1.0990712074303406,5.092672413793103,0,3.453621346886912,642,22,50,49
msg_681,node19,node0,318,132000,,,,,,,,1,1.0990712074303406,5.092672413793103,0,3.453621346886912,642,22,50,49
msg_682,node20,node0,318,132000,132004.0,4.0,,,,4.0,1.4,1,1.4624277456647399,4.976666666666667,0,3.6913319238900635,239,39,50,49
msg_683,node21,node0,318,132000,132008.0,8.0,,,,8.0,2.2,1,1.4624277456647399,5.025396825396825,0,3.762295081967213,224,24,50,49
msg_684,node22,node0,318,132000,,,,,,,,1,1.0990712074303406,5.092672413793103,0,3.453621346886912,642,22,50,49
msg_685,node23,node0,318,132000,,,,,,,,1,1.0990712074303406,5.092672413793103,0,3.453621346886912,642,22,50,49
msg_686,node24,node0,318,132000,132004.0,4.0,,,,4.0,1.6666666666666667,1,1.4624277456647399,4.973421926910299,0,3.691983122362869,238,38,50,49
msg_687,node25,node0,318,132000,132005.0,5.0,,,,4.0,2.3333333333333335,1,1.4624277456647399,4.970198675496689,0,3.6926315789473683,237,37,50,49
msg_688,node26,node0,318,132000,,,,,,,,1,1.0990712074303406,5.092672413793103,0,3.453621346886912,642,22,50,49
msg_689,node27,node0,318,132000,132005.0,5.0,,,,5.0,0.875,1,1.4624277456647399,4.97029702970297,0,3.6953781512605044,236,36,50,49
msg_690,node28,node0,318,132000,,,,,,,,1,1.0990712074303406,5.092672413793103,0,3.453621346886912,642,22,50,49
msg_691,node29,node0,318,132000,,,,,,,,1,1.0990712074303406,5.092672413793103,0,3.453621346886912,642,22,50,49
msg_692,node30,node0,318,132000,,,,,,,,1,1.0990712074303406,5.092672413793103,0,3.453621346886912,642,22,50,49
msg_693,node31,node0,318,132000,132009.0,9.0,,,,9.0,2.0,1,1.4624277456647399,5.034810126582278,0,3.770961145194274,223,23,50,49
msg_694,node32,node0,318,132000,132009.0,9.0,,,,9.0,2.0,1,1.4624277456647399,5.047318611987381,0,3.7816326530612243,222,22,50,49
msg_695,node33,node0,318,132000,132005.0,5.0,,,,5.0,1.7142857142857142,1,1.4624277456647399,4.970394736842105,0,3.69811320754717,235,35,50,49
msg_696,node34,node0,318,132000,,,,,,,,1,1.0990712074303406,5.092672413793103,0,3.453621346886912,642,22,50,49
msg_697,node35,node0,318,132000,132005.0,5.0,,,,5.0,1.8333333333333333,1,1.4624277456647399,4.970491803278689,0,3.700836820083682,234,34,50,49
msg_698,node36,node0,318,132000,132006.0,6.0,,,,6.0,1.0,1,1.4624277456647399,4.970588235294118,0,3.7035490605427976,233,33,50,49
msg_699,node37,node0,318,132000,132006.0,6.0,,,,6.0,1.6666666666666667,1,1.4624277456647399,4.973941368078176,0,3.7083333333333335,232,32,50,49
msg_700,node38,node0,318,132000,,,,,,,,1,1.0990712074303406,5.092672413793103,0,3.453621346886912,642,22,50,49
msg_701,node39,node0,318,132000,,,,,,,,1,1.0990712074303406,5.092672413793103,0,3.453621346886912,642,22,50,49
msg_702,node40,node0,318,132000,132006.0,6.0,,,,6.0,1.6,1,1.4624277456647399,4.9772727272727275,0,3.713097713097713,231,31,50,49
msg_703,node41,node0,318,132000,132007.0,7.0,,,,7.0,0.5,1,1.4624277456647399,4.980582524271845,0,3.7178423236514524,230,30,50,49
msg_704,node42,node0,318,132000,,,,,,,,1,1.0990712074303406,5.092672413793103,0,3.453621346886912,642,22,50,49
msg_705,node43,node0,318,132000,,,,,,,,1,1.0990712074303406,5.092672413793103,0,3.453621346886912,642,22,50,49
msg_706,node44,node0,318,132000,132007.0,7.0,,,,7.0,1.6,1,1.4624277456647399,4.987096774193549,0,3.7246376811594204,229,29,50,49
msg_707,node45,node0,318,132000,132007.0,7.0,,,,7.0,1.5714285714285714,1,1.4624277456647399,4.993569131832797,0,3.731404958677686,228,28,50,49
msg_708,node46,node0,318,132000,132007.0,7.0,,,,7.0,1.0,1,1.4624277456647399,5.0,0,3.7381443298969073,227,27,50,49
msg_709,node47,node0,318,132000,,,,,,,,1,1.0990712074303406,5.092672413793103,0,3.453621346886912,642,22,50,49
msg_710,node48,node0,318,132000,,,,,,,,1,1.0990712074303406,5.092672413793103,0,3.453621346886912,642,22,50,49
msg_711,node49,node0,318,132000,132009.0,9.0,,,,9.0,2.5,1,1.4624277456647399,5.059748427672956,0,3.7922606924643585,221,21,50,49
msg_712,node0,node1,317,138001,138001.0,0.0,,,,1.4624277456647399,5.072100313479623,2,1.0,0.0,0,3.8028455284552845,222,22,50,2
msg_713,node0,node2,317,138001,138002.0,1.0,,,,1.4624277456647399,5.072100313479623,2,1.0,0.8,0,3.8028455284552845,222,22,50,2
msg_714,node0,node9,317,138003,138003.0,0.0,,,,1.4514285714285715,5.072100313479623,3,3.0,1.0,0,3.789473684210526,223,23,50,3
msg_715,node0,node13,318,138003,138004.0,1.0,,,,1.4431818181818181,5.072100313479623,3,3.0,1.7142857142857142,0,3.7818181818181817,222,22,50,3
msg_716,node0,node15,318,138003,138004.0,1.0,,,,1.4406779661016949,5.072100313479623,3,3.0,1.7142857142857142,0,3.776209677419355,221,21,50,3
msg_717,node0,node20,318,138005,138006.0,1.0,,,,1.4382022471910112,5.072100313479623,5,4.0,1.4,0,3.7706237424547284,228,28,50,5
msg_718,node0,node24,318,138005,138007.0,2.0,,,,1.4357541899441342,5.072100313479623,5,4.0,1.6666666666666667,0,3.7650602409638556,231,31,50,5
msg_719,node0,node25,318,138005,138007.0,2.0,,,,1.4388888888888889,5.072100313479623,5,4.090909090909091,2.3333333333333335,0,3.7615230460921842,230,30,50,5
msg_720,node0,node27,318,138005,138007.0,2.0,,,,1.441988950276243,5.072100313479623,5,5.0,0.875,0,3.758,229,29,50,5
msg_721,node0,node35,318,138005,138008.0,3.0,,,,1.445054945054945,5.072100313479623,5,5.0,1.8333333333333333,0,3.754491017964072,230,30,50,5
msg_722,node0,node36,318,138006,138008.0,2.0,,,,1.453551912568306,5.072100313479623,3,6.0,1.0,0,3.752988047808765,229,29,50,3
msg_723,node0,node37,318,138006,138008.0,2.0,,,,1.4565217391304348,5.072100313479623,3,6.0,1.6666666666666667,0,3.749502982107356,228,28,50,3
msg_724,node0,node40,318,138006,138008.0,2.0,,,,1.4594594594594594,5.072100313479623,3,6.0,1.6,0,3.746031746031746,227,27,50,3
msg_725,node0,node41,318,138007,138009.0,2.0,,,,1.4623655913978495,5.072100313479623,6,7.0,0.5,0,3.742574257425743,226,26,50,6
msg_726,node0,node44,318,138007,138009.0,2.0,,,,1.46524064171123,5.072100313479623,6,7.0,1.6,0,3.739130434782609,225,25,50,6
msg_727,node0,node45,318,138007,138010.0,3.0,,,,1.4680851063829787,5.072100313479623,6,7.0,1.5714285714285714,0,3.7357001972386588,224,24,50,6
msg_728,node0,node46,318,138007,138010.0,3.0,,,,1.4680851063829787,5.072100313479623,6,7.0,1.0,0,3.7357001972386588,224,24,50,6
msg_729,node0,node10,318,138007,138011.0,4.0,,,,1.4842105263157894,5.072100313479623,6,8.0,1.6666666666666667,0,3.732809430255403,225,25,50,6
msg_730,node0,node21,318,138007,138011.0,4.0,,,,1.4842105263157894,5.072100313479623,6,8.0,2.2,0,3.732809430255403,225,25,50,6
msg_731,node0,node31,318,138010,138012.0,2.0,,,,1.5104166666666667,5.072100313479623,3,9.0,2.0,0,3.7338551859099804,223,23,50,3
msg_732,node0,node32,318,138010,138012.0,2.0,,,,1.5129533678756477,5.072100313479623,3,9.0,2.0,0,3.73046875,222,22,50,3
msg_733,node0,node49,318,138010,138013.0,3.0,,,,1.5154639175257731,5.072100313479623,3,9.0,2.5,0,3.7270955165692006,221,21,50,3
msg_734,node1,node0,316,144000,144001.0,1.0,,,,1.0,0.0,1,1.523076923076923,5.072100313479623,0,3.72568093385214,269,49,50,49
msg_735,node2,node0,316,144000,144001.0,1.0,,,,1.0,0.8333333333333334,1,1.523076923076923,5.059375,0,3.7203883495145633,268,48,50,49
msg_736,node3,node0,316,144000,144002.0,2.0,,,,2.0,0.3333333333333333,1,1.523076923076923,5.046728971962617,0,3.7151162790697674,267,47,50,49
msg_737,node4,node0,316,144000,,,,,,,,1,1.0990712074303406,5.092672413793103,0,3.453621346886912,642,22,50,49
msg_738,node5,node0,316,144000,,,,,,,,1,1.0990712074303406,5.092672413793103,0,3.453621346886912,642,22,50,49
msg_739,node6,node0,316,144000,144002.0,2.0,,,,2.0,1.1666666666666667,1,1.523076923076923,5.037267080745342,0,3.711798839458414,266,46,50,49
msg_740,node7,node0,316,144000,144002.0,2.0,,,,2.0,1.4285714285714286,1,1.523076923076923,5.027863777089784,0,3.7084942084942085,265,45,50,49
msg_741,node8,node0,316,144000,144002.0,2.0,,,,2.0,1.8,1,1.523076923076923,5.018518518518518,0,3.7052023121387285,264,44,50,49
msg_742,node9,node0,316,144000,144003.0,3.0,,,,3.0,0.8571428571428571,1,1.523076923076923,5.009230769230769,0,3.701923076923077,263,43,50,49
msg_743,node10,node0,318,144000,144008.0,8.0,,,,8.0,2.0,1,1.523076923076923,5.014619883040936,0,3.7467411545623834,246,26,50,49
msg_744,node11,node0,318,144000,,,,,,,,1,1.0990712074303406,5.092672413793103,0,3.453621346886912,642,22,50,49
msg_745,node12,node0,318,144000,,,,,,,,1,1.0990712074303406,5.092672413793103,0,3.453621346886912,642,22,50,49
msg_746,node13,node0,318,144000,144003.0,3.0,,,,3.0,1.625,1,1.523076923076923,5.0030674846625764,0,3.7005758157389637,262,42,50,49
msg_747,node14,node0,318,144000,144008.0,8.0,,,,8.0,1.5714285714285714,1,1.523076923076923,5.02332361516035,0,3.7546468401486988,245,25,50,49
msg_748,node15,node0,318,144000,144003.0,3.0,,,,3.0,1.625,1,1.523076923076923,4.996941896024465,0,3.6992337164750957,261,41,50,49
msg_749,node16,node0,318,144000,,,,,,,,1,1.0990712074303406,5.092672413793103,0,3.453621346886912,642,22,50,49
msg_750,node17,node0,318,144000,144004.0,4.0,,,,4.0,1.2,1,1.523076923076923,4.990853658536586,0,3.6978967495219885,260,40,50,49
msg_751,node18,node0,318,144000,,,,,,,,1,1.0990712074303406,5.092672413793103,0,3.453621346886912,642,22,50,49
msg_752,node19,node0,318,144000,,,,,,,,1,1.0990712074303406,5.092672413793103,0,3.453621346886912,642,22,50,49
msg_753,node20,node0,318,144000,144004.0,4.0,,,,4.0,1.3333333333333333,1,1.523076923076923,4.9878419452887535,0,3.698473282442748,259,39,50,49
msg_754,node21,node0,318,144000,144008.0,8.0,,,,8.0,2.5,1,1.523076923076923,5.031976744186046,0,3.7625231910946195,244,24,50,49
msg_755,node22,node0,318,144000,,,,,,,,1,1.0990712074303406,5.092672413793103,0,3.453621346886912,642,22,50,49
msg_756,node23,node0,318,144000,,,,,,,,1,1.0990712074303406,5.092672413793103,0,3.453621346886912,642,22,50,49
msg_757,node24,node0,318,144000,144004.0,4.0,,,,4.0,1.7142857142857142,1,1.523076923076923,4.984848484848484,0,3.699047619047619,258,38,50,49
msg_758,node25,node0,318,144000,144005.0,5.0,,,,4.090909090909091,2.2857142857142856,1,1.523076923076923,4.981873111782478,0,3.699619771863118,257,37,50,49
msg_759,node26,node0,318,144000,,,,,,,,1,1.0990712074303406,5.092672413793103,0,3.453621346886912,642,22,50,49
msg_760,node27,node0,318,144000,144005.0,5.0,,,,5.0,1.0,1,1.523076923076923,4.981927710843373,0,3.7020872865275143,256,36,50,49
msg_761,node28,node0,318,144000,,,,,,,,1,1.0990712074303406,5.092672413793103,0,3.453621346886912,642,22,50,49
msg_762,node29,node0,318,144000,,,,,,,,1,1.0990712074303406,5.092672413793103,0,3.453621346886912,642,22,50,49
msg_763,node30,node0,318,144000,,,,,,,,1,1.0990712074303406,5.092672413793103,0,3.453621346886912,642,22,50,49
msg_764,node31,node0,318,144000,144009.0,9.0,,,,9.0,2.0,1,1.523076923076923,5.040579710144928,0,3.77037037037037,243,23,50,49
msg_765,node32,node0,318,144000,144009.0,9.0,,,,9.0,2.0,1,1.523076923076923,5.0520231213872835,0,3.78003696857671,242,22,50,49
msg_766,node33,node0,318,144000,144005.0,5.0,,,,5.0,1.7142857142857142,1,1.523076923076923,4.981981981981982,0,3.7045454545454546,255,35,50,49
msg_767,node34,node0,318,144000,,,,,,,,1,1.0990712074303406,5.092672413793103,0,3.453621346886912,642,22,50,49
msg_768,node35,node0,318,144000,144005.0,5.0,,,,5.0,2.0,1,1.523076923076923,4.982035928143713,0,3.7069943289224954,254,34,50,49
msg_769,node36,node0,318,144000,144006.0,6.0,,,,6.0,1.1428571428571428,1,1.523076923076923,4.982089552238806,0,3.709433962264151,253,33,50,49
msg_770,node37,node0,318,144000,144006.0,6.0,,,,6.0,1.7142857142857142,1,1.523076923076923,4.9851190476190474,0,3.713747645951036,252,32,50,49
msg_771,node38,node0,318,144000,,,,,,,,1,1.0990712074303406,5.092672413793103,0,3.453621346886912,642,22,50,49
msg_772,node39,node0,318,144000,,,,,,,,1,1.0990712074303406,5.092672413793103,0,3.453621346886912,642,22,50,49
msg_773,node40,node0,318,144000,144006.0,6.0,,,,6.0,1.6666666666666667,1,1.523076923076923,4.98813056379822,0,3.718045112781955,251,31,50,49
msg_774,node41,node0,318,144000,144007.0,7.0,,,,7.0,0.7142857142857143,1,1.523076923076923,4.991124260355029,0,3.7223264540337713,250,30,50,49
msg_775,node42,node0,318,144000,,,,,,,,1,1.0990712074303406,5.092672413793103,0,3.453621346886912,642,22,50,49
msg_776,node43,node0,318,144000,,,,,,,,1,1.0990712074303406,5.092672413793103,0,3.453621346886912,642,22,50,49
msg_777,node44,node0,318,144000,144007.0,7.0,,,,7.0,1.6666666666666667,1,1.523076923076923,4.997050147492625,0,3.7284644194756553,249,29,50,49
msg_778,node45,node0,318,144000,144007.0,7.0,,,,7.0,1.75,1,1.523076923076923,5.002941176470588,0,3.7345794392523364,248,28,50,49
msg_779,node46,node0,318,144000,144007.0,7.0,,,,7.0,1.4,1,1.523076923076923,5.008797653958944,0,3.7406716417910446,247,27,50,49
msg_780,node47,node0,318,144000,,,,,,,,1,1.0990712074303406,5.092672413793103,0,3.453621346886912,642,22,50,49
msg_781,node48,node0,318,144000,,,,,,,,1,1.0990712074303406,5.092672413793103,0,3.453621346886912,642,22,50,49
msg_782,node49,node0,318,144000,144009.0,9.0,,,,9.0,2.5555555555555554,1,1.523076923076923,5.063400576368876,0,3.7896678966789668,241,21,50,49
msg_783,node0,node1,317,150001,150001.0,0.0,,,,1.523076923076923,5.074712643678161,2,1.0,0.0,0,3.7992633517495396,242,22,50,2
msg_784,node0,node2,317,150001,150002.0,1.0,,,,1.5153061224489797,5.074712643678161,2,1.0,0.8333333333333334,0,3.792279411764706,244,24,50,2
msg_785,node0,node6,317,150002,150002.0,0.0,,,,1.5126903553299493,5.074712643678161,3,2.0,1.1666666666666667,0,3.7871559633027525,243,23,50,3
msg_786,node0,node7,317,150002,150003.0,1.0,,,,1.505050505050505,5.074712643678161,3,2.0,1.4285714285714286,0,3.78021978021978,244,24,50,3
msg_787,node0,node8,317,150002,150003.0,1.0,,,,1.5025125628140703,5.074712643678161,3,2.0,1.8,0,3.7751371115173673,243,23,50,3
msg_788,node0,node9,317,150003,150003.0,0.0,,,,1.5,5.074712643678161,2,3.0,0.8571428571428571,0,3.77007299270073,242,22,50,2
msg_789,node0,node13,318,150003,150004.0,1.0,,,,1.492537313432836,5.074712643678161,2,3.0,1.625,0,3.7632058287795993,241,21,50,2
msg_790,node0,node17,318,150005,150006.0,1.0,,,,1.49009900990099,5.074712643678161,5,4.0,1.2,0,3.7581818181818183,248,28,50,5
msg_791,node0,node20,318,150005,150007.0,2.0,,,,1.4876847290640394,5.074712643678161,5,4.0,1.3333333333333333,0,3.753176043557169,251,31,50,5
msg_792,node0,node24,318,150005,150007.0,2.0,,,,1.4901960784313726,5.074712643678161,5,4.0,1.7142857142857142,0,3.75,250,30,50,5
msg_793,node0,node25,318,150005,150007.0,2.0,,,,1.4926829268292683,5.074712643678161,5,4.166666666666667,2.2857142857142856,0,3.7468354430379747,249,29,50,5
msg_794,node0,node27,318,150005,150008.0,3.0,,,,1.4951456310679612,5.074712643678161,5,5.0,1.0,0,3.743682310469314,250,30,50,5
msg_795,node0,node36,318,150006,150008.0,2.0,,,,1.502415458937198,5.074712643678161,3,6.0,1.1428571428571428,0,3.7423423423423423,249,29,50,3
msg_796,node0,node37,318,150006,150008.0,2.0,,,,1.5048076923076923,5.074712643678161,3,6.0,1.7142857142857142,0,3.7392086330935252,248,28,50,3
msg_797,node0,node40,318,150006,150008.0,2.0,,,,1.507177033492823,5.074712643678161,3,6.0,1.6666666666666667,0,3.736086175942549,247,27,50,3
msg_798,node0,node41,318,150007,150009.0,2.0,,,,1.5095238095238095,5.074712643678161,6,7.0,0.7142857142857143,0,3.7329749103942653,246,26,50,6
msg_799,node0,node44,318,150007,150009.0,2.0,,,,1.5118483412322274,5.074712643678161,6,7.0,1.6666666666666667,0,3.729874776386404,245,25,50,6
msg_800,node0,node45,318,150007,150010.0,3.0,,,,1.5141509433962264,5.074712643678161,6,7.0,1.75,0,3.726785714285714,244,24,50,6
msg_801,node0,node46,318,150007,150010.0,3.0,,,,1.5211267605633803,5.074712643678161,6,7.0,1.4,0,3.7254901960784315,245,25,50,6
msg_802,node0,node10,318,150007,150011.0,4.0,,,,1.52803738317757,5.074712643678161,6,8.0,2.0,0,3.724199288256228,244,24,50,6
msg_803,node0,node14,318,150007,150011.0,4.0,,,,1.52803738317757,5.074712643678161,6,8.0,1.5714285714285714,0,3.724199288256228,244,24,50,6
msg_804,node0,node31,318,150010,150012.0,2.0,,,,1.52803738317757,5.074712643678161,2,9.0,2.0,0,3.724199288256228,244,24,50,2
msg_805,node0,node32,318,150010,150012.0,2.0,,,,1.52803738317757,5.074712643678161,2,9.0,2.0,0,3.724199288256228,244,24,50,2
msg_806,node1,node0,316,156000,156001.0,1.0,,,,1.0,0.0,1,1.555045871559633,5.074712643678161,0,3.7190812720848054,289,49,50,49
msg_807,node2,node0,316,156000,156001.0,1.0,,,,1.0,0.8571428571428571,1,1.555045871559633,5.063037249283668,0,3.7142857142857144,288,48,50,49
msg_808,node3,node0,316,156000,156002.0,2.0,,,,2.0,0.3333333333333333,1,1.555045871559633,5.051428571428572,0,3.709507042253521,287,47,50,49
msg_809,node4,node0,316,156000,,,,,,,,1,1.0990712074303406,5.092672413793103,0,3.453621346886912,642,22,50,49
msg_810,node5,node0,316,156000,,,,,,,,1,1.0990712074303406,5.092672413793103,0,3.453621346886912,642,22,50,49
msg_811,node6,node0,316,156000,156002.0,2.0,,,,2.0,1.0,1,1.555045871559633,5.042735042735043,0,3.7065026362038664,286,46,50,49
msg_812,node7,node0,316,156000,156002.0,2.0,,,,2.0,1.375,1,1.555045871559633,5.034090909090909,0,3.7035087719298247,285,45,50,49
msg_813,node8,node0,316,156000,156002.0,2.0,,,,2.0,1.6666666666666667,1,1.555045871559633,5.025495750708215,0,3.7005253940455343,284,44,50,49
msg_814,node9,node0,316,156000,156003.0,3.0,,,,3.0,0.75,1,1.555045871559633,5.016949152542373,0,3.6975524475524475,283,43,50,49
msg_815,node10,node0,318,156000,156008.0,8.0,,,,8.0,2.25,1,1.555045871559633,5.02156334231806,0,3.738539898132428,266,26,50,49
msg_816,node11,node0,318,156000,,,,,,,,1,1.0990712074303406,5.092672413793103,0,3.453621346886912,642,22,50,49
msg_817,node12,node0,318,156000,,,,,,,,1,1.0990712074303406,5.092672413793103,0,3.453621346886912,642,22,50,49
msg_818,node13,node0,318,156000,156003.0,3.0,,,,3.0,1.5555555555555556,1,1.555045871559633,5.011267605633803,0,3.696335078534031,282,42,50,49
msg_819,node14,node0,318,156000,156008.0,8.0,,,,8.0,1.875,1,1.555045871559633,5.029569892473118,0,3.7457627118644066,265,25,50,49
msg_820,node15,node0,318,156000,156003.0,3.0,,,,3.0,1.625,1,1.555045871559633,5.00561797752809,0,3.6951219512195124,281,41,50,49
msg_821,node16,node0,318,156000,,,,,,,,1,1.0990712074303406,5.092672413793103,0,3.453621346886912,642,22,50,49
msg_822,node17,node0,318,156000,156004.0,4.0,,,,4.0,1.1666666666666667,1,1.555045871559633,5.0,0,3.6939130434782608,280,40,50,49
msg_823,node18,node0,318,156000,,,,,,,,1,1.0990712074303406,5.092672413793103,0,3.453621346886912,642,22,50,49
msg_824,node19,node0,318,156000,,,,,,,,1,1.0990712074303406,5.092672413793103,0,3.453621346886912,642,22,50,49
msg_825,node20,node0,318,156000,156004.0,4.0,,,,4.0,1.4285714285714286,1,1.555045871559633,4.9972067039106145,0,3.6944444444444446,279,39,50,49
msg_826,node21,node0,318,156000,156008.0,8.0,,,,8.0,2.5,1,1.555045871559633,5.037533512064343,0,3.7529610829103217,264,24,50,49
msg_827,node22,node0,318,156000,,,,,,,,1,1.0990712074303406,5.092672413793103,0,3.453621346886912,642,22,50,49
msg_828,node23,node0,318,156000,,,,,,,,1,1.0990712074303406,5.092672413793103,0,3.453621346886912,642,22,50,49
msg_829,node24,node0,318,156000,156004.0,4.0,,,,4.0,1.75,1,1.555045871559633,4.994428969359332,0,3.6949740034662044,278,38,50,49
msg_830,node25,node0,318,156000,156005.0,5.0,,,,4.166666666666667,2.25,1,1.555045871559633,4.991666666666666,0,3.6955017301038064,277,37,50,49
msg_831,node26,node0,318,156000,,,,,,,,1,1.0990712074303406,5.092672413793103,0,3.453621346886912,642,22,50,49
msg_832,node27,node0,318,156000,156005.0,5.0,,,,5.0,1.2,1,1.555045871559633,4.991689750692521,0,3.697754749568221,276,36,50,49
msg_833,node28,node0,318,156000,,,,,,,,1,1.0990712074303406,5.092672413793103,0,3.453621346886912,642,22,50,49
msg_834,node29,node0,318,156000,,,,,,,,1,1.0990712074303406,5.092672413793103,0,3.453621346886912,642,22,50,49
msg_835,node30,node0,318,156000,,,,,,,,1,1.0990712074303406,5.092672413793103,0,3.453621346886912,642,22,50,49
msg_836,node31,node0,318,156000,156009.0,9.0,,,,9.0,2.0,1,1.555045871559633,5.045454545454546,0,3.760135135135135,263,23,50,49
msg_837,node32,node0,318,156000,156009.0,9.0,,,,9.0,2.0,1,1.555045871559633,5.056,0,3.768971332209106,262,22,50,49
msg_838,node33,node0,318,156000,156005.0,5.0,,,,5.0,1.7142857142857142,1,1.555045871559633,4.99171270718232,0,3.7,275,35,50,49
msg_839,node34,node0,318,156000,,,,,,,,1,1.0990712074303406,5.092672413793103,0,3.453621346886912,642,22,50,49
msg_840,node35,node0,318,156000,156005.0,5.0,,,,5.0,2.0,1,1.555045871559633,4.991735537190083,0,3.70223752151463,274,34,50,49
msg_841,node36,node0,318,156000,156006.0,6.0,,,,6.0,1.25,1,1.555045871559633,4.991758241758242,0,3.70446735395189,273,33,50,49
msg_842,node37,node0,318,156000,156006.0,6.0,,,,6.0,1.75,1,1.555045871559633,4.994520547945205,0,3.7084048027444254,272,32,50,49
msg_843,node38,node0,318,156000,,,,,,,,1,1.0990712074303406,5.092672413793103,0,3.453621346886912,642,22,50,49
msg_844,node39,node0,318,156000,,,,,,,,1,1.0990712074303406,5.092672413793103,0,3.453621346886912,642,22,50,49
msg_845,node40,node0,318,156000,156006.0,6.0,,,,6.0,1.7142857142857142,1,1.555045871559633,4.997267759562842,0,3.712328767123288,271,31,50,49
msg_846,node41,node0,318,156000,156007.0,7.0,,,,7.0,0.875,1,1.555045871559633,5.0,0,3.7162393162393164,270,30,50,49
msg_847,node42,node0,318,156000,,,,,,,,1,1.0990712074303406,5.092672413793103,0,3.453621346886912,642,22,50,49
msg_848,node43,node0,318,156000,,,,,,,,1,1.0990712074303406,5.092672413793103,0,3.453621346886912,642,22,50,49
msg_849,node44,node0,318,156000,156007.0,7.0,,,,7.0,1.7142857142857142,1,1.555045871559633,5.005434782608695,0,3.7218430034129693,269,29,50,49
msg_850,node45,node0,318,156000,156007.0,7.0,,,,7.0,1.8888888888888888,1,1.555045871559633,5.010840108401084,0,3.7274275979557068,268,28,50,49
msg_851,node46,node0,318,156000,156007.0,7.0,,,,7.0,1.6666666666666667,1,1.555045871559633,5.0162162162162165,0,3.7329931972789114,267,27,50,49
msg_852,node47,node0,318,156000,,,,,,,,1,1.0990712074303406,5.092672413793103,0,3.453621346886912,642,22,50,49
msg_853,node48,node0,318,156000,,,,,,,,1,1.0990712074303406,5.092672413793103,0,3.453621346886912,642,22,50,49
msg_854,node49,node0,318,156000,156009.0,9.0,,,,9.0,2.5555555555555554,1,1.555045871559633,5.066489361702128,0,3.7777777777777777,261,21,50,49
msg_855,node0,node1,317,162001,162001.0,0.0,,,,1.555045871559633,5.076923076923077,2,1.0,0.0,0,3.7865546218487394,262,22,50,2
msg_856,node0,node2,317,162001,162002.0,1.0,,,,1.547945205479452,5.076923076923077,2,1.0,0.8571428571428571,0,3.780201342281879,264,24,50,2
msg_857,node0,node3,317,162002,162002.0,0.0,,,,1.5454545454545454,5.076923076923077,3,2.0,0.3333333333333333,0,3.775544388609715,263,23,50,3
msg_858,node0,node7,317,162002,162003.0,1.0,,,,1.5384615384615385,5.076923076923077,3,2.0,1.375,0,3.769230769230769,265,25,50,3
msg_859,node0,node8,317,162002,162003.0,1.0,,,,1.5360360360360361,5.076923076923077,3,2.0,1.6666666666666667,0,3.7646076794657763,264,24,50,3
msg_860,node0,node9,317,162003,162003.0,0.0,,,,1.5336322869955157,5.076923076923077,3,3.0,0.75,0,3.76,263,23,50,3
msg_861,node0,node13,318,162003,162004.0,1.0,,,,1.5267857142857142,5.076923076923077,3,3.0,1.5555555555555556,0,3.7537437603993347,265,25,50,3
msg_862,node0,node15,318,162003,162004.0,1.0,,,,1.5244444444444445,5.076923076923077,3,3.0,1.625,0,3.749169435215947,264,24,50,3
msg_863,node0,node17,318,162004,162004.0,0.0,,,,1.5221238938053097,5.076923076923077,3,4.0,1.1666666666666667,0,3.744610281923715,263,23,50,3
msg_864,node0,node20,318,162004,162005.0,1.0,,,,1.5154185022026432,5.076923076923077,3,4.0,1.4285714285714286,0,3.73841059602649,265,25,50,3
msg_865,node0,node24,318,162004,162005.0,1.0,,,,1.513157894736842,5.076923076923077,3,4.0,1.75,0,3.733884297520661,264,24,50,3
msg_866,node0,node27,318,162005,162005.0,0.0,,,,1.5109170305676856,5.076923076923077,3,5.0,1.2,0,3.7293729372937294,263,23,50,3
msg_867,node0,node33,318,162005,162006.0,1.0,,,,1.5043478260869565,5.076923076923077,3,5.0,1.7142857142857142,0,3.7232289950576605,263,23,50,3
msg_868,node0,node35,318,162005,162006.0,1.0,,,,1.5021645021645023,5.076923076923077,3,5.0,2.0,0,3.71875,262,22,50,3
msg_869,node0,node36,318,162006,162006.0,0.0,,,,1.5,5.076923076923077,1,6.0,1.25,0,3.7142857142857144,261,21,50,1
msg_870,node0,node44,318,162007,162007.0,0.0,,,,1.4935622317596566,5.076923076923077,2,7.0,1.7142857142857142,0,3.7081967213114755,262,22,50,2
msg_871,node0,node46,318,162007,162008.0,1.0,,,,1.4871794871794872,5.076923076923077,2,7.0,1.6666666666666667,0,3.702127659574468,264,24,50,2
msg_872,node0,node10,318,162008,162009.0,1.0,,,,1.4851063829787234,5.076923076923077,3,8.0,2.25,0,3.697712418300654,264,24,50,3
msg_873,node0,node14,318,162008,162009.0,1.0,,,,1.4830508474576272,5.076923076923077,3,8.0,1.875,0,3.693311582381729,263,23,50,3
msg_874,node0,node21,318,162008,162010.0,2.0,,,,1.481012658227848,5.076923076923077,3,8.0,2.5,0,3.688925081433225,262,22,50,3
msg_875,node0,node31,318,162009,162011.0,2.0,,,,1.4831932773109244,5.076923076923077,1,9.0,2.0,0,3.6861788617886178,261,21,50,1
msg_876,node1,node0,316,168000,168001.0,1.0,,,,1.0,0.0,1,1.4853556485355648,5.076923076923077,0,3.6834415584415585,309,49,50,49
msg_877,node2,node0,316,168000,168001.0,1.0,,,,1.0,0.875,1,1.4853556485355648,5.0661375661375665,0,3.679092382495948,308,48,50,49
msg_878,node3,node0,316,168000,168002.0,2.0,,,,2.0,0.2857142857142857,1,1.4853556485355648,5.055408970976253,0,3.674757281553398,307,47,50,49
msg_879,node4,node0,316,168000,,,,,,,,1,1.0990712074303406,5.092672413793103,0,3.453621346886912,642,22,50,49
msg_880,node5,node0,316,168000,,,,,,,,1,1.0990712074303406,5.092672413793103,0,3.453621346886912,642,22,50,49
msg_881,node6,node0,316,168000,168002.0,2.0,,,,2.0,1.0,1,1.4853556485355648,5.0473684210526315,0,3.6720516962843295,306,46,50,49
msg_882,node7,node0,316,168000,168002.0,2.0,,,,2.0,1.3333333333333333,1,1.4853556485355648,5.039370078740157,0,3.6693548387096775,305,45,50,49
msg_883,node8,node0,316,168000,168002.0,2.0,,,,2.0,1.5714285714285714,1,1.4853556485355648,5.031413612565445,0,3.6666666666666665,304,44,50,49
msg_884,node9,node0,316,168000,168003.0,3.0,,,,3.0,0.6666666666666666,1,1.4853556485355648,5.023498694516971,0,3.6639871382636655,303,43,50,49
msg_885,node10,node0,318,168000,168008.0,8.0,,,,8.0,2.111111111111111,1,1.4853556485355648,5.0275,0,3.702660406885759,286,26,50,49
msg_886,node11,node0,318,168000,,,,,,,,1,1.0990712074303406,5.092672413793103,0,3.453621346886912,642,22,50,49
msg_887,node12,node0,318,168000,,,,,,,,1,1.0990712074303406,5.092672413793103,0,3.453621346886912,642,22,50,49
msg_888,node13,node0,318,168000,168003.0,3.0,,,,3.0,1.5,1,1.4853556485355648,5.018229166666667,0,3.662921348314607,302,42,50,49
msg_889,node14,node0,318,168000,168008.0,8.0,,,,8.0,1.7777777777777777,1,1.4853556485355648,5.034912718204489,0,3.709375,285,25,50,49
msg_890,node15,node0,318,168000,168003.0,3.0,,,,3.0,1.5555555555555556,1,1.4853556485355648,5.012987012987013,0,3.6618589743589745,301,41,50,49
msg_891,node16,node0,318,168000,,,,,,,,1,1.0990712074303406,5.092672413793103,0,3.453621346886912,642,22,50,49
msg_892,node17,node0,318,168000,168004.0,4.0,,,,4.0,1.0,1,1.4853556485355648,5.007772020725389,0,3.6608,300,40,50,49
msg_893,node18,node0,318,168000,,,,,,,,1,1.0990712074303406,5.092672413793103,0,3.453621346886912,642,22,50,49
msg_894,node19,node0,318,168000,,,,,,,,1,1.0990712074303406,5.092672413793103,0,3.453621346886912,642,22,50,49
msg_895,node20,node0,318,168000,168004.0,4.0,,,,4.0,1.375,1,1.4853556485355648,5.0051679586563305,0,3.6613418530351436,299,39,50,49
msg_896,node21,node0,318,168000,168008.0,8.0,,,,8.0,2.4285714285714284,1,1.4853556485355648,5.04228855721393,0,3.71606864274571,284,24,50,49
msg_897,node22,node0,318,168000,,,,,,,,1,1.0990712074303406,5.092672413793103,0,3.453621346886912,642,22,50,49
msg_898,node23,node0,318,168000,,,,,,,,1,1.0990712074303406,5.092672413793103,0,3.453621346886912,642,22,50,49
msg_899,node24,node0,318,168000,168004.0,4.0,,,,4.0,1.6666666666666667,1,1.4853556485355648,5.002577319587629,0,3.6618819776714515,298,38,50,49
msg_900,node25,node0,318,168000,168005.0,5.0,,,,4.230769230769231,2.25,1,1.4853556485355648,5.0,0,3.662420382165605,297,37,50,49
msg_901,node26,node0,318,168000,,,,,,,,1,1.0990712074303406,5.092672413793103,0,3.453621346886912,642,22,50,49
msg_902,node27,node0,318,168000,168005.0,5.0,,,,5.0,1.0909090909090908,1,1.4853556485355648,5.0,0,3.6645468998410173,296,36,50,49
msg_903,node28,node0,318,168000,,,,,,,,1,1.0990712074303406,5.092672413793103,0,3.453621346886912,642,22,50,49
msg_904,node29,node0,318,168000,,,,,,,,1,1.0990712074303406,5.092672413793103,0,3.453621346886912,642,22,50,49
msg_905,node30,node0,318,168000,,,,,,,,1,1.0990712074303406,5.092672413793103,0,3.453621346886912,642,22,50,49
msg_906,node31,node0,318,168000,168009.0,9.0,,,,9.0,2.0,1,1.4853556485355648,5.0496277915632755,0,3.722741433021807,283,23,50,49
msg_907,node32,node0,318,168000,168009.0,9.0,,,,9.0,2.0,1,1.4853556485355648,5.0594059405940595,0,3.7309486780715395,282,22,50,49
msg_908,node33,node0,318,168000,168005.0,5.0,,,,5.0,1.625,1,1.4853556485355648,5.0,0,3.6666666666666665,295,35,50,49
msg_909,node34,node0,318,168000,,,,,,,,1,1.0990712074303406,5.092672413793103,0,3.453621346886912,642,22,50,49
msg_910,node35,node0,318,168000,168005.0,5.0,,,,5.0,1.875,1,1.4853556485355648,5.0,0,3.6687797147385104,294,34,50,49
msg_911,node36,node0,318,168000,168006.0,6.0,,,,6.0,1.1111111111111112,1,1.4853556485355648,5.0,0,3.670886075949367,293,33,50,49
msg_912,node37,node0,318,168000,168006.0,6.0,,,,6.0,1.75,1,1.4853556485355648,5.00253807106599,0,3.674565560821485,292,32,50,49
msg_913,node38,node0,318,168000,,,,,,,,1,1.0990712074303406,5.092672413793103,0,3.453621346886912,642,22,50,49
msg_914,node39,node0,318,168000,,,,,,,,1,1.0990712074303406,5.092672413793103,0,3.453621346886912,642,22,50,49
msg_915,node40,node0,318,168000,168006.0,6.0,,,,6.0,1.7142857142857142,1,1.4853556485355648,5.0050632911392405,0,3.678233438485804,291,31,50,49
msg_916,node41,node0,318,168000,168007.0,7.0,,,,7.0,0.875,1,1.4853556485355648,5.007575757575758,0,3.6818897637795276,290,30,50,49
msg_917,node42,node0,318,168000,,,,,,,,1,1.0990712074303406,5.092672413793103,0,3.453621346886912,642,22,50,49
msg_918,node43,node0,318,168000,,,,,,,,1,1.0990712074303406,5.092672413793103,0,3.453621346886912,642,22,50,49
msg_919,node44,node0,318,168000,168007.0,7.0,,,,7.0,1.5,1,1.4853556485355648,5.012594458438287,0,3.6871069182389937,289,29,50,49
msg_920,node45,node0,318,168000,168007.0,7.0,,,,7.0,1.8888888888888888,1,1.4853556485355648,5.017587939698492,0,3.6923076923076925,288,28,50,49
msg_921,node46,node0,318,168000,168007.0,7.0,,,,7.0,1.5714285714285714,1,1.4853556485355648,5.022556390977444,0,3.697492163009404,287,27,50,49
msg_922,node47,node0,318,168000,,,,,,,,1,1.0990712074303406,5.092672413793103,0,3.453621346886912,642,22,50,49
msg_923,node48,node0,318,168000,,,,,,,,1,1.0990712074303406,5.092672413793103,0,3.453621346886912,642,22,50,49
msg_924,node49,node0,318,168000,168009.0,9.0,,,,9.0,2.5555555555555554,1,1.4853556485355648,5.069135802469136,0,3.739130434782609,281,21,50,49
msg_925,node0,node1,317,174001,174001.0,0.0,,,,1.4853556485355648,5.078817733990148,2,1.0,0.0,0,3.7472868217054263,282,22,50,2
msg_926,node0,node2,317,174001,174002.0,1.0,,,,1.4791666666666667,5.078817733990148,2,1.0,0.875,0,3.7414860681114552,284,24,50,2
msg_927,node0,node6,317,174002,174002.0,0.0,,,,1.4771784232365146,5.078817733990148,3,2.0,1.0,0,3.7372488408037094,283,23,50,3
msg_928,node0,node7,317,174002,174003.0,1.0,,,,1.4710743801652892,5.078817733990148,3,2.0,1.3333333333333333,0,3.7314814814814814,285,25,50,3
msg_929,node0,node8,317,174002,174003.0,1.0,,,,1.4691358024691359,5.078817733990148,3,2.0,1.5714285714285714,0,3.727272727272727,284,24,50,3
msg_930,node0,node9,317,174003,174003.0,0.0,,,,1.4672131147540983,5.078817733990148,3,3.0,0.6666666666666666,0,3.723076923076923,283,23,50,3
msg_931,node0,node13,318,174003,174004.0,1.0,,,,1.4612244897959183,5.078817733990148,3,3.0,1.5,0,3.717357910906298,284,24,50,3
msg_932,node0,node15,318,174003,174004.0,1.0,,,,1.4593495934959348,5.078817733990148,3,3.0,1.5555555555555556,0,3.71319018404908,283,23,50,3
msg_933,node0,node17,318,174004,174004.0,0.0,,,,1.45748987854251,5.078817733990148,2,4.0,1.0,0,3.7090352220520675,282,22,50,2
msg_934,node0,node20,318,174004,174005.0,1.0,,,,1.4516129032258065,5.078817733990148,2,4.0,1.375,0,3.7033639143730888,284,24,50,2
msg_935,node0,node25,318,174005,174005.0,0.0,,,,1.4497991967871486,5.078817733990148,3,4.285714285714286,2.25,0,3.699236641221374,283,23,50,3
msg_936,node0,node27,318,174005,174006.0,1.0,,,,1.444,5.078817733990148,3,5.0,1.0909090909090908,0,3.6935975609756095,284,24,50,3
msg_937,node0,node33,318,174005,174006.0,1.0,,,,1.4422310756972112,5.078817733990148,3,5.0,1.625,0,3.689497716894977,283,23,50,3
msg_938,node0,node36,318,174006,174006.0,0.0,,,,1.4404761904761905,5.078817733990148,2,6.0,1.1111111111111112,0,3.685410334346505,282,22,50,2
msg_939,node0,node40,318,174006,174007.0,1.0,,,,1.434782608695652,5.078817733990148,2,6.0,1.7142857142857142,0,3.679817905918058,283,23,50,2
msg_940,node0,node45,318,174007,174007.0,0.0,,,,1.4330708661417322,5.078817733990148,2,7.0,1.8888888888888888,0,3.675757575757576,282,22,50,2
msg_941,node0,node46,318,174007,174008.0,1.0,,,,1.427450980392157,5.078817733990148,2,7.0,1.5714285714285714,0,3.670196671709531,282,22,50,2
msg_942,node0,node14,318,174008,174009.0,1.0,,,,1.42578125,5.078817733990148,1,8.0,1.7777777777777777,0,3.6661631419939575,284,24,50,1
msg_943,node0,node31,318,174009,174010.0,1.0,,,,1.424124513618677,5.078817733990148,3,9.0,2.0,0,3.6621417797888385,283,23,50,3
msg_944,node0,node32,318,174009,174010.0,1.0,,,,1.4224806201550388,5.078817733990148,3,9.0,2.0,0,3.658132530120482,282,22,50,3
msg_945,node0,node49,318,174009,174011.0,2.0,,,,1.420849420849421,5.078817733990148,3,9.0,2.5555555555555554,0,3.654135338345865,281,21,50,3
msg_946,node1,node0,316,180000,180001.0,1.0,,,,1.0,0.0,1,1.4230769230769231,5.078817733990148,0,3.6516516516516515,329,49,50,49
msg_947,node2,node0,316,180000,180001.0,1.0,,,,1.0,0.8888888888888888,1,1.4230769230769231,5.068796068796069,0,3.6476761619190405,328,48,50,49
msg_948,node3,node0,316,180000,180002.0,2.0,,,,2.0,0.2857142857142857,1,1.4230769230769231,5.0588235294117645,0,3.643712574850299,327,47,50,49
msg_949,node4,node0,316,180000,,,,,,,,1,1.0990712074303406,5.092672413793103,0,3.453621346886912,642,22,50,49
msg_950,node5,node0,316,180000,,,,,,,,1,1.0990712074303406,5.092672413793103,0,3.453621346886912,642,22,50,49
msg_951,node6,node0,316,180000,180002.0,2.0,,,,2.0,0.875,1,1.4230769230769231,5.0513447432762835,0,3.6412556053811658,326,46,50,49
msg_952,node7,node0,316,180000,180002.0,2.0,,,,2.0,1.3,1,1.4230769230769231,5.04390243902439,0,3.638805970149254,325,45,50,49
msg_953,node8,node0,316,180000,180002.0,2.0,,,,2.0,1.5,1,1.4230769230769231,5.036496350364963,0,3.6363636363636362,324,44,50,49
msg_954,node9,node0,316,180000,180003.0,3.0,,,,3.0,0.6,1,1.4230769230769231,5.029126213592233,0,3.6339285714285716,323,43,50,49
msg_955,node10,node0,318,180000,180008.0,8.0,,,,8.0,2.111111111111111,1,1.4230769230769231,5.032634032634032,0,3.6705370101596517,306,26,50,49
msg_956,node11,node0,318,180000,,,,,,,,1,1.0990712074303406,5.092672413793103,0,3.453621346886912,642,22,50,49
msg_957,node12,node0,318,180000,,,,,,,,1,1.0990712074303406,5.092672413793103,0,3.453621346886912,642,22,50,49
msg_958,node13,node0,318,180000,180003.0,3.0,,,,3.0,1.4545454545454546,1,1.4230769230769231,5.0242130750605325,0,3.6329866270430906,322,42,50,49
msg_959,node14,node0,318,180000,180008.0,8.0,,,,8.0,1.7,1,1.4230769230769231,5.03953488372093,0,3.6768115942028987,305,25,50,49
msg_960,node15,node0,318,180000,180003.0,3.0,,,,3.0,1.5,1,1.4230769230769231,5.019323671497585,0,3.6320474777448073,321,41,50,49
msg_961,node16,node0,318,180000,,,,,,,,1,1.0990712074303406,5.092672413793103,0,3.453621346886912,642,22,50,49
msg_962,node17,node0,318,180000,180004.0,4.0,,,,4.0,0.875,1,1.4230769230769231,5.014457831325301,0,3.631111111111111,320,40,50,49
msg_963,node18,node0,318,180000,,,,,,,,1,1.0990712074303406,5.092672413793103,0,3.453621346886912,642,22,50,49
msg_964,node19,node0,318,180000,,,,,,,,1,1.0990712074303406,5.092672413793103,0,3.453621346886912,642,22,50,49
msg_965,node20,node0,318,180000,180004.0,4.0,,,,4.0,1.3333333333333333,1,1.4230769230769231,5.012019230769231,0,3.6316568047337277,319,39,50,49
msg_966,node21,node0,318,180000,180008.0,8.0,,,,8.0,2.4285714285714284,1,1.4230769230769231,5.046403712296984,0,3.683068017366136,304,24,50,49
msg_967,node22,node0,318,180000,,,,,,,,1,1.0990712074303406,5.092672413793103,0,3.453621346886912,642,22,50,49
msg_968,node23,node0,318,180000,,,,,,,,1,1.0990712074303406,5.092672413793103,0,3.453621346886912,642,22,50,49
msg_969,node24,node0,318,180000,180004.0,4.0,,,,4.0,1.6666666666666667,1,1.4230769230769231,5.009592326139089,0,3.6322008862629245,318,38,50,49
msg_970,node25,node0,318,180000,180005.0,5.0,,,,4.285714285714286,2.0,1,1.4230769230769231,5.007177033492823,0,3.6327433628318584,317,37,50,49
msg_971,node26,node0,318,180000,,,,,,,,1,1.0990712074303406,5.092672413793103,0,3.453621346886912,642,22,50,49
msg_972,node27,node0,318,180000,180005.0,5.0,,,,5.0,1.0833333333333333,1,1.4230769230769231,5.007159904534606,0,3.634756995581738,316,36,50,49
msg_973,node28,node0,318,180000,,,,,,,,1,1.0990712074303406,5.092672413793103,0,3.453621346886912,642,22,50,49
msg_974,node29,node0,318,180000,,,,,,,,1,1.0990712074303406,5.092672413793103,0,3.453621346886912,642,22,50,49
msg_975,node30,node0,318,180000,,,,,,,,1,1.0990712074303406,5.092672413793103,0,3.453621346886912,642,22,50,49
msg_976,node31,node0,318,180000,180009.0,9.0,,,,9.0,1.9,1,1.4230769230769231,5.0532407407407405,0,3.689306358381503,303,23,50,49
msg_977,node32,node0,318,180000,180009.0,9.0,,,,9.0,1.875,1,1.4230769230769231,5.062355658198614,0,3.696969696969697,302,22,50,49
msg_978,node33,node0,318,180000,180005.0,5.0,,,,5.0,1.5555555555555556,1,1.4230769230769231,5.007142857142857,0,3.636764705882353,315,35,50,49
msg_979,node34,node0,318,180000,,,,,,,,1,1.0990712074303406,5.092672413793103,0,3.453621346886912,642,22,50,49
msg_980,node35,node0,318,180000,180005.0,5.0,,,,5.0,1.875,1,1.4230769230769231,5.007125890736342,0,3.6387665198237884,314,34,50,49
msg_981,node36,node0,318,180000,180006.0,6.0,,,,6.0,1.0,1,1.4230769230769231,5.007109004739337,0,3.6407624633431084,313,33,50,49
msg_982,node37,node0,318,180000,180006.0,6.0,,,,6.0,1.75,1,1.4230769230769231,5.009456264775413,0,3.644216691068814,312,32,50,49
msg_983,node38,node0,318,180000,,,,,,,,1,1.0990712074303406,5.092672413793103,0,3.453621346886912,642,22,50,49
msg_984,node39,node0,318,180000,,,,,,,,1,1.0990712074303406,5.092672413793103,0,3.453621346886912,642,22,50,49
msg_985,node40,node0,318,180000,180006.0,6.0,,,,6.0,1.625,1,1.4230769230769231,5.011792452830188,0,3.6476608187134505,311,31,50,49
msg_986,node41,node0,318,180000,180007.0,7.0,,,,7.0,0.875,1,1.4230769230769231,5.014117647058823,0,3.651094890510949,310,30,50,49
msg_987,node42,node0,318,180000,,,,,,,,1,1.0990712074303406,5.092672413793103,0,3.453621346886912,642,22,50,49
msg_988,node43,node0,318,180000,,,,,,,,1,1.0990712074303406,5.092672413793103,0,3.453621346886912,642,22,50,49
msg_989,node44,node0,318,180000,180007.0,7.0,,,,7.0,1.5,1,1.4230769230769231,5.018779342723005,0,3.6559766763848396,309,29,50,49
msg_990,node45,node0,318,180000,180007.0,7.0,,,,7.0,1.7,1,1.4230769230769231,5.023419203747072,0,3.660844250363901,308,28,50,49
msg_991,node46,node0,318,180000,180007.0,7.0,,,,7.0,1.5,1,1.4230769230769231,5.02803738317757,0,3.6656976744186047,307,27,50,49
msg_992,node47,node0,318,180000,,,,,,,,1,1.0990712074303406,5.092672413793103,0,3.453621346886912,642,22,50,49
msg_993,node48,node0,318,180000,,,,,,,,1,1.0990712074303406,5.092672413793103,0,3.453621346886912,642,22,50,49
msg_994,node49,node0,318,180000,180009.0,9.0,,,,9.0,2.5,1,1.4230769230769231,5.071428571428571,0,3.7046109510086453,301,21,50,49
msg_995,node0,node1,317,186001,186001.0,0.0,,,,1.4230769230769231,5.080459770114943,1,1.0,0.0,0,3.712230215827338,301,21,50,1
msg_996,node0,node3,317,186002,186002.0,0.0,,,,1.417624521072797,5.080459770114943,3,2.0,0.2857142857142857,0,3.706896551724138,303,23,50,3
msg_997,node0,node6,317,186002,186003.0,1.0,,,,1.4122137404580153,5.080459770114943,3,2.0,0.875,0,3.701578192252511,305,25,50,3
msg_998,node0,node8,317,186002,186003.0,1.0,,,,1.4106463878326996,5.080459770114943,3,2.0,1.5,0,3.6977077363896846,304,24,50,3
msg_999,node0,node9,317,186003,186003.0,0.0,,,,1.4090909090909092,5.080459770114943,3,3.0,0.6,0,3.6938483547925607,303,23,50,3
msg_1000,node0,node13,318,186003,186004.0,1.0,,,,1.4037735849056603,5.080459770114943,3,3.0,1.4545454545454546,0,3.6885714285714286,303,23,50,3
msg_1001,node0,node15,318,186003,186004.0,1.0,,,,1.4022556390977443,5.080459770114943,3,3.0,1.5,0,3.6847360912981455,302,22,50,3
msg_1002,node0,node20,318,186004,186004.0,0.0,,,,1.400749063670412,5.080459770114943,1,4.0,1.3333333333333333,0,3.680911680911681,301,21,50,1
msg_1003,node0,node25,318,186005,186005.0,0.0,,,,1.3955223880597014,5.080459770114943,3,4.333333333333333,2.0,0,3.675675675675676,303,23,50,3
msg_1004,node0,node27,318,186005,186006.0,1.0,,,,1.3903345724907064,5.080459770114943,3,5.0,1.0833333333333333,0,3.6704545454545454,304,24,50,3
msg_1005,node0,node33,318,186005,186006.0,1.0,,,,1.3888888888888888,5.080459770114943,3,5.0,1.5555555555555556,0,3.6666666666666665,303,23,50,3
msg_1006,node0,node36,318,186006,186006.0,0.0,,,,1.3874538745387455,5.080459770114943,2,6.0,1.0,0,3.6628895184135977,302,22,50,2
msg_1007,node0,node40,318,186006,186007.0,1.0,,,,1.3823529411764706,5.080459770114943,2,6.0,1.625,0,3.6577086280056577,304,24,50,2
msg_1008,node0,node41,318,186007,186007.0,0.0,,,,1.380952380952381,5.080459770114943,3,7.0,0.875,0,3.653954802259887,303,23,50,3
msg_1009,node0,node44,318,186007,186008.0,1.0,,,,1.3759124087591241,5.080459770114943,3,7.0,1.5,0,3.6488011283497883,305,25,50,3
msg_1010,node0,node46,318,186007,186008.0,1.0,,,,1.3745454545454545,5.080459770114943,3,7.0,1.5,0,3.6450704225352113,304,24,50,3
msg_1011,node0,node10,318,186008,186009.0,1.0,,,,1.3731884057971016,5.080459770114943,3,8.0,2.111111111111111,0,3.6413502109704643,306,26,50,3
msg_1012,node0,node14,318,186008,186009.0,1.0,,,,1.371841155234657,5.080459770114943,3,8.0,1.7,0,3.6376404494382024,305,25,50,3
msg_1013,node0,node21,318,186008,186010.0,2.0,,,,1.370503597122302,5.080459770114943,3,8.0,2.4285714285714284,0,3.6339410939691446,304,24,50,3
msg_1014,node0,node31,318,186009,186011.0,2.0,,,,1.3727598566308243,5.080459770114943,3,9.0,1.9,0,3.6316526610644257,303,23,50,3
msg_1015,node0,node32,318,186009,186011.0,2.0,,,,1.375,5.080459770114943,3,9.0,1.875,0,3.629370629370629,302,22,50,3
msg_1016,node0,node49,318,186009,186011.0,2.0,,,,1.3772241992882561,5.080459770114943,3,9.0,2.5,0,3.627094972067039,301,21,50,3
msg_1017,node1,node0,316,192000,192001.0,1.0,,,,1.0,0.0,1,1.3794326241134751,5.080459770114943,0,3.624825662482566,349,49,50,49
msg_1018,node2,node0,316,192000,192001.0,1.0,,,,1.0,0.8888888888888888,1,1.3794326241134751,5.071100917431193,0,3.6211699164345403,348,48,50,49
msg_1019,node3,node0,316,192000,192002.0,2.0,,,,2.0,0.25,1,1.3794326241134751,5.061784897025172,0,3.6175243393602226,347,47,50,49
msg_1020,node4,node0,316,192000,,,,,,,,1,1.0990712074303406,5.092672413793103,0,3.453621346886912,642,22,50,49
msg_1021,node5,node0,316,192000,,,,,,,,1,1.0990712074303406,5.092672413793103,0,3.453621346886912,642,22,50,49
msg_1022,node6,node0,316,192000,192002.0,2.0,,,,2.0,0.8888888888888888,1,1.3794326241134751,5.054794520547945,0,3.6152777777777776,346,46,50,49
msg_1023,node7,node0,316,192000,192002.0,2.0,,,,2.0,1.3,1,1.3794326241134751,5.047835990888383,0,3.6130374479889045,345,45,50,49
msg_1024,node8,node0,316,192000,192002.0,2.0,,,,2.0,1.4444444444444444,1,1.3794326241134751,5.040909090909091,0,3.610803324099723,344,44,50,49
msg_1025,node9,node0,316,192000,192003.0,3.0,,,,3.0,0.5454545454545454,1,1.3794326241134751,5.034013605442177,0,3.608575380359613,343,43,50,49
msg_1026,node10,node0,318,192000,192008.0,8.0,,,,8.0,2.0,1,1.3794326241134751,5.037117903930131,0,3.6432432432432433,326,26,50,49
msg_1027,node11,node0,318,192000,,,,,,,,1,1.0990712074303406,5.092672413793103,0,3.453621346886912,642,22,50,49
msg_1028,node12,node0,318,192000,,,,,,,,1,1.0990712074303406,5.092672413793103,0,3.453621346886912,642,22,50,49
msg_1029,node13,node0,318,192000,192003.0,3.0,,,,3.0,1.4166666666666667,1,1.3794326241134751,5.029411764705882,0,3.6077348066298343,342,42,50,49
msg_1030,node14,node0,318,192000,192008.0,8.0,,,,8.0,1.6363636363636365,1,1.3794326241134751,5.0435729847494555,0,3.6491228070175437,325,25,50,49
msg_1031,node15,node0,318,192000,192003.0,3.0,,,,3.0,1.4545454545454546,1,1.3794326241134751,5.024830699774267,0,3.606896551724138,341,41,50,49
msg_1032,node16,node0,318,192000,,,,,,,,1,1.0990712074303406,5.092672413793103,0,3.453621346886912,642,22,50,49
msg_1033,node17,node0,318,192000,192004.0,4.0,,,,4.0,0.875,1,1.3794326241134751,5.02027027027027,0,3.606060606060606,340,40,50,49
msg_1034,node18,node0,318,192000,,,,,,,,1,1.0990712074303406,5.092672413793103,0,3.453621346886912,642,22,50,49
msg_1035,node19,node0,318,192000,,,,,,,,1,1.0990712074303406,5.092672413793103,0,3.453621346886912,642,22,50,49
msg_1036,node20,node0,318,192000,192004.0,4.0,,,,4.0,1.2,1,1.3794326241134751,5.0179775280898875,0,3.606602475928473,339,39,50,49
msg_1037,node21,node0,318,192000,192008.0,8.0,,,,8.0,2.375,1,1.3794326241134751,5.05,0,3.6549865229110514,324,24,50,49
msg_1038,node22,node0,318,192000,,,,,,,,1,1.0990712074303406,5.092672413793103,0,3.453621346886912,642,22,50,49
msg_1039,node23,node0,318,192000,,,,,,,,1,1.0990712074303406,5.092672413793103,0,3.453621346886912,642,22,50,49
msg_1040,node24,node0,318,192000,192004.0,4.0,,,,4.0,1.6666666666666667,1,1.3794326241134751,5.015695067264574,0,3.607142857142857,338,38,50,49
msg_1041,node25,node0,318,192000,192005.0,5.0,,,,4.333333333333333,1.8,1,1.3794326241134751,5.0134228187919465,0,3.607681755829904,337,37,50,49
msg_1042,node26,node0,318,192000,,,,,,,,1,1.0990712074303406,5.092672413793103,0,3.453621346886912,642,22,50,49
msg_1043,node27,node0,318,192000,192005.0,5.0,,,,5.0,1.0769230769230769,1,1.3794326241134751,5.013392857142857,0,3.6095890410958904,336,36,50,49
msg_1044,node28,node0,318,192000,,,,,,,,1,1.0990712074303406,5.092672413793103,0,3.453621346886912,642,22,50,49
msg_1045,node29,node0,318,192000,,,,,,,,1,1.0990712074303406,5.092672413793103,0,3.453621346886912,642,22,50,49
msg_1046,node30,node0,318,192000,,,,,,,,1,1.0990712074303406,5.092672413793103,0,3.453621346886912,642,22,50,49
msg_1047,node31,node0,318,192000,192009.0,9.0,,,,9.0,1.9090909090909092,1,1.3794326241134751,5.056399132321041,0,3.660834454912517,323,23,50,49
msg_1048,node32,node0,318,192000,192009.0,9.0,,,,9.0,1.8888888888888888,1,1.3794326241134751,5.064935064935065,0,3.668010752688172,322,22,50,49
msg_1049,node33,node0,318,192000,192005.0,5.0,,,,5.0,1.5,1,1.3794326241134751,5.013363028953229,0,3.6114911080711356,335,35,50,49
msg_1050,node34,node0,318,192000,,,,,,,,1,1.0990712074303406,5.092672413793103,0,3.453621346886912,642,22,50,49
msg_1051,node35,node0,318,192000,192005.0,5.0,,,,5.0,1.875,1,1.3794326241134751,5.013333333333334,0,3.6133879781420766,334,34,50,49
msg_1052,node36,node0,318,192000,192006.0,6.0,,,,6.0,0.9090909090909091,1,1.3794326241134751,5.013303769401331,0,3.6152796725784446,333,33,50,49
msg_1053,node37,node0,318,192000,192006.0,6.0,,,,6.0,1.75,1,1.3794326241134751,5.015486725663717,0,3.6185286103542236,332,32,50,49
msg_1054,node38,node0,318,192000,,,,,,,,1,1.0990712074303406,5.092672413793103,0,3.453621346886912,642,22,50,49
msg_1055,node39,node0,318,192000,,,,,,,,1,1.0990712074303406,5.092672413793103,0,3.453621346886912,642,22,50,49
msg_1056,node40,node0,318,192000,192006.0,6.0,,,,6.0,1.5555555555555556,1,1.3794326241134751,5.0176600441501105,0,3.6217687074829934,331,31,50,49
msg_1057,node41,node0,318,192000,192007.0,7.0,,,,7.0,0.7777777777777778,1,1.3794326241134751,5.0198237885462555,0,3.625,330,30,50,49
msg_1058,node42,node0,318,192000,,,,,,,,1,1.0990712074303406,5.092672413793103,0,3.453621346886912,642,22,50,49
msg_1059,node43,node0,318,192000,,,,,,,,1,1.0990712074303406,5.092672413793103,0,3.453621346886912,642,22,50,49
msg_1060,node44,node0,318,192000,192007.0,7.0,,,,7.0,1.4444444444444444,1,1.3794326241134751,5.024175824175824,0,3.6295793758480324,329,29,50,49
msg_1061,node45,node0,318,192000,192007.0,7.0,,,,7.0,1.7,1,1.3794326241134751,5.0285087719298245,0,3.6341463414634148,328,28,50,49
msg_1062,node46,node0,318,192000,192007.0,7.0,,,,7.0,1.4444444444444444,1,1.3794326241134751,5.032822757111598,0,3.6387009472259813,327,27,50,49
msg_1063,node47,node0,318,192000,,,,,,,,1,1.0990712074303406,5.092672413793103,0,3.453621346886912,642,22,50,49
msg_1064,node48,node0,318,192000,,,,,,,,1,1.0990712074303406,5.092672413793103,0,3.453621346886912,642,22,50,49
msg_1065,node49,node0,318,192000,192009.0,9.0,,,,9.0,2.4545454545454546,1,1.3794326241134751,5.073434125269978,0,3.6751677852348994,321,21,50,49
msg_1066,node0,node1,317,198001,198001.0,0.0,,,,1.3794326241134751,5.081896551724138,2,1.0,0.0,0,3.6823056300268098,322,22,50,2
msg_1067,node0,node2,317,198001,198002.0,1.0,,,,1.3745583038869258,5.081896551724138,2,1.0,0.8888888888888888,0,3.677376171352075,324,24,50,2
msg_1068,node0,node3,317,198002,198002.0,0.0,,,,1.3732394366197183,5.081896551724138,3,2.0,0.25,0,3.6737967914438503,323,23,50,3
msg_1069,node0,node6,317,198002,198003.0,1.0,,,,1.368421052631579,5.081896551724138,3,2.0,0.8888888888888888,0,3.6688918558077437,324,24,50,3
msg_1070,node0,node8,317,198002,198003.0,1.0,,,,1.367132867132867,5.081896551724138,3,2.0,1.4444444444444444,0,3.6653333333333333,323,23,50,3
msg_1071,node0,node13,318,198003,198003.0,0.0,,,,1.3658536585365855,5.081896551724138,2,3.0,1.4166666666666667,0,3.6617842876165114,322,22,50,2
msg_1072,node0,node15,318,198003,198004.0,1.0,,,,1.3611111111111112,5.081896551724138,2,3.0,1.4545454545454546,0,3.6569148936170213,324,24,50,2
msg_1073,node0,node17,318,198004,198004.0,0.0,,,,1.3598615916955017,5.081896551724138,3,4.0,0.875,0,3.653386454183267,323,23,50,3
msg_1074,node0,node20,318,198004,198005.0,1.0,,,,1.3551724137931034,5.081896551724138,3,4.0,1.2,0,3.6485411140583555,325,25,50,3
msg_1075,node0,node24,318,198004,198005.0,1.0,,,,1.3539518900343643,5.081896551724138,3,4.0,1.6666666666666667,0,3.6450331125827815,324,24,50,3
msg_1076,node0,node25,318,198005,198005.0,0.0,,,,1.3527397260273972,5.081896551724138,3,4.375,1.8,0,3.6415343915343916,323,23,50,3
msg_1077,node0,node33,318,198005,198006.0,1.0,,,,1.348122866894198,5.081896551724138,3,5.0,1.5,0,3.6367239101717304,323,23,50,3
msg_1078,node0,node35,318,198005,198006.0,1.0,,,,1.346938775510204,5.081896551724138,3,5.0,1.875,0,3.633245382585752,322,22,50,3
msg_1079,node0,node36,318,198006,198006.0,0.0,,,,1.3457627118644069,5.081896551724138,1,6.0,0.9090909090909091,0,3.629776021080369,321,21,50,1
msg_1080,node0,node44,318,198007,198007.0,0.0,,,,1.3412162162162162,5.081896551724138,3,7.0,1.4444444444444444,0,3.625,323,23,50,3
msg_1081,node0,node45,318,198007,198008.0,1.0,,,,1.3367003367003367,5.081896551724138,3,7.0,1.7,0,3.6202365308804203,325,25,50,3
msg_1082,node0,node46,318,198007,198008.0,1.0,,,,1.3355704697986577,5.081896551724138,3,7.0,1.4444444444444444,0,3.6167979002624673,324,24,50,3
msg_1083,node0,node10,318,198008,198009.0,1.0,,,,1.334448160535117,5.081896551724138,3,8.0,2.0,0,3.613368283093054,325,25,50,3
msg_1084,node0,node14,318,198008,198009.0,1.0,,,,1.3333333333333333,5.081896551724138,3,8.0,1.6363636363636365,0,3.6099476439790577,324,24,50,3
msg_1085,node0,node21,318,198008,198010.0,2.0,,,,1.3322259136212624,5.081896551724138,3,8.0,2.375,0,3.6065359477124184,323,23,50,3
msg_1086,node0,node32,318,198009,198011.0,2.0,,,,1.3344370860927153,5.081896551724138,2,9.0,1.8888888888888888,0,3.60443864229765,322,22,50,2
msg_1087,node0,node49,318,198009,198011.0,2.0,,,,1.3366336633663367,5.081896551724138,2,9.0,2.4545454545454546,0,3.6023468057366363,321,21,50,2
msg_1088,node1,node0,316,204000,204001.0,1.0,,,,1.0,0.0,1,1.3388157894736843,5.081896551724138,0,3.6002604166666665,369,49,50,49
msg_1089,node2,node0,316,204000,204001.0,1.0,,,,1.0,0.9,1,1.3388157894736843,5.073118279569893,0,3.5968790637191157,368,48,50,49
msg_1090,node3,node0,316,204000,204002.0,2.0,,,,2.0,0.2222222222222222,1,1.3388157894736843,5.064377682403434,0,3.5935064935064935,367,47,50,49
msg_1091,node4,node0,316,204000,,,,,,,,1,1.0990712074303406,5.092672413793103,0,3.453621346886912,642,22,50,49
msg_1092,node5,node0,316,204000,,,,,,,,1,1.0990712074303406,5.092672413793103,0,3.453621346886912,642,22,50,49
msg_1093,node6,node0,316,204000,204002.0,2.0,,,,2.0,0.9,1,1.3388157894736843,5.057815845824411,0,3.5914396887159534,366,46,50,49
msg_1094,node7,node0,316,204000,204002.0,2.0,,,,2.0,1.3,1,1.3388157894736843,5.051282051282051,0,3.589378238341969,365,45,50,49
msg_1095,node8,node0,316,204000,204002.0,2.0,,,,2.0,1.4,1,1.3388157894736843,5.044776119402985,0,3.5873221216041395,364,44,50,49
msg_1096,node9,node0,316,204000,204003.0,3.0,,,,3.0,0.5454545454545454,1,1.3388157894736843,5.038297872340426,0,3.5852713178294575,363,43,50,49
msg_1097,node10,node0,318,204000,204008.0,8.0,,,,8.0,1.9090909090909092,1,1.3388157894736843,5.041067761806982,0,3.618204804045512,346,26,50,49
msg_1098,node11,node0,318,204000,,,,,,,,1,1.0990712074303406,5.092672413793103,0,3.453621346886912,642,22,50,49
msg_1099,node12,node0,318,204000,,,,,,,,1,1.0990712074303406,5.092672413793103,0,3.453621346886912,642,22,50,49
msg_1100,node13,node0,318,204000,204003.0,3.0,,,,3.0,1.3076923076923077,1,1.3388157894736843,5.033970276008493,0,3.584516129032258,362,42,50,49
msg_1101,node14,node0,318,204000,204008.0,8.0,,,,8.0,1.5833333333333333,1,1.3388157894736843,5.047131147540983,0,3.6237373737373737,345,25,50,49
msg_1102,node15,node0,318,204000,204003.0,3.0,,,,3.0,1.4166666666666667,1,1.3388157894736843,5.029661016949152,0,3.5837628865979383,361,41,50,49
msg_1103,node16,node0,318,204000,,,,,,,,1,1.0990712074303406,5.092672413793103,0,3.453621346886912,642,22,50,49
msg_1104,node17,node0,318,204000,204004.0,4.0,,,,4.0,0.7777777777777778,1,1.3388157894736843,5.025369978858351,0,3.583011583011583,360,40,50,49
msg_1105,node18,node0,318,204000,,,,,,,,1,1.0990712074303406,5.092672413793103,0,3.453621346886912,642,22,50,49
msg_1106,node19,node0,318,204000,,,,,,,,1,1.0990712074303406,5.092672413793103,0,3.453621346886912,642,22,50,49
msg_1107,node20,node0,318,204000,204004.0,4.0,,,,4.0,1.1818181818181819,1,1.3388157894736843,5.023206751054852,0,3.583547557840617,359,39,50,49
msg_1108,node21,node0,318,204000,204008.0,8.0,,,,8.0,2.3333333333333335,1,1.3388157894736843,5.0531697341513295,0,3.629255989911728,344,24,50,49
msg_1109,node22,node0,318,204000,,,,,,,,1,1.0990712074303406,5.092672413793103,0,3.453621346886912,642,22,50,49
msg_1110,node23,node0,318,204000,,,,,,,,1,1.0990712074303406,5.092672413793103,0,3.453621346886912,642,22,50,49
msg_1111,node24,node0,318,204000,204004.0,4.0,,,,4.0,1.6,1,1.3388157894736843,5.021052631578947,0,3.5840821566110397,358,38,50,49
msg_1112,node25,node0,318,204000,204005.0,5.0,,,,4.375,1.6363636363636365,1,1.3388157894736843,5.01890756302521,0,3.5846153846153848,357,37,50,49
msg_1113,node26,node0,318,204000,,,,,,,,1,1.0990712074303406,5.092672413793103,0,3.453621346886912,642,22,50,49
msg_1114,node27,node0,318,204000,204005.0,5.0,,,,5.0,1.0769230769230769,1,1.3388157894736843,5.018867924528302,0,3.586427656850192,356,36,50,49
msg_1115,node28,node0,318,204000,,,,,,,,1,1.0990712074303406,5.092672413793103,0,3.453621346886912,642,22,50,49
msg_1116,node29,node0,318,204000,,,,,,,,1,1.0990712074303406,5.092672413793103,0,3.453621346886912,642,22,50,49
msg_1117,node30,node0,318,204000,,,,,,,,1,1.0990712074303406,5.092672413793103,0,3.453621346886912,642,22,50,49
msg_1118,node31,node0,318,204000,204009.0,9.0,,,,9.0,1.9090909090909092,1,1.3388157894736843,5.059183673469388,0,3.6347607052896724,343,23,50,49
msg_1119,node32,node0,318,204000,204009.0,9.0,,,,9.0,1.9,1,1.3388157894736843,5.067209775967413,0,3.641509433962264,342,22,50,49
msg_1120,node33,node0,318,204000,204005.0,5.0,,,,5.0,1.4545454545454546,1,1.3388157894736843,5.018828451882845,0,3.588235294117647,355,35,50,49
msg_1121,node34,node0,318,204000,,,,,,,,1,1.0990712074303406,5.092672413793103,0,3.453621346886912,642,22,50,49
msg_1122,node35,node0,318,204000,204005.0,5.0,,,,5.0,1.7777777777777777,1,1.3388157894736843,5.018789144050104,0,3.5900383141762453,354,34,50,49
msg_1123,node36,node0,318,204000,204006.0,6.0,,,,6.0,0.8333333333333334,1,1.3388157894736843,5.01875,0,3.5918367346938775,353,33,50,49
msg_1124,node37,node0,318,204000,204006.0,6.0,,,,6.0,1.75,1,1.3388157894736843,5.020790020790021,0,3.594904458598726,352,32,50,49
msg_1125,node38,node0,318,204000,,,,,,,,1,1.0990712074303406,5.092672413793103,0,3.453621346886912,642,22,50,49
msg_1126,node39,node0,318,204000,,,,,,,,1,1.0990712074303406,5.092672413793103,0,3.453621346886912,642,22,50,49
msg_1127,node40,node0,318,204000,204006.0,6.0,,,,6.0,1.5555555555555556,1,1.3388157894736843,5.022821576763485,0,3.5979643765903306,351,31,50,49
msg_1128,node41,node0,318,204000,204007.0,7.0,,,,7.0,0.7777777777777778,1,1.3388157894736843,5.024844720496894,0,3.6010165184243963,350,30,50,49
msg_1129,node42,node0,318,204000,,,,,,,,1,1.0990712074303406,5.092672413793103,0,3.453621346886912,642,22,50,49
msg_1130,node43,node0,318,204000,,,,,,,,1,1.0990712074303406,5.092672413793103,0,3.453621346886912,642,22,50,49
msg_1131,node44,node0,318,204000,204007.0,7.0,,,,7.0,1.3,1,1.3388157894736843,5.028925619834711,0,3.6053299492385786,349,29,50,49
msg_1132,node45,node0,318,204000,204007.0,7.0,,,,7.0,1.6363636363636365,1,1.3388157894736843,5.032989690721649,0,3.609632446134347,348,28,50,49
msg_1133,node46,node0,318,204000,204007.0,7.0,,,,7.0,1.4,1,1.3388157894736843,5.037037037037037,0,3.6139240506329116,347,27,50,49
msg_1134,node47,node0,318,204000,,,,,,,,1,1.0990712074303406,5.092672413793103,0,3.453621346886912,642,22,50,49
msg_1135,node48,node0,318,204000,,,,,,,,1,1.0990712074303406,5.092672413793103,0,3.453621346886912,642,22,50,49
msg_1136,node49,node0,318,204000,204009.0,9.0,,,,9.0,2.4166666666666665,1,1.3388157894736843,5.07520325203252,0,3.648241206030151,341,21,50,49
msg_1137,node0,node1,317,210001,210001.0,0.0,,,,1.3388157894736843,5.0831643002028395,2,1.0,0.0,0,3.6549560853199496,342,22,50,2
msg_1138,node0,node2,317,210001,210002.0,1.0,,,,1.3344262295081968,5.0831643002028395,2,1.0,0.9,0,3.6503759398496243,345,25,50,2
msg_1139,node0,node3,317,210002,210002.0,0.0,,,,1.3333333333333333,5.0831643002028395,4,2.0,0.2222222222222222,0,3.6470588235294117,344,24,50,4
msg_1140,node0,node6,317,210002,210003.0,1.0,,,,1.3289902280130292,5.0831643002028395,4,2.0,0.9,0,3.6425,344,24,50,4
msg_1141,node0,node7,317,210002,210003.0,1.0,,,,1.327922077922078,5.0831643002028395,4,2.0,1.3,0,3.6392009987515603,343,23,50,4
msg_1142,node0,node8,317,210002,210003.0,1.0,,,,1.3268608414239482,5.0831643002028395,4,2.0,1.4,0,3.6359102244389025,342,22,50,4
msg_1143,node0,node9,317,210003,210004.0,1.0,,,,1.3258064516129033,5.0831643002028395,1,3.0,0.5454545454545454,0,3.6326276463262763,344,24,50,1
msg_1144,node0,node17,318,210004,210004.0,0.0,,,,1.32475884244373,5.0831643002028395,3,4.0,0.7777777777777778,0,3.629353233830846,343,23,50,3
msg_1145,node0,node20,318,210004,210005.0,1.0,,,,1.3205128205128205,5.0831643002028395,3,4.0,1.1818181818181819,0,3.6248447204968945,346,26,50,3
msg_1146,node0,node24,318,210004,210005.0,1.0,,,,1.3194888178913737,5.0831643002028395,3,4.0,1.6,0,3.6215880893300247,345,25,50,3
msg_1147,node0,node25,318,210005,210005.0,0.0,,,,1.3184713375796178,5.0831643002028395,4,4.411764705882353,1.6363636363636365,0,3.618339529120198,344,24,50,4
msg_1148,node0,node27,318,210005,210006.0,1.0,,,,1.3142857142857143,5.0831643002028395,4,5.0,1.0769230769230769,0,3.613861386138614,344,24,50,4
msg_1149,node0,node33,318,210005,210006.0,1.0,,,,1.3132911392405062,5.0831643002028395,4,5.0,1.4545454545454546,0,3.6106304079110014,343,23,50,4
msg_1150,node0,node35,318,210005,210006.0,1.0,,,,1.3123028391167193,5.0831643002028395,4,5.0,1.7777777777777777,0,3.6074074074074076,342,22,50,4
msg_1151,node0,node37,318,210006,210007.0,1.0,,,,1.3113207547169812,5.0831643002028395,1,6.0,1.75,0,3.6041923551171395,345,25,50,1
msg_1152,node0,node41,318,210007,210007.0,0.0,,,,1.3103448275862069,5.0831643002028395,4,7.0,0.7777777777777778,0,3.600985221674877,344,24,50,4
msg_1153,node0,node44,318,210007,210008.0,1.0,,,,1.30625,5.0831643002028395,4,7.0,1.3,0,3.5965559655596557,346,26,50,4
msg_1154,node0,node45,318,210007,210008.0,1.0,,,,1.3052959501557633,5.0831643002028395,4,7.0,1.6363636363636365,0,3.5933660933660936,345,25,50,4
msg_1155,node0,node46,318,210007,210008.0,1.0,,,,1.3043478260869565,5.0831643002028395,4,7.0,1.4,0,3.5901840490797547,344,24,50,4
msg_1156,node0,node10,318,210008,210009.0,1.0,,,,1.303405572755418,5.0831643002028395,3,8.0,1.9090909090909092,0,3.5870098039215685,345,25,50,3
msg_1157,node0,node14,318,210008,210010.0,2.0,,,,1.3024691358024691,5.0831643002028395,3,8.0,1.5833333333333333,0,3.583843329253366,344,24,50,3
msg_1158,node0,node21,318,210008,210010.0,2.0,,,,1.3046153846153845,5.0831643002028395,3,8.0,2.3333333333333335,0,3.5819070904645476,343,23,50,3
msg_1159,node0,node32,318,210009,210011.0,2.0,,,,1.3067484662576687,5.0831643002028395,2,9.0,1.9,0,3.57997557997558,342,22,50,2
msg_1160,node0,node49,318,210009,210011.0,2.0,,,,1.308868501529052,5.0831643002028395,2,9.0,2.4166666666666665,0,3.578048780487805,341,21,50,2
msg_1161,node1,node0,316,216000,216001.0,1.0,,,,1.0,0.0,1,1.3109756097560976,5.0831643002028395,0,3.5761266747868454,389,49,50,49
msg_1162,node2,node0,316,216000,216001.0,1.0,,,,1.0,0.9090909090909091,1,1.3109756097560976,5.074898785425101,0,3.572992700729927,388,48,50,49
msg_1163,node3,node0,316,216000,216002.0,2.0,,,,2.0,0.2,1,1.3109756097560976,5.066666666666666,0,3.5698663426488455,387,47,50,49
msg_1164,node4,node0,316,216000,,,,,,,,1,1.0990712074303406,5.092672413793103,0,3.453621346886912,642,22,50,49
msg_1165,node5,node0,316,216000,,,,,,,,1,1.0990712074303406,5.092672413793103,0,3.453621346886912,642,22,50,49
msg_1166,node6,node0,316,216000,216002.0,2.0,,,,2.0,0.9090909090909091,1,1.3109756097560976,5.060483870967742,0,3.5679611650485437,386,46,50,49
msg_1167,node7,node0,316,216000,216002.0,2.0,,,,2.0,1.2727272727272727,1,1.3109756097560976,5.054325955734407,0,3.566060606060606,385,45,50,49
msg_1168,node8,node0,316,216000,216002.0,2.0,,,,2.0,1.3636363636363635,1,1.3109756097560976,5.048192771084337,0,3.5641646489104115,384,44,50,49
msg_1169,node9,node0,316,216000,216003.0,3.0,,,,3.0,0.5833333333333334,1,1.3109756097560976,5.0420841683366735,0,3.562273276904474,383,43,50,49
msg_1170,node10,node0,318,216000,216008.0,8.0,,,,8.0,1.8333333333333333,1,1.3109756097560976,5.044573643410852,0,3.593601895734597,366,26,50,49
msg_1171,node11,node0,318,216000,,,,,,,,1,1.0990712074303406,5.092672413793103,0,3.453621346886912,642,22,50,49
msg_1172,node12,node0,318,216000,,,,,,,,1,1.0990712074303406,5.092672413793103,0,3.453621346886912,642,22,50,49
msg_1173,node13,node0,318,216000,216003.0,3.0,,,,3.0,1.3076923076923077,1,1.3109756097560976,5.038,0,3.5615942028985508,382,42,50,49
msg_1174,node14,node0,318,216000,216008.0,8.0,,,,8.0,1.6153846153846154,1,1.3109756097560976,5.050290135396518,0,3.5988165680473374,365,25,50,49
msg_1175,node15,node0,318,216000,216003.0,3.0,,,,3.0,1.4166666666666667,1,1.3109756097560976,5.033932135728543,0,3.5609167671893847,381,41,50,49
msg_1176,node16,node0,318,216000,,,,,,,,1,1.0990712074303406,5.092672413793103,0,3.453621346886912,642,22,50,49
msg_1177,node17,node0,318,216000,216004.0,4.0,,,,4.0,0.7,1,1.3109756097560976,5.02988047808765,0,3.5602409638554215,380,40,50,49
msg_1178,node18,node0,318,216000,,,,,,,,1,1.0990712074303406,5.092672413793103,0,3.453621346886912,642,22,50,49
msg_1179,node19,node0,318,216000,,,,,,,,1,1.0990712074303406,5.092672413793103,0,3.453621346886912,642,22,50,49
msg_1180,node20,node0,318,216000,216004.0,4.0,,,,4.0,1.1666666666666667,1,1.3109756097560976,5.027833001988071,0,3.5607701564380263,379,39,50,49
msg_1181,node21,node0,318,216000,216008.0,8.0,,,,8.0,2.3,1,1.3109756097560976,5.055984555984556,0,3.604018912529551,364,24,50,49
msg_1182,node22,node0,318,216000,,,,,,,,1,1.0990712074303406,5.092672413793103,0,3.453621346886912,642,22,50,49
msg_1183,node23,node0,318,216000,,,,,,,,1,1.0990712074303406,5.092672413793103,0,3.453621346886912,642,22,50,49
msg_1184,node24,node0,318,216000,216004.0,4.0,,,,4.0,1.5454545454545454,1,1.3109756097560976,5.025793650793651,0,3.561298076923077,378,38,50,49
msg_1185,node25,node0,318,216000,216005.0,5.0,,,,4.411764705882353,1.5,1,1.3109756097560976,5.023762376237624,0,3.5618247298919568,377,37,50,49
msg_1186,node26,node0,318,216000,,,,,,,,1,1.0990712074303406,5.092672413793103,0,3.453621346886912,642,22,50,49
msg_1187,node27,node0,318,216000,216005.0,5.0,,,,5.0,1.0714285714285714,1,1.3109756097560976,5.023715415019763,0,3.563549160671463,376,36,50,49
msg_1188,node28,node0,318,216000,,,,,,,,1,1.0990712074303406,5.092672413793103,0,3.453621346886912,642,22,50,49
msg_1189,node29,node0,318,216000,,,,,,,,1,1.0990712074303406,5.092672413793103,0,3.453621346886912,642,22,50,49
msg_1190,node30,node0,318,216000,,,,,,,,1,1.0990712074303406,5.092672413793103,0,3.453621346886912,642,22,50,49
msg_1191,node31,node0,318,216000,216009.0,9.0,,,,9.0,1.9090909090909092,1,1.3109756097560976,5.061657032755298,0,3.6092089728453365,363,23,50,49
msg_1192,node32,node0,318,216000,216009.0,9.0,,,,9.0,1.9090909090909092,1,1.3109756097560976,5.069230769230769,0,3.615566037735849,362,22,50,49
msg_1193,node33,node0,318,216000,216005.0,5.0,,,,5.0,1.4166666666666667,1,1.3109756097560976,5.023668639053255,0,3.565269461077844,375,35,50,49
msg_1194,node34,node0,318,216000,,,,,,,,1,1.0990712074303406,5.092672413793103,0,3.453621346886912,642,22,50,49
msg_1195,node35,node0,318,216000,216005.0,5.0,,,,5.0,1.7,1,1.3109756097560976,5.0236220472440944,0,3.5669856459330145,374,34,50,49
msg_1196,node36,node0,318,216000,216006.0,6.0,,,,6.0,0.8333333333333334,1,1.3109756097560976,5.023575638506876,0,3.5686977299880525,373,33,50,49
msg_1197,node37,node0,318,216000,216006.0,6.0,,,,6.0,1.6666666666666667,1,1.3109756097560976,5.025490196078431,0,3.571599045346062,372,32,50,49
msg_1198,node38,node0,318,216000,,,,,,,,1,1.0990712074303406,5.092672413793103,0,3.453621346886912,642,22,50,49
msg_1199,node39,node0,318,216000,,,,,,,,1,1.0990712074303406,5.092672413793103,0,3.453621346886912,642,22,50,49
msg_1200,node40,node0,318,216000,216006.0,6.0,,,,6.0,1.5555555555555556,1,1.3109756097560976,5.027397260273973,0,3.5744934445768775,371,31,50,49
msg_1201,node41,node0,318,216000,216007.0,7.0,,,,7.0,0.7,1,1.3109756097560976,5.029296875,0,3.5773809523809526,370,30,50,49
msg_1202,node42,node0,318,216000,,,,,,,,1,1.0990712074303406,5.092672413793103,0,3.453621346886912,642,22,50,49
msg_1203,node43,node0,318,216000,,,,,,,,1,1.0990712074303406,5.092672413793103,0,3.453621346886912,642,22,50,49
msg_1204,node44,node0,318,216000,216007.0,7.0,,,,7.0,1.2727272727272727,1,1.3109756097560976,5.033138401559454,0,3.581450653983353,369,29,50,49
msg_1205,node45,node0,318,216000,216007.0,7.0,,,,7.0,1.5833333333333333,1,1.3109756097560976,5.036964980544747,0,3.5855106888361044,368,28,50,49
msg_1206,node46,node0,318,216000,216007.0,7.0,,,,7.0,1.3636363636363635,1,1.3109756097560976,5.040776699029126,0,3.589561091340451,367,27,50,49
msg_1207,node47,node0,318,216000,,,,,,,,1,1.0990712074303406,5.092672413793103,0,3.453621346886912,642,22,50,49
msg_1208,node48,node0,318,216000,,,,,,,,1,1.0990712074303406,5.092672413793103,0,3.453621346886912,642,22,50,49
msg_1209,node49,node0,318,216000,216009.0,9.0,,,,9.0,2.3846153846153846,1,1.3109756097560976,5.076775431861805,0,3.6219081272084805,361,21,50,49
msg_1210,node0,node1,317,222001,222001.0,0.0,,,,1.3109756097560976,5.084291187739463,2,1.0,0.0,0,3.6282352941176472,362,22,50,2
msg_1211,node0,node2,317,222001,222002.0,1.0,,,,1.3069908814589666,5.084291187739463,2,1.0,0.9090909090909091,0,3.6239717978848414,364,24,50,2
msg_1212,node0,node3,317,222002,222002.0,0.0,,,,1.3060606060606061,5.084291187739463,3,2.0,0.2,0,3.6208920187793425,363,23,50,3
msg_1213,node0,node6,317,222002,222003.0,1.0,,,,1.3021148036253776,5.084291187739463,3,2.0,0.9090909090909091,0,3.6166471277842906,365,25,50,3
msg_1214,node0,node8,317,222002,222003.0,1.0,,,,1.3012048192771084,5.084291187739463,3,2.0,1.3636363636363635,0,3.613583138173302,364,24,50,3
msg_1215,node0,node9,317,222003,222003.0,0.0,,,,1.3003003003003002,5.084291187739463,3,3.0,0.5833333333333334,0,3.610526315789474,363,23,50,3
msg_1216,node0,node13,318,222003,222004.0,1.0,,,,1.2964071856287425,5.084291187739463,3,3.0,1.3076923076923077,0,3.6063084112149535,365,25,50,3
msg_1217,node0,node15,318,222003,222004.0,1.0,,,,1.2955223880597015,5.084291187739463,3,3.0,1.4166666666666667,0,3.603267211201867,364,24,50,3
msg_1218,node0,node17,318,222004,222004.0,0.0,,,,1.2946428571428572,5.084291187739463,3,4.0,0.7,0,3.6002331002331003,363,23,50,3
msg_1219,node0,node20,318,222004,222005.0,1.0,,,,1.2908011869436202,5.084291187739463,3,4.0,1.1666666666666667,0,3.5960419091967406,366,26,50,3
msg_1220,node0,node24,318,222004,222005.0,1.0,,,,1.2899408284023668,5.084291187739463,3,4.0,1.5454545454545454,0,3.5930232558139537,365,25,50,3
msg_1221,node0,node25,318,222005,222005.0,0.0,,,,1.289085545722714,5.084291187739463,4,4.444444444444445,1.5,0,3.5900116144018583,364,24,50,4
msg_1222,node0,node27,318,222005,222006.0,1.0,,,,1.285294117647059,5.084291187739463,4,5.0,1.0714285714285714,0,3.58584686774942,366,26,50,4
msg_1223,node0,node33,318,222005,222006.0,1.0,,,,1.284457478005865,5.084291187739463,4,5.0,1.4166666666666667,0,3.582850521436848,365,25,50,4
msg_1224,node0,node35,318,222005,222006.0,1.0,,,,1.2836257309941521,5.084291187739463,4,5.0,1.7,0,3.579861111111111,364,24,50,4
msg_1225,node0,node36,318,222006,222007.0,1.0,,,,1.282798833819242,5.084291187739463,3,6.0,0.8333333333333334,0,3.576878612716763,366,26,50,3
msg_1226,node0,node37,318,222006,222007.0,1.0,,,,1.2819767441860466,5.084291187739463,3,6.0,1.6666666666666667,0,3.5739030023094687,365,25,50,3
msg_1227,node0,node40,318,222006,222007.0,1.0,,,,1.281159420289855,5.084291187739463,3,6.0,1.5555555555555556,0,3.5709342560553634,364,24,50,3
msg_1228,node0,node41,318,222007,222008.0,1.0,,,,1.2803468208092486,5.084291187739463,3,7.0,0.7,0,3.5679723502304146,364,24,50,3
msg_1229,node0,node44,318,222007,222008.0,1.0,,,,1.2795389048991355,5.084291187739463,3,7.0,1.2727272727272727,0,3.565017261219793,363,23,50,3
msg_1230,node0,node45,318,222007,222008.0,1.0,,,,1.278735632183908,5.084291187739463,3,7.0,1.5833333333333333,0,3.5620689655172413,362,22,50,3
msg_1231,node0,node10,318,222008,222010.0,2.0,,,,1.2779369627507164,5.084291187739463,1,8.0,1.8333333333333333,0,3.5591274397244548,362,22,50,1
msg_1232,node0,node31,318,222009,222011.0,2.0,,,,1.28,5.084291187739463,1,9.0,1.9090909090909092,0,3.5573394495412844,361,21,50,1
msg_1233,node1,node0,316,228000,228001.0,1.0,,,,1.0,0.0,1,1.2820512820512822,5.084291187739463,0,3.5555555555555554,409,49,50,49
msg_1234,node2,node0,316,228000,228001.0,1.0,,,,1.0,0.9166666666666666,1,1.2820512820512822,5.076481835564054,0,3.5526315789473686,408,48,50,49
msg_1235,node3,node0,316,228000,228002.0,2.0,,,,2.0,0.18181818181818182,1,1.2820512820512822,5.068702290076335,0,3.549714285714286,407,47,50,49
msg_1236,node4,node0,316,228000,,,,,,,,1,1.0990712074303406,5.092672413793103,0,3.453621346886912,642,22,50,49
msg_1237,node5,node0,316,228000,,,,,,,,1,1.0990712074303406,5.092672413793103,0,3.453621346886912,642,22,50,49
msg_1238,node6,node0,316,228000,228002.0,2.0,,,,2.0,0.9166666666666666,1,1.2820512820512822,5.062857142857143,0,3.547945205479452,406,46,50,49
msg_1239,node7,node0,316,228000,228002.0,2.0,,,,2.0,1.2727272727272727,1,1.2820512820512822,5.057034220532319,0,3.54618015963512,405,45,50,49
msg_1240,node8,node0,316,228000,228002.0,2.0,,,,2.0,1.3333333333333333,1,1.2820512820512822,5.05123339658444,0,3.5444191343963554,404,44,50,49
msg_1241,node9,node0,316,228000,228003.0,3.0,,,,3.0,0.5384615384615384,1,1.2820512820512822,5.045454545454546,0,3.5426621160409555,403,43,50,49
msg_1242,node10,node0,318,228000,228008.0,8.0,,,,8.0,1.8461538461538463,1,1.2820512820512822,5.047706422018349,0,3.572544642857143,386,26,50,49
msg_1243,node11,node0,318,228000,,,,,,,,1,1.0990712074303406,5.092672413793103,0,3.453621346886912,642,22,50,49
msg_1244,node12,node0,318,228000,,,,,,,,1,1.0990712074303406,5.092672413793103,0,3.453621346886912,642,22,50,49
msg_1245,node13,node0,318,228000,228003.0,3.0,,,,3.0,1.2857142857142858,1,1.2820512820512822,5.041587901701323,0,3.5420454545454545,402,42,50,49
msg_1246,node14,node0,318,228000,228008.0,8.0,,,,8.0,1.6153846153846154,1,1.2820512820512822,5.053113553113553,0,3.577480490523969,385,25,50,49
msg_1247,node15,node0,318,228000,228003.0,3.0,,,,3.0,1.3846153846153846,1,1.2820512820512822,5.037735849056604,0,3.5414301929625425,401,41,50,49
msg_1248,node16,node0,318,228000,,,,,,,,1,1.0990712074303406,5.092672413793103,0,3.453621346886912,642,22,50,49
msg_1249,node17,node0,318,228000,228004.0,4.0,,,,4.0,0.6363636363636364,1,1.2820512820512822,5.033898305084746,0,3.5408163265306123,400,40,50,49
msg_1250,node18,node0,318,228000,,,,,,,,1,1.0990712074303406,5.092672413793103,0,3.453621346886912,642,22,50,49
msg_1251,node19,node0,318,228000,,,,,,,,1,1.0990712074303406,5.092672413793103,0,3.453621346886912,642,22,50,49
msg_1252,node20,node0,318,228000,228004.0,4.0,,,,4.0,1.1538461538461537,1,1.2820512820512822,5.0319548872180455,0,3.5413363533408835,399,39,50,49
msg_1253,node21,node0,318,228000,228008.0,8.0,,,,8.0,2.3,1,1.2820512820512822,5.058500914076783,0,3.582405345211581,384,24,50,49
msg_1254,node22,node0,318,228000,,,,,,,,1,1.0990712074303406,5.092672413793103,0,3.453621346886912,642,22,50,49
msg_1255,node23,node0,318,228000,,,,,,,,1,1.0990712074303406,5.092672413793103,0,3.453621346886912,642,22,50,49
msg_1256,node24,node0,318,228000,228004.0,4.0,,,,4.0,1.5,1,1.2820512820512822,5.030018761726079,0,3.5418552036199094,398,38,50,49
msg_1257,node25,node0,318,228000,228005.0,5.0,,,,4.444444444444445,1.3846153846153846,1,1.2820512820512822,5.02808988764045,0,3.542372881355932,397,37,50,49
msg_1258,node26,node0,318,228000,,,,,,,,1,1.0990712074303406,5.092672413793103,0,3.453621346886912,642,22,50,49
msg_1259,node27,node0,318,228000,228005.0,5.0,,,,5.0,1.0666666666666667,1,1.2820512820512822,5.02803738317757,0,3.544018058690745,396,36,50,49
msg_1260,node28,node0,318,228000,,,,,,,,1,1.0990712074303406,5.092672413793103,0,3.453621346886912,642,22,50,49
msg_1261,node29,node0,318,228000,,,,,,,,1,1.0990712074303406,5.092672413793103,0,3.453621346886912,642,22,50,49
msg_1262,node30,node0,318,228000,,,,,,,,1,1.0990712074303406,5.092672413793103,0,3.453621346886912,642,22,50,49
msg_1263,node31,node0,318,228000,228009.0,9.0,,,,9.0,1.9166666666666667,1,1.2820512820512822,5.063868613138686,0,3.5873192436040044,383,23,50,49
msg_1264,node32,node0,318,228000,228009.0,9.0,,,,9.0,1.9090909090909092,1,1.2820512820512822,5.0710382513661205,0,3.5933333333333333,382,22,50,49
msg_1265,node33,node0,318,228000,228005.0,5.0,,,,5.0,1.3846153846153846,1,1.2820512820512822,5.027985074626866,0,3.5456595264937993,395,35,50,49
msg_1266,node34,node0,318,228000,,,,,,,,1,1.0990712074303406,5.092672413793103,0,3.453621346886912,642,22,50,49
msg_1267,node35,node0,318,228000,228005.0,5.0,,,,5.0,1.6363636363636365,1,1.2820512820512822,5.027932960893855,0,3.5472972972972974,394,34,50,49
msg_1268,node36,node0,318,228000,228006.0,6.0,,,,6.0,0.8461538461538461,1,1.2820512820512822,5.0278810408921935,0,3.548931383577053,393,33,50,49
msg_1269,node37,node0,318,228000,228006.0,6.0,,,,6.0,1.6,1,1.2820512820512822,5.029684601113172,0,3.551685393258427,392,32,50,49
msg_1270,node38,node0,318,228000,,,,,,,,1,1.0990712074303406,5.092672413793103,0,3.453621346886912,642,22,50,49
msg_1271,node39,node0,318,228000,,,,,,,,1,1.0990712074303406,5.092672413793103,0,3.453621346886912,642,22,50,49
msg_1272,node40,node0,318,228000,228006.0,6.0,,,,6.0,1.5,1,1.2820512820512822,5.031481481481482,0,3.5544332210998877,391,31,50,49
msg_1273,node41,node0,318,228000,228007.0,7.0,,,,7.0,0.7272727272727273,1,1.2820512820512822,5.033271719038817,0,3.557174887892377,390,30,50,49
msg_1274,node42,node0,318,228000,,,,,,,,1,1.0990712074303406,5.092672413793103,0,3.453621346886912,642,22,50,49
msg_1275,node43,node0,318,228000,,,,,,,,1,1.0990712074303406,5.092672413793103,0,3.453621346886912,642,22,50,49
msg_1276,node44,node0,318,228000,228007.0,7.0,,,,7.0,1.25,1,1.2820512820512822,5.03690036900369,0,3.561030235162374,389,29,50,49
msg_1277,node45,node0,318,228000,228007.0,7.0,,,,7.0,1.5384615384615385,1,1.2820512820512822,5.040515653775322,0,3.5648769574944073,388,28,50,49
msg_1278,node46,node0,318,228000,228007.0,7.0,,,,7.0,1.3636363636363635,1,1.2820512820512822,5.044117647058823,0,3.5687150837988826,387,27,50,49
msg_1279,node47,node0,318,228000,,,,,,,,1,1.0990712074303406,5.092672413793103,0,3.453621346886912,642,22,50,49
msg_1280,node48,node0,318,228000,,,,,,,,1,1.0990712074303406,5.092672413793103,0,3.453621346886912,642,22,50,49
msg_1281,node49,node0,318,228000,228009.0,9.0,,,,9.0,2.3846153846153846,1,1.2820512820512822,5.078181818181818,0,3.599334073251942,381,21,50,49
msg_1282,node0,node1,317,234001,234001.0,0.0,,,,1.2820512820512822,5.08529945553539,2,1.0,0.0,0,3.6053215077605323,382,22,50,2
msg_1283,node0,node2,317,234001,234002.0,1.0,,,,1.2784090909090908,5.08529945553539,2,1.0,0.9166666666666666,0,3.601328903654485,385,25,50,2
msg_1284,node0,node3,317,234002,234002.0,0.0,,,,1.2776203966005666,5.08529945553539,4,2.0,0.18181818181818182,0,3.5984513274336285,384,24,50,4
msg_1285,node0,node6,317,234002,234003.0,1.0,,,,1.2740112994350283,5.08529945553539,4,2.0,0.9166666666666666,0,3.594475138121547,385,25,50,4
msg_1286,node0,node7,317,234002,234003.0,1.0,,,,1.2732394366197184,5.08529945553539,4,2.0,1.2727272727272727,0,3.5916114790286975,384,24,50,4
msg_1287,node0,node8,317,234002,234003.0,1.0,,,,1.2724719101123596,5.08529945553539,4,2.0,1.3333333333333333,0,3.5887541345093714,383,23,50,4
msg_1288,node0,node9,317,234003,234004.0,1.0,,,,1.2717086834733893,5.08529945553539,2,3.0,0.5384615384615384,0,3.5859030837004404,384,24,50,2
msg_1289,node0,node13,318,234003,234004.0,1.0,,,,1.270949720670391,5.08529945553539,2,3.0,1.2857142857142858,0,3.583058305830583,383,23,50,2
msg_1290,node0,node17,318,234004,234004.0,0.0,,,,1.2701949860724233,5.08529945553539,2,4.0,0.6363636363636364,0,3.5802197802197804,382,22,50,2
msg_1291,node0,node24,318,234004,234005.0,1.0,,,,1.2666666666666666,5.08529945553539,2,4.0,1.5,0,3.57628979143798,383,23,50,2
msg_1292,node0,node33,318,234005,234005.0,0.0,,,,1.265927977839335,5.08529945553539,2,5.0,1.3846153846153846,0,3.5734649122807016,382,22,50,2
msg_1293,node0,node35,318,234005,234006.0,1.0,,,,1.2624309392265194,5.08529945553539,2,5.0,1.6363636363636365,0,3.569550930996714,384,24,50,2
msg_1294,node0,node36,318,234006,234006.0,0.0,,,,1.2617079889807163,5.08529945553539,3,6.0,0.8461538461538461,0,3.5667396061269145,383,23,50,3
msg_1295,node0,node37,318,234006,234007.0,1.0,,,,1.2582417582417582,5.08529945553539,3,6.0,1.6,0,3.5628415300546448,385,25,50,3
msg_1296,node0,node40,318,234006,234007.0,1.0,,,,1.2575342465753425,5.08529945553539,3,6.0,1.5,0,3.5600436681222707,384,24,50,3
msg_1297,node0,node41,318,234007,234007.0,0.0,,,,1.2568306010928962,5.08529945553539,3,7.0,0.7272727272727273,0,3.5572519083969465,383,23,50,3
msg_1298,node0,node44,318,234007,234008.0,1.0,,,,1.2534059945504088,5.08529945553539,3,7.0,1.25,0,3.553376906318083,384,24,50,3
msg_1299,node0,node46,318,234007,234008.0,1.0,,,,1.252717391304348,5.08529945553539,3,7.0,1.3636363636363635,0,3.5505984766050056,383,23,50,3
msg_1300,node0,node14,318,234008,234009.0,1.0,,,,1.2520325203252032,5.08529945553539,2,8.0,1.6153846153846154,0,3.5478260869565217,382,22,50,2
msg_1301,node0,node21,318,234008,234009.0,1.0,,,,1.2513513513513514,5.08529945553539,2,8.0,2.3,0,3.545059717698154,381,21,50,2
msg_1302,node1,node0,316,240000,240001.0,1.0,,,,1.0,0.0,1,1.2506738544474394,5.08529945553539,0,3.542299349240781,429,49,50,49
msg_1303,node2,node0,316,240000,240001.0,1.0,,,,1.0,0.9230769230769231,1,1.2506738544474394,5.077898550724638,0,3.5395449620801736,428,48,50,49
msg_1304,node3,node0,316,240000,240002.0,2.0,,,,2.0,0.16666666666666666,1,1.2506738544474394,5.070524412296564,0,3.536796536796537,427,47,50,49
msg_1305,node4,node0,316,240000,,,,,,,,1,1.0990712074303406,5.092672413793103,0,3.453621346886912,642,22,50,49
msg_1306,node5,node0,316,240000,,,,,,,,1,1.0990712074303406,5.092672413793103,0,3.453621346886912,642,22,50,49
msg_1307,node6,node0,316,240000,240002.0,2.0,,,,2.0,0.9230769230769231,1,1.2506738544474394,5.064981949458484,0,3.535135135135135,426,46,50,49
msg_1308,node7,node0,316,240000,240002.0,2.0,,,,2.0,1.25,1,1.2506738544474394,5.059459459459459,0,3.533477321814255,425,45,50,49
msg_1309,node8,node0,316,240000,240002.0,2.0,,,,2.0,1.3076923076923077,1,1.2506738544474394,5.053956834532374,0,3.5318230852211436,424,44,50,49
msg_1310,node9,node0,316,240000,240003.0,3.0,,,,3.0,0.5714285714285714,1,1.2506738544474394,5.048473967684021,0,3.5301724137931036,423,43,50,49
msg_1311,node10,node0,318,240000,240008.0,8.0,,,,8.0,1.8461538461538463,1,1.2506738544474394,5.050522648083624,0,3.5587301587301585,406,26,50,49
msg_1312,node11,node0,318,240000,,,,,,,,1,1.0990712074303406,5.092672413793103,0,3.453621346886912,642,22,50,49
msg_1313,node12,node0,318,240000,,,,,,,,1,1.0990712074303406,5.092672413793103,0,3.453621346886912,642,22,50,49
msg_1314,node13,node0,318,240000,240003.0,3.0,,,,3.0,1.2666666666666666,1,1.2506738544474394,5.044802867383512,0,3.5296017222820235,422,42,50,49
msg_1315,node14,node0,318,240000,240008.0,8.0,,,,8.0,1.5714285714285714,1,1.2506738544474394,5.055652173913043,0,3.563424947145877,405,25,50,49
msg_1316,node15,node0,318,240000,240003.0,3.0,,,,3.0,1.3846153846153846,1,1.2506738544474394,5.041144901610018,0,3.529032258064516,421,41,50,49
msg_1317,node16,node0,318,240000,,,,,,,,1,1.0990712074303406,5.092672413793103,0,3.453621346886912,642,22,50,49
msg_1318,node17,node0,318,240000,240004.0,4.0,,,,4.0,0.5833333333333334,1,1.2506738544474394,5.0375,0,3.5284640171858217,420,40,50,49
msg_1319,node18,node0,318,240000,,,,,,,,1,1.0990712074303406,5.092672413793103,0,3.453621346886912,642,22,50,49
msg_1320,node19,node0,318,240000,,,,,,,,1,1.0990712074303406,5.092672413793103,0,3.453621346886912,642,22,50,49
msg_1321,node20,node0,318,240000,240004.0,4.0,,,,4.0,1.1538461538461537,1,1.2506738544474394,5.035650623885918,0,3.528969957081545,419,39,50,49
msg_1322,node21,node0,318,240000,240008.0,8.0,,,,8.0,2.1818181818181817,1,1.2506738544474394,5.060763888888889,0,3.5681098204857444,404,24,50,49
msg_1323,node22,node0,318,240000,,,,,,,,1,1.0990712074303406,5.092672413793103,0,3.453621346886912,642,22,50,49
msg_1324,node23,node0,318,240000,,,,,,,,1,1.0990712074303406,5.092672413793103,0,3.453621346886912,642,22,50,49
msg_1325,node24,node0,318,240000,240004.0,4.0,,,,4.0,1.4615384615384615,1,1.2506738544474394,5.0338078291814945,0,3.529474812433012,418,38,50,49
msg_1326,node25,node0,318,240000,240005.0,5.0,,,,4.473684210526316,1.3846153846153846,1,1.2506738544474394,5.031971580817052,0,3.5299785867237685,417,37,50,49
msg_1327,node26,node0,318,240000,,,,,,,,1,1.0990712074303406,5.092672413793103,0,3.453621346886912,642,22,50,49
msg_1328,node27,node0,318,240000,240005.0,5.0,,,,5.0,1.0666666666666667,1,1.2506738544474394,5.031914893617022,0,3.5315508021390376,416,36,50,49
msg_1329,node28,node0,318,240000,,,,,,,,1,1.0990712074303406,5.092672413793103,0,3.453621346886912,642,22,50,49
msg_1330,node29,node0,318,240000,,,,,,,,1,1.0990712074303406,5.092672413793103,0,3.453621346886912,642,22,50,49
msg_1331,node30,node0,318,240000,,,,,,,,1,1.0990712074303406,5.092672413793103,0,3.453621346886912,642,22,50,49
msg_1332,node31,node0,318,240000,240009.0,9.0,,,,9.0,1.9166666666666667,1,1.2506738544474394,5.065857885615252,0,3.5727848101265822,403,23,50,49
msg_1333,node32,node0,318,240000,240009.0,9.0,,,,9.0,1.9090909090909092,1,1.2506738544474394,5.072664359861592,0,3.578503688092729,402,22,50,49
msg_1334,node33,node0,318,240000,240005.0,5.0,,,,5.0,1.2857142857142858,1,1.2506738544474394,5.031858407079646,0,3.533119658119658,415,35,50,49
msg_1335,node34,node0,318,240000,,,,,,,,1,1.0990712074303406,5.092672413793103,0,3.453621346886912,642,22,50,49
msg_1336,node35,node0,318,240000,240005.0,5.0,,,,5.0,1.5833333333333333,1,1.2506738544474394,5.031802120141343,0,3.5346851654215583,414,34,50,49
msg_1337,node36,node0,318,240000,240006.0,6.0,,,,6.0,0.7857142857142857,1,1.2506738544474394,5.031746031746032,0,3.5362473347547976,413,33,50,49
msg_1338,node37,node0,318,240000,240006.0,6.0,,,,6.0,1.5454545454545454,1,1.2506738544474394,5.033450704225352,0,3.538871139510117,412,32,50,49
msg_1339,node38,node0,318,240000,,,,,,,,1,1.0990712074303406,5.092672413793103,0,3.453621346886912,642,22,50,49
msg_1340,node39,node0,318,240000,,,,,,,,1,1.0990712074303406,5.092672413793103,0,3.453621346886912,642,22,50,49
msg_1341,node40,node0,318,240000,240006.0,6.0,,,,6.0,1.4545454545454546,1,1.2506738544474394,5.035149384885765,0,3.5414893617021277,411,31,50,49
msg_1342,node41,node0,318,240000,240007.0,7.0,,,,7.0,0.6666666666666666,1,1.2506738544474394,5.036842105263158,0,3.544102019128587,410,30,50,49
msg_1343,node42,node0,318,240000,,,,,,,,1,1.0990712074303406,5.092672413793103,0,3.453621346886912,642,22,50,49
msg_1344,node43,node0,318,240000,,,,,,,,1,1.0990712074303406,5.092672413793103,0,3.453621346886912,642,22,50,49
msg_1345,node44,node0,318,240000,240007.0,7.0,,,,7.0,1.2307692307692308,1,1.2506738544474394,5.0402802101576185,0,3.5477707006369426,409,29,50,49
msg_1346,node45,node0,318,240000,240007.0,7.0,,,,7.0,1.5384615384615385,1,1.2506738544474394,5.043706293706293,0,3.5514316012725344,408,28,50,49
msg_1347,node46,node0,318,240000,240007.0,7.0,,,,7.0,1.3333333333333333,1,1.2506738544474394,5.047120418848167,0,3.555084745762712,407,27,50,49
msg_1348,node47,node0,318,240000,,,,,,,,1,1.0990712074303406,5.092672413793103,0,3.453621346886912,642,22,50,49
msg_1349,node48,node0,318,240000,,,,,,,,1,1.0990712074303406,5.092672413793103,0,3.453621346886912,642,22,50,49
msg_1350,node49,node0,318,240000,240009.0,9.0,,,,9.0,2.3846153846153846,1,1.2506738544474394,5.079447322970639,0,3.5842105263157893,401,21,50,49
msg_1351,node0,node3,317,246002,246002.0,0.0,,,,1.2506738544474394,5.086206896551724,4,2.0,0.16666666666666666,0,3.589905362776025,404,24,50,4
msg_1352,node0,node6,317,246002,246003.0,1.0,,,,1.2473118279569892,5.086206896551724,4,2.0,0.9230769230769231,0,3.5861344537815127,405,25,50,4
msg_1353,node0,node7,317,246002,246003.0,1.0,,,,1.2466487935656836,5.086206896551724,4,2.0,1.25,0,3.583420776495278,404,24,50,4
msg_1354,node0,node8,317,246002,246003.0,1.0,,,,1.2459893048128343,5.086206896551724,4,2.0,1.3076923076923077,0,3.580712788259958,403,23,50,4
msg_1355,node0,node9,317,246003,246004.0,1.0,,,,1.2453333333333334,5.086206896551724,2,3.0,0.5714285714285714,0,3.5780104712041885,405,25,50,2
msg_1356,node0,node13,318,246003,246004.0,1.0,,,,1.2446808510638299,5.086206896551724,2,3.0,1.2666666666666666,0,3.575313807531381,404,24,50,2
msg_1357,node0,node17,318,246004,246004.0,0.0,,,,1.2440318302387268,5.086206896551724,3,4.0,0.5833333333333334,0,3.5726227795193313,403,23,50,3
msg_1358,node0,node20,318,246004,246005.0,1.0,,,,1.2407407407407407,5.086206896551724,3,4.0,1.1538461538461537,0,3.568893528183716,406,26,50,3
msg_1359,node0,node24,318,246004,246005.0,1.0,,,,1.2401055408970976,5.086206896551724,3,4.0,1.4615384615384615,0,3.5662148070907196,405,25,50,3
msg_1360,node0,node25,318,246005,246005.0,0.0,,,,1.2394736842105263,5.086206896551724,4,4.5,1.3846153846153846,0,3.5635416666666666,404,24,50,4
msg_1361,node0,node27,318,246005,246006.0,1.0,,,,1.236220472440945,5.086206896551724,4,5.0,1.0666666666666667,0,3.5598335067637876,405,25,50,4
msg_1362,node0,node33,318,246005,246006.0,1.0,,,,1.2356020942408377,5.086206896551724,4,5.0,1.2857142857142858,0,3.557172557172557,404,24,50,4
msg_1363,node0,node35,318,246005,246006.0,1.0,,,,1.2349869451697129,5.086206896551724,4,5.0,1.5833333333333333,0,3.554517133956386,403,23,50,4
msg_1364,node0,node36,318,246006,246007.0,1.0,,,,1.234375,5.086206896551724,2,6.0,0.7857142857142857,0,3.5518672199170123,404,24,50,2
msg_1365,node0,node37,318,246006,246007.0,1.0,,,,1.2337662337662338,5.086206896551724,2,6.0,1.5454545454545454,0,3.5492227979274613,403,23,50,2
msg_1366,node0,node44,318,246007,246007.0,0.0,,,,1.233160621761658,5.086206896551724,2,7.0,1.2307692307692308,0,3.546583850931677,402,22,50,2
msg_1367,node0,node45,318,246007,246008.0,1.0,,,,1.2299741602067182,5.086206896551724,2,7.0,1.5384615384615385,0,3.542916235780765,403,23,50,2
msg_1368,node0,node14,318,246008,246009.0,1.0,,,,1.2293814432989691,5.086206896551724,2,8.0,1.5714285714285714,0,3.540289256198347,404,24,50,2
msg_1369,node0,node21,318,246008,246009.0,1.0,,,,1.2287917737789202,5.086206896551724,2,8.0,2.1818181818181817,0,3.5376676986584106,403,23,50,2
msg_1370,node0,node31,318,246009,246010.0,1.0,,,,1.2282051282051283,5.086206896551724,2,9.0,1.9166666666666667,0,3.5350515463917525,402,22,50,2
msg_1371,node0,node49,318,246009,246011.0,2.0,,,,1.227621483375959,5.086206896551724,2,9.0,2.3846153846153846,0,3.532440782698249,401,21,50,2
msg_1372,node1,node0,316,252000,252001.0,1.0,,,,1.0,0.0,1,1.2295918367346939,5.086206896551724,0,3.5308641975308643,449,49,50,49
msg_1373,node2,node0,316,252000,252001.0,1.0,,,,1.0,0.9230769230769231,1,1.2295918367346939,5.079173838209983,0,3.528263103802672,448,48,50,49
msg_1374,node3,node0,316,252000,252002.0,2.0,,,,2.0,0.15384615384615385,1,1.2295918367346939,5.072164948453608,0,3.5256673511293632,447,47,50,49
msg_1375,node4,node0,316,252000,,,,,,,,1,1.0990712074303406,5.092672413793103,0,3.453621346886912,642,22,50,49
msg_1376,node5,node0,316,252000,,,,,,,,1,1.0990712074303406,5.092672413793103,0,3.453621346886912,642,22,50,49
msg_1377,node6,node0,316,252000,252002.0,2.0,,,,2.0,0.9285714285714286,1,1.2295918367346939,5.066895368782161,0,3.5241025641025643,446,46,50,49
msg_1378,node7,node0,316,252000,252002.0,2.0,,,,2.0,1.2307692307692308,1,1.2295918367346939,5.061643835616438,0,3.5225409836065573,445,45,50,49
msg_1379,node8,node0,316,252000,252002.0,2.0,,,,2.0,1.2857142857142858,1,1.2295918367346939,5.056410256410256,0,3.5209825997952917,444,44,50,49
msg_1380,node9,node0,316,252000,252003.0,3.0,,,,3.0,0.6,1,1.2295918367346939,5.051194539249146,0,3.5194274028629855,443,43,50,49
msg_1381,node10,node0,318,252000,252008.0,8.0,,,,8.0,1.8461538461538463,1,1.2295918367346939,5.053067993366501,0,3.5467336683417083,426,26,50,49
msg_1382,node11,node0,318,252000,,,,,,,,1,1.0990712074303406,5.092672413793103,0,3.453621346886912,642,22,50,49
msg_1383,node12,node0,318,252000,,,,,,,,1,1.0990712074303406,5.092672413793103,0,3.453621346886912,642,22,50,49
msg_1384,node13,node0,318,252000,252003.0,3.0,,,,3.0,1.25,1,1.2295918367346939,5.047700170357751,0,3.5188968335035753,442,42,50,49
msg_1385,node14,node0,318,252000,252008.0,8.0,,,,8.0,1.5333333333333334,1,1.2295918367346939,5.05794701986755,0,3.5512048192771086,425,25,50,49
msg_1386,node15,node0,318,252000,252003.0,3.0,,,,3.0,1.3846153846153846,1,1.2295918367346939,5.04421768707483,0,3.5183673469387755,441,41,50,49
msg_1387,node16,node0,318,252000,,,,,,,,1,1.0990712074303406,5.092672413793103,0,3.453621346886912,642,22,50,49
msg_1388,node17,node0,318,252000,252004.0,4.0,,,,4.0,0.5384615384615384,1,1.2295918367346939,5.040747028862479,0,3.5178389398572887,440,40,50,49
msg_1389,node18,node0,318,252000,,,,,,,,1,1.0990712074303406,5.092672413793103,0,3.453621346886912,642,22,50,49
msg_1390,node19,node0,318,252000,,,,,,,,1,1.0990712074303406,5.092672413793103,0,3.453621346886912,642,22,50,49
msg_1391,node20,node0,318,252000,252004.0,4.0,,,,4.0,1.1428571428571428,1,1.2295918367346939,5.038983050847458,0,3.518329938900204,439,39,50,49
msg_1392,node21,node0,318,252000,252008.0,8.0,,,,8.0,2.0833333333333335,1,1.2295918367346939,5.062809917355372,0,3.555667001003009,424,24,50,49
msg_1393,node22,node0,318,252000,,,,,,,,1,1.0990712074303406,5.092672413793103,0,3.453621346886912,642,22,50,49
msg_1394,node23,node0,318,252000,,,,,,,,1,1.0990712074303406,5.092672413793103,0,3.453621346886912,642,22,50,49
msg_1395,node24,node0,318,252000,252004.0,4.0,,,,4.0,1.4285714285714286,1,1.2295918367346939,5.037225042301184,0,3.51881993896236,438,38,50,49
msg_1396,node25,node0,318,252000,252005.0,5.0,,,,4.5,1.2857142857142858,1,1.2295918367346939,5.035472972972973,0,3.519308943089431,437,37,50,49
msg_1397,node26,node0,318,252000,,,,,,,,1,1.0990712074303406,5.092672413793103,0,3.453621346886912,642,22,50,49
msg_1398,node27,node0,318,252000,252005.0,5.0,,,,5.0,1.0625,1,1.2295918367346939,5.035413153456998,0,3.5208121827411167,436,36,50,49
msg_1399,node28,node0,318,252000,,,,,,,,1,1.0990712074303406,5.092672413793103,0,3.453621346886912,642,22,50,49
msg_1400,node29,node0,318,252000,,,,,,,,1,1.0990712074303406,5.092672413793103,0,3.453621346886912,642,22,50,49
msg_1401,node30,node0,318,252000,,,,,,,,1,1.0990712074303406,5.092672413793103,0,3.453621346886912,642,22,50,49
msg_1402,node31,node0,318,252000,252009.0,9.0,,,,9.0,1.8461538461538463,1,1.2295918367346939,5.067656765676568,0,3.5601202404809618,423,23,50,49
msg_1403,node32,node0,318,252000,252009.0,9.0,,,,9.0,1.9090909090909092,1,1.2295918367346939,5.0741350906095555,0,3.5655655655655654,422,22,50,49
msg_1404,node33,node0,318,252000,252005.0,5.0,,,,5.0,1.2666666666666666,1,1.2295918367346939,5.0353535353535355,0,3.522312373225152,435,35,50,49
msg_1405,node34,node0,318,252000,,,,,,,,1,1.0990712074303406,5.092672413793103,0,3.453621346886912,642,22,50,49
msg_1406,node35,node0,318,252000,252005.0,5.0,,,,5.0,1.5384615384615385,1,1.2295918367346939,5.035294117647059,0,3.5238095238095237,434,34,50,49
msg_1407,node36,node0,318,252000,252006.0,6.0,,,,6.0,0.8,1,1.2295918367346939,5.035234899328859,0,3.5253036437246963,433,33,50,49
msg_1408,node37,node0,318,252000,252006.0,6.0,,,,6.0,1.5,1,1.2295918367346939,5.0368509212730315,0,3.5278058645096055,432,32,50,49
msg_1409,node38,node0,318,252000,,,,,,,,1,1.0990712074303406,5.092672413793103,0,3.453621346886912,642,22,50,49
msg_1410,node39,node0,318,252000,,,,,,,,1,1.0990712074303406,5.092672413793103,0,3.453621346886912,642,22,50,49
msg_1411,node40,node0,318,252000,252006.0,6.0,,,,6.0,1.4545454545454546,1,1.2295918367346939,5.038461538461538,0,3.5303030303030303,431,31,50,49
msg_1412,node41,node0,318,252000,252007.0,7.0,,,,7.0,0.6666666666666666,1,1.2295918367346939,5.040066777963272,0,3.532795156407669,430,30,50,49
msg_1413,node42,node0,318,252000,,,,,,,,1,1.0990712074303406,5.092672413793103,0,3.453621346886912,642,22,50,49
msg_1414,node43,node0,318,252000,,,,,,,,1,1.0990712074303406,5.092672413793103,0,3.453621346886912,642,22,50,49
msg_1415,node44,node0,318,252000,252007.0,7.0,,,,7.0,1.1428571428571428,1,1.2295918367346939,5.043333333333333,0,3.536290322580645,429,29,50,49
msg_1416,node45,node0,318,252000,252007.0,7.0,,,,7.0,1.5,1,1.2295918367346939,5.046589018302829,0,3.539778449144008,428,28,50,49
msg_1417,node46,node0,318,252000,252007.0,7.0,,,,7.0,1.3333333333333333,1,1.2295918367346939,5.04983388704319,0,3.543259557344064,427,27,50,49
msg_1418,node47,node0,318,252000,,,,,,,,1,1.0990712074303406,5.092672413793103,0,3.453621346886912,642,22,50,49
msg_1419,node48,node0,318,252000,,,,,,,,1,1.0990712074303406,5.092672413793103,0,3.453621346886912,642,22,50,49
msg_1420,node49,node0,318,252000,252009.0,9.0,,,,9.0,2.357142857142857,1,1.2295918367346939,5.0805921052631575,0,3.571,421,21,50,49
msg_1421,node0,node1,317,258000,258000.0,0.0,,,,1.2295918367346939,5.087027914614121,2,1.0,0.0,0,3.5764235764235766,422,22,50,2
msg_1422,node0,node2,317,258000,258002.0,2.0,,,,1.2264631043256997,5.087027914614121,2,1.0,0.9230769230769231,0,3.5728542914171655,424,24,50,2
msg_1423,node0,node6,317,258002,258002.0,0.0,,,,1.2284263959390862,5.087027914614121,3,2.0,0.9285714285714286,0,3.5712861415752744,423,23,50,3
msg_1424,node0,node7,317,258002,258003.0,1.0,,,,1.2253164556962026,5.087027914614121,3,2.0,1.2307692307692308,0,3.5677290836653386,425,25,50,3
msg_1425,node0,node8,317,258002,258003.0,1.0,,,,1.2247474747474747,5.087027914614121,3,2.0,1.2857142857142858,0,3.5651741293532337,424,24,50,3
msg_1426,node0,node9,317,258003,258003.0,0.0,,,,1.2241813602015112,5.087027914614121,3,3.0,0.6,0,3.5626242544731612,423,23,50,3
msg_1427,node0,node13,318,258003,258004.0,1.0,,,,1.221105527638191,5.087027914614121,3,3.0,1.25,0,3.5590863952333662,422,22,50,3
msg_1428,node0,node15,318,258003,258004.0,1.0,,,,1.2205513784461153,5.087027914614121,3,3.0,1.3846153846153846,0,3.556547619047619,422,22,50,3
msg_1429,node0,node17,318,258004,258005.0,1.0,,,,1.22,5.087027914614121,1,4.0,0.5384615384615384,0,3.5540138751238852,422,22,50,1
msg_1430,node0,node35,318,258005,258005.0,0.0,,,,1.2194513715710724,5.087027914614121,1,5.0,1.5384615384615385,0,3.5514851485148515,421,21,50,1
msg_1431,node0,node36,318,258005,258005.0,0.0,,,,1.2164179104477613,5.087027914614121,4,6.0,0.8,0,3.5479723046488627,423,23,50,4
msg_1432,node0,node37,318,258005,258007.0,2.0,,,,1.2133995037220844,5.087027914614121,4,6.0,1.5,0,3.544466403162055,422,22,50,4
msg_1433,node0,node40,318,258005,258007.0,2.0,,,,1.2153465346534653,5.087027914614121,4,6.0,1.4545454545454546,0,3.5429417571569597,421,21,50,4
msg_1434,node0,node10,318,258009,258010.0,1.0,,,,1.217283950617284,5.087027914614121,5,8.0,1.8461538461538463,0,3.5414201183431953,425,25,50,5
msg_1435,node0,node21,318,258009,258010.0,1.0,,,,1.2167487684729064,5.087027914614121,5,8.0,2.0833333333333335,0,3.5389162561576355,424,24,50,5
msg_1436,node0,node31,318,258009,258011.0,2.0,,,,1.2162162162162162,5.087027914614121,5,9.0,1.8461538461538463,0,3.536417322834646,423,23,50,5
msg_1437,node0,node32,318,258009,258011.0,2.0,,,,1.2181372549019607,5.087027914614121,5,9.0,1.9090909090909092,0,3.534906588003933,422,22,50,5
msg_1438,node0,node49,318,258009,258011.0,2.0,,,,1.2200488997555012,5.087027914614121,5,9.0,2.357142857142857,0,3.5333988212180745,421,21,50,5
msg_1439,node1,node0,316,264000,264001.0,1.0,,,,1.0,0.0,1,1.221951219512195,5.087027914614121,0,3.5318940137389596,469,49,50,49
msg_1440,node2,node0,316,264000,264001.0,1.0,,,,1.0,1.0,1,1.221951219512195,5.080327868852459,0,3.5294117647058822,468,48,50,49
msg_1441,node3,node0,316,264000,264002.0,2.0,,,,2.0,0.15384615384615385,1,1.221951219512195,5.073649754500818,0,3.5269343780607247,467,47,50,49
msg_1442,node4,node0,316,264000,,,,,,,,1,1.0990712074303406,5.092672413793103,0,3.453621346886912,642,22,50,49
msg_1443,node5,node0,316,264000,,,,,,,,1,1.0990712074303406,5.092672413793103,0,3.453621346886912,642,22,50,49
msg_1444,node6,node0,316,264000,264002.0,2.0,,,,2.0,0.8666666666666667,1,1.221951219512195,5.068627450980392,0,3.525440313111546,466,46,50,49
msg_1445,node7,node0,316,264000,264002.0,2.0,,,,2.0,1.2142857142857142,1,1.221951219512195,5.063621533442088,0,3.5239491691104594,465,45,50,49
msg_1446,node8,node0,316,264000,264002.0,2.0,,,,2.0,1.2666666666666666,1,1.221951219512195,5.058631921824104,0,3.5224609375,464,44,50,49
msg_1447,node9,node0,316,264000,264003.0,3.0,,,,3.0,0.5625,1,1.221951219512195,5.053658536585366,0,3.5209756097560976,463,43,50,49
msg_1448,node10,node0,318,264000,264008.0,8.0,,,,8.0,1.7857142857142858,1,1.221951219512195,5.055379746835443,0,3.547024952015355,446,26,50,49
msg_1449,node11,node0,318,264000,,,,,,,,1,1.0990712074303406,5.092672413793103,0,3.453621346886912,642,22,50,49
msg_1450,node12,node0,318,264000,,,,,,,,1,1.0990712074303406,5.092672413793103,0,3.453621346886912,642,22,50,49
msg_1451,node13,node0,318,264000,264003.0,3.0,,,,3.0,1.2352941176470589,1,1.221951219512195,5.050324675324675,0,3.52046783625731,462,42,50,49
msg_1452,node14,node0,318,264000,264008.0,8.0,,,,8.0,1.5333333333333334,1,1.221951219512195,5.0600315955766195,0,3.551294343240652,445,25,50,49
msg_1453,node15,node0,318,264000,264003.0,3.0,,,,3.0,1.3571428571428572,1,1.221951219512195,5.047001620745543,0,3.519961051606621,461,41,50,49
msg_1454,node16,node0,318,264000,,,,,,,,1,1.0990712074303406,5.092672413793103,0,3.453621346886912,642,22,50,49
msg_1455,node17,node0,318,264000,264004.0,4.0,,,,4.0,0.5714285714285714,1,1.221951219512195,5.043689320388349,0,3.519455252918288,460,40,50,49
msg_1456,node18,node0,318,264000,,,,,,,,1,1.0990712074303406,5.092672413793103,0,3.453621346886912,642,22,50,49
msg_1457,node19,node0,318,264000,,,,,,,,1,1.0990712074303406,5.092672413793103,0,3.453621346886912,642,22,50,49
msg_1458,node20,node0,318,264000,264004.0,4.0,,,,4.0,1.1428571428571428,1,1.221951219512195,5.0420032310177705,0,3.519922254616132,459,39,50,49
msg_1459,node21,node0,318,264000,264008.0,8.0,,,,8.0,2.0,1,1.221951219512195,5.064668769716088,0,3.5555555555555554,444,24,50,49
msg_1460,node22,node0,318,264000,,,,,,,,1,1.0990712074303406,5.092672413793103,0,3.453621346886912,642,22,50,49
msg_1461,node23,node0,318,264000,,,,,,,,1,1.0990712074303406,5.092672413793103,0,3.453621346886912,642,22,50,49
msg_1462,node24,node0,318,264000,264004.0,4.0,,,,4.0,1.4285714285714286,1,1.221951219512195,5.040322580645161,0,3.520388349514563,458,38,50,49
msg_1463,node25,node0,318,264000,264005.0,5.0,,,,4.523809523809524,1.2857142857142858,1,1.221951219512195,5.038647342995169,0,3.5208535402521823,457,37,50,49
msg_1464,node26,node0,318,264000,,,,,,,,1,1.0990712074303406,5.092672413793103,0,3.453621346886912,642,22,50,49
msg_1465,node27,node0,318,264000,264005.0,5.0,,,,5.0,1.0625,1,1.221951219512195,5.038585209003215,0,3.522286821705426,456,36,50,49
msg_1466,node28,node0,318,264000,,,,,,,,1,1.0990712074303406,5.092672413793103,0,3.453621346886912,642,22,50,49
msg_1467,node29,node0,318,264000,,,,,,,,1,1.0990712074303406,5.092672413793103,0,3.453621346886912,642,22,50,49
msg_1468,node30,node0,318,264000,,,,,,,,1,1.0990712074303406,5.092672413793103,0,3.453621346886912,642,22,50,49
msg_1469,node31,node0,318,264000,264009.0,9.0,,,,9.0,1.8571428571428572,1,1.221951219512195,5.069291338582677,0,3.5598086124401913,443,23,50,49
msg_1470,node32,node0,318,264000,264009.0,9.0,,,,9.0,1.9166666666666667,1,1.221951219512195,5.0754716981132075,0,3.5650095602294454,442,22,50,49
msg_1471,node33,node0,318,264000,264005.0,5.0,,,,5.0,1.2666666666666666,1,1.221951219512195,5.03852327447833,0,3.5237173281703775,455,35,50,49
msg_1472,node34,node0,318,264000,,,,,,,,1,1.0990712074303406,5.092672413793103,0,3.453621346886912,642,22,50,49
msg_1473,node35,node0,318,264000,264005.0,5.0,,,,5.0,1.4285714285714286,1,1.221951219512195,5.038461538461538,0,3.525145067698259,454,34,50,49
msg_1474,node36,node0,318,264000,264006.0,6.0,,,,6.0,0.75,1,1.221951219512195,5.0384,0,3.526570048309179,453,33,50,49
msg_1475,node37,node0,318,264000,264006.0,6.0,,,,6.0,1.5384615384615385,1,1.221951219512195,5.039936102236422,0,3.528957528957529,452,32,50,49
msg_1476,node38,node0,318,264000,,,,,,,,1,1.0990712074303406,5.092672413793103,0,3.453621346886912,642,22,50,49
msg_1477,node39,node0,318,264000,,,,,,,,1,1.0990712074303406,5.092672413793103,0,3.453621346886912,642,22,50,49
msg_1478,node40,node0,318,264000,264006.0,6.0,,,,6.0,1.5,1,1.221951219512195,5.0414673046252,0,3.531340405014465,451,31,50,49
msg_1479,node41,node0,318,264000,264007.0,7.0,,,,7.0,0.6666666666666666,1,1.221951219512195,5.042993630573249,0,3.533718689788054,450,30,50,49
msg_1480,node42,node0,318,264000,,,,,,,,1,1.0990712074303406,5.092672413793103,0,3.453621346886912,642,22,50,49
msg_1481,node43,node0,318,264000,,,,,,,,1,1.0990712074303406,5.092672413793103,0,3.453621346886912,642,22,50,49
msg_1482,node44,node0,318,264000,264007.0,7.0,,,,7.0,1.1428571428571428,1,1.221951219512195,5.046104928457869,0,3.5370548604427334,449,29,50,49
msg_1483,node45,node0,318,264000,264007.0,7.0,,,,7.0,1.5,1,1.221951219512195,5.049206349206349,0,3.5403846153846152,448,28,50,49
msg_1484,node46,node0,318,264000,264007.0,7.0,,,,7.0,1.3333333333333333,1,1.221951219512195,5.05229793977813,0,3.543707973102786,447,27,50,49
msg_1485,node47,node0,318,264000,,,,,,,,1,1.0990712074303406,5.092672413793103,0,3.453621346886912,642,22,50,49
msg_1486,node48,node0,318,264000,,,,,,,,1,1.0990712074303406,5.092672413793103,0,3.453621346886912,642,22,50,49
msg_1487,node49,node0,318,264000,264009.0,9.0,,,,9.0,2.3333333333333335,1,1.221951219512195,5.081632653061225,0,3.5702005730659025,441,21,50,49
msg_1488,node0,node1,317,270001,270001.0,0.0,,,,1.221951219512195,5.087774294670846,2,1.0,0.0,0,3.575381679389313,442,22,50,2
msg_1489,node0,node2,317,270001,270002.0,1.0,,,,1.218978102189781,5.087774294670846,2,1.0,1.0,0,3.5719733079122973,445,25,50,2
msg_1490,node0,node3,317,270002,270002.0,0.0,,,,1.2184466019417475,5.087774294670846,4,2.0,0.15384615384615385,0,3.5695238095238095,444,24,50,4
msg_1491,node0,node6,317,270002,270003.0,1.0,,,,1.215496368038741,5.087774294670846,4,2.0,0.8666666666666667,0,3.566127497621313,445,25,50,4
msg_1492,node0,node7,317,270002,270003.0,1.0,,,,1.214975845410628,5.087774294670846,4,2.0,1.2142857142857142,0,3.5636882129277567,444,24,50,4
msg_1493,node0,node8,317,270002,270003.0,1.0,,,,1.2144578313253012,5.087774294670846,4,2.0,1.2666666666666666,0,3.561253561253561,443,23,50,4
msg_1494,node0,node13,318,270003,270004.0,1.0,,,,1.2139423076923077,5.087774294670846,2,3.0,1.2352941176470589,0,3.5588235294117645,444,24,50,2
msg_1495,node0,node15,318,270003,270004.0,1.0,,,,1.2134292565947242,5.087774294670846,2,3.0,1.3571428571428572,0,3.5563981042654027,443,23,50,2
msg_1496,node0,node17,318,270004,270004.0,0.0,,,,1.2129186602870814,5.087774294670846,2,4.0,0.5714285714285714,0,3.553977272727273,442,22,50,2
msg_1497,node0,node24,318,270004,270005.0,1.0,,,,1.2100238663484486,5.087774294670846,2,4.0,1.4285714285714286,0,3.5506149479659412,444,24,50,2
msg_1498,node0,node25,318,270005,270005.0,0.0,,,,1.2095238095238094,5.087774294670846,3,4.545454545454546,1.2857142857142858,0,3.54820415879017,443,23,50,3
msg_1499,node0,node27,318,270005,270006.0,1.0,,,,1.2066508313539193,5.087774294670846,3,5.0,1.0625,0,3.5448536355051936,445,25,50,3
msg_1500,node0,node35,318,270005,270006.0,1.0,,,,1.2061611374407584,5.087774294670846,3,5.0,1.4285714285714286,0,3.542452830188679,444,24,50,3
msg_1501,node0,node36,318,270006,270006.0,0.0,,,,1.2056737588652482,5.087774294670846,3,6.0,0.75,0,3.5400565504241284,443,23,50,3
msg_1502,node0,node37,318,270006,270007.0,1.0,,,,1.2028301886792452,5.087774294670846,3,6.0,1.5384615384615385,0,3.536723163841808,445,25,50,3
msg_1503,node0,node40,318,270006,270007.0,1.0,,,,1.2023529411764706,5.087774294670846,3,6.0,1.5,0,3.534336782690499,444,24,50,3
msg_1504,node0,node44,318,270007,270007.0,0.0,,,,1.2018779342723005,5.087774294670846,3,7.0,1.1428571428571428,0,3.531954887218045,443,23,50,3
msg_1505,node0,node45,318,270007,270008.0,1.0,,,,1.199063231850117,5.087774294670846,3,7.0,1.5,0,3.528638497652582,442,22,50,3
msg_1506,node0,node46,318,270007,270008.0,1.0,,,,1.1985981308411215,5.087774294670846,3,7.0,1.3333333333333333,0,3.526266416510319,441,21,50,3
msg_1507,node0,node10,318,270009,270010.0,1.0,,,,1.1981351981351982,5.087774294670846,3,8.0,1.7857142857142858,0,3.5238987816307406,443,23,50,3
msg_1508,node0,node31,318,270009,270010.0,1.0,,,,1.197674418604651,5.087774294670846,3,9.0,1.8571428571428572,0,3.5215355805243447,442,22,50,3
msg_1509,node0,node49,318,270009,270011.0,2.0,,,,1.197215777262181,5.087774294670846,3,9.0,2.3333333333333335,0,3.519176800748363,441,21,50,3
msg_1510,node1,node0,316,276000,276001.0,1.0,,,,1.0,0.0,1,1.1990740740740742,5.087774294670846,0,3.5177570093457944,489,49,50,49
msg_1511,node2,node0,316,276000,276001.0,1.0,,,,1.0,1.0,1,1.1990740740740742,5.081377151799687,0,3.515406162464986,488,48,50,49
msg_1512,node3,node0,316,276000,276002.0,2.0,,,,2.0,0.14285714285714285,1,1.1990740740740742,5.075,0,3.513059701492537,487,47,50,49
msg_1513,node4,node0,316,276000,,,,,,,,1,1.0990712074303406,5.092672413793103,0,3.453621346886912,642,22,50,49
msg_1514,node5,node0,316,276000,,,,,,,,1,1.0990712074303406,5.092672413793103,0,3.453621346886912,642,22,50,49
msg_1515,node6,node0,316,276000,276002.0,2.0,,,,2.0,0.875,1,1.1990740740740742,5.070202808112325,0,3.511649580615098,486,46,50,49
msg_1516,node7,node0,316,276000,276002.0,2.0,,,,2.0,1.2,1,1.1990740740740742,5.065420560747664,0,3.51024208566108,485,45,50,49
msg_1517,node8,node0,316,276000,276002.0,2.0,,,,2.0,1.25,1,1.1990740740740742,5.060653188180404,0,3.5088372093023255,484,44,50,49
msg_1518,node9,node0,316,276000,276003.0,3.0,,,,3.0,0.5625,1,1.1990740740740742,5.055900621118012,0,3.507434944237918,483,43,50,49
msg_1519,node10,node0,318,276000,276008.0,8.0,,,,8.0,1.7333333333333334,1,1.1990740740740742,5.057488653555219,0,3.5324794144556266,466,26,50,49
msg_1520,node11,node0,318,276000,,,,,,,,1,1.0990712074303406,5.092672413793103,0,3.453621346886912,642,22,50,49
msg_1521,node12,node0,318,276000,,,,,,,,1,1.0990712074303406,5.092672413793103,0,3.453621346886912,642,22,50,49
msg_1522,node13,node0,318,276000,276003.0,3.0,,,,3.0,1.2222222222222223,1,1.1990740740740742,5.052713178294574,0,3.5069637883008355,482,42,50,49
msg_1523,node14,node0,318,276000,276008.0,8.0,,,,8.0,1.5333333333333334,1,1.1990740740740742,5.061933534743202,0,3.536563071297989,465,25,50,49
msg_1524,node15,node0,318,276000,276003.0,3.0,,,,3.0,1.3333333333333333,1,1.1990740740740742,5.04953560371517,0,3.5064935064935066,481,41,50,49
msg_1525,node16,node0,318,276000,,,,,,,,1,1.0990712074303406,5.092672413793103,0,3.453621346886912,642,22,50,49
msg_1526,node17,node0,318,276000,276004.0,4.0,,,,4.0,0.5333333333333333,1,1.1990740740740742,5.0463678516228745,0,3.5060240963855422,480,40,50,49
msg_1527,node18,node0,318,276000,,,,,,,,1,1.0990712074303406,5.092672413793103,0,3.453621346886912,642,22,50,49
msg_1528,node19,node0,318,276000,,,,,,,,1,1.0990712074303406,5.092672413793103,0,3.453621346886912,642,22,50,49
msg_1529,node20,node0,318,276000,276004.0,4.0,,,,4.0,1.1428571428571428,1,1.1990740740740742,5.044753086419753,0,3.5064814814814813,479,39,50,49
msg_1530,node21,node0,318,276000,276008.0,8.0,,,,8.0,2.0,1,1.1990740740740742,5.066365007541478,0,3.540639269406393,464,24,50,49
msg_1531,node22,node0,318,276000,,,,,,,,1,1.0990712074303406,5.092672413793103,0,3.453621346886912,642,22,50,49
msg_1532,node23,node0,318,276000,,,,,,,,1,1.0990712074303406,5.092672413793103,0,3.453621346886912,642,22,50,49
msg_1533,node24,node0,318,276000,276004.0,4.0,,,,4.0,1.4,1,1.1990740740740742,5.043143297380586,0,3.5069380203515266,478,38,50,49
msg_1534,node25,node0,318,276000,276005.0,5.0,,,,4.545454545454546,1.2,1,1.1990740740740742,5.041538461538462,0,3.5073937153419594,477,37,50,49
msg_1535,node26,node0,318,276000,,,,,,,,1,1.0990712074303406,5.092672413793103,0,3.453621346886912,642,22,50,49
msg_1536,node27,node0,318,276000,276005.0,5.0,,,,5.0,1.0588235294117647,1,1.1990740740740742,5.04147465437788,0,3.508771929824561,476,36,50,49
msg_1537,node28,node0,318,276000,,,,,,,,1,1.0990712074303406,5.092672413793103,0,3.453621346886912,642,22,50,49
msg_1538,node29,node0,318,276000,,,,,,,,1,1.0990712074303406,5.092672413793103,0,3.453621346886912,642,22,50,49
msg_1539,node30,node0,318,276000,,,,,,,,1,1.0990712074303406,5.092672413793103,0,3.453621346886912,642,22,50,49
msg_1540,node31,node0,318,276000,276009.0,9.0,,,,9.0,1.8,1,1.1990740740740742,5.070783132530121,0,3.5447080291970803,463,23,50,49
msg_1541,node32,node0,318,276000,276009.0,9.0,,,,9.0,1.9166666666666667,1,1.1990740740740742,5.076691729323309,0,3.5496809480401095,462,22,50,49
msg_1542,node33,node0,318,276000,276005.0,5.0,,,,5.0,1.2666666666666666,1,1.1990740740740742,5.041411042944786,0,3.5101476014760147,475,35,50,49
msg_1543,node34,node0,318,276000,,,,,,,,1,1.0990712074303406,5.092672413793103,0,3.453621346886912,642,22,50,49
msg_1544,node35,node0,318,276000,276005.0,5.0,,,,5.0,1.4,1,1.1990740740740742,5.041347626339969,0,3.511520737327189,474,34,50,49
msg_1545,node36,node0,318,276000,276006.0,6.0,,,,6.0,0.7058823529411765,1,1.1990740740740742,5.041284403669724,0,3.512891344383057,473,33,50,49
msg_1546,node37,node0,318,276000,276006.0,6.0,,,,6.0,1.5,1,1.1990740740740742,5.042748091603054,0,3.515179392824287,472,32,50,49
msg_1547,node38,node0,318,276000,,,,,,,,1,1.0990712074303406,5.092672413793103,0,3.453621346886912,642,22,50,49
msg_1548,node39,node0,318,276000,,,,,,,,1,1.0990712074303406,5.092672413793103,0,3.453621346886912,642,22,50,49
msg_1549,node40,node0,318,276000,276006.0,6.0,,,,6.0,1.4615384615384615,1,1.1990740740740742,5.0442073170731705,0,3.5174632352941178,471,31,50,49
msg_1550,node41,node0,318,276000,276007.0,7.0,,,,7.0,0.6666666666666666,1,1.1990740740740742,5.045662100456621,0,3.519742883379247,470,30,50,49
msg_1551,node42,node0,318,276000,,,,,,,,1,1.0990712074303406,5.092672413793103,0,3.453621346886912,642,22,50,49
msg_1552,node43,node0,318,276000,,,,,,,,1,1.0990712074303406,5.092672413793103,0,3.453621346886912,642,22,50,49
msg_1553,node44,node0,318,276000,276007.0,7.0,,,,7.0,1.0666666666666667,1,1.1990740740740742,5.048632218844984,0,3.522935779816514,469,29,50,49
msg_1554,node45,node0,318,276000,276007.0,7.0,,,,7.0,1.4666666666666666,1,1.1990740740740742,5.051593323216996,0,3.526122823098075,468,28,50,49
msg_1555,node46,node0,318,276000,276007.0,7.0,,,,7.0,1.3076923076923077,1,1.1990740740740742,5.054545454545455,0,3.529304029304029,467,27,50,49
msg_1556,node47,node0,318,276000,,,,,,,,1,1.0990712074303406,5.092672413793103,0,3.453621346886912,642,22,50,49
msg_1557,node48,node0,318,276000,,,,,,,,1,1.0990712074303406,5.092672413793103,0,3.453621346886912,642,22,50,49
msg_1558,node49,node0,318,276000,276009.0,9.0,,,,9.0,2.3125,1,1.1990740740740742,5.0825825825825826,0,3.5546448087431695,461,21,50,49
msg_1559,node0,node1,317,282001,282001.0,0.0,,,,1.1990740740740742,5.088455772113943,1,1.0,0.0,0,3.559599636032757,461,21,50,1
msg_1560,node0,node3,317,282002,282002.0,0.0,,,,1.1963048498845266,5.088455772113943,3,2.0,0.14285714285714285,0,3.556363636363636,463,23,50,3
msg_1561,node0,node6,317,282002,282003.0,1.0,,,,1.1935483870967742,5.088455772113943,3,2.0,0.875,0,3.553133514986376,463,23,50,3
msg_1562,node0,node8,317,282002,282003.0,1.0,,,,1.193103448275862,5.088455772113943,3,2.0,1.25,0,3.5508166969147004,462,22,50,3
msg_1563,node0,node15,318,282003,282003.0,0.0,,,,1.1926605504587156,5.088455772113943,1,3.0,1.3333333333333333,0,3.5485040797824117,461,21,50,1
msg_1564,node0,node20,318,282004,282004.0,0.0,,,,1.1899313501144164,5.088455772113943,2,4.0,1.1428571428571428,0,3.545289855072464,462,22,50,2
msg_1565,node0,node24,318,282004,282005.0,1.0,,,,1.187214611872146,5.088455772113943,2,4.0,1.4,0,3.5420814479638008,464,24,50,2
msg_1566,node0,node25,318,282005,282005.0,0.0,,,,1.1867881548974943,5.088455772113943,3,4.565217391304348,1.2,0,3.5397830018083183,463,23,50,3
msg_1567,node0,node27,318,282005,282006.0,1.0,,,,1.184090909090909,5.088455772113943,3,5.0,1.0588235294117647,0,3.5365853658536586,464,24,50,3
msg_1568,node0,node35,318,282005,282006.0,1.0,,,,1.183673469387755,5.088455772113943,3,5.0,1.4,0,3.5342960288808665,463,23,50,3
msg_1569,node0,node36,318,282006,282006.0,0.0,,,,1.1832579185520362,5.088455772113943,2,6.0,0.7058823529411765,0,3.532010820559062,462,22,50,2
msg_1570,node0,node40,318,282006,282007.0,1.0,,,,1.18058690744921,5.088455772113943,2,6.0,1.4615384615384615,0,3.528828828828829,464,24,50,2
msg_1571,node0,node41,318,282007,282007.0,0.0,,,,1.1801801801801801,5.088455772113943,3,7.0,0.6666666666666666,0,3.5265526552655264,463,23,50,3
msg_1572,node0,node44,318,282007,282008.0,1.0,,,,1.1775280898876404,5.088455772113943,3,7.0,1.0666666666666667,0,3.523381294964029,462,22,50,3
msg_1573,node0,node45,318,282007,282008.0,1.0,,,,1.1771300448430493,5.088455772113943,3,7.0,1.4666666666666666,0,3.5211141060197666,461,21,50,3
msg_1574,node0,node10,318,282009,282010.0,1.0,,,,1.1767337807606264,5.088455772113943,5,8.0,1.7333333333333334,0,3.518850987432675,465,25,50,5
msg_1575,node0,node14,318,282009,282010.0,1.0,,,,1.1763392857142858,5.088455772113943,5,8.0,1.5333333333333334,0,3.516591928251121,464,24,50,5
msg_1576,node0,node31,318,282009,282011.0,2.0,,,,1.175946547884187,5.088455772113943,5,9.0,1.8,0,3.514336917562724,463,23,50,5
msg_1577,node0,node32,318,282009,282011.0,2.0,,,,1.1777777777777778,5.088455772113943,5,9.0,1.9166666666666667,0,3.512981199641898,462,22,50,5
msg_1578,node0,node49,318,282009,282011.0,2.0,,,,1.1796008869179602,5.088455772113943,5,9.0,2.3125,0,3.511627906976744,461,21,50,5
msg_1579,node1,node0,316,288000,288001.0,1.0,,,,1.0,0.0,1,1.1814159292035398,5.088455772113943,0,3.5102770330652366,509,49,50,49
msg_1580,node2,node0,316,288000,288001.0,1.0,,,,1.0,1.0,1,1.1814159292035398,5.082335329341317,0,3.508035714285714,508,48,50,49
msg_1581,node3,node0,316,288000,288002.0,2.0,,,,2.0,0.13333333333333333,1,1.1814159292035398,5.076233183856503,0,3.505798394290812,507,47,50,49
msg_1582,node4,node0,316,288000,,,,,,,,1,1.0990712074303406,5.092672413793103,0,3.453621346886912,642,22,50,49
msg_1583,node5,node0,316,288000,,,,,,,,1,1.0990712074303406,5.092672413793103,0,3.453621346886912,642,22,50,49
msg_1584,node6,node0,316,288000,288002.0,2.0,,,,2.0,0.8823529411764706,1,1.1814159292035398,5.071641791044776,0,3.5044563279857397,506,46,50,49
msg_1585,node7,node0,316,288000,288002.0,2.0,,,,2.0,1.2,1,1.1814159292035398,5.0670640834575265,0,3.5031166518254673,505,45,50,49
msg_1586,node8,node0,316,288000,288002.0,2.0,,,,2.0,1.2352941176470589,1,1.1814159292035398,5.0625,0,3.501779359430605,504,44,50,49
msg_1587,node9,node0,316,288000,288003.0,3.0,,,,3.0,0.5625,1,1.1814159292035398,5.057949479940564,0,3.5004444444444442,503,43,50,49
msg_1588,node10,node0,318,288000,288008.0,8.0,,,,8.0,1.6875,1,1.1814159292035398,5.059420289855073,0,3.5245183887915936,486,26,50,49
msg_1589,node11,node0,318,288000,,,,,,,,1,1.0990712074303406,5.092672413793103,0,3.453621346886912,642,22,50,49
msg_1590,node12,node0,318,288000,,,,,,,,1,1.0990712074303406,5.092672413793103,0,3.453621346886912,642,22,50,49
msg_1591,node13,node0,318,288000,288003.0,3.0,,,,3.0,1.2222222222222223,1,1.1814159292035398,5.054896142433234,0,3.5,502,42,50,49
msg_1592,node14,node0,318,288000,288008.0,8.0,,,,8.0,1.5,1,1.1814159292035398,5.063675832127352,0,3.5284339457567806,485,25,50,49
msg_1593,node15,node0,318,288000,288003.0,3.0,,,,3.0,1.25,1,1.1814159292035398,5.051851851851852,0,3.4995563442768414,501,41,50,49
msg_1594,node16,node0,318,288000,,,,,,,,1,1.0990712074303406,5.092672413793103,0,3.453621346886912,642,22,50,49
msg_1595,node17,node0,318,288000,288004.0,4.0,,,,4.0,0.5333333333333333,1,1.1814159292035398,5.048816568047338,0,3.499113475177305,500,40,50,49
msg_1596,node18,node0,318,288000,,,,,,,,1,1.0990712074303406,5.092672413793103,0,3.453621346886912,642,22,50,49
msg_1597,node19,node0,318,288000,,,,,,,,1,1.0990712074303406,5.092672413793103,0,3.453621346886912,642,22,50,49
msg_1598,node20,node0,318,288000,288004.0,4.0,,,,4.0,1.0666666666666667,1,1.1814159292035398,5.0472673559822745,0,3.49955713020372,499,39,50,49
msg_1599,node21,node0,318,288000,288008.0,8.0,,,,8.0,2.0,1,1.1814159292035398,5.067919075144508,0,3.5323426573426575,484,24,50,49
msg_1600,node22,node0,318,288000,,,,,,,,1,1.0990712074303406,5.092672413793103,0,3.453621346886912,642,22,50,49
msg_1601,node23,node0,318,288000,,,,,,,,1,1.0990712074303406,5.092672413793103,0,3.453621346886912,642,22,50,49
msg_1602,node24,node0,318,288000,288004.0,4.0,,,,4.0,1.375,1,1.1814159292035398,5.045722713864307,0,3.5,498,38,50,49
msg_1603,node25,node0,318,288000,288005.0,5.0,,,,4.565217391304348,1.125,1,1.1814159292035398,5.044182621502209,0,3.500442086648983,497,37,50,49
msg_1604,node26,node0,318,288000,,,,,,,,1,1.0990712074303406,5.092672413793103,0,3.453621346886912,642,22,50,49
msg_1605,node27,node0,318,288000,288005.0,5.0,,,,5.0,1.0555555555555556,1,1.1814159292035398,5.044117647058823,0,3.501766784452297,496,36,50,49
msg_1606,node28,node0,318,288000,,,,,,,,1,1.0990712074303406,5.092672413793103,0,3.453621346886912,642,22,50,49
msg_1607,node29,node0,318,288000,,,,,,,,1,1.0990712074303406,5.092672413793103,0,3.453621346886912,642,22,50,49
msg_1608,node30,node0,318,288000,,,,,,,,1,1.0990712074303406,5.092672413793103,0,3.453621346886912,642,22,50,49
msg_1609,node31,node0,318,288000,288009.0,9.0,,,,9.0,1.8125,1,1.1814159292035398,5.072150072150072,0,3.536244541484716,483,23,50,49
msg_1610,node32,node0,318,288000,288009.0,9.0,,,,9.0,1.9230769230769231,1,1.1814159292035398,5.077809798270893,0,3.5410122164048867,482,22,50,49
msg_1611,node33,node0,318,288000,288005.0,5.0,,,,5.0,1.2666666666666666,1,1.1814159292035398,5.044052863436123,0,3.503089143865843,495,35,50,49
msg_1612,node34,node0,318,288000,,,,,,,,1,1.0990712074303406,5.092672413793103,0,3.453621346886912,642,22,50,49
msg_1613,node35,node0,318,288000,288005.0,5.0,,,,5.0,1.375,1,1.1814159292035398,5.043988269794721,0,3.504409171075838,494,34,50,49
msg_1614,node36,node0,318,288000,288006.0,6.0,,,,6.0,0.6666666666666666,1,1.1814159292035398,5.043923865300147,0,3.505726872246696,493,33,50,49
msg_1615,node37,node0,318,288000,288006.0,6.0,,,,6.0,1.5,1,1.1814159292035398,5.045321637426901,0,3.5079225352112675,492,32,50,49
msg_1616,node38,node0,318,288000,,,,,,,,1,1.0990712074303406,5.092672413793103,0,3.453621346886912,642,22,50,49
msg_1617,node39,node0,318,288000,,,,,,,,1,1.0990712074303406,5.092672413793103,0,3.453621346886912,642,22,50,49
msg_1618,node40,node0,318,288000,288006.0,6.0,,,,6.0,1.4285714285714286,1,1.1814159292035398,5.046715328467153,0,3.510114335971856,491,31,50,49
msg_1619,node41,node0,318,288000,288007.0,7.0,,,,7.0,0.6153846153846154,1,1.1814159292035398,5.048104956268221,0,3.5123022847100174,490,30,50,49
msg_1620,node42,node0,318,288000,,,,,,,,1,1.0990712074303406,5.092672413793103,0,3.453621346886912,642,22,50,49
msg_1621,node43,node0,318,288000,,,,,,,,1,1.0990712074303406,5.092672413793103,0,3.453621346886912,642,22,50,49
msg_1622,node44,node0,318,288000,288007.0,7.0,,,,7.0,1.0625,1,1.1814159292035398,5.0509461426492,0,3.5153643546971027,489,29,50,49
msg_1623,node45,node0,318,288000,288007.0,7.0,,,,7.0,1.4375,1,1.1814159292035398,5.053779069767442,0,3.518421052631579,488,28,50,49
msg_1624,node46,node0,318,288000,288007.0,7.0,,,,7.0,1.3076923076923077,1,1.1814159292035398,5.056603773584905,0,3.521472392638037,487,27,50,49
msg_1625,node47,node0,318,288000,,,,,,,,1,1.0990712074303406,5.092672413793103,0,3.453621346886912,642,22,50,49
msg_1626,node48,node0,318,288000,,,,,,,,1,1.0990712074303406,5.092672413793103,0,3.453621346886912,642,22,50,49
msg_1627,node49,node0,318,288000,288009.0,9.0,,,,9.0,2.2941176470588234,1,1.1814159292035398,5.083453237410072,0,3.5457715780296426,481,21,50,49
msg_1628,node0,node2,317,294001,294001.0,0.0,,,,1.1814159292035398,5.089080459770115,1,1.0,1.0,0,3.5505226480836236,481,21,50,1
msg_1629,node0,node3,317,294002,294002.0,0.0,,,,1.1788079470198676,5.089080459770115,3,2.0,0.13333333333333333,0,3.547432550043516,483,23,50,3
msg_1630,node0,node6,317,294002,294003.0,1.0,,,,1.1762114537444934,5.089080459770115,3,2.0,0.8823529411764706,0,3.5443478260869563,485,25,50,3
msg_1631,node0,node7,317,294002,294003.0,1.0,,,,1.1758241758241759,5.089080459770115,3,2.0,1.2,0,3.5421372719374458,484,24,50,3
msg_1632,node0,node9,317,294003,294003.0,0.0,,,,1.1754385964912282,5.089080459770115,3,3.0,0.5625,0,3.5399305555555554,483,23,50,3
msg_1633,node0,node13,318,294003,294004.0,1.0,,,,1.1728665207877462,5.089080459770115,3,3.0,1.2222222222222223,0,3.5368603642671292,485,25,50,3
msg_1634,node0,node15,318,294003,294004.0,1.0,,,,1.1724890829694323,5.089080459770115,3,3.0,1.25,0,3.5346620450606587,484,24,50,3
msg_1635,node0,node17,318,294004,294004.0,0.0,,,,1.1721132897603486,5.089080459770115,3,4.0,0.5333333333333333,0,3.5324675324675323,483,23,50,3
msg_1636,node0,node20,318,294004,294005.0,1.0,,,,1.1695652173913043,5.089080459770115,3,4.0,1.0666666666666667,0,3.5294117647058822,485,25,50,3
msg_1637,node0,node24,318,294004,294005.0,1.0,,,,1.1691973969631237,5.089080459770115,3,4.0,1.375,0,3.5272255834053587,484,24,50,3
msg_1638,node0,node25,318,294005,294005.0,0.0,,,,1.1688311688311688,5.089080459770115,3,4.583333333333333,1.125,0,3.5250431778929188,483,23,50,3
msg_1639,node0,node33,318,294005,294006.0,1.0,,,,1.1663066954643628,5.089080459770115,3,5.0,1.2666666666666666,0,3.522001725625539,485,25,50,3
msg_1640,node0,node35,318,294005,294006.0,1.0,,,,1.165948275862069,5.089080459770115,3,5.0,1.375,0,3.5198275862068966,484,24,50,3
msg_1641,node0,node36,318,294006,294006.0,0.0,,,,1.1655913978494623,5.089080459770115,3,6.0,0.6666666666666666,0,3.517657192075797,483,23,50,3
msg_1642,node0,node37,318,294006,294007.0,1.0,,,,1.1630901287553648,5.089080459770115,3,6.0,1.5,0,3.514629948364888,486,26,50,3
msg_1643,node0,node40,318,294006,294007.0,1.0,,,,1.1627408993576016,5.089080459770115,3,6.0,1.4285714285714286,0,3.5124677558039554,485,25,50,3
msg_1644,node0,node41,318,294007,294007.0,0.0,,,,1.1623931623931625,5.089080459770115,4,7.0,0.6153846153846154,0,3.5103092783505154,484,24,50,4
msg_1645,node0,node44,318,294007,294008.0,1.0,,,,1.159914712153518,5.089080459770115,4,7.0,1.0625,0,3.507296137339056,486,26,50,4
msg_1646,node0,node45,318,294007,294008.0,1.0,,,,1.1595744680851063,5.089080459770115,4,7.0,1.4375,0,3.5051457975986278,485,25,50,4
msg_1647,node0,node46,318,294007,294008.0,1.0,,,,1.1592356687898089,5.089080459770115,4,7.0,1.3076923076923077,0,3.5029991431019707,484,24,50,4
msg_1648,node0,node10,318,294008,294010.0,2.0,,,,1.1588983050847457,5.089080459770115,3,8.0,1.6875,0,3.5008561643835616,486,26,50,3
msg_1649,node0,node14,318,294008,294010.0,2.0,,,,1.160676532769556,5.089080459770115,3,8.0,1.5,0,3.499572284003422,485,25,50,3
msg_1650,node0,node21,318,294008,294010.0,2.0,,,,1.1624472573839661,5.089080459770115,3,8.0,2.0,0,3.4982905982905983,484,24,50,3
msg_1651,node0,node31,318,294009,294011.0,2.0,,,,1.1642105263157896,5.089080459770115,3,9.0,1.8125,0,3.4970111016225447,483,23,50,3
msg_1652,node0,node32,318,294009,294012.0,3.0,,,,1.165966386554622,5.089080459770115,3,9.0,1.9230769230769231,0,3.4957337883959045,482,22,50,3
msg_1653,node0,node49,318,294009,294012.0,3.0,,,,1.169811320754717,5.089080459770115,3,9.0,2.2941176470588234,0,3.495311167945439,481,21,50,3
msg_1654,node1,node0,316,300000,300001.0,1.0,,,,1.0,0.0,1,1.1736401673640167,5.089080459770115,0,3.4948892674616694,529,49,50,49
msg_1655,node2,node0,316,300000,300001.0,1.0,,,,1.0,0.9375,1,1.1736401673640167,5.0832137733142035,0,3.4927659574468084,528,48,50,49
msg_1656,node3,node0,316,300000,300002.0,2.0,,,,2.0,0.125,1,1.1736401673640167,5.077363896848137,0,3.4906462585034013,527,47,50,49
msg_1657,node4,node0,316,300000,,,,,,,,1,1.0990712074303406,5.092672413793103,0,3.453621346886912,642,22,50,49
msg_1658,node5,node0,316,300000,,,,,,,,1,1.0990712074303406,5.092672413793103,0,3.453621346886912,642,22,50,49
msg_1659,node6,node0,316,300000,300002.0,2.0,,,,2.0,0.8888888888888888,1,1.1736401673640167,5.072961373390558,0,3.4893797790994054,526,46,50,49
msg_1660,node7,node0,316,300000,300002.0,2.0,,,,2.0,1.1875,1,1.1736401673640167,5.0685714285714285,0,3.4881154499151106,525,45,50,49
msg_1661,node8,node0,316,300000,300002.0,2.0,,,,2.0,1.2352941176470589,1,1.1736401673640167,5.064194008559201,0,3.4868532654792195,524,44,50,49
msg_1662,node9,node0,316,300000,300003.0,3.0,,,,3.0,0.5294117647058824,1,1.1736401673640167,5.05982905982906,0,3.4855932203389832,523,43,50,49
msg_1663,node10,node0,318,300000,300008.0,8.0,,,,8.0,1.7058823529411764,1,1.1736401673640167,5.061196105702364,0,3.508771929824561,506,26,50,49
msg_1664,node11,node0,318,300000,,,,,,,,1,1.0990712074303406,5.092672413793103,0,3.453621346886912,642,22,50,49
msg_1665,node12,node0,318,300000,,,,,,,,1,1.0990712074303406,5.092672413793103,0,3.453621346886912,642,22,50,49
msg_1666,node13,node0,318,300000,300003.0,3.0,,,,3.0,1.2105263157894737,1,1.1736401673640167,5.056899004267425,0,3.485182049110923,522,42,50,49
msg_1667,node14,node0,318,300000,300008.0,8.0,,,,8.0,1.5294117647058822,1,1.1736401673640167,5.065277777777778,0,3.5125208681135227,505,25,50,49
msg_1668,node15,node0,318,300000,300003.0,3.0,,,,3.0,1.2352941176470589,1,1.1736401673640167,5.0539772727272725,0,3.484771573604061,521,41,50,49
msg_1669,node16,node0,318,300000,,,,,,,,1,1.0990712074303406,5.092672413793103,0,3.453621346886912,642,22,50,49
msg_1670,node17,node0,318,300000,300004.0,4.0,,,,4.0,0.5,1,1.1736401673640167,5.051063829787234,0,3.4843617920541,520,40,50,49
msg_1671,node18,node0,318,300000,,,,,,,,1,1.0990712074303406,5.092672413793103,0,3.453621346886912,642,22,50,49
msg_1672,node19,node0,318,300000,,,,,,,,1,1.0990712074303406,5.092672413793103,0,3.453621346886912,642,22,50,49
msg_1673,node20,node0,318,300000,300004.0,4.0,,,,4.0,1.0625,1,1.1736401673640167,5.04957507082153,0,3.4847972972972974,519,39,50,49
msg_1674,node21,node0,318,300000,300008.0,8.0,,,,8.0,2.0,1,1.1736401673640167,5.069348127600555,0,3.5162635529608006,504,24,50,49
msg_1675,node22,node0,318,300000,,,,,,,,1,1.0990712074303406,5.092672413793103,0,3.453621346886912,642,22,50,49
msg_1676,node23,node0,318,300000,,,,,,,,1,1.0990712074303406,5.092672413793103,0,3.453621346886912,642,22,50,49
msg_1677,node24,node0,318,300000,300004.0,4.0,,,,4.0,1.3529411764705883,1,1.1736401673640167,5.048090523338048,0,3.4852320675105486,518,38,50,49
msg_1678,node25,node0,318,300000,300005.0,5.0,,,,4.583333333333333,1.0588235294117647,1,1.1736401673640167,5.046610169491525,0,3.4856661045531196,517,37,50,49
msg_1679,node26,node0,318,300000,,,,,,,,1,1.0990712074303406,5.092672413793103,0,3.453621346886912,642,22,50,49
msg_1680,node27,node0,318,300000,300005.0,5.0,,,,5.0,1.0555555555555556,1,1.1736401673640167,5.046544428772919,0,3.4869418702611625,516,36,50,49
msg_1681,node28,node0,318,300000,,,,,,,,1,1.0990712074303406,5.092672413793103,0,3.453621346886912,642,22,50,49
msg_1682,node29,node0,318,300000,,,,,,,,1,1.0990712074303406,5.092672413793103,0,3.453621346886912,642,22,50,49
msg_1683,node30,node0,318,300000,,,,,,,,1,1.0990712074303406,5.092672413793103,0,3.453621346886912,642,22,50,49
msg_1684,node31,node0,318,300000,300009.0,9.0,,,,9.0,1.8235294117647058,1,1.1736401673640167,5.073407202216067,0,3.52,503,23,50,49
msg_1685,node32,node0,318,300000,300009.0,9.0,,,,9.0,2.0,1,1.1736401673640167,5.078838174273859,0,3.524562864279767,502,22,50,49
msg_1686,node33,node0,318,300000,300005.0,5.0,,,,5.0,1.25,1,1.1736401673640167,5.046478873239437,0,3.4882154882154883,515,35,50,49
msg_1687,node34,node0,318,300000,,,,,,,,1,1.0990712074303406,5.092672413793103,0,3.453621346886912,642,22,50,49
msg_1688,node35,node0,318,300000,300005.0,5.0,,,,5.0,1.3529411764705883,1,1.1736401673640167,5.046413502109704,0,3.4894869638351556,514,34,50,49
msg_1689,node36,node0,318,300000,300006.0,6.0,,,,6.0,0.631578947368421,1,1.1736401673640167,5.046348314606742,0,3.4907563025210084,513,33,50,49
msg_1690,node37,node0,318,300000,300006.0,6.0,,,,6.0,1.4666666666666666,1,1.1736401673640167,5.047685834502103,0,3.492863140218304,512,32,50,49
msg_1691,node38,node0,318,300000,,,,,,,,1,1.0990712074303406,5.092672413793103,0,3.453621346886912,642,22,50,49
msg_1692,node39,node0,318,300000,,,,,,,,1,1.0990712074303406,5.092672413793103,0,3.453621346886912,642,22,50,49
msg_1693,node40,node0,318,300000,300006.0,6.0,,,,6.0,1.4,1,1.1736401673640167,5.049019607843137,0,3.4949664429530203,511,31,50,49
msg_1694,node41,node0,318,300000,300007.0,7.0,,,,7.0,0.5714285714285714,1,1.1736401673640167,5.05034965034965,0,3.4970662196144175,510,30,50,49
msg_1695,node42,node0,318,300000,,,,,,,,1,1.0990712074303406,5.092672413793103,0,3.453621346886912,642,22,50,49
msg_1696,node43,node0,318,300000,,,,,,,,1,1.0990712074303406,5.092672413793103,0,3.453621346886912,642,22,50,49
msg_1697,node44,node0,318,300000,300007.0,7.0,,,,7.0,1.0588235294117647,1,1.1736401673640167,5.053072625698324,0,3.5,509,29,50,49
msg_1698,node45,node0,318,300000,300007.0,7.0,,,,7.0,1.411764705882353,1,1.1736401673640167,5.0557880055788,0,3.502928870292887,508,28,50,49
msg_1699,node46,node0,318,300000,300007.0,7.0,,,,7.0,1.2857142857142858,1,1.1736401673640167,5.0584958217270195,0,3.5058528428093645,507,27,50,49
msg_1700,node47,node0,318,300000,,,,,,,,1,1.0990712074303406,5.092672413793103,0,3.453621346886912,642,22,50,49
msg_1701,node48,node0,318,300000,,,,,,,,1,1.0990712074303406,5.092672413793103,0,3.453621346886912,642,22,50,49
msg_1702,node49,node0,318,300000,300009.0,9.0,,,,9.0,2.3333333333333335,1,1.1736401673640167,5.084254143646409,0,3.529118136439268,501,21,50,49
msg_1703,node0,node2,317,306001,306001.0,0.0,,,,1.1736401673640167,5.089655172413793,1,1.0,0.9375,0,3.533665835411471,501,21,50,1
msg_1704,node0,node3,317,306002,306002.0,0.0,,,,1.1711899791231732,5.089655172413793,4,2.0,0.125,0,3.530730897009967,504,24,50,4
msg_1705,node0,node6,317,306002,306003.0,1.0,,,,1.16875,5.089655172413793,4,2.0,0.8888888888888888,0,3.5278008298755186,506,26,50,4
msg_1706,node0,node7,317,306002,306003.0,1.0,,,,1.1683991683991684,5.089655172413793,4,2.0,1.1875,0,3.525704809286899,505,25,50,4
msg_1707,node0,node8,317,306002,306003.0,1.0,,,,1.1680497925311204,5.089655172413793,4,2.0,1.2352941176470589,0,3.523612261806131,504,24,50,4
msg_1708,node0,node9,317,306003,306004.0,1.0,,,,1.1677018633540373,5.089655172413793,3,3.0,0.5294117647058824,0,3.521523178807947,505,25,50,3
msg_1709,node0,node13,318,306003,306004.0,1.0,,,,1.1673553719008265,5.089655172413793,3,3.0,1.2105263157894737,0,3.5194375516956162,504,24,50,3
msg_1710,node0,node15,318,306003,306004.0,1.0,,,,1.1670103092783506,5.089655172413793,3,3.0,1.2352941176470589,0,3.5173553719008264,503,23,50,3
msg_1711,node0,node20,318,306004,306005.0,1.0,,,,1.1666666666666667,5.089655172413793,2,4.0,1.0625,0,3.5152766308835672,505,25,50,2
msg_1712,node0,node24,318,306004,306005.0,1.0,,,,1.1663244353182751,5.089655172413793,2,4.0,1.3529411764705883,0,3.5132013201320134,504,24,50,2
msg_1713,node0,node27,318,306005,306005.0,0.0,,,,1.165983606557377,5.089655172413793,3,5.0,1.0555555555555556,0,3.511129431162407,503,23,50,3
msg_1714,node0,node33,318,306005,306006.0,1.0,,,,1.16359918200409,5.089655172413793,3,5.0,1.25,0,3.5082372322899507,504,24,50,3
msg_1715,node0,node35,318,306005,306006.0,1.0,,,,1.163265306122449,5.089655172413793,3,5.0,1.3529411764705883,0,3.506172839506173,503,23,50,3
msg_1716,node0,node36,318,306006,306006.0,0.0,,,,1.1629327902240325,5.089655172413793,2,6.0,0.631578947368421,0,3.5041118421052633,502,22,50,2
msg_1717,node0,node37,318,306006,306007.0,1.0,,,,1.160569105691057,5.089655172413793,2,6.0,1.4666666666666666,0,3.5012325390304024,504,24,50,2
msg_1718,node0,node41,318,306007,306007.0,0.0,,,,1.1602434077079107,5.089655172413793,3,7.0,0.5714285714285714,0,3.4991789819376025,503,23,50,3
msg_1719,node0,node45,318,306007,306008.0,1.0,,,,1.1578947368421053,5.089655172413793,3,7.0,1.411764705882353,0,3.4963084495488106,505,25,50,3
msg_1720,node0,node46,318,306007,306008.0,1.0,,,,1.1575757575757575,5.089655172413793,3,7.0,1.2857142857142858,0,3.4942622950819673,504,24,50,3
msg_1721,node0,node10,318,306008,306009.0,1.0,,,,1.157258064516129,5.089655172413793,3,8.0,1.7058823529411764,0,3.4922194922194922,506,26,50,3
msg_1722,node0,node14,318,306008,306009.0,1.0,,,,1.1569416498993963,5.089655172413793,3,8.0,1.5294117647058822,0,3.490180032733224,505,25,50,3
msg_1723,node0,node21,318,306008,306010.0,2.0,,,,1.1566265060240963,5.089655172413793,3,8.0,2.0,0,3.4881439084219132,504,24,50,3
msg_1724,node0,node31,318,306009,306011.0,2.0,,,,1.1583166332665331,5.089655172413793,3,9.0,1.8235294117647058,0,3.4869281045751634,503,23,50,3
msg_1725,node0,node32,318,306009,306011.0,2.0,,,,1.16,5.089655172413793,3,9.0,2.0,0,3.4857142857142858,502,22,50,3
msg_1726,node0,node49,318,306009,306011.0,2.0,,,,1.1616766467065869,5.089655172413793,3,9.0,2.3333333333333335,0,3.4845024469820554,501,21,50,3
msg_1727,node1,node0,316,312000,312001.0,1.0,,,,1.0,0.0,1,1.1633466135458168,5.089655172413793,0,3.4832925835370823,549,49,50,49
msg_1728,node2,node0,316,312000,312001.0,1.0,,,,1.0,0.8823529411764706,1,1.1633466135458168,5.084022038567493,0,3.481270358306189,548,48,50,49
msg_1729,node3,node0,316,312000,312002.0,2.0,,,,2.0,0.11764705882352941,1,1.1633466135458168,5.078404401650619,0,3.479251423921888,547,47,50,49
msg_1730,node4,node0,316,312000,,,,,,,,1,1.0990712074303406,5.092672413793103,0,3.453621346886912,642,22,50,49
msg_1731,node5,node0,316,312000,,,,,,,,1,1.0990712074303406,5.092672413793103,0,3.453621346886912,642,22,50,49
msg_1732,node6,node0,316,312000,312002.0,2.0,,,,2.0,0.8947368421052632,1,1.1633466135458168,5.074175824175824,0,3.478048780487805,546,46,50,49
msg_1733,node7,node0,316,312000,312002.0,2.0,,,,2.0,1.1764705882352942,1,1.1633466135458168,5.0699588477366255,0,3.4768480909829407,545,45,50,49
msg_1734,node8,node0,316,312000,312002.0,2.0,,,,2.0,1.2222222222222223,1,1.1633466135458168,5.065753424657534,0,3.4756493506493507,544,44,50,49
msg_1735,node9,node0,316,312000,312003.0,3.0,,,,3.0,0.5555555555555556,1,1.1633466135458168,5.06155950752394,0,3.4744525547445257,543,43,50,49
msg_1736,node10,node0,318,312000,312008.0,8.0,,,,8.0,1.6666666666666667,1,1.1633466135458168,5.06283422459893,0,3.4968,526,26,50,49
msg_1737,node11,node0,318,312000,,,,,,,,1,1.0990712074303406,5.092672413793103,0,3.453621346886912,642,22,50,49
msg_1738,node12,node0,318,312000,,,,,,,,1,1.0990712074303406,5.092672413793103,0,3.453621346886912,642,22,50,49
msg_1739,node13,node0,318,312000,312003.0,3.0,,,,3.0,1.2,1,1.1633466135458168,5.058743169398907,0,3.474068071312804,542,42,50,49
msg_1740,node14,node0,318,312000,312008.0,8.0,,,,8.0,1.5,1,1.1633466135458168,5.06675567423231,0,3.5003996802557955,525,25,50,49
msg_1741,node15,node0,318,312000,312003.0,3.0,,,,3.0,1.2222222222222223,1,1.1633466135458168,5.05593451568895,0,3.473684210526316,541,41,50,49
msg_1742,node16,node0,318,312000,,,,,,,,1,1.0990712074303406,5.092672413793103,0,3.453621346886912,642,22,50,49
msg_1743,node17,node0,318,312000,312004.0,4.0,,,,4.0,0.5,1,1.1633466135458168,5.053133514986376,0,3.4733009708737863,540,40,50,49
msg_1744,node18,node0,318,312000,,,,,,,,1,1.0990712074303406,5.092672413793103,0,3.453621346886912,642,22,50,49
msg_1745,node19,node0,318,312000,,,,,,,,1,1.0990712074303406,5.092672413793103,0,3.453621346886912,642,22,50,49
msg_1746,node20,node0,318,312000,312004.0,4.0,,,,4.0,1.0588235294117647,1,1.1633466135458168,5.051700680272109,0,3.473726758286176,539,39,50,49
msg_1747,node21,node0,318,312000,312008.0,8.0,,,,8.0,2.0,1,1.1633466135458168,5.070666666666667,0,3.503993610223642,524,24,50,49
msg_1748,node22,node0,318,312000,,,,,,,,1,1.0990712074303406,5.092672413793103,0,3.453621346886912,642,22,50,49
msg_1749,node23,node0,318,312000,,,,,,,,1,1.0990712074303406,5.092672413793103,0,3.453621346886912,642,22,50,49
msg_1750,node24,node0,318,312000,312004.0,4.0,,,,4.0,1.3333333333333333,1,1.1633466135458168,5.050271739130435,0,3.474151857835218,538,38,50,49
msg_1751,node25,node0,318,312000,312005.0,5.0,,,,4.6,1.0588235294117647,1,1.1633466135458168,5.048846675712348,0,3.4745762711864407,537,37,50,49
msg_1752,node26,node0,318,312000,,,,,,,,1,1.0990712074303406,5.092672413793103,0,3.453621346886912,642,22,50,49
msg_1753,node27,node0,318,312000,312005.0,5.0,,,,5.0,1.0,1,1.1633466135458168,5.048780487804878,0,3.475806451612903,536,36,50,49
msg_1754,node28,node0,318,312000,,,,,,,,1,1.0990712074303406,5.092672413793103,0,3.453621346886912,642,22,50,49
msg_1755,node29,node0,318,312000,,,,,,,,1,1.0990712074303406,5.092672413793103,0,3.453621346886912,642,22,50,49
msg_1756,node30,node0,318,312000,,,,,,,,1,1.0990712074303406,5.092672413793103,0,3.453621346886912,642,22,50,49
msg_1757,node31,node0,318,312000,312009.0,9.0,,,,9.0,1.8333333333333333,1,1.1633466135458168,5.0745672436751,0,3.507581803671189,523,23,50,49
msg_1758,node32,node0,318,312000,312009.0,9.0,,,,9.0,2.0,1,1.1633466135458168,5.079787234042553,0,3.511961722488038,522,22,50,49
msg_1759,node33,node0,318,312000,312005.0,5.0,,,,5.0,1.2352941176470589,1,1.1633466135458168,5.04871447902571,0,3.477034649476229,535,35,50,49
msg_1760,node34,node0,318,312000,,,,,,,,1,1.0990712074303406,5.092672413793103,0,3.453621346886912,642,22,50,49
msg_1761,node35,node0,318,312000,312005.0,5.0,,,,5.0,1.3333333333333333,1,1.1633466135458168,5.048648648648649,0,3.4782608695652173,534,34,50,49
msg_1762,node36,node0,318,312000,312006.0,6.0,,,,6.0,0.6,1,1.1633466135458168,5.048582995951417,0,3.479485116653258,533,33,50,49
msg_1763,node37,node0,318,312000,312006.0,6.0,,,,6.0,1.4375,1,1.1633466135458168,5.049865229110512,0,3.4815112540192925,532,32,50,49
msg_1764,node38,node0,318,312000,,,,,,,,1,1.0990712074303406,5.092672413793103,0,3.453621346886912,642,22,50,49
msg_1765,node39,node0,318,312000,,,,,,,,1,1.0990712074303406,5.092672413793103,0,3.453621346886912,642,22,50,49
msg_1766,node40,node0,318,312000,312006.0,6.0,,,,6.0,1.4,1,1.1633466135458168,5.05114401076716,0,3.4835341365461847,531,31,50,49
msg_1767,node41,node0,318,312000,312007.0,7.0,,,,7.0,0.5333333333333333,1,1.1633466135458168,5.05241935483871,0,3.485553772070626,530,30,50,49
msg_1768,node42,node0,318,312000,,,,,,,,1,1.0990712074303406,5.092672413793103,0,3.453621346886912,642,22,50,49
msg_1769,node43,node0,318,312000,,,,,,,,1,1.0990712074303406,5.092672413793103,0,3.453621346886912,642,22,50,49
msg_1770,node44,node0,318,312000,312007.0,7.0,,,,7.0,1.0588235294117647,1,1.1633466135458168,5.05503355704698,0,3.488372093023256,529,29,50,49
msg_1771,node45,node0,318,312000,312007.0,7.0,,,,7.0,1.3888888888888888,1,1.1633466135458168,5.057640750670242,0,3.4911858974358974,528,28,50,49
msg_1772,node46,node0,318,312000,312007.0,7.0,,,,7.0,1.2666666666666666,1,1.1633466135458168,5.0602409638554215,0,3.4939951961569253,527,27,50,49
msg_1773,node47,node0,318,312000,,,,,,,,1,1.0990712074303406,5.092672413793103,0,3.453621346886912,642,22,50,49
msg_1774,node48,node0,318,312000,,,,,,,,1,1.0990712074303406,5.092672413793103,0,3.453621346886912,642,22,50,49
msg_1775,node49,node0,318,312000,312009.0,9.0,,,,9.0,2.3157894736842106,1,1.1633466135458168,5.084993359893758,0,3.516334661354582,521,21,50,49
msg_1776,node0,node1,317,318001,318001.0,0.0,,,,1.1633466135458168,5.090185676392573,2,1.0,0.0,0,3.520700636942675,522,22,50,2
msg_1777,node0,node2,317,318001,318002.0,1.0,,,,1.1610337972166997,5.090185676392573,2,1.0,0.8823529411764706,0,3.5178997613365155,523,23,50,2
msg_1778,node0,node3,317,318002,318002.0,0.0,,,,1.1607142857142858,5.090185676392573,2,2.0,0.11764705882352941,0,3.5158982511923687,522,22,50,2
msg_1779,node0,node6,317,318002,318003.0,1.0,,,,1.1584158415841583,5.090185676392573,2,2.0,0.8947368421052632,0,3.5131056393963465,524,24,50,2
msg_1780,node0,node9,317,318003,318003.0,0.0,,,,1.158102766798419,5.090185676392573,3,3.0,0.5555555555555556,0,3.511111111111111,523,23,50,3
msg_1781,node0,node13,318,318003,318004.0,1.0,,,,1.155818540433925,5.090185676392573,3,3.0,1.2,0,3.50832672482157,525,25,50,3
msg_1782,node0,node15,318,318003,318004.0,1.0,,,,1.155511811023622,5.090185676392573,3,3.0,1.2222222222222223,0,3.5063391442155307,524,24,50,3
msg_1783,node0,node17,318,318004,318004.0,0.0,,,,1.1552062868369353,5.090185676392573,3,4.0,0.5,0,3.504354711005542,523,23,50,3
msg_1784,node0,node20,318,318004,318005.0,1.0,,,,1.1529411764705881,5.090185676392573,3,4.0,1.0588235294117647,0,3.5015822784810124,526,26,50,3
msg_1785,node0,node24,318,318004,318005.0,1.0,,,,1.152641878669276,5.090185676392573,3,4.0,1.3333333333333333,0,3.4996047430830037,525,25,50,3
msg_1786,node0,node25,318,318005,318005.0,0.0,,,,1.15234375,5.090185676392573,4,4.615384615384615,1.0588235294117647,0,3.4976303317535544,524,24,50,4
msg_1787,node0,node27,318,318005,318006.0,1.0,,,,1.1500974658869396,5.090185676392573,4,5.0,1.0,0,3.494869771112865,526,26,50,4
msg_1788,node0,node33,318,318005,318006.0,1.0,,,,1.149805447470817,5.090185676392573,4,5.0,1.2352941176470589,0,3.4929022082018926,525,25,50,4
msg_1789,node0,node35,318,318005,318006.0,1.0,,,,1.149514563106796,5.090185676392573,4,5.0,1.3333333333333333,0,3.490937746256895,524,24,50,4
msg_1790,node0,node36,318,318006,318007.0,1.0,,,,1.1492248062015504,5.090185676392573,3,6.0,0.6,0,3.488976377952756,527,27,50,3
msg_1791,node0,node37,318,318006,318007.0,1.0,,,,1.148936170212766,5.090185676392573,3,6.0,1.4375,0,3.4870180959874113,526,26,50,3
msg_1792,node0,node40,318,318006,318007.0,1.0,,,,1.1486486486486487,5.090185676392573,3,6.0,1.4,0,3.485062893081761,525,25,50,3
msg_1793,node0,node41,318,318007,318008.0,1.0,,,,1.1483622350674374,5.090185676392573,4,7.0,0.5333333333333333,0,3.483110761979576,526,26,50,4
msg_1794,node0,node44,318,318007,318008.0,1.0,,,,1.148076923076923,5.090185676392573,4,7.0,1.0588235294117647,0,3.4811616954474096,525,25,50,4
msg_1795,node0,node45,318,318007,318008.0,1.0,,,,1.1477927063339732,5.090185676392573,4,7.0,1.3888888888888888,0,3.4792156862745096,524,24,50,4
msg_1796,node0,node46,318,318007,318009.0,2.0,,,,1.1475095785440612,5.090185676392573,4,7.0,1.2666666666666666,0,3.477272727272727,525,25,50,4
msg_1797,node0,node14,318,318008,318010.0,2.0,,,,1.1491395793499044,5.090185676392573,2,8.0,1.5,0,3.476115896632733,524,24,50,2
msg_1798,node0,node21,318,318008,318010.0,2.0,,,,1.150763358778626,5.090185676392573,2,8.0,2.0,0,3.474960876369327,523,23,50,2
msg_1799,node0,node31,318,318009,318010.0,1.0,,,,1.1523809523809523,5.090185676392573,2,9.0,1.8333333333333333,0,3.473807662236122,522,22,50,2
msg_1800,node0,node49,318,318009,318011.0,2.0,,,,1.1520912547528517,5.090185676392573,2,9.0,2.3157894736842106,0,3.471875,521,21,50,2
msg_1801,node1,node0,316,324000,324001.0,1.0,,,,1.0,0.0,1,1.1537001897533208,5.090185676392573,0,3.470725995316159,569,49,50,49
msg_1802,node2,node0,316,324000,324001.0,1.0,,,,1.0,0.8888888888888888,1,1.1537001897533208,5.0847682119205295,0,3.468798751950078,568,48,50,49
msg_1803,node3,node0,316,324000,324002.0,2.0,,,,2.0,0.1111111111111111,1,1.1537001897533208,5.079365079365079,0,3.466874512860483,567,47,50,49
msg_1804,node4,node0,316,324000,,,,,,,,1,1.0990712074303406,5.092672413793103,0,3.453621346886912,642,22,50,49
msg_1805,node5,node0,316,324000,,,,,,,,1,1.0990712074303406,5.092672413793103,0,3.453621346886912,642,22,50,49
msg_1806,node6,node0,316,324000,324002.0,2.0,,,,2.0,0.9,1,1.1537001897533208,5.075297225891678,0,3.465732087227414,566,46,50,49
msg_1807,node7,node0,316,324000,324002.0,2.0,,,,2.0,1.1764705882352942,1,1.1537001897533208,5.071240105540897,0,3.464591439688716,565,45,50,49
msg_1808,node8,node0,316,324000,324002.0,2.0,,,,2.0,1.2222222222222223,1,1.1537001897533208,5.067193675889328,0,3.463452566096423,564,44,50,49
msg_1809,node9,node0,316,324000,324003.0,3.0,,,,3.0,0.5263157894736842,1,1.1537001897533208,5.063157894736842,0,3.462315462315462,563,43,50,49
msg_1810,node10,node0,318,324000,324008.0,8.0,,,,8.0,1.6666666666666667,1,1.1537001897533208,5.064350064350064,0,3.4838957055214723,546,26,50,49
msg_1811,node11,node0,318,324000,,,,,,,,1,1.0990712074303406,5.092672413793103,0,3.453621346886912,642,22,50,49
msg_1812,node12,node0,318,324000,,,,,,,,1,1.0990712074303406,5.092672413793103,0,3.453621346886912,642,22,50,49
msg_1813,node13,node0,318,324000,324003.0,3.0,,,,3.0,1.1904761904761905,1,1.1537001897533208,5.0604467805519056,0,3.4619565217391304,562,42,50,49
msg_1814,node14,node0,318,324000,324008.0,8.0,,,,8.0,1.5263157894736843,1,1.1537001897533208,5.0681233933161955,0,3.4873563218390804,545,25,50,49
msg_1815,node15,node0,318,324000,324003.0,3.0,,,,3.0,1.2105263157894737,1,1.1537001897533208,5.057742782152231,0,3.461598138091544,561,41,50,49
msg_1816,node16,node0,318,324000,,,,,,,,1,1.0990712074303406,5.092672413793103,0,3.453621346886912,642,22,50,49
msg_1817,node17,node0,318,324000,324004.0,4.0,,,,4.0,0.47058823529411764,1,1.1537001897533208,5.055045871559633,0,3.4612403100775193,560,40,50,49
msg_1818,node18,node0,318,324000,,,,,,,,1,1.0990712074303406,5.092672413793103,0,3.453621346886912,642,22,50,49
msg_1819,node19,node0,318,324000,,,,,,,,1,1.0990712074303406,5.092672413793103,0,3.453621346886912,642,22,50,49
msg_1820,node20,node0,318,324000,324004.0,4.0,,,,4.0,1.0555555555555556,1,1.1537001897533208,5.053664921465969,0,3.4616576297443844,559,39,50,49
msg_1821,node21,node0,318,324000,324008.0,8.0,,,,8.0,2.0,1,1.1537001897533208,5.07188703465982,0,3.490811638591118,544,24,50,49
msg_1822,node22,node0,318,324000,,,,,,,,1,1.0990712074303406,5.092672413793103,0,3.453621346886912,642,22,50,49
msg_1823,node23,node0,318,324000,,,,,,,,1,1.0990712074303406,5.092672413793103,0,3.453621346886912,642,22,50,49
msg_1824,node24,node0,318,324000,324004.0,4.0,,,,4.0,1.3157894736842106,1,1.1537001897533208,5.052287581699346,0,3.4620743034055725,558,38,50,49
msg_1825,node25,node0,318,324000,324005.0,5.0,,,,4.615384615384615,1.0,1,1.1537001897533208,5.050913838120104,0,3.462490332559938,557,37,50,49
msg_1826,node26,node0,318,324000,,,,,,,,1,1.0990712074303406,5.092672413793103,0,3.453621346886912,642,22,50,49
msg_1827,node27,node0,318,324000,324005.0,5.0,,,,5.0,1.0,1,1.1537001897533208,5.0508474576271185,0,3.463678516228748,556,36,50,49
msg_1828,node28,node0,318,324000,,,,,,,,1,1.0990712074303406,5.092672413793103,0,3.453621346886912,642,22,50,49
msg_1829,node29,node0,318,324000,,,,,,,,1,1.0990712074303406,5.092672413793103,0,3.453621346886912,642,22,50,49
msg_1830,node30,node0,318,324000,,,,,,,,1,1.0990712074303406,5.092672413793103,0,3.453621346886912,642,22,50,49
msg_1831,node31,node0,318,324000,324009.0,9.0,,,,9.0,1.7894736842105263,1,1.1537001897533208,5.075641025641025,0,3.4942616679418514,543,23,50,49
msg_1832,node32,node0,318,324000,324009.0,9.0,,,,9.0,2.0,1,1.1537001897533208,5.080665813060179,0,3.4984709480122325,542,22,50,49
msg_1833,node33,node0,318,324000,324005.0,5.0,,,,5.0,1.2222222222222223,1,1.1537001897533208,5.05078125,0,3.464864864864865,555,35,50,49
msg_1834,node34,node0,318,324000,,,,,,,,1,1.0990712074303406,5.092672413793103,0,3.453621346886912,642,22,50,49
msg_1835,node35,node0,318,324000,324005.0,5.0,,,,5.0,1.3157894736842106,1,1.1537001897533208,5.050715214564369,0,3.4660493827160495,554,34,50,49
msg_1836,node36,node0,318,324000,324006.0,6.0,,,,6.0,0.6190476190476191,1,1.1537001897533208,5.05064935064935,0,3.4672320740169624,553,33,50,49
msg_1837,node37,node0,318,324000,324006.0,6.0,,,,6.0,1.411764705882353,1,1.1537001897533208,5.051880674448768,0,3.4691833590138677,552,32,50,49
msg_1838,node38,node0,318,324000,,,,,,,,1,1.0990712074303406,5.092672413793103,0,3.453621346886912,642,22,50,49
msg_1839,node39,node0,318,324000,,,,,,,,1,1.0990712074303406,5.092672413793103,0,3.453621346886912,642,22,50,49
msg_1840,node40,node0,318,324000,324006.0,6.0,,,,6.0,1.375,1,1.1537001897533208,5.053108808290156,0,3.4711316397228638,551,31,50,49
msg_1841,node41,node0,318,324000,324007.0,7.0,,,,7.0,0.5625,1,1.1537001897533208,5.054333764553687,0,3.473076923076923,550,30,50,49
msg_1842,node42,node0,318,324000,,,,,,,,1,1.0990712074303406,5.092672413793103,0,3.453621346886912,642,22,50,49
msg_1843,node43,node0,318,324000,,,,,,,,1,1.0990712074303406,5.092672413793103,0,3.453621346886912,642,22,50,49
msg_1844,node44,node0,318,324000,324007.0,7.0,,,,7.0,1.0555555555555556,1,1.1537001897533208,5.056847545219639,0,3.4757878554957724,549,29,50,49
msg_1845,node45,node0,318,324000,324007.0,7.0,,,,7.0,1.368421052631579,1,1.1537001897533208,5.059354838709678,0,3.478494623655914,548,28,50,49
msg_1846,node46,node0,318,324000,324007.0,7.0,,,,7.0,1.3125,1,1.1537001897533208,5.061855670103093,0,3.4811972371450497,547,27,50,49
msg_1847,node47,node0,318,324000,,,,,,,,1,1.0990712074303406,5.092672413793103,0,3.453621346886912,642,22,50,49
msg_1848,node48,node0,318,324000,,,,,,,,1,1.0990712074303406,5.092672413793103,0,3.453621346886912,642,22,50,49
msg_1849,node49,node0,318,324000,324009.0,9.0,,,,9.0,2.3,1,1.1537001897533208,5.085677749360614,0,3.5026737967914436,541,21,50,49
msg_1850,node0,node1,317,330001,330001.0,0.0,,,,1.1537001897533208,5.090676883780332,2,1.0,0.0,0,3.5068702290076335,542,22,50,2
msg_1851,node0,node2,317,330001,330002.0,1.0,,,,1.1515151515151516,5.090676883780332,2,1.0,0.8888888888888888,0,3.50419527078566,542,22,50,2
msg_1852,node0,node3,317,330002,330002.0,0.0,,,,1.1512287334593572,5.090676883780332,1,2.0,0.1111111111111111,0,3.502286585365854,541,21,50,1
msg_1853,node0,node9,317,330003,330003.0,0.0,,,,1.149056603773585,5.090676883780332,3,3.0,0.5263157894736842,0,3.4996191926884994,543,23,50,3
msg_1854,node0,node13,318,330003,330004.0,1.0,,,,1.1468926553672316,5.090676883780332,3,3.0,1.1904761904761905,0,3.4969558599695585,545,25,50,3
msg_1855,node0,node15,318,330003,330004.0,1.0,,,,1.1466165413533835,5.090676883780332,3,3.0,1.2105263157894737,0,3.4950570342205323,544,24,50,3
msg_1856,node0,node17,318,330004,330004.0,0.0,,,,1.146341463414634,5.090676883780332,3,4.0,0.47058823529411764,0,3.493161094224924,543,23,50,3
msg_1857,node0,node20,318,330004,330005.0,1.0,,,,1.1441947565543071,5.090676883780332,3,4.0,1.0555555555555556,0,3.4905087319665906,545,25,50,3
msg_1858,node0,node24,318,330004,330005.0,1.0,,,,1.1439252336448598,5.090676883780332,3,4.0,1.3157894736842106,0,3.488619119878604,544,24,50,3
msg_1859,node0,node25,318,330005,330005.0,0.0,,,,1.1436567164179106,5.090676883780332,3,4.62962962962963,1.0,0,3.486732373009856,543,23,50,3
msg_1860,node0,node33,318,330005,330006.0,1.0,,,,1.1415270018621975,5.090676883780332,3,5.0,1.2222222222222223,0,3.484090909090909,543,23,50,3
msg_1861,node0,node35,318,330005,330006.0,1.0,,,,1.141263940520446,5.090676883780332,3,5.0,1.3157894736842106,0,3.4822104466313397,542,22,50,3
msg_1862,node0,node40,318,330006,330006.0,0.0,,,,1.1410018552875696,5.090676883780332,1,6.0,1.375,0,3.4803328290468984,541,21,50,1
msg_1863,node0,node41,318,330007,330007.0,0.0,,,,1.1388888888888888,5.090676883780332,3,7.0,0.5625,0,3.4777021919879063,543,23,50,3
msg_1864,node0,node44,318,330007,330008.0,1.0,,,,1.1367837338262476,5.090676883780332,3,7.0,1.0555555555555556,0,3.4750755287009065,543,23,50,3
msg_1865,node0,node46,318,330007,330008.0,1.0,,,,1.136531365313653,5.090676883780332,3,7.0,1.3125,0,3.473207547169811,542,22,50,3
msg_1866,node0,node21,318,330008,330009.0,1.0,,,,1.136279926335175,5.090676883780332,1,8.0,2.0,0,3.471342383107089,543,23,50,1
msg_1867,node0,node32,318,330009,330010.0,1.0,,,,1.1360294117647058,5.090676883780332,2,9.0,2.0,0,3.4694800301431803,542,22,50,2
msg_1868,node0,node49,318,330009,330010.0,1.0,,,,1.1357798165137614,5.090676883780332,2,9.0,2.3,0,3.4676204819277108,541,21,50,2
msg_1869,node1,node0,316,336000,336001.0,1.0,,,,1.0,0.0,1,1.1355311355311355,5.090676883780332,0,3.4657637321294206,589,49,50,49
msg_1870,node2,node0,316,336000,336001.0,1.0,,,,1.0,0.8947368421052632,1,1.1355311355311355,5.0854591836734695,0,3.46390977443609,588,48,50,49
msg_1871,node3,node0,316,336000,336002.0,2.0,,,,2.0,0.10526315789473684,1,1.1355311355311355,5.0802547770700635,0,3.46205860255447,587,47,50,49
msg_1872,node4,node0,316,336000,,,,,,,,1,1.0990712074303406,5.092672413793103,0,3.453621346886912,642,22,50,49
msg_1873,node5,node0,316,336000,,,,,,,,1,1.0990712074303406,5.092672413793103,0,3.453621346886912,642,22,50,49
msg_1874,node6,node0,316,336000,336002.0,2.0,,,,2.0,0.9,1,1.1355311355311355,5.076335877862595,0,3.460960960960961,586,46,50,49
msg_1875,node7,node0,316,336000,336002.0,2.0,,,,2.0,1.1764705882352942,1,1.1355311355311355,5.072426937738246,0,3.4598649662415606,585,45,50,49
msg_1876,node8,node0,316,336000,336002.0,2.0,,,,2.0,1.2222222222222223,1,1.1355311355311355,5.068527918781726,0,3.4587706146926536,584,44,50,49
msg_1877,node9,node0,316,336000,336003.0,3.0,,,,3.0,0.5,1,1.1355311355311355,5.064638783269962,0,3.457677902621723,583,43,50,49
msg_1878,node10,node0,318,336000,336008.0,8.0,,,,8.0,1.6666666666666667,1,1.1355311355311355,5.0657568238213395,0,3.478550295857988,566,26,50,49
msg_1879,node11,node0,318,336000,,,,,,,,1,1.0990712074303406,5.092672413793103,0,3.453621346886912,642,22,50,49
msg_1880,node12,node0,318,336000,,,,,,,,1,1.0990712074303406,5.092672413793103,0,3.453621346886912,642,22,50,49
msg_1881,node13,node0,318,336000,336003.0,3.0,,,,3.0,1.1818181818181819,1,1.1355311355311355,5.0620253164556965,0,3.4573353293413174,582,42,50,49
msg_1882,node14,node0,318,336000,336008.0,8.0,,,,8.0,1.5263157894736843,1,1.1355311355311355,5.069392812887236,0,3.4818920916481892,565,25,50,49
msg_1883,node15,node0,318,336000,336003.0,3.0,,,,3.0,1.2,1,1.1355311355311355,5.059418457648547,0,3.456993268511593,581,41,50,49
msg_1884,node16,node0,318,336000,,,,,,,,1,1.0990712074303406,5.092672413793103,0,3.453621346886912,642,22,50,49
msg_1885,node17,node0,318,336000,336004.0,4.0,,,,4.0,0.4444444444444444,1,1.1355311355311355,5.056818181818182,0,3.4566517189835575,580,40,50,49
msg_1886,node18,node0,318,336000,,,,,,,,1,1.0990712074303406,5.092672413793103,0,3.453621346886912,642,22,50,49
msg_1887,node19,node0,318,336000,,,,,,,,1,1.0990712074303406,5.092672413793103,0,3.453621346886912,642,22,50,49
msg_1888,node20,node0,318,336000,336004.0,4.0,,,,4.0,1.0526315789473684,1,1.1355311355311355,5.055485498108449,0,3.457057505601195,579,39,50,49
msg_1889,node21,node0,318,336000,336008.0,8.0,,,,8.0,1.9411764705882353,1,1.1355311355311355,5.073019801980198,0,3.485228951255539,564,24,50,49
msg_1890,node22,node0,318,336000,,,,,,,,1,1.0990712074303406,5.092672413793103,0,3.453621346886912,642,22,50,49
msg_1891,node23,node0,318,336000,,,,,,,,1,1.0990712074303406,5.092672413793103,0,3.453621346886912,642,22,50,49
msg_1892,node24,node0,318,336000,336004.0,4.0,,,,4.0,1.3,1,1.1355311355311355,5.054156171284634,0,3.457462686567164,578,38,50,49
msg_1893,node25,node0,318,336000,336005.0,5.0,,,,4.62962962962963,0.9473684210526315,1,1.1355311355311355,5.052830188679246,0,3.4578672632363907,577,37,50,49
msg_1894,node26,node0,318,336000,,,,,,,,1,1.0990712074303406,5.092672413793103,0,3.453621346886912,642,22,50,49
msg_1895,node27,node0,318,336000,336005.0,5.0,,,,5.0,1.0,1,1.1355311355311355,5.052763819095477,0,3.459016393442623,576,36,50,49
msg_1896,node28,node0,318,336000,,,,,,,,1,1.0990712074303406,5.092672413793103,0,3.453621346886912,642,22,50,49
msg_1897,node29,node0,318,336000,,,,,,,,1,1.0990712074303406,5.092672413793103,0,3.453621346886912,642,22,50,49
msg_1898,node30,node0,318,336000,,,,,,,,1,1.0990712074303406,5.092672413793103,0,3.453621346886912,642,22,50,49
msg_1899,node31,node0,318,336000,336009.0,9.0,,,,9.0,1.7894736842105263,1,1.1355311355311355,5.07663782447466,0,3.488560885608856,563,23,50,49
msg_1900,node32,node0,318,336000,336009.0,9.0,,,,9.0,1.9375,1,1.1355311355311355,5.0814814814814815,0,3.4926253687315634,562,22,50,49
msg_1901,node33,node0,318,336000,336005.0,5.0,,,,5.0,1.2105263157894737,1,1.1355311355311355,5.052697616060226,0,3.460163812360387,575,35,50,49
msg_1902,node34,node0,318,336000,,,,,,,,1,1.0990712074303406,5.092672413793103,0,3.453621346886912,642,22,50,49
msg_1903,node35,node0,318,336000,336005.0,5.0,,,,5.0,1.3,1,1.1355311355311355,5.052631578947368,0,3.4613095238095237,574,34,50,49
msg_1904,node36,node0,318,336000,336006.0,6.0,,,,6.0,0.6190476190476191,1,1.1355311355311355,5.052565707133917,0,3.462453531598513,573,33,50,49
msg_1905,node37,node0,318,336000,336006.0,6.0,,,,6.0,1.411764705882353,1,1.1355311355311355,5.05375,0,3.4643387815750373,572,32,50,49
msg_1906,node38,node0,318,336000,,,,,,,,1,1.0990712074303406,5.092672413793103,0,3.453621346886912,642,22,50,49
msg_1907,node39,node0,318,336000,,,,,,,,1,1.0990712074303406,5.092672413793103,0,3.453621346886912,642,22,50,49
msg_1908,node40,node0,318,336000,336006.0,6.0,,,,6.0,1.2941176470588236,1,1.1355311355311355,5.054931335830212,0,3.4662212323682255,571,31,50,49
msg_1909,node41,node0,318,336000,336007.0,7.0,,,,7.0,0.5294117647058824,1,1.1355311355311355,5.056109725685785,0,3.4681008902077153,570,30,50,49
msg_1910,node42,node0,318,336000,,,,,,,,1,1.0990712074303406,5.092672413793103,0,3.453621346886912,642,22,50,49
msg_1911,node43,node0,318,336000,,,,,,,,1,1.0990712074303406,5.092672413793103,0,3.453621346886912,642,22,50,49
msg_1912,node44,node0,318,336000,336007.0,7.0,,,,7.0,1.0526315789473684,1,1.1355311355311355,5.058530510585305,0,3.470719051148999,569,29,50,49
msg_1913,node45,node0,318,336000,336007.0,7.0,,,,7.0,1.368421052631579,1,1.1355311355311355,5.060945273631841,0,3.473333333333333,568,28,50,49
msg_1914,node46,node0,318,336000,336007.0,7.0,,,,7.0,1.2941176470588236,1,1.1355311355311355,5.06335403726708,0,3.4759437453737974,567,27,50,49
msg_1915,node47,node0,318,336000,,,,,,,,1,1.0990712074303406,5.092672413793103,0,3.453621346886912,642,22,50,49
msg_1916,node48,node0,318,336000,,,,,,,,1,1.0990712074303406,5.092672413793103,0,3.453621346886912,642,22,50,49
msg_1917,node49,node0,318,336000,336009.0,9.0,,,,9.0,2.238095238095238,1,1.1355311355311355,5.086313193588163,0,3.496683861459101,561,21,50,49
msg_1918,node0,node1,317,342001,342001.0,0.0,,,,1.1355311355311355,5.0911330049261085,1,1.0,0.0,0,3.500736377025037,561,21,50,1
msg_1919,node0,node6,317,342002,342002.0,0.0,,,,1.13345521023766,5.0911330049261085,2,2.0,0.9,0,3.498160412067697,562,22,50,2
msg_1920,node0,node7,317,342002,342003.0,1.0,,,,1.1313868613138687,5.0911330049261085,2,2.0,1.1764705882352942,0,3.4955882352941177,563,23,50,2
msg_1921,node0,node9,317,342003,342003.0,0.0,,,,1.1311475409836065,5.0911330049261085,2,3.0,0.5,0,3.493754592211609,562,22,50,2
msg_1922,node0,node13,318,342003,342004.0,1.0,,,,1.1290909090909091,5.0911330049261085,2,3.0,1.1818181818181819,0,3.4911894273127753,563,23,50,2
msg_1923,node0,node17,318,342004,342004.0,0.0,,,,1.1288566243194191,5.0911330049261085,2,4.0,0.4444444444444444,0,3.4893617021276597,562,22,50,2
msg_1924,node0,node24,318,342004,342005.0,1.0,,,,1.1268115942028984,5.0911330049261085,2,4.0,1.3,0,3.4868035190615836,565,25,50,2
msg_1925,node0,node25,318,342005,342005.0,0.0,,,,1.1265822784810127,5.0911330049261085,4,4.642857142857143,0.9473684210526315,0,3.484981684981685,564,24,50,4
msg_1926,node0,node27,318,342005,342006.0,1.0,,,,1.1245487364620939,5.0911330049261085,4,5.0,1.0,0,3.4824304538799415,566,26,50,4
msg_1927,node0,node33,318,342005,342006.0,1.0,,,,1.1243243243243244,5.0911330049261085,4,5.0,1.2105263157894737,0,3.4806144842721287,565,25,50,4
msg_1928,node0,node35,318,342005,342006.0,1.0,,,,1.1241007194244603,5.0911330049261085,4,5.0,1.3,0,3.478801169590643,564,24,50,4
msg_1929,node0,node36,318,342006,342007.0,1.0,,,,1.1238779174147218,5.0911330049261085,3,6.0,0.6190476190476191,0,3.476990504017531,566,26,50,3
msg_1930,node0,node37,318,342006,342007.0,1.0,,,,1.1236559139784945,5.0911330049261085,3,6.0,1.411764705882353,0,3.475182481751825,565,25,50,3
msg_1931,node0,node40,318,342006,342007.0,1.0,,,,1.1234347048300537,5.0911330049261085,3,6.0,1.2941176470588236,0,3.473377097009482,564,24,50,3
msg_1932,node0,node41,318,342007,342008.0,1.0,,,,1.1232142857142857,5.0911330049261085,3,7.0,0.5294117647058824,0,3.4715743440233235,566,26,50,3
msg_1933,node0,node45,318,342007,342008.0,1.0,,,,1.1229946524064172,5.0911330049261085,3,7.0,1.368421052631579,0,3.4697742170429717,565,25,50,3
msg_1934,node0,node46,318,342007,342008.0,1.0,,,,1.1227758007117439,5.0911330049261085,3,7.0,1.2941176470588236,0,3.467976710334789,564,24,50,3
msg_1935,node0,node10,318,342008,342009.0,1.0,,,,1.1225577264653641,5.0911330049261085,3,8.0,1.6666666666666667,0,3.466181818181818,564,24,50,3
msg_1936,node0,node14,318,342008,342010.0,2.0,,,,1.122340425531915,5.0911330049261085,3,8.0,1.5263157894736843,0,3.464389534883721,563,23,50,3
msg_1937,node0,node21,318,342008,342010.0,2.0,,,,1.1238938053097345,5.0911330049261085,3,8.0,1.9411764705882353,0,3.463326071169208,562,22,50,3
msg_1938,node0,node31,318,342009,342011.0,2.0,,,,1.1254416961130742,5.0911330049261085,1,9.0,1.7894736842105263,0,3.4622641509433962,561,21,50,1
msg_1939,node1,node0,316,348000,348001.0,1.0,,,,1.0,0.0,1,1.126984126984127,5.0911330049261085,0,3.461203770848441,609,49,50,49
msg_1940,node2,node0,316,348000,348001.0,1.0,,,,1.0,0.8947368421052632,1,1.126984126984127,5.08610086100861,0,3.4594202898550726,608,48,50,49
msg_1941,node3,node0,316,348000,348002.0,2.0,,,,2.0,0.10526315789473684,1,1.126984126984127,5.081081081081081,0,3.4576393917451123,607,47,50,49
msg_1942,node4,node0,316,348000,,,,,,,,1,1.0990712074303406,5.092672413793103,0,3.453621346886912,642,22,50,49
msg_1943,node5,node0,316,348000,,,,,,,,1,1.0990712074303406,5.092672413793103,0,3.453621346886912,642,22,50,49
msg_1944,node6,node0,316,348000,348002.0,2.0,,,,2.0,0.8571428571428571,1,1.126984126984127,5.0773006134969325,0,3.4565846599131693,606,46,50,49
msg_1945,node7,node0,316,348000,348002.0,2.0,,,,2.0,1.1666666666666667,1,1.126984126984127,5.073529411764706,0,3.455531453362256,605,45,50,49
msg_1946,node8,node0,316,348000,348002.0,2.0,,,,2.0,1.2222222222222223,1,1.126984126984127,5.069767441860465,0,3.4544797687861273,604,44,50,49
msg_1947,node9,node0,316,348000,348003.0,3.0,,,,3.0,0.47619047619047616,1,1.126984126984127,5.06601466992665,0,3.4534296028880864,603,43,50,49
msg_1948,node10,node0,318,348000,348008.0,8.0,,,,8.0,1.631578947368421,1,1.126984126984127,5.067065868263473,0,3.473609129814551,586,26,50,49
msg_1949,node11,node0,318,348000,,,,,,,,1,1.0990712074303406,5.092672413793103,0,3.453621346886912,642,22,50,49
msg_1950,node12,node0,318,348000,,,,,,,,1,1.0990712074303406,5.092672413793103,0,3.453621346886912,642,22,50,49
msg_1951,node13,node0,318,348000,348003.0,3.0,,,,3.0,1.173913043478261,1,1.126984126984127,5.063492063492063,0,3.4531024531024532,602,42,50,49
msg_1952,node14,node0,318,348000,348008.0,8.0,,,,8.0,1.55,1,1.126984126984127,5.070574162679426,0,3.4768353528153955,585,25,50,49
msg_1953,node15,node0,318,348000,348003.0,3.0,,,,3.0,1.2,1,1.126984126984127,5.060975609756097,0,3.4527757750540737,601,41,50,49
msg_1954,node16,node0,318,348000,,,,,,,,1,1.0990712074303406,5.092672413793103,0,3.453621346886912,642,22,50,49
msg_1955,node17,node0,318,348000,348004.0,4.0,,,,4.0,0.42105263157894735,1,1.126984126984127,5.058465286236297,0,3.452449567723343,600,40,50,49
msg_1956,node18,node0,318,348000,,,,,,,,1,1.0990712074303406,5.092672413793103,0,3.453621346886912,642,22,50,49
msg_1957,node19,node0,318,348000,,,,,,,,1,1.0990712074303406,5.092672413793103,0,3.453621346886912,642,22,50,49
msg_1958,node20,node0,318,348000,348004.0,4.0,,,,4.0,1.0526315789473684,1,1.126984126984127,5.057177615571776,0,3.4528437724982,599,39,50,49
msg_1959,node21,node0,318,348000,348008.0,8.0,,,,8.0,1.9444444444444444,1,1.126984126984127,5.074074074074074,0,3.4800569800569803,584,24,50,49
msg_1960,node22,node0,318,348000,,,,,,,,1,1.0990712074303406,5.092672413793103,0,3.453621346886912,642,22,50,49
msg_1961,node23,node0,318,348000,,,,,,,,1,1.0990712074303406,5.092672413793103,0,3.453621346886912,642,22,50,49
msg_1962,node24,node0,318,348000,348004.0,4.0,,,,4.0,1.2857142857142858,1,1.126984126984127,5.055893074119076,0,3.4532374100719423,598,38,50,49
msg_1963,node25,node0,318,348000,348005.0,5.0,,,,4.642857142857143,0.9,1,1.126984126984127,5.054611650485437,0,3.4536304816678647,597,37,50,49
msg_1964,node26,node0,318,348000,,,,,,,,1,1.0990712074303406,5.092672413793103,0,3.453621346886912,642,22,50,49
msg_1965,node27,node0,318,348000,348005.0,5.0,,,,5.0,1.0,1,1.126984126984127,5.054545454545455,0,3.4547413793103448,596,36,50,49
msg_1966,node28,node0,318,348000,,,,,,,,1,1.0990712074303406,5.092672413793103,0,3.453621346886912,642,22,50,49
msg_1967,node29,node0,318,348000,,,,,,,,1,1.0990712074303406,5.092672413793103,0,3.453621346886912,642,22,50,49
msg_1968,node30,node0,318,348000,,,,,,,,1,1.0990712074303406,5.092672413793103,0,3.453621346886912,642,22,50,49
msg_1969,node31,node0,318,348000,348009.0,9.0,,,,9.0,1.8,1,1.126984126984127,5.077565632458234,0,3.483274021352313,583,23,50,49
msg_1970,node32,node0,318,348000,348009.0,9.0,,,,9.0,1.9375,1,1.126984126984127,5.082240762812872,0,3.487197724039829,582,22,50,49
msg_1971,node33,node0,318,348000,348005.0,5.0,,,,5.0,1.2,1,1.126984126984127,5.054479418886198,0,3.4558506819813353,595,35,50,49
msg_1972,node34,node0,318,348000,,,,,,,,1,1.0990712074303406,5.092672413793103,0,3.453621346886912,642,22,50,49
msg_1973,node35,node0,318,348000,348005.0,5.0,,,,5.0,1.2857142857142858,1,1.126984126984127,5.054413542926239,0,3.456958393113343,594,34,50,49
msg_1974,node36,node0,318,348000,348006.0,6.0,,,,6.0,0.6363636363636364,1,1.126984126984127,5.054347826086956,0,3.458064516129032,593,33,50,49
msg_1975,node37,node0,318,348000,348006.0,6.0,,,,6.0,1.3888888888888888,1,1.126984126984127,5.055488540410133,0,3.4598853868194843,592,32,50,49
msg_1976,node38,node0,318,348000,,,,,,,,1,1.0990712074303406,5.092672413793103,0,3.453621346886912,642,22,50,49
msg_1977,node39,node0,318,348000,,,,,,,,1,1.0990712074303406,5.092672413793103,0,3.453621346886912,642,22,50,49
msg_1978,node40,node0,318,348000,348006.0,6.0,,,,6.0,1.2777777777777777,1,1.126984126984127,5.056626506024096,0,3.4617036506800285,591,31,50,49
msg_1979,node41,node0,318,348000,348007.0,7.0,,,,7.0,0.5555555555555556,1,1.126984126984127,5.0577617328519855,0,3.463519313304721,590,30,50,49
msg_1980,node42,node0,318,348000,,,,,,,,1,1.0990712074303406,5.092672413793103,0,3.453621346886912,642,22,50,49
msg_1981,node43,node0,318,348000,,,,,,,,1,1.0990712074303406,5.092672413793103,0,3.453621346886912,642,22,50,49
msg_1982,node44,node0,318,348000,348007.0,7.0,,,,7.0,1.0526315789473684,1,1.126984126984127,5.060096153846154,0,3.466047176554682,589,29,50,49
msg_1983,node45,node0,318,348000,348007.0,7.0,,,,7.0,1.35,1,1.126984126984127,5.062424969987995,0,3.4685714285714284,588,28,50,49
msg_1984,node46,node0,318,348000,348007.0,7.0,,,,7.0,1.2777777777777777,1,1.126984126984127,5.0647482014388485,0,3.4710920770877944,587,27,50,49
msg_1985,node47,node0,318,348000,,,,,,,,1,1.0990712074303406,5.092672413793103,0,3.453621346886912,642,22,50,49
msg_1986,node48,node0,318,348000,,,,,,,,1,1.0990712074303406,5.092672413793103,0,3.453621346886912,642,22,50,49
msg_1987,node49,node0,318,348000,348009.0,9.0,,,,9.0,2.238095238095238,1,1.126984126984127,5.086904761904762,0,3.4911158493248045,581,21,50,49
msg_1988,node0,node1,317,354001,354001.0,0.0,,,,1.126984126984127,5.0915576694411415,2,1.0,0.0,0,3.495028409090909,582,22,50,2
msg_1989,node0,node2,317,354001,354002.0,1.0,,,,1.125,5.0915576694411415,2,1.0,0.8947368421052632,0,3.4925479063165366,585,25,50,2
msg_1990,node0,node3,317,354002,354002.0,0.0,,,,1.124780316344464,5.0915576694411415,4,2.0,0.10526315789473684,0,3.4907801418439717,584,24,50,4
msg_1991,node0,node6,317,354002,354003.0,1.0,,,,1.1228070175438596,5.0915576694411415,4,2.0,0.8571428571428571,0,3.48830616583983,586,26,50,4
msg_1992,node0,node7,317,354002,354003.0,1.0,,,,1.1225919439579686,5.0915576694411415,4,2.0,1.1666666666666667,0,3.486543909348442,585,25,50,4
msg_1993,node0,node8,317,354002,354003.0,1.0,,,,1.1223776223776223,5.0915576694411415,4,2.0,1.2222222222222223,0,3.4847841472045293,584,24,50,4
msg_1994,node0,node9,317,354003,354004.0,1.0,,,,1.1221640488656195,5.0915576694411415,3,3.0,0.47619047619047616,0,3.483026874115983,586,26,50,3
msg_1995,node0,node13,318,354003,354004.0,1.0,,,,1.1219512195121952,5.0915576694411415,3,3.0,1.173913043478261,0,3.4812720848056538,585,25,50,3
msg_1996,node0,node15,318,354003,354004.0,1.0,,,,1.1217391304347826,5.0915576694411415,3,3.0,1.2,0,3.4795197740112993,584,24,50,3
msg_1997,node0,node17,318,354004,354005.0,1.0,,,,1.1215277777777777,5.0915576694411415,3,4.0,0.42105263157894735,0,3.477769936485533,587,27,50,3
msg_1998,node0,node20,318,354004,354005.0,1.0,,,,1.1213171577123051,5.0915576694411415,3,4.0,1.0526315789473684,0,3.4760225669957685,586,26,50,3
msg_1999,node0,node24,318,354004,354005.0,1.0,,,,1.1211072664359862,5.0915576694411415,3,4.0,1.2857142857142858,0,3.474277660324172,585,25,50,3
msg_2000,node0,node25,318,354005,354006.0,1.0,,,,1.1208981001727116,5.0915576694411415,4,4.655172413793103,0.9,0,3.472535211267606,586,26,50,4
msg_2001,node0,node27,318,354005,354006.0,1.0,,,,1.1206896551724137,5.0915576694411415,4,5.0,1.0,0,3.470795214637579,585,25,50,4
msg_2002,node0,node33,318,354005,354006.0,1.0,,,,1.1204819277108433,5.0915576694411415,4,5.0,1.2,0,3.469057665260197,584,24,50,4
msg_2003,node0,node35,318,354005,354007.0,2.0,,,,1.120274914089347,5.0915576694411415,4,5.0,1.2857142857142858,0,3.467322557976107,586,26,50,4
msg_2004,node0,node36,318,354006,354007.0,1.0,,,,1.1217838765008576,5.0915576694411415,2,6.0,0.6363636363636364,0,3.466292134831461,585,25,50,2
msg_2005,node0,node40,318,354006,354007.0,1.0,,,,1.1215753424657535,5.0915576694411415,2,6.0,1.2777777777777777,0,3.464561403508772,584,24,50,2
msg_2006,node0,node41,318,354007,354008.0,1.0,,,,1.1213675213675214,5.0915576694411415,3,7.0,0.5555555555555556,0,3.4628330995792425,585,25,50,3
msg_2007,node0,node45,318,354007,354008.0,1.0,,,,1.121160409556314,5.0915576694411415,3,7.0,1.35,0,3.4611072179397335,584,24,50,3
msg_2008,node0,node46,318,354007,354008.0,1.0,,,,1.120954003407155,5.0915576694411415,3,7.0,1.2777777777777777,0,3.4593837535014007,583,23,50,3
msg_2009,node0,node14,318,354008,354010.0,2.0,,,,1.120748299319728,5.0915576694411415,2,8.0,1.55,0,3.4576627011896433,585,25,50,2
msg_2010,node0,node21,318,354008,354010.0,2.0,,,,1.1222410865874364,5.0915576694411415,2,8.0,1.9444444444444444,0,3.4566433566433568,584,24,50,2
msg_2011,node0,node31,318,354009,354011.0,2.0,,,,1.123728813559322,5.0915576694411415,3,9.0,1.8,0,3.4556254367575123,583,23,50,3
msg_2012,node0,node32,318,354009,354011.0,2.0,,,,1.125211505922166,5.0915576694411415,3,9.0,1.9375,0,3.454608938547486,582,22,50,3
msg_2013,node0,node49,318,354009,354012.0,3.0,,,,1.1266891891891893,5.0915576694411415,3,9.0,2.238095238095238,0,3.4535938590369852,581,21,50,3
msg_2014,node1,node0,316,360000,360001.0,1.0,,,,1.0,0.0,1,1.129848229342327,5.0915576694411415,0,3.4532775453277544,629,49,50,49
msg_2015,node2,node0,316,360000,360001.0,1.0,,,,1.0,0.9,1,1.129848229342327,5.0866983372921615,0,3.451567944250871,628,48,50,49
msg_2016,node3,node0,316,360000,360002.0,2.0,,,,2.0,0.1,1,1.129848229342327,5.081850533807829,0,3.449860724233983,627,47,50,49
msg_2017,node4,node0,316,360000,,,,,,,,1,1.0990712074303406,5.092672413793103,0,3.453621346886912,642,22,50,49
msg_2018,node5,node0,316,360000,,,,,,,,1,1.0990712074303406,5.092672413793103,0,3.453621346886912,642,22,50,49
msg_2019,node6,node0,316,360000,360002.0,2.0,,,,2.0,0.8636363636363636,1,1.129848229342327,5.078199052132701,0,3.4488517745302714,626,46,50,49
msg_2020,node7,node0,316,360000,360002.0,2.0,,,,2.0,1.1578947368421053,1,1.129848229342327,5.074556213017751,0,3.4478442280945756,625,45,50,49
msg_2021,node8,node0,316,360000,360002.0,2.0,,,,2.0,1.2105263157894737,1,1.129848229342327,5.070921985815603,0,3.4468380820013897,624,44,50,49
msg_2022,node9,node0,316,360000,360003.0,3.0,,,,3.0,0.5,1,1.129848229342327,5.067296340023613,0,3.4458333333333333,623,43,50,49
msg_2023,node10,node0,318,360000,360008.0,8.0,,,,8.0,1.631578947368421,1,1.129848229342327,5.068287037037037,0,3.465339739190117,606,26,50,49
msg_2024,node11,node0,318,360000,,,,,,,,1,1.0990712074303406,5.092672413793103,0,3.453621346886912,642,22,50,49
msg_2025,node12,node0,318,360000,,,,,,,,1,1.0990712074303406,5.092672413793103,0,3.453621346886912,642,22,50,49
msg_2026,node13,node0,318,360000,360003.0,3.0,,,,3.0,1.1666666666666667,1,1.129848229342327,5.064858490566038,0,3.445523941707148,622,42,50,49
msg_2027,node14,node0,318,360000,360008.0,8.0,,,,8.0,1.5714285714285714,1,1.129848229342327,5.0716763005780345,0,3.4684499314128945,605,25,50,49
msg_2028,node15,node0,318,360000,360003.0,3.0,,,,3.0,1.1904761904761905,1,1.129848229342327,5.062426383981155,0,3.4452149791955615,621,41,50,49
msg_2029,node16,node0,318,360000,,,,,,,,1,1.0990712074303406,5.092672413793103,0,3.453621346886912,642,22,50,49
msg_2030,node17,node0,318,360000,360004.0,4.0,,,,4.0,0.45,1,1.129848229342327,5.06,0,3.444906444906445,620,40,50,49
msg_2031,node18,node0,318,360000,,,,,,,,1,1.0990712074303406,5.092672413793103,0,3.453621346886912,642,22,50,49
msg_2032,node19,node0,318,360000,,,,,,,,1,1.0990712074303406,5.092672413793103,0,3.453621346886912,642,22,50,49
msg_2033,node20,node0,318,360000,360004.0,4.0,,,,4.0,1.05,1,1.129848229342327,5.058754406580493,0,3.4452908587257616,619,39,50,49
msg_2034,node21,node0,318,360000,360008.0,8.0,,,,8.0,1.9473684210526316,1,1.129848229342327,5.075057736720554,0,3.471555860178204,604,24,50,49
msg_2035,node22,node0,318,360000,,,,,,,,1,1.0990712074303406,5.092672413793103,0,3.453621346886912,642,22,50,49
msg_2036,node23,node0,318,360000,,,,,,,,1,1.0990712074303406,5.092672413793103,0,3.453621346886912,642,22,50,49
msg_2037,node24,node0,318,360000,360004.0,4.0,,,,4.0,1.2727272727272727,1,1.129848229342327,5.057511737089202,0,3.4456747404844292,618,38,50,49
msg_2038,node25,node0,318,360000,360005.0,5.0,,,,4.655172413793103,0.9047619047619048,1,1.129848229342327,5.056271981242673,0,3.4460580912863072,617,37,50,49
msg_2039,node26,node0,318,360000,,,,,,,,1,1.0990712074303406,5.092672413793103,0,3.453621346886912,642,22,50,49
msg_2040,node27,node0,318,360000,360005.0,5.0,,,,5.0,1.0,1,1.129848229342327,5.056206088992974,0,3.44713199723566,616,36,50,49
msg_2041,node28,node0,318,360000,,,,,,,,1,1.0990712074303406,5.092672413793103,0,3.453621346886912,642,22,50,49
msg_2042,node29,node0,318,360000,,,,,,,,1,1.0990712074303406,5.092672413793103,0,3.453621346886912,642,22,50,49
msg_2043,node30,node0,318,360000,,,,,,,,1,1.0990712074303406,5.092672413793103,0,3.453621346886912,642,22,50,49
msg_2044,node31,node0,318,360000,360009.0,9.0,,,,9.0,1.8095238095238095,1,1.129848229342327,5.078431372549019,0,3.4746575342465755,603,23,50,49
msg_2045,node32,node0,318,360000,360009.0,9.0,,,,9.0,1.9411764705882353,1,1.129848229342327,5.082949308755761,0,3.478439425051335,602,22,50,49
msg_2046,node33,node0,318,360000,360005.0,5.0,,,,5.0,1.1904761904761905,1,1.129848229342327,5.056140350877193,0,3.4482044198895028,615,35,50,49
msg_2047,node34,node0,318,360000,,,,,,,,1,1.0990712074303406,5.092672413793103,0,3.453621346886912,642,22,50,49
msg_2048,node35,node0,318,360000,360005.0,5.0,,,,5.0,1.3181818181818181,1,1.129848229342327,5.05607476635514,0,3.449275362318841,614,34,50,49
msg_2049,node36,node0,318,360000,360006.0,6.0,,,,6.0,0.6521739130434783,1,1.129848229342327,5.056009334889148,0,3.450344827586207,613,33,50,49
msg_2050,node37,node0,318,360000,360006.0,6.0,,,,6.0,1.3888888888888888,1,1.129848229342327,5.057109557109557,0,3.4521019986216404,612,32,50,49
msg_2051,node38,node0,318,360000,,,,,,,,1,1.0990712074303406,5.092672413793103,0,3.453621346886912,642,22,50,49
msg_2052,node39,node0,318,360000,,,,,,,,1,1.0990712074303406,5.092672413793103,0,3.453621346886912,642,22,50,49
msg_2053,node40,node0,318,360000,360006.0,6.0,,,,6.0,1.263157894736842,1,1.129848229342327,5.058207217694994,0,3.453856749311295,611,31,50,49
msg_2054,node41,node0,318,360000,360007.0,7.0,,,,7.0,0.5789473684210527,1,1.129848229342327,5.059302325581395,0,3.455609084652443,610,30,50,49
msg_2055,node42,node0,318,360000,,,,,,,,1,1.0990712074303406,5.092672413793103,0,3.453621346886912,642,22,50,49
msg_2056,node43,node0,318,360000,,,,,,,,1,1.0990712074303406,5.092672413793103,0,3.453621346886912,642,22,50,49
msg_2057,node44,node0,318,360000,360007.0,7.0,,,,7.0,1.0526315789473684,1,1.129848229342327,5.0615563298490125,0,3.4580467675378266,609,29,50,49
msg_2058,node45,node0,318,360000,360007.0,7.0,,,,7.0,1.3333333333333333,1,1.129848229342327,5.0638051044083525,0,3.4604810996563575,608,28,50,49
msg_2059,node46,node0,318,360000,360007.0,7.0,,,,7.0,1.263157894736842,1,1.129848229342327,5.066048667439166,0,3.462912087912088,607,27,50,49
msg_2060,node47,node0,318,360000,,,,,,,,1,1.0990712074303406,5.092672413793103,0,3.453621346886912,642,22,50,49
msg_2061,node48,node0,318,360000,,,,,,,,1,1.0990712074303406,5.092672413793103,0,3.453621346886912,642,22,50,49
msg_2062,node49,node0,318,360000,360009.0,9.0,,,,9.0,2.272727272727273,1,1.129848229342327,5.087456846950518,0,3.482216142270862,601,21,50,49
msg_2063,node0,node1,317,366001,366001.0,0.0,,,,1.129848229342327,5.091954022988506,2,1.0,0.0,0,3.4859876965140124,602,22,50,2
msg_2064,node0,node2,317,366001,366002.0,1.0,,,,1.127946127946128,5.091954022988506,2,1.0,0.9,0,3.4836065573770494,602,22,50,2
msg_2065,node0,node6,317,366002,366002.0,0.0,,,,1.1277310924369748,5.091954022988506,1,2.0,0.8636363636363636,0,3.4819112627986346,601,21,50,1
msg_2066,node0,node13,318,366003,366003.0,0.0,,,,1.1258389261744965,5.091954022988506,1,3.0,1.1666666666666667,0,3.479536152796726,601,21,50,1
msg_2067,node0,node17,318,366004,366004.0,0.0,,,,1.1239530988274706,5.091954022988506,3,4.0,0.45,0,3.4771642808452623,603,23,50,3
msg_2068,node0,node20,318,366004,366005.0,1.0,,,,1.1220735785953178,5.091954022988506,3,4.0,1.05,0,3.4747956403269753,604,24,50,3
msg_2069,node0,node24,318,366004,366005.0,1.0,,,,1.1218697829716193,5.091954022988506,3,4.0,1.2727272727272727,0,3.4731109598366237,603,23,50,3
msg_2070,node0,node27,318,366005,366005.0,0.0,,,,1.1216666666666666,5.091954022988506,2,5.0,1.0,0,3.4714285714285715,602,22,50,2
msg_2071,node0,node33,318,366005,366006.0,1.0,,,,1.119800332778702,5.091954022988506,2,5.0,1.1904761904761905,0,3.469068660774983,603,23,50,2
msg_2072,node0,node36,318,366006,366006.0,0.0,,,,1.1196013289036544,5.091954022988506,2,6.0,0.6521739130434783,0,3.467391304347826,602,22,50,2
msg_2073,node0,node40,318,366006,366007.0,1.0,,,,1.1177446102819237,5.091954022988506,2,6.0,1.263157894736842,0,3.4650373387644264,605,25,50,2
msg_2074,node0,node41,318,366007,366007.0,0.0,,,,1.1175496688741722,5.091954022988506,4,7.0,0.5789473684210527,0,3.4633649932157393,604,24,50,4
msg_2075,node0,node44,318,366007,366008.0,1.0,,,,1.115702479338843,5.091954022988506,4,7.0,1.0526315789473684,0,3.461016949152542,605,25,50,4
msg_2076,node0,node45,318,366007,366008.0,1.0,,,,1.1155115511551155,5.091954022988506,4,7.0,1.3333333333333333,0,3.459349593495935,604,24,50,4
msg_2077,node0,node46,318,366007,366008.0,1.0,,,,1.115321252059308,5.091954022988506,4,7.0,1.263157894736842,0,3.4576844955991874,603,23,50,4
msg_2078,node0,node10,318,366008,366009.0,1.0,,,,1.1151315789473684,5.091954022988506,2,8.0,1.631578947368421,0,3.456021650879567,604,24,50,2
msg_2079,node0,node21,318,366008,366010.0,2.0,,,,1.1149425287356323,5.091954022988506,2,8.0,1.9473684210526316,0,3.4543610547667343,603,23,50,2
msg_2080,node0,node31,318,366009,366011.0,2.0,,,,1.116393442622951,5.091954022988506,2,9.0,1.8095238095238095,0,3.4533783783783782,602,22,50,2
msg_2081,node0,node32,318,366009,366011.0,2.0,,,,1.1178396072013093,5.091954022988506,2,9.0,1.9411764705882353,0,3.452397029034436,601,21,50,2
msg_2082,node1,node0,316,372000,372001.0,1.0,,,,1.0,0.0,1,1.119281045751634,5.091954022988506,0,3.451417004048583,649,49,50,49
msg_2083,node2,node0,316,372000,372001.0,1.0,,,,1.0,0.9047619047619048,1,1.119281045751634,5.087256027554535,0,3.449763991908294,648,48,50,49
msg_2084,node3,node0,316,372000,372002.0,2.0,,,,2.0,0.1,1,1.119281045751634,5.08256880733945,0,3.44811320754717,647,47,50,49
msg_2085,node4,node0,316,372000,,,,,,,,1,1.0990712074303406,5.092672413793103,0,3.453621346886912,642,22,50,49
msg_2086,node5,node0,316,372000,,,,,,,,1,1.0990712074303406,5.092672413793103,0,3.453621346886912,642,22,50,49
msg_2087,node6,node0,316,372000,372002.0,2.0,,,,2.0,0.8260869565217391,1,1.119281045751634,5.079037800687285,0,3.447138047138047,646,46,50,49
msg_2088,node7,node0,316,372000,372002.0,2.0,,,,2.0,1.1578947368421053,1,1.119281045751634,5.075514874141876,0,3.446164199192463,645,45,50,49
msg_2089,node8,node0,316,372000,372002.0,2.0,,,,2.0,1.2105263157894737,1,1.119281045751634,5.072,0,3.445191661062542,644,44,50,49
msg_2090,node9,node0,316,372000,372003.0,3.0,,,,3.0,0.5,1,1.119281045751634,5.068493150684931,0,3.444220430107527,643,43,50,49
msg_2091,node10,node0,318,372000,372008.0,8.0,,,,8.0,1.6,1,1.119281045751634,5.069428891377379,0,3.46312292358804,626,26,50,49
msg_2092,node11,node0,318,372000,,,,,,,,1,1.0990712074303406,5.092672413793103,0,3.453621346886912,642,22,50,49
msg_2093,node12,node0,318,372000,,,,,,,,1,1.0990712074303406,5.092672413793103,0,3.453621346886912,642,22,50,49
msg_2094,node13,node0,318,372000,372003.0,3.0,,,,3.0,1.12,1,1.119281045751634,5.066134549600912,0,3.4439220953660175,642,42,50,49
msg_2095,node14,node0,318,372000,372008.0,8.0,,,,8.0,1.5714285714285714,1,1.119281045751634,5.072706935123042,0,3.4661354581673307,625,25,50,49
msg_2096,node15,node0,318,372000,372003.0,3.0,,,,3.0,1.1904761904761905,1,1.119281045751634,5.063781321184511,0,3.4436241610738256,641,41,50,49
msg_2097,node16,node0,318,372000,,,,,,,,1,1.0990712074303406,5.092672413793103,0,3.453621346886912,642,22,50,49
msg_2098,node17,node0,318,372000,372004.0,4.0,,,,4.0,0.42857142857142855,1,1.119281045751634,5.061433447098976,0,3.443326626425218,640,40,50,49
msg_2099,node18,node0,318,372000,,,,,,,,1,1.0990712074303406,5.092672413793103,0,3.453621346886912,642,22,50,49
msg_2100,node19,node0,318,372000,,,,,,,,1,1.0990712074303406,5.092672413793103,0,3.453621346886912,642,22,50,49
msg_2101,node20,node0,318,372000,372004.0,4.0,,,,4.0,1.0476190476190477,1,1.119281045751634,5.060227272727273,0,3.4436997319034854,639,39,50,49
msg_2102,node21,node0,318,372000,372008.0,8.0,,,,8.0,1.95,1,1.119281045751634,5.075977653631285,0,3.4691439946914397,624,24,50,49
msg_2103,node22,node0,318,372000,,,,,,,,1,1.0990712074303406,5.092672413793103,0,3.453621346886912,642,22,50,49
msg_2104,node23,node0,318,372000,,,,,,,,1,1.0990712074303406,5.092672413793103,0,3.453621346886912,642,22,50,49
msg_2105,node24,node0,318,372000,372004.0,4.0,,,,4.0,1.2608695652173914,1,1.119281045751634,5.059023836549375,0,3.4440723375753515,638,38,50,49
msg_2106,node25,node0,318,372000,372005.0,5.0,,,,4.666666666666667,0.9047619047619048,1,1.119281045751634,5.057823129251701,0,3.4444444444444446,637,37,50,49
msg_2107,node26,node0,318,372000,,,,,,,,1,1.0990712074303406,5.092672413793103,0,3.453621346886912,642,22,50,49
msg_2108,node27,node0,318,372000,372005.0,5.0,,,,5.0,0.9565217391304348,1,1.119281045751634,5.057757644394111,0,3.445484949832776,636,36,50,49
msg_2109,node28,node0,318,372000,,,,,,,,1,1.0990712074303406,5.092672413793103,0,3.453621346886912,642,22,50,49
msg_2110,node29,node0,318,372000,,,,,,,,1,1.0990712074303406,5.092672413793103,0,3.453621346886912,642,22,50,49
msg_2111,node30,node0,318,372000,,,,,,,,1,1.0990712074303406,5.092672413793103,0,3.453621346886912,642,22,50,49
msg_2112,node31,node0,318,372000,372009.0,9.0,,,,9.0,1.8181818181818181,1,1.119281045751634,5.079241071428571,0,3.4721485411140582,623,23,50,49
msg_2113,node32,node0,318,372000,372009.0,9.0,,,,9.0,1.9444444444444444,1,1.119281045751634,5.083612040133779,0,3.475811795891319,622,22,50,49
msg_2114,node33,node0,318,372000,372005.0,5.0,,,,5.0,1.1818181818181819,1,1.119281045751634,5.0576923076923075,0,3.446524064171123,635,35,50,49
msg_2115,node34,node0,318,372000,,,,,,,,1,1.0990712074303406,5.092672413793103,0,3.453621346886912,642,22,50,49
msg_2116,node35,node0,318,372000,372005.0,5.0,,,,5.0,1.3181818181818181,1,1.119281045751634,5.057627118644068,0,3.447561790247161,634,34,50,49
msg_2117,node36,node0,318,372000,372006.0,6.0,,,,6.0,0.625,1,1.119281045751634,5.057562076749436,0,3.4485981308411215,633,33,50,49
msg_2118,node37,node0,318,372000,372006.0,6.0,,,,6.0,1.3888888888888888,1,1.119281045751634,5.058624577226607,0,3.450300200133422,632,32,50,49
msg_2119,node38,node0,318,372000,,,,,,,,1,1.0990712074303406,5.092672413793103,0,3.453621346886912,642,22,50,49
msg_2120,node39,node0,318,372000,,,,,,,,1,1.0990712074303406,5.092672413793103,0,3.453621346886912,642,22,50,49
msg_2121,node40,node0,318,372000,372006.0,6.0,,,,6.0,1.25,1,1.119281045751634,5.059684684684685,0,3.452,631,31,50,49
msg_2122,node41,node0,318,372000,372007.0,7.0,,,,7.0,0.55,1,1.119281045751634,5.0607424071991005,0,3.453697534976682,630,30,50,49
msg_2123,node42,node0,318,372000,,,,,,,,1,1.0990712074303406,5.092672413793103,0,3.453621346886912,642,22,50,49
msg_2124,node43,node0,318,372000,,,,,,,,1,1.0990712074303406,5.092672413793103,0,3.453621346886912,642,22,50,49
msg_2125,node44,node0,318,372000,372007.0,7.0,,,,7.0,1.05,1,1.119281045751634,5.062921348314607,0,3.456058588548602,629,29,50,49
msg_2126,node45,node0,318,372000,372007.0,7.0,,,,7.0,1.3181818181818181,1,1.119281045751634,5.065095398428732,0,3.458416500332668,628,28,50,49
msg_2127,node46,node0,318,372000,372007.0,7.0,,,,7.0,1.25,1,1.119281045751634,5.067264573991031,0,3.460771276595745,627,27,50,49
msg_2128,node47,node0,318,372000,,,,,,,,1,1.0990712074303406,5.092672413793103,0,3.453621346886912,642,22,50,49
msg_2129,node48,node0,318,372000,,,,,,,,1,1.0990712074303406,5.092672413793103,0,3.453621346886912,642,22,50,49
msg_2130,node49,node0,318,372000,372009.0,9.0,,,,9.0,2.272727272727273,1,1.119281045751634,5.087973273942094,0,3.4794701986754966,621,21,50,49
msg_2131,node0,node1,317,378001,378001.0,0.0,,,,1.119281045751634,5.092324805339266,2,1.0,0.0,0,3.483123759099934,622,22,50,2
msg_2132,node0,node2,317,378001,378002.0,1.0,,,,1.1174551386623164,5.092324805339266,2,1.0,0.9047619047619048,0,3.480820105820106,624,24,50,2
msg_2133,node0,node6,317,378002,378002.0,0.0,,,,1.1172638436482085,5.092324805339266,3,2.0,0.8260869565217391,0,3.4791804362194316,623,23,50,3
msg_2134,node0,node7,317,378002,378003.0,1.0,,,,1.1154471544715447,5.092324805339266,3,2.0,1.1578947368421053,0,3.476882430647292,625,25,50,3
msg_2135,node0,node8,317,378002,378003.0,1.0,,,,1.1152597402597402,5.092324805339266,3,2.0,1.2105263157894737,0,3.4752475247524752,624,24,50,3
msg_2136,node0,node9,317,378003,378003.0,0.0,,,,1.1150729335494327,5.092324805339266,3,3.0,0.5,0,3.4736147757255935,623,23,50,3
msg_2137,node0,node13,318,378003,378004.0,1.0,,,,1.1132686084142396,5.092324805339266,3,3.0,1.12,0,3.4713249835201054,624,24,50,3
msg_2138,node0,node15,318,378003,378004.0,1.0,,,,1.1130856219709209,5.092324805339266,3,3.0,1.1904761904761905,0,3.4696969696969697,623,23,50,3
msg_2139,node0,node17,318,378004,378004.0,0.0,,,,1.1129032258064515,5.092324805339266,2,4.0,0.42857142857142855,0,3.468071099407505,622,22,50,2
msg_2140,node0,node24,318,378004,378005.0,1.0,,,,1.1111111111111112,5.092324805339266,2,4.0,1.2608695652173914,0,3.4657894736842105,624,24,50,2
msg_2141,node0,node25,318,378005,378005.0,0.0,,,,1.1109324758842443,5.092324805339266,3,4.67741935483871,0.9047619047619048,0,3.4641683103221563,623,23,50,3
msg_2142,node0,node33,318,378005,378006.0,1.0,,,,1.1091492776886036,5.092324805339266,3,5.0,1.1818181818181819,0,3.461892247043364,623,23,50,3
msg_2143,node0,node35,318,378005,378006.0,1.0,,,,1.108974358974359,5.092324805339266,3,5.0,1.3181818181818181,0,3.4602757715036114,622,22,50,3
msg_2144,node0,node40,318,378006,378006.0,0.0,,,,1.1088,5.092324805339266,1,6.0,1.25,0,3.4586614173228347,621,21,50,1
msg_2145,node0,node41,318,378007,378007.0,0.0,,,,1.1070287539936101,5.092324805339266,4,7.0,0.55,0,3.456393442622951,624,24,50,4
msg_2146,node0,node44,318,378007,378008.0,1.0,,,,1.105263157894737,5.092324805339266,4,7.0,1.05,0,3.4541284403669725,625,25,50,4
msg_2147,node0,node45,318,378007,378008.0,1.0,,,,1.105095541401274,5.092324805339266,4,7.0,1.3181818181818181,0,3.452521283562541,624,24,50,4
msg_2148,node0,node46,318,378007,378008.0,1.0,,,,1.1049284578696343,5.092324805339266,4,7.0,1.25,0,3.450916230366492,623,23,50,4
msg_2149,node0,node10,318,378008,378009.0,1.0,,,,1.1047619047619048,5.092324805339266,2,8.0,1.6,0,3.4493132766514063,625,25,50,2
msg_2150,node0,node14,318,378008,378010.0,2.0,,,,1.1045958795562598,5.092324805339266,2,8.0,1.5714285714285714,0,3.447712418300654,624,24,50,2
msg_2151,node0,node31,318,378009,378011.0,2.0,,,,1.106012658227848,5.092324805339266,3,9.0,1.8181818181818181,0,3.4467668190725016,623,23,50,3
msg_2152,node0,node32,318,378009,378011.0,2.0,,,,1.1074249605055293,5.092324805339266,3,9.0,1.9444444444444444,0,3.445822454308094,622,22,50,3
msg_2153,node0,node49,318,378009,378011.0,2.0,,,,1.108832807570978,5.092324805339266,3,9.0,2.272727272727273,0,3.4448793215916504,621,21,50,3
msg_2154,node1,node0,316,384000,384001.0,1.0,,,,1.0,0.0,1,1.110236220472441,5.092324805339266,0,3.4439374185136895,669,49,50,49
msg_2155,node2,node0,316,384000,384001.0,1.0,,,,1.0,0.9090909090909091,1,1.110236220472441,5.087777777777778,0,3.442345276872964,668,48,50,49
msg_2156,node3,node0,316,384000,384002.0,2.0,,,,2.0,0.1,1,1.110236220472441,5.083240843507214,0,3.4407552083333335,667,47,50,49
msg_2157,node4,node0,316,384000,,,,,,,,1,1.0990712074303406,5.092672413793103,0,3.453621346886912,642,22,50,49
msg_2158,node5,node0,316,384000,,,,,,,,1,1.0990712074303406,5.092672413793103,0,3.453621346886912,642,22,50,49
msg_2159,node6,node0,316,384000,384002.0,2.0,,,,2.0,0.7916666666666666,1,1.110236220472441,5.0798226164079825,0,3.439817826935589,666,46,50,49
msg_2160,node7,node0,316,384000,384002.0,2.0,,,,2.0,1.15,1,1.110236220472441,5.076411960132891,0,3.4388816644993496,665,45,50,49
msg_2161,node8,node0,316,384000,384002.0,2.0,,,,2.0,1.2,1,1.110236220472441,5.073008849557522,0,3.437946718648473,664,44,50,49
msg_2162,node9,node0,316,384000,384003.0,3.0,,,,3.0,0.4782608695652174,1,1.110236220472441,5.069613259668508,0,3.437012987012987,663,43,50,49
msg_2163,node10,node0,318,384000,384008.0,8.0,,,,8.0,1.5714285714285714,1,1.110236220472441,5.070498915401301,0,3.455362877328195,646,26,50,49
msg_2164,node11,node0,318,384000,,,,,,,,1,1.0990712074303406,5.092672413793103,0,3.453621346886912,642,22,50,49
msg_2165,node12,node0,318,384000,,,,,,,,1,1.0990712074303406,5.092672413793103,0,3.453621346886912,642,22,50,49
msg_2166,node13,node0,318,384000,384003.0,3.0,,,,3.0,1.1153846153846154,1,1.110236220472441,5.067328918322295,0,3.436729396495782,662,42,50,49
msg_2167,node14,node0,318,384000,384008.0,8.0,,,,8.0,1.5909090909090908,1,1.110236220472441,5.073672806067172,0,3.4582798459563544,645,25,50,49
msg_2168,node15,node0,318,384000,384003.0,3.0,,,,3.0,1.1818181818181819,1,1.110236220472441,5.065049614112459,0,3.436446173800259,661,41,50,49
msg_2169,node16,node0,318,384000,,,,,,,,1,1.0990712074303406,5.092672413793103,0,3.453621346886912,642,22,50,49
msg_2170,node17,node0,318,384000,384004.0,4.0,,,,4.0,0.4090909090909091,1,1.110236220472441,5.062775330396476,0,3.4361633182112765,660,40,50,49
msg_2171,node18,node0,318,384000,,,,,,,,1,1.0990712074303406,5.092672413793103,0,3.453621346886912,642,22,50,49
msg_2172,node19,node0,318,384000,,,,,,,,1,1.0990712074303406,5.092672413793103,0,3.453621346886912,642,22,50,49
msg_2173,node20,node0,318,384000,384004.0,4.0,,,,4.0,1.0476190476190477,1,1.110236220472441,5.061606160616061,0,3.4365284974093266,659,39,50,49
msg_2174,node21,node0,318,384000,384008.0,8.0,,,,8.0,1.95,1,1.110236220472441,5.0768398268398265,0,3.4611930724823603,644,24,50,49
msg_2175,node22,node0,318,384000,,,,,,,,1,1.0990712074303406,5.092672413793103,0,3.453621346886912,642,22,50,49
msg_2176,node23,node0,318,384000,,,,,,,,1,1.0990712074303406,5.092672413793103,0,3.453621346886912,642,22,50,49
msg_2177,node24,node0,318,384000,384004.0,4.0,,,,4.0,1.25,1,1.110236220472441,5.06043956043956,0,3.436893203883495,658,38,50,49
msg_2178,node25,node0,318,384000,384005.0,5.0,,,,4.67741935483871,0.8636363636363636,1,1.110236220472441,5.059275521405049,0,3.4372574385510997,657,37,50,49
msg_2179,node26,node0,318,384000,,,,,,,,1,1.0990712074303406,5.092672413793103,0,3.453621346886912,642,22,50,49
msg_2180,node27,node0,318,384000,384005.0,5.0,,,,5.0,0.9565217391304348,1,1.110236220472441,5.059210526315789,0,3.438267614738203,656,36,50,49
msg_2181,node28,node0,318,384000,,,,,,,,1,1.0990712074303406,5.092672413793103,0,3.453621346886912,642,22,50,49
msg_2182,node29,node0,318,384000,,,,,,,,1,1.0990712074303406,5.092672413793103,0,3.453621346886912,642,22,50,49
msg_2183,node30,node0,318,384000,,,,,,,,1,1.0990712074303406,5.092672413793103,0,3.453621346886912,642,22,50,49
msg_2184,node31,node0,318,384000,384009.0,9.0,,,,9.0,1.826086956521739,1,1.110236220472441,5.08,0,3.4641025641025642,643,23,50,49
msg_2185,node32,node0,318,384000,384009.0,9.0,,,,9.0,1.9473684210526316,1,1.110236220472441,5.084233261339093,0,3.467648942985266,642,22,50,49
msg_2186,node33,node0,318,384000,384005.0,5.0,,,,5.0,1.173913043478261,1,1.110236220472441,5.0591456736035045,0,3.4392764857881137,655,35,50,49
msg_2187,node34,node0,318,384000,,,,,,,,1,1.0990712074303406,5.092672413793103,0,3.453621346886912,642,22,50,49
msg_2188,node35,node0,318,384000,384005.0,5.0,,,,5.0,1.3043478260869565,1,1.110236220472441,5.059080962800875,0,3.4402840542285347,654,34,50,49
msg_2189,node36,node0,318,384000,384006.0,6.0,,,,6.0,0.625,1,1.110236220472441,5.059016393442623,0,3.4412903225806453,653,33,50,49
msg_2190,node37,node0,318,384000,384006.0,6.0,,,,6.0,1.3888888888888888,1,1.110236220472441,5.060043668122271,0,3.4429400386847195,652,32,50,49
msg_2191,node38,node0,318,384000,,,,,,,,1,1.0990712074303406,5.092672413793103,0,3.453621346886912,642,22,50,49
msg_2192,node39,node0,318,384000,,,,,,,,1,1.0990712074303406,5.092672413793103,0,3.453621346886912,642,22,50,49
msg_2193,node40,node0,318,384000,384006.0,6.0,,,,6.0,1.1904761904761905,1,1.110236220472441,5.061068702290076,0,3.4445876288659796,651,31,50,49
msg_2194,node41,node0,318,384000,384007.0,7.0,,,,7.0,0.5238095238095238,1,1.110236220472441,5.062091503267974,0,3.4462330972311657,650,30,50,49
msg_2195,node42,node0,318,384000,,,,,,,,1,1.0990712074303406,5.092672413793103,0,3.453621346886912,642,22,50,49
msg_2196,node43,node0,318,384000,,,,,,,,1,1.0990712074303406,5.092672413793103,0,3.453621346886912,642,22,50,49
msg_2197,node44,node0,318,384000,384007.0,7.0,,,,7.0,1.0476190476190477,1,1.110236220472441,5.064200217627857,0,3.4485199485199485,649,29,50,49
msg_2198,node45,node0,318,384000,384007.0,7.0,,,,7.0,1.3043478260869565,1,1.110236220472441,5.066304347826087,0,3.4508038585209,648,28,50,49
msg_2199,node46,node0,318,384000,384007.0,7.0,,,,7.0,1.2380952380952381,1,1.110236220472441,5.068403908794788,0,3.453084832904884,647,27,50,49
msg_2200,node47,node0,318,384000,,,,,,,,1,1.0990712074303406,5.092672413793103,0,3.453621346886912,642,22,50,49
msg_2201,node48,node0,318,384000,,,,,,,,1,1.0990712074303406,5.092672413793103,0,3.453621346886912,642,22,50,49
msg_2202,node49,node0,318,384000,384009.0,9.0,,,,9.0,2.260869565217391,1,1.110236220472441,5.088457389428263,0,3.471190781049936,641,21,50,49
msg_2203,node0,node1,317,390001,390001.0,0.0,,,,1.110236220472441,5.092672413793103,2,1.0,0.0,0,3.474728087012156,642,22,50,2
msg_2204,node0,node2,317,390001,390002.0,1.0,,,,1.1084905660377358,5.092672413793103,2,1.0,0.9090909090909091,0,3.4725063938618925,644,24,50,2
msg_2205,node0,node3,317,390002,390002.0,0.0,,,,1.108320251177394,5.092672413793103,3,2.0,0.1,0,3.470926517571885,643,23,50,3
msg_2206,node0,node7,317,390002,390003.0,1.0,,,,1.1065830721003134,5.092672413793103,3,2.0,1.15,0,3.4687100893997447,643,23,50,3
msg_2207,node0,node8,317,390002,390003.0,1.0,,,,1.10641627543036,5.092672413793103,3,2.0,1.2,0,3.467134652201659,642,22,50,3
msg_2208,node0,node9,317,390003,390003.0,0.0,,,,1.10625,5.092672413793103,1,3.0,0.4782608695652174,0,3.4655612244897958,641,21,50,1
msg_2209,node0,node17,318,390004,390004.0,0.0,,,,1.1045241809672386,5.092672413793103,2,4.0,0.4090909090909091,0,3.4633524537922242,642,22,50,2
msg_2210,node0,node20,318,390004,390005.0,1.0,,,,1.102803738317757,5.092672413793103,2,4.0,1.0476190476190477,0,3.4611464968152865,643,23,50,2
msg_2211,node0,node27,318,390005,390005.0,0.0,,,,1.1026438569206842,5.092672413793103,2,5.0,0.9565217391304348,0,3.459579885423297,642,22,50,2
msg_2212,node0,node33,318,390005,390006.0,1.0,,,,1.1009316770186335,5.092672413793103,2,5.0,1.173913043478261,0,3.457379134860051,644,24,50,2
msg_2213,node0,node36,318,390006,390006.0,0.0,,,,1.1007751937984496,5.092672413793103,3,6.0,0.625,0,3.455816910362365,643,23,50,3
msg_2214,node0,node37,318,390006,,,,,,1.0990712074303406,5.092672413793103,3,6.0,1.3888888888888888,0,3.453621346886912,642,22,50,3
msg_2215,node0,node40,318,390006,,,,,,1.0990712074303406,5.092672413793103,3,6.0,1.1904761904761905,0,3.453621346886912,642,22,50,3
