msg_id,sender,receiver,payload_size_B,time_send_ms,time_receive_ms,actual_delay_ms,online_predicted_delay_ms,cluster_predicted_delay_ms,weighted_predicted_delay_ms,sender_average_outgoing_delay_ms,sender_average_incoming_delay_ms,sender_num_messages_sent_simultaneously,receiver_average_outgoing_delay_ms,receiver_average_incoming_delay_ms,receiver_num_messages_sent_simultaneously,network_average_delay_ms,network_num_messages_in_transit,network_num_busy_links,network_num_network_nodes,network_num_messages_sent_simultaneously
msg_0,node49,node0,317,3125,3128.0,3.0,,,,,,49,,,0,,49,49,50,49
msg_1,node49,node1,317,3125,3128.0,3.0,,,,3.0,,49,,,0,3.0,48,48,50,49
msg_2,node49,node2,317,3125,3128.0,3.0,,,,3.0,,49,,,0,3.0,48,48,50,49
msg_3,node49,node3,317,3125,3129.0,4.0,,,,3.0,,49,,,0,3.0,45,45,50,49
msg_4,node49,node4,317,3125,,,,,,7.633433283358321,,49,,,0,7.633433283358321,920,20,50,49
msg_5,node49,node5,317,3125,,,,,,7.633433283358321,,49,,,0,7.633433283358321,920,20,50,49
msg_6,node49,node6,317,3125,3129.0,4.0,,,,3.0,,49,,,0,3.0,45,45,50,49
msg_7,node49,node7,317,3125,3129.0,4.0,,,,3.3333333333333335,,49,,,0,3.3333333333333335,43,43,50,49
msg_8,node49,node8,317,3125,3130.0,5.0,,,,3.4285714285714284,,49,,,0,3.4285714285714284,42,42,50,49
msg_9,node49,node9,317,3125,3130.0,5.0,,,,3.6666666666666665,,49,,,0,3.6666666666666665,40,40,50,49
msg_10,node49,node10,319,3125,3128.0,3.0,,,,3.0,,49,,,0,3.0,46,46,50,49
msg_11,node49,node11,319,3125,,,,,,7.633433283358321,,49,,,0,7.633433283358321,920,20,50,49
msg_12,node49,node12,319,3125,,,,,,7.633433283358321,,49,,,0,7.633433283358321,920,20,50,49
msg_13,node49,node13,319,3125,3131.0,6.0,,,,3.8,,49,,,0,3.8,39,39,50,49
msg_14,node49,node14,319,3125,3129.0,4.0,,,,3.4285714285714284,,49,,,0,3.4285714285714284,42,42,50,49
msg_15,node49,node15,319,3125,3131.0,6.0,,,,4.166666666666667,,49,,,0,4.166666666666667,37,37,50,49
msg_16,node49,node16,319,3125,,,,,,7.633433283358321,,49,,,0,7.633433283358321,920,20,50,49
msg_17,node49,node17,319,3125,3131.0,6.0,,,,4.3076923076923075,,49,,,0,4.3076923076923075,36,36,50,49
msg_18,node49,node18,319,3125,,,,,,7.633433283358321,,49,,,0,7.633433283358321,920,20,50,49
msg_19,node49,node19,319,3125,,,,,,7.633433283358321,,49,,,0,7.633433283358321,920,20,50,49
msg_20,node49,node20,319,3125,3132.0,7.0,,,,4.3076923076923075,,49,,,0,4.3076923076923075,36,36,50,49
msg_21,node49,node21,319,3125,3131.0,6.0,,,,3.8,,49,,,0,3.8,39,39,50,49
msg_22,node49,node22,319,3125,,,,,,7.633433283358321,,49,,,0,7.633433283358321,920,20,50,49
msg_23,node49,node23,319,3125,,,,,,7.633433283358321,,49,,,0,7.633433283358321,920,20,50,49
msg_24,node49,node24,319,3125,3132.0,7.0,,,,4.75,,49,,,0,4.75,33,33,50,49
msg_25,node49,node25,319,3125,3132.0,7.0,,,,5.0,,49,,,0,5.0,31,31,50,49
msg_26,node49,node26,319,3125,,,,,,7.633433283358321,,49,,,0,7.633433283358321,920,20,50,49
msg_27,node49,node27,319,3125,3133.0,8.0,,,,5.105263157894737,,49,,,0,5.105263157894737,30,30,50,49
msg_28,node49,node28,319,3125,,,,,,7.633433283358321,,49,,,0,7.633433283358321,920,20,50,49
msg_29,node49,node29,319,3125,,,,,,7.633433283358321,,49,,,0,7.633433283358321,920,20,50,49
msg_30,node49,node30,319,3125,,,,,,7.633433283358321,,49,,,0,7.633433283358321,920,20,50,49
msg_31,node49,node31,319,3125,3132.0,7.0,,,,4.6,,49,,,0,4.6,34,34,50,49
msg_32,node49,node32,319,3125,3132.0,7.0,,,,4.75,,49,,,0,4.75,33,33,50,49
msg_33,node49,node33,319,3125,3134.0,9.0,,,,5.105263157894737,,49,,,0,5.105263157894737,30,30,50,49
msg_34,node49,node34,319,3125,,,,,,7.633433283358321,,49,,,0,7.633433283358321,920,20,50,49
msg_35,node49,node35,319,3125,3134.0,9.0,,,,5.428571428571429,,49,,,0,5.428571428571429,28,28,50,49
msg_36,node49,node36,319,3125,3134.0,9.0,,,,5.428571428571429,,49,,,0,5.428571428571429,28,28,50,49
msg_37,node49,node37,319,3125,3134.0,9.0,,,,5.739130434782608,,49,,,0,5.739130434782608,26,26,50,49
msg_38,node49,node38,319,3125,,,,,,7.633433283358321,,49,,,0,7.633433283358321,920,20,50,49
msg_39,node49,node39,319,3125,,,,,,7.633433283358321,,49,,,0,7.633433283358321,920,20,50,49
msg_40,node49,node40,319,3125,3135.0,10.0,,,,5.875,,49,,,0,5.875,25,25,50,49
msg_41,node49,node41,319,3125,3135.0,10.0,,,,5.875,,49,,,0,5.875,25,25,50,49
msg_42,node49,node42,319,3125,,,,,,7.633433283358321,,49,,,0,7.633433283358321,920,20,50,49
msg_43,node49,node43,319,3125,,,,,,7.633433283358321,,49,,,0,7.633433283358321,920,20,50,49
msg_44,node49,node44,319,3125,3135.0,10.0,,,,6.1923076923076925,,49,,,0,6.1923076923076925,23,23,50,49
msg_45,node49,node45,319,3125,3136.0,11.0,,,,6.1923076923076925,,49,,,0,6.1923076923076925,23,23,50,49
msg_46,node49,node46,319,3125,3136.0,11.0,,,,6.5,,49,,,0,6.5,21,21,50,49
msg_47,node49,node47,319,3125,,,,,,7.633433283358321,,49,,,0,7.633433283358321,920,20,50,49
msg_48,node49,node48,319,3125,,,,,,7.633433283358321,,49,,,0,7.633433283358321,920,20,50,49
msg_49,node49,node0,318,6077,6081.0,4.0,,,,6.655172413793103,,49,,3.0,0,6.655172413793103,69,49,50,49
msg_50,node49,node1,318,6077,6081.0,4.0,,,,6.566666666666666,,49,,3.0,0,6.566666666666666,68,48,50,49
msg_51,node49,node2,318,6077,6081.0,4.0,,,,6.483870967741935,,49,,3.0,0,6.483870967741935,67,47,50,49
msg_52,node49,node3,318,6077,6082.0,5.0,,,,6.333333333333333,,49,,4.0,0,6.333333333333333,65,45,50,49
msg_53,node49,node4,318,6077,,,,,,7.633433283358321,,49,,,0,7.633433283358321,920,20,50,49
msg_54,node49,node5,318,6077,,,,,,7.633433283358321,,49,,,0,7.633433283358321,920,20,50,49
msg_55,node49,node6,318,6077,6082.0,5.0,,,,6.294117647058823,,49,,4.0,0,6.294117647058823,64,44,50,49
msg_56,node49,node7,318,6077,6082.0,5.0,,,,6.294117647058823,,49,,4.0,0,6.294117647058823,64,44,50,49
msg_57,node49,node8,318,6077,6083.0,6.0,,,,6.1891891891891895,,49,,5.0,0,6.1891891891891895,61,41,50,49
msg_58,node49,node9,318,6077,6083.0,6.0,,,,6.1891891891891895,,49,,5.0,0,6.1891891891891895,61,41,50,49
msg_59,node49,node10,319,6077,6081.0,4.0,,,,6.483870967741935,,49,,3.0,0,6.483870967741935,67,47,50,49
msg_60,node49,node11,319,6077,,,,,,7.633433283358321,,49,,,0,7.633433283358321,920,20,50,49
msg_61,node49,node12,319,6077,,,,,,7.633433283358321,,49,,,0,7.633433283358321,920,20,50,49
msg_62,node49,node13,319,6077,6084.0,7.0,,,,6.2,,49,,6.0,0,6.2,58,38,50,49
msg_63,node49,node14,319,6077,6082.0,5.0,,,,6.222222222222222,,49,,4.0,0,6.222222222222222,62,42,50,49
msg_64,node49,node15,319,6077,6084.0,7.0,,,,6.2,,49,,6.0,0,6.2,58,38,50,49
msg_65,node49,node16,319,6077,,,,,,7.633433283358321,,49,,,0,7.633433283358321,920,20,50,49
msg_66,node49,node17,319,6077,6084.0,7.0,,,,6.238095238095238,,49,,6.0,0,6.238095238095238,56,36,50,49
msg_67,node49,node18,319,6077,,,,,,7.633433283358321,,49,,,0,7.633433283358321,920,20,50,49
msg_68,node49,node19,319,6077,,,,,,7.633433283358321,,49,,,0,7.633433283358321,920,20,50,49
msg_69,node49,node20,319,6077,6085.0,8.0,,,,6.238095238095238,,49,,7.0,0,6.238095238095238,56,36,50,49
msg_70,node49,node21,319,6077,6084.0,7.0,,,,6.17948717948718,,49,,6.0,0,6.17948717948718,59,39,50,49
msg_71,node49,node22,319,6077,,,,,,7.633433283358321,,49,,,0,7.633433283358321,920,20,50,49
msg_72,node49,node23,319,6077,,,,,,7.633433283358321,,49,,,0,7.633433283358321,920,20,50,49
msg_73,node49,node24,319,6077,6085.0,8.0,,,,6.333333333333333,,49,,7.0,0,6.333333333333333,53,33,50,49
msg_74,node49,node25,319,6077,6085.0,8.0,,,,6.404255319148936,,49,,7.0,0,6.404255319148936,51,31,50,49
msg_75,node49,node26,319,6077,,,,,,7.633433283358321,,49,,,0,7.633433283358321,920,20,50,49
msg_76,node49,node27,319,6077,6086.0,9.0,,,,6.404255319148936,,49,,8.0,0,6.404255319148936,51,31,50,49
msg_77,node49,node28,319,6077,,,,,,7.633433283358321,,49,,,0,7.633433283358321,920,20,50,49
msg_78,node49,node29,319,6077,,,,,,7.633433283358321,,49,,,0,7.633433283358321,920,20,50,49
msg_79,node49,node30,319,6077,,,,,,7.633433283358321,,49,,,0,7.633433283358321,920,20,50,49
msg_80,node49,node31,319,6077,6085.0,8.0,,,,6.295454545454546,,49,,7.0,0,6.295454545454546,54,34,50,49
msg_81,node49,node32,319,6077,6085.0,8.0,,,,6.333333333333333,,49,,7.0,0,6.333333333333333,53,33,50,49
msg_82,node49,node33,319,6077,6087.0,10.0,,,,6.489795918367347,,49,,9.0,0,6.489795918367347,49,29,50,49
msg_83,node49,node34,319,6077,,,,,,7.633433283358321,,49,,,0,7.633433283358321,920,20,50,49
msg_84,node49,node35,319,6077,6087.0,10.0,,,,6.56,,49,,9.0,0,6.56,48,28,50,49
msg_85,node49,node36,319,6077,6087.0,10.0,,,,6.56,,49,,9.0,0,6.56,48,28,50,49
msg_86,node49,node37,319,6077,6087.0,10.0,,,,6.6923076923076925,,49,,9.0,0,6.6923076923076925,46,26,50,49
msg_87,node49,node38,319,6077,,,,,,7.633433283358321,,49,,,0,7.633433283358321,920,20,50,49
msg_88,node49,node39,319,6077,,,,,,7.633433283358321,,49,,,0,7.633433283358321,920,20,50,49
msg_89,node49,node40,319,6077,6088.0,11.0,,,,6.754716981132075,,49,,10.0,0,6.754716981132075,45,25,50,49
msg_90,node49,node41,319,6077,6088.0,11.0,,,,6.754716981132075,,49,,10.0,0,6.754716981132075,45,25,50,49
msg_91,node49,node42,319,6077,,,,,,7.633433283358321,,49,,,0,7.633433283358321,920,20,50,49
msg_92,node49,node43,319,6077,,,,,,7.633433283358321,,49,,,0,7.633433283358321,920,20,50,49
msg_93,node49,node44,319,6077,6088.0,11.0,,,,6.909090909090909,,49,,10.0,0,6.909090909090909,43,23,50,49
msg_94,node49,node45,319,6077,6089.0,12.0,,,,6.909090909090909,,49,,11.0,0,6.909090909090909,43,23,50,49
msg_95,node49,node46,319,6077,6089.0,12.0,,,,7.0701754385964914,,49,,11.0,0,7.0701754385964914,41,21,50,49
msg_96,node49,node47,319,6077,,,,,,7.633433283358321,,49,,,0,7.633433283358321,920,20,50,49
msg_97,node49,node48,319,6077,,,,,,7.633433283358321,,49,,,0,7.633433283358321,920,20,50,49
msg_98,node49,node0,318,6135,6139.0,4.0,,,,7.155172413793103,,49,,3.5,0,7.155172413793103,89,49,50,49
msg_99,node49,node1,318,6135,6139.0,4.0,,,,7.101694915254237,,49,,3.5,0,7.101694915254237,88,48,50,49
msg_100,node49,node2,319,6135,6139.0,4.0,,,,7.05,,49,,3.5,0,7.05,87,47,50,49
msg_101,node49,node3,319,6135,6140.0,5.0,,,,6.951612903225806,,49,,4.5,0,6.951612903225806,85,45,50,49
msg_102,node49,node4,319,6135,,,,,,7.633433283358321,,49,,,0,7.633433283358321,920,20,50,49
msg_103,node49,node5,319,6135,,,,,,7.633433283358321,,49,,,0,7.633433283358321,920,20,50,49
msg_104,node49,node6,319,6135,6140.0,5.0,,,,6.920634920634921,,49,,4.5,0,6.920634920634921,84,44,50,49
msg_105,node49,node7,319,6135,6140.0,5.0,,,,6.920634920634921,,49,,4.5,0,6.920634920634921,84,44,50,49
msg_106,node49,node8,319,6135,6141.0,6.0,,,,6.833333333333333,,49,,5.5,0,6.833333333333333,81,41,50,49
msg_107,node49,node9,319,6135,6141.0,6.0,,,,6.82089552238806,,49,,5.5,0,6.82089552238806,80,40,50,49
msg_108,node49,node10,320,6135,6139.0,4.0,,,,7.05,,49,,3.5,0,7.05,87,47,50,49
msg_109,node49,node11,320,6135,,,,,,7.633433283358321,,49,,,0,7.633433283358321,920,20,50,49
msg_110,node49,node12,320,6135,,,,,,7.633433283358321,,49,,,0,7.633433283358321,920,20,50,49
msg_111,node49,node13,320,6135,6142.0,7.0,,,,6.811594202898551,,49,,6.5,0,6.811594202898551,78,38,50,49
msg_112,node49,node14,320,6135,6140.0,5.0,,,,6.861538461538461,,49,,4.5,0,6.861538461538461,82,42,50,49
msg_113,node49,node15,320,6135,6142.0,7.0,,,,6.814285714285714,,49,,6.5,0,6.814285714285714,77,37,50,49
msg_114,node49,node16,320,6135,,,,,,7.633433283358321,,49,,,0,7.633433283358321,920,20,50,49
msg_115,node49,node17,320,6135,6142.0,7.0,,,,6.816901408450704,,49,,6.5,0,6.816901408450704,76,36,50,49
msg_116,node49,node18,320,6135,,,,,,7.633433283358321,,49,,,0,7.633433283358321,920,20,50,49
msg_117,node49,node19,320,6135,,,,,,7.633433283358321,,49,,,0,7.633433283358321,920,20,50,49
msg_118,node49,node20,320,6135,6143.0,8.0,,,,6.816901408450704,,49,,7.5,0,6.816901408450704,76,36,50,49
msg_119,node49,node21,320,6135,6142.0,7.0,,,,6.82089552238806,,49,,6.5,0,6.82089552238806,80,40,50,49
msg_120,node49,node22,320,6135,,,,,,7.633433283358321,,49,,,0,7.633433283358321,920,20,50,49
msg_121,node49,node23,320,6135,,,,,,7.633433283358321,,49,,,0,7.633433283358321,920,20,50,49
msg_122,node49,node24,320,6135,6143.0,8.0,,,,6.851351351351352,,49,,7.5,0,6.851351351351352,73,33,50,49
msg_123,node49,node25,320,6135,6143.0,8.0,,,,6.881578947368421,,49,,7.5,0,6.881578947368421,71,31,50,49
msg_124,node49,node26,320,6135,,,,,,7.633433283358321,,49,,,0,7.633433283358321,920,20,50,49
msg_125,node49,node27,320,6135,6144.0,9.0,,,,6.881578947368421,,49,,8.5,0,6.881578947368421,71,31,50,49
msg_126,node49,node28,320,6135,,,,,,7.633433283358321,,49,,,0,7.633433283358321,920,20,50,49
msg_127,node49,node29,320,6135,,,,,,7.633433283358321,,49,,,0,7.633433283358321,920,20,50,49
msg_128,node49,node30,320,6135,,,,,,7.633433283358321,,49,,,0,7.633433283358321,920,20,50,49
msg_129,node49,node31,320,6135,6143.0,8.0,,,,6.835616438356165,,49,,7.5,0,6.835616438356165,74,34,50,49
msg_130,node49,node32,320,6135,6143.0,8.0,,,,6.866666666666666,,49,,7.5,0,6.866666666666666,72,32,50,49
msg_131,node49,node33,320,6135,6145.0,10.0,,,,6.923076923076923,,49,,9.5,0,6.923076923076923,69,29,50,49
msg_132,node49,node34,320,6135,,,,,,7.633433283358321,,49,,,0,7.633433283358321,920,20,50,49
msg_133,node49,node35,320,6135,6145.0,10.0,,,,6.962025316455696,,49,,9.5,0,6.962025316455696,68,28,50,49
msg_134,node49,node36,320,6135,6145.0,10.0,,,,7.0,,49,,9.5,0,7.0,67,27,50,49
msg_135,node49,node37,320,6135,6145.0,10.0,,,,7.0,,49,,9.5,0,7.0,67,27,50,49
msg_136,node49,node38,320,6135,,,,,,7.633433283358321,,49,,,0,7.633433283358321,920,20,50,49
msg_137,node49,node39,320,6135,,,,,,7.633433283358321,,49,,,0,7.633433283358321,920,20,50,49
msg_138,node49,node40,320,6135,6146.0,11.0,,,,7.073170731707317,,49,,10.5,0,7.073170731707317,65,25,50,49
msg_139,node49,node41,320,6135,6146.0,11.0,,,,7.120481927710843,,49,,10.5,0,7.120481927710843,64,24,50,49
msg_140,node49,node42,320,6135,,,,,,7.633433283358321,,49,,,0,7.633433283358321,920,20,50,49
msg_141,node49,node43,320,6135,,,,,,7.633433283358321,,49,,,0,7.633433283358321,920,20,50,49
msg_142,node49,node44,320,6135,6146.0,11.0,,,,7.120481927710843,,49,,10.5,0,7.120481927710843,64,24,50,49
msg_143,node49,node45,320,6135,6147.0,12.0,,,,7.211764705882353,,49,,11.5,0,7.211764705882353,62,22,50,49
msg_144,node49,node46,320,6135,6147.0,12.0,,,,7.267441860465116,,49,,11.5,0,7.267441860465116,61,21,50,49
msg_145,node49,node47,320,6135,,,,,,7.633433283358321,,49,,,0,7.633433283358321,920,20,50,49
msg_146,node49,node48,320,6135,,,,,,7.633433283358321,,49,,,0,7.633433283358321,920,20,50,49
msg_147,node49,node0,319,6225,6229.0,4.0,,,,7.32183908045977,,49,,3.6666666666666665,0,7.32183908045977,109,49,50,49
msg_148,node49,node1,319,6225,6229.0,4.0,,,,7.284090909090909,,49,,3.6666666666666665,0,7.284090909090909,108,48,50,49
msg_149,node49,node2,319,6225,6229.0,4.0,,,,7.247191011235955,,49,,3.6666666666666665,0,7.247191011235955,107,47,50,49
msg_150,node49,node3,319,6225,6230.0,5.0,,,,7.175824175824176,,49,,4.666666666666667,0,7.175824175824176,105,45,50,49
msg_151,node49,node4,319,6225,,,,,,7.633433283358321,,49,,,0,7.633433283358321,920,20,50,49
msg_152,node49,node5,319,6225,,,,,,7.633433283358321,,49,,,0,7.633433283358321,920,20,50,49
msg_153,node49,node6,319,6225,6230.0,5.0,,,,7.1521739130434785,,49,,4.666666666666667,0,7.1521739130434785,104,44,50,49
msg_154,node49,node7,319,6225,6230.0,5.0,,,,7.129032258064516,,49,,4.666666666666667,0,7.129032258064516,103,43,50,49
msg_155,node49,node8,319,6225,6231.0,6.0,,,,7.08421052631579,,49,,5.666666666666667,0,7.08421052631579,101,41,50,49
msg_156,node49,node9,319,6225,6231.0,6.0,,,,7.072916666666667,,49,,5.666666666666667,0,7.072916666666667,100,40,50,49
msg_157,node49,node10,320,6225,6229.0,4.0,,,,7.247191011235955,,49,,3.6666666666666665,0,7.247191011235955,107,47,50,49
msg_158,node49,node11,320,6225,,,,,,7.633433283358321,,49,,,0,7.633433283358321,920,20,50,49
msg_159,node49,node12,320,6225,,,,,,7.633433283358321,,49,,,0,7.633433283358321,920,20,50,49
msg_160,node49,node13,320,6225,6232.0,7.0,,,,7.061224489795919,,49,,6.666666666666667,0,7.061224489795919,98,38,50,49
msg_161,node49,node14,320,6225,6230.0,5.0,,,,7.129032258064516,,49,,4.666666666666667,0,7.129032258064516,103,43,50,49
msg_162,node49,node15,320,6225,6232.0,7.0,,,,7.0606060606060606,,49,,6.666666666666667,0,7.0606060606060606,97,37,50,49
msg_163,node49,node16,320,6225,,,,,,7.633433283358321,,49,,,0,7.633433283358321,920,20,50,49
msg_164,node49,node17,320,6225,6232.0,7.0,,,,7.06,,49,,6.666666666666667,0,7.06,96,36,50,49
msg_165,node49,node18,320,6225,,,,,,7.633433283358321,,49,,,0,7.633433283358321,920,20,50,49
msg_166,node49,node19,320,6225,,,,,,7.633433283358321,,49,,,0,7.633433283358321,920,20,50,49
msg_167,node49,node20,320,6225,6233.0,8.0,,,,7.0594059405940595,,49,,7.666666666666667,0,7.0594059405940595,95,35,50,49
msg_168,node49,node21,320,6225,6232.0,7.0,,,,7.072916666666667,,49,,6.666666666666667,0,7.072916666666667,100,40,50,49
msg_169,node49,node22,320,6225,,,,,,7.633433283358321,,49,,,0,7.633433283358321,920,20,50,49
msg_170,node49,node23,320,6225,,,,,,7.633433283358321,,49,,,0,7.633433283358321,920,20,50,49
msg_171,node49,node24,320,6225,6233.0,8.0,,,,7.0594059405940595,,49,,7.666666666666667,0,7.0594059405940595,95,35,50,49
msg_172,node49,node25,320,6225,6233.0,8.0,,,,7.095238095238095,,49,,7.666666666666667,0,7.095238095238095,91,31,50,49
msg_173,node49,node26,320,6225,,,,,,7.633433283358321,,49,,,0,7.633433283358321,920,20,50,49
msg_174,node49,node27,320,6225,6234.0,9.0,,,,7.095238095238095,,49,,8.666666666666666,0,7.095238095238095,91,31,50,49
msg_175,node49,node28,320,6225,,,,,,7.633433283358321,,49,,,0,7.633433283358321,920,20,50,49
msg_176,node49,node29,320,6225,,,,,,7.633433283358321,,49,,,0,7.633433283358321,920,20,50,49
msg_177,node49,node30,320,6225,,,,,,7.633433283358321,,49,,,0,7.633433283358321,920,20,50,49
msg_178,node49,node31,320,6225,6233.0,8.0,,,,7.0594059405940595,,49,,7.666666666666667,0,7.0594059405940595,95,35,50,49
msg_179,node49,node32,320,6225,6233.0,8.0,,,,7.086538461538462,,49,,7.666666666666667,0,7.086538461538462,92,32,50,49
msg_180,node49,node33,320,6225,6235.0,10.0,,,,7.121495327102804,,49,,9.666666666666666,0,7.121495327102804,89,29,50,49
msg_181,node49,node34,320,6225,,,,,,7.633433283358321,,49,,,0,7.633433283358321,920,20,50,49
msg_182,node49,node35,320,6225,6235.0,10.0,,,,7.148148148148148,,49,,9.666666666666666,0,7.148148148148148,88,28,50,49
msg_183,node49,node36,320,6225,6235.0,10.0,,,,7.148148148148148,,49,,9.666666666666666,0,7.148148148148148,88,28,50,49
msg_184,node49,node37,320,6225,6235.0,10.0,,,,7.2,,49,,9.666666666666666,0,7.2,86,26,50,49
msg_185,node49,node38,320,6225,,,,,,7.633433283358321,,49,,,0,7.633433283358321,920,20,50,49
msg_186,node49,node39,320,6225,,,,,,7.633433283358321,,49,,,0,7.633433283358321,920,20,50,49
msg_187,node49,node40,320,6225,6236.0,11.0,,,,7.225225225225225,,49,,10.666666666666666,0,7.225225225225225,85,25,50,49
msg_188,node49,node41,320,6225,6236.0,11.0,,,,7.258928571428571,,49,,10.666666666666666,0,7.258928571428571,84,24,50,49
msg_189,node49,node42,320,6225,,,,,,7.633433283358321,,49,,,0,7.633433283358321,920,20,50,49
msg_190,node49,node43,320,6225,,,,,,7.633433283358321,,49,,,0,7.633433283358321,920,20,50,49
msg_191,node49,node44,320,6225,6236.0,11.0,,,,7.258928571428571,,49,,10.666666666666666,0,7.258928571428571,84,24,50,49
msg_192,node49,node45,320,6225,6237.0,12.0,,,,7.324561403508772,,49,,11.666666666666666,0,7.324561403508772,82,22,50,49
msg_193,node49,node46,320,6225,6237.0,12.0,,,,7.324561403508772,,49,,11.666666666666666,0,7.324561403508772,82,22,50,49
msg_194,node49,node47,320,6225,,,,,,7.633433283358321,,49,,,0,7.633433283358321,920,20,50,49
msg_195,node49,node48,320,6225,,,,,,7.633433283358321,,49,,,0,7.633433283358321,920,20,50,49
msg_196,node49,node0,319,8030,8034.0,4.0,,,,7.405172413793103,,49,,3.75,0,7.405172413793103,129,49,50,49
msg_197,node49,node1,319,8030,8034.0,4.0,,,,7.3760683760683765,,49,,3.75,0,7.3760683760683765,128,48,50,49
msg_198,node49,node2,319,8030,8034.0,4.0,,,,7.3474576271186445,,49,,3.75,0,7.3474576271186445,127,47,50,49
msg_199,node49,node3,319,8030,8035.0,5.0,,,,7.3474576271186445,,49,,4.75,0,7.3474576271186445,127,47,50,49
msg_200,node49,node4,319,8030,,,,,,7.633433283358321,,49,,,0,7.633433283358321,920,20,50,49
msg_201,node49,node5,319,8030,,,,,,7.633433283358321,,49,,,0,7.633433283358321,920,20,50,49
msg_202,node49,node6,319,8030,8035.0,5.0,,,,7.2727272727272725,,49,,4.75,0,7.2727272727272725,124,44,50,49
msg_203,node49,node7,319,8030,8035.0,5.0,,,,7.254098360655738,,49,,4.75,0,7.254098360655738,123,43,50,49
msg_204,node49,node8,319,8030,8036.0,6.0,,,,7.217741935483871,,49,,5.75,0,7.217741935483871,121,41,50,49
msg_205,node49,node9,319,8030,8036.0,6.0,,,,7.208,,49,,5.75,0,7.208,120,40,50,49
msg_206,node49,node10,320,8030,8034.0,4.0,,,,7.3474576271186445,,49,,3.75,0,7.3474576271186445,127,47,50,49
msg_207,node49,node11,320,8030,,,,,,7.633433283358321,,49,,,0,7.633433283358321,920,20,50,49
msg_208,node49,node12,320,8030,,,,,,7.633433283358321,,49,,,0,7.633433283358321,920,20,50,49
msg_209,node49,node13,320,8030,8037.0,7.0,,,,7.198412698412699,,49,,6.75,0,7.198412698412699,119,39,50,49
msg_210,node49,node14,320,8030,8035.0,5.0,,,,7.235772357723577,,49,,4.75,0,7.235772357723577,122,42,50,49
msg_211,node49,node15,320,8030,8037.0,7.0,,,,7.1953125,,49,,6.75,0,7.1953125,117,37,50,49
msg_212,node49,node16,320,8030,,,,,,7.633433283358321,,49,,,0,7.633433283358321,920,20,50,49
msg_213,node49,node17,320,8030,8037.0,7.0,,,,7.1937984496124034,,49,,6.75,0,7.1937984496124034,116,36,50,49
msg_214,node49,node18,320,8030,,,,,,7.633433283358321,,49,,,0,7.633433283358321,920,20,50,49
msg_215,node49,node19,320,8030,,,,,,7.633433283358321,,49,,,0,7.633433283358321,920,20,50,49
msg_216,node49,node20,320,8030,8038.0,8.0,,,,7.1937984496124034,,49,,7.75,0,7.1937984496124034,116,36,50,49
msg_217,node49,node21,320,8030,8037.0,7.0,,,,7.198412698412699,,49,,6.75,0,7.198412698412699,119,39,50,49
msg_218,node49,node22,320,8030,,,,,,7.633433283358321,,49,,,0,7.633433283358321,920,20,50,49
msg_219,node49,node23,320,8030,,,,,,7.633433283358321,,49,,,0,7.633433283358321,920,20,50,49
msg_220,node49,node24,320,8030,8038.0,8.0,,,,7.204545454545454,,49,,7.75,0,7.204545454545454,113,33,50,49
msg_221,node49,node25,320,8030,8038.0,8.0,,,,7.2164179104477615,,49,,7.75,0,7.2164179104477615,111,31,50,49
msg_222,node49,node26,320,8030,,,,,,7.633433283358321,,49,,,0,7.633433283358321,920,20,50,49
msg_223,node49,node27,320,8030,8039.0,9.0,,,,7.222222222222222,,49,,8.75,0,7.222222222222222,110,30,50,49
msg_224,node49,node28,320,8030,,,,,,7.633433283358321,,49,,,0,7.633433283358321,920,20,50,49
msg_225,node49,node29,320,8030,,,,,,7.633433283358321,,49,,,0,7.633433283358321,920,20,50,49
msg_226,node49,node30,320,8030,,,,,,7.633433283358321,,49,,,0,7.633433283358321,920,20,50,49
msg_227,node49,node31,320,8030,8038.0,8.0,,,,7.198473282442748,,49,,7.75,0,7.198473282442748,114,34,50,49
msg_228,node49,node32,320,8030,8038.0,8.0,,,,7.2105263157894735,,49,,7.75,0,7.2105263157894735,112,32,50,49
msg_229,node49,node33,320,8030,8039.0,9.0,,,,7.222222222222222,,49,,9.75,0,7.222222222222222,110,30,50,49
msg_230,node49,node34,320,8030,,,,,,7.633433283358321,,49,,,0,7.633433283358321,920,20,50,49
msg_231,node49,node35,320,8030,8039.0,9.0,,,,7.248175182481752,,49,,9.75,0,7.248175182481752,108,28,50,49
msg_232,node49,node36,320,8030,8039.0,9.0,,,,7.260869565217392,,49,,9.75,0,7.260869565217392,107,27,50,49
msg_233,node49,node37,320,8030,8039.0,9.0,,,,7.273381294964029,,49,,9.75,0,7.273381294964029,106,26,50,49
msg_234,node49,node38,320,8030,,,,,,7.633433283358321,,49,,,0,7.633433283358321,920,20,50,49
msg_235,node49,node39,320,8030,,,,,,7.633433283358321,,49,,,0,7.633433283358321,920,20,50,49
msg_236,node49,node40,320,8030,8041.0,11.0,,,,7.273381294964029,,49,,10.75,0,7.273381294964029,106,26,50,49
msg_237,node49,node41,320,8030,8041.0,11.0,,,,7.3120567375886525,,49,,10.75,0,7.3120567375886525,104,24,50,49
msg_238,node49,node42,320,8030,,,,,,7.633433283358321,,49,,,0,7.633433283358321,920,20,50,49
msg_239,node49,node43,320,8030,,,,,,7.633433283358321,,49,,,0,7.633433283358321,920,20,50,49
msg_240,node49,node44,320,8030,8041.0,11.0,,,,7.338028169014085,,49,,10.75,0,7.338028169014085,103,23,50,49
msg_241,node49,node45,320,8030,8042.0,12.0,,,,7.363636363636363,,49,,11.75,0,7.363636363636363,102,22,50,49
msg_242,node49,node46,320,8030,8042.0,12.0,,,,7.363636363636363,,49,,11.75,0,7.363636363636363,102,22,50,49
msg_243,node49,node47,320,8030,,,,,,7.633433283358321,,49,,,0,7.633433283358321,920,20,50,49
msg_244,node49,node48,320,8030,,,,,,7.633433283358321,,49,,,0,7.633433283358321,920,20,50,49
msg_245,node49,node0,319,9360,9364.0,4.0,,,,7.427586206896552,,49,,3.8,0,7.427586206896552,149,49,50,49
msg_246,node49,node1,319,9360,9364.0,4.0,,,,7.404109589041096,,49,,3.8,0,7.404109589041096,148,48,50,49
msg_247,node49,node2,319,9360,9364.0,4.0,,,,7.380952380952381,,49,,3.8,0,7.380952380952381,147,47,50,49
msg_248,node49,node3,319,9360,9365.0,5.0,,,,7.380952380952381,,49,,4.8,0,7.380952380952381,147,47,50,49
msg_249,node49,node4,319,9360,,,,,,7.633433283358321,,49,,,0,7.633433283358321,920,20,50,49
msg_250,node49,node5,319,9360,,,,,,7.633433283358321,,49,,,0,7.633433283358321,920,20,50,49
msg_251,node49,node6,319,9360,9365.0,5.0,,,,7.32,,49,,4.8,0,7.32,144,44,50,49
msg_252,node49,node7,319,9360,9365.0,5.0,,,,7.304635761589404,,49,,4.8,0,7.304635761589404,143,43,50,49
msg_253,node49,node8,319,9360,9366.0,6.0,,,,7.2894736842105265,,49,,5.8,0,7.2894736842105265,142,42,50,49
msg_254,node49,node9,319,9360,9366.0,6.0,,,,7.266233766233766,,49,,5.8,0,7.266233766233766,140,40,50,49
msg_255,node49,node10,320,9360,9364.0,4.0,,,,7.380952380952381,,49,,3.8,0,7.380952380952381,147,47,50,49
msg_256,node49,node11,320,9360,,,,,,7.633433283358321,,49,,,0,7.633433283358321,920,20,50,49
msg_257,node49,node12,320,9360,,,,,,7.633433283358321,,49,,,0,7.633433283358321,920,20,50,49
msg_258,node49,node13,320,9360,9367.0,7.0,,,,7.256410256410256,,49,,6.8,0,7.256410256410256,138,38,50,49
msg_259,node49,node14,320,9360,9365.0,5.0,,,,7.2894736842105265,,49,,4.8,0,7.2894736842105265,142,42,50,49
msg_260,node49,node15,320,9360,9367.0,7.0,,,,7.256410256410256,,49,,6.8,0,7.256410256410256,138,38,50,49
msg_261,node49,node16,320,9360,,,,,,7.633433283358321,,49,,,0,7.633433283358321,920,20,50,49
msg_262,node49,node17,320,9360,9367.0,7.0,,,,7.253164556962025,,49,,6.8,0,7.253164556962025,136,36,50,49
msg_263,node49,node18,320,9360,,,,,,7.633433283358321,,49,,,0,7.633433283358321,920,20,50,49
msg_264,node49,node19,320,9360,,,,,,7.633433283358321,,49,,,0,7.633433283358321,920,20,50,49
msg_265,node49,node20,320,9360,9368.0,8.0,,,,7.251572327044025,,49,,7.8,0,7.251572327044025,135,35,50,49
msg_266,node49,node21,320,9360,9367.0,7.0,,,,7.258064516129032,,49,,6.8,0,7.258064516129032,139,39,50,49
msg_267,node49,node22,320,9360,,,,,,7.633433283358321,,49,,,0,7.633433283358321,920,20,50,49
msg_268,node49,node23,320,9360,,,,,,7.633433283358321,,49,,,0,7.633433283358321,920,20,50,49
msg_269,node49,node24,320,9360,9368.0,8.0,,,,7.260869565217392,,49,,7.8,0,7.260869565217392,133,33,50,49
msg_270,node49,node25,320,9360,9368.0,8.0,,,,7.265432098765432,,49,,7.8,0,7.265432098765432,132,32,50,49
msg_271,node49,node26,320,9360,,,,,,7.633433283358321,,49,,,0,7.633433283358321,920,20,50,49
msg_272,node49,node27,320,9360,9369.0,9.0,,,,7.274390243902439,,49,,8.8,0,7.274390243902439,130,30,50,49
msg_273,node49,node28,320,9360,,,,,,7.633433283358321,,49,,,0,7.633433283358321,920,20,50,49
msg_274,node49,node29,320,9360,,,,,,7.633433283358321,,49,,,0,7.633433283358321,920,20,50,49
msg_275,node49,node30,320,9360,,,,,,7.633433283358321,,49,,,0,7.633433283358321,920,20,50,49
msg_276,node49,node31,320,9360,9368.0,8.0,,,,7.251572327044025,,49,,7.8,0,7.251572327044025,135,35,50,49
msg_277,node49,node32,320,9360,9368.0,8.0,,,,7.265432098765432,,49,,7.8,0,7.265432098765432,132,32,50,49
msg_278,node49,node33,320,9360,9370.0,10.0,,,,7.284848484848485,,49,,9.6,0,7.284848484848485,129,29,50,49
msg_279,node49,node34,320,9360,,,,,,7.633433283358321,,49,,,0,7.633433283358321,920,20,50,49
msg_280,node49,node35,320,9360,9370.0,10.0,,,,7.284848484848485,,49,,9.6,0,7.284848484848485,129,29,50,49
msg_281,node49,node36,320,9360,9370.0,10.0,,,,7.317365269461078,,49,,9.6,0,7.317365269461078,127,27,50,49
msg_282,node49,node37,320,9360,9370.0,10.0,,,,7.333333333333333,,49,,9.6,0,7.333333333333333,126,26,50,49
msg_283,node49,node38,320,9360,,,,,,7.633433283358321,,49,,,0,7.633433283358321,920,20,50,49
msg_284,node49,node39,320,9360,,,,,,7.633433283358321,,49,,,0,7.633433283358321,920,20,50,49
msg_285,node49,node40,320,9360,9371.0,11.0,,,,7.333333333333333,,49,,10.8,0,7.333333333333333,126,26,50,49
msg_286,node49,node41,320,9360,9371.0,11.0,,,,7.370588235294117,,49,,10.8,0,7.370588235294117,124,24,50,49
msg_287,node49,node42,320,9360,,,,,,7.633433283358321,,49,,,0,7.633433283358321,920,20,50,49
msg_288,node49,node43,320,9360,,,,,,7.633433283358321,,49,,,0,7.633433283358321,920,20,50,49
msg_289,node49,node44,320,9360,9371.0,11.0,,,,7.391812865497076,,49,,10.8,0,7.391812865497076,123,23,50,49
msg_290,node49,node45,320,9360,9372.0,12.0,,,,7.412790697674419,,49,,11.8,0,7.412790697674419,122,22,50,49
msg_291,node49,node46,320,9360,9372.0,12.0,,,,7.412790697674419,,49,,11.8,0,7.412790697674419,122,22,50,49
msg_292,node49,node47,320,9360,,,,,,7.633433283358321,,49,,,0,7.633433283358321,920,20,50,49
msg_293,node49,node48,320,9360,,,,,,7.633433283358321,,49,,,0,7.633433283358321,920,20,50,49
msg_294,node49,node0,319,10468,10472.0,4.0,,,,7.4655172413793105,,49,,3.8333333333333335,0,7.4655172413793105,169,49,50,49
msg_295,node49,node1,319,10468,10472.0,4.0,,,,7.445714285714286,,49,,3.8333333333333335,0,7.445714285714286,168,48,50,49
msg_296,node49,node2,319,10468,10472.0,4.0,,,,7.426136363636363,,49,,3.8333333333333335,0,7.426136363636363,167,47,50,49
msg_297,node49,node3,319,10468,10473.0,5.0,,,,7.387640449438202,,49,,4.833333333333333,0,7.387640449438202,165,45,50,49
msg_298,node49,node4,319,10468,,,,,,7.633433283358321,,49,,,0,7.633433283358321,920,20,50,49
msg_299,node49,node5,319,10468,,,,,,7.633433283358321,,49,,,0,7.633433283358321,920,20,50,49
msg_300,node49,node6,319,10468,10473.0,5.0,,,,7.374301675977653,,49,,4.833333333333333,0,7.374301675977653,164,44,50,49
msg_301,node49,node7,319,10468,10473.0,5.0,,,,7.374301675977653,,49,,4.833333333333333,0,7.374301675977653,164,44,50,49
msg_302,node49,node8,319,10468,10474.0,6.0,,,,7.335164835164835,,49,,5.833333333333333,0,7.335164835164835,161,41,50,49
msg_303,node49,node9,319,10468,10474.0,6.0,,,,7.327868852459017,,49,,5.833333333333333,0,7.327868852459017,160,40,50,49
msg_304,node49,node10,320,10468,10472.0,4.0,,,,7.426136363636363,,49,,3.8333333333333335,0,7.426136363636363,167,47,50,49
msg_305,node49,node11,320,10468,,,,,,7.633433283358321,,49,,,0,7.633433283358321,920,20,50,49
msg_306,node49,node12,320,10468,,,,,,7.633433283358321,,49,,,0,7.633433283358321,920,20,50,49
msg_307,node49,node13,320,10468,10475.0,7.0,,,,7.318918918918919,,49,,6.833333333333333,0,7.318918918918919,158,38,50,49
msg_308,node49,node14,320,10468,10473.0,5.0,,,,7.374301675977653,,49,,4.833333333333333,0,7.374301675977653,164,44,50,49
msg_309,node49,node15,320,10468,10475.0,7.0,,,,7.318918918918919,,49,,6.833333333333333,0,7.318918918918919,158,38,50,49
msg_310,node49,node16,320,10468,,,,,,7.633433283358321,,49,,,0,7.633433283358321,920,20,50,49
msg_311,node49,node17,320,10468,10475.0,7.0,,,,7.318918918918919,,49,,6.833333333333333,0,7.318918918918919,158,38,50,49
msg_312,node49,node18,320,10468,,,,,,7.633433283358321,,49,,,0,7.633433283358321,920,20,50,49
msg_313,node49,node19,320,10468,,,,,,7.633433283358321,,49,,,0,7.633433283358321,920,20,50,49
msg_314,node49,node20,320,10468,10476.0,8.0,,,,7.3138297872340425,,49,,7.833333333333333,0,7.3138297872340425,155,35,50,49
msg_315,node49,node21,320,10468,10475.0,7.0,,,,7.320652173913044,,49,,6.833333333333333,0,7.320652173913044,159,39,50,49
msg_316,node49,node22,320,10468,,,,,,7.633433283358321,,49,,,0,7.633433283358321,920,20,50,49
msg_317,node49,node23,320,10468,,,,,,7.633433283358321,,49,,,0,7.633433283358321,920,20,50,49
msg_318,node49,node24,320,10468,10476.0,8.0,,,,7.321052631578947,,49,,7.833333333333333,0,7.321052631578947,153,33,50,49
msg_319,node49,node25,320,10468,10476.0,8.0,,,,7.324607329842932,,49,,7.833333333333333,0,7.324607329842932,152,32,50,49
msg_320,node49,node26,320,10468,,,,,,7.633433283358321,,49,,,0,7.633433283358321,920,20,50,49
msg_321,node49,node27,320,10468,10477.0,9.0,,,,7.331606217616581,,49,,8.833333333333334,0,7.331606217616581,150,30,50,49
msg_322,node49,node28,320,10468,,,,,,7.633433283358321,,49,,,0,7.633433283358321,920,20,50,49
msg_323,node49,node29,320,10468,,,,,,7.633433283358321,,49,,,0,7.633433283358321,920,20,50,49
msg_324,node49,node30,320,10468,,,,,,7.633433283358321,,49,,,0,7.633433283358321,920,20,50,49
msg_325,node49,node31,320,10468,10476.0,8.0,,,,7.3138297872340425,,49,,7.833333333333333,0,7.3138297872340425,155,35,50,49
msg_326,node49,node32,320,10468,10476.0,8.0,,,,7.324607329842932,,49,,7.833333333333333,0,7.324607329842932,152,32,50,49
msg_327,node49,node33,320,10468,10478.0,10.0,,,,7.34020618556701,,49,,9.666666666666666,0,7.34020618556701,149,29,50,49
msg_328,node49,node34,320,10468,,,,,,7.633433283358321,,49,,,0,7.633433283358321,920,20,50,49
msg_329,node49,node35,320,10468,10478.0,10.0,,,,7.34020618556701,,49,,9.666666666666666,0,7.34020618556701,149,29,50,49
msg_330,node49,node36,320,10468,10478.0,10.0,,,,7.36734693877551,,49,,9.666666666666666,0,7.36734693877551,147,27,50,49
msg_331,node49,node37,320,10468,10478.0,10.0,,,,7.380710659898477,,49,,9.666666666666666,0,7.380710659898477,146,26,50,49
msg_332,node49,node38,320,10468,,,,,,7.633433283358321,,49,,,0,7.633433283358321,920,20,50,49
msg_333,node49,node39,320,10468,,,,,,7.633433283358321,,49,,,0,7.633433283358321,920,20,50,49
msg_334,node49,node40,320,10468,10479.0,11.0,,,,7.393939393939394,,49,,10.833333333333334,0,7.393939393939394,145,25,50,49
msg_335,node49,node41,320,10468,10479.0,11.0,,,,7.393939393939394,,49,,10.833333333333334,0,7.393939393939394,145,25,50,49
msg_336,node49,node42,320,10468,,,,,,7.633433283358321,,49,,,0,7.633433283358321,920,20,50,49
msg_337,node49,node43,320,10468,,,,,,7.633433283358321,,49,,,0,7.633433283358321,920,20,50,49
msg_338,node49,node44,320,10468,10479.0,11.0,,,,7.43,,49,,10.833333333333334,0,7.43,143,23,50,49
msg_339,node49,node45,320,10468,10480.0,12.0,,,,7.447761194029851,,49,,11.833333333333334,0,7.447761194029851,142,22,50,49
msg_340,node49,node46,320,10468,10480.0,12.0,,,,7.447761194029851,,49,,11.833333333333334,0,7.447761194029851,142,22,50,49
msg_341,node49,node47,320,10468,,,,,,7.633433283358321,,49,,,0,7.633433283358321,920,20,50,49
msg_342,node49,node48,320,10468,,,,,,7.633433283358321,,49,,,0,7.633433283358321,920,20,50,49
msg_343,node49,node0,319,10838,10842.0,4.0,,,,7.4926108374384235,,49,,3.857142857142857,0,7.4926108374384235,189,49,50,49
msg_344,node49,node1,319,10838,10842.0,4.0,,,,7.4926108374384235,,49,,3.857142857142857,0,7.4926108374384235,189,49,50,49
msg_345,node49,node2,319,10838,10842.0,4.0,,,,7.458536585365854,,49,,3.857142857142857,0,7.458536585365854,187,47,50,49
msg_346,node49,node3,319,10838,10843.0,5.0,,,,7.441747572815534,,49,,4.857142857142857,0,7.441747572815534,186,46,50,49
msg_347,node49,node4,319,10838,,,,,,7.633433283358321,,49,,,0,7.633433283358321,920,20,50,49
msg_348,node49,node5,319,10838,,,,,,7.633433283358321,,49,,,0,7.633433283358321,920,20,50,49
msg_349,node49,node6,319,10838,10843.0,5.0,,,,7.441747572815534,,49,,4.857142857142857,0,7.441747572815534,186,46,50,49
msg_350,node49,node7,319,10838,10843.0,5.0,,,,7.401913875598086,,49,,4.857142857142857,0,7.401913875598086,183,43,50,49
msg_351,node49,node8,319,10838,10844.0,6.0,,,,7.37914691943128,,49,,5.857142857142857,0,7.37914691943128,181,41,50,49
msg_352,node49,node9,319,10838,10844.0,6.0,,,,7.37914691943128,,49,,5.857142857142857,0,7.37914691943128,181,41,50,49
msg_353,node49,node10,320,10838,10842.0,4.0,,,,7.441747572815534,,49,,3.857142857142857,0,7.441747572815534,186,46,50,49
msg_354,node49,node11,320,10838,,,,,,7.633433283358321,,49,,,0,7.633433283358321,920,20,50,49
msg_355,node49,node12,320,10838,,,,,,7.633433283358321,,49,,,0,7.633433283358321,920,20,50,49
msg_356,node49,node13,320,10838,10845.0,7.0,,,,7.364485981308412,,49,,6.857142857142857,0,7.364485981308412,178,38,50,49
msg_357,node49,node14,320,10838,10843.0,5.0,,,,7.390476190476191,,49,,4.857142857142857,0,7.390476190476191,182,42,50,49
msg_358,node49,node15,320,10838,10845.0,7.0,,,,7.362790697674418,,49,,6.857142857142857,0,7.362790697674418,177,37,50,49
msg_359,node49,node16,320,10838,,,,,,7.633433283358321,,49,,,0,7.633433283358321,920,20,50,49
msg_360,node49,node17,320,10838,10845.0,7.0,,,,7.362790697674418,,49,,6.857142857142857,0,7.362790697674418,177,37,50,49
msg_361,node49,node18,320,10838,,,,,,7.633433283358321,,49,,,0,7.633433283358321,920,20,50,49
msg_362,node49,node19,320,10838,,,,,,7.633433283358321,,49,,,0,7.633433283358321,920,20,50,49
msg_363,node49,node20,320,10838,10846.0,8.0,,,,7.362790697674418,,49,,7.857142857142857,0,7.362790697674418,177,37,50,49
msg_364,node49,node21,320,10838,10845.0,7.0,,,,7.366197183098592,,49,,6.857142857142857,0,7.366197183098592,179,39,50,49
msg_365,node49,node22,320,10838,,,,,,7.633433283358321,,49,,,0,7.633433283358321,920,20,50,49
msg_366,node49,node23,320,10838,,,,,,7.633433283358321,,49,,,0,7.633433283358321,920,20,50,49
msg_367,node49,node24,320,10838,10846.0,8.0,,,,7.365296803652968,,49,,7.857142857142857,0,7.365296803652968,173,33,50,49
msg_368,node49,node25,320,10838,10846.0,8.0,,,,7.368181818181818,,49,,7.857142857142857,0,7.368181818181818,172,32,50,49
msg_369,node49,node26,320,10838,,,,,,7.633433283358321,,49,,,0,7.633433283358321,920,20,50,49
msg_370,node49,node27,320,10838,10847.0,9.0,,,,7.373873873873874,,49,,8.857142857142858,0,7.373873873873874,170,30,50,49
msg_371,node49,node28,320,10838,,,,,,7.633433283358321,,49,,,0,7.633433283358321,920,20,50,49
msg_372,node49,node29,320,10838,,,,,,7.633433283358321,,49,,,0,7.633433283358321,920,20,50,49
msg_373,node49,node30,320,10838,,,,,,7.633433283358321,,49,,,0,7.633433283358321,920,20,50,49
msg_374,node49,node31,320,10838,10846.0,8.0,,,,7.362385321100917,,49,,7.857142857142857,0,7.362385321100917,174,34,50,49
msg_375,node49,node32,320,10838,10846.0,8.0,,,,7.368181818181818,,49,,7.857142857142857,0,7.368181818181818,172,32,50,49
msg_376,node49,node33,320,10838,10848.0,10.0,,,,7.381165919282512,,49,,9.714285714285714,0,7.381165919282512,169,29,50,49
msg_377,node49,node34,320,10838,,,,,,7.633433283358321,,49,,,0,7.633433283358321,920,20,50,49
msg_378,node49,node35,320,10838,10848.0,10.0,,,,7.392857142857143,,49,,9.714285714285714,0,7.392857142857143,168,28,50,49
msg_379,node49,node36,320,10838,10848.0,10.0,,,,7.392857142857143,,49,,9.714285714285714,0,7.392857142857143,168,28,50,49
msg_380,node49,node37,320,10838,10848.0,10.0,,,,7.392857142857143,,49,,9.714285714285714,0,7.392857142857143,168,28,50,49
msg_381,node49,node38,320,10838,,,,,,7.633433283358321,,49,,,0,7.633433283358321,920,20,50,49
msg_382,node49,node39,320,10838,,,,,,7.633433283358321,,49,,,0,7.633433283358321,920,20,50,49
msg_383,node49,node40,320,10838,10849.0,11.0,,,,7.427312775330397,,49,,10.857142857142858,0,7.427312775330397,165,25,50,49
msg_384,node49,node41,320,10838,10849.0,11.0,,,,7.442982456140351,,49,,10.857142857142858,0,7.442982456140351,164,24,50,49
msg_385,node49,node42,320,10838,,,,,,7.633433283358321,,49,,,0,7.633433283358321,920,20,50,49
msg_386,node49,node43,320,10838,,,,,,7.633433283358321,,49,,,0,7.633433283358321,920,20,50,49
msg_387,node49,node44,320,10838,10849.0,11.0,,,,7.458515283842795,,49,,10.857142857142858,0,7.458515283842795,163,23,50,49
msg_388,node49,node45,320,10838,10850.0,12.0,,,,7.458515283842795,,49,,11.857142857142858,0,7.458515283842795,163,23,50,49
msg_389,node49,node46,320,10838,10850.0,12.0,,,,7.458515283842795,,49,,11.857142857142858,0,7.458515283842795,163,23,50,49
msg_390,node49,node47,320,10838,,,,,,7.633433283358321,,49,,,0,7.633433283358321,920,20,50,49
msg_391,node49,node48,320,10838,,,,,,7.633433283358321,,49,,,0,7.633433283358321,920,20,50,49
msg_392,node49,node0,319,11769,11773.0,4.0,,,,7.512931034482759,,49,,3.875,0,7.512931034482759,209,49,50,49
msg_393,node49,node1,319,11769,11773.0,4.0,,,,7.512931034482759,,49,,3.875,0,7.512931034482759,209,49,50,49
msg_394,node49,node2,319,11769,11773.0,4.0,,,,7.482905982905983,,49,,3.875,0,7.482905982905983,207,47,50,49
msg_395,node49,node3,319,11769,11774.0,5.0,,,,7.453389830508475,,49,,4.875,0,7.453389830508475,205,45,50,49
msg_396,node49,node4,319,11769,,,,,,7.633433283358321,,49,,,0,7.633433283358321,920,20,50,49
msg_397,node49,node5,319,11769,,,,,,7.633433283358321,,49,,,0,7.633433283358321,920,20,50,49
msg_398,node49,node6,319,11769,11774.0,5.0,,,,7.453389830508475,,49,,4.875,0,7.453389830508475,205,45,50,49
msg_399,node49,node7,319,11769,11774.0,5.0,,,,7.453389830508475,,49,,4.875,0,7.453389830508475,205,45,50,49
msg_400,node49,node8,319,11769,11775.0,6.0,,,,7.4125,,49,,5.875,0,7.4125,201,41,50,49
msg_401,node49,node9,319,11769,11775.0,6.0,,,,7.406639004149378,,49,,5.875,0,7.406639004149378,200,40,50,49
msg_402,node49,node10,320,11769,11773.0,4.0,,,,7.468085106382978,,49,,3.875,0,7.468085106382978,206,46,50,49
msg_403,node49,node11,320,11769,,,,,,7.633433283358321,,49,,,0,7.633433283358321,920,20,50,49
msg_404,node49,node12,320,11769,,,,,,7.633433283358321,,49,,,0,7.633433283358321,920,20,50,49
msg_405,node49,node13,320,11769,11776.0,7.0,,,,7.399176954732511,,49,,6.875,0,7.399176954732511,198,38,50,49
msg_406,node49,node14,320,11769,11774.0,5.0,,,,7.422594142259414,,49,,4.875,0,7.422594142259414,202,42,50,49
msg_407,node49,node15,320,11769,11776.0,7.0,,,,7.399176954732511,,49,,6.875,0,7.399176954732511,198,38,50,49
msg_408,node49,node16,320,11769,,,,,,7.633433283358321,,49,,,0,7.633433283358321,920,20,50,49
msg_409,node49,node17,320,11769,11776.0,7.0,,,,7.399176954732511,,49,,6.875,0,7.399176954732511,198,38,50,49
msg_410,node49,node18,320,11769,,,,,,7.633433283358321,,49,,,0,7.633433283358321,920,20,50,49
msg_411,node49,node19,320,11769,,,,,,7.633433283358321,,49,,,0,7.633433283358321,920,20,50,49
msg_412,node49,node20,320,11769,11777.0,8.0,,,,7.399176954732511,,49,,7.875,0,7.399176954732511,198,38,50,49
msg_413,node49,node21,320,11769,11776.0,7.0,,,,7.400826446280992,,49,,6.875,0,7.400826446280992,199,39,50,49
msg_414,node49,node22,320,11769,,,,,,7.633433283358321,,49,,,0,7.633433283358321,920,20,50,49
msg_415,node49,node23,320,11769,,,,,,7.633433283358321,,49,,,0,7.633433283358321,920,20,50,49
msg_416,node49,node24,320,11769,11777.0,8.0,,,,7.399193548387097,,49,,7.875,0,7.399193548387097,193,33,50,49
msg_417,node49,node25,320,11769,11777.0,8.0,,,,7.404,,49,,7.875,0,7.404,191,31,50,49
msg_418,node49,node26,320,11769,,,,,,7.633433283358321,,49,,,0,7.633433283358321,920,20,50,49
msg_419,node49,node27,320,11769,11778.0,9.0,,,,7.4063745019920315,,49,,8.875,0,7.4063745019920315,190,30,50,49
msg_420,node49,node28,320,11769,,,,,,7.633433283358321,,49,,,0,7.633433283358321,920,20,50,49
msg_421,node49,node29,320,11769,,,,,,7.633433283358321,,49,,,0,7.633433283358321,920,20,50,49
msg_422,node49,node30,320,11769,,,,,,7.633433283358321,,49,,,0,7.633433283358321,920,20,50,49
msg_423,node49,node31,320,11769,11777.0,8.0,,,,7.396761133603239,,49,,7.875,0,7.396761133603239,194,34,50,49
msg_424,node49,node32,320,11769,11777.0,8.0,,,,7.401606425702811,,49,,7.875,0,7.401606425702811,192,32,50,49
msg_425,node49,node33,320,11769,11779.0,10.0,,,,7.412698412698413,,49,,9.75,0,7.412698412698413,189,29,50,49
msg_426,node49,node34,320,11769,,,,,,7.633433283358321,,49,,,0,7.633433283358321,920,20,50,49
msg_427,node49,node35,320,11769,11779.0,10.0,,,,7.4229249011857705,,49,,9.75,0,7.4229249011857705,188,28,50,49
msg_428,node49,node36,320,11769,11779.0,10.0,,,,7.433070866141732,,49,,9.75,0,7.433070866141732,187,27,50,49
msg_429,node49,node37,320,11769,11779.0,10.0,,,,7.443137254901961,,49,,9.75,0,7.443137254901961,186,26,50,49
msg_430,node49,node38,320,11769,,,,,,7.633433283358321,,49,,,0,7.633433283358321,920,20,50,49
msg_431,node49,node39,320,11769,,,,,,7.633433283358321,,49,,,0,7.633433283358321,920,20,50,49
msg_432,node49,node40,320,11769,11780.0,11.0,,,,7.443137254901961,,49,,10.875,0,7.443137254901961,186,26,50,49
msg_433,node49,node41,320,11769,11780.0,11.0,,,,7.443137254901961,,49,,10.875,0,7.443137254901961,186,26,50,49
msg_434,node49,node42,320,11769,,,,,,7.633433283358321,,49,,,0,7.633433283358321,920,20,50,49
msg_435,node49,node43,320,11769,,,,,,7.633433283358321,,49,,,0,7.633433283358321,920,20,50,49
msg_436,node49,node44,320,11769,11780.0,11.0,,,,7.48062015503876,,49,,10.875,0,7.48062015503876,183,23,50,49
msg_437,node49,node45,320,11769,11781.0,12.0,,,,7.494208494208494,,49,,11.875,0,7.494208494208494,182,22,50,49
msg_438,node49,node46,320,11769,11781.0,12.0,,,,7.5115384615384615,,49,,11.875,0,7.5115384615384615,181,21,50,49
msg_439,node49,node47,320,11769,,,,,,7.633433283358321,,49,,,0,7.633433283358321,920,20,50,49
msg_440,node49,node48,320,11769,,,,,,7.633433283358321,,49,,,0,7.633433283358321,920,20,50,49
msg_441,node49,node0,319,12701,12705.0,4.0,,,,7.528735632183908,,49,,3.888888888888889,0,7.528735632183908,229,49,50,49
msg_442,node49,node1,319,12701,12705.0,4.0,,,,7.528735632183908,,49,,3.888888888888889,0,7.528735632183908,229,49,50,49
msg_443,node49,node2,319,12701,12705.0,4.0,,,,7.528735632183908,,49,,3.888888888888889,0,7.528735632183908,229,49,50,49
msg_444,node49,node3,319,12701,12706.0,5.0,,,,7.475471698113208,,49,,4.888888888888889,0,7.475471698113208,225,45,50,49
msg_445,node49,node4,319,12701,,,,,,7.633433283358321,,49,,,0,7.633433283358321,920,20,50,49
msg_446,node49,node5,319,12701,,,,,,7.633433283358321,,49,,,0,7.633433283358321,920,20,50,49
msg_447,node49,node6,319,12701,12706.0,5.0,,,,7.466165413533835,,49,,4.888888888888889,0,7.466165413533835,224,44,50,49
msg_448,node49,node7,319,12701,12706.0,5.0,,,,7.456928838951311,,49,,4.888888888888889,0,7.456928838951311,223,43,50,49
msg_449,node49,node8,319,12701,12707.0,6.0,,,,7.438661710037175,,49,,5.888888888888889,0,7.438661710037175,221,41,50,49
msg_450,node49,node9,319,12701,12707.0,6.0,,,,7.433333333333334,,49,,5.888888888888889,0,7.433333333333334,220,40,50,49
msg_451,node49,node10,320,12701,12705.0,4.0,,,,7.488636363636363,,49,,3.888888888888889,0,7.488636363636363,226,46,50,49
msg_452,node49,node11,320,12701,,,,,,7.633433283358321,,49,,,0,7.633433283358321,920,20,50,49
msg_453,node49,node12,320,12701,,,,,,7.633433283358321,,49,,,0,7.633433283358321,920,20,50,49
msg_454,node49,node13,320,12701,12708.0,7.0,,,,7.426470588235294,,49,,6.888888888888889,0,7.426470588235294,218,38,50,49
msg_455,node49,node14,320,12701,12706.0,5.0,,,,7.447761194029851,,49,,4.888888888888889,0,7.447761194029851,222,42,50,49
msg_456,node49,node15,320,12701,12708.0,7.0,,,,7.424908424908425,,49,,6.888888888888889,0,7.424908424908425,217,37,50,49
msg_457,node49,node16,320,12701,,,,,,7.633433283358321,,49,,,0,7.633433283358321,920,20,50,49
msg_458,node49,node17,320,12701,12708.0,7.0,,,,7.423357664233577,,49,,6.888888888888889,0,7.423357664233577,216,36,50,49
msg_459,node49,node18,320,12701,,,,,,7.633433283358321,,49,,,0,7.633433283358321,920,20,50,49
msg_460,node49,node19,320,12701,,,,,,7.633433283358321,,49,,,0,7.633433283358321,920,20,50,49
msg_461,node49,node20,320,12701,12709.0,8.0,,,,7.421818181818182,,49,,7.888888888888889,0,7.421818181818182,215,35,50,49
msg_462,node49,node21,320,12701,12708.0,7.0,,,,7.428044280442805,,49,,6.888888888888889,0,7.428044280442805,219,39,50,49
msg_463,node49,node22,320,12701,,,,,,7.633433283358321,,49,,,0,7.633433283358321,920,20,50,49
msg_464,node49,node23,320,12701,,,,,,7.633433283358321,,49,,,0,7.633433283358321,920,20,50,49
msg_465,node49,node24,320,12701,12709.0,8.0,,,,7.425992779783393,,49,,7.888888888888889,0,7.425992779783393,213,33,50,49
msg_466,node49,node25,320,12701,12709.0,8.0,,,,7.43010752688172,,49,,7.888888888888889,0,7.43010752688172,211,31,50,49
msg_467,node49,node26,320,12701,,,,,,7.633433283358321,,49,,,0,7.633433283358321,920,20,50,49
msg_468,node49,node27,320,12701,12710.0,9.0,,,,7.432142857142857,,49,,8.88888888888889,0,7.432142857142857,210,30,50,49
msg_469,node49,node28,320,12701,,,,,,7.633433283358321,,49,,,0,7.633433283358321,920,20,50,49
msg_470,node49,node29,320,12701,,,,,,7.633433283358321,,49,,,0,7.633433283358321,920,20,50,49
msg_471,node49,node30,320,12701,,,,,,7.633433283358321,,49,,,0,7.633433283358321,920,20,50,49
msg_472,node49,node31,320,12701,12709.0,8.0,,,,7.423913043478261,,49,,7.888888888888889,0,7.423913043478261,214,34,50,49
msg_473,node49,node32,320,12701,12709.0,8.0,,,,7.428057553956834,,49,,7.888888888888889,0,7.428057553956834,212,32,50,49
msg_474,node49,node33,320,12701,12711.0,10.0,,,,7.432142857142857,,49,,9.777777777777779,0,7.432142857142857,210,30,50,49
msg_475,node49,node34,320,12701,,,,,,7.633433283358321,,49,,,0,7.633433283358321,920,20,50,49
msg_476,node49,node35,320,12701,12711.0,10.0,,,,7.432142857142857,,49,,9.777777777777779,0,7.432142857142857,210,30,50,49
msg_477,node49,node36,320,12701,12711.0,10.0,,,,7.455830388692579,,49,,9.777777777777779,0,7.455830388692579,207,27,50,49
msg_478,node49,node37,320,12701,12711.0,10.0,,,,7.464788732394366,,49,,9.777777777777779,0,7.464788732394366,206,26,50,49
msg_479,node49,node38,320,12701,,,,,,7.633433283358321,,49,,,0,7.633433283358321,920,20,50,49
msg_480,node49,node39,320,12701,,,,,,7.633433283358321,,49,,,0,7.633433283358321,920,20,50,49
msg_481,node49,node40,320,12701,12712.0,11.0,,,,7.473684210526316,,49,,10.88888888888889,0,7.473684210526316,205,25,50,49
msg_482,node49,node41,320,12701,12712.0,11.0,,,,7.486013986013986,,49,,10.88888888888889,0,7.486013986013986,204,24,50,49
msg_483,node49,node42,320,12701,,,,,,7.633433283358321,,49,,,0,7.633433283358321,920,20,50,49
msg_484,node49,node43,320,12701,,,,,,7.633433283358321,,49,,,0,7.633433283358321,920,20,50,49
msg_485,node49,node44,320,12701,12712.0,11.0,,,,7.498257839721254,,49,,10.88888888888889,0,7.498257839721254,203,23,50,49
msg_486,node49,node45,320,12701,12713.0,12.0,,,,7.510416666666667,,49,,11.88888888888889,0,7.510416666666667,202,22,50,49
msg_487,node49,node46,320,12701,12713.0,12.0,,,,7.525951557093426,,49,,11.88888888888889,0,7.525951557093426,201,21,50,49
msg_488,node49,node47,320,12701,,,,,,7.633433283358321,,49,,,0,7.633433283358321,920,20,50,49
msg_489,node49,node48,320,12701,,,,,,7.633433283358321,,49,,,0,7.633433283358321,920,20,50,49
msg_490,node49,node0,319,13573,13577.0,4.0,,,,7.541379310344827,,49,,3.9,0,7.541379310344827,249,49,50,49
msg_491,node49,node1,319,13573,13577.0,4.0,,,,7.529209621993127,,49,,3.9,0,7.529209621993127,248,48,50,49
msg_492,node49,node2,319,13573,13577.0,4.0,,,,7.517123287671233,,49,,3.9,0,7.517123287671233,247,47,50,49
msg_493,node49,node3,319,13573,13578.0,5.0,,,,7.493197278911564,,49,,4.9,0,7.493197278911564,245,45,50,49
msg_494,node49,node4,319,13573,,,,,,7.633433283358321,,49,,,0,7.633433283358321,920,20,50,49
msg_495,node49,node5,319,13573,,,,,,7.633433283358321,,49,,,0,7.633433283358321,920,20,50,49
msg_496,node49,node6,319,13573,13578.0,5.0,,,,7.4847457627118645,,49,,4.9,0,7.4847457627118645,244,44,50,49
msg_497,node49,node7,319,13573,13578.0,5.0,,,,7.476351351351352,,49,,4.9,0,7.476351351351352,243,43,50,49
msg_498,node49,node8,319,13573,13579.0,6.0,,,,7.459731543624161,,49,,5.9,0,7.459731543624161,241,41,50,49
msg_499,node49,node9,319,13573,13579.0,6.0,,,,7.454849498327759,,49,,5.9,0,7.454849498327759,240,40,50,49
msg_500,node49,node10,320,13573,13577.0,4.0,,,,7.505119453924915,,49,,3.9,0,7.505119453924915,246,46,50,49
msg_501,node49,node11,320,13573,,,,,,7.633433283358321,,49,,,0,7.633433283358321,920,20,50,49
msg_502,node49,node12,320,13573,,,,,,7.633433283358321,,49,,,0,7.633433283358321,920,20,50,49
msg_503,node49,node13,320,13573,13580.0,7.0,,,,7.4485049833887045,,49,,6.9,0,7.4485049833887045,238,38,50,49
msg_504,node49,node14,320,13573,13578.0,5.0,,,,7.468013468013468,,49,,4.9,0,7.468013468013468,242,42,50,49
msg_505,node49,node15,320,13573,13580.0,7.0,,,,7.447019867549669,,49,,6.9,0,7.447019867549669,237,37,50,49
msg_506,node49,node16,320,13573,,,,,,7.633433283358321,,49,,,0,7.633433283358321,920,20,50,49
msg_507,node49,node17,320,13573,13580.0,7.0,,,,7.445544554455446,,49,,6.9,0,7.445544554455446,236,36,50,49
msg_508,node49,node18,320,13573,,,,,,7.633433283358321,,49,,,0,7.633433283358321,920,20,50,49
msg_509,node49,node19,320,13573,,,,,,7.633433283358321,,49,,,0,7.633433283358321,920,20,50,49
msg_510,node49,node20,320,13573,13581.0,8.0,,,,7.444078947368421,,49,,7.9,0,7.444078947368421,235,35,50,49
msg_511,node49,node21,320,13573,13580.0,7.0,,,,7.45,,49,,6.9,0,7.45,239,39,50,49
msg_512,node49,node22,320,13573,,,,,,7.633433283358321,,49,,,0,7.633433283358321,920,20,50,49
msg_513,node49,node23,320,13573,,,,,,7.633433283358321,,49,,,0,7.633433283358321,920,20,50,49
msg_514,node49,node24,320,13573,13581.0,8.0,,,,7.447712418300654,,49,,7.9,0,7.447712418300654,233,33,50,49
msg_515,node49,node25,320,13573,13581.0,8.0,,,,7.451298701298701,,49,,7.9,0,7.451298701298701,231,31,50,49
msg_516,node49,node26,320,13573,,,,,,7.633433283358321,,49,,,0,7.633433283358321,920,20,50,49
msg_517,node49,node27,320,13573,13582.0,9.0,,,,7.453074433656958,,49,,8.9,0,7.453074433656958,230,30,50,49
msg_518,node49,node28,320,13573,,,,,,7.633433283358321,,49,,,0,7.633433283358321,920,20,50,49
msg_519,node49,node29,320,13573,,,,,,7.633433283358321,,49,,,0,7.633433283358321,920,20,50,49
msg_520,node49,node30,320,13573,,,,,,7.633433283358321,,49,,,0,7.633433283358321,920,20,50,49
msg_521,node49,node31,320,13573,13581.0,8.0,,,,7.445901639344262,,49,,7.9,0,7.445901639344262,234,34,50,49
msg_522,node49,node32,320,13573,13581.0,8.0,,,,7.449511400651466,,49,,7.9,0,7.449511400651466,232,32,50,49
msg_523,node49,node33,320,13573,13583.0,10.0,,,,7.458064516129032,,49,,9.8,0,7.458064516129032,229,29,50,49
msg_524,node49,node34,320,13573,,,,,,7.633433283358321,,49,,,0,7.633433283358321,920,20,50,49
msg_525,node49,node35,320,13573,13583.0,10.0,,,,7.466237942122186,,49,,9.8,0,7.466237942122186,228,28,50,49
msg_526,node49,node36,320,13573,13583.0,10.0,,,,7.4743589743589745,,49,,9.8,0,7.4743589743589745,227,27,50,49
msg_527,node49,node37,320,13573,13583.0,10.0,,,,7.4743589743589745,,49,,9.8,0,7.4743589743589745,227,27,50,49
msg_528,node49,node38,320,13573,,,,,,7.633433283358321,,49,,,0,7.633433283358321,920,20,50,49
msg_529,node49,node39,320,13573,,,,,,7.633433283358321,,49,,,0,7.633433283358321,920,20,50,49
msg_530,node49,node40,320,13573,13584.0,11.0,,,,7.4743589743589745,,49,,10.9,0,7.4743589743589745,227,27,50,49
msg_531,node49,node41,320,13573,13584.0,11.0,,,,7.501587301587302,,49,,10.9,0,7.501587301587302,224,24,50,49
msg_532,node49,node42,320,13573,,,,,,7.633433283358321,,49,,,0,7.633433283358321,920,20,50,49
msg_533,node49,node43,320,13573,,,,,,7.633433283358321,,49,,,0,7.633433283358321,920,20,50,49
msg_534,node49,node44,320,13573,13584.0,11.0,,,,7.512658227848101,,49,,10.9,0,7.512658227848101,223,23,50,49
msg_535,node49,node45,320,13573,13585.0,12.0,,,,7.523659305993691,,49,,11.9,0,7.523659305993691,222,22,50,49
msg_536,node49,node46,320,13573,13585.0,12.0,,,,7.537735849056604,,49,,11.9,0,7.537735849056604,221,21,50,49
msg_537,node49,node47,320,13573,,,,,,7.633433283358321,,49,,,0,7.633433283358321,920,20,50,49
msg_538,node49,node48,320,13573,,,,,,7.633433283358321,,49,,,0,7.633433283358321,920,20,50,49
msg_539,node49,node0,319,13744,13748.0,4.0,,,,7.551724137931035,,49,,3.909090909090909,0,7.551724137931035,269,49,50,49
msg_540,node49,node1,319,13744,13748.0,4.0,,,,7.540625,,49,,3.909090909090909,0,7.540625,268,48,50,49
msg_541,node49,node2,319,13744,13748.0,4.0,,,,7.529595015576324,,49,,3.909090909090909,0,7.529595015576324,267,47,50,49
msg_542,node49,node3,319,13744,13749.0,5.0,,,,7.507739938080495,,49,,4.909090909090909,0,7.507739938080495,265,45,50,49
msg_543,node49,node4,319,13744,,,,,,7.633433283358321,,49,,,0,7.633433283358321,920,20,50,49
msg_544,node49,node5,319,13744,,,,,,7.633433283358321,,49,,,0,7.633433283358321,920,20,50,49
msg_545,node49,node6,319,13744,13749.0,5.0,,,,7.5,,49,,4.909090909090909,0,7.5,264,44,50,49
msg_546,node49,node7,319,13744,13749.0,5.0,,,,7.492307692307692,,49,,4.909090909090909,0,7.492307692307692,263,43,50,49
msg_547,node49,node8,319,13744,13750.0,6.0,,,,7.477064220183486,,49,,5.909090909090909,0,7.477064220183486,261,41,50,49
msg_548,node49,node9,319,13744,13750.0,6.0,,,,7.472560975609756,,49,,5.909090909090909,0,7.472560975609756,260,40,50,49
msg_549,node49,node10,320,13744,13748.0,4.0,,,,7.5186335403726705,,49,,3.909090909090909,0,7.5186335403726705,266,46,50,49
msg_550,node49,node11,320,13744,,,,,,7.633433283358321,,49,,,0,7.633433283358321,920,20,50,49
msg_551,node49,node12,320,13744,,,,,,7.633433283358321,,49,,,0,7.633433283358321,920,20,50,49
msg_552,node49,node13,320,13744,13751.0,7.0,,,,7.466666666666667,,49,,6.909090909090909,0,7.466666666666667,258,38,50,49
msg_553,node49,node14,320,13744,13749.0,5.0,,,,7.484662576687117,,49,,4.909090909090909,0,7.484662576687117,262,42,50,49
msg_554,node49,node15,320,13744,13751.0,7.0,,,,7.4652567975830815,,49,,6.909090909090909,0,7.4652567975830815,257,37,50,49
msg_555,node49,node16,320,13744,,,,,,7.633433283358321,,49,,,0,7.633433283358321,920,20,50,49
msg_556,node49,node17,320,13744,13751.0,7.0,,,,7.463855421686747,,49,,6.909090909090909,0,7.463855421686747,256,36,50,49
msg_557,node49,node18,320,13744,,,,,,7.633433283358321,,49,,,0,7.633433283358321,920,20,50,49
msg_558,node49,node19,320,13744,,,,,,7.633433283358321,,49,,,0,7.633433283358321,920,20,50,49
msg_559,node49,node20,320,13744,13752.0,8.0,,,,7.4624624624624625,,49,,7.909090909090909,0,7.4624624624624625,255,35,50,49
msg_560,node49,node21,320,13744,13751.0,7.0,,,,7.468085106382978,,49,,6.909090909090909,0,7.468085106382978,259,39,50,49
msg_561,node49,node22,320,13744,,,,,,7.633433283358321,,49,,,0,7.633433283358321,920,20,50,49
msg_562,node49,node23,320,13744,,,,,,7.633433283358321,,49,,,0,7.633433283358321,920,20,50,49
msg_563,node49,node24,320,13744,13752.0,8.0,,,,7.465671641791045,,49,,7.909090909090909,0,7.465671641791045,253,33,50,49
msg_564,node49,node25,320,13744,13752.0,8.0,,,,7.468842729970326,,49,,7.909090909090909,0,7.468842729970326,251,31,50,49
msg_565,node49,node26,320,13744,,,,,,7.633433283358321,,49,,,0,7.633433283358321,920,20,50,49
msg_566,node49,node27,320,13744,13753.0,9.0,,,,7.470414201183432,,49,,8.909090909090908,0,7.470414201183432,250,30,50,49
msg_567,node49,node28,320,13744,,,,,,7.633433283358321,,49,,,0,7.633433283358321,920,20,50,49
msg_568,node49,node29,320,13744,,,,,,7.633433283358321,,49,,,0,7.633433283358321,920,20,50,49
msg_569,node49,node30,320,13744,,,,,,7.633433283358321,,49,,,0,7.633433283358321,920,20,50,49
msg_570,node49,node31,320,13744,13752.0,8.0,,,,7.4640718562874255,,49,,7.909090909090909,0,7.4640718562874255,254,34,50,49
msg_571,node49,node32,320,13744,13752.0,8.0,,,,7.467261904761905,,49,,7.909090909090909,0,7.467261904761905,252,32,50,49
msg_572,node49,node33,320,13744,13754.0,10.0,,,,7.474926253687316,,49,,9.818181818181818,0,7.474926253687316,249,29,50,49
msg_573,node49,node34,320,13744,,,,,,7.633433283358321,,49,,,0,7.633433283358321,920,20,50,49
msg_574,node49,node35,320,13744,13754.0,10.0,,,,7.482352941176471,,49,,9.818181818181818,0,7.482352941176471,248,28,50,49
msg_575,node49,node36,320,13744,13754.0,10.0,,,,7.489736070381231,,49,,9.818181818181818,0,7.489736070381231,247,27,50,49
msg_576,node49,node37,320,13744,13754.0,10.0,,,,7.497076023391813,,49,,9.818181818181818,0,7.497076023391813,246,26,50,49
msg_577,node49,node38,320,13744,,,,,,7.633433283358321,,49,,,0,7.633433283358321,920,20,50,49
msg_578,node49,node39,320,13744,,,,,,7.633433283358321,,49,,,0,7.633433283358321,920,20,50,49
msg_579,node49,node40,320,13744,13755.0,11.0,,,,7.504373177842566,,49,,10.909090909090908,0,7.504373177842566,245,25,50,49
msg_580,node49,node41,320,13744,13755.0,11.0,,,,7.5145348837209305,,49,,10.909090909090908,0,7.5145348837209305,244,24,50,49
msg_581,node49,node42,320,13744,,,,,,7.633433283358321,,49,,,0,7.633433283358321,920,20,50,49
msg_582,node49,node43,320,13744,,,,,,7.633433283358321,,49,,,0,7.633433283358321,920,20,50,49
msg_583,node49,node44,320,13744,13755.0,11.0,,,,7.524637681159421,,49,,10.909090909090908,0,7.524637681159421,243,23,50,49
msg_584,node49,node45,320,13744,13756.0,12.0,,,,7.534682080924855,,49,,11.909090909090908,0,7.534682080924855,242,22,50,49
msg_585,node49,node46,320,13744,13756.0,12.0,,,,7.547550432276657,,49,,11.909090909090908,0,7.547550432276657,241,21,50,49
msg_586,node49,node47,320,13744,,,,,,7.633433283358321,,49,,,0,7.633433283358321,920,20,50,49
msg_587,node49,node48,320,13744,,,,,,7.633433283358321,,49,,,0,7.633433283358321,920,20,50,49
msg_588,node49,node0,319,14307,14311.0,4.0,,,,7.560344827586207,,49,,3.9166666666666665,0,7.560344827586207,289,49,50,49
msg_589,node49,node1,319,14307,14311.0,4.0,,,,7.5501432664756445,,49,,3.9166666666666665,0,7.5501432664756445,288,48,50,49
msg_590,node49,node2,319,14307,14311.0,4.0,,,,7.54,,49,,3.9166666666666665,0,7.54,287,47,50,49
msg_591,node49,node3,319,14307,14312.0,5.0,,,,7.519886363636363,,49,,4.916666666666667,0,7.519886363636363,285,45,50,49
msg_592,node49,node4,319,14307,,,,,,7.633433283358321,,49,,,0,7.633433283358321,920,20,50,49
msg_593,node49,node5,319,14307,,,,,,7.633433283358321,,49,,,0,7.633433283358321,920,20,50,49
msg_594,node49,node6,319,14307,14312.0,5.0,,,,7.5127478753541075,,49,,4.916666666666667,0,7.5127478753541075,284,44,50,49
msg_595,node49,node7,319,14307,14312.0,5.0,,,,7.505649717514125,,49,,4.916666666666667,0,7.505649717514125,283,43,50,49
msg_596,node49,node8,319,14307,14313.0,6.0,,,,7.491573033707865,,49,,5.916666666666667,0,7.491573033707865,281,41,50,49
msg_597,node49,node9,319,14307,14313.0,6.0,,,,7.487394957983193,,49,,5.916666666666667,0,7.487394957983193,280,40,50,49
msg_598,node49,node10,320,14307,14311.0,4.0,,,,7.52991452991453,,49,,3.9166666666666665,0,7.52991452991453,286,46,50,49
msg_599,node49,node11,320,14307,,,,,,7.633433283358321,,49,,,0,7.633433283358321,920,20,50,49
msg_600,node49,node12,320,14307,,,,,,7.633433283358321,,49,,,0,7.633433283358321,920,20,50,49
msg_601,node49,node13,320,14307,14314.0,7.0,,,,7.481894150417827,,49,,6.916666666666667,0,7.481894150417827,278,38,50,49
msg_602,node49,node14,320,14307,14312.0,5.0,,,,7.498591549295774,,49,,4.916666666666667,0,7.498591549295774,282,42,50,49
msg_603,node49,node15,320,14307,14314.0,7.0,,,,7.480555555555555,,49,,6.916666666666667,0,7.480555555555555,277,37,50,49
msg_604,node49,node16,320,14307,,,,,,7.633433283358321,,49,,,0,7.633433283358321,920,20,50,49
msg_605,node49,node17,320,14307,14314.0,7.0,,,,7.479224376731302,,49,,6.916666666666667,0,7.479224376731302,276,36,50,49
msg_606,node49,node18,320,14307,,,,,,7.633433283358321,,49,,,0,7.633433283358321,920,20,50,49
msg_607,node49,node19,320,14307,,,,,,7.633433283358321,,49,,,0,7.633433283358321,920,20,50,49
msg_608,node49,node20,320,14307,14315.0,8.0,,,,7.4779005524861875,,49,,7.916666666666667,0,7.4779005524861875,275,35,50,49
msg_609,node49,node21,320,14307,14314.0,7.0,,,,7.483240223463687,,49,,6.916666666666667,0,7.483240223463687,279,39,50,49
msg_610,node49,node22,320,14307,,,,,,7.633433283358321,,49,,,0,7.633433283358321,920,20,50,49
msg_611,node49,node23,320,14307,,,,,,7.633433283358321,,49,,,0,7.633433283358321,920,20,50,49
msg_612,node49,node24,320,14307,14315.0,8.0,,,,7.480769230769231,,49,,7.916666666666667,0,7.480769230769231,273,33,50,49
msg_613,node49,node25,320,14307,14315.0,8.0,,,,7.483606557377049,,49,,7.916666666666667,0,7.483606557377049,271,31,50,49
msg_614,node49,node26,320,14307,,,,,,7.633433283358321,,49,,,0,7.633433283358321,920,20,50,49
msg_615,node49,node27,320,14307,14316.0,9.0,,,,7.485013623978202,,49,,8.916666666666666,0,7.485013623978202,270,30,50,49
msg_616,node49,node28,320,14307,,,,,,7.633433283358321,,49,,,0,7.633433283358321,920,20,50,49
msg_617,node49,node29,320,14307,,,,,,7.633433283358321,,49,,,0,7.633433283358321,920,20,50,49
msg_618,node49,node30,320,14307,,,,,,7.633433283358321,,49,,,0,7.633433283358321,920,20,50,49
msg_619,node49,node31,320,14307,14315.0,8.0,,,,7.479338842975206,,49,,7.916666666666667,0,7.479338842975206,274,34,50,49
msg_620,node49,node32,320,14307,14315.0,8.0,,,,7.482191780821918,,49,,7.916666666666667,0,7.482191780821918,272,32,50,49
msg_621,node49,node33,320,14307,14317.0,10.0,,,,7.489130434782608,,49,,9.833333333333334,0,7.489130434782608,269,29,50,49
msg_622,node49,node34,320,14307,,,,,,7.633433283358321,,49,,,0,7.633433283358321,920,20,50,49
msg_623,node49,node35,320,14307,14317.0,10.0,,,,7.495934959349594,,49,,9.833333333333334,0,7.495934959349594,268,28,50,49
msg_624,node49,node36,320,14307,14317.0,10.0,,,,7.5027027027027025,,49,,9.833333333333334,0,7.5027027027027025,267,27,50,49
msg_625,node49,node37,320,14307,14317.0,10.0,,,,7.509433962264151,,49,,9.833333333333334,0,7.509433962264151,266,26,50,49
msg_626,node49,node38,320,14307,,,,,,7.633433283358321,,49,,,0,7.633433283358321,920,20,50,49
msg_627,node49,node39,320,14307,,,,,,7.633433283358321,,49,,,0,7.633433283358321,920,20,50,49
msg_628,node49,node40,320,14307,14318.0,11.0,,,,7.516129032258065,,49,,10.916666666666666,0,7.516129032258065,265,25,50,49
msg_629,node49,node41,320,14307,14318.0,11.0,,,,7.525469168900805,,49,,10.916666666666666,0,7.525469168900805,264,24,50,49
msg_630,node49,node42,320,14307,,,,,,7.633433283358321,,49,,,0,7.633433283358321,920,20,50,49
msg_631,node49,node43,320,14307,,,,,,7.633433283358321,,49,,,0,7.633433283358321,920,20,50,49
msg_632,node49,node44,320,14307,14318.0,11.0,,,,7.53475935828877,,49,,10.916666666666666,0,7.53475935828877,263,23,50,49
msg_633,node49,node45,320,14307,14319.0,12.0,,,,7.544,,49,,11.916666666666666,0,7.544,262,22,50,49
msg_634,node49,node46,320,14307,14319.0,12.0,,,,7.555851063829787,,49,,11.916666666666666,0,7.555851063829787,261,21,50,49
msg_635,node49,node47,320,14307,,,,,,7.633433283358321,,49,,,0,7.633433283358321,920,20,50,49
msg_636,node49,node48,320,14307,,,,,,7.633433283358321,,49,,,0,7.633433283358321,920,20,50,49
msg_637,node49,node0,319,14809,14813.0,4.0,,,,7.56763925729443,,49,,3.923076923076923,0,7.56763925729443,309,49,50,49
msg_638,node49,node1,319,14809,14813.0,4.0,,,,7.558201058201059,,49,,3.923076923076923,0,7.558201058201059,308,48,50,49
msg_639,node49,node2,319,14809,14813.0,4.0,,,,7.5488126649076515,,49,,3.923076923076923,0,7.5488126649076515,307,47,50,49
msg_640,node49,node3,319,14809,14814.0,5.0,,,,7.530183727034121,,49,,4.923076923076923,0,7.530183727034121,305,45,50,49
msg_641,node49,node4,319,14809,,,,,,7.633433283358321,,49,,,0,7.633433283358321,920,20,50,49
msg_642,node49,node5,319,14809,,,,,,7.633433283358321,,49,,,0,7.633433283358321,920,20,50,49
msg_643,node49,node6,319,14809,14814.0,5.0,,,,7.523560209424084,,49,,4.923076923076923,0,7.523560209424084,304,44,50,49
msg_644,node49,node7,319,14809,14814.0,5.0,,,,7.516971279373368,,49,,4.923076923076923,0,7.516971279373368,303,43,50,49
msg_645,node49,node8,319,14809,14815.0,6.0,,,,7.503896103896104,,49,,5.923076923076923,0,7.503896103896104,301,41,50,49
msg_646,node49,node9,319,14809,14815.0,6.0,,,,7.5,,49,,5.923076923076923,0,7.5,300,40,50,49
msg_647,node49,node10,320,14809,14813.0,4.0,,,,7.5394736842105265,,49,,3.923076923076923,0,7.5394736842105265,306,46,50,49
msg_648,node49,node11,320,14809,,,,,,7.633433283358321,,49,,,0,7.633433283358321,920,20,50,49
msg_649,node49,node12,320,14809,,,,,,7.633433283358321,,49,,,0,7.633433283358321,920,20,50,49
msg_650,node49,node13,320,14809,14816.0,7.0,,,,7.494845360824742,,49,,6.923076923076923,0,7.494845360824742,298,38,50,49
msg_651,node49,node14,320,14809,14814.0,5.0,,,,7.510416666666667,,49,,4.923076923076923,0,7.510416666666667,302,42,50,49
msg_652,node49,node15,320,14809,14816.0,7.0,,,,7.493573264781491,,49,,6.923076923076923,0,7.493573264781491,297,37,50,49
msg_653,node49,node16,320,14809,,,,,,7.633433283358321,,49,,,0,7.633433283358321,920,20,50,49
msg_654,node49,node17,320,14809,14816.0,7.0,,,,7.492307692307692,,49,,6.923076923076923,0,7.492307692307692,296,36,50,49
msg_655,node49,node18,320,14809,,,,,,7.633433283358321,,49,,,0,7.633433283358321,920,20,50,49
msg_656,node49,node19,320,14809,,,,,,7.633433283358321,,49,,,0,7.633433283358321,920,20,50,49
msg_657,node49,node20,320,14809,14817.0,8.0,,,,7.491048593350383,,49,,7.923076923076923,0,7.491048593350383,295,35,50,49
msg_658,node49,node21,320,14809,14816.0,7.0,,,,7.496124031007752,,49,,6.923076923076923,0,7.496124031007752,299,39,50,49
msg_659,node49,node22,320,14809,,,,,,7.633433283358321,,49,,,0,7.633433283358321,920,20,50,49
msg_660,node49,node23,320,14809,,,,,,7.633433283358321,,49,,,0,7.633433283358321,920,20,50,49
msg_661,node49,node24,320,14809,14817.0,8.0,,,,7.493638676844784,,49,,7.923076923076923,0,7.493638676844784,293,33,50,49
msg_662,node49,node25,320,14809,14817.0,8.0,,,,7.49620253164557,,49,,7.923076923076923,0,7.49620253164557,291,31,50,49
msg_663,node49,node26,320,14809,,,,,,7.633433283358321,,49,,,0,7.633433283358321,920,20,50,49
msg_664,node49,node27,320,14809,14818.0,9.0,,,,7.497474747474747,,49,,8.923076923076923,0,7.497474747474747,290,30,50,49
msg_665,node49,node28,320,14809,,,,,,7.633433283358321,,49,,,0,7.633433283358321,920,20,50,49
msg_666,node49,node29,320,14809,,,,,,7.633433283358321,,49,,,0,7.633433283358321,920,20,50,49
msg_667,node49,node30,320,14809,,,,,,7.633433283358321,,49,,,0,7.633433283358321,920,20,50,49
msg_668,node49,node31,320,14809,14817.0,8.0,,,,7.49234693877551,,49,,7.923076923076923,0,7.49234693877551,294,34,50,49
msg_669,node49,node32,320,14809,14817.0,8.0,,,,7.49492385786802,,49,,7.923076923076923,0,7.49492385786802,292,32,50,49
msg_670,node49,node33,320,14809,14819.0,10.0,,,,7.501259445843829,,49,,9.846153846153847,0,7.501259445843829,289,29,50,49
msg_671,node49,node34,320,14809,,,,,,7.633433283358321,,49,,,0,7.633433283358321,920,20,50,49
msg_672,node49,node35,320,14809,14819.0,10.0,,,,7.507537688442211,,49,,9.846153846153847,0,7.507537688442211,288,28,50,49
msg_673,node49,node36,320,14809,14819.0,10.0,,,,7.513784461152882,,49,,9.846153846153847,0,7.513784461152882,287,27,50,49
msg_674,node49,node37,320,14809,14819.0,10.0,,,,7.52,,49,,9.846153846153847,0,7.52,286,26,50,49
msg_675,node49,node38,320,14809,,,,,,7.633433283358321,,49,,,0,7.633433283358321,920,20,50,49
msg_676,node49,node39,320,14809,,,,,,7.633433283358321,,49,,,0,7.633433283358321,920,20,50,49
msg_677,node49,node40,320,14809,14820.0,11.0,,,,7.526184538653367,,49,,10.923076923076923,0,7.526184538653367,285,25,50,49
msg_678,node49,node41,320,14809,14820.0,11.0,,,,7.534825870646766,,49,,10.923076923076923,0,7.534825870646766,284,24,50,49
msg_679,node49,node42,320,14809,,,,,,7.633433283358321,,49,,,0,7.633433283358321,920,20,50,49
msg_680,node49,node43,320,14809,,,,,,7.633433283358321,,49,,,0,7.633433283358321,920,20,50,49
msg_681,node49,node44,320,14809,14820.0,11.0,,,,7.543424317617866,,49,,10.923076923076923,0,7.543424317617866,283,23,50,49
msg_682,node49,node45,320,14809,14821.0,12.0,,,,7.551980198019802,,49,,11.923076923076923,0,7.551980198019802,282,22,50,49
msg_683,node49,node46,320,14809,14821.0,12.0,,,,7.562962962962963,,49,,11.923076923076923,0,7.562962962962963,281,21,50,49
msg_684,node49,node47,320,14809,,,,,,7.633433283358321,,49,,,0,7.633433283358321,920,20,50,49
msg_685,node49,node48,320,14809,,,,,,7.633433283358321,,49,,,0,7.633433283358321,920,20,50,49
msg_686,node49,node0,319,16091,16094.0,3.0,,,,7.573891625615763,,49,,3.9285714285714284,0,7.573891625615763,329,49,50,49
msg_687,node49,node1,319,16091,16094.0,3.0,,,,7.562653562653563,,49,,3.9285714285714284,0,7.562653562653563,328,48,50,49
msg_688,node49,node2,319,16091,16094.0,3.0,,,,7.551470588235294,,49,,3.9285714285714284,0,7.551470588235294,327,47,50,49
msg_689,node49,node3,319,16091,16096.0,5.0,,,,7.529268292682927,,49,,4.928571428571429,0,7.529268292682927,325,45,50,49
msg_690,node49,node4,319,16091,,,,,,7.633433283358321,,49,,,0,7.633433283358321,920,20,50,49
msg_691,node49,node5,319,16091,,,,,,7.633433283358321,,49,,,0,7.633433283358321,920,20,50,49
msg_692,node49,node6,319,16091,16096.0,5.0,,,,7.523114355231144,,49,,4.928571428571429,0,7.523114355231144,324,44,50,49
msg_693,node49,node7,319,16091,16096.0,5.0,,,,7.516990291262136,,49,,4.928571428571429,0,7.516990291262136,323,43,50,49
msg_694,node49,node8,319,16091,16097.0,6.0,,,,7.504830917874396,,49,,5.928571428571429,0,7.504830917874396,321,41,50,49
msg_695,node49,node9,319,16091,16097.0,6.0,,,,7.501204819277109,,49,,5.928571428571429,0,7.501204819277109,320,40,50,49
msg_696,node49,node10,320,16091,16094.0,3.0,,,,7.540342298288508,,49,,3.9285714285714284,0,7.540342298288508,326,46,50,49
msg_697,node49,node11,320,16091,,,,,,7.633433283358321,,49,,,0,7.633433283358321,920,20,50,49
msg_698,node49,node12,320,16091,,,,,,7.633433283358321,,49,,,0,7.633433283358321,920,20,50,49
msg_699,node49,node13,320,16091,16097.0,6.0,,,,7.494004796163069,,49,,6.928571428571429,0,7.494004796163069,318,38,50,49
msg_700,node49,node14,320,16091,16096.0,5.0,,,,7.5108958837772395,,49,,4.928571428571429,0,7.5108958837772395,322,42,50,49
msg_701,node49,node15,320,16091,16097.0,6.0,,,,7.490430622009569,,49,,6.928571428571429,0,7.490430622009569,317,37,50,49
msg_702,node49,node16,320,16091,,,,,,7.633433283358321,,49,,,0,7.633433283358321,920,20,50,49
msg_703,node49,node17,320,16091,16097.0,6.0,,,,7.486873508353222,,49,,6.928571428571429,0,7.486873508353222,316,36,50,49
msg_704,node49,node18,320,16091,,,,,,7.633433283358321,,49,,,0,7.633433283358321,920,20,50,49
msg_705,node49,node19,320,16091,,,,,,7.633433283358321,,49,,,0,7.633433283358321,920,20,50,49
msg_706,node49,node20,320,16091,16099.0,8.0,,,,7.483333333333333,,49,,7.928571428571429,0,7.483333333333333,315,35,50,49
msg_707,node49,node21,320,16091,16097.0,6.0,,,,7.497596153846154,,49,,6.928571428571429,0,7.497596153846154,319,39,50,49
msg_708,node49,node22,320,16091,,,,,,7.633433283358321,,49,,,0,7.633433283358321,920,20,50,49
msg_709,node49,node23,320,16091,,,,,,7.633433283358321,,49,,,0,7.633433283358321,920,20,50,49
msg_710,node49,node24,320,16091,16099.0,8.0,,,,7.485781990521327,,49,,7.928571428571429,0,7.485781990521327,313,33,50,49
msg_711,node49,node25,320,16091,16099.0,8.0,,,,7.488207547169812,,49,,7.928571428571429,0,7.488207547169812,311,31,50,49
msg_712,node49,node26,320,16091,,,,,,7.633433283358321,,49,,,0,7.633433283358321,920,20,50,49
msg_713,node49,node27,320,16091,16100.0,9.0,,,,7.489411764705882,,49,,8.928571428571429,0,7.489411764705882,310,30,50,49
msg_714,node49,node28,320,16091,,,,,,7.633433283358321,,49,,,0,7.633433283358321,920,20,50,49
msg_715,node49,node29,320,16091,,,,,,7.633433283358321,,49,,,0,7.633433283358321,920,20,50,49
msg_716,node49,node30,320,16091,,,,,,7.633433283358321,,49,,,0,7.633433283358321,920,20,50,49
msg_717,node49,node31,320,16091,16099.0,8.0,,,,7.484560570071259,,49,,7.928571428571429,0,7.484560570071259,314,34,50,49
msg_718,node49,node32,320,16091,16099.0,8.0,,,,7.486997635933806,,49,,7.928571428571429,0,7.486997635933806,312,32,50,49
msg_719,node49,node33,320,16091,16101.0,10.0,,,,7.492957746478873,,49,,9.857142857142858,0,7.492957746478873,309,29,50,49
msg_720,node49,node34,320,16091,,,,,,7.633433283358321,,49,,,0,7.633433283358321,920,20,50,49
msg_721,node49,node35,320,16091,16101.0,10.0,,,,7.498829039812646,,49,,9.857142857142858,0,7.498829039812646,308,28,50,49
msg_722,node49,node36,320,16091,16101.0,10.0,,,,7.5046728971962615,,49,,9.857142857142858,0,7.5046728971962615,307,27,50,49
msg_723,node49,node37,320,16091,16101.0,10.0,,,,7.510489510489511,,49,,9.857142857142858,0,7.510489510489511,306,26,50,49
msg_724,node49,node38,320,16091,,,,,,7.633433283358321,,49,,,0,7.633433283358321,920,20,50,49
msg_725,node49,node39,320,16091,,,,,,7.633433283358321,,49,,,0,7.633433283358321,920,20,50,49
msg_726,node49,node40,320,16091,16102.0,11.0,,,,7.5162790697674415,,49,,10.928571428571429,0,7.5162790697674415,305,25,50,49
msg_727,node49,node41,320,16091,16102.0,11.0,,,,7.524361948955916,,49,,10.928571428571429,0,7.524361948955916,304,24,50,49
msg_728,node49,node42,320,16091,,,,,,7.633433283358321,,49,,,0,7.633433283358321,920,20,50,49
msg_729,node49,node43,320,16091,,,,,,7.633433283358321,,49,,,0,7.633433283358321,920,20,50,49
msg_730,node49,node44,320,16091,16102.0,11.0,,,,7.532407407407407,,49,,10.928571428571429,0,7.532407407407407,303,23,50,49
msg_731,node49,node45,320,16091,16103.0,12.0,,,,7.540415704387991,,49,,11.928571428571429,0,7.540415704387991,302,22,50,49
msg_732,node49,node46,320,16091,16103.0,12.0,,,,7.550691244239632,,49,,11.928571428571429,0,7.550691244239632,301,21,50,49
msg_733,node49,node47,320,16091,,,,,,7.633433283358321,,49,,,0,7.633433283358321,920,20,50,49
msg_734,node49,node48,320,16091,,,,,,7.633433283358321,,49,,,0,7.633433283358321,920,20,50,49
msg_735,node49,node0,319,21354,21358.0,4.0,,,,7.560919540229885,,49,,3.8666666666666667,0,7.560919540229885,349,49,50,49
msg_736,node49,node1,319,21354,21358.0,4.0,,,,7.552752293577981,,49,,3.8666666666666667,0,7.552752293577981,348,48,50,49
msg_737,node49,node2,319,21354,21358.0,4.0,,,,7.54462242562929,,49,,3.8666666666666667,0,7.54462242562929,347,47,50,49
msg_738,node49,node3,319,21354,21359.0,5.0,,,,7.528473804100228,,49,,4.933333333333334,0,7.528473804100228,345,45,50,49
msg_739,node49,node4,319,21354,,,,,,7.633433283358321,,49,,,0,7.633433283358321,920,20,50,49
msg_740,node49,node5,319,21354,,,,,,7.633433283358321,,49,,,0,7.633433283358321,920,20,50,49
msg_741,node49,node6,319,21354,21359.0,5.0,,,,7.5227272727272725,,49,,4.933333333333334,0,7.5227272727272725,344,44,50,49
msg_742,node49,node7,319,21354,21359.0,5.0,,,,7.517006802721088,,49,,4.933333333333334,0,7.517006802721088,343,43,50,49
msg_743,node49,node8,319,21354,21360.0,6.0,,,,7.505643340857787,,49,,5.933333333333334,0,7.505643340857787,341,41,50,49
msg_744,node49,node9,319,21354,21360.0,6.0,,,,7.502252252252252,,49,,5.933333333333334,0,7.502252252252252,340,40,50,49
msg_745,node49,node10,320,21354,21358.0,4.0,,,,7.536529680365297,,49,,3.8666666666666667,0,7.536529680365297,346,46,50,49
msg_746,node49,node11,320,21354,,,,,,7.633433283358321,,49,,,0,7.633433283358321,920,20,50,49
msg_747,node49,node12,320,21354,,,,,,7.633433283358321,,49,,,0,7.633433283358321,920,20,50,49
msg_748,node49,node13,320,21354,21361.0,7.0,,,,7.497757847533633,,49,,6.866666666666666,0,7.497757847533633,338,38,50,49
msg_749,node49,node14,320,21354,21359.0,5.0,,,,7.51131221719457,,49,,4.933333333333334,0,7.51131221719457,342,42,50,49
msg_750,node49,node15,320,21354,21361.0,7.0,,,,7.496644295302014,,49,,6.866666666666666,0,7.496644295302014,337,37,50,49
msg_751,node49,node16,320,21354,,,,,,7.633433283358321,,49,,,0,7.633433283358321,920,20,50,49
msg_752,node49,node17,320,21354,21361.0,7.0,,,,7.495535714285714,,49,,6.866666666666666,0,7.495535714285714,336,36,50,49
msg_753,node49,node18,320,21354,,,,,,7.633433283358321,,49,,,0,7.633433283358321,920,20,50,49
msg_754,node49,node19,320,21354,,,,,,7.633433283358321,,49,,,0,7.633433283358321,920,20,50,49
msg_755,node49,node20,320,21354,21362.0,8.0,,,,7.494432071269488,,49,,7.933333333333334,0,7.494432071269488,335,35,50,49
msg_756,node49,node21,320,21354,21361.0,7.0,,,,7.498876404494382,,49,,6.866666666666666,0,7.498876404494382,339,39,50,49
msg_757,node49,node22,320,21354,,,,,,7.633433283358321,,49,,,0,7.633433283358321,920,20,50,49
msg_758,node49,node23,320,21354,,,,,,7.633433283358321,,49,,,0,7.633433283358321,920,20,50,49
msg_759,node49,node24,320,21354,21362.0,8.0,,,,7.496674057649668,,49,,7.933333333333334,0,7.496674057649668,333,33,50,49
msg_760,node49,node25,320,21354,21362.0,8.0,,,,7.498896247240618,,49,,7.933333333333334,0,7.498896247240618,331,31,50,49
msg_761,node49,node26,320,21354,,,,,,7.633433283358321,,49,,,0,7.633433283358321,920,20,50,49
msg_762,node49,node27,320,21354,21363.0,9.0,,,,7.5,,49,,8.933333333333334,0,7.5,330,30,50,49
msg_763,node49,node28,320,21354,,,,,,7.633433283358321,,49,,,0,7.633433283358321,920,20,50,49
msg_764,node49,node29,320,21354,,,,,,7.633433283358321,,49,,,0,7.633433283358321,920,20,50,49
msg_765,node49,node30,320,21354,,,,,,7.633433283358321,,49,,,0,7.633433283358321,920,20,50,49
msg_766,node49,node31,320,21354,21362.0,8.0,,,,7.495555555555556,,49,,7.933333333333334,0,7.495555555555556,334,34,50,49
msg_767,node49,node32,320,21354,21362.0,8.0,,,,7.497787610619469,,49,,7.933333333333334,0,7.497787610619469,332,32,50,49
msg_768,node49,node33,320,21354,21364.0,10.0,,,,7.503296703296703,,49,,9.866666666666667,0,7.503296703296703,329,29,50,49
msg_769,node49,node34,320,21354,,,,,,7.633433283358321,,49,,,0,7.633433283358321,920,20,50,49
msg_770,node49,node35,320,21354,21364.0,10.0,,,,7.508771929824562,,49,,9.866666666666667,0,7.508771929824562,328,28,50,49
msg_771,node49,node36,320,21354,21364.0,10.0,,,,7.514223194748359,,49,,9.866666666666667,0,7.514223194748359,327,27,50,49
msg_772,node49,node37,320,21354,21364.0,10.0,,,,7.5196506550218345,,49,,9.866666666666667,0,7.5196506550218345,326,26,50,49
msg_773,node49,node38,320,21354,,,,,,7.633433283358321,,49,,,0,7.633433283358321,920,20,50,49
msg_774,node49,node39,320,21354,,,,,,7.633433283358321,,49,,,0,7.633433283358321,920,20,50,49
msg_775,node49,node40,320,21354,21365.0,11.0,,,,7.525054466230936,,49,,10.933333333333334,0,7.525054466230936,325,25,50,49
msg_776,node49,node41,320,21354,21365.0,11.0,,,,7.532608695652174,,49,,10.933333333333334,0,7.532608695652174,324,24,50,49
msg_777,node49,node42,320,21354,,,,,,7.633433283358321,,49,,,0,7.633433283358321,920,20,50,49
msg_778,node49,node43,320,21354,,,,,,7.633433283358321,,49,,,0,7.633433283358321,920,20,50,49
msg_779,node49,node44,320,21354,21365.0,11.0,,,,7.540130151843818,,49,,10.933333333333334,0,7.540130151843818,323,23,50,49
msg_780,node49,node45,320,21354,21366.0,12.0,,,,7.5476190476190474,,49,,11.933333333333334,0,7.5476190476190474,322,22,50,49
msg_781,node49,node46,320,21354,21366.0,12.0,,,,7.557235421166307,,49,,11.933333333333334,0,7.557235421166307,321,21,50,49
msg_782,node49,node47,320,21354,,,,,,7.633433283358321,,49,,,0,7.633433283358321,920,20,50,49
msg_783,node49,node48,320,21354,,,,,,7.633433283358321,,49,,,0,7.633433283358321,920,20,50,49
msg_784,node49,node0,319,24339,24343.0,4.0,,,,7.566810344827586,,49,,3.875,0,7.566810344827586,369,49,50,49
msg_785,node49,node1,319,24339,24343.0,4.0,,,,7.559139784946237,,49,,3.875,0,7.559139784946237,368,48,50,49
msg_786,node49,node2,319,24339,24343.0,4.0,,,,7.551502145922747,,49,,3.875,0,7.551502145922747,367,47,50,49
msg_787,node49,node3,319,24339,24344.0,5.0,,,,7.536324786324786,,49,,4.9375,0,7.536324786324786,365,45,50,49
msg_788,node49,node4,319,24339,,,,,,7.633433283358321,,49,,,0,7.633433283358321,920,20,50,49
msg_789,node49,node5,319,24339,,,,,,7.633433283358321,,49,,,0,7.633433283358321,920,20,50,49
msg_790,node49,node6,319,24339,24344.0,5.0,,,,7.53091684434968,,49,,4.9375,0,7.53091684434968,364,44,50,49
msg_791,node49,node7,319,24339,24344.0,5.0,,,,7.525531914893617,,49,,4.9375,0,7.525531914893617,363,43,50,49
msg_792,node49,node8,319,24339,24345.0,6.0,,,,7.514830508474576,,49,,5.9375,0,7.514830508474576,361,41,50,49
msg_793,node49,node9,319,24339,24345.0,6.0,,,,7.511627906976744,,49,,5.9375,0,7.511627906976744,360,40,50,49
msg_794,node49,node10,320,24339,24343.0,4.0,,,,7.54389721627409,,49,,3.875,0,7.54389721627409,366,46,50,49
msg_795,node49,node11,320,24339,,,,,,7.633433283358321,,49,,,0,7.633433283358321,920,20,50,49
msg_796,node49,node12,320,24339,,,,,,7.633433283358321,,49,,,0,7.633433283358321,920,20,50,49
msg_797,node49,node13,320,24339,24346.0,7.0,,,,7.5073684210526315,,49,,6.875,0,7.5073684210526315,358,38,50,49
msg_798,node49,node14,320,24339,24344.0,5.0,,,,7.520169851380042,,49,,4.9375,0,7.520169851380042,362,42,50,49
msg_799,node49,node15,320,24339,24346.0,7.0,,,,7.506302521008403,,49,,6.875,0,7.506302521008403,357,37,50,49
msg_800,node49,node16,320,24339,,,,,,7.633433283358321,,49,,,0,7.633433283358321,920,20,50,49
msg_801,node49,node17,320,24339,24346.0,7.0,,,,7.50524109014675,,49,,6.875,0,7.50524109014675,356,36,50,49
msg_802,node49,node18,320,24339,,,,,,7.633433283358321,,49,,,0,7.633433283358321,920,20,50,49
msg_803,node49,node19,320,24339,,,,,,7.633433283358321,,49,,,0,7.633433283358321,920,20,50,49
msg_804,node49,node20,320,24339,24347.0,8.0,,,,7.50418410041841,,49,,7.9375,0,7.50418410041841,355,35,50,49
msg_805,node49,node21,320,24339,24346.0,7.0,,,,7.508438818565401,,49,,6.875,0,7.508438818565401,359,39,50,49
msg_806,node49,node22,320,24339,,,,,,7.633433283358321,,49,,,0,7.633433283358321,920,20,50,49
msg_807,node49,node23,320,24339,,,,,,7.633433283358321,,49,,,0,7.633433283358321,920,20,50,49
msg_808,node49,node24,320,24339,24347.0,8.0,,,,7.50625,,49,,7.9375,0,7.50625,353,33,50,49
msg_809,node49,node25,320,24339,24347.0,8.0,,,,7.508298755186722,,49,,7.9375,0,7.508298755186722,351,31,50,49
msg_810,node49,node26,320,24339,,,,,,7.633433283358321,,49,,,0,7.633433283358321,920,20,50,49
msg_811,node49,node27,320,24339,24348.0,9.0,,,,7.509316770186335,,49,,8.9375,0,7.509316770186335,350,30,50,49
msg_812,node49,node28,320,24339,,,,,,7.633433283358321,,49,,,0,7.633433283358321,920,20,50,49
msg_813,node49,node29,320,24339,,,,,,7.633433283358321,,49,,,0,7.633433283358321,920,20,50,49
msg_814,node49,node30,320,24339,,,,,,7.633433283358321,,49,,,0,7.633433283358321,920,20,50,49
msg_815,node49,node31,320,24339,24347.0,8.0,,,,7.505219206680585,,49,,7.9375,0,7.505219206680585,354,34,50,49
msg_816,node49,node32,320,24339,24347.0,8.0,,,,7.507276507276507,,49,,7.9375,0,7.507276507276507,352,32,50,49
msg_817,node49,node33,320,24339,24349.0,10.0,,,,7.512396694214876,,49,,9.875,0,7.512396694214876,349,29,50,49
msg_818,node49,node34,320,24339,,,,,,7.633433283358321,,49,,,0,7.633433283358321,920,20,50,49
msg_819,node49,node35,320,24339,24349.0,10.0,,,,7.517525773195876,,49,,9.875,0,7.517525773195876,348,28,50,49
msg_820,node49,node36,320,24339,24349.0,10.0,,,,7.522633744855967,,49,,9.875,0,7.522633744855967,347,27,50,49
msg_821,node49,node37,320,24339,24349.0,10.0,,,,7.5277207392197125,,49,,9.875,0,7.5277207392197125,346,26,50,49
msg_822,node49,node38,320,24339,,,,,,7.633433283358321,,49,,,0,7.633433283358321,920,20,50,49
msg_823,node49,node39,320,24339,,,,,,7.633433283358321,,49,,,0,7.633433283358321,920,20,50,49
msg_824,node49,node40,320,24339,24350.0,11.0,,,,7.532786885245901,,49,,10.9375,0,7.532786885245901,345,25,50,49
msg_825,node49,node41,320,24339,24350.0,11.0,,,,7.539877300613497,,49,,10.9375,0,7.539877300613497,344,24,50,49
msg_826,node49,node42,320,24339,,,,,,7.633433283358321,,49,,,0,7.633433283358321,920,20,50,49
msg_827,node49,node43,320,24339,,,,,,7.633433283358321,,49,,,0,7.633433283358321,920,20,50,49
msg_828,node49,node44,320,24339,24350.0,11.0,,,,7.546938775510204,,49,,10.9375,0,7.546938775510204,343,23,50,49
msg_829,node49,node45,320,24339,24351.0,12.0,,,,7.553971486761711,,49,,11.9375,0,7.553971486761711,342,22,50,49
msg_830,node49,node46,320,24339,24351.0,12.0,,,,7.563008130081301,,49,,11.9375,0,7.563008130081301,341,21,50,49
msg_831,node49,node47,320,24339,,,,,,7.633433283358321,,49,,,0,7.633433283358321,920,20,50,49
msg_832,node49,node48,320,24339,,,,,,7.633433283358321,,49,,,0,7.633433283358321,920,20,50,49
msg_833,node49,node0,319,25125,25129.0,4.0,,,,7.572008113590264,,49,,3.8823529411764706,0,7.572008113590264,389,49,50,49
msg_834,node49,node1,319,25125,25129.0,4.0,,,,7.564777327935222,,49,,3.8823529411764706,0,7.564777327935222,388,48,50,49
msg_835,node49,node2,319,25125,25129.0,4.0,,,,7.557575757575758,,49,,3.8823529411764706,0,7.557575757575758,387,47,50,49
msg_836,node49,node3,319,25125,25130.0,5.0,,,,7.543259557344064,,49,,4.9411764705882355,0,7.543259557344064,385,45,50,49
msg_837,node49,node4,319,25125,,,,,,7.633433283358321,,49,,,0,7.633433283358321,920,20,50,49
msg_838,node49,node5,319,25125,,,,,,7.633433283358321,,49,,,0,7.633433283358321,920,20,50,49
msg_839,node49,node6,319,25125,25130.0,5.0,,,,7.538152610441767,,49,,4.9411764705882355,0,7.538152610441767,384,44,50,49
msg_840,node49,node7,319,25125,25130.0,5.0,,,,7.533066132264529,,49,,4.9411764705882355,0,7.533066132264529,383,43,50,49
msg_841,node49,node8,319,25125,25131.0,6.0,,,,7.522954091816367,,49,,5.9411764705882355,0,7.522954091816367,381,41,50,49
msg_842,node49,node9,319,25125,25131.0,6.0,,,,7.5199203187251,,49,,5.9411764705882355,0,7.5199203187251,380,40,50,49
msg_843,node49,node10,320,25125,25129.0,4.0,,,,7.550403225806452,,49,,3.8823529411764706,0,7.550403225806452,386,46,50,49
msg_844,node49,node11,320,25125,,,,,,7.633433283358321,,49,,,0,7.633433283358321,920,20,50,49
msg_845,node49,node12,320,25125,,,,,,7.633433283358321,,49,,,0,7.633433283358321,920,20,50,49
msg_846,node49,node13,320,25125,25132.0,7.0,,,,7.515873015873016,,49,,6.882352941176471,0,7.515873015873016,378,38,50,49
msg_847,node49,node14,320,25125,25130.0,5.0,,,,7.528,,49,,4.9411764705882355,0,7.528,382,42,50,49
msg_848,node49,node15,320,25125,25132.0,7.0,,,,7.514851485148514,,49,,6.882352941176471,0,7.514851485148514,377,37,50,49
msg_849,node49,node16,320,25125,,,,,,7.633433283358321,,49,,,0,7.633433283358321,920,20,50,49
msg_850,node49,node17,320,25125,25132.0,7.0,,,,7.513833992094861,,49,,6.882352941176471,0,7.513833992094861,376,36,50,49
msg_851,node49,node18,320,25125,,,,,,7.633433283358321,,49,,,0,7.633433283358321,920,20,50,49
msg_852,node49,node19,320,25125,,,,,,7.633433283358321,,49,,,0,7.633433283358321,920,20,50,49
msg_853,node49,node20,320,25125,25133.0,8.0,,,,7.512820512820513,,49,,7.9411764705882355,0,7.512820512820513,375,35,50,49
msg_854,node49,node21,320,25125,25132.0,7.0,,,,7.5168986083499005,,49,,6.882352941176471,0,7.5168986083499005,379,39,50,49
msg_855,node49,node22,320,25125,,,,,,7.633433283358321,,49,,,0,7.633433283358321,920,20,50,49
msg_856,node49,node23,320,25125,,,,,,7.633433283358321,,49,,,0,7.633433283358321,920,20,50,49
msg_857,node49,node24,320,25125,25133.0,8.0,,,,7.514734774066798,,49,,7.9411764705882355,0,7.514734774066798,373,33,50,49
msg_858,node49,node25,320,25125,25133.0,8.0,,,,7.516634050880627,,49,,7.9411764705882355,0,7.516634050880627,371,31,50,49
msg_859,node49,node26,320,25125,,,,,,7.633433283358321,,49,,,0,7.633433283358321,920,20,50,49
msg_860,node49,node27,320,25125,25134.0,9.0,,,,7.517578125,,49,,8.941176470588236,0,7.517578125,370,30,50,49
msg_861,node49,node28,320,25125,,,,,,7.633433283358321,,49,,,0,7.633433283358321,920,20,50,49
msg_862,node49,node29,320,25125,,,,,,7.633433283358321,,49,,,0,7.633433283358321,920,20,50,49
msg_863,node49,node30,320,25125,,,,,,7.633433283358321,,49,,,0,7.633433283358321,920,20,50,49
msg_864,node49,node31,320,25125,25133.0,8.0,,,,7.5137795275590555,,49,,7.9411764705882355,0,7.5137795275590555,374,34,50,49
msg_865,node49,node32,320,25125,25133.0,8.0,,,,7.515686274509804,,49,,7.9411764705882355,0,7.515686274509804,372,32,50,49
msg_866,node49,node33,320,25125,25135.0,10.0,,,,7.52046783625731,,49,,9.882352941176471,0,7.52046783625731,369,29,50,49
msg_867,node49,node34,320,25125,,,,,,7.633433283358321,,49,,,0,7.633433283358321,920,20,50,49
msg_868,node49,node35,320,25125,25135.0,10.0,,,,7.525291828793774,,49,,9.882352941176471,0,7.525291828793774,368,28,50,49
msg_869,node49,node36,320,25125,25135.0,10.0,,,,7.530097087378641,,49,,9.882352941176471,0,7.530097087378641,367,27,50,49
msg_870,node49,node37,320,25125,25135.0,10.0,,,,7.534883720930233,,49,,9.882352941176471,0,7.534883720930233,366,26,50,49
msg_871,node49,node38,320,25125,,,,,,7.633433283358321,,49,,,0,7.633433283358321,920,20,50,49
msg_872,node49,node39,320,25125,,,,,,7.633433283358321,,49,,,0,7.633433283358321,920,20,50,49
msg_873,node49,node40,320,25125,25136.0,11.0,,,,7.539651837524178,,49,,10.941176470588236,0,7.539651837524178,365,25,50,49
msg_874,node49,node41,320,25125,25136.0,11.0,,,,7.546332046332046,,49,,10.941176470588236,0,7.546332046332046,364,24,50,49
msg_875,node49,node42,320,25125,,,,,,7.633433283358321,,49,,,0,7.633433283358321,920,20,50,49
msg_876,node49,node43,320,25125,,,,,,7.633433283358321,,49,,,0,7.633433283358321,920,20,50,49
msg_877,node49,node44,320,25125,25136.0,11.0,,,,7.552986512524085,,49,,10.941176470588236,0,7.552986512524085,363,23,50,49
msg_878,node49,node45,320,25125,25137.0,12.0,,,,7.559615384615385,,49,,11.941176470588236,0,7.559615384615385,362,22,50,49
msg_879,node49,node46,320,25125,25137.0,12.0,,,,7.568138195777351,,49,,11.941176470588236,0,7.568138195777351,361,21,50,49
msg_880,node49,node47,320,25125,,,,,,7.633433283358321,,49,,,0,7.633433283358321,920,20,50,49
msg_881,node49,node48,320,25125,,,,,,7.633433283358321,,49,,,0,7.633433283358321,920,20,50,49
msg_882,node49,node0,319,25712,25716.0,4.0,,,,7.576628352490421,,49,,3.888888888888889,0,7.576628352490421,409,49,50,49
msg_883,node49,node1,319,25712,25716.0,4.0,,,,7.569789674952199,,49,,3.888888888888889,0,7.569789674952199,408,48,50,49
msg_884,node49,node2,319,25712,25716.0,4.0,,,,7.562977099236641,,49,,3.888888888888889,0,7.562977099236641,407,47,50,49
msg_885,node49,node3,319,25712,25717.0,5.0,,,,7.5494296577946765,,49,,4.944444444444445,0,7.5494296577946765,405,45,50,49
msg_886,node49,node4,319,25712,,,,,,7.633433283358321,,49,,,0,7.633433283358321,920,20,50,49
msg_887,node49,node5,319,25712,,,,,,7.633433283358321,,49,,,0,7.633433283358321,920,20,50,49
msg_888,node49,node6,319,25712,25717.0,5.0,,,,7.544592030360532,,49,,4.944444444444445,0,7.544592030360532,404,44,50,49
msg_889,node49,node7,319,25712,25717.0,5.0,,,,7.5397727272727275,,49,,4.944444444444445,0,7.5397727272727275,403,43,50,49
msg_890,node49,node8,319,25712,25718.0,6.0,,,,7.530188679245283,,49,,5.944444444444445,0,7.530188679245283,401,41,50,49
msg_891,node49,node9,319,25712,25718.0,6.0,,,,7.527306967984934,,49,,5.944444444444445,0,7.527306967984934,400,40,50,49
msg_892,node49,node10,320,25712,25716.0,4.0,,,,7.556190476190476,,49,,3.888888888888889,0,7.556190476190476,406,46,50,49
msg_893,node49,node11,320,25712,,,,,,7.633433283358321,,49,,,0,7.633433283358321,920,20,50,49
msg_894,node49,node12,320,25712,,,,,,7.633433283358321,,49,,,0,7.633433283358321,920,20,50,49
msg_895,node49,node13,320,25712,25719.0,7.0,,,,7.523452157598499,,49,,6.888888888888889,0,7.523452157598499,398,38,50,49
msg_896,node49,node14,320,25712,25717.0,5.0,,,,7.534971644612476,,49,,4.944444444444445,0,7.534971644612476,402,42,50,49
msg_897,node49,node15,320,25712,25719.0,7.0,,,,7.522471910112359,,49,,6.888888888888889,0,7.522471910112359,397,37,50,49
msg_898,node49,node16,320,25712,,,,,,7.633433283358321,,49,,,0,7.633433283358321,920,20,50,49
msg_899,node49,node17,320,25712,25719.0,7.0,,,,7.521495327102803,,49,,6.888888888888889,0,7.521495327102803,396,36,50,49
msg_900,node49,node18,320,25712,,,,,,7.633433283358321,,49,,,0,7.633433283358321,920,20,50,49
msg_901,node49,node19,320,25712,,,,,,7.633433283358321,,49,,,0,7.633433283358321,920,20,50,49
msg_902,node49,node20,320,25712,25720.0,8.0,,,,7.520522388059701,,49,,7.944444444444445,0,7.520522388059701,395,35,50,49
msg_903,node49,node21,320,25712,25719.0,7.0,,,,7.524436090225564,,49,,6.888888888888889,0,7.524436090225564,399,39,50,49
msg_904,node49,node22,320,25712,,,,,,7.633433283358321,,49,,,0,7.633433283358321,920,20,50,49
msg_905,node49,node23,320,25712,,,,,,7.633433283358321,,49,,,0,7.633433283358321,920,20,50,49
msg_906,node49,node24,320,25712,25720.0,8.0,,,,7.522304832713755,,49,,7.944444444444445,0,7.522304832713755,393,33,50,49
msg_907,node49,node25,320,25712,25720.0,8.0,,,,7.524074074074074,,49,,7.944444444444445,0,7.524074074074074,391,31,50,49
msg_908,node49,node26,320,25712,,,,,,7.633433283358321,,49,,,0,7.633433283358321,920,20,50,49
msg_909,node49,node27,320,25712,25721.0,9.0,,,,7.524953789279113,,49,,8.944444444444445,0,7.524953789279113,390,30,50,49
msg_910,node49,node28,320,25712,,,,,,7.633433283358321,,49,,,0,7.633433283358321,920,20,50,49
msg_911,node49,node29,320,25712,,,,,,7.633433283358321,,49,,,0,7.633433283358321,920,20,50,49
msg_912,node49,node30,320,25712,,,,,,7.633433283358321,,49,,,0,7.633433283358321,920,20,50,49
msg_913,node49,node31,320,25712,25720.0,8.0,,,,7.521415270018622,,49,,7.944444444444445,0,7.521415270018622,394,34,50,49
msg_914,node49,node32,320,25712,25720.0,8.0,,,,7.523191094619666,,49,,7.944444444444445,0,7.523191094619666,392,32,50,49
msg_915,node49,node33,320,25712,25722.0,10.0,,,,7.527675276752768,,49,,9.88888888888889,0,7.527675276752768,389,29,50,49
msg_916,node49,node34,320,25712,,,,,,7.633433283358321,,49,,,0,7.633433283358321,920,20,50,49
msg_917,node49,node35,320,25712,25722.0,10.0,,,,7.532228360957642,,49,,9.88888888888889,0,7.532228360957642,388,28,50,49
msg_918,node49,node36,320,25712,25722.0,10.0,,,,7.536764705882353,,49,,9.88888888888889,0,7.536764705882353,387,27,50,49
msg_919,node49,node37,320,25712,25722.0,10.0,,,,7.541284403669724,,49,,9.88888888888889,0,7.541284403669724,386,26,50,49
msg_920,node49,node38,320,25712,,,,,,7.633433283358321,,49,,,0,7.633433283358321,920,20,50,49
msg_921,node49,node39,320,25712,,,,,,7.633433283358321,,49,,,0,7.633433283358321,920,20,50,49
msg_922,node49,node40,320,25712,25723.0,11.0,,,,7.545787545787546,,49,,10.944444444444445,0,7.545787545787546,385,25,50,49
msg_923,node49,node41,320,25712,25723.0,11.0,,,,7.552102376599635,,49,,10.944444444444445,0,7.552102376599635,384,24,50,49
msg_924,node49,node42,320,25712,,,,,,7.633433283358321,,49,,,0,7.633433283358321,920,20,50,49
msg_925,node49,node43,320,25712,,,,,,7.633433283358321,,49,,,0,7.633433283358321,920,20,50,49
msg_926,node49,node44,320,25712,25723.0,11.0,,,,7.5583941605839415,,49,,10.944444444444445,0,7.5583941605839415,383,23,50,49
msg_927,node49,node45,320,25712,25724.0,12.0,,,,7.564663023679417,,49,,11.944444444444445,0,7.564663023679417,382,22,50,49
msg_928,node49,node46,320,25712,25724.0,12.0,,,,7.572727272727272,,49,,11.944444444444445,0,7.572727272727272,381,21,50,49
msg_929,node49,node47,320,25712,,,,,,7.633433283358321,,49,,,0,7.633433283358321,920,20,50,49
msg_930,node49,node48,320,25712,,,,,,7.633433283358321,,49,,,0,7.633433283358321,920,20,50,49
msg_931,node49,node0,319,26024,26028.0,4.0,,,,7.580762250453721,,49,,3.8947368421052633,0,7.580762250453721,429,49,50,49
msg_932,node49,node1,319,26024,26028.0,4.0,,,,7.574275362318841,,49,,3.8947368421052633,0,7.574275362318841,428,48,50,49
msg_933,node49,node2,319,26024,26028.0,4.0,,,,7.567811934900543,,49,,3.8947368421052633,0,7.567811934900543,427,47,50,49
msg_934,node49,node3,319,26024,26029.0,5.0,,,,7.554954954954955,,49,,4.947368421052632,0,7.554954954954955,425,45,50,49
msg_935,node49,node4,319,26024,,,,,,7.633433283358321,,49,,,0,7.633433283358321,920,20,50,49
msg_936,node49,node5,319,26024,,,,,,7.633433283358321,,49,,,0,7.633433283358321,920,20,50,49
msg_937,node49,node6,319,26024,26029.0,5.0,,,,7.5503597122302155,,49,,4.947368421052632,0,7.5503597122302155,424,44,50,49
msg_938,node49,node7,319,26024,26029.0,5.0,,,,7.545780969479353,,49,,4.947368421052632,0,7.545780969479353,423,43,50,49
msg_939,node49,node8,319,26024,26030.0,6.0,,,,7.536672629695886,,49,,5.947368421052632,0,7.536672629695886,421,41,50,49
msg_940,node49,node9,319,26024,26030.0,6.0,,,,7.5339285714285715,,49,,5.947368421052632,0,7.5339285714285715,420,40,50,49
msg_941,node49,node10,320,26024,26028.0,4.0,,,,7.561371841155235,,49,,3.8947368421052633,0,7.561371841155235,426,46,50,49
msg_942,node49,node11,320,26024,,,,,,7.633433283358321,,49,,,0,7.633433283358321,920,20,50,49
msg_943,node49,node12,320,26024,,,,,,7.633433283358321,,49,,,0,7.633433283358321,920,20,50,49
msg_944,node49,node13,320,26024,26031.0,7.0,,,,7.530249110320285,,49,,6.894736842105263,0,7.530249110320285,418,38,50,49
msg_945,node49,node14,320,26024,26029.0,5.0,,,,7.541218637992832,,49,,4.947368421052632,0,7.541218637992832,422,42,50,49
msg_946,node49,node15,320,26024,26031.0,7.0,,,,7.529307282415631,,49,,6.894736842105263,0,7.529307282415631,417,37,50,49
msg_947,node49,node16,320,26024,,,,,,7.633433283358321,,49,,,0,7.633433283358321,920,20,50,49
msg_948,node49,node17,320,26024,26031.0,7.0,,,,7.528368794326241,,49,,6.894736842105263,0,7.528368794326241,416,36,50,49
msg_949,node49,node18,320,26024,,,,,,7.633433283358321,,49,,,0,7.633433283358321,920,20,50,49
msg_950,node49,node19,320,26024,,,,,,7.633433283358321,,49,,,0,7.633433283358321,920,20,50,49
msg_951,node49,node20,320,26024,26032.0,8.0,,,,7.527433628318584,,49,,7.947368421052632,0,7.527433628318584,415,35,50,49
msg_952,node49,node21,320,26024,26031.0,7.0,,,,7.531194295900178,,49,,6.894736842105263,0,7.531194295900178,419,39,50,49
msg_953,node49,node22,320,26024,,,,,,7.633433283358321,,49,,,0,7.633433283358321,920,20,50,49
msg_954,node49,node23,320,26024,,,,,,7.633433283358321,,49,,,0,7.633433283358321,920,20,50,49
msg_955,node49,node24,320,26024,26032.0,8.0,,,,7.529100529100529,,49,,7.947368421052632,0,7.529100529100529,413,33,50,49
msg_956,node49,node25,320,26024,26032.0,8.0,,,,7.530755711775044,,49,,7.947368421052632,0,7.530755711775044,411,31,50,49
msg_957,node49,node26,320,26024,,,,,,7.633433283358321,,49,,,0,7.633433283358321,920,20,50,49
msg_958,node49,node27,320,26024,26033.0,9.0,,,,7.531578947368421,,49,,8.947368421052632,0,7.531578947368421,410,30,50,49
msg_959,node49,node28,320,26024,,,,,,7.633433283358321,,49,,,0,7.633433283358321,920,20,50,49
msg_960,node49,node29,320,26024,,,,,,7.633433283358321,,49,,,0,7.633433283358321,920,20,50,49
msg_961,node49,node30,320,26024,,,,,,7.633433283358321,,49,,,0,7.633433283358321,920,20,50,49
msg_962,node49,node31,320,26024,26032.0,8.0,,,,7.528268551236749,,49,,7.947368421052632,0,7.528268551236749,414,34,50,49
msg_963,node49,node32,320,26024,26032.0,8.0,,,,7.529929577464789,,49,,7.947368421052632,0,7.529929577464789,412,32,50,49
msg_964,node49,node33,320,26024,26034.0,10.0,,,,7.53415061295972,,49,,9.894736842105264,0,7.53415061295972,409,29,50,49
msg_965,node49,node34,320,26024,,,,,,7.633433283358321,,49,,,0,7.633433283358321,920,20,50,49
msg_966,node49,node35,320,26024,26034.0,10.0,,,,7.538461538461538,,49,,9.894736842105264,0,7.538461538461538,408,28,50,49
msg_967,node49,node36,320,26024,26034.0,10.0,,,,7.542757417102967,,49,,9.894736842105264,0,7.542757417102967,407,27,50,49
msg_968,node49,node37,320,26024,26034.0,10.0,,,,7.547038327526132,,49,,9.894736842105264,0,7.547038327526132,406,26,50,49
msg_969,node49,node38,320,26024,,,,,,7.633433283358321,,49,,,0,7.633433283358321,920,20,50,49
msg_970,node49,node39,320,26024,,,,,,7.633433283358321,,49,,,0,7.633433283358321,920,20,50,49
msg_971,node49,node40,320,26024,26035.0,11.0,,,,7.551304347826087,,49,,10.947368421052632,0,7.551304347826087,405,25,50,49
msg_972,node49,node41,320,26024,26035.0,11.0,,,,7.557291666666667,,49,,10.947368421052632,0,7.557291666666667,404,24,50,49
msg_973,node49,node42,320,26024,,,,,,7.633433283358321,,49,,,0,7.633433283358321,920,20,50,49
msg_974,node49,node43,320,26024,,,,,,7.633433283358321,,49,,,0,7.633433283358321,920,20,50,49
msg_975,node49,node44,320,26024,26035.0,11.0,,,,7.563258232235702,,49,,10.947368421052632,0,7.563258232235702,403,23,50,49
msg_976,node49,node45,320,26024,26036.0,12.0,,,,7.569204152249135,,49,,11.947368421052632,0,7.569204152249135,402,22,50,49
msg_977,node49,node46,320,26024,26036.0,12.0,,,,7.576856649395509,,49,,11.947368421052632,0,7.576856649395509,401,21,50,49
msg_978,node49,node47,320,26024,,,,,,7.633433283358321,,49,,,0,7.633433283358321,920,20,50,49
msg_979,node49,node48,320,26024,,,,,,7.633433283358321,,49,,,0,7.633433283358321,920,20,50,49
msg_980,node49,node0,319,26061,26065.0,4.0,,,,7.584482758620689,,49,,3.9,0,7.584482758620689,449,49,50,49
msg_981,node49,node1,319,26061,26065.0,4.0,,,,7.578313253012048,,49,,3.9,0,7.578313253012048,448,48,50,49
msg_982,node49,node2,319,26061,26065.0,4.0,,,,7.572164948453608,,49,,3.9,0,7.572164948453608,447,47,50,49
msg_983,node49,node3,319,26061,26066.0,5.0,,,,7.559931506849315,,49,,4.95,0,7.559931506849315,445,45,50,49
msg_984,node49,node4,319,26061,,,,,,7.633433283358321,,49,,,0,7.633433283358321,920,20,50,49
msg_985,node49,node5,319,26061,,,,,,7.633433283358321,,49,,,0,7.633433283358321,920,20,50,49
msg_986,node49,node6,319,26061,26066.0,5.0,,,,7.555555555555555,,49,,4.95,0,7.555555555555555,444,44,50,49
msg_987,node49,node7,319,26061,26066.0,5.0,,,,7.551194539249146,,49,,4.95,0,7.551194539249146,443,43,50,49
msg_988,node49,node8,319,26061,26067.0,6.0,,,,7.542517006802721,,49,,5.95,0,7.542517006802721,441,41,50,49
msg_989,node49,node9,319,26061,26067.0,6.0,,,,7.539898132427844,,49,,5.95,0,7.539898132427844,440,40,50,49
msg_990,node49,node10,320,26061,26065.0,4.0,,,,7.566037735849057,,49,,3.9,0,7.566037735849057,446,46,50,49
msg_991,node49,node11,320,26061,,,,,,7.633433283358321,,49,,,0,7.633433283358321,920,20,50,49
msg_992,node49,node12,320,26061,,,,,,7.633433283358321,,49,,,0,7.633433283358321,920,20,50,49
msg_993,node49,node13,320,26061,26068.0,7.0,,,,7.53728813559322,,49,,6.9,0,7.53728813559322,439,39,50,49
msg_994,node49,node14,320,26061,26066.0,5.0,,,,7.546848381601363,,49,,4.95,0,7.546848381601363,442,42,50,49
msg_995,node49,node15,320,26061,26068.0,7.0,,,,7.535472972972973,,49,,6.9,0,7.535472972972973,437,37,50,49
msg_996,node49,node16,320,26061,,,,,,7.633433283358321,,49,,,0,7.633433283358321,920,20,50,49
msg_997,node49,node17,320,26061,26068.0,7.0,,,,7.534569983136594,,49,,6.9,0,7.534569983136594,436,36,50,49
msg_998,node49,node18,320,26061,,,,,,7.633433283358321,,49,,,0,7.633433283358321,920,20,50,49
msg_999,node49,node19,320,26061,,,,,,7.633433283358321,,49,,,0,7.633433283358321,920,20,50,49
msg_1000,node49,node20,321,26061,26069.0,8.0,,,,7.533670033670034,,49,,7.95,0,7.533670033670034,435,35,50,49
msg_1001,node49,node21,321,26061,26068.0,7.0,,,,7.5363790186125215,,49,,6.9,0,7.5363790186125215,438,38,50,49
msg_1002,node49,node22,321,26061,,,,,,7.633433283358321,,49,,,0,7.633433283358321,920,20,50,49
msg_1003,node49,node23,321,26061,,,,,,7.633433283358321,,49,,,0,7.633433283358321,920,20,50,49
msg_1004,node49,node24,321,26061,26069.0,8.0,,,,7.535234899328859,,49,,7.95,0,7.535234899328859,433,33,50,49
msg_1005,node49,node25,321,26061,26069.0,8.0,,,,7.536789297658863,,49,,7.95,0,7.536789297658863,431,31,50,49
msg_1006,node49,node26,321,26061,,,,,,7.633433283358321,,49,,,0,7.633433283358321,920,20,50,49
msg_1007,node49,node27,321,26061,26070.0,9.0,,,,7.537562604340567,,49,,8.95,0,7.537562604340567,430,30,50,49
msg_1008,node49,node28,321,26061,,,,,,7.633433283358321,,49,,,0,7.633433283358321,920,20,50,49
msg_1009,node49,node29,321,26061,,,,,,7.633433283358321,,49,,,0,7.633433283358321,920,20,50,49
msg_1010,node49,node30,321,26061,,,,,,7.633433283358321,,49,,,0,7.633433283358321,920,20,50,49
msg_1011,node49,node31,321,26061,26069.0,8.0,,,,7.534453781512605,,49,,7.95,0,7.534453781512605,434,34,50,49
msg_1012,node49,node32,321,26061,26069.0,8.0,,,,7.536013400335008,,49,,7.95,0,7.536013400335008,432,32,50,49
msg_1013,node49,node33,321,26061,26071.0,10.0,,,,7.54,,49,,9.9,0,7.54,429,29,50,49
msg_1014,node49,node34,321,26061,,,,,,7.633433283358321,,49,,,0,7.633433283358321,920,20,50,49
msg_1015,node49,node35,321,26061,26071.0,10.0,,,,7.544093178036606,,49,,9.9,0,7.544093178036606,428,28,50,49
msg_1016,node49,node36,321,26061,26071.0,10.0,,,,7.548172757475083,,49,,9.9,0,7.548172757475083,427,27,50,49
msg_1017,node49,node37,321,26061,26071.0,10.0,,,,7.552238805970149,,49,,9.9,0,7.552238805970149,426,26,50,49
msg_1018,node49,node38,321,26061,,,,,,7.633433283358321,,49,,,0,7.633433283358321,920,20,50,49
msg_1019,node49,node39,321,26061,,,,,,7.633433283358321,,49,,,0,7.633433283358321,920,20,50,49
msg_1020,node49,node40,321,26061,26072.0,11.0,,,,7.556291390728477,,49,,10.95,0,7.556291390728477,425,25,50,49
msg_1021,node49,node41,321,26061,26072.0,11.0,,,,7.56198347107438,,49,,10.95,0,7.56198347107438,424,24,50,49
msg_1022,node49,node42,321,26061,,,,,,7.633433283358321,,49,,,0,7.633433283358321,920,20,50,49
msg_1023,node49,node43,321,26061,,,,,,7.633433283358321,,49,,,0,7.633433283358321,920,20,50,49
msg_1024,node49,node44,321,26061,26072.0,11.0,,,,7.567656765676568,,49,,10.95,0,7.567656765676568,423,23,50,49
msg_1025,node49,node45,321,26061,26073.0,12.0,,,,7.57331136738056,,49,,11.95,0,7.57331136738056,422,22,50,49
msg_1026,node49,node46,321,26061,26073.0,12.0,,,,7.5805921052631575,,49,,11.95,0,7.5805921052631575,421,21,50,49
msg_1027,node49,node47,321,26061,,,,,,7.633433283358321,,49,,,0,7.633433283358321,920,20,50,49
msg_1028,node49,node48,321,26061,,,,,,7.633433283358321,,49,,,0,7.633433283358321,920,20,50,49
msg_1029,node49,node0,320,26090,26094.0,4.0,,,,7.587848932676519,,49,,3.9047619047619047,0,7.587848932676519,469,49,50,49
msg_1030,node49,node1,320,26090,26094.0,4.0,,,,7.581967213114754,,49,,3.9047619047619047,0,7.581967213114754,468,48,50,49
msg_1031,node49,node2,320,26090,26094.0,4.0,,,,7.576104746317513,,49,,3.9047619047619047,0,7.576104746317513,467,47,50,49
msg_1032,node49,node3,320,26090,26095.0,5.0,,,,7.564437194127243,,49,,4.9523809523809526,0,7.564437194127243,465,45,50,49
msg_1033,node49,node4,320,26090,,,,,,7.633433283358321,,49,,,0,7.633433283358321,920,20,50,49
msg_1034,node49,node5,320,26090,,,,,,7.633433283358321,,49,,,0,7.633433283358321,920,20,50,49
msg_1035,node49,node6,320,26090,26095.0,5.0,,,,7.5602605863192185,,49,,4.9523809523809526,0,7.5602605863192185,464,44,50,49
msg_1036,node49,node7,320,26090,26095.0,5.0,,,,7.556097560975609,,49,,4.9523809523809526,0,7.556097560975609,463,43,50,49
msg_1037,node49,node8,320,26090,26096.0,6.0,,,,7.547811993517018,,49,,5.9523809523809526,0,7.547811993517018,461,41,50,49
msg_1038,node49,node9,320,26090,26096.0,6.0,,,,7.5453074433656955,,49,,5.9523809523809526,0,7.5453074433656955,460,40,50,49
msg_1039,node49,node10,321,26090,26094.0,4.0,,,,7.5702614379084965,,49,,3.9047619047619047,0,7.5702614379084965,466,46,50,49
msg_1040,node49,node11,321,26090,,,,,,7.633433283358321,,49,,,0,7.633433283358321,920,20,50,49
msg_1041,node49,node12,321,26090,,,,,,7.633433283358321,,49,,,0,7.633433283358321,920,20,50,49
msg_1042,node49,node13,321,26090,26097.0,7.0,,,,7.541935483870968,,49,,6.904761904761905,0,7.541935483870968,458,38,50,49
msg_1043,node49,node14,321,26090,26095.0,5.0,,,,7.5519480519480515,,49,,4.9523809523809526,0,7.5519480519480515,462,42,50,49
msg_1044,node49,node15,321,26090,26097.0,7.0,,,,7.541062801932367,,49,,6.904761904761905,0,7.541062801932367,457,37,50,49
msg_1045,node49,node16,321,26090,,,,,,7.633433283358321,,49,,,0,7.633433283358321,920,20,50,49
msg_1046,node49,node17,321,26090,26097.0,7.0,,,,7.540192926045016,,49,,6.904761904761905,0,7.540192926045016,456,36,50,49
msg_1047,node49,node18,321,26090,,,,,,7.633433283358321,,49,,,0,7.633433283358321,920,20,50,49
msg_1048,node49,node19,321,26090,,,,,,7.633433283358321,,49,,,0,7.633433283358321,920,20,50,49
msg_1049,node49,node20,321,26090,26098.0,8.0,,,,7.53932584269663,,49,,7.9523809523809526,0,7.53932584269663,455,35,50,49
msg_1050,node49,node21,321,26090,26097.0,7.0,,,,7.54281098546042,,49,,6.904761904761905,0,7.54281098546042,459,39,50,49
msg_1051,node49,node22,321,26090,,,,,,7.633433283358321,,49,,,0,7.633433283358321,920,20,50,49
msg_1052,node49,node23,321,26090,,,,,,7.633433283358321,,49,,,0,7.633433283358321,920,20,50,49
msg_1053,node49,node24,321,26090,26098.0,8.0,,,,7.5408,,49,,7.9523809523809526,0,7.5408,453,33,50,49
msg_1054,node49,node25,321,26090,26098.0,8.0,,,,7.542264752791069,,49,,7.9523809523809526,0,7.542264752791069,451,31,50,49
msg_1055,node49,node26,321,26090,,,,,,7.633433283358321,,49,,,0,7.633433283358321,920,20,50,49
msg_1056,node49,node27,321,26090,26099.0,9.0,,,,7.542993630573249,,49,,8.952380952380953,0,7.542993630573249,450,30,50,49
msg_1057,node49,node28,321,26090,,,,,,7.633433283358321,,49,,,0,7.633433283358321,920,20,50,49
msg_1058,node49,node29,321,26090,,,,,,7.633433283358321,,49,,,0,7.633433283358321,920,20,50,49
msg_1059,node49,node30,321,26090,,,,,,7.633433283358321,,49,,,0,7.633433283358321,920,20,50,49
msg_1060,node49,node31,321,26090,26098.0,8.0,,,,7.540064102564102,,49,,7.9523809523809526,0,7.540064102564102,454,34,50,49
msg_1061,node49,node32,321,26090,26098.0,8.0,,,,7.541533546325879,,49,,7.9523809523809526,0,7.541533546325879,452,32,50,49
msg_1062,node49,node33,321,26090,26100.0,10.0,,,,7.545310015898251,,49,,9.904761904761905,0,7.545310015898251,449,29,50,49
msg_1063,node49,node34,321,26090,,,,,,7.633433283358321,,49,,,0,7.633433283358321,920,20,50,49
msg_1064,node49,node35,321,26090,26100.0,10.0,,,,7.549206349206349,,49,,9.904761904761905,0,7.549206349206349,448,28,50,49
msg_1065,node49,node36,321,26090,26100.0,10.0,,,,7.553090332805072,,49,,9.904761904761905,0,7.553090332805072,447,27,50,49
msg_1066,node49,node37,321,26090,26100.0,10.0,,,,7.556962025316456,,49,,9.904761904761905,0,7.556962025316456,446,26,50,49
msg_1067,node49,node38,321,26090,,,,,,7.633433283358321,,49,,,0,7.633433283358321,920,20,50,49
msg_1068,node49,node39,321,26090,,,,,,7.633433283358321,,49,,,0,7.633433283358321,920,20,50,49
msg_1069,node49,node40,321,26090,26101.0,11.0,,,,7.560821484992101,,49,,10.952380952380953,0,7.560821484992101,445,25,50,49
msg_1070,node49,node41,321,26090,26101.0,11.0,,,,7.566246056782334,,49,,10.952380952380953,0,7.566246056782334,444,24,50,49
msg_1071,node49,node42,321,26090,,,,,,7.633433283358321,,49,,,0,7.633433283358321,920,20,50,49
msg_1072,node49,node43,321,26090,,,,,,7.633433283358321,,49,,,0,7.633433283358321,920,20,50,49
msg_1073,node49,node44,321,26090,26101.0,11.0,,,,7.571653543307087,,49,,10.952380952380953,0,7.571653543307087,443,23,50,49
msg_1074,node49,node45,321,26090,26102.0,12.0,,,,7.577044025157233,,49,,11.952380952380953,0,7.577044025157233,442,22,50,49
msg_1075,node49,node46,321,26090,26102.0,12.0,,,,7.583987441130298,,49,,11.952380952380953,0,7.583987441130298,441,21,50,49
msg_1076,node49,node47,321,26090,,,,,,7.633433283358321,,49,,,0,7.633433283358321,920,20,50,49
msg_1077,node49,node48,321,26090,,,,,,7.633433283358321,,49,,,0,7.633433283358321,920,20,50,49
msg_1078,node49,node0,320,26714,26718.0,4.0,,,,7.590909090909091,,49,,3.909090909090909,0,7.590909090909091,489,49,50,49
msg_1079,node49,node1,320,26714,26718.0,4.0,,,,7.58528951486698,,49,,3.909090909090909,0,7.58528951486698,488,48,50,49
msg_1080,node49,node2,320,26714,26718.0,4.0,,,,7.5796875,,49,,3.909090909090909,0,7.5796875,487,47,50,49
msg_1081,node49,node3,320,26714,26719.0,5.0,,,,7.568535825545172,,49,,4.954545454545454,0,7.568535825545172,485,45,50,49
msg_1082,node49,node4,320,26714,,,,,,7.633433283358321,,49,,,0,7.633433283358321,920,20,50,49
msg_1083,node49,node5,320,26714,,,,,,7.633433283358321,,49,,,0,7.633433283358321,920,20,50,49
msg_1084,node49,node6,320,26714,26719.0,5.0,,,,7.564541213063763,,49,,4.954545454545454,0,7.564541213063763,484,44,50,49
msg_1085,node49,node7,320,26714,26719.0,5.0,,,,7.5605590062111805,,49,,4.954545454545454,0,7.5605590062111805,483,43,50,49
msg_1086,node49,node8,320,26714,26720.0,6.0,,,,7.552631578947368,,49,,5.954545454545454,0,7.552631578947368,481,41,50,49
msg_1087,node49,node9,320,26714,26720.0,6.0,,,,7.550231839258115,,49,,5.954545454545454,0,7.550231839258115,480,40,50,49
msg_1088,node49,node10,321,26714,26718.0,4.0,,,,7.574102964118564,,49,,3.909090909090909,0,7.574102964118564,486,46,50,49
msg_1089,node49,node11,321,26714,,,,,,7.633433283358321,,49,,,0,7.633433283358321,920,20,50,49
msg_1090,node49,node12,321,26714,,,,,,7.633433283358321,,49,,,0,7.633433283358321,920,20,50,49
msg_1091,node49,node13,321,26714,26721.0,7.0,,,,7.546995377503852,,49,,6.909090909090909,0,7.546995377503852,478,38,50,49
msg_1092,node49,node14,321,26714,26719.0,5.0,,,,7.556589147286822,,49,,4.954545454545454,0,7.556589147286822,482,42,50,49
msg_1093,node49,node15,321,26714,26721.0,7.0,,,,7.546153846153846,,49,,6.909090909090909,0,7.546153846153846,477,37,50,49
msg_1094,node49,node16,321,26714,,,,,,7.633433283358321,,49,,,0,7.633433283358321,920,20,50,49
msg_1095,node49,node17,321,26714,26721.0,7.0,,,,7.54531490015361,,49,,6.909090909090909,0,7.54531490015361,476,36,50,49
msg_1096,node49,node18,321,26714,,,,,,7.633433283358321,,49,,,0,7.633433283358321,920,20,50,49
msg_1097,node49,node19,321,26714,,,,,,7.633433283358321,,49,,,0,7.633433283358321,920,20,50,49
msg_1098,node49,node20,321,26714,26722.0,8.0,,,,7.544478527607362,,49,,7.954545454545454,0,7.544478527607362,475,35,50,49
msg_1099,node49,node21,321,26714,26721.0,7.0,,,,7.547839506172839,,49,,6.909090909090909,0,7.547839506172839,479,39,50,49
msg_1100,node49,node22,321,26714,,,,,,7.633433283358321,,49,,,0,7.633433283358321,920,20,50,49
msg_1101,node49,node23,321,26714,,,,,,7.633433283358321,,49,,,0,7.633433283358321,920,20,50,49
msg_1102,node49,node24,321,26714,26722.0,8.0,,,,7.545871559633028,,49,,7.954545454545454,0,7.545871559633028,473,33,50,49
msg_1103,node49,node25,321,26714,26722.0,8.0,,,,7.547256097560975,,49,,7.954545454545454,0,7.547256097560975,471,31,50,49
msg_1104,node49,node26,321,26714,,,,,,7.633433283358321,,49,,,0,7.633433283358321,920,20,50,49
msg_1105,node49,node27,321,26714,26723.0,9.0,,,,7.5479452054794525,,49,,8.954545454545455,0,7.5479452054794525,470,30,50,49
msg_1106,node49,node28,321,26714,,,,,,7.633433283358321,,49,,,0,7.633433283358321,920,20,50,49
msg_1107,node49,node29,321,26714,,,,,,7.633433283358321,,49,,,0,7.633433283358321,920,20,50,49
msg_1108,node49,node30,321,26714,,,,,,7.633433283358321,,49,,,0,7.633433283358321,920,20,50,49
msg_1109,node49,node31,321,26714,26722.0,8.0,,,,7.5451761102603365,,49,,7.954545454545454,0,7.5451761102603365,474,34,50,49
msg_1110,node49,node32,321,26714,26722.0,8.0,,,,7.546564885496183,,49,,7.954545454545454,0,7.546564885496183,472,32,50,49
msg_1111,node49,node33,321,26714,26724.0,10.0,,,,7.550151975683891,,49,,9.909090909090908,0,7.550151975683891,469,29,50,49
msg_1112,node49,node34,321,26714,,,,,,7.633433283358321,,49,,,0,7.633433283358321,920,20,50,49
msg_1113,node49,node35,321,26714,26724.0,10.0,,,,7.553869499241275,,49,,9.909090909090908,0,7.553869499241275,468,28,50,49
msg_1114,node49,node36,321,26714,26724.0,10.0,,,,7.557575757575758,,49,,9.909090909090908,0,7.557575757575758,467,27,50,49
msg_1115,node49,node37,321,26714,26724.0,10.0,,,,7.561270801815431,,49,,9.909090909090908,0,7.561270801815431,466,26,50,49
msg_1116,node49,node38,321,26714,,,,,,7.633433283358321,,49,,,0,7.633433283358321,920,20,50,49
msg_1117,node49,node39,321,26714,,,,,,7.633433283358321,,49,,,0,7.633433283358321,920,20,50,49
msg_1118,node49,node40,321,26714,26725.0,11.0,,,,7.564954682779456,,49,,10.954545454545455,0,7.564954682779456,465,25,50,49
msg_1119,node49,node41,321,26714,26725.0,11.0,,,,7.570135746606335,,49,,10.954545454545455,0,7.570135746606335,464,24,50,49
msg_1120,node49,node42,321,26714,,,,,,7.633433283358321,,49,,,0,7.633433283358321,920,20,50,49
msg_1121,node49,node43,321,26714,,,,,,7.633433283358321,,49,,,0,7.633433283358321,920,20,50,49
msg_1122,node49,node44,321,26714,26725.0,11.0,,,,7.575301204819277,,49,,10.954545454545455,0,7.575301204819277,463,23,50,49
msg_1123,node49,node45,321,26714,26726.0,12.0,,,,7.580451127819549,,49,,11.954545454545455,0,7.580451127819549,462,22,50,49
msg_1124,node49,node46,321,26714,26726.0,12.0,,,,7.587087087087087,,49,,11.954545454545455,0,7.587087087087087,461,21,50,49
msg_1125,node49,node47,321,26714,,,,,,7.633433283358321,,49,,,0,7.633433283358321,920,20,50,49
msg_1126,node49,node48,321,26714,,,,,,7.633433283358321,,49,,,0,7.633433283358321,920,20,50,49
msg_1127,node49,node0,320,27099,27103.0,4.0,,,,7.593703148425787,,49,,3.9130434782608696,0,7.593703148425787,509,49,50,49
msg_1128,node49,node1,320,27099,27103.0,4.0,,,,7.588323353293413,,49,,3.9130434782608696,0,7.588323353293413,508,48,50,49
msg_1129,node49,node2,320,27099,27103.0,4.0,,,,7.582959641255606,,49,,3.9130434782608696,0,7.582959641255606,507,47,50,49
msg_1130,node49,node3,320,27099,27104.0,5.0,,,,7.5722801788375556,,49,,4.956521739130435,0,7.5722801788375556,505,45,50,49
msg_1131,node49,node4,320,27099,,,,,,7.633433283358321,,49,,,0,7.633433283358321,920,20,50,49
msg_1132,node49,node5,320,27099,,,,,,7.633433283358321,,49,,,0,7.633433283358321,920,20,50,49
msg_1133,node49,node6,320,27099,27104.0,5.0,,,,7.568452380952381,,49,,4.956521739130435,0,7.568452380952381,504,44,50,49
msg_1134,node49,node7,320,27099,27104.0,5.0,,,,7.564635958395245,,49,,4.956521739130435,0,7.564635958395245,503,43,50,49
msg_1135,node49,node8,320,27099,27105.0,6.0,,,,7.557037037037037,,49,,5.956521739130435,0,7.557037037037037,501,41,50,49
msg_1136,node49,node9,320,27099,27105.0,6.0,,,,7.554733727810651,,49,,5.956521739130435,0,7.554733727810651,500,40,50,49
msg_1137,node49,node10,321,27099,27103.0,4.0,,,,7.577611940298508,,49,,3.9130434782608696,0,7.577611940298508,506,46,50,49
msg_1138,node49,node11,321,27099,,,,,,7.633433283358321,,49,,,0,7.633433283358321,920,20,50,49
msg_1139,node49,node12,321,27099,,,,,,7.633433283358321,,49,,,0,7.633433283358321,920,20,50,49
msg_1140,node49,node13,321,27099,27106.0,7.0,,,,7.551622418879056,,49,,6.913043478260869,0,7.551622418879056,498,38,50,49
msg_1141,node49,node14,321,27099,27104.0,5.0,,,,7.560830860534125,,49,,4.956521739130435,0,7.560830860534125,502,42,50,49
msg_1142,node49,node15,321,27099,27106.0,7.0,,,,7.55081001472754,,49,,6.913043478260869,0,7.55081001472754,497,37,50,49
msg_1143,node49,node16,321,27099,,,,,,7.633433283358321,,49,,,0,7.633433283358321,920,20,50,49
msg_1144,node49,node17,321,27099,27106.0,7.0,,,,7.55,,49,,6.913043478260869,0,7.55,496,36,50,49
msg_1145,node49,node18,321,27099,,,,,,7.633433283358321,,49,,,0,7.633433283358321,920,20,50,49
msg_1146,node49,node19,321,27099,,,,,,7.633433283358321,,49,,,0,7.633433283358321,920,20,50,49
msg_1147,node49,node20,321,27099,27107.0,8.0,,,,7.549192364170338,,49,,7.956521739130435,0,7.549192364170338,495,35,50,49
msg_1148,node49,node21,321,27099,27106.0,7.0,,,,7.552437223042836,,49,,6.913043478260869,0,7.552437223042836,499,39,50,49
msg_1149,node49,node22,321,27099,,,,,,7.633433283358321,,49,,,0,7.633433283358321,920,20,50,49
msg_1150,node49,node23,321,27099,,,,,,7.633433283358321,,49,,,0,7.633433283358321,920,20,50,49
msg_1151,node49,node24,321,27099,27107.0,8.0,,,,7.550512445095168,,49,,7.956521739130435,0,7.550512445095168,493,33,50,49
msg_1152,node49,node25,321,27099,27107.0,8.0,,,,7.5518248175182485,,49,,7.956521739130435,0,7.5518248175182485,491,31,50,49
msg_1153,node49,node26,321,27099,,,,,,7.633433283358321,,49,,,0,7.633433283358321,920,20,50,49
msg_1154,node49,node27,321,27099,27108.0,9.0,,,,7.552478134110787,,49,,8.956521739130435,0,7.552478134110787,490,30,50,49
msg_1155,node49,node28,321,27099,,,,,,7.633433283358321,,49,,,0,7.633433283358321,920,20,50,49
msg_1156,node49,node29,321,27099,,,,,,7.633433283358321,,49,,,0,7.633433283358321,920,20,50,49
msg_1157,node49,node30,321,27099,,,,,,7.633433283358321,,49,,,0,7.633433283358321,920,20,50,49
msg_1158,node49,node31,321,27099,27107.0,8.0,,,,7.5498533724340176,,49,,7.956521739130435,0,7.5498533724340176,494,34,50,49
msg_1159,node49,node32,321,27099,27107.0,8.0,,,,7.5511695906432745,,49,,7.956521739130435,0,7.5511695906432745,492,32,50,49
msg_1160,node49,node33,321,27099,27109.0,10.0,,,,7.554585152838428,,49,,9.91304347826087,0,7.554585152838428,489,29,50,49
msg_1161,node49,node34,321,27099,,,,,,7.633433283358321,,49,,,0,7.633433283358321,920,20,50,49
msg_1162,node49,node35,321,27099,27109.0,10.0,,,,7.558139534883721,,49,,9.91304347826087,0,7.558139534883721,488,28,50,49
msg_1163,node49,node36,321,27099,27109.0,10.0,,,,7.561683599419449,,49,,9.91304347826087,0,7.561683599419449,487,27,50,49
msg_1164,node49,node37,321,27099,27109.0,10.0,,,,7.565217391304348,,49,,9.91304347826087,0,7.565217391304348,486,26,50,49
msg_1165,node49,node38,321,27099,,,,,,7.633433283358321,,49,,,0,7.633433283358321,920,20,50,49
msg_1166,node49,node39,321,27099,,,,,,7.633433283358321,,49,,,0,7.633433283358321,920,20,50,49
msg_1167,node49,node40,321,27099,27110.0,11.0,,,,7.568740955137482,,49,,10.956521739130435,0,7.568740955137482,485,25,50,49
msg_1168,node49,node41,321,27099,27110.0,11.0,,,,7.573699421965318,,49,,10.956521739130435,0,7.573699421965318,484,24,50,49
msg_1169,node49,node42,321,27099,,,,,,7.633433283358321,,49,,,0,7.633433283358321,920,20,50,49
msg_1170,node49,node43,321,27099,,,,,,7.633433283358321,,49,,,0,7.633433283358321,920,20,50,49
msg_1171,node49,node44,321,27099,27110.0,11.0,,,,7.578643578643579,,49,,10.956521739130435,0,7.578643578643579,483,23,50,49
msg_1172,node49,node45,321,27099,27111.0,12.0,,,,7.583573487031701,,49,,11.956521739130435,0,7.583573487031701,482,22,50,49
msg_1173,node49,node46,321,27099,27111.0,12.0,,,,7.589928057553957,,49,,11.956521739130435,0,7.589928057553957,481,21,50,49
msg_1174,node49,node47,321,27099,,,,,,7.633433283358321,,49,,,0,7.633433283358321,920,20,50,49
msg_1175,node49,node48,321,27099,,,,,,7.633433283358321,,49,,,0,7.633433283358321,920,20,50,49
msg_1176,node49,node0,320,27577,27581.0,4.0,,,,7.596264367816092,,49,,3.9166666666666665,0,7.596264367816092,529,49,50,49
msg_1177,node49,node1,320,27577,27581.0,4.0,,,,7.591104734576757,,49,,3.9166666666666665,0,7.591104734576757,528,48,50,49
msg_1178,node49,node2,320,27577,27581.0,4.0,,,,7.58595988538682,,49,,3.9166666666666665,0,7.58595988538682,527,47,50,49
msg_1179,node49,node3,320,27577,27582.0,5.0,,,,7.575714285714286,,49,,4.958333333333333,0,7.575714285714286,525,45,50,49
msg_1180,node49,node4,320,27577,,,,,,7.633433283358321,,49,,,0,7.633433283358321,920,20,50,49
msg_1181,node49,node5,320,27577,,,,,,7.633433283358321,,49,,,0,7.633433283358321,920,20,50,49
msg_1182,node49,node6,320,27577,27582.0,5.0,,,,7.572039942938659,,49,,4.958333333333333,0,7.572039942938659,524,44,50,49
msg_1183,node49,node7,320,27577,27582.0,5.0,,,,7.568376068376068,,49,,4.958333333333333,0,7.568376068376068,523,43,50,49
msg_1184,node49,node8,320,27577,27583.0,6.0,,,,7.561079545454546,,49,,5.958333333333333,0,7.561079545454546,521,41,50,49
msg_1185,node49,node9,320,27577,27583.0,6.0,,,,7.55886524822695,,49,,5.958333333333333,0,7.55886524822695,520,40,50,49
msg_1186,node49,node10,321,27577,27581.0,4.0,,,,7.580829756795422,,49,,3.9166666666666665,0,7.580829756795422,526,46,50,49
msg_1187,node49,node11,321,27577,,,,,,7.633433283358321,,49,,,0,7.633433283358321,920,20,50,49
msg_1188,node49,node12,321,27577,,,,,,7.633433283358321,,49,,,0,7.633433283358321,920,20,50,49
msg_1189,node49,node13,321,27577,27584.0,7.0,,,,7.555869872701556,,49,,6.916666666666667,0,7.555869872701556,518,38,50,49
msg_1190,node49,node14,321,27577,27582.0,5.0,,,,7.564722617354196,,49,,4.958333333333333,0,7.564722617354196,522,42,50,49
msg_1191,node49,node15,321,27577,27584.0,7.0,,,,7.555084745762712,,49,,6.916666666666667,0,7.555084745762712,517,37,50,49
msg_1192,node49,node16,321,27577,,,,,,7.633433283358321,,49,,,0,7.633433283358321,920,20,50,49
msg_1193,node49,node17,321,27577,27584.0,7.0,,,,7.554301833568406,,49,,6.916666666666667,0,7.554301833568406,516,36,50,49
msg_1194,node49,node18,321,27577,,,,,,7.633433283358321,,49,,,0,7.633433283358321,920,20,50,49
msg_1195,node49,node19,321,27577,,,,,,7.633433283358321,,49,,,0,7.633433283358321,920,20,50,49
msg_1196,node49,node20,321,27577,27585.0,8.0,,,,7.553521126760564,,49,,7.958333333333333,0,7.553521126760564,515,35,50,49
msg_1197,node49,node21,321,27577,27584.0,7.0,,,,7.556657223796034,,49,,6.916666666666667,0,7.556657223796034,519,39,50,49
msg_1198,node49,node22,321,27577,,,,,,7.633433283358321,,49,,,0,7.633433283358321,920,20,50,49
msg_1199,node49,node23,321,27577,,,,,,7.633433283358321,,49,,,0,7.633433283358321,920,20,50,49
msg_1200,node49,node24,321,27577,27585.0,8.0,,,,7.554775280898877,,49,,7.958333333333333,0,7.554775280898877,513,33,50,49
msg_1201,node49,node25,321,27577,27585.0,8.0,,,,7.556022408963585,,49,,7.958333333333333,0,7.556022408963585,511,31,50,49
msg_1202,node49,node26,321,27577,,,,,,7.633433283358321,,49,,,0,7.633433283358321,920,20,50,49
msg_1203,node49,node27,321,27577,27586.0,9.0,,,,7.556643356643357,,49,,8.958333333333334,0,7.556643356643357,510,30,50,49
msg_1204,node49,node28,321,27577,,,,,,7.633433283358321,,49,,,0,7.633433283358321,920,20,50,49
msg_1205,node49,node29,321,27577,,,,,,7.633433283358321,,49,,,0,7.633433283358321,920,20,50,49
msg_1206,node49,node30,321,27577,,,,,,7.633433283358321,,49,,,0,7.633433283358321,920,20,50,49
msg_1207,node49,node31,321,27577,27585.0,8.0,,,,7.554149085794656,,49,,7.958333333333333,0,7.554149085794656,514,34,50,49
msg_1208,node49,node32,321,27577,27585.0,8.0,,,,7.5553997194950915,,49,,7.958333333333333,0,7.5553997194950915,512,32,50,49
msg_1209,node49,node33,321,27577,27587.0,10.0,,,,7.558659217877095,,49,,9.916666666666666,0,7.558659217877095,509,29,50,49
msg_1210,node49,node34,321,27577,,,,,,7.633433283358321,,49,,,0,7.633433283358321,920,20,50,49
msg_1211,node49,node35,321,27577,27587.0,10.0,,,,7.562064156206415,,49,,9.916666666666666,0,7.562064156206415,508,28,50,49
msg_1212,node49,node36,321,27577,27587.0,10.0,,,,7.5654596100278555,,49,,9.916666666666666,0,7.5654596100278555,507,27,50,49
msg_1213,node49,node37,321,27577,27587.0,10.0,,,,7.56884561891516,,49,,9.916666666666666,0,7.56884561891516,506,26,50,49
msg_1214,node49,node38,321,27577,,,,,,7.633433283358321,,49,,,0,7.633433283358321,920,20,50,49
msg_1215,node49,node39,321,27577,,,,,,7.633433283358321,,49,,,0,7.633433283358321,920,20,50,49
msg_1216,node49,node40,321,27577,27588.0,11.0,,,,7.572222222222222,,49,,10.958333333333334,0,7.572222222222222,505,25,50,49
msg_1217,node49,node41,321,27577,27588.0,11.0,,,,7.5769764216366156,,49,,10.958333333333334,0,7.5769764216366156,504,24,50,49
msg_1218,node49,node42,321,27577,,,,,,7.633433283358321,,49,,,0,7.633433283358321,920,20,50,49
msg_1219,node49,node43,321,27577,,,,,,7.633433283358321,,49,,,0,7.633433283358321,920,20,50,49
msg_1220,node49,node44,321,27577,27588.0,11.0,,,,7.581717451523546,,49,,10.958333333333334,0,7.581717451523546,503,23,50,49
msg_1221,node49,node45,321,27577,27589.0,12.0,,,,7.586445366528354,,49,,11.958333333333334,0,7.586445366528354,502,22,50,49
msg_1222,node49,node46,321,27577,27589.0,12.0,,,,7.592541436464089,,49,,11.958333333333334,0,7.592541436464089,501,21,50,49
msg_1223,node49,node47,321,27577,,,,,,7.633433283358321,,49,,,0,7.633433283358321,920,20,50,49
msg_1224,node49,node48,321,27577,,,,,,7.633433283358321,,49,,,0,7.633433283358321,920,20,50,49
msg_1225,node49,node0,320,29799,29803.0,4.0,,,,7.5986206896551725,,49,,3.92,0,7.5986206896551725,549,49,50,49
msg_1226,node49,node1,320,29799,29803.0,4.0,,,,7.59366391184573,,49,,3.92,0,7.59366391184573,548,48,50,49
msg_1227,node49,node2,320,29799,29803.0,4.0,,,,7.588720770288858,,49,,3.92,0,7.588720770288858,547,47,50,49
msg_1228,node49,node3,320,29799,29804.0,5.0,,,,7.5788751714677645,,49,,4.96,0,7.5788751714677645,545,45,50,49
msg_1229,node49,node4,320,29799,,,,,,7.633433283358321,,49,,,0,7.633433283358321,920,20,50,49
msg_1230,node49,node5,320,29799,,,,,,7.633433283358321,,49,,,0,7.633433283358321,920,20,50,49
msg_1231,node49,node6,320,29799,29804.0,5.0,,,,7.575342465753424,,49,,4.96,0,7.575342465753424,544,44,50,49
msg_1232,node49,node7,320,29799,29804.0,5.0,,,,7.5718194254445965,,49,,4.96,0,7.5718194254445965,543,43,50,49
msg_1233,node49,node8,320,29799,29805.0,6.0,,,,7.564802182810368,,49,,5.96,0,7.564802182810368,541,41,50,49
msg_1234,node49,node9,320,29799,29805.0,6.0,,,,7.562670299727521,,49,,5.96,0,7.562670299727521,540,40,50,49
msg_1235,node49,node10,321,29799,29803.0,4.0,,,,7.583791208791209,,49,,3.92,0,7.583791208791209,546,46,50,49
msg_1236,node49,node11,321,29799,,,,,,7.633433283358321,,49,,,0,7.633433283358321,920,20,50,49
msg_1237,node49,node12,321,29799,,,,,,7.633433283358321,,49,,,0,7.633433283358321,920,20,50,49
msg_1238,node49,node13,321,29799,29806.0,7.0,,,,7.559782608695652,,49,,6.92,0,7.559782608695652,538,38,50,49
msg_1239,node49,node14,321,29799,29804.0,5.0,,,,7.5683060109289615,,49,,4.96,0,7.5683060109289615,542,42,50,49
msg_1240,node49,node15,321,29799,29806.0,7.0,,,,7.559023066485753,,49,,6.92,0,7.559023066485753,537,37,50,49
msg_1241,node49,node16,321,29799,,,,,,7.633433283358321,,49,,,0,7.633433283358321,920,20,50,49
msg_1242,node49,node17,321,29799,29806.0,7.0,,,,7.558265582655826,,49,,6.92,0,7.558265582655826,536,36,50,49
msg_1243,node49,node18,321,29799,,,,,,7.633433283358321,,49,,,0,7.633433283358321,920,20,50,49
msg_1244,node49,node19,321,29799,,,,,,7.633433283358321,,49,,,0,7.633433283358321,920,20,50,49
msg_1245,node49,node20,321,29799,29807.0,8.0,,,,7.557510148849797,,49,,7.96,0,7.557510148849797,535,35,50,49
msg_1246,node49,node21,321,29799,29806.0,7.0,,,,7.560544217687075,,49,,6.92,0,7.560544217687075,539,39,50,49
msg_1247,node49,node22,321,29799,,,,,,7.633433283358321,,49,,,0,7.633433283358321,920,20,50,49
msg_1248,node49,node23,321,29799,,,,,,7.633433283358321,,49,,,0,7.633433283358321,920,20,50,49
msg_1249,node49,node24,321,29799,29807.0,8.0,,,,7.558704453441296,,49,,7.96,0,7.558704453441296,533,33,50,49
msg_1250,node49,node25,321,29799,29807.0,8.0,,,,7.5598923283983845,,49,,7.96,0,7.5598923283983845,531,31,50,49
msg_1251,node49,node26,321,29799,,,,,,7.633433283358321,,49,,,0,7.633433283358321,920,20,50,49
msg_1252,node49,node27,321,29799,29808.0,9.0,,,,7.560483870967742,,49,,8.96,0,7.560483870967742,530,30,50,49
msg_1253,node49,node28,321,29799,,,,,,7.633433283358321,,49,,,0,7.633433283358321,920,20,50,49
msg_1254,node49,node29,321,29799,,,,,,7.633433283358321,,49,,,0,7.633433283358321,920,20,50,49
msg_1255,node49,node30,321,29799,,,,,,7.633433283358321,,49,,,0,7.633433283358321,920,20,50,49
msg_1256,node49,node31,321,29799,29807.0,8.0,,,,7.558108108108108,,49,,7.96,0,7.558108108108108,534,34,50,49
msg_1257,node49,node32,321,29799,29807.0,8.0,,,,7.559299191374663,,49,,7.96,0,7.559299191374663,532,32,50,49
msg_1258,node49,node33,321,29799,29809.0,10.0,,,,7.562416107382551,,49,,9.92,0,7.562416107382551,529,29,50,49
msg_1259,node49,node34,321,29799,,,,,,7.633433283358321,,49,,,0,7.633433283358321,920,20,50,49
msg_1260,node49,node35,321,29799,29809.0,10.0,,,,7.565683646112601,,49,,9.92,0,7.565683646112601,528,28,50,49
msg_1261,node49,node36,321,29799,29809.0,10.0,,,,7.568942436412316,,49,,9.92,0,7.568942436412316,527,27,50,49
msg_1262,node49,node37,321,29799,29809.0,10.0,,,,7.572192513368984,,49,,9.92,0,7.572192513368984,526,26,50,49
msg_1263,node49,node38,321,29799,,,,,,7.633433283358321,,49,,,0,7.633433283358321,920,20,50,49
msg_1264,node49,node39,321,29799,,,,,,7.633433283358321,,49,,,0,7.633433283358321,920,20,50,49
msg_1265,node49,node40,321,29799,29810.0,11.0,,,,7.57543391188251,,49,,10.96,0,7.57543391188251,525,25,50,49
msg_1266,node49,node41,321,29799,29810.0,11.0,,,,7.58,,49,,10.96,0,7.58,524,24,50,49
msg_1267,node49,node42,321,29799,,,,,,7.633433283358321,,49,,,0,7.633433283358321,920,20,50,49
msg_1268,node49,node43,321,29799,,,,,,7.633433283358321,,49,,,0,7.633433283358321,920,20,50,49
msg_1269,node49,node44,321,29799,29810.0,11.0,,,,7.584553928095872,,49,,10.96,0,7.584553928095872,523,23,50,49
msg_1270,node49,node45,321,29799,29811.0,12.0,,,,7.589095744680851,,49,,11.96,0,7.589095744680851,522,22,50,49
msg_1271,node49,node46,321,29799,29811.0,12.0,,,,7.5949535192563085,,49,,11.96,0,7.5949535192563085,521,21,50,49
msg_1272,node49,node47,321,29799,,,,,,7.633433283358321,,49,,,0,7.633433283358321,920,20,50,49
msg_1273,node49,node48,321,29799,,,,,,7.633433283358321,,49,,,0,7.633433283358321,920,20,50,49
msg_1274,node49,node0,320,30545,30549.0,4.0,,,,7.60079575596817,,49,,3.923076923076923,0,7.60079575596817,569,49,50,49
msg_1275,node49,node1,320,30545,30549.0,4.0,,,,7.596026490066225,,49,,3.923076923076923,0,7.596026490066225,568,48,50,49
msg_1276,node49,node2,320,30545,30549.0,4.0,,,,7.591269841269841,,49,,3.923076923076923,0,7.591269841269841,567,47,50,49
msg_1277,node49,node3,320,30545,30550.0,5.0,,,,7.58179419525066,,49,,4.961538461538462,0,7.58179419525066,565,45,50,49
msg_1278,node49,node4,320,30545,,,,,,7.633433283358321,,49,,,0,7.633433283358321,920,20,50,49
msg_1279,node49,node5,320,30545,,,,,,7.633433283358321,,49,,,0,7.633433283358321,920,20,50,49
msg_1280,node49,node6,320,30545,30550.0,5.0,,,,7.578392621870883,,49,,4.961538461538462,0,7.578392621870883,564,44,50,49
msg_1281,node49,node7,320,30545,30550.0,5.0,,,,7.575,,49,,4.961538461538462,0,7.575,563,43,50,49
msg_1282,node49,node8,320,30545,30551.0,6.0,,,,7.5682414698162725,,49,,5.961538461538462,0,7.5682414698162725,561,41,50,49
msg_1283,node49,node9,320,30545,30551.0,6.0,,,,7.566186107470511,,49,,5.961538461538462,0,7.566186107470511,560,40,50,49
msg_1284,node49,node10,321,30545,30549.0,4.0,,,,7.586525759577278,,49,,3.923076923076923,0,7.586525759577278,566,46,50,49
msg_1285,node49,node11,321,30545,,,,,,7.633433283358321,,49,,,0,7.633433283358321,920,20,50,49
msg_1286,node49,node12,321,30545,,,,,,7.633433283358321,,49,,,0,7.633433283358321,920,20,50,49
msg_1287,node49,node13,321,30545,30552.0,7.0,,,,7.563398692810457,,49,,6.923076923076923,0,7.563398692810457,558,38,50,49
msg_1288,node49,node14,321,30545,30550.0,5.0,,,,7.57161629434954,,49,,4.961538461538462,0,7.57161629434954,562,42,50,49
msg_1289,node49,node15,321,30545,30552.0,7.0,,,,7.56266318537859,,49,,6.923076923076923,0,7.56266318537859,557,37,50,49
msg_1290,node49,node16,321,30545,,,,,,7.633433283358321,,49,,,0,7.633433283358321,920,20,50,49
msg_1291,node49,node17,321,30545,30552.0,7.0,,,,7.561929595827901,,49,,6.923076923076923,0,7.561929595827901,556,36,50,49
msg_1292,node49,node18,321,30545,,,,,,7.633433283358321,,49,,,0,7.633433283358321,920,20,50,49
msg_1293,node49,node19,321,30545,,,,,,7.633433283358321,,49,,,0,7.633433283358321,920,20,50,49
msg_1294,node49,node20,321,30545,30553.0,8.0,,,,7.561197916666667,,49,,7.961538461538462,0,7.561197916666667,555,35,50,49
msg_1295,node49,node21,321,30545,30552.0,7.0,,,,7.56413612565445,,49,,6.923076923076923,0,7.56413612565445,559,39,50,49
msg_1296,node49,node22,321,30545,,,,,,7.633433283358321,,49,,,0,7.633433283358321,920,20,50,49
msg_1297,node49,node23,321,30545,,,,,,7.633433283358321,,49,,,0,7.633433283358321,920,20,50,49
msg_1298,node49,node24,321,30545,30553.0,8.0,,,,7.562337662337662,,49,,7.961538461538462,0,7.562337662337662,553,33,50,49
msg_1299,node49,node25,321,30545,30553.0,8.0,,,,7.563471502590674,,49,,7.961538461538462,0,7.563471502590674,551,31,50,49
msg_1300,node49,node26,321,30545,,,,,,7.633433283358321,,49,,,0,7.633433283358321,920,20,50,49
msg_1301,node49,node27,321,30545,30554.0,9.0,,,,7.564036222509703,,49,,8.961538461538462,0,7.564036222509703,550,30,50,49
msg_1302,node49,node28,321,30545,,,,,,7.633433283358321,,49,,,0,7.633433283358321,920,20,50,49
msg_1303,node49,node29,321,30545,,,,,,7.633433283358321,,49,,,0,7.633433283358321,920,20,50,49
msg_1304,node49,node30,321,30545,,,,,,7.633433283358321,,49,,,0,7.633433283358321,920,20,50,49
msg_1305,node49,node31,321,30545,30553.0,8.0,,,,7.561768530559168,,49,,7.961538461538462,0,7.561768530559168,554,34,50,49
msg_1306,node49,node32,321,30545,30553.0,8.0,,,,7.562905317769131,,49,,7.961538461538462,0,7.562905317769131,552,32,50,49
msg_1307,node49,node33,321,30545,30555.0,10.0,,,,7.565891472868217,,49,,9.923076923076923,0,7.565891472868217,549,29,50,49
msg_1308,node49,node34,321,30545,,,,,,7.633433283358321,,49,,,0,7.633433283358321,920,20,50,49
msg_1309,node49,node35,321,30545,30555.0,10.0,,,,7.569032258064516,,49,,9.923076923076923,0,7.569032258064516,548,28,50,49
msg_1310,node49,node36,321,30545,30555.0,10.0,,,,7.572164948453608,,49,,9.923076923076923,0,7.572164948453608,547,27,50,49
msg_1311,node49,node37,321,30545,30555.0,10.0,,,,7.575289575289576,,49,,9.923076923076923,0,7.575289575289576,546,26,50,49
msg_1312,node49,node38,321,30545,,,,,,7.633433283358321,,49,,,0,7.633433283358321,920,20,50,49
msg_1313,node49,node39,321,30545,,,,,,7.633433283358321,,49,,,0,7.633433283358321,920,20,50,49
msg_1314,node49,node40,321,30545,30556.0,11.0,,,,7.57840616966581,,49,,10.961538461538462,0,7.57840616966581,545,25,50,49
msg_1315,node49,node41,321,30545,30556.0,11.0,,,,7.582798459563543,,49,,10.961538461538462,0,7.582798459563543,544,24,50,49
msg_1316,node49,node42,321,30545,,,,,,7.633433283358321,,49,,,0,7.633433283358321,920,20,50,49
msg_1317,node49,node43,321,30545,,,,,,7.633433283358321,,49,,,0,7.633433283358321,920,20,50,49
msg_1318,node49,node44,321,30545,30556.0,11.0,,,,7.587179487179487,,49,,10.961538461538462,0,7.587179487179487,543,23,50,49
msg_1319,node49,node45,321,30545,30557.0,12.0,,,,7.591549295774648,,49,,11.961538461538462,0,7.591549295774648,542,22,50,49
msg_1320,node49,node46,321,30545,30557.0,12.0,,,,7.5971867007672635,,49,,11.961538461538462,0,7.5971867007672635,541,21,50,49
msg_1321,node49,node47,321,30545,,,,,,7.633433283358321,,49,,,0,7.633433283358321,920,20,50,49
msg_1322,node49,node48,321,30545,,,,,,7.633433283358321,,49,,,0,7.633433283358321,920,20,50,49
msg_1323,node49,node0,320,31367,31371.0,4.0,,,,7.6028097062579825,,49,,3.925925925925926,0,7.6028097062579825,589,49,50,49
msg_1324,node49,node1,320,31367,31371.0,4.0,,,,7.598214285714286,,49,,3.925925925925926,0,7.598214285714286,588,48,50,49
msg_1325,node49,node2,320,31367,31371.0,4.0,,,,7.593630573248408,,49,,3.925925925925926,0,7.593630573248408,587,47,50,49
msg_1326,node49,node3,320,31367,31372.0,5.0,,,,7.584498094027954,,49,,4.962962962962963,0,7.584498094027954,585,45,50,49
msg_1327,node49,node4,320,31367,,,,,,7.633433283358321,,49,,,0,7.633433283358321,920,20,50,49
msg_1328,node49,node5,320,31367,,,,,,7.633433283358321,,49,,,0,7.633433283358321,920,20,50,49
msg_1329,node49,node6,320,31367,31372.0,5.0,,,,7.581218274111675,,49,,4.962962962962963,0,7.581218274111675,584,44,50,49
msg_1330,node49,node7,320,31367,31372.0,5.0,,,,7.577946768060836,,49,,4.962962962962963,0,7.577946768060836,583,43,50,49
msg_1331,node49,node8,320,31367,31373.0,6.0,,,,7.571428571428571,,49,,5.962962962962963,0,7.571428571428571,581,41,50,49
msg_1332,node49,node9,320,31367,31373.0,6.0,,,,7.569444444444445,,49,,5.962962962962963,0,7.569444444444445,580,40,50,49
msg_1333,node49,node10,321,31367,31371.0,4.0,,,,7.589058524173028,,49,,3.925925925925926,0,7.589058524173028,586,46,50,49
msg_1334,node49,node11,321,31367,,,,,,7.633433283358321,,49,,,0,7.633433283358321,920,20,50,49
msg_1335,node49,node12,321,31367,,,,,,7.633433283358321,,49,,,0,7.633433283358321,920,20,50,49
msg_1336,node49,node13,321,31367,31374.0,7.0,,,,7.566750629722922,,49,,6.925925925925926,0,7.566750629722922,578,38,50,49
msg_1337,node49,node14,321,31367,31372.0,5.0,,,,7.574683544303798,,49,,4.962962962962963,0,7.574683544303798,582,42,50,49
msg_1338,node49,node15,321,31367,31374.0,7.0,,,,7.566037735849057,,49,,6.925925925925926,0,7.566037735849057,577,37,50,49
msg_1339,node49,node16,321,31367,,,,,,7.633433283358321,,49,,,0,7.633433283358321,920,20,50,49
msg_1340,node49,node17,321,31367,31374.0,7.0,,,,7.565326633165829,,49,,6.925925925925926,0,7.565326633165829,576,36,50,49
msg_1341,node49,node18,321,31367,,,,,,7.633433283358321,,49,,,0,7.633433283358321,920,20,50,49
msg_1342,node49,node19,321,31367,,,,,,7.633433283358321,,49,,,0,7.633433283358321,920,20,50,49
msg_1343,node49,node20,321,31367,31375.0,8.0,,,,7.564617314930992,,49,,7.962962962962963,0,7.564617314930992,575,35,50,49
msg_1344,node49,node21,321,31367,31374.0,7.0,,,,7.567465321563682,,49,,6.925925925925926,0,7.567465321563682,579,39,50,49
msg_1345,node49,node22,321,31367,,,,,,7.633433283358321,,49,,,0,7.633433283358321,920,20,50,49
msg_1346,node49,node23,321,31367,,,,,,7.633433283358321,,49,,,0,7.633433283358321,920,20,50,49
msg_1347,node49,node24,321,31367,31375.0,8.0,,,,7.565707133917397,,49,,7.962962962962963,0,7.565707133917397,573,33,50,49
msg_1348,node49,node25,321,31367,31375.0,8.0,,,,7.566791510611735,,49,,7.962962962962963,0,7.566791510611735,571,31,50,49
msg_1349,node49,node26,321,31367,,,,,,7.633433283358321,,49,,,0,7.633433283358321,920,20,50,49
msg_1350,node49,node27,321,31367,31376.0,9.0,,,,7.567331670822942,,49,,8.962962962962964,0,7.567331670822942,570,30,50,49
msg_1351,node49,node28,321,31367,,,,,,7.633433283358321,,49,,,0,7.633433283358321,920,20,50,49
msg_1352,node49,node29,321,31367,,,,,,7.633433283358321,,49,,,0,7.633433283358321,920,20,50,49
msg_1353,node49,node30,321,31367,,,,,,7.633433283358321,,49,,,0,7.633433283358321,920,20,50,49
msg_1354,node49,node31,321,31367,31375.0,8.0,,,,7.565162907268171,,49,,7.962962962962963,0,7.565162907268171,574,34,50,49
msg_1355,node49,node32,321,31367,31375.0,8.0,,,,7.56625,,49,,7.962962962962963,0,7.56625,572,32,50,49
msg_1356,node49,node33,321,31367,31377.0,10.0,,,,7.569115815691158,,49,,9.925925925925926,0,7.569115815691158,569,29,50,49
msg_1357,node49,node34,321,31367,,,,,,7.633433283358321,,49,,,0,7.633433283358321,920,20,50,49
msg_1358,node49,node35,321,31367,31377.0,10.0,,,,7.5721393034825875,,49,,9.925925925925926,0,7.5721393034825875,568,28,50,49
msg_1359,node49,node36,321,31367,31377.0,10.0,,,,7.575155279503106,,49,,9.925925925925926,0,7.575155279503106,567,27,50,49
msg_1360,node49,node37,321,31367,31377.0,10.0,,,,7.578163771712159,,49,,9.925925925925926,0,7.578163771712159,566,26,50,49
msg_1361,node49,node38,321,31367,,,,,,7.633433283358321,,49,,,0,7.633433283358321,920,20,50,49
msg_1362,node49,node39,321,31367,,,,,,7.633433283358321,,49,,,0,7.633433283358321,920,20,50,49
msg_1363,node49,node40,321,31367,31378.0,11.0,,,,7.581164807930607,,49,,10.962962962962964,0,7.581164807930607,565,25,50,49
msg_1364,node49,node41,321,31367,31378.0,11.0,,,,7.58539603960396,,49,,10.962962962962964,0,7.58539603960396,564,24,50,49
msg_1365,node49,node42,321,31367,,,,,,7.633433283358321,,49,,,0,7.633433283358321,920,20,50,49
msg_1366,node49,node43,321,31367,,,,,,7.633433283358321,,49,,,0,7.633433283358321,920,20,50,49
msg_1367,node49,node44,321,31367,31378.0,11.0,,,,7.589616810877627,,49,,10.962962962962964,0,7.589616810877627,563,23,50,49
msg_1368,node49,node45,321,31367,31379.0,12.0,,,,7.593827160493827,,49,,11.962962962962964,0,7.593827160493827,562,22,50,49
msg_1369,node49,node46,321,31367,31379.0,12.0,,,,7.599260172626387,,49,,11.962962962962964,0,7.599260172626387,561,21,50,49
msg_1370,node49,node47,321,31367,,,,,,7.633433283358321,,49,,,0,7.633433283358321,920,20,50,49
msg_1371,node49,node48,321,31367,,,,,,7.633433283358321,,49,,,0,7.633433283358321,920,20,50,49
msg_1372,node49,node0,320,31638,31642.0,4.0,,,,7.604679802955665,,49,,3.9285714285714284,0,7.604679802955665,609,49,50,49
msg_1373,node49,node1,320,31638,31642.0,4.0,,,,7.6002460024600245,,49,,3.9285714285714284,0,7.6002460024600245,608,48,50,49
msg_1374,node49,node2,320,31638,31642.0,4.0,,,,7.5958230958230954,,49,,3.9285714285714284,0,7.5958230958230954,607,47,50,49
msg_1375,node49,node3,320,31638,31643.0,5.0,,,,7.5870098039215685,,49,,4.964285714285714,0,7.5870098039215685,605,45,50,49
msg_1376,node49,node4,320,31638,,,,,,7.633433283358321,,49,,,0,7.633433283358321,920,20,50,49
msg_1377,node49,node5,320,31638,,,,,,7.633433283358321,,49,,,0,7.633433283358321,920,20,50,49
msg_1378,node49,node6,320,31638,31643.0,5.0,,,,7.583843329253366,,49,,4.964285714285714,0,7.583843329253366,604,44,50,49
msg_1379,node49,node7,320,31638,31643.0,5.0,,,,7.580684596577017,,49,,4.964285714285714,0,7.580684596577017,603,43,50,49
msg_1380,node49,node8,320,31638,31644.0,6.0,,,,7.574390243902439,,49,,5.964285714285714,0,7.574390243902439,601,41,50,49
msg_1381,node49,node9,320,31638,31644.0,6.0,,,,7.572472594397077,,49,,5.964285714285714,0,7.572472594397077,600,40,50,49
msg_1382,node49,node10,321,31638,31642.0,4.0,,,,7.591411042944785,,49,,3.9285714285714284,0,7.591411042944785,606,46,50,49
msg_1383,node49,node11,321,31638,,,,,,7.633433283358321,,49,,,0,7.633433283358321,920,20,50,49
msg_1384,node49,node12,321,31638,,,,,,7.633433283358321,,49,,,0,7.633433283358321,920,20,50,49
msg_1385,node49,node13,321,31638,31645.0,7.0,,,,7.5698663426488455,,49,,6.928571428571429,0,7.5698663426488455,598,38,50,49
msg_1386,node49,node14,321,31638,31643.0,5.0,,,,7.577533577533577,,49,,4.964285714285714,0,7.577533577533577,602,42,50,49
msg_1387,node49,node15,321,31638,31645.0,7.0,,,,7.569174757281553,,49,,6.928571428571429,0,7.569174757281553,597,37,50,49
msg_1388,node49,node16,321,31638,,,,,,7.633433283358321,,49,,,0,7.633433283358321,920,20,50,49
msg_1389,node49,node17,321,31638,31645.0,7.0,,,,7.568484848484848,,49,,6.928571428571429,0,7.568484848484848,596,36,50,49
msg_1390,node49,node18,321,31638,,,,,,7.633433283358321,,49,,,0,7.633433283358321,920,20,50,49
msg_1391,node49,node19,321,31638,,,,,,7.633433283358321,,49,,,0,7.633433283358321,920,20,50,49
msg_1392,node49,node20,321,31638,31646.0,8.0,,,,7.567796610169491,,49,,7.964285714285714,0,7.567796610169491,595,35,50,49
msg_1393,node49,node21,321,31638,31645.0,7.0,,,,7.570559610705596,,49,,6.928571428571429,0,7.570559610705596,599,39,50,49
msg_1394,node49,node22,321,31638,,,,,,7.633433283358321,,49,,,0,7.633433283358321,920,20,50,49
msg_1395,node49,node23,321,31638,,,,,,7.633433283358321,,49,,,0,7.633433283358321,920,20,50,49
msg_1396,node49,node24,321,31638,31646.0,8.0,,,,7.568840579710145,,49,,7.964285714285714,0,7.568840579710145,593,33,50,49
msg_1397,node49,node25,321,31638,31646.0,8.0,,,,7.569879518072289,,49,,7.964285714285714,0,7.569879518072289,591,31,50,49
msg_1398,node49,node26,321,31638,,,,,,7.633433283358321,,49,,,0,7.633433283358321,920,20,50,49
msg_1399,node49,node27,321,31638,31647.0,9.0,,,,7.5703971119133575,,49,,8.964285714285714,0,7.5703971119133575,590,30,50,49
msg_1400,node49,node28,321,31638,,,,,,7.633433283358321,,49,,,0,7.633433283358321,920,20,50,49
msg_1401,node49,node29,321,31638,,,,,,7.633433283358321,,49,,,0,7.633433283358321,920,20,50,49
msg_1402,node49,node30,321,31638,,,,,,7.633433283358321,,49,,,0,7.633433283358321,920,20,50,49
msg_1403,node49,node31,321,31638,31646.0,8.0,,,,7.568319226118501,,49,,7.964285714285714,0,7.568319226118501,594,34,50,49
msg_1404,node49,node32,321,31638,31646.0,8.0,,,,7.569360675512666,,49,,7.964285714285714,0,7.569360675512666,592,32,50,49
msg_1405,node49,node33,321,31638,31648.0,10.0,,,,7.572115384615385,,49,,9.928571428571429,0,7.572115384615385,589,29,50,49
msg_1406,node49,node34,321,31638,,,,,,7.633433283358321,,49,,,0,7.633433283358321,920,20,50,49
msg_1407,node49,node35,321,31638,31648.0,10.0,,,,7.5750300120048015,,49,,9.928571428571429,0,7.5750300120048015,588,28,50,49
msg_1408,node49,node36,321,31638,31648.0,10.0,,,,7.577937649880096,,49,,9.928571428571429,0,7.577937649880096,587,27,50,49
msg_1409,node49,node37,321,31638,31648.0,10.0,,,,7.580838323353293,,49,,9.928571428571429,0,7.580838323353293,586,26,50,49
msg_1410,node49,node38,321,31638,,,,,,7.633433283358321,,49,,,0,7.633433283358321,920,20,50,49
msg_1411,node49,node39,321,31638,,,,,,7.633433283358321,,49,,,0,7.633433283358321,920,20,50,49
msg_1412,node49,node40,321,31638,31649.0,11.0,,,,7.583732057416268,,49,,10.964285714285714,0,7.583732057416268,585,25,50,49
msg_1413,node49,node41,321,31638,31649.0,11.0,,,,7.587813620071684,,49,,10.964285714285714,0,7.587813620071684,584,24,50,49
msg_1414,node49,node42,321,31638,,,,,,7.633433283358321,,49,,,0,7.633433283358321,920,20,50,49
msg_1415,node49,node43,321,31638,,,,,,7.633433283358321,,49,,,0,7.633433283358321,920,20,50,49
msg_1416,node49,node44,321,31638,31649.0,11.0,,,,7.591885441527446,,49,,10.964285714285714,0,7.591885441527446,583,23,50,49
msg_1417,node49,node45,321,31638,31650.0,12.0,,,,7.595947556615018,,49,,11.964285714285714,0,7.595947556615018,582,22,50,49
msg_1418,node49,node46,321,31638,31650.0,12.0,,,,7.601190476190476,,49,,11.964285714285714,0,7.601190476190476,581,21,50,49
msg_1419,node49,node47,321,31638,,,,,,7.633433283358321,,49,,,0,7.633433283358321,920,20,50,49
msg_1420,node49,node48,321,31638,,,,,,7.633433283358321,,49,,,0,7.633433283358321,920,20,50,49
msg_1421,node49,node0,320,31662,31666.0,4.0,,,,7.606420927467301,,49,,3.9310344827586206,0,7.606420927467301,629,49,50,49
msg_1422,node49,node1,320,31662,31666.0,4.0,,,,7.602137767220903,,49,,3.9310344827586206,0,7.602137767220903,628,48,50,49
msg_1423,node49,node2,320,31662,31666.0,4.0,,,,7.597864768683274,,49,,3.9310344827586206,0,7.597864768683274,627,47,50,49
msg_1424,node49,node3,320,31662,31667.0,5.0,,,,7.589349112426036,,49,,4.9655172413793105,0,7.589349112426036,625,45,50,49
msg_1425,node49,node4,320,31662,,,,,,7.633433283358321,,49,,,0,7.633433283358321,920,20,50,49
msg_1426,node49,node5,320,31662,,,,,,7.633433283358321,,49,,,0,7.633433283358321,920,20,50,49
msg_1427,node49,node6,320,31662,31667.0,5.0,,,,7.58628841607565,,49,,4.9655172413793105,0,7.58628841607565,624,44,50,49
msg_1428,node49,node7,320,31662,31667.0,5.0,,,,7.58323494687131,,49,,4.9655172413793105,0,7.58323494687131,623,43,50,49
msg_1429,node49,node8,320,31662,31668.0,6.0,,,,7.577149587750294,,49,,5.9655172413793105,0,7.577149587750294,621,41,50,49
msg_1430,node49,node9,320,31662,31668.0,6.0,,,,7.575294117647059,,49,,5.9655172413793105,0,7.575294117647059,620,40,50,49
msg_1431,node49,node10,321,31662,31666.0,4.0,,,,7.593601895734597,,49,,3.9310344827586206,0,7.593601895734597,626,46,50,49
msg_1432,node49,node11,321,31662,,,,,,7.633433283358321,,49,,,0,7.633433283358321,920,20,50,49
msg_1433,node49,node12,321,31662,,,,,,7.633433283358321,,49,,,0,7.633433283358321,920,20,50,49
msg_1434,node49,node13,321,31662,31669.0,7.0,,,,7.572769953051643,,49,,6.931034482758621,0,7.572769953051643,618,38,50,49
msg_1435,node49,node14,321,31662,31667.0,5.0,,,,7.580188679245283,,49,,4.9655172413793105,0,7.580188679245283,622,42,50,49
msg_1436,node49,node15,321,31662,31669.0,7.0,,,,7.572098475967175,,49,,6.931034482758621,0,7.572098475967175,617,37,50,49
msg_1437,node49,node16,321,31662,,,,,,7.633433283358321,,49,,,0,7.633433283358321,920,20,50,49
msg_1438,node49,node17,321,31662,31669.0,7.0,,,,7.571428571428571,,49,,6.931034482758621,0,7.571428571428571,616,36,50,49
msg_1439,node49,node18,321,31662,,,,,,7.633433283358321,,49,,,0,7.633433283358321,920,20,50,49
msg_1440,node49,node19,321,31662,,,,,,7.633433283358321,,49,,,0,7.633433283358321,920,20,50,49
msg_1441,node49,node20,321,31662,31670.0,8.0,,,,7.570760233918128,,49,,7.9655172413793105,0,7.570760233918128,615,35,50,49
msg_1442,node49,node21,321,31662,31669.0,7.0,,,,7.573443008225617,,49,,6.931034482758621,0,7.573443008225617,619,39,50,49
msg_1443,node49,node22,321,31662,,,,,,7.633433283358321,,49,,,0,7.633433283358321,920,20,50,49
msg_1444,node49,node23,321,31662,,,,,,7.633433283358321,,49,,,0,7.633433283358321,920,20,50,49
msg_1445,node49,node24,321,31662,31670.0,8.0,,,,7.571761960326721,,49,,7.9655172413793105,0,7.571761960326721,613,33,50,49
msg_1446,node49,node25,321,31662,31670.0,8.0,,,,7.572759022118743,,49,,7.9655172413793105,0,7.572759022118743,611,31,50,49
msg_1447,node49,node26,321,31662,,,,,,7.633433283358321,,49,,,0,7.633433283358321,920,20,50,49
msg_1448,node49,node27,321,31662,31671.0,9.0,,,,7.573255813953488,,49,,8.96551724137931,0,7.573255813953488,610,30,50,49
msg_1449,node49,node28,321,31662,,,,,,7.633433283358321,,49,,,0,7.633433283358321,920,20,50,49
msg_1450,node49,node29,321,31662,,,,,,7.633433283358321,,49,,,0,7.633433283358321,920,20,50,49
msg_1451,node49,node30,321,31662,,,,,,7.633433283358321,,49,,,0,7.633433283358321,920,20,50,49
msg_1452,node49,node31,321,31662,31670.0,8.0,,,,7.571261682242991,,49,,7.9655172413793105,0,7.571261682242991,614,34,50,49
msg_1453,node49,node32,321,31662,31670.0,8.0,,,,7.572261072261072,,49,,7.9655172413793105,0,7.572261072261072,612,32,50,49
msg_1454,node49,node33,321,31662,31672.0,10.0,,,,7.574912891986063,,49,,9.931034482758621,0,7.574912891986063,609,29,50,49
msg_1455,node49,node34,321,31662,,,,,,7.633433283358321,,49,,,0,7.633433283358321,920,20,50,49
msg_1456,node49,node35,321,31662,31672.0,10.0,,,,7.577726218097448,,49,,9.931034482758621,0,7.577726218097448,608,28,50,49
msg_1457,node49,node36,321,31662,31672.0,10.0,,,,7.58053302433372,,49,,9.931034482758621,0,7.58053302433372,607,27,50,49
msg_1458,node49,node37,321,31662,31672.0,10.0,,,,7.583333333333333,,49,,9.931034482758621,0,7.583333333333333,606,26,50,49
msg_1459,node49,node38,321,31662,,,,,,7.633433283358321,,49,,,0,7.633433283358321,920,20,50,49
msg_1460,node49,node39,321,31662,,,,,,7.633433283358321,,49,,,0,7.633433283358321,920,20,50,49
msg_1461,node49,node40,321,31662,31673.0,11.0,,,,7.586127167630058,,49,,10.96551724137931,0,7.586127167630058,605,25,50,49
msg_1462,node49,node41,321,31662,31673.0,11.0,,,,7.590069284064665,,49,,10.96551724137931,0,7.590069284064665,604,24,50,49
msg_1463,node49,node42,321,31662,,,,,,7.633433283358321,,49,,,0,7.633433283358321,920,20,50,49
msg_1464,node49,node43,321,31662,,,,,,7.633433283358321,,49,,,0,7.633433283358321,920,20,50,49
msg_1465,node49,node44,321,31662,31673.0,11.0,,,,7.594002306805075,,49,,10.96551724137931,0,7.594002306805075,603,23,50,49
msg_1466,node49,node45,321,31662,31674.0,12.0,,,,7.597926267281106,,49,,11.96551724137931,0,7.597926267281106,602,22,50,49
msg_1467,node49,node46,321,31662,31674.0,12.0,,,,7.602991944764097,,49,,11.96551724137931,0,7.602991944764097,601,21,50,49
msg_1468,node49,node47,321,31662,,,,,,7.633433283358321,,49,,,0,7.633433283358321,920,20,50,49
msg_1469,node49,node48,321,31662,,,,,,7.633433283358321,,49,,,0,7.633433283358321,920,20,50,49
msg_1470,node49,node0,320,32054,32058.0,4.0,,,,7.6080459770114945,,49,,3.933333333333333,0,7.6080459770114945,649,49,50,49
msg_1471,node49,node1,320,32054,32058.0,4.0,,,,7.603903559127439,,49,,3.933333333333333,0,7.603903559127439,648,48,50,49
msg_1472,node49,node2,320,32054,32058.0,4.0,,,,7.599770642201835,,49,,3.933333333333333,0,7.599770642201835,647,47,50,49
msg_1473,node49,node3,320,32054,32058.0,4.0,,,,7.591533180778032,,49,,4.966666666666667,0,7.591533180778032,645,45,50,49
msg_1474,node49,node4,320,32054,,,,,,7.633433283358321,,49,,,0,7.633433283358321,920,20,50,49
msg_1475,node49,node5,320,32054,,,,,,7.633433283358321,,49,,,0,7.633433283358321,920,20,50,49
msg_1476,node49,node6,320,32054,32058.0,4.0,,,,7.587428571428571,,49,,4.966666666666667,0,7.587428571428571,644,44,50,49
msg_1477,node49,node7,320,32054,32058.0,4.0,,,,7.583333333333333,,49,,4.966666666666667,0,7.583333333333333,643,43,50,49
msg_1478,node49,node8,320,32054,32060.0,6.0,,,,7.575170842824601,,49,,5.966666666666667,0,7.575170842824601,641,41,50,49
msg_1479,node49,node9,320,32054,32060.0,6.0,,,,7.573378839590443,,49,,5.966666666666667,0,7.573378839590443,640,40,50,49
msg_1480,node49,node10,321,32054,32058.0,4.0,,,,7.595647193585338,,49,,3.933333333333333,0,7.595647193585338,646,46,50,49
msg_1481,node49,node11,321,32054,,,,,,7.633433283358321,,49,,,0,7.633433283358321,920,20,50,49
msg_1482,node49,node12,321,32054,,,,,,7.633433283358321,,49,,,0,7.633433283358321,920,20,50,49
msg_1483,node49,node13,321,32054,32061.0,7.0,,,,7.570942111237231,,49,,6.933333333333334,0,7.570942111237231,638,38,50,49
msg_1484,node49,node14,321,32054,32058.0,4.0,,,,7.579247434435576,,49,,4.966666666666667,0,7.579247434435576,642,42,50,49
msg_1485,node49,node15,321,32054,32061.0,7.0,,,,7.570294784580499,,49,,6.933333333333334,0,7.570294784580499,637,37,50,49
msg_1486,node49,node16,321,32054,,,,,,7.633433283358321,,49,,,0,7.633433283358321,920,20,50,49
msg_1487,node49,node17,321,32054,32061.0,7.0,,,,7.56964892412231,,49,,6.933333333333334,0,7.56964892412231,636,36,50,49
msg_1488,node49,node18,321,32054,,,,,,7.633433283358321,,49,,,0,7.633433283358321,920,20,50,49
msg_1489,node49,node19,321,32054,,,,,,7.633433283358321,,49,,,0,7.633433283358321,920,20,50,49
msg_1490,node49,node20,321,32054,32061.0,7.0,,,,7.569004524886878,,49,,7.966666666666667,0,7.569004524886878,635,35,50,49
msg_1491,node49,node21,321,32054,32061.0,7.0,,,,7.571590909090909,,49,,6.933333333333334,0,7.571590909090909,639,39,50,49
msg_1492,node49,node22,321,32054,,,,,,7.633433283358321,,49,,,0,7.633433283358321,920,20,50,49
msg_1493,node49,node23,321,32054,,,,,,7.633433283358321,,49,,,0,7.633433283358321,920,20,50,49
msg_1494,node49,node24,321,32054,32061.0,7.0,,,,7.567720090293454,,49,,7.966666666666667,0,7.567720090293454,633,33,50,49
msg_1495,node49,node25,321,32054,32061.0,7.0,,,,7.566441441441442,,49,,7.966666666666667,0,7.566441441441442,631,31,50,49
msg_1496,node49,node26,321,32054,,,,,,7.633433283358321,,49,,,0,7.633433283358321,920,20,50,49
msg_1497,node49,node27,321,32054,32063.0,9.0,,,,7.565804274465692,,49,,8.966666666666667,0,7.565804274465692,630,30,50,49
msg_1498,node49,node28,321,32054,,,,,,7.633433283358321,,49,,,0,7.633433283358321,920,20,50,49
msg_1499,node49,node29,321,32054,,,,,,7.633433283358321,,49,,,0,7.633433283358321,920,20,50,49
msg_1500,node49,node30,321,32054,,,,,,7.633433283358321,,49,,,0,7.633433283358321,920,20,50,49
msg_1501,node49,node31,321,32054,32061.0,7.0,,,,7.568361581920904,,49,,7.966666666666667,0,7.568361581920904,634,34,50,49
msg_1502,node49,node32,321,32054,32061.0,7.0,,,,7.567080045095828,,49,,7.966666666666667,0,7.567080045095828,632,32,50,49
msg_1503,node49,node33,321,32054,32064.0,10.0,,,,7.567415730337078,,49,,9.933333333333334,0,7.567415730337078,629,29,50,49
msg_1504,node49,node34,321,32054,,,,,,7.633433283358321,,49,,,0,7.633433283358321,920,20,50,49
msg_1505,node49,node35,321,32054,32064.0,10.0,,,,7.570145903479236,,49,,9.933333333333334,0,7.570145903479236,628,28,50,49
msg_1506,node49,node36,321,32054,32064.0,10.0,,,,7.572869955156951,,49,,9.933333333333334,0,7.572869955156951,627,27,50,49
msg_1507,node49,node37,321,32054,32064.0,10.0,,,,7.57558790593505,,49,,9.933333333333334,0,7.57558790593505,626,26,50,49
msg_1508,node49,node38,321,32054,,,,,,7.633433283358321,,49,,,0,7.633433283358321,920,20,50,49
msg_1509,node49,node39,321,32054,,,,,,7.633433283358321,,49,,,0,7.633433283358321,920,20,50,49
msg_1510,node49,node40,321,32054,32064.0,10.0,,,,7.578299776286354,,49,,10.966666666666667,0,7.578299776286354,625,25,50,49
msg_1511,node49,node41,321,32054,32064.0,10.0,,,,7.581005586592179,,49,,10.966666666666667,0,7.581005586592179,624,24,50,49
msg_1512,node49,node42,321,32054,,,,,,7.633433283358321,,49,,,0,7.633433283358321,920,20,50,49
msg_1513,node49,node43,321,32054,,,,,,7.633433283358321,,49,,,0,7.633433283358321,920,20,50,49
msg_1514,node49,node44,321,32054,32064.0,10.0,,,,7.583705357142857,,49,,10.966666666666667,0,7.583705357142857,623,23,50,49
msg_1515,node49,node45,321,32054,32066.0,12.0,,,,7.586399108138239,,49,,11.966666666666667,0,7.586399108138239,622,22,50,49
msg_1516,node49,node46,321,32054,32066.0,12.0,,,,7.591314031180401,,49,,11.966666666666667,0,7.591314031180401,621,21,50,49
msg_1517,node49,node47,321,32054,,,,,,7.633433283358321,,49,,,0,7.633433283358321,920,20,50,49
msg_1518,node49,node48,321,32054,,,,,,7.633433283358321,,49,,,0,7.633433283358321,920,20,50,49
msg_1519,node49,node0,320,32201,32205.0,4.0,,,,7.596218020022247,,49,,3.935483870967742,0,7.596218020022247,669,49,50,49
msg_1520,node49,node1,320,32201,32205.0,4.0,,,,7.592222222222222,,49,,3.935483870967742,0,7.592222222222222,668,48,50,49
msg_1521,node49,node2,320,32201,32205.0,4.0,,,,7.588235294117647,,49,,3.935483870967742,0,7.588235294117647,667,47,50,49
msg_1522,node49,node3,320,32201,32206.0,5.0,,,,7.580287929125139,,49,,4.935483870967742,0,7.580287929125139,665,45,50,49
msg_1523,node49,node4,320,32201,,,,,,7.633433283358321,,49,,,0,7.633433283358321,920,20,50,49
msg_1524,node49,node5,320,32201,,,,,,7.633433283358321,,49,,,0,7.633433283358321,920,20,50,49
msg_1525,node49,node6,320,32201,32206.0,5.0,,,,7.577433628318584,,49,,4.935483870967742,0,7.577433628318584,664,44,50,49
msg_1526,node49,node7,320,32201,32206.0,5.0,,,,7.574585635359116,,49,,4.935483870967742,0,7.574585635359116,663,43,50,49
msg_1527,node49,node8,320,32201,32207.0,6.0,,,,7.56890848952591,,49,,5.967741935483871,0,7.56890848952591,661,41,50,49
msg_1528,node49,node9,320,32201,32207.0,6.0,,,,7.567180616740088,,49,,5.967741935483871,0,7.567180616740088,660,40,50,49
msg_1529,node49,node10,321,32201,32205.0,4.0,,,,7.5842572062084255,,49,,3.935483870967742,0,7.5842572062084255,666,46,50,49
msg_1530,node49,node11,321,32201,,,,,,7.633433283358321,,49,,,0,7.633433283358321,920,20,50,49
msg_1531,node49,node12,321,32201,,,,,,7.633433283358321,,49,,,0,7.633433283358321,920,20,50,49
msg_1532,node49,node13,321,32201,32208.0,7.0,,,,7.564835164835165,,49,,6.935483870967742,0,7.564835164835165,658,38,50,49
msg_1533,node49,node14,321,32201,32206.0,5.0,,,,7.571743929359823,,49,,4.935483870967742,0,7.571743929359823,662,42,50,49
msg_1534,node49,node15,321,32201,32208.0,7.0,,,,7.564215148188803,,49,,6.935483870967742,0,7.564215148188803,657,37,50,49
msg_1535,node49,node16,321,32201,,,,,,7.633433283358321,,49,,,0,7.633433283358321,920,20,50,49
msg_1536,node49,node17,321,32201,32208.0,7.0,,,,7.56359649122807,,49,,6.935483870967742,0,7.56359649122807,656,36,50,49
msg_1537,node49,node18,321,32201,,,,,,7.633433283358321,,49,,,0,7.633433283358321,920,20,50,49
msg_1538,node49,node19,321,32201,,,,,,7.633433283358321,,49,,,0,7.633433283358321,920,20,50,49
msg_1539,node49,node20,321,32201,32209.0,8.0,,,,7.562979189485214,,49,,7.935483870967742,0,7.562979189485214,655,35,50,49
msg_1540,node49,node21,321,32201,32208.0,7.0,,,,7.565456545654565,,49,,6.935483870967742,0,7.565456545654565,659,39,50,49
msg_1541,node49,node22,321,32201,,,,,,7.633433283358321,,49,,,0,7.633433283358321,920,20,50,49
msg_1542,node49,node23,321,32201,,,,,,7.633433283358321,,49,,,0,7.633433283358321,920,20,50,49
msg_1543,node49,node24,321,32201,32209.0,8.0,,,,7.563934426229508,,49,,7.935483870967742,0,7.563934426229508,653,33,50,49
msg_1544,node49,node25,321,32201,32209.0,8.0,,,,7.564885496183206,,49,,7.935483870967742,0,7.564885496183206,651,31,50,49
msg_1545,node49,node26,321,32201,,,,,,7.633433283358321,,49,,,0,7.633433283358321,920,20,50,49
msg_1546,node49,node27,321,32201,32210.0,9.0,,,,7.565359477124183,,49,,8.96774193548387,0,7.565359477124183,650,30,50,49
msg_1547,node49,node28,321,32201,,,,,,7.633433283358321,,49,,,0,7.633433283358321,920,20,50,49
msg_1548,node49,node29,321,32201,,,,,,7.633433283358321,,49,,,0,7.633433283358321,920,20,50,49
msg_1549,node49,node30,321,32201,,,,,,7.633433283358321,,49,,,0,7.633433283358321,920,20,50,49
msg_1550,node49,node31,321,32201,32209.0,8.0,,,,7.563457330415755,,49,,7.935483870967742,0,7.563457330415755,654,34,50,49
msg_1551,node49,node32,321,32201,32209.0,8.0,,,,7.564410480349345,,49,,7.935483870967742,0,7.564410480349345,652,32,50,49
msg_1552,node49,node33,321,32201,32211.0,10.0,,,,7.566920565832427,,49,,9.935483870967742,0,7.566920565832427,649,29,50,49
msg_1553,node49,node34,321,32201,,,,,,7.633433283358321,,49,,,0,7.633433283358321,920,20,50,49
msg_1554,node49,node35,321,32201,32211.0,10.0,,,,7.569565217391304,,49,,9.935483870967742,0,7.569565217391304,648,28,50,49
msg_1555,node49,node36,321,32201,32211.0,10.0,,,,7.572204125950054,,49,,9.935483870967742,0,7.572204125950054,647,27,50,49
msg_1556,node49,node37,321,32201,32211.0,10.0,,,,7.574837310195227,,49,,9.935483870967742,0,7.574837310195227,646,26,50,49
msg_1557,node49,node38,321,32201,,,,,,7.633433283358321,,49,,,0,7.633433283358321,920,20,50,49
msg_1558,node49,node39,321,32201,,,,,,7.633433283358321,,49,,,0,7.633433283358321,920,20,50,49
msg_1559,node49,node40,321,32201,32212.0,11.0,,,,7.577464788732394,,49,,10.935483870967742,0,7.577464788732394,645,25,50,49
msg_1560,node49,node41,321,32201,32212.0,11.0,,,,7.5811688311688314,,49,,10.935483870967742,0,7.5811688311688314,644,24,50,49
msg_1561,node49,node42,321,32201,,,,,,7.633433283358321,,49,,,0,7.633433283358321,920,20,50,49
msg_1562,node49,node43,321,32201,,,,,,7.633433283358321,,49,,,0,7.633433283358321,920,20,50,49
msg_1563,node49,node44,321,32201,32212.0,11.0,,,,7.584864864864865,,49,,10.935483870967742,0,7.584864864864865,643,23,50,49
msg_1564,node49,node45,321,32201,32213.0,12.0,,,,7.588552915766739,,49,,11.96774193548387,0,7.588552915766739,642,22,50,49
msg_1565,node49,node46,321,32201,32213.0,12.0,,,,7.5933117583603025,,49,,11.96774193548387,0,7.5933117583603025,641,21,50,49
msg_1566,node49,node47,321,32201,,,,,,7.633433283358321,,49,,,0,7.633433283358321,920,20,50,49
msg_1567,node49,node48,321,32201,,,,,,7.633433283358321,,49,,,0,7.633433283358321,920,20,50,49
msg_1568,node49,node0,320,32916,32920.0,4.0,,,,7.598060344827586,,49,,3.9375,0,7.598060344827586,689,49,50,49
msg_1569,node49,node1,320,32916,32920.0,4.0,,,,7.594187298170075,,49,,3.9375,0,7.594187298170075,688,48,50,49
msg_1570,node49,node2,320,32916,32920.0,4.0,,,,7.590322580645161,,49,,3.9375,0,7.590322580645161,687,47,50,49
msg_1571,node49,node3,320,32916,32921.0,5.0,,,,7.582618025751073,,49,,4.9375,0,7.582618025751073,685,45,50,49
msg_1572,node49,node4,320,32916,,,,,,7.633433283358321,,49,,,0,7.633433283358321,920,20,50,49
msg_1573,node49,node5,320,32916,,,,,,7.633433283358321,,49,,,0,7.633433283358321,920,20,50,49
msg_1574,node49,node6,320,32916,32921.0,5.0,,,,7.579849946409432,,49,,4.9375,0,7.579849946409432,684,44,50,49
msg_1575,node49,node7,320,32916,32921.0,5.0,,,,7.577087794432548,,49,,4.9375,0,7.577087794432548,683,43,50,49
msg_1576,node49,node8,320,32916,32922.0,6.0,,,,7.571581196581197,,49,,5.96875,0,7.571581196581197,681,41,50,49
msg_1577,node49,node9,320,32916,32922.0,6.0,,,,7.569903948772679,,49,,5.96875,0,7.569903948772679,680,40,50,49
msg_1578,node49,node10,321,32916,32920.0,4.0,,,,7.586466165413534,,49,,3.9375,0,7.586466165413534,686,46,50,49
msg_1579,node49,node11,321,32916,,,,,,7.633433283358321,,49,,,0,7.633433283358321,920,20,50,49
msg_1580,node49,node12,321,32916,,,,,,7.633433283358321,,49,,,0,7.633433283358321,920,20,50,49
msg_1581,node49,node13,321,32916,32923.0,7.0,,,,7.567625133120341,,49,,6.9375,0,7.567625133120341,678,38,50,49
msg_1582,node49,node14,321,32916,32921.0,5.0,,,,7.574331550802139,,49,,4.9375,0,7.574331550802139,682,42,50,49
msg_1583,node49,node15,321,32916,32923.0,7.0,,,,7.567021276595745,,49,,6.9375,0,7.567021276595745,677,37,50,49
msg_1584,node49,node16,321,32916,,,,,,7.633433283358321,,49,,,0,7.633433283358321,920,20,50,49
msg_1585,node49,node17,321,32916,32923.0,7.0,,,,7.5664187035069075,,49,,6.9375,0,7.5664187035069075,676,36,50,49
msg_1586,node49,node18,321,32916,,,,,,7.633433283358321,,49,,,0,7.633433283358321,920,20,50,49
msg_1587,node49,node19,321,32916,,,,,,7.633433283358321,,49,,,0,7.633433283358321,920,20,50,49
msg_1588,node49,node20,321,32916,32924.0,8.0,,,,7.565817409766455,,49,,7.9375,0,7.565817409766455,675,35,50,49
msg_1589,node49,node21,321,32916,32923.0,7.0,,,,7.568230277185501,,49,,6.9375,0,7.568230277185501,679,39,50,49
msg_1590,node49,node22,321,32916,,,,,,7.633433283358321,,49,,,0,7.633433283358321,920,20,50,49
msg_1591,node49,node23,321,32916,,,,,,7.633433283358321,,49,,,0,7.633433283358321,920,20,50,49
msg_1592,node49,node24,321,32916,32924.0,8.0,,,,7.566737288135593,,49,,7.9375,0,7.566737288135593,673,33,50,49
msg_1593,node49,node25,321,32916,32924.0,8.0,,,,7.567653276955602,,49,,7.9375,0,7.567653276955602,671,31,50,49
msg_1594,node49,node26,321,32916,,,,,,7.633433283358321,,49,,,0,7.633433283358321,920,20,50,49
msg_1595,node49,node27,321,32916,32925.0,9.0,,,,7.568109820485745,,49,,8.96875,0,7.568109820485745,670,30,50,49
msg_1596,node49,node28,321,32916,,,,,,7.633433283358321,,49,,,0,7.633433283358321,920,20,50,49
msg_1597,node49,node29,321,32916,,,,,,7.633433283358321,,49,,,0,7.633433283358321,920,20,50,49
msg_1598,node49,node30,321,32916,,,,,,7.633433283358321,,49,,,0,7.633433283358321,920,20,50,49
msg_1599,node49,node31,321,32916,32924.0,8.0,,,,7.566277836691411,,49,,7.9375,0,7.566277836691411,674,34,50,49
msg_1600,node49,node32,321,32916,32924.0,8.0,,,,7.567195767195767,,49,,7.9375,0,7.567195767195767,672,32,50,49
msg_1601,node49,node33,321,32916,32926.0,10.0,,,,7.569620253164557,,49,,9.9375,0,7.569620253164557,669,29,50,49
msg_1602,node49,node34,321,32916,,,,,,7.633433283358321,,49,,,0,7.633433283358321,920,20,50,49
msg_1603,node49,node35,321,32916,32926.0,10.0,,,,7.5721812434141205,,49,,9.9375,0,7.5721812434141205,668,28,50,49
msg_1604,node49,node36,321,32916,32926.0,10.0,,,,7.574736842105263,,49,,9.9375,0,7.574736842105263,667,27,50,49
msg_1605,node49,node37,321,32916,32926.0,10.0,,,,7.577287066246057,,49,,9.9375,0,7.577287066246057,666,26,50,49
msg_1606,node49,node38,321,32916,,,,,,7.633433283358321,,49,,,0,7.633433283358321,920,20,50,49
msg_1607,node49,node39,321,32916,,,,,,7.633433283358321,,49,,,0,7.633433283358321,920,20,50,49
msg_1608,node49,node40,321,32916,32927.0,11.0,,,,7.579831932773109,,49,,10.9375,0,7.579831932773109,665,25,50,49
msg_1609,node49,node41,321,32916,32927.0,11.0,,,,7.583420776495278,,49,,10.9375,0,7.583420776495278,664,24,50,49
msg_1610,node49,node42,321,32916,,,,,,7.633433283358321,,49,,,0,7.633433283358321,920,20,50,49
msg_1611,node49,node43,321,32916,,,,,,7.633433283358321,,49,,,0,7.633433283358321,920,20,50,49
msg_1612,node49,node44,321,32916,32927.0,11.0,,,,7.587002096436058,,49,,10.9375,0,7.587002096436058,663,23,50,49
msg_1613,node49,node45,321,32916,32928.0,12.0,,,,7.5905759162303665,,49,,11.96875,0,7.5905759162303665,662,22,50,49
msg_1614,node49,node46,321,32916,32928.0,12.0,,,,7.595188284518828,,49,,11.96875,0,7.595188284518828,661,21,50,49
msg_1615,node49,node47,321,32916,,,,,,7.633433283358321,,49,,,0,7.633433283358321,920,20,50,49
msg_1616,node49,node48,321,32916,,,,,,7.633433283358321,,49,,,0,7.633433283358321,920,20,50,49
msg_1617,node49,node0,320,39549,39553.0,4.0,,,,7.599791013584117,,49,,3.9393939393939394,0,7.599791013584117,709,49,50,49
msg_1618,node49,node1,320,39549,39553.0,4.0,,,,7.596033402922756,,49,,3.9393939393939394,0,7.596033402922756,708,48,50,49
msg_1619,node49,node2,320,39549,39553.0,4.0,,,,7.592283628779979,,49,,3.9393939393939394,0,7.592283628779979,707,47,50,49
msg_1620,node49,node3,320,39549,39554.0,5.0,,,,7.58480749219563,,49,,4.9393939393939394,0,7.58480749219563,705,45,50,49
msg_1621,node49,node4,320,39549,,,,,,7.633433283358321,,49,,,0,7.633433283358321,920,20,50,49
msg_1622,node49,node5,320,39549,,,,,,7.633433283358321,,49,,,0,7.633433283358321,920,20,50,49
msg_1623,node49,node6,320,39549,39554.0,5.0,,,,7.582120582120582,,49,,4.9393939393939394,0,7.582120582120582,704,44,50,49
msg_1624,node49,node7,320,39549,39554.0,5.0,,,,7.579439252336448,,49,,4.9393939393939394,0,7.579439252336448,703,43,50,49
msg_1625,node49,node8,320,39549,39555.0,6.0,,,,7.574093264248705,,49,,5.96969696969697,0,7.574093264248705,701,41,50,49
msg_1626,node49,node9,320,39549,39555.0,6.0,,,,7.572463768115942,,49,,5.96969696969697,0,7.572463768115942,700,40,50,49
msg_1627,node49,node10,321,39549,39553.0,4.0,,,,7.588541666666667,,49,,3.9393939393939394,0,7.588541666666667,706,46,50,49
msg_1628,node49,node11,321,39549,,,,,,7.633433283358321,,49,,,0,7.633433283358321,920,20,50,49
msg_1629,node49,node12,321,39549,,,,,,7.633433283358321,,49,,,0,7.633433283358321,920,20,50,49
msg_1630,node49,node13,321,39549,39556.0,7.0,,,,7.570247933884297,,49,,6.9393939393939394,0,7.570247933884297,698,38,50,49
msg_1631,node49,node14,321,39549,39554.0,5.0,,,,7.576763485477178,,49,,4.9393939393939394,0,7.576763485477178,702,42,50,49
msg_1632,node49,node15,321,39549,39556.0,7.0,,,,7.569659442724459,,49,,6.9393939393939394,0,7.569659442724459,697,37,50,49
msg_1633,node49,node16,321,39549,,,,,,7.633433283358321,,49,,,0,7.633433283358321,920,20,50,49
msg_1634,node49,node17,321,39549,39556.0,7.0,,,,7.569072164948453,,49,,6.9393939393939394,0,7.569072164948453,696,36,50,49
msg_1635,node49,node18,321,39549,,,,,,7.633433283358321,,49,,,0,7.633433283358321,920,20,50,49
msg_1636,node49,node19,321,39549,,,,,,7.633433283358321,,49,,,0,7.633433283358321,920,20,50,49
msg_1637,node49,node20,321,39549,39557.0,8.0,,,,7.5684860968074155,,49,,7.9393939393939394,0,7.5684860968074155,695,35,50,49
msg_1638,node49,node21,321,39549,39556.0,7.0,,,,7.570837642192347,,49,,6.9393939393939394,0,7.570837642192347,699,39,50,49
msg_1639,node49,node22,321,39549,,,,,,7.633433283358321,,49,,,0,7.633433283358321,920,20,50,49
msg_1640,node49,node23,321,39549,,,,,,7.633433283358321,,49,,,0,7.633433283358321,920,20,50,49
msg_1641,node49,node24,321,39549,39557.0,8.0,,,,7.569373072970195,,49,,7.9393939393939394,0,7.569373072970195,693,33,50,49
msg_1642,node49,node25,321,39549,39557.0,8.0,,,,7.57025641025641,,49,,7.9393939393939394,0,7.57025641025641,691,31,50,49
msg_1643,node49,node26,321,39549,,,,,,7.633433283358321,,49,,,0,7.633433283358321,920,20,50,49
msg_1644,node49,node27,321,39549,39558.0,9.0,,,,7.570696721311475,,49,,8.969696969696969,0,7.570696721311475,690,30,50,49
msg_1645,node49,node28,321,39549,,,,,,7.633433283358321,,49,,,0,7.633433283358321,920,20,50,49
msg_1646,node49,node29,321,39549,,,,,,7.633433283358321,,49,,,0,7.633433283358321,920,20,50,49
msg_1647,node49,node30,321,39549,,,,,,7.633433283358321,,49,,,0,7.633433283358321,920,20,50,49
msg_1648,node49,node31,321,39549,39557.0,8.0,,,,7.568930041152264,,49,,7.9393939393939394,0,7.568930041152264,694,34,50,49
msg_1649,node49,node32,321,39549,39557.0,8.0,,,,7.569815195071868,,49,,7.9393939393939394,0,7.569815195071868,692,32,50,49
msg_1650,node49,node33,321,39549,39559.0,10.0,,,,7.572159672466735,,49,,9.93939393939394,0,7.572159672466735,689,29,50,49
msg_1651,node49,node34,321,39549,,,,,,7.633433283358321,,49,,,0,7.633433283358321,920,20,50,49
msg_1652,node49,node35,321,39549,39559.0,10.0,,,,7.574642126789366,,49,,9.93939393939394,0,7.574642126789366,688,28,50,49
msg_1653,node49,node36,321,39549,39559.0,10.0,,,,7.577119509703779,,49,,9.93939393939394,0,7.577119509703779,687,27,50,49
msg_1654,node49,node37,321,39549,39559.0,10.0,,,,7.579591836734694,,49,,9.93939393939394,0,7.579591836734694,686,26,50,49
msg_1655,node49,node38,321,39549,,,,,,7.633433283358321,,49,,,0,7.633433283358321,920,20,50,49
msg_1656,node49,node39,321,39549,,,,,,7.633433283358321,,49,,,0,7.633433283358321,920,20,50,49
msg_1657,node49,node40,321,39549,39560.0,11.0,,,,7.582059123343527,,49,,10.93939393939394,0,7.582059123343527,685,25,50,49
msg_1658,node49,node41,321,39549,39560.0,11.0,,,,7.585539714867617,,49,,10.93939393939394,0,7.585539714867617,684,24,50,49
msg_1659,node49,node42,321,39549,,,,,,7.633433283358321,,49,,,0,7.633433283358321,920,20,50,49
msg_1660,node49,node43,321,39549,,,,,,7.633433283358321,,49,,,0,7.633433283358321,920,20,50,49
msg_1661,node49,node44,321,39549,39560.0,11.0,,,,7.589013224821974,,49,,10.93939393939394,0,7.589013224821974,683,23,50,49
msg_1662,node49,node45,321,39549,39561.0,12.0,,,,7.592479674796748,,49,,11.969696969696969,0,7.592479674796748,682,22,50,49
msg_1663,node49,node46,321,39549,39561.0,12.0,,,,7.596954314720812,,49,,11.969696969696969,0,7.596954314720812,681,21,50,49
msg_1664,node49,node47,321,39549,,,,,,7.633433283358321,,49,,,0,7.633433283358321,920,20,50,49
msg_1665,node49,node48,321,39549,,,,,,7.633433283358321,,49,,,0,7.633433283358321,920,20,50,49
msg_1666,node49,node0,320,40670,40674.0,4.0,,,,7.601419878296146,,49,,3.9411764705882355,0,7.601419878296146,729,49,50,49
msg_1667,node49,node1,320,40670,40674.0,4.0,,,,7.597771023302938,,49,,3.9411764705882355,0,7.597771023302938,728,48,50,49
msg_1668,node49,node2,320,40670,40674.0,4.0,,,,7.59412955465587,,49,,3.9411764705882355,0,7.59412955465587,727,47,50,49
msg_1669,node49,node3,320,40670,40675.0,5.0,,,,7.586868686868687,,49,,4.9411764705882355,0,7.586868686868687,725,45,50,49
msg_1670,node49,node4,320,40670,,,,,,7.633433283358321,,49,,,0,7.633433283358321,920,20,50,49
msg_1671,node49,node5,320,40670,,,,,,7.633433283358321,,49,,,0,7.633433283358321,920,20,50,49
msg_1672,node49,node6,320,40670,40675.0,5.0,,,,7.584258324924319,,49,,4.9411764705882355,0,7.584258324924319,724,44,50,49
msg_1673,node49,node7,320,40670,40675.0,5.0,,,,7.581653225806452,,49,,4.9411764705882355,0,7.581653225806452,723,43,50,49
msg_1674,node49,node8,320,40670,40676.0,6.0,,,,7.576458752515091,,49,,5.970588235294118,0,7.576458752515091,721,41,50,49
msg_1675,node49,node9,320,40670,40676.0,6.0,,,,7.574874371859297,,49,,5.970588235294118,0,7.574874371859297,720,40,50,49
msg_1676,node49,node10,321,40670,40674.0,4.0,,,,7.590495449949444,,49,,3.9411764705882355,0,7.590495449949444,726,46,50,49
msg_1677,node49,node11,321,40670,,,,,,7.633433283358321,,49,,,0,7.633433283358321,920,20,50,49
msg_1678,node49,node12,321,40670,,,,,,7.633433283358321,,49,,,0,7.633433283358321,920,20,50,49
msg_1679,node49,node13,321,40670,40677.0,7.0,,,,7.572718154463391,,49,,6.9411764705882355,0,7.572718154463391,718,38,50,49
msg_1680,node49,node14,321,40670,40675.0,5.0,,,,7.579053373615307,,49,,4.9411764705882355,0,7.579053373615307,722,42,50,49
msg_1681,node49,node15,321,40670,40677.0,7.0,,,,7.572144288577154,,49,,6.9411764705882355,0,7.572144288577154,717,37,50,49
msg_1682,node49,node16,321,40670,,,,,,7.633433283358321,,49,,,0,7.633433283358321,920,20,50,49
msg_1683,node49,node17,321,40670,40677.0,7.0,,,,7.571571571571572,,49,,6.9411764705882355,0,7.571571571571572,716,36,50,49
msg_1684,node49,node18,321,40670,,,,,,7.633433283358321,,49,,,0,7.633433283358321,920,20,50,49
msg_1685,node49,node19,321,40670,,,,,,7.633433283358321,,49,,,0,7.633433283358321,920,20,50,49
msg_1686,node49,node20,321,40670,40678.0,8.0,,,,7.571,,49,,7.9411764705882355,0,7.571,715,35,50,49
msg_1687,node49,node21,321,40670,40677.0,7.0,,,,7.573293172690763,,49,,6.9411764705882355,0,7.573293172690763,719,39,50,49
msg_1688,node49,node22,321,40670,,,,,,7.633433283358321,,49,,,0,7.633433283358321,920,20,50,49
msg_1689,node49,node23,321,40670,,,,,,7.633433283358321,,49,,,0,7.633433283358321,920,20,50,49
msg_1690,node49,node24,321,40670,40678.0,8.0,,,,7.57185628742515,,49,,7.9411764705882355,0,7.57185628742515,713,33,50,49
msg_1691,node49,node25,321,40670,40678.0,8.0,,,,7.572709163346613,,49,,7.9411764705882355,0,7.572709163346613,711,31,50,49
msg_1692,node49,node26,321,40670,,,,,,7.633433283358321,,49,,,0,7.633433283358321,920,20,50,49
msg_1693,node49,node27,321,40670,40679.0,9.0,,,,7.573134328358209,,49,,8.970588235294118,0,7.573134328358209,710,30,50,49
msg_1694,node49,node28,321,40670,,,,,,7.633433283358321,,49,,,0,7.633433283358321,920,20,50,49
msg_1695,node49,node29,321,40670,,,,,,7.633433283358321,,49,,,0,7.633433283358321,920,20,50,49
msg_1696,node49,node30,321,40670,,,,,,7.633433283358321,,49,,,0,7.633433283358321,920,20,50,49
msg_1697,node49,node31,321,40670,40678.0,8.0,,,,7.571428571428571,,49,,7.9411764705882355,0,7.571428571428571,714,34,50,49
msg_1698,node49,node32,321,40670,40678.0,8.0,,,,7.572283150548355,,49,,7.9411764705882355,0,7.572283150548355,712,32,50,49
msg_1699,node49,node33,321,40670,40680.0,10.0,,,,7.57455268389662,,49,,9.941176470588236,0,7.57455268389662,709,29,50,49
msg_1700,node49,node34,321,40670,,,,,,7.633433283358321,,49,,,0,7.633433283358321,920,20,50,49
msg_1701,node49,node35,321,40670,40680.0,10.0,,,,7.576961271102284,,49,,9.941176470588236,0,7.576961271102284,708,28,50,49
msg_1702,node49,node36,321,40670,40680.0,10.0,,,,7.579365079365079,,49,,9.941176470588236,0,7.579365079365079,707,27,50,49
msg_1703,node49,node37,321,40670,40680.0,10.0,,,,7.581764122893954,,49,,9.941176470588236,0,7.581764122893954,706,26,50,49
msg_1704,node49,node38,321,40670,,,,,,7.633433283358321,,49,,,0,7.633433283358321,920,20,50,49
msg_1705,node49,node39,321,40670,,,,,,7.633433283358321,,49,,,0,7.633433283358321,920,20,50,49
msg_1706,node49,node40,321,40670,40681.0,11.0,,,,7.584158415841584,,49,,10.941176470588236,0,7.584158415841584,705,25,50,49
msg_1707,node49,node41,321,40670,40681.0,11.0,,,,7.58753709198813,,49,,10.941176470588236,0,7.58753709198813,704,24,50,49
msg_1708,node49,node42,321,40670,,,,,,7.633433283358321,,49,,,0,7.633433283358321,920,20,50,49
msg_1709,node49,node43,321,40670,,,,,,7.633433283358321,,49,,,0,7.633433283358321,920,20,50,49
msg_1710,node49,node44,321,40670,40681.0,11.0,,,,7.590909090909091,,49,,10.941176470588236,0,7.590909090909091,703,23,50,49
msg_1711,node49,node45,321,40670,40682.0,12.0,,,,7.594274432379072,,49,,11.970588235294118,0,7.594274432379072,702,22,50,49
msg_1712,node49,node46,321,40670,40682.0,12.0,,,,7.59861932938856,,49,,11.970588235294118,0,7.59861932938856,701,21,50,49
msg_1713,node49,node47,321,40670,,,,,,7.633433283358321,,49,,,0,7.633433283358321,920,20,50,49
msg_1714,node49,node48,321,40670,,,,,,7.633433283358321,,49,,,0,7.633433283358321,920,20,50,49
msg_1715,node49,node0,320,40872,40876.0,4.0,,,,7.602955665024631,,49,,3.942857142857143,0,7.602955665024631,749,49,50,49
msg_1716,node49,node1,320,40872,40876.0,4.0,,,,7.599409448818897,,49,,3.942857142857143,0,7.599409448818897,748,48,50,49
msg_1717,node49,node2,320,40872,40876.0,4.0,,,,7.595870206489676,,49,,3.942857142857143,0,7.595870206489676,747,47,50,49
msg_1718,node49,node3,320,40872,40877.0,5.0,,,,7.588812561334642,,49,,4.942857142857143,0,7.588812561334642,745,45,50,49
msg_1719,node49,node4,320,40872,,,,,,7.633433283358321,,49,,,0,7.633433283358321,920,20,50,49
msg_1720,node49,node5,320,40872,,,,,,7.633433283358321,,49,,,0,7.633433283358321,920,20,50,49
msg_1721,node49,node6,320,40872,40877.0,5.0,,,,7.586274509803921,,49,,4.942857142857143,0,7.586274509803921,744,44,50,49
msg_1722,node49,node7,320,40872,40877.0,5.0,,,,7.583741429970617,,49,,4.942857142857143,0,7.583741429970617,743,43,50,49
msg_1723,node49,node8,320,40872,40878.0,6.0,,,,7.578690127077224,,49,,5.9714285714285715,0,7.578690127077224,741,41,50,49
msg_1724,node49,node9,320,40872,40878.0,6.0,,,,7.5771484375,,49,,5.9714285714285715,0,7.5771484375,740,40,50,49
msg_1725,node49,node10,321,40872,40876.0,4.0,,,,7.592337917485265,,49,,3.942857142857143,0,7.592337917485265,746,46,50,49
msg_1726,node49,node11,321,40872,,,,,,7.633433283358321,,49,,,0,7.633433283358321,920,20,50,49
msg_1727,node49,node12,321,40872,,,,,,7.633433283358321,,49,,,0,7.633433283358321,920,20,50,49
msg_1728,node49,node13,321,40872,40879.0,7.0,,,,7.57504873294347,,49,,6.942857142857143,0,7.57504873294347,738,38,50,49
msg_1729,node49,node14,321,40872,40877.0,5.0,,,,7.581213307240705,,49,,4.942857142857143,0,7.581213307240705,742,42,50,49
msg_1730,node49,node15,321,40872,40879.0,7.0,,,,7.574488802336903,,49,,6.942857142857143,0,7.574488802336903,737,37,50,49
msg_1731,node49,node16,321,40872,,,,,,7.633433283358321,,49,,,0,7.633433283358321,920,20,50,49
msg_1732,node49,node17,321,40872,40879.0,7.0,,,,7.573929961089494,,49,,6.942857142857143,0,7.573929961089494,736,36,50,49
msg_1733,node49,node18,321,40872,,,,,,7.633433283358321,,49,,,0,7.633433283358321,920,20,50,49
msg_1734,node49,node19,321,40872,,,,,,7.633433283358321,,49,,,0,7.633433283358321,920,20,50,49
msg_1735,node49,node20,321,40872,40880.0,8.0,,,,7.573372206025267,,49,,7.942857142857143,0,7.573372206025267,735,35,50,49
msg_1736,node49,node21,321,40872,40879.0,7.0,,,,7.575609756097561,,49,,6.942857142857143,0,7.575609756097561,739,39,50,49
msg_1737,node49,node22,321,40872,,,,,,7.633433283358321,,49,,,0,7.633433283358321,920,20,50,49
msg_1738,node49,node23,321,40872,,,,,,7.633433283358321,,49,,,0,7.633433283358321,920,20,50,49
msg_1739,node49,node24,321,40872,40880.0,8.0,,,,7.574199806013579,,49,,7.942857142857143,0,7.574199806013579,733,33,50,49
msg_1740,node49,node25,321,40872,40880.0,8.0,,,,7.5750242013552755,,49,,7.942857142857143,0,7.5750242013552755,731,31,50,49
msg_1741,node49,node26,321,40872,,,,,,7.633433283358321,,49,,,0,7.633433283358321,920,20,50,49
msg_1742,node49,node27,321,40872,40881.0,9.0,,,,7.575435203094777,,49,,8.971428571428572,0,7.575435203094777,730,30,50,49
msg_1743,node49,node28,321,40872,,,,,,7.633433283358321,,49,,,0,7.633433283358321,920,20,50,49
msg_1744,node49,node29,321,40872,,,,,,7.633433283358321,,49,,,0,7.633433283358321,920,20,50,49
msg_1745,node49,node30,321,40872,,,,,,7.633433283358321,,49,,,0,7.633433283358321,920,20,50,49
msg_1746,node49,node31,321,40872,40880.0,8.0,,,,7.57378640776699,,49,,7.942857142857143,0,7.57378640776699,734,34,50,49
msg_1747,node49,node32,321,40872,40880.0,8.0,,,,7.574612403100775,,49,,7.942857142857143,0,7.574612403100775,732,32,50,49
msg_1748,node49,node33,321,40872,40882.0,10.0,,,,7.576811594202899,,49,,9.942857142857143,0,7.576811594202899,729,29,50,49
msg_1749,node49,node34,321,40872,,,,,,7.633433283358321,,49,,,0,7.633433283358321,920,20,50,49
msg_1750,node49,node35,321,40872,40882.0,10.0,,,,7.579150579150579,,49,,9.942857142857143,0,7.579150579150579,728,28,50,49
msg_1751,node49,node36,321,40872,40882.0,10.0,,,,7.581485053037609,,49,,9.942857142857143,0,7.581485053037609,727,27,50,49
msg_1752,node49,node37,321,40872,40882.0,10.0,,,,7.583815028901734,,49,,9.942857142857143,0,7.583815028901734,726,26,50,49
msg_1753,node49,node38,321,40872,,,,,,7.633433283358321,,49,,,0,7.633433283358321,920,20,50,49
msg_1754,node49,node39,321,40872,,,,,,7.633433283358321,,49,,,0,7.633433283358321,920,20,50,49
msg_1755,node49,node40,321,40872,40883.0,11.0,,,,7.5861405197305105,,49,,10.942857142857143,0,7.5861405197305105,725,25,50,49
msg_1756,node49,node41,321,40872,40883.0,11.0,,,,7.589423076923077,,49,,10.942857142857143,0,7.589423076923077,724,24,50,49
msg_1757,node49,node42,321,40872,,,,,,7.633433283358321,,49,,,0,7.633433283358321,920,20,50,49
msg_1758,node49,node43,321,40872,,,,,,7.633433283358321,,49,,,0,7.633433283358321,920,20,50,49
msg_1759,node49,node44,321,40872,40883.0,11.0,,,,7.592699327569645,,49,,10.942857142857143,0,7.592699327569645,723,23,50,49
msg_1760,node49,node45,321,40872,40884.0,12.0,,,,7.595969289827256,,49,,11.971428571428572,0,7.595969289827256,722,22,50,49
msg_1761,node49,node46,321,40872,40884.0,12.0,,,,7.600191754554171,,49,,11.971428571428572,0,7.600191754554171,721,21,50,49
msg_1762,node49,node47,321,40872,,,,,,7.633433283358321,,49,,,0,7.633433283358321,920,20,50,49
msg_1763,node49,node48,321,40872,,,,,,7.633433283358321,,49,,,0,7.633433283358321,920,20,50,49
msg_1764,node49,node0,320,43111,43115.0,4.0,,,,7.604406130268199,,49,,3.9444444444444446,0,7.604406130268199,769,49,50,49
msg_1765,node49,node1,320,43111,43115.0,4.0,,,,7.600956937799043,,49,,3.9444444444444446,0,7.600956937799043,768,48,50,49
msg_1766,node49,node2,320,43111,43115.0,4.0,,,,7.597514340344168,,49,,3.9444444444444446,0,7.597514340344168,767,47,50,49
msg_1767,node49,node3,320,43111,43116.0,5.0,,,,7.590648854961832,,49,,4.944444444444445,0,7.590648854961832,765,45,50,49
msg_1768,node49,node4,320,43111,,,,,,7.633433283358321,,49,,,0,7.633433283358321,920,20,50,49
msg_1769,node49,node5,320,43111,,,,,,7.633433283358321,,49,,,0,7.633433283358321,920,20,50,49
msg_1770,node49,node6,320,43111,43116.0,5.0,,,,7.588179218303146,,49,,4.944444444444445,0,7.588179218303146,764,44,50,49
msg_1771,node49,node7,320,43111,43116.0,5.0,,,,7.585714285714285,,49,,4.944444444444445,0,7.585714285714285,763,43,50,49
msg_1772,node49,node8,320,43111,43117.0,6.0,,,,7.580798479087452,,49,,5.972222222222222,0,7.580798479087452,761,41,50,49
msg_1773,node49,node9,320,43111,43117.0,6.0,,,,7.579297245963913,,49,,5.972222222222222,0,7.579297245963913,760,40,50,49
msg_1774,node49,node10,321,43111,43115.0,4.0,,,,7.594078319006686,,49,,3.9444444444444446,0,7.594078319006686,766,46,50,49
msg_1775,node49,node11,321,43111,,,,,,7.633433283358321,,49,,,0,7.633433283358321,920,20,50,49
msg_1776,node49,node12,321,43111,,,,,,7.633433283358321,,49,,,0,7.633433283358321,920,20,50,49
msg_1777,node49,node13,321,43111,43118.0,7.0,,,,7.5772511848341235,,49,,6.944444444444445,0,7.5772511848341235,758,38,50,49
msg_1778,node49,node14,321,43111,43116.0,5.0,,,,7.58325404376784,,49,,4.944444444444445,0,7.58325404376784,762,42,50,49
msg_1779,node49,node15,321,43111,43118.0,7.0,,,,7.576704545454546,,49,,6.944444444444445,0,7.576704545454546,757,37,50,49
msg_1780,node49,node16,321,43111,,,,,,7.633433283358321,,49,,,0,7.633433283358321,920,20,50,49
msg_1781,node49,node17,321,43111,43118.0,7.0,,,,7.576158940397351,,49,,6.944444444444445,0,7.576158940397351,756,36,50,49
msg_1782,node49,node18,321,43111,,,,,,7.633433283358321,,49,,,0,7.633433283358321,920,20,50,49
msg_1783,node49,node19,321,43111,,,,,,7.633433283358321,,49,,,0,7.633433283358321,920,20,50,49
msg_1784,node49,node20,321,43111,43119.0,8.0,,,,7.5756143667296785,,49,,7.944444444444445,0,7.5756143667296785,755,35,50,49
msg_1785,node49,node21,321,43111,43118.0,7.0,,,,7.577798861480076,,49,,6.944444444444445,0,7.577798861480076,759,39,50,49
msg_1786,node49,node22,321,43111,,,,,,7.633433283358321,,49,,,0,7.633433283358321,920,20,50,49
msg_1787,node49,node23,321,43111,,,,,,7.633433283358321,,49,,,0,7.633433283358321,920,20,50,49
msg_1788,node49,node24,321,43111,43119.0,8.0,,,,7.576415094339622,,49,,7.944444444444445,0,7.576415094339622,753,33,50,49
msg_1789,node49,node25,321,43111,43119.0,8.0,,,,7.577212806026365,,49,,7.944444444444445,0,7.577212806026365,751,31,50,49
msg_1790,node49,node26,321,43111,,,,,,7.633433283358321,,49,,,0,7.633433283358321,920,20,50,49
msg_1791,node49,node27,321,43111,43120.0,9.0,,,,7.57761053621825,,49,,8.972222222222221,0,7.57761053621825,750,30,50,49
msg_1792,node49,node28,321,43111,,,,,,7.633433283358321,,49,,,0,7.633433283358321,920,20,50,49
msg_1793,node49,node29,321,43111,,,,,,7.633433283358321,,49,,,0,7.633433283358321,920,20,50,49
msg_1794,node49,node30,321,43111,,,,,,7.633433283358321,,49,,,0,7.633433283358321,920,20,50,49
msg_1795,node49,node31,321,43111,43119.0,8.0,,,,7.576015108593012,,49,,7.944444444444445,0,7.576015108593012,754,34,50,49
msg_1796,node49,node32,321,43111,43119.0,8.0,,,,7.576814326107446,,49,,7.944444444444445,0,7.576814326107446,752,32,50,49
msg_1797,node49,node33,321,43111,43121.0,10.0,,,,7.578947368421052,,49,,9.944444444444445,0,7.578947368421052,749,29,50,49
msg_1798,node49,node34,321,43111,,,,,,7.633433283358321,,49,,,0,7.633433283358321,920,20,50,49
msg_1799,node49,node35,321,43111,43121.0,10.0,,,,7.581220657276996,,49,,9.944444444444445,0,7.581220657276996,748,28,50,49
msg_1800,node49,node36,321,43111,43121.0,10.0,,,,7.583489681050657,,49,,9.944444444444445,0,7.583489681050657,747,27,50,49
msg_1801,node49,node37,321,43111,43121.0,10.0,,,,7.585754451733833,,49,,9.944444444444445,0,7.585754451733833,746,26,50,49
msg_1802,node49,node38,321,43111,,,,,,7.633433283358321,,49,,,0,7.633433283358321,920,20,50,49
msg_1803,node49,node39,321,43111,,,,,,7.633433283358321,,49,,,0,7.633433283358321,920,20,50,49
msg_1804,node49,node40,321,43111,43122.0,11.0,,,,7.588014981273409,,49,,10.944444444444445,0,7.588014981273409,745,25,50,49
msg_1805,node49,node41,321,43111,43122.0,11.0,,,,7.591206735266605,,49,,10.944444444444445,0,7.591206735266605,744,24,50,49
msg_1806,node49,node42,321,43111,,,,,,7.633433283358321,,49,,,0,7.633433283358321,920,20,50,49
msg_1807,node49,node43,321,43111,,,,,,7.633433283358321,,49,,,0,7.633433283358321,920,20,50,49
msg_1808,node49,node44,321,43111,43122.0,11.0,,,,7.594392523364486,,49,,10.944444444444445,0,7.594392523364486,743,23,50,49
msg_1809,node49,node45,321,43111,43123.0,12.0,,,,7.597572362278244,,49,,11.972222222222221,0,7.597572362278244,742,22,50,49
msg_1810,node49,node46,321,43111,43123.0,12.0,,,,7.601679104477612,,49,,11.972222222222221,0,7.601679104477612,741,21,50,49
msg_1811,node49,node47,321,43111,,,,,,7.633433283358321,,49,,,0,7.633433283358321,920,20,50,49
msg_1812,node49,node48,321,43111,,,,,,7.633433283358321,,49,,,0,7.633433283358321,920,20,50,49
msg_1813,node49,node0,320,44706,44710.0,4.0,,,,7.605778191985088,,49,,3.945945945945946,0,7.605778191985088,789,49,50,49
msg_1814,node49,node1,320,44706,44710.0,4.0,,,,7.6024208566108005,,49,,3.945945945945946,0,7.6024208566108005,788,48,50,49
msg_1815,node49,node2,320,44706,44710.0,4.0,,,,7.59906976744186,,49,,3.945945945945946,0,7.59906976744186,787,47,50,49
msg_1816,node49,node3,320,44706,44711.0,5.0,,,,7.59238625812442,,49,,4.945945945945946,0,7.59238625812442,785,45,50,49
msg_1817,node49,node4,320,44706,,,,,,7.633433283358321,,49,,,0,7.633433283358321,920,20,50,49
msg_1818,node49,node5,320,44706,,,,,,7.633433283358321,,49,,,0,7.633433283358321,920,20,50,49
msg_1819,node49,node6,320,44706,44711.0,5.0,,,,7.589981447124305,,49,,4.945945945945946,0,7.589981447124305,784,44,50,49
msg_1820,node49,node7,320,44706,44711.0,5.0,,,,7.58758109360519,,49,,4.945945945945946,0,7.58758109360519,783,43,50,49
msg_1821,node49,node8,320,44706,44712.0,6.0,,,,7.5827937095282145,,49,,5.972972972972973,0,7.5827937095282145,781,41,50,49
msg_1822,node49,node9,320,44706,44712.0,6.0,,,,7.581330868761553,,49,,5.972972972972973,0,7.581330868761553,780,40,50,49
msg_1823,node49,node10,321,44706,44710.0,4.0,,,,7.595724907063197,,49,,3.945945945945946,0,7.595724907063197,786,46,50,49
msg_1824,node49,node11,321,44706,,,,,,7.633433283358321,,49,,,0,7.633433283358321,920,20,50,49
msg_1825,node49,node12,321,44706,,,,,,7.633433283358321,,49,,,0,7.633433283358321,920,20,50,49
msg_1826,node49,node13,321,44706,44713.0,7.0,,,,7.5793357933579335,,49,,6.945945945945946,0,7.5793357933579335,778,38,50,49
msg_1827,node49,node14,321,44706,44711.0,5.0,,,,7.5851851851851855,,49,,4.945945945945946,0,7.5851851851851855,782,42,50,49
msg_1828,node49,node15,321,44706,44713.0,7.0,,,,7.578801843317972,,49,,6.945945945945946,0,7.578801843317972,777,37,50,49
msg_1829,node49,node16,321,44706,,,,,,7.633433283358321,,49,,,0,7.633433283358321,920,20,50,49
msg_1830,node49,node17,321,44706,44713.0,7.0,,,,7.578268876611418,,49,,6.945945945945946,0,7.578268876611418,776,36,50,49
msg_1831,node49,node18,321,44706,,,,,,7.633433283358321,,49,,,0,7.633433283358321,920,20,50,49
msg_1832,node49,node19,321,44706,,,,,,7.633433283358321,,49,,,0,7.633433283358321,920,20,50,49
msg_1833,node49,node20,321,44706,44714.0,8.0,,,,7.577736890524379,,49,,7.945945945945946,0,7.577736890524379,775,35,50,49
msg_1834,node49,node21,321,44706,44713.0,7.0,,,,7.579870729455217,,49,,6.945945945945946,0,7.579870729455217,779,39,50,49
msg_1835,node49,node22,321,44706,,,,,,7.633433283358321,,49,,,0,7.633433283358321,920,20,50,49
msg_1836,node49,node23,321,44706,,,,,,7.633433283358321,,49,,,0,7.633433283358321,920,20,50,49
msg_1837,node49,node24,321,44706,44714.0,8.0,,,,7.578512396694215,,49,,7.945945945945946,0,7.578512396694215,773,33,50,49
msg_1838,node49,node25,321,44706,44714.0,8.0,,,,7.5792850595783685,,49,,7.945945945945946,0,7.5792850595783685,771,31,50,49
msg_1839,node49,node26,321,44706,,,,,,7.633433283358321,,49,,,0,7.633433283358321,920,20,50,49
msg_1840,node49,node27,321,44706,44715.0,9.0,,,,7.579670329670329,,49,,8.972972972972974,0,7.579670329670329,770,30,50,49
msg_1841,node49,node28,321,44706,,,,,,7.633433283358321,,49,,,0,7.633433283358321,920,20,50,49
msg_1842,node49,node29,321,44706,,,,,,7.633433283358321,,49,,,0,7.633433283358321,920,20,50,49
msg_1843,node49,node30,321,44706,,,,,,7.633433283358321,,49,,,0,7.633433283358321,920,20,50,49
msg_1844,node49,node31,321,44706,44714.0,8.0,,,,7.578125,,49,,7.945945945945946,0,7.578125,774,34,50,49
msg_1845,node49,node32,321,44706,44714.0,8.0,,,,7.578899082568808,,49,,7.945945945945946,0,7.578899082568808,772,32,50,49
msg_1846,node49,node33,321,44706,44716.0,10.0,,,,7.580969807868253,,49,,9.945945945945946,0,7.580969807868253,769,29,50,49
msg_1847,node49,node34,321,44706,,,,,,7.633433283358321,,49,,,0,7.633433283358321,920,20,50,49
msg_1848,node49,node35,321,44706,44716.0,10.0,,,,7.583180987202925,,49,,9.945945945945946,0,7.583180987202925,768,28,50,49
msg_1849,node49,node36,321,44706,44716.0,10.0,,,,7.585388127853881,,49,,9.945945945945946,0,7.585388127853881,767,27,50,49
msg_1850,node49,node37,321,44706,44716.0,10.0,,,,7.587591240875913,,49,,9.945945945945946,0,7.587591240875913,766,26,50,49
msg_1851,node49,node38,321,44706,,,,,,7.633433283358321,,49,,,0,7.633433283358321,920,20,50,49
msg_1852,node49,node39,321,44706,,,,,,7.633433283358321,,49,,,0,7.633433283358321,920,20,50,49
msg_1853,node49,node40,321,44706,44717.0,11.0,,,,7.5897903372835005,,49,,10.945945945945946,0,7.5897903372835005,765,25,50,49
msg_1854,node49,node41,321,44706,44717.0,11.0,,,,7.592896174863388,,49,,10.945945945945946,0,7.592896174863388,764,24,50,49
msg_1855,node49,node42,321,44706,,,,,,7.633433283358321,,49,,,0,7.633433283358321,920,20,50,49
msg_1856,node49,node43,321,44706,,,,,,7.633433283358321,,49,,,0,7.633433283358321,920,20,50,49
msg_1857,node49,node44,321,44706,44717.0,11.0,,,,7.595996360327571,,49,,10.945945945945946,0,7.595996360327571,763,23,50,49
msg_1858,node49,node45,321,44706,44718.0,12.0,,,,7.599090909090909,,49,,11.972972972972974,0,7.599090909090909,762,22,50,49
msg_1859,node49,node46,321,44706,44718.0,12.0,,,,7.603088101725704,,49,,11.972972972972974,0,7.603088101725704,761,21,50,49
msg_1860,node49,node47,321,44706,,,,,,7.633433283358321,,49,,,0,7.633433283358321,920,20,50,49
msg_1861,node49,node48,321,44706,,,,,,7.633433283358321,,49,,,0,7.633433283358321,920,20,50,49
msg_1862,node49,node0,320,46030,46034.0,4.0,,,,7.607078039927405,,49,,3.9473684210526314,0,7.607078039927405,809,49,50,49
msg_1863,node49,node1,320,46030,46034.0,4.0,,,,7.603807796917498,,49,,3.9473684210526314,0,7.603807796917498,808,48,50,49
msg_1864,node49,node2,320,46030,46034.0,4.0,,,,7.600543478260869,,49,,3.9473684210526314,0,7.600543478260869,807,47,50,49
msg_1865,node49,node3,320,46030,46035.0,5.0,,,,7.594032549728753,,49,,4.947368421052632,0,7.594032549728753,805,45,50,49
msg_1866,node49,node4,320,46030,,,,,,7.633433283358321,,49,,,0,7.633433283358321,920,20,50,49
msg_1867,node49,node5,320,46030,,,,,,7.633433283358321,,49,,,0,7.633433283358321,920,20,50,49
msg_1868,node49,node6,320,46030,46035.0,5.0,,,,7.591689250225835,,49,,4.947368421052632,0,7.591689250225835,804,44,50,49
msg_1869,node49,node7,320,46030,46035.0,5.0,,,,7.5893501805054155,,49,,4.947368421052632,0,7.5893501805054155,803,43,50,49
msg_1870,node49,node8,320,46030,46036.0,6.0,,,,7.584684684684684,,49,,5.973684210526316,0,7.584684684684684,801,41,50,49
msg_1871,node49,node9,320,46030,46036.0,6.0,,,,7.583258325832583,,49,,5.973684210526316,0,7.583258325832583,800,40,50,49
msg_1872,node49,node10,321,46030,46034.0,4.0,,,,7.597285067873303,,49,,3.9473684210526314,0,7.597285067873303,806,46,50,49
msg_1873,node49,node11,321,46030,,,,,,7.633433283358321,,49,,,0,7.633433283358321,920,20,50,49
msg_1874,node49,node12,321,46030,,,,,,7.633433283358321,,49,,,0,7.633433283358321,920,20,50,49
msg_1875,node49,node13,321,46030,46037.0,7.0,,,,7.581311769991015,,49,,6.947368421052632,0,7.581311769991015,798,38,50,49
msg_1876,node49,node14,321,46030,46035.0,5.0,,,,7.587015329125338,,49,,4.947368421052632,0,7.587015329125338,802,42,50,49
msg_1877,node49,node15,321,46030,46037.0,7.0,,,,7.580789946140036,,49,,6.947368421052632,0,7.580789946140036,797,37,50,49
msg_1878,node49,node16,321,46030,,,,,,7.633433283358321,,49,,,0,7.633433283358321,920,20,50,49
msg_1879,node49,node17,321,46030,46037.0,7.0,,,,7.580269058295964,,49,,6.947368421052632,0,7.580269058295964,796,36,50,49
msg_1880,node49,node18,321,46030,,,,,,7.633433283358321,,49,,,0,7.633433283358321,920,20,50,49
msg_1881,node49,node19,321,46030,,,,,,7.633433283358321,,49,,,0,7.633433283358321,920,20,50,49
msg_1882,node49,node20,321,46030,46038.0,8.0,,,,7.579749103942652,,49,,7.947368421052632,0,7.579749103942652,795,35,50,49
msg_1883,node49,node21,321,46030,46037.0,7.0,,,,7.581834532374101,,49,,6.947368421052632,0,7.581834532374101,799,39,50,49
msg_1884,node49,node22,321,46030,,,,,,7.633433283358321,,49,,,0,7.633433283358321,920,20,50,49
msg_1885,node49,node23,321,46030,,,,,,7.633433283358321,,49,,,0,7.633433283358321,920,20,50,49
msg_1886,node49,node24,321,46030,46038.0,8.0,,,,7.580500894454383,,49,,7.947368421052632,0,7.580500894454383,793,33,50,49
msg_1887,node49,node25,321,46030,46038.0,8.0,,,,7.58125,,49,,7.947368421052632,0,7.58125,791,31,50,49
msg_1888,node49,node26,321,46030,,,,,,7.633433283358321,,49,,,0,7.633433283358321,920,20,50,49
msg_1889,node49,node27,321,46030,46039.0,9.0,,,,7.581623550401427,,49,,8.973684210526315,0,7.581623550401427,790,30,50,49
msg_1890,node49,node28,321,46030,,,,,,7.633433283358321,,49,,,0,7.633433283358321,920,20,50,49
msg_1891,node49,node29,321,46030,,,,,,7.633433283358321,,49,,,0,7.633433283358321,920,20,50,49
msg_1892,node49,node30,321,46030,,,,,,7.633433283358321,,49,,,0,7.633433283358321,920,20,50,49
msg_1893,node49,node31,321,46030,46038.0,8.0,,,,7.58012533572068,,49,,7.947368421052632,0,7.58012533572068,794,34,50,49
msg_1894,node49,node32,321,46030,46038.0,8.0,,,,7.580875781948168,,49,,7.947368421052632,0,7.580875781948168,792,32,50,49
msg_1895,node49,node33,321,46030,46040.0,10.0,,,,7.5828877005347595,,49,,9.947368421052632,0,7.5828877005347595,789,29,50,49
msg_1896,node49,node34,321,46030,,,,,,7.633433283358321,,49,,,0,7.633433283358321,920,20,50,49
msg_1897,node49,node35,321,46030,46040.0,10.0,,,,7.585040071237756,,49,,9.947368421052632,0,7.585040071237756,788,28,50,49
msg_1898,node49,node36,321,46030,46040.0,10.0,,,,7.587188612099644,,49,,9.947368421052632,0,7.587188612099644,787,27,50,49
msg_1899,node49,node37,321,46030,46040.0,10.0,,,,7.589333333333333,,49,,9.947368421052632,0,7.589333333333333,786,26,50,49
msg_1900,node49,node38,321,46030,,,,,,7.633433283358321,,49,,,0,7.633433283358321,920,20,50,49
msg_1901,node49,node39,321,46030,,,,,,7.633433283358321,,49,,,0,7.633433283358321,920,20,50,49
msg_1902,node49,node40,321,46030,46041.0,11.0,,,,7.591474245115453,,49,,10.947368421052632,0,7.591474245115453,785,25,50,49
msg_1903,node49,node41,321,46030,46041.0,11.0,,,,7.594498669032831,,49,,10.947368421052632,0,7.594498669032831,784,24,50,49
msg_1904,node49,node42,321,46030,,,,,,7.633433283358321,,49,,,0,7.633433283358321,920,20,50,49
msg_1905,node49,node43,321,46030,,,,,,7.633433283358321,,49,,,0,7.633433283358321,920,20,50,49
msg_1906,node49,node44,321,46030,46041.0,11.0,,,,7.597517730496454,,49,,10.947368421052632,0,7.597517730496454,783,23,50,49
msg_1907,node49,node45,321,46030,46042.0,12.0,,,,7.600531443755536,,49,,11.973684210526315,0,7.600531443755536,782,22,50,49
msg_1908,node49,node46,321,46030,46042.0,12.0,,,,7.604424778761062,,49,,11.973684210526315,0,7.604424778761062,781,21,50,49
msg_1909,node49,node47,321,46030,,,,,,7.633433283358321,,49,,,0,7.633433283358321,920,20,50,49
msg_1910,node49,node48,321,46030,,,,,,7.633433283358321,,49,,,0,7.633433283358321,920,20,50,49
msg_1911,node49,node0,320,48401,48405.0,4.0,,,,7.6083112290008845,,49,,3.948717948717949,0,7.6083112290008845,829,49,50,49
msg_1912,node49,node1,320,48401,48405.0,4.0,,,,7.605123674911661,,49,,3.948717948717949,0,7.605123674911661,828,48,50,49
msg_1913,node49,node2,320,48401,48405.0,4.0,,,,7.601941747572815,,49,,3.948717948717949,0,7.601941747572815,827,47,50,49
msg_1914,node49,node3,320,48401,48406.0,5.0,,,,7.5955947136563875,,49,,4.948717948717949,0,7.5955947136563875,825,45,50,49
msg_1915,node49,node4,320,48401,,,,,,7.633433283358321,,49,,,0,7.633433283358321,920,20,50,49
msg_1916,node49,node5,320,48401,,,,,,7.633433283358321,,49,,,0,7.633433283358321,920,20,50,49
msg_1917,node49,node6,320,48401,48406.0,5.0,,,,7.59330985915493,,49,,4.948717948717949,0,7.59330985915493,824,44,50,49
msg_1918,node49,node7,320,48401,48406.0,5.0,,,,7.591029023746702,,49,,4.948717948717949,0,7.591029023746702,823,43,50,49
msg_1919,node49,node8,320,48401,48407.0,6.0,,,,7.586479367866549,,49,,5.9743589743589745,0,7.586479367866549,821,41,50,49
msg_1920,node49,node9,320,48401,48407.0,6.0,,,,7.5850877192982455,,49,,5.9743589743589745,0,7.5850877192982455,820,40,50,49
msg_1921,node49,node10,321,48401,48405.0,4.0,,,,7.598765432098766,,49,,3.948717948717949,0,7.598765432098766,826,46,50,49
msg_1922,node49,node11,321,48401,,,,,,7.633433283358321,,49,,,0,7.633433283358321,920,20,50,49
msg_1923,node49,node12,321,48401,,,,,,7.633433283358321,,49,,,0,7.633433283358321,920,20,50,49
msg_1924,node49,node13,321,48401,48408.0,7.0,,,,7.583187390542907,,49,,6.948717948717949,0,7.583187390542907,818,38,50,49
msg_1925,node49,node14,321,48401,48406.0,5.0,,,,7.588752196836555,,49,,4.948717948717949,0,7.588752196836555,822,42,50,49
msg_1926,node49,node15,321,48401,48408.0,7.0,,,,7.582677165354331,,49,,6.948717948717949,0,7.582677165354331,817,37,50,49
msg_1927,node49,node16,321,48401,,,,,,7.633433283358321,,49,,,0,7.633433283358321,920,20,50,49
msg_1928,node49,node17,321,48401,48408.0,7.0,,,,7.5821678321678325,,49,,6.948717948717949,0,7.5821678321678325,816,36,50,49
msg_1929,node49,node18,321,48401,,,,,,7.633433283358321,,49,,,0,7.633433283358321,920,20,50,49
msg_1930,node49,node19,321,48401,,,,,,7.633433283358321,,49,,,0,7.633433283358321,920,20,50,49
msg_1931,node49,node20,321,48401,48409.0,8.0,,,,7.581659388646289,,49,,7.948717948717949,0,7.581659388646289,815,35,50,49
msg_1932,node49,node21,321,48401,48408.0,7.0,,,,7.583698510078878,,49,,6.948717948717949,0,7.583698510078878,819,39,50,49
msg_1933,node49,node22,321,48401,,,,,,7.633433283358321,,49,,,0,7.633433283358321,920,20,50,49
msg_1934,node49,node23,321,48401,,,,,,7.633433283358321,,49,,,0,7.633433283358321,920,20,50,49
msg_1935,node49,node24,321,48401,48409.0,8.0,,,,7.582388840453357,,49,,7.948717948717949,0,7.582388840453357,813,33,50,49
msg_1936,node49,node25,321,48401,48409.0,8.0,,,,7.583115752828546,,49,,7.948717948717949,0,7.583115752828546,811,31,50,49
msg_1937,node49,node26,321,48401,,,,,,7.633433283358321,,49,,,0,7.633433283358321,920,20,50,49
msg_1938,node49,node27,321,48401,48410.0,9.0,,,,7.5834782608695654,,49,,8.974358974358974,0,7.5834782608695654,810,30,50,49
msg_1939,node49,node28,321,48401,,,,,,7.633433283358321,,49,,,0,7.633433283358321,920,20,50,49
msg_1940,node49,node29,321,48401,,,,,,7.633433283358321,,49,,,0,7.633433283358321,920,20,50,49
msg_1941,node49,node30,321,48401,,,,,,7.633433283358321,,49,,,0,7.633433283358321,920,20,50,49
msg_1942,node49,node31,321,48401,48409.0,8.0,,,,7.5820244328097735,,49,,7.948717948717949,0,7.5820244328097735,814,34,50,49
msg_1943,node49,node32,321,48401,48409.0,8.0,,,,7.582752613240418,,49,,7.948717948717949,0,7.582752613240418,812,32,50,49
msg_1944,node49,node33,321,48401,48411.0,10.0,,,,7.584708948740226,,49,,9.948717948717949,0,7.584708948740226,809,29,50,49
msg_1945,node49,node34,321,48401,,,,,,7.633433283358321,,49,,,0,7.633433283358321,920,20,50,49
msg_1946,node49,node35,321,48401,48411.0,10.0,,,,7.586805555555555,,49,,9.948717948717949,0,7.586805555555555,808,28,50,49
msg_1947,node49,node36,321,48401,48411.0,10.0,,,,7.588898525585429,,49,,9.948717948717949,0,7.588898525585429,807,27,50,49
msg_1948,node49,node37,321,48401,48411.0,10.0,,,,7.590987868284229,,49,,9.948717948717949,0,7.590987868284229,806,26,50,49
msg_1949,node49,node38,321,48401,,,,,,7.633433283358321,,49,,,0,7.633433283358321,920,20,50,49
msg_1950,node49,node39,321,48401,,,,,,7.633433283358321,,49,,,0,7.633433283358321,920,20,50,49
msg_1951,node49,node40,321,48401,48412.0,11.0,,,,7.593073593073593,,49,,10.948717948717949,0,7.593073593073593,805,25,50,49
msg_1952,node49,node41,321,48401,48412.0,11.0,,,,7.596020761245675,,49,,10.948717948717949,0,7.596020761245675,804,24,50,49
msg_1953,node49,node42,321,48401,,,,,,7.633433283358321,,49,,,0,7.633433283358321,920,20,50,49
msg_1954,node49,node43,321,48401,,,,,,7.633433283358321,,49,,,0,7.633433283358321,920,20,50,49
msg_1955,node49,node44,321,48401,48412.0,11.0,,,,7.5989628349178915,,49,,10.948717948717949,0,7.5989628349178915,803,23,50,49
msg_1956,node49,node45,321,48401,48413.0,12.0,,,,7.601899827288428,,49,,11.974358974358974,0,7.601899827288428,802,22,50,49
msg_1957,node49,node46,321,48401,48413.0,12.0,,,,7.605694564279552,,49,,11.974358974358974,0,7.605694564279552,801,21,50,49
msg_1958,node49,node47,321,48401,,,,,,7.633433283358321,,49,,,0,7.633433283358321,920,20,50,49
msg_1959,node49,node48,321,48401,,,,,,7.633433283358321,,49,,,0,7.633433283358321,920,20,50,49
msg_1960,node49,node0,320,49840,49844.0,4.0,,,,7.60948275862069,,49,,3.95,0,7.60948275862069,849,49,50,49
msg_1961,node49,node1,320,49840,49844.0,4.0,,,,7.606373815676141,,49,,3.95,0,7.606373815676141,848,48,50,49
msg_1962,node49,node2,320,49840,49844.0,4.0,,,,7.603270223752151,,49,,3.95,0,7.603270223752151,847,47,50,49
msg_1963,node49,node3,320,49840,49845.0,5.0,,,,7.597079037800687,,49,,4.95,0,7.597079037800687,845,45,50,49
msg_1964,node49,node4,320,49840,,,,,,7.633433283358321,,49,,,0,7.633433283358321,920,20,50,49
msg_1965,node49,node5,320,49840,,,,,,7.633433283358321,,49,,,0,7.633433283358321,920,20,50,49
msg_1966,node49,node6,320,49840,49845.0,5.0,,,,7.5948497854077255,,49,,4.95,0,7.5948497854077255,844,44,50,49
msg_1967,node49,node7,320,49840,49845.0,5.0,,,,7.5926243567753,,49,,4.95,0,7.5926243567753,843,43,50,49
msg_1968,node49,node8,320,49840,49846.0,6.0,,,,7.5881849315068495,,49,,5.975,0,7.5881849315068495,841,41,50,49
msg_1969,node49,node9,320,49840,49846.0,6.0,,,,7.586826347305389,,49,,5.975,0,7.586826347305389,840,40,50,49
msg_1970,node49,node10,321,49840,49844.0,4.0,,,,7.600171969045572,,49,,3.95,0,7.600171969045572,846,46,50,49
msg_1971,node49,node11,321,49840,,,,,,7.633433283358321,,49,,,0,7.633433283358321,920,20,50,49
msg_1972,node49,node12,321,49840,,,,,,7.633433283358321,,49,,,0,7.633433283358321,920,20,50,49
msg_1973,node49,node13,321,49840,49847.0,7.0,,,,7.584970111016226,,49,,6.95,0,7.584970111016226,838,38,50,49
msg_1974,node49,node14,321,49840,49845.0,5.0,,,,7.590402742073693,,49,,4.95,0,7.590402742073693,842,42,50,49
msg_1975,node49,node15,321,49840,49847.0,7.0,,,,7.584470989761092,,49,,6.95,0,7.584470989761092,837,37,50,49
msg_1976,node49,node16,321,49840,,,,,,7.633433283358321,,49,,,0,7.633433283358321,920,20,50,49
msg_1977,node49,node17,321,49840,49847.0,7.0,,,,7.583972719522592,,49,,6.95,0,7.583972719522592,836,36,50,49
msg_1978,node49,node18,321,49840,,,,,,7.633433283358321,,49,,,0,7.633433283358321,920,20,50,49
msg_1979,node49,node19,321,49840,,,,,,7.633433283358321,,49,,,0,7.633433283358321,920,20,50,49
msg_1980,node49,node20,321,49840,49848.0,8.0,,,,7.583475298126065,,49,,7.95,0,7.583475298126065,835,35,50,49
msg_1981,node49,node21,321,49840,49847.0,7.0,,,,7.585470085470085,,49,,6.95,0,7.585470085470085,839,39,50,49
msg_1982,node49,node22,321,49840,,,,,,7.633433283358321,,49,,,0,7.633433283358321,920,20,50,49
msg_1983,node49,node23,321,49840,,,,,,7.633433283358321,,49,,,0,7.633433283358321,920,20,50,49
msg_1984,node49,node24,321,49840,49848.0,8.0,,,,7.584183673469388,,49,,7.95,0,7.584183673469388,833,33,50,49
msg_1985,node49,node25,321,49840,49848.0,8.0,,,,7.584889643463497,,49,,7.95,0,7.584889643463497,831,31,50,49
msg_1986,node49,node26,321,49840,,,,,,7.633433283358321,,49,,,0,7.633433283358321,920,20,50,49
msg_1987,node49,node27,321,49840,49849.0,9.0,,,,7.585241730279898,,49,,8.975,0,7.585241730279898,830,30,50,49
msg_1988,node49,node28,321,49840,,,,,,7.633433283358321,,49,,,0,7.633433283358321,920,20,50,49
msg_1989,node49,node29,321,49840,,,,,,7.633433283358321,,49,,,0,7.633433283358321,920,20,50,49
msg_1990,node49,node30,321,49840,,,,,,7.633433283358321,,49,,,0,7.633433283358321,920,20,50,49
msg_1991,node49,node31,321,49840,49848.0,8.0,,,,7.583829787234043,,49,,7.95,0,7.583829787234043,834,34,50,49
msg_1992,node49,node32,321,49840,49848.0,8.0,,,,7.584536958368734,,49,,7.95,0,7.584536958368734,832,32,50,49
msg_1993,node49,node33,321,49840,49850.0,10.0,,,,7.5864406779661016,,49,,9.95,0,7.5864406779661016,829,29,50,49
msg_1994,node49,node34,321,49840,,,,,,7.633433283358321,,49,,,0,7.633433283358321,920,20,50,49
msg_1995,node49,node35,321,49840,49850.0,10.0,,,,7.58848433530906,,49,,9.95,0,7.58848433530906,828,28,50,49
msg_1996,node49,node36,321,49840,49850.0,10.0,,,,7.590524534686971,,49,,9.95,0,7.590524534686971,827,27,50,49
msg_1997,node49,node37,321,49840,49850.0,10.0,,,,7.592561284868977,,49,,9.95,0,7.592561284868977,826,26,50,49
msg_1998,node49,node38,321,49840,,,,,,7.633433283358321,,49,,,0,7.633433283358321,920,20,50,49
msg_1999,node49,node39,321,49840,,,,,,7.633433283358321,,49,,,0,7.633433283358321,920,20,50,49
msg_2000,node49,node40,321,49840,49851.0,11.0,,,,7.594594594594595,,49,,10.95,0,7.594594594594595,825,25,50,49
msg_2001,node49,node41,321,49840,49851.0,11.0,,,,7.597468354430379,,49,,10.95,0,7.597468354430379,824,24,50,49
msg_2002,node49,node42,321,49840,,,,,,7.633433283358321,,49,,,0,7.633433283358321,920,20,50,49
msg_2003,node49,node43,321,49840,,,,,,7.633433283358321,,49,,,0,7.633433283358321,920,20,50,49
msg_2004,node49,node44,321,49840,49851.0,11.0,,,,7.600337268128162,,49,,10.95,0,7.600337268128162,823,23,50,49
msg_2005,node49,node45,321,49840,49852.0,12.0,,,,7.603201347935973,,49,,11.975,0,7.603201347935973,822,22,50,49
msg_2006,node49,node46,321,49840,49852.0,12.0,,,,7.606902356902357,,49,,11.975,0,7.606902356902357,821,21,50,49
msg_2007,node49,node47,321,49840,,,,,,7.633433283358321,,49,,,0,7.633433283358321,920,20,50,49
msg_2008,node49,node48,321,49840,,,,,,7.633433283358321,,49,,,0,7.633433283358321,920,20,50,49
msg_2009,node49,node0,320,51401,51405.0,4.0,,,,7.610597140454163,,49,,3.951219512195122,0,7.610597140454163,869,49,50,49
msg_2010,node49,node1,320,51401,51406.0,5.0,,,,7.604534005037784,,49,,3.951219512195122,0,7.604534005037784,867,47,50,49
msg_2011,node49,node2,320,51401,51406.0,5.0,,,,7.602348993288591,,49,,3.951219512195122,0,7.602348993288591,866,46,50,49
msg_2012,node49,node3,320,51401,51407.0,6.0,,,,7.600167644593462,,49,,4.951219512195122,0,7.600167644593462,865,45,50,49
msg_2013,node49,node4,320,51401,,,,,,7.633433283358321,,49,,,0,7.633433283358321,920,20,50,49
msg_2014,node49,node5,320,51401,,,,,,7.633433283358321,,49,,,0,7.633433283358321,920,20,50,49
msg_2015,node49,node6,320,51401,51407.0,6.0,,,,7.597489539748954,,49,,4.951219512195122,0,7.597489539748954,863,43,50,49
msg_2016,node49,node7,320,51401,51408.0,7.0,,,,7.596153846153846,,49,,4.951219512195122,0,7.596153846153846,862,42,50,49
msg_2017,node49,node8,320,51401,51408.0,7.0,,,,7.595655806182122,,49,,5.975609756097561,0,7.595655806182122,861,41,50,49
msg_2018,node49,node9,320,51401,51408.0,7.0,,,,7.595158597662771,,49,,5.975609756097561,0,7.595158597662771,860,40,50,49
msg_2019,node49,node10,321,51401,51405.0,4.0,,,,7.607563025210084,,49,,3.951219512195122,0,7.607563025210084,868,48,50,49
msg_2020,node49,node11,321,51401,,,,,,7.633433283358321,,49,,,0,7.633433283358321,920,20,50,49
msg_2021,node49,node12,321,51401,,,,,,7.633433283358321,,49,,,0,7.633433283358321,920,20,50,49
msg_2022,node49,node13,321,51401,51408.0,7.0,,,,7.594166666666666,,49,,6.951219512195122,0,7.594166666666666,858,38,50,49
msg_2023,node49,node14,321,51401,51407.0,6.0,,,,7.598827470686767,,49,,4.951219512195122,0,7.598827470686767,864,44,50,49
msg_2024,node49,node15,321,51401,51409.0,8.0,,,,7.593671940049958,,49,,6.951219512195122,0,7.593671940049958,857,37,50,49
msg_2025,node49,node16,321,51401,,,,,,7.633433283358321,,49,,,0,7.633433283358321,920,20,50,49
msg_2026,node49,node17,321,51401,51409.0,8.0,,,,7.594347464671654,,49,,6.951219512195122,0,7.594347464671654,855,35,50,49
msg_2027,node49,node18,321,51401,,,,,,7.633433283358321,,49,,,0,7.633433283358321,920,20,50,49
msg_2028,node49,node19,321,51401,,,,,,7.633433283358321,,49,,,0,7.633433283358321,920,20,50,49
msg_2029,node49,node20,321,51401,51410.0,9.0,,,,7.59468438538206,,49,,7.951219512195122,0,7.59468438538206,854,34,50,49
msg_2030,node49,node21,321,51401,51408.0,7.0,,,,7.594662218515429,,49,,6.951219512195122,0,7.594662218515429,859,39,50,49
msg_2031,node49,node22,321,51401,,,,,,7.633433283358321,,49,,,0,7.633433283358321,920,20,50,49
msg_2032,node49,node23,321,51401,,,,,,7.633433283358321,,49,,,0,7.633433283358321,920,20,50,49
msg_2033,node49,node24,321,51401,51410.0,9.0,,,,7.597014925373134,,49,,7.951219512195122,0,7.597014925373134,852,32,50,49
msg_2034,node49,node25,321,51401,51411.0,10.0,,,,7.59817729908865,,49,,7.951219512195122,0,7.59817729908865,851,31,50,49
msg_2035,node49,node26,321,51401,,,,,,7.633433283358321,,49,,,0,7.633433283358321,920,20,50,49
msg_2036,node49,node27,321,51401,51411.0,10.0,,,,7.600165562913907,,49,,8.975609756097562,0,7.600165562913907,850,30,50,49
msg_2037,node49,node28,321,51401,,,,,,7.633433283358321,,49,,,0,7.633433283358321,920,20,50,49
msg_2038,node49,node29,321,51401,,,,,,7.633433283358321,,49,,,0,7.633433283358321,920,20,50,49
msg_2039,node49,node30,321,51401,,,,,,7.633433283358321,,49,,,0,7.633433283358321,920,20,50,49
msg_2040,node49,node31,321,51401,51409.0,8.0,,,,7.594009983361065,,49,,7.951219512195122,0,7.594009983361065,856,36,50,49
msg_2041,node49,node32,321,51401,51410.0,9.0,,,,7.595850622406639,,49,,7.951219512195122,0,7.595850622406639,853,33,50,49
msg_2042,node49,node33,321,51401,51411.0,10.0,,,,7.602150537634409,,49,,9.951219512195122,0,7.602150537634409,849,29,50,49
msg_2043,node49,node34,321,51401,,,,,,7.633433283358321,,49,,,0,7.633433283358321,920,20,50,49
msg_2044,node49,node35,321,51401,51412.0,11.0,,,,7.604132231404959,,49,,9.951219512195122,0,7.604132231404959,848,28,50,49
msg_2045,node49,node36,321,51401,51412.0,11.0,,,,7.606936416184971,,49,,9.951219512195122,0,7.606936416184971,847,27,50,49
msg_2046,node49,node37,321,51401,51412.0,11.0,,,,7.60973597359736,,49,,9.951219512195122,0,7.60973597359736,846,26,50,49
msg_2047,node49,node38,321,51401,,,,,,7.633433283358321,,49,,,0,7.633433283358321,920,20,50,49
msg_2048,node49,node39,321,51401,,,,,,7.633433283358321,,49,,,0,7.633433283358321,920,20,50,49
msg_2049,node49,node40,321,51401,51413.0,12.0,,,,7.6125309150865625,,49,,10.951219512195122,0,7.6125309150865625,845,25,50,49
msg_2050,node49,node41,321,51401,51413.0,12.0,,,,7.616144975288303,,49,,10.951219512195122,0,7.616144975288303,844,24,50,49
msg_2051,node49,node42,321,51401,,,,,,7.633433283358321,,49,,,0,7.633433283358321,920,20,50,49
msg_2052,node49,node43,321,51401,,,,,,7.633433283358321,,49,,,0,7.633433283358321,920,20,50,49
msg_2053,node49,node44,321,51401,51413.0,12.0,,,,7.619753086419753,,49,,10.951219512195122,0,7.619753086419753,843,23,50,49
msg_2054,node49,node45,321,51401,51413.0,12.0,,,,7.623355263157895,,49,,11.975609756097562,0,7.623355263157895,842,22,50,49
msg_2055,node49,node46,321,51401,51414.0,13.0,,,,7.626951520131471,,49,,11.975609756097562,0,7.626951520131471,841,21,50,49
msg_2056,node49,node47,321,51401,,,,,,7.633433283358321,,49,,,0,7.633433283358321,920,20,50,49
msg_2057,node49,node48,321,51401,,,,,,7.633433283358321,,49,,,0,7.633433283358321,920,20,50,49
msg_2058,node49,node0,320,51836,51840.0,4.0,,,,7.6313628899835795,,49,,3.9523809523809526,0,7.6313628899835795,889,49,50,49
msg_2059,node49,node1,320,51836,51840.0,4.0,,,,7.6283839212469235,,49,,3.9761904761904763,0,7.6283839212469235,888,48,50,49
msg_2060,node49,node2,320,51836,51840.0,4.0,,,,7.6254098360655735,,49,,3.9761904761904763,0,7.6254098360655735,887,47,50,49
msg_2061,node49,node3,320,51836,51841.0,5.0,,,,7.619476268412439,,49,,4.976190476190476,0,7.619476268412439,885,45,50,49
msg_2062,node49,node4,320,51836,,,,,,7.633433283358321,,49,,,0,7.633433283358321,920,20,50,49
msg_2063,node49,node5,320,51836,,,,,,7.633433283358321,,49,,,0,7.633433283358321,920,20,50,49
msg_2064,node49,node6,320,51836,51841.0,5.0,,,,7.617334423548651,,49,,4.976190476190476,0,7.617334423548651,884,44,50,49
msg_2065,node49,node7,320,51836,51841.0,5.0,,,,7.615196078431373,,49,,5.0,0,7.615196078431373,883,43,50,49
msg_2066,node49,node8,320,51836,51842.0,6.0,,,,7.6109298531810765,,49,,6.0,0,7.6109298531810765,881,41,50,49
msg_2067,node49,node9,320,51836,51842.0,6.0,,,,7.609616951915241,,49,,6.0,0,7.609616951915241,880,40,50,49
msg_2068,node49,node10,321,51836,51840.0,4.0,,,,7.622440622440623,,49,,3.9523809523809526,0,7.622440622440623,886,46,50,49
msg_2069,node49,node11,321,51836,,,,,,7.633433283358321,,49,,,0,7.633433283358321,920,20,50,49
msg_2070,node49,node12,321,51836,,,,,,7.633433283358321,,49,,,0,7.633433283358321,920,20,50,49
msg_2071,node49,node13,321,51836,51843.0,7.0,,,,7.607811228641172,,49,,6.9523809523809526,0,7.607811228641172,878,38,50,49
msg_2072,node49,node14,321,51836,51841.0,5.0,,,,7.613061224489796,,49,,4.976190476190476,0,7.613061224489796,882,42,50,49
msg_2073,node49,node15,321,51836,51843.0,7.0,,,,7.607317073170732,,49,,6.976190476190476,0,7.607317073170732,877,37,50,49
msg_2074,node49,node16,321,51836,,,,,,7.633433283358321,,49,,,0,7.633433283358321,920,20,50,49
msg_2075,node49,node17,321,51836,51843.0,7.0,,,,7.606823720552397,,49,,6.976190476190476,0,7.606823720552397,876,36,50,49
msg_2076,node49,node18,321,51836,,,,,,7.633433283358321,,49,,,0,7.633433283358321,920,20,50,49
msg_2077,node49,node19,321,51836,,,,,,7.633433283358321,,49,,,0,7.633433283358321,920,20,50,49
msg_2078,node49,node20,321,51836,51844.0,8.0,,,,7.6063311688311686,,49,,7.976190476190476,0,7.6063311688311686,875,35,50,49
msg_2079,node49,node21,321,51836,51843.0,7.0,,,,7.608306188925082,,49,,6.9523809523809526,0,7.608306188925082,879,39,50,49
msg_2080,node49,node22,321,51836,,,,,,7.633433283358321,,49,,,0,7.633433283358321,920,20,50,49
msg_2081,node49,node23,321,51836,,,,,,7.633433283358321,,49,,,0,7.633433283358321,920,20,50,49
msg_2082,node49,node24,321,51836,51844.0,8.0,,,,7.606969205834684,,49,,7.976190476190476,0,7.606969205834684,873,33,50,49
msg_2083,node49,node25,321,51836,51844.0,8.0,,,,7.607605177993528,,49,,8.0,0,7.607605177993528,871,31,50,49
msg_2084,node49,node26,321,51836,,,,,,7.633433283358321,,49,,,0,7.633433283358321,920,20,50,49
msg_2085,node49,node27,321,51836,51845.0,9.0,,,,7.607922392886015,,49,,9.0,0,7.607922392886015,870,30,50,49
msg_2086,node49,node28,321,51836,,,,,,7.633433283358321,,49,,,0,7.633433283358321,920,20,50,49
msg_2087,node49,node29,321,51836,,,,,,7.633433283358321,,49,,,0,7.633433283358321,920,20,50,49
msg_2088,node49,node30,321,51836,,,,,,7.633433283358321,,49,,,0,7.633433283358321,920,20,50,49
msg_2089,node49,node31,321,51836,51844.0,8.0,,,,7.606650446066505,,49,,7.9523809523809526,0,7.606650446066505,874,34,50,49
msg_2090,node49,node32,321,51836,51844.0,8.0,,,,7.607287449392713,,49,,7.976190476190476,0,7.607287449392713,872,32,50,49
msg_2091,node49,node33,321,51836,51846.0,10.0,,,,7.609046849757673,,49,,9.952380952380953,0,7.609046849757673,869,29,50,49
msg_2092,node49,node34,321,51836,,,,,,7.633433283358321,,49,,,0,7.633433283358321,920,20,50,49
msg_2093,node49,node35,321,51836,51846.0,10.0,,,,7.610976594027441,,49,,9.976190476190476,0,7.610976594027441,868,28,50,49
msg_2094,node49,node36,321,51836,51846.0,10.0,,,,7.612903225806452,,49,,9.976190476190476,0,7.612903225806452,867,27,50,49
msg_2095,node49,node37,321,51836,51846.0,10.0,,,,7.614826752618856,,49,,9.976190476190476,0,7.614826752618856,866,26,50,49
msg_2096,node49,node38,321,51836,,,,,,7.633433283358321,,49,,,0,7.633433283358321,920,20,50,49
msg_2097,node49,node39,321,51836,,,,,,7.633433283358321,,49,,,0,7.633433283358321,920,20,50,49
msg_2098,node49,node40,321,51836,51847.0,11.0,,,,7.616747181964573,,49,,10.976190476190476,0,7.616747181964573,865,25,50,49
msg_2099,node49,node41,321,51836,51847.0,11.0,,,,7.619469026548672,,49,,10.976190476190476,0,7.619469026548672,864,24,50,49
msg_2100,node49,node42,321,51836,,,,,,7.633433283358321,,49,,,0,7.633433283358321,920,20,50,49
msg_2101,node49,node43,321,51836,,,,,,7.633433283358321,,49,,,0,7.633433283358321,920,20,50,49
msg_2102,node49,node44,321,51836,51847.0,11.0,,,,7.622186495176849,,49,,10.976190476190476,0,7.622186495176849,863,23,50,49
msg_2103,node49,node45,321,51836,51848.0,12.0,,,,7.624899598393574,,49,,11.976190476190476,0,7.624899598393574,862,22,50,49
msg_2104,node49,node46,321,51836,51848.0,12.0,,,,7.628410914927769,,49,,12.0,0,7.628410914927769,861,21,50,49
msg_2105,node49,node47,321,51836,,,,,,7.633433283358321,,49,,,0,7.633433283358321,920,20,50,49
msg_2106,node49,node48,321,51836,,,,,,7.633433283358321,,49,,,0,7.633433283358321,920,20,50,49
msg_2107,node49,node0,320,55798,55802.0,4.0,,,,7.631916599839615,,49,,3.953488372093023,0,7.631916599839615,909,49,50,49
msg_2108,node49,node1,320,55798,55802.0,4.0,,,,7.629006410256411,,49,,3.9767441860465116,0,7.629006410256411,908,48,50,49
msg_2109,node49,node2,320,55798,55802.0,4.0,,,,7.626100880704564,,49,,3.9767441860465116,0,7.626100880704564,907,47,50,49
msg_2110,node49,node3,320,55798,55803.0,5.0,,,,7.620303756994405,,49,,4.976744186046512,0,7.620303756994405,905,45,50,49
msg_2111,node49,node4,320,55798,,,,,,7.633433283358321,,49,,,0,7.633433283358321,920,20,50,49
msg_2112,node49,node5,320,55798,,,,,,7.633433283358321,,49,,,0,7.633433283358321,920,20,50,49
msg_2113,node49,node6,320,55798,55803.0,5.0,,,,7.618210862619808,,49,,4.976744186046512,0,7.618210862619808,904,44,50,49
msg_2114,node49,node7,320,55798,55803.0,5.0,,,,7.616121308858739,,49,,5.0,0,7.616121308858739,903,43,50,49
msg_2115,node49,node8,320,55798,55804.0,6.0,,,,7.611952191235059,,49,,6.0,0,7.611952191235059,901,41,50,49
msg_2116,node49,node9,320,55798,55804.0,6.0,,,,7.610668789808917,,49,,6.0,0,7.610668789808917,900,40,50,49
msg_2117,node49,node10,321,55798,55802.0,4.0,,,,7.6232,,49,,3.953488372093023,0,7.6232,906,46,50,49
msg_2118,node49,node11,321,55798,,,,,,7.633433283358321,,49,,,0,7.633433283358321,920,20,50,49
msg_2119,node49,node12,321,55798,,,,,,7.633433283358321,,49,,,0,7.633433283358321,920,20,50,49
msg_2120,node49,node13,321,55798,55805.0,7.0,,,,7.608903020667727,,49,,6.953488372093023,0,7.608903020667727,898,38,50,49
msg_2121,node49,node14,321,55798,55803.0,5.0,,,,7.614035087719298,,49,,4.976744186046512,0,7.614035087719298,902,42,50,49
msg_2122,node49,node15,321,55798,55805.0,7.0,,,,7.608419380460683,,49,,6.976744186046512,0,7.608419380460683,897,37,50,49
msg_2123,node49,node16,321,55798,,,,,,7.633433283358321,,49,,,0,7.633433283358321,920,20,50,49
msg_2124,node49,node17,321,55798,55805.0,7.0,,,,7.6079365079365076,,49,,6.976744186046512,0,7.6079365079365076,896,36,50,49
msg_2125,node49,node18,321,55798,,,,,,7.633433283358321,,49,,,0,7.633433283358321,920,20,50,49
msg_2126,node49,node19,321,55798,,,,,,7.633433283358321,,49,,,0,7.633433283358321,920,20,50,49
msg_2127,node49,node20,321,55798,55806.0,8.0,,,,7.607454401268834,,49,,7.976744186046512,0,7.607454401268834,895,35,50,49
msg_2128,node49,node21,321,55798,55805.0,7.0,,,,7.609387430389817,,49,,6.953488372093023,0,7.609387430389817,899,39,50,49
msg_2129,node49,node22,321,55798,,,,,,7.633433283358321,,49,,,0,7.633433283358321,920,20,50,49
msg_2130,node49,node23,321,55798,,,,,,7.633433283358321,,49,,,0,7.633433283358321,920,20,50,49
msg_2131,node49,node24,321,55798,55806.0,8.0,,,,7.608076009501188,,49,,7.976744186046512,0,7.608076009501188,893,33,50,49
msg_2132,node49,node25,321,55798,55806.0,8.0,,,,7.608695652173913,,49,,8.0,0,7.608695652173913,891,31,50,49
msg_2133,node49,node26,321,55798,,,,,,7.633433283358321,,49,,,0,7.633433283358321,920,20,50,49
msg_2134,node49,node27,321,55798,55807.0,9.0,,,,7.609004739336493,,49,,9.0,0,7.609004739336493,890,30,50,49
msg_2135,node49,node28,321,55798,,,,,,7.633433283358321,,49,,,0,7.633433283358321,920,20,50,49
msg_2136,node49,node29,321,55798,,,,,,7.633433283358321,,49,,,0,7.633433283358321,920,20,50,49
msg_2137,node49,node30,321,55798,,,,,,7.633433283358321,,49,,,0,7.633433283358321,920,20,50,49
msg_2138,node49,node31,321,55798,55806.0,8.0,,,,7.607765451664025,,49,,7.953488372093023,0,7.607765451664025,894,34,50,49
msg_2139,node49,node32,321,55798,55806.0,8.0,,,,7.608386075949367,,49,,7.976744186046512,0,7.608386075949367,892,32,50,49
msg_2140,node49,node33,321,55798,55808.0,10.0,,,,7.610102604577743,,49,,9.953488372093023,0,7.610102604577743,889,29,50,49
msg_2141,node49,node34,321,55798,,,,,,7.633433283358321,,49,,,0,7.633433283358321,920,20,50,49
msg_2142,node49,node35,321,55798,55808.0,10.0,,,,7.61198738170347,,49,,9.976744186046512,0,7.61198738170347,888,28,50,49
msg_2143,node49,node36,321,55798,55808.0,10.0,,,,7.613869188337273,,49,,9.976744186046512,0,7.613869188337273,887,27,50,49
msg_2144,node49,node37,321,55798,55808.0,10.0,,,,7.615748031496063,,49,,9.976744186046512,0,7.615748031496063,886,26,50,49
msg_2145,node49,node38,321,55798,,,,,,7.633433283358321,,49,,,0,7.633433283358321,920,20,50,49
msg_2146,node49,node39,321,55798,,,,,,7.633433283358321,,49,,,0,7.633433283358321,920,20,50,49
msg_2147,node49,node40,321,55798,55809.0,11.0,,,,7.617623918174665,,49,,10.976744186046512,0,7.617623918174665,885,25,50,49
msg_2148,node49,node41,321,55798,55809.0,11.0,,,,7.620283018867925,,49,,10.976744186046512,0,7.620283018867925,884,24,50,49
msg_2149,node49,node42,321,55798,,,,,,7.633433283358321,,49,,,0,7.633433283358321,920,20,50,49
msg_2150,node49,node43,321,55798,,,,,,7.633433283358321,,49,,,0,7.633433283358321,920,20,50,49
msg_2151,node49,node44,321,55798,55809.0,11.0,,,,7.6229379418695995,,49,,10.976744186046512,0,7.6229379418695995,883,23,50,49
msg_2152,node49,node45,321,55798,55810.0,12.0,,,,7.625588697017268,,49,,11.976744186046512,0,7.625588697017268,882,22,50,49
msg_2153,node49,node46,321,55798,55810.0,12.0,,,,7.629019607843137,,49,,12.0,0,7.629019607843137,881,21,50,49
msg_2154,node49,node47,321,55798,,,,,,7.633433283358321,,49,,,0,7.633433283358321,920,20,50,49
msg_2155,node49,node48,321,55798,,,,,,7.633433283358321,,49,,,0,7.633433283358321,920,20,50,49
msg_2156,node49,node0,320,59066,59070.0,4.0,,,,7.632445141065831,,49,,3.9545454545454546,0,7.632445141065831,929,49,50,49
msg_2157,node49,node1,320,59066,59070.0,4.0,,,,7.629600626468285,,49,,3.977272727272727,0,7.629600626468285,928,48,50,49
msg_2158,node49,node2,320,59066,59070.0,4.0,,,,7.626760563380282,,49,,3.977272727272727,0,7.626760563380282,927,47,50,49
msg_2159,node49,node3,320,59066,59071.0,5.0,,,,7.62109375,,49,,4.9772727272727275,0,7.62109375,925,45,50,49
msg_2160,node49,node4,320,59066,,,,,,7.633433283358321,,49,,,0,7.633433283358321,920,20,50,49
msg_2161,node49,node5,320,59066,,,,,,7.633433283358321,,49,,,0,7.633433283358321,920,20,50,49
msg_2162,node49,node6,320,59066,59071.0,5.0,,,,7.619047619047619,,49,,4.9772727272727275,0,7.619047619047619,924,44,50,49
msg_2163,node49,node7,320,59066,59071.0,5.0,,,,7.6170046801872076,,49,,5.0,0,7.6170046801872076,923,43,50,49
msg_2164,node49,node8,320,59066,59072.0,6.0,,,,7.612928348909658,,49,,6.0,0,7.612928348909658,921,41,50,49
msg_2165,node49,node9,320,59066,59072.0,6.0,,,,7.611673151750972,,49,,6.0,0,7.611673151750972,920,40,50,49
msg_2166,node49,node10,321,59066,59070.0,4.0,,,,7.623924941360438,,49,,3.9545454545454546,0,7.623924941360438,926,46,50,49
msg_2167,node49,node11,321,59066,,,,,,7.633433283358321,,49,,,0,7.633433283358321,920,20,50,49
msg_2168,node49,node12,321,59066,,,,,,7.633433283358321,,49,,,0,7.633433283358321,920,20,50,49
msg_2169,node49,node13,321,59066,59073.0,7.0,,,,7.60994560994561,,49,,6.954545454545454,0,7.60994560994561,918,38,50,49
msg_2170,node49,node14,321,59066,59071.0,5.0,,,,7.614964925954793,,49,,4.9772727272727275,0,7.614964925954793,922,42,50,49
msg_2171,node49,node15,321,59066,59073.0,7.0,,,,7.609472049689441,,49,,6.9772727272727275,0,7.609472049689441,917,37,50,49
msg_2172,node49,node16,321,59066,,,,,,7.633433283358321,,49,,,0,7.633433283358321,920,20,50,49
msg_2173,node49,node17,321,59066,59073.0,7.0,,,,7.60899922420481,,49,,6.9772727272727275,0,7.60899922420481,916,36,50,49
msg_2174,node49,node18,321,59066,,,,,,7.633433283358321,,49,,,0,7.633433283358321,920,20,50,49
msg_2175,node49,node19,321,59066,,,,,,7.633433283358321,,49,,,0,7.633433283358321,920,20,50,49
msg_2176,node49,node20,321,59066,59074.0,8.0,,,,7.608527131782946,,49,,7.9772727272727275,0,7.608527131782946,915,35,50,49
msg_2177,node49,node21,321,59066,59073.0,7.0,,,,7.610419906687403,,49,,6.954545454545454,0,7.610419906687403,919,39,50,49
msg_2178,node49,node22,321,59066,,,,,,7.633433283358321,,49,,,0,7.633433283358321,920,20,50,49
msg_2179,node49,node23,321,59066,,,,,,7.633433283358321,,49,,,0,7.633433283358321,920,20,50,49
msg_2180,node49,node24,321,59066,59074.0,8.0,,,,7.609133126934984,,49,,7.9772727272727275,0,7.609133126934984,913,33,50,49
msg_2181,node49,node25,321,59066,59074.0,8.0,,,,7.609737248840804,,49,,8.0,0,7.609737248840804,911,31,50,49
msg_2182,node49,node26,321,59066,,,,,,7.633433283358321,,49,,,0,7.633433283358321,920,20,50,49
msg_2183,node49,node27,321,59066,59075.0,9.0,,,,7.61003861003861,,49,,9.0,0,7.61003861003861,910,30,50,49
msg_2184,node49,node28,321,59066,,,,,,7.633433283358321,,49,,,0,7.633433283358321,920,20,50,49
msg_2185,node49,node29,321,59066,,,,,,7.633433283358321,,49,,,0,7.633433283358321,920,20,50,49
msg_2186,node49,node30,321,59066,,,,,,7.633433283358321,,49,,,0,7.633433283358321,920,20,50,49
msg_2187,node49,node31,321,59066,59074.0,8.0,,,,7.6088303640588695,,49,,7.954545454545454,0,7.6088303640588695,914,34,50,49
msg_2188,node49,node32,321,59066,59074.0,8.0,,,,7.609435421500387,,49,,7.9772727272727275,0,7.609435421500387,912,32,50,49
msg_2189,node49,node33,321,59066,59076.0,10.0,,,,7.611111111111111,,49,,9.954545454545455,0,7.611111111111111,909,29,50,49
msg_2190,node49,node34,321,59066,,,,,,7.633433283358321,,49,,,0,7.633433283358321,920,20,50,49
msg_2191,node49,node35,321,59066,59076.0,10.0,,,,7.612952968388589,,49,,9.977272727272727,0,7.612952968388589,908,28,50,49
msg_2192,node49,node36,321,59066,59076.0,10.0,,,,7.614791987673343,,49,,9.977272727272727,0,7.614791987673343,907,27,50,49
msg_2193,node49,node37,321,59066,59076.0,10.0,,,,7.61662817551963,,49,,9.977272727272727,0,7.61662817551963,906,26,50,49
msg_2194,node49,node38,321,59066,,,,,,7.633433283358321,,49,,,0,7.633433283358321,920,20,50,49
msg_2195,node49,node39,321,59066,,,,,,7.633433283358321,,49,,,0,7.633433283358321,920,20,50,49
msg_2196,node49,node40,321,59066,59077.0,11.0,,,,7.618461538461538,,49,,10.977272727272727,0,7.618461538461538,905,25,50,49
msg_2197,node49,node41,321,59066,59077.0,11.0,,,,7.621060722521138,,49,,10.977272727272727,0,7.621060722521138,904,24,50,49
msg_2198,node49,node42,321,59066,,,,,,7.633433283358321,,49,,,0,7.633433283358321,920,20,50,49
msg_2199,node49,node43,321,59066,,,,,,7.633433283358321,,49,,,0,7.633433283358321,920,20,50,49
msg_2200,node49,node44,321,59066,59077.0,11.0,,,,7.623655913978495,,49,,10.977272727272727,0,7.623655913978495,903,23,50,49
msg_2201,node49,node45,321,59066,59078.0,12.0,,,,7.6262471220260935,,49,,11.977272727272727,0,7.6262471220260935,902,22,50,49
msg_2202,node49,node46,321,59066,59078.0,12.0,,,,7.629601226993865,,49,,12.0,0,7.629601226993865,901,21,50,49
msg_2203,node49,node47,321,59066,,,,,,7.633433283358321,,49,,,0,7.633433283358321,920,20,50,49
msg_2204,node49,node48,321,59066,,,,,,7.633433283358321,,49,,,0,7.633433283358321,920,20,50,49
msg_2205,node49,node0,320,59243,59247.0,4.0,,,,7.632950191570881,,49,,3.9555555555555557,0,7.632950191570881,949,49,50,49
msg_2206,node49,node1,320,59243,59247.0,4.0,,,,7.630168453292496,,49,,3.977777777777778,0,7.630168453292496,948,48,50,49
msg_2207,node49,node2,320,59243,59247.0,4.0,,,,7.627390971690895,,49,,3.977777777777778,0,7.627390971690895,947,47,50,49
msg_2208,node49,node3,320,59243,59248.0,5.0,,,,7.621848739495798,,49,,4.977777777777778,0,7.621848739495798,945,45,50,49
msg_2209,node49,node4,320,59243,,,,,,7.633433283358321,,49,,,0,7.633433283358321,920,20,50,49
msg_2210,node49,node5,320,59243,,,,,,7.633433283358321,,49,,,0,7.633433283358321,920,20,50,49
msg_2211,node49,node6,320,59243,59248.0,5.0,,,,7.6198473282442745,,49,,4.977777777777778,0,7.6198473282442745,944,44,50,49
msg_2212,node49,node7,320,59243,59248.0,5.0,,,,7.617848970251716,,49,,5.0,0,7.617848970251716,943,43,50,49
msg_2213,node49,node8,320,59243,59249.0,6.0,,,,7.6138613861386135,,49,,6.0,0,7.6138613861386135,941,41,50,49
msg_2214,node49,node9,320,59243,59249.0,6.0,,,,7.6126331811263315,,49,,6.0,0,7.6126331811263315,940,40,50,49
msg_2215,node49,node10,321,59243,59247.0,4.0,,,,7.624617737003058,,49,,3.9555555555555557,0,7.624617737003058,946,46,50,49
msg_2216,node49,node11,321,59243,,,,,,7.633433283358321,,49,,,0,7.633433283358321,920,20,50,49
msg_2217,node49,node12,321,59243,,,,,,7.633433283358321,,49,,,0,7.633433283358321,920,20,50,49
msg_2218,node49,node13,321,59243,59250.0,7.0,,,,7.6109422492401215,,49,,6.955555555555556,0,7.6109422492401215,938,38,50,49
msg_2219,node49,node14,321,59243,59248.0,5.0,,,,7.615853658536586,,49,,4.977777777777778,0,7.615853658536586,942,42,50,49
msg_2220,node49,node15,321,59243,59250.0,7.0,,,,7.610478359908884,,49,,6.977777777777778,0,7.610478359908884,937,37,50,49
msg_2221,node49,node16,321,59243,,,,,,7.633433283358321,,49,,,0,7.633433283358321,920,20,50,49
msg_2222,node49,node17,321,59243,59250.0,7.0,,,,7.610015174506828,,49,,6.977777777777778,0,7.610015174506828,936,36,50,49
msg_2223,node49,node18,321,59243,,,,,,7.633433283358321,,49,,,0,7.633433283358321,920,20,50,49
msg_2224,node49,node19,321,59243,,,,,,7.633433283358321,,49,,,0,7.633433283358321,920,20,50,49
msg_2225,node49,node20,321,59243,59251.0,8.0,,,,7.609552691432904,,49,,7.977777777777778,0,7.609552691432904,935,35,50,49
msg_2226,node49,node21,321,59243,59250.0,7.0,,,,7.6114068441064635,,49,,6.955555555555556,0,7.6114068441064635,939,39,50,49
msg_2227,node49,node22,321,59243,,,,,,7.633433283358321,,49,,,0,7.633433283358321,920,20,50,49
msg_2228,node49,node23,321,59243,,,,,,7.633433283358321,,49,,,0,7.633433283358321,920,20,50,49
msg_2229,node49,node24,321,59243,59251.0,8.0,,,,7.6101438304314915,,49,,7.977777777777778,0,7.6101438304314915,933,33,50,49
msg_2230,node49,node25,321,59243,59251.0,8.0,,,,7.610733182161754,,49,,8.0,0,7.610733182161754,931,31,50,49
msg_2231,node49,node26,321,59243,,,,,,7.633433283358321,,49,,,0,7.633433283358321,920,20,50,49
msg_2232,node49,node27,321,59243,59252.0,9.0,,,,7.611027190332326,,49,,9.0,0,7.611027190332326,930,30,50,49
msg_2233,node49,node28,321,59243,,,,,,7.633433283358321,,49,,,0,7.633433283358321,920,20,50,49
msg_2234,node49,node29,321,59243,,,,,,7.633433283358321,,49,,,0,7.633433283358321,920,20,50,49
msg_2235,node49,node30,321,59243,,,,,,7.633433283358321,,49,,,0,7.633433283358321,920,20,50,49
msg_2236,node49,node31,321,59243,59251.0,8.0,,,,7.609848484848484,,49,,7.955555555555556,0,7.609848484848484,934,34,50,49
msg_2237,node49,node32,321,59243,59251.0,8.0,,,,7.610438729198185,,49,,7.977777777777778,0,7.610438729198185,932,32,50,49
msg_2238,node49,node33,321,59243,59253.0,10.0,,,,7.612075471698113,,49,,9.955555555555556,0,7.612075471698113,929,29,50,49
msg_2239,node49,node34,321,59243,,,,,,7.633433283358321,,49,,,0,7.633433283358321,920,20,50,49
msg_2240,node49,node35,321,59243,59253.0,10.0,,,,7.613876319758672,,49,,9.977777777777778,0,7.613876319758672,928,28,50,49
msg_2241,node49,node36,321,59243,59253.0,10.0,,,,7.615674453654861,,49,,9.977777777777778,0,7.615674453654861,927,27,50,49
msg_2242,node49,node37,321,59243,59253.0,10.0,,,,7.617469879518072,,49,,9.977777777777778,0,7.617469879518072,926,26,50,49
msg_2243,node49,node38,321,59243,,,,,,7.633433283358321,,49,,,0,7.633433283358321,920,20,50,49
msg_2244,node49,node39,321,59243,,,,,,7.633433283358321,,49,,,0,7.633433283358321,920,20,50,49
msg_2245,node49,node40,321,59243,59254.0,11.0,,,,7.619262603461249,,49,,10.977777777777778,0,7.619262603461249,925,25,50,49
msg_2246,node49,node41,321,59243,59254.0,11.0,,,,7.621804511278196,,49,,10.977777777777778,0,7.621804511278196,924,24,50,49
msg_2247,node49,node42,321,59243,,,,,,7.633433283358321,,49,,,0,7.633433283358321,920,20,50,49
msg_2248,node49,node43,321,59243,,,,,,7.633433283358321,,49,,,0,7.633433283358321,920,20,50,49
msg_2249,node49,node44,321,59243,59254.0,11.0,,,,7.624342599549212,,49,,10.977777777777778,0,7.624342599549212,923,23,50,49
msg_2250,node49,node45,321,59243,59255.0,12.0,,,,7.626876876876877,,49,,11.977777777777778,0,7.626876876876877,922,22,50,49
msg_2251,node49,node46,321,59243,59255.0,12.0,,,,7.630157539384847,,49,,12.0,0,7.630157539384847,921,21,50,49
msg_2252,node49,node47,321,59243,,,,,,7.633433283358321,,49,,,0,7.633433283358321,920,20,50,49
msg_2253,node49,node48,321,59243,,,,,,7.633433283358321,,49,,,0,7.633433283358321,920,20,50,49
