real_timestamp,real_datetime,simulation_time_s,relative_real_time_s
1755158858.696394,2025-08-14 10:07:38.696394,0.0,0.9988203048706055
1755158858.7027197,2025-08-14 10:07:38.702720,0.1442910641095092,1.0051460266113281
1755158858.7084608,2025-08-14 10:07:38.708461,0.1452910641095092,1.0108871459960938
1755158858.7130136,2025-08-14 10:07:38.713014,0.14532639503479003,1.0154399871826172
1755158858.7160661,2025-08-14 10:07:38.716066,0.14551331520080565,1.0184924602508545
1755158858.7190452,2025-08-14 10:07:38.719045,0.14560772895812987,1.0214715003967285
1755158858.7219753,2025-08-14 10:07:38.721975,0.14569069862365722,1.0244016647338867
1755158858.724882,2025-08-14 10:07:38.724882,0.14577128410339354,1.0273082256317139
1755158858.7277544,2025-08-14 10:07:38.727754,0.14587785720825194,1.0301806926727295
1755158858.730592,2025-08-14 10:07:38.730592,0.1459009838104248,1.0330183506011963
1755158858.7334063,2025-08-14 10:07:38.733406,0.14592363357543944,1.0358326435089111
1755158858.7362046,2025-08-14 10:07:38.736205,0.14594532966613769,1.0386309623718262
1755158858.738976,2025-08-14 10:07:38.738976,0.1459763240814209,1.0414023399353027
1755158858.7417362,2025-08-14 10:07:38.741736,0.14599945068359374,1.0441625118255615
1755158858.7444754,2025-08-14 10:07:38.744475,0.14602090835571288,1.0469017028808594
1755158858.7471993,2025-08-14 10:07:38.747199,0.14604188919067382,1.0496256351470947
1755158858.7498798,2025-08-14 10:07:38.749880,0.14606334686279296,1.0523061752319336
1755158858.7525704,2025-08-14 10:07:38.752570,0.1460843276977539,1.0549967288970947
1755158858.75523,2025-08-14 10:07:38.755230,0.14610459327697753,1.0576562881469727
1755158858.757849,2025-08-14 10:07:38.757849,0.14612509727478026,1.0602753162384033
1755158858.7604518,2025-08-14 10:07:38.760452,0.1461463165283203,1.062878131866455
1755158858.763035,2025-08-14 10:07:38.763035,0.14616658210754394,1.0654613971710205
1755158858.765588,2025-08-14 10:07:38.765588,0.14618708610534667,1.06801438331604
1755158858.7681177,2025-08-14 10:07:38.768118,0.1462071132659912,1.0705440044403076
1755158858.7706232,2025-08-14 10:07:38.770623,0.14622785568237304,1.073049545288086
1755158858.77311,2025-08-14 10:07:38.773110,0.14624979019165038,1.0755362510681152
1755158858.7755911,2025-08-14 10:07:38.775591,0.14627053260803222,1.0780174732208252
1755158858.7780204,2025-08-14 10:07:38.778020,0.14629127502441405,1.080446720123291
1755158858.7804463,2025-08-14 10:07:38.780446,0.1463129711151123,1.0828726291656494
1755158858.7828345,2025-08-14 10:07:38.782835,0.14633419036865233,1.0852608680725098
1755158858.785199,2025-08-14 10:07:38.785199,0.1463608932495117,1.08762526512146
1755158858.787548,2025-08-14 10:07:38.787548,0.14638378143310546,1.0899744033813477
1755158858.789862,2025-08-14 10:07:38.789862,0.1464071464538574,1.0922882556915283
1755158858.792196,2025-08-14 10:07:38.792196,0.14643027305603026,1.0946223735809326
1755158858.7944634,2025-08-14 10:07:38.794463,0.1464519691467285,1.0968897342681885
1755158858.7967315,2025-08-14 10:07:38.796731,0.14647271156311034,1.0991578102111816
1755158858.7989748,2025-08-14 10:07:38.798975,0.14649416923522948,1.1014010906219482
1755158858.8011823,2025-08-14 10:07:38.801182,0.14651515007019042,1.1036086082458496
1755158858.803387,2025-08-14 10:07:38.803387,0.14653589248657226,1.1058132648468018
1755158858.8055558,2025-08-14 10:07:38.805556,0.1465566349029541,1.1079821586608887
1755158858.807697,2025-08-14 10:07:38.807697,0.14657737731933593,1.1101233959197998
1755158858.8098433,2025-08-14 10:07:38.809843,0.14660002708435058,1.112269639968872
1755158858.8119614,2025-08-14 10:07:38.811961,0.14662148475646972,1.1143877506256104
1755158858.8140442,2025-08-14 10:07:38.814044,0.14664175033569335,1.1164705753326416
1755158858.8161132,2025-08-14 10:07:38.816113,0.1466632080078125,1.118539571762085
1755158858.8181593,2025-08-14 10:07:38.818159,0.14668395042419433,1.1205856800079346
1755158858.8201861,2025-08-14 10:07:38.820186,0.14670469284057616,1.122612476348877
1755158858.8221781,2025-08-14 10:07:38.822178,0.1467251968383789,1.1246044635772705
1755158858.8241715,2025-08-14 10:07:38.824172,0.14674498558044433,1.1265978813171387
1755158858.8261216,2025-08-14 10:07:38.826122,0.14676525115966796,1.1285479068756104
1755158858.8280587,2025-08-14 10:07:38.828059,0.14684488296508788,1.1304850578308105
1755158858.8299534,2025-08-14 10:07:38.829953,0.14686991691589354,1.1323797702789307
1755158858.8318686,2025-08-14 10:07:38.831869,2.0244473295301346,1.1342949867248535
1755158858.8335824,2025-08-14 10:07:38.833582,2.0254473295301345,1.1360087394714355
1755158858.8365593,2025-08-14 10:07:38.836559,2.0251087188720702,1.1389856338500977
1755158858.8395886,2025-08-14 10:07:38.839589,2.0251466274261474,1.142014980316162
1755158858.8425384,2025-08-14 10:07:38.842538,2.025173568725586,1.1449646949768066
1755158858.8454664,2025-08-14 10:07:38.845466,2.0252026557922362,1.147892713546753
1755158858.8483648,2025-08-14 10:07:38.848365,2.0252267360687255,1.1507911682128906
1755158858.8512177,2025-08-14 10:07:38.851218,2.0252498626708983,1.15364408493042
1755158858.8540368,2025-08-14 10:07:38.854037,2.025272989273071,1.1564631462097168
1755158858.8568492,2025-08-14 10:07:38.856849,2.0252954006195067,1.1592755317687988
1755158858.859628,2025-08-14 10:07:38.859628,2.0253185272216796,1.1620543003082275
1755158858.8623705,2025-08-14 10:07:38.862370,2.025340223312378,1.1647968292236328
1755158858.8651106,2025-08-14 10:07:38.865111,2.0253628730773925,1.167536973953247
1755158858.8678348,2025-08-14 10:07:38.867835,2.0253843307495116,1.1702611446380615
1755158858.870518,2025-08-14 10:07:38.870518,2.0254072189331054,1.1729443073272705
1755158858.8731759,2025-08-14 10:07:38.873176,2.0254305839538573,1.1756021976470947
1755158858.8758082,2025-08-14 10:07:38.875808,2.0254525184631347,1.178234577178955
1755158858.8784285,2025-08-14 10:07:38.878428,2.025474452972412,1.1808547973632812
1755158858.8810472,2025-08-14 10:07:38.881047,2.0254963874816894,1.1834735870361328
1755158858.8836298,2025-08-14 10:07:38.883630,2.0255176067352294,1.186056137084961
1755158858.8861725,2025-08-14 10:07:38.886173,2.0255385875701903,1.188598871231079
1755158858.8887157,2025-08-14 10:07:38.888716,2.0255600452423095,1.1911420822143555
1755158858.8912473,2025-08-14 10:07:38.891247,2.025580549240112,1.1936736106872559
1755158858.8937318,2025-08-14 10:07:38.893732,2.025601530075073,1.1961581707000732
1755158858.896207,2025-08-14 10:07:38.896207,2.025622272491455,1.1986334323883057
1755158858.8986459,2025-08-14 10:07:38.898646,2.025652313232422,1.2010722160339355
1755158858.901065,2025-08-14 10:07:38.901065,2.025673770904541,1.203491449356079
1755158858.90348,2025-08-14 10:07:38.903480,2.025694751739502,1.2059063911437988
1755158858.905846,2025-08-14 10:07:38.905846,2.025715970993042,1.2082724571228027
1755158858.9082017,2025-08-14 10:07:38.908202,2.025737428665161,1.2106280326843262
1755158858.910527,2025-08-14 10:07:38.910527,2.0257591247558593,1.2129533290863037
1755158858.912858,2025-08-14 10:07:38.912858,2.0257801055908202,1.2152843475341797
1755158858.9151554,2025-08-14 10:07:38.915155,2.025800371170044,1.2175817489624023
1755158858.9174263,2025-08-14 10:07:38.917426,2.0258206367492675,1.2198526859283447
1755158858.9196875,2025-08-14 10:07:38.919688,2.0258413791656493,1.222113847732544
1755158858.9219184,2025-08-14 10:07:38.921918,2.025862121582031,1.2243447303771973
1755158858.9241245,2025-08-14 10:07:38.924124,2.025882625579834,1.226550817489624
1755158858.9263043,2025-08-14 10:07:38.926304,2.0259031295776366,1.2287306785583496
1755158858.9284875,2025-08-14 10:07:38.928488,2.0259236335754394,1.2309138774871826
1755158858.930639,2025-08-14 10:07:38.930639,2.025943660736084,1.2330653667449951
1755158858.9327724,2025-08-14 10:07:38.932772,2.0259636878967284,1.235198736190796
1755158858.9348857,2025-08-14 10:07:38.934886,2.0259829998016357,1.2373120784759521
1755158858.93694,2025-08-14 10:07:38.936940,2.02600302696228,1.2393662929534912
1755158858.9390135,2025-08-14 10:07:38.939013,2.0260230541229247,1.2414398193359375
1755158858.9410331,2025-08-14 10:07:38.941033,2.0260433197021483,1.2434594631195068
1755158858.943053,2025-08-14 10:07:38.943053,2.02606406211853,1.2454793453216553
1755158858.9450428,2025-08-14 10:07:38.945043,2.026084327697754,1.247469186782837
1755158858.9470074,2025-08-14 10:07:38.947007,2.0261045932769775,1.2494337558746338
1755158858.9489472,2025-08-14 10:07:38.948947,2.0261258125305175,1.251373529434204
1755158858.9508731,2025-08-14 10:07:38.950873,2.026147985458374,1.2532994747161865
1755158858.9527698,2025-08-14 10:07:38.952770,2.02628436088562,1.2551960945129395
1755158858.9546752,2025-08-14 10:07:38.954675,3.4674162548767975,1.2571015357971191
1755158858.9563847,2025-08-14 10:07:38.956385,3.4684162548767974,1.2588109970092773
1755158858.9592464,2025-08-14 10:07:38.959246,3.468112295150757,1.2616727352142334
1755158858.962226,2025-08-14 10:07:38.962226,3.4681511573791504,1.2646522521972656
1755158858.965141,2025-08-14 10:07:38.965141,3.4681778602600097,1.2675673961639404
1755158858.968061,2025-08-14 10:07:38.968061,3.468202417373657,1.2704873085021973
1755158858.9709468,2025-08-14 10:07:38.970947,3.468225305557251,1.2733731269836426
1755158858.9737825,2025-08-14 10:07:38.973783,3.4682503395080566,1.2762088775634766
1755158858.9766047,2025-08-14 10:07:38.976605,3.4682739429473877,1.2790310382843018
1755158858.9794335,2025-08-14 10:07:38.979434,3.468296115875244,1.2818598747253418
1755158858.9822025,2025-08-14 10:07:38.982203,3.4683180503845215,1.2846288681030273
1755158858.9849548,2025-08-14 10:07:38.984955,3.468340700149536,1.2873811721801758
1755158858.9876814,2025-08-14 10:07:38.987681,3.46836358833313,1.2901077270507812
1755158858.9903743,2025-08-14 10:07:38.990374,3.468391721725464,1.2928006649017334
1755158858.9930804,2025-08-14 10:07:38.993080,3.4684141330718994,1.2955067157745361
1755158858.9957492,2025-08-14 10:07:38.995749,3.4684358291625976,1.298175573348999
1755158858.998386,2025-08-14 10:07:38.998386,3.4684591941833496,1.3008122444152832
1755158859.0010145,2025-08-14 10:07:39.001014,3.4684799365997314,1.303440809249878
1755158859.003614,2025-08-14 10:07:39.003614,3.4685009174346924,1.3060402870178223
1755158859.0061796,2025-08-14 10:07:39.006180,3.4685221366882324,1.3086059093475342
1755158859.0087442,2025-08-14 10:07:39.008744,3.4685428791046142,1.3111705780029297
1755158859.0112731,2025-08-14 10:07:39.011273,3.468563383102417,1.31369948387146
1755158859.0137687,2025-08-14 10:07:39.013769,3.468584125518799,1.316195011138916
1755158859.0162578,2025-08-14 10:07:39.016258,3.4686051063537597,1.3186841011047363
1755158859.0187411,2025-08-14 10:07:39.018741,3.4686258487701416,1.3211674690246582
1755158859.021199,2025-08-14 10:07:39.021199,3.4686463527679443,1.3236253261566162
1755158859.0236297,2025-08-14 10:07:39.023630,3.4686673336029052,1.3260560035705566
1755158859.0260112,2025-08-14 10:07:39.026011,3.4686887912750244,1.3284375667572021
1755158859.0283759,2025-08-14 10:07:39.028376,3.4687102489471435,1.3308022022247314
1755158859.0307264,2025-08-14 10:07:39.030726,3.4687319450378418,1.3331527709960938
1755158859.0330396,2025-08-14 10:07:39.033040,3.46875364112854,1.335465908050537
1755158859.0353327,2025-08-14 10:07:39.035333,3.468774383544922,1.337759017944336
1755158859.0375938,2025-08-14 10:07:39.037594,3.4687951259613037,1.3400201797485352
1755158859.0398445,2025-08-14 10:07:39.039845,3.4688158683776855,1.342270851135254
1755158859.0420766,2025-08-14 10:07:39.042077,3.4688363723754883,1.3445029258728027
1755158859.0442858,2025-08-14 10:07:39.044286,3.46885711479187,1.3467121124267578
1755158859.046461,2025-08-14 10:07:39.046461,3.468877618789673,1.3488874435424805
1755158859.0486298,2025-08-14 10:07:39.048630,3.4688983612060547,1.3510560989379883
1755158859.0507855,2025-08-14 10:07:39.050786,3.4689188652038574,1.3532118797302246
1755158859.0529203,2025-08-14 10:07:39.052920,3.4689400844573974,1.3553466796875
1755158859.0550368,2025-08-14 10:07:39.055037,3.468960350036621,1.3574631214141846
1755158859.0571046,2025-08-14 10:07:39.057105,3.468981569290161,1.3595309257507324
1755158859.0591784,2025-08-14 10:07:39.059178,3.469002788543701,1.3616046905517578
1755158859.0612118,2025-08-14 10:07:39.061212,3.469023530960083,1.363638162612915
1755158859.0632486,2025-08-14 10:07:39.063249,3.4690440349578857,1.3656749725341797
1755158859.065234,2025-08-14 10:07:39.065234,3.4690640621185302,1.3676602840423584
1755158859.067208,2025-08-14 10:07:39.067208,3.469084327697754,1.3696343898773193
1755158859.069143,2025-08-14 10:07:39.069143,3.4691045932769775,1.3715693950653076
1755158859.0710697,2025-08-14 10:07:39.071070,3.4691250972747802,1.3734960556030273
1755158859.072972,2025-08-14 10:07:39.072972,3.469145362854004,1.3753983974456787
1755158859.0748441,2025-08-14 10:07:39.074844,3.4691653900146484,1.3772704601287842
1755158859.0767114,2025-08-14 10:07:39.076711,3.7618799717710605,1.3791377544403076
1755158859.0797634,2025-08-14 10:07:39.079763,3.7621108646392822,1.3821897506713867
1755158859.0827036,2025-08-14 10:07:39.082704,3.7621492500305176,1.3851299285888672
1755158859.085588,2025-08-14 10:07:39.085588,3.7621766681671143,1.388014316558838
1755158859.0884657,2025-08-14 10:07:39.088466,3.7622009868621826,1.3908920288085938
1755158859.0913095,2025-08-14 10:07:39.091310,3.7622262592315674,1.3937358856201172
1755158859.0941145,2025-08-14 10:07:39.094115,3.7622496242523193,1.396540880203247
1755158859.0969028,2025-08-14 10:07:39.096903,3.762272274017334,1.3993291854858398
1755158859.0996673,2025-08-14 10:07:39.099667,3.7622942085266113,1.4020936489105225
1755158859.1024024,2025-08-14 10:07:39.102402,3.7623154277801514,1.4048287868499756
1755158859.1051204,2025-08-14 10:07:39.105120,3.762338077545166,1.4075467586517334
1755158859.1078057,2025-08-14 10:07:39.107806,3.7623602504730225,1.4102320671081543
1755158859.1104693,2025-08-14 10:07:39.110469,3.762383138656616,1.412895679473877
1755158859.1131496,2025-08-14 10:07:39.113150,3.7624055500030518,1.4155759811401367
1755158859.115787,2025-08-14 10:07:39.115787,3.762427722930908,1.4182133674621582
1755158859.1184003,2025-08-14 10:07:39.118400,3.7624494190216065,1.4208266735076904
1755158859.1210132,2025-08-14 10:07:39.121013,3.7624708766937256,1.4234395027160645
1755158859.1235912,2025-08-14 10:07:39.123591,3.7624920959472656,1.4260175228118896
1755158859.126116,2025-08-14 10:07:39.126116,3.7625133152008057,1.4285423755645752
1755158859.1286342,2025-08-14 10:07:39.128634,3.7625338191986084,1.431060552597046
1755158859.1311288,2025-08-14 10:07:39.131129,3.7625548000335693,1.4335551261901855
1755158859.133604,2025-08-14 10:07:39.133604,3.762575304031372,1.436030387878418
1755158859.1360633,2025-08-14 10:07:39.136063,3.762595808029175,1.4384896755218506
1755158859.1384919,2025-08-14 10:07:39.138492,3.7626163120269775,1.440918207168579
1755158859.140911,2025-08-14 10:07:39.140911,3.762636339187622,1.4433374404907227
1755158859.1433103,2025-08-14 10:07:39.143310,3.762657081604004,1.4457366466522217
1755158859.1456676,2025-08-14 10:07:39.145668,3.762678539276123,1.4480938911437988
1755158859.1480126,2025-08-14 10:07:39.148013,3.762699043273926,1.4504389762878418
1755158859.150334,2025-08-14 10:07:39.150334,3.7627197856903076,1.4527602195739746
1755158859.1526313,2025-08-14 10:07:39.152631,3.7627412433624268,1.4550576210021973
1755158859.1549065,2025-08-14 10:07:39.154907,3.7627619857788086,1.4573328495025635
1755158859.1571481,2025-08-14 10:07:39.157148,3.7627829666137695,1.4595744609832764
1755158859.15939,2025-08-14 10:07:39.159390,3.762805139541626,1.4618163108825684
1755158859.161587,2025-08-14 10:07:39.161587,3.762828742980957,1.4640133380889893
1755158859.1637785,2025-08-14 10:07:39.163779,3.762850200653076,1.4662048816680908
1755158859.1659446,2025-08-14 10:07:39.165945,3.7629937286376953,1.4683709144592285
1755158859.1680913,2025-08-14 10:07:39.168091,3.7630199546813965,1.470517635345459
1755158859.170227,2025-08-14 10:07:39.170227,3.7630433197021484,1.4726533889770508
1755158859.1723423,2025-08-14 10:07:39.172342,3.7630719299316406,1.4747686386108398
1755158859.1744165,2025-08-14 10:07:39.174417,3.7630945796966553,1.4768428802490234
1755158859.176466,2025-08-14 10:07:39.176466,3.7631167526245117,1.4788923263549805
1755158859.1785028,2025-08-14 10:07:39.178503,3.763138210296631,1.4809291362762451
1755158859.1805305,2025-08-14 10:07:39.180531,3.7631603832244873,1.482956886291504
1755158859.182513,2025-08-14 10:07:39.182513,3.7631825561523438,1.4849393367767334
1755158859.1844935,2025-08-14 10:07:39.184494,3.7632035369873047,1.48691987991333
1755158859.1864307,2025-08-14 10:07:39.186431,3.7632242794036865,1.4888570308685303
1755158859.1883636,2025-08-14 10:07:39.188364,3.7632452602386475,1.4907898902893066
1755158859.1902637,2025-08-14 10:07:39.190264,3.7632662410736084,1.492690086364746
1755158859.1921535,2025-08-14 10:07:39.192153,3.7632869834899902,1.494579792022705
1755158859.1940064,2025-08-14 10:07:39.194006,3.763307964324951,1.4964327812194824
1755158859.1958668,2025-08-14 10:07:39.195867,4.445938751430661,1.498293161392212
1755158859.198774,2025-08-14 10:07:39.198774,4.446108480453491,1.5012004375457764
1755158859.201687,2025-08-14 10:07:39.201687,4.446146627426147,1.5041134357452393
1755158859.204593,2025-08-14 10:07:39.204593,4.446174522399902,1.507019281387329
1755158859.2074568,2025-08-14 10:07:39.207457,4.446199317932129,1.509883165359497
1755158859.2102845,2025-08-14 10:07:39.210284,4.44622292137146,1.5127108097076416
1755158859.2130861,2025-08-14 10:07:39.213086,4.446247955322265,1.515512466430664
1755158859.2158668,2025-08-14 10:07:39.215867,4.446271081924438,1.5182931423187256
1755158859.21862,2025-08-14 10:07:39.218620,4.446294208526611,1.5210464000701904
1755158859.2213557,2025-08-14 10:07:39.221356,4.446316143035888,1.5237820148468018
1755158859.2240644,2025-08-14 10:07:39.224064,4.44633950805664,1.5264906883239746
1755158859.2267656,2025-08-14 10:07:39.226766,4.446361919403076,1.5291919708251953
1755158859.229451,2025-08-14 10:07:39.229451,4.446383615493774,1.5318772792816162
1755158859.2321117,2025-08-14 10:07:39.232112,4.446404834747314,1.5345380306243896
1755158859.2347567,2025-08-14 10:07:39.234757,4.446426530838012,1.5371830463409424
1755158859.237375,2025-08-14 10:07:39.237375,4.4464477500915525,1.5398013591766357
1755158859.2399862,2025-08-14 10:07:39.239986,4.446468492507934,1.542412519454956
1755158859.2425792,2025-08-14 10:07:39.242579,4.446489473342895,1.5450055599212646
1755158859.2451522,2025-08-14 10:07:39.245152,4.446510931015014,1.5475785732269287
1755158859.2476933,2025-08-14 10:07:39.247693,4.4465323886871335,1.5501196384429932
1755158859.2501903,2025-08-14 10:07:39.250190,4.4465533695220945,1.5526165962219238
1755158859.2526646,2025-08-14 10:07:39.252665,4.446574111938476,1.5550909042358398
1755158859.2551146,2025-08-14 10:07:39.255115,4.446594854354858,1.5575408935546875
1755158859.257534,2025-08-14 10:07:39.257534,4.44661559677124,1.5599603652954102
1755158859.2599485,2025-08-14 10:07:39.259948,4.446636577606201,1.5623748302459717
1755158859.262326,2025-08-14 10:07:39.262326,4.446658273696899,1.5647523403167725
1755158859.2646925,2025-08-14 10:07:39.264693,4.446680685043335,1.5671188831329346
1755158859.267047,2025-08-14 10:07:39.267047,4.446702619552612,1.5694732666015625
1755158859.2693636,2025-08-14 10:07:39.269364,4.4467247924804685,1.5717899799346924
1755158859.2716632,2025-08-14 10:07:39.271663,4.446745773315429,1.574089527130127
1755158859.273927,2025-08-14 10:07:39.273927,4.44676675415039,1.5763533115386963
1755158859.2761798,2025-08-14 10:07:39.276180,4.446787734985351,1.578606128692627
1755158859.2784076,2025-08-14 10:07:39.278408,4.446808477401733,1.580833911895752
1755158859.2806208,2025-08-14 10:07:39.280621,4.446829458236694,1.5830471515655518
1755158859.2828114,2025-08-14 10:07:39.282811,4.446850915908813,1.585237741470337
1755158859.284961,2025-08-14 10:07:39.284961,4.446871658325195,1.5873873233795166
1755158859.287101,2025-08-14 10:07:39.287101,4.446892877578735,1.5895273685455322
1755158859.289219,2025-08-14 10:07:39.289219,4.446913858413696,1.5916452407836914
1755158859.291323,2025-08-14 10:07:39.291323,4.446935316085815,1.5937492847442627
1755158859.2933893,2025-08-14 10:07:39.293389,4.446957012176513,1.595815658569336
1755158859.295444,2025-08-14 10:07:39.295444,4.446977754592895,1.5978703498840332
1755158859.2974596,2025-08-14 10:07:39.297460,4.4469994506835935,1.5998859405517578
1755158859.299458,2025-08-14 10:07:39.299458,4.447020908355713,1.601884365081787
1755158859.3014362,2025-08-14 10:07:39.301436,4.447042604446411,1.6038625240325928
1755158859.303393,2025-08-14 10:07:39.303393,4.447065015792846,1.6058192253112793
1755158859.305308,2025-08-14 10:07:39.305308,4.447085758209228,1.6077344417572021
1755158859.3072748,2025-08-14 10:07:39.307275,4.44710650062561,1.609701156616211
1755158859.3091857,2025-08-14 10:07:39.309186,4.447128196716308,1.61161208152771
1755158859.311043,2025-08-14 10:07:39.311043,4.447150131225586,1.6134693622589111
1755158859.312871,2025-08-14 10:07:39.312871,4.447171588897705,1.6152973175048828
1755158859.3147058,2025-08-14 10:07:39.314706,5.042850843298658,1.6171321868896484
1755158859.3177297,2025-08-14 10:07:39.317730,5.043117778778076,1.6201560497283936
1755158859.3206503,2025-08-14 10:07:39.320650,5.043155925750733,1.6230766773223877
1755158859.323542,2025-08-14 10:07:39.323542,5.0431840591430666,1.6259684562683105
1755158859.3263874,2025-08-14 10:07:39.326387,5.043209093093872,1.6288137435913086
1755158859.329195,2025-08-14 10:07:39.329195,5.043233888626099,1.6316213607788086
1755158859.3319855,2025-08-14 10:07:39.331985,5.0432589225769044,1.6344118118286133
1755158859.33475,2025-08-14 10:07:39.334750,5.043283718109131,1.637176275253296
1755158859.3374748,2025-08-14 10:07:39.337475,5.043306367874146,1.6399011611938477
1755158859.340199,2025-08-14 10:07:39.340199,5.04332901763916,1.642625331878662
1755158859.3428955,2025-08-14 10:07:39.342896,5.043352621078491,1.6453218460083008
1755158859.3455603,2025-08-14 10:07:39.345560,5.043375509262085,1.647986650466919
1755158859.3482137,2025-08-14 10:07:39.348214,5.043398397445679,1.6506400108337402
1755158859.3508503,2025-08-14 10:07:39.350850,5.043420808792114,1.6532766819000244
1755158859.3534455,2025-08-14 10:07:39.353446,5.043443458557129,1.655871868133545
1755158859.3560455,2025-08-14 10:07:39.356045,5.043465154647827,1.6584718227386475
1755158859.3586218,2025-08-14 10:07:39.358622,5.043486135482788,1.661048173904419
1755158859.3611526,2025-08-14 10:07:39.361153,5.043507593154907,1.663578987121582
1755158859.3636827,2025-08-14 10:07:39.363683,5.043530481338501,1.6661090850830078
1755158859.3661785,2025-08-14 10:07:39.366179,5.043552177429199,1.668604850769043
1755158859.3686574,2025-08-14 10:07:39.368657,5.0435736351013185,1.671083688735962
1755158859.3711212,2025-08-14 10:07:39.371121,5.0435948543548585,1.6735475063323975
1755158859.373556,2025-08-14 10:07:39.373556,5.043615358352661,1.6759822368621826
1755158859.3759756,2025-08-14 10:07:39.375976,5.043635623931885,1.6784019470214844
1755158859.378355,2025-08-14 10:07:39.378355,5.0436558895111085,1.680781364440918
1755158859.3807127,2025-08-14 10:07:39.380713,5.043677585601807,1.6831390857696533
1755158859.3830693,2025-08-14 10:07:39.383069,5.043825643539429,1.6854956150054932
1755158859.3853967,2025-08-14 10:07:39.385397,5.043853538513184,1.6878230571746826
1755158859.3877296,2025-08-14 10:07:39.387730,5.043877380371094,1.6901559829711914
1755158859.389996,2025-08-14 10:07:39.389996,5.0438997917175294,1.6924223899841309
1755158859.3922668,2025-08-14 10:07:39.392267,5.043921249389649,1.6946930885314941
1755158859.3944993,2025-08-14 10:07:39.394499,5.043942945480347,1.6969256401062012
1755158859.3967006,2025-08-14 10:07:39.396701,5.043964641571045,1.699126958847046
1755158859.3988862,2025-08-14 10:07:39.398886,5.0439868144989015,1.70131254196167
1755158859.4010403,2025-08-14 10:07:39.401040,5.044008272171021,1.7034666538238525
1755158859.4031734,2025-08-14 10:07:39.403173,5.044029253005982,1.7055997848510742
1755158859.4052916,2025-08-14 10:07:39.405292,5.0440502338409425,1.7077178955078125
1755158859.4073982,2025-08-14 10:07:39.407398,5.044070737838745,1.709824562072754
1755158859.4094744,2025-08-14 10:07:39.409474,5.044091480255127,1.7119007110595703
1755158859.4115293,2025-08-14 10:07:39.411529,5.044112461090088,1.7139556407928467
1755158859.4135516,2025-08-14 10:07:39.413552,5.044133441925049,1.7159779071807861
1755158859.415573,2025-08-14 10:07:39.415573,5.044153945922852,1.7179992198944092
1755158859.4175596,2025-08-14 10:07:39.417560,5.044175165176392,1.7199859619140625
1755158859.4195297,2025-08-14 10:07:39.419530,5.044195192337036,1.7219560146331787
1755158859.4214537,2025-08-14 10:07:39.421454,5.044215934753418,1.7238800525665283
1755158859.4233556,2025-08-14 10:07:39.423356,5.044236200332642,1.7257819175720215
1755158859.4252238,2025-08-14 10:07:39.425224,5.044256942749024,1.7276501655578613
1755158859.4270947,2025-08-14 10:07:39.427095,5.044277685165405,1.7295210361480713
1755158859.428927,2025-08-14 10:07:39.428927,5.044298189163208,1.7313532829284668
1755158859.4307437,2025-08-14 10:07:39.430744,5.04431893157959,1.7331700325012207
1755158859.4325597,2025-08-14 10:07:39.432560,6.097234707364539,1.7349860668182373
1755158859.4341764,2025-08-14 10:07:39.434176,6.098234707364539,1.736602783203125
1755158859.436938,2025-08-14 10:07:39.436938,6.098122785568237,1.7393643856048584
1755158859.4398067,2025-08-14 10:07:39.439807,6.09816188621521,1.7422330379486084
1755158859.4426553,2025-08-14 10:07:39.442655,6.0981893043518065,1.7450816631317139
1755158859.4454694,2025-08-14 10:07:39.445469,6.098214099884033,1.7478957176208496
1755158859.4482603,2025-08-14 10:07:39.448260,6.098237703323364,1.7506866455078125
1755158859.45102,2025-08-14 10:07:39.451020,6.09826273727417,1.753446340560913
1755158859.4537528,2025-08-14 10:07:39.453753,6.098285387039184,1.7561790943145752
1755158859.4564595,2025-08-14 10:07:39.456460,6.098308275222778,1.7588858604431152
1755158859.45914,2025-08-14 10:07:39.459140,6.098331401824951,1.761566400527954
1755158859.4617949,2025-08-14 10:07:39.461795,6.09835810470581,1.76422119140625
1755158859.4644525,2025-08-14 10:07:39.464453,6.0983817081451415,1.7668788433074951
1755158859.4670846,2025-08-14 10:07:39.467085,6.098403642654419,1.7695109844207764
1755158859.469675,2025-08-14 10:07:39.469675,6.098425100326538,1.7721014022827148
1755158859.4722567,2025-08-14 10:07:39.472257,6.098446796417236,1.7746829986572266
1755158859.4748251,2025-08-14 10:07:39.474825,6.098468254089355,1.7772514820098877
1755158859.477348,2025-08-14 10:07:39.477348,6.0984897117614745,1.7797744274139404
1755158859.4798496,2025-08-14 10:07:39.479850,6.098511169433594,1.782275915145874
1755158859.4823334,2025-08-14 10:07:39.482333,6.098533103942871,1.784759759902954
1755158859.484809,2025-08-14 10:07:39.484809,6.098555038452148,1.7872352600097656
1755158859.4872596,2025-08-14 10:07:39.487260,6.098576496124267,1.7896859645843506
1755158859.4896624,2025-08-14 10:07:39.489662,6.098604391098022,1.7920887470245361
1755158859.492053,2025-08-14 10:07:39.492053,6.098626087188721,1.7944793701171875
1755158859.4944165,2025-08-14 10:07:39.494416,6.09864754486084,1.7968428134918213
1755158859.4967527,2025-08-14 10:07:39.496753,6.098668525695801,1.7991790771484375
1755158859.499085,2025-08-14 10:07:39.499085,6.0986892681121825,1.801511287689209
1755158859.501386,2025-08-14 10:07:39.501386,6.098710964202881,1.8038122653961182
1755158859.5036783,2025-08-14 10:07:39.503678,6.098732183456421,1.8061046600341797
1755158859.5059304,2025-08-14 10:07:39.505930,6.098753879547119,1.808356761932373
1755158859.5081723,2025-08-14 10:07:39.508172,6.098775098800659,1.810598611831665
1755158859.51038,2025-08-14 10:07:39.510380,6.098795841217041,1.8128063678741455
1755158859.5125797,2025-08-14 10:07:39.512580,6.098816345214844,1.8150060176849365
1755158859.514764,2025-08-14 10:07:39.514764,6.0988373260498046,1.817190408706665
1755158859.5169199,2025-08-14 10:07:39.516920,6.098858783721924,1.8193461894989014
1755158859.5190482,2025-08-14 10:07:39.519048,6.098879764556885,1.821474552154541
1755158859.5211494,2025-08-14 10:07:39.521149,6.098901222229004,1.823575735092163
1755158859.523255,2025-08-14 10:07:39.523255,6.098922203063965,1.825681447982788
1755158859.5253456,2025-08-14 10:07:39.525346,6.098942707061767,1.8277719020843506
1755158859.5273938,2025-08-14 10:07:39.527394,6.098963449478149,1.829820156097412
1755158859.5294042,2025-08-14 10:07:39.529404,6.098983953475952,1.8318305015563965
1755158859.531413,2025-08-14 10:07:39.531413,6.099004457473755,1.8338394165039062
1755158859.5333848,2025-08-14 10:07:39.533385,6.099024484634399,1.8358111381530762
1755158859.5353477,2025-08-14 10:07:39.535348,6.09904546546936,1.8377740383148193
1755158859.537315,2025-08-14 10:07:39.537315,6.099065492630005,1.8397412300109863
1755158859.5393028,2025-08-14 10:07:39.539303,6.099085758209228,1.8417291641235352
1755158859.5412226,2025-08-14 10:07:39.541223,6.099105546951294,1.843648910522461
1755158859.5431027,2025-08-14 10:07:39.543103,6.099125812530517,1.8455290794372559
1755158859.5449333,2025-08-14 10:07:39.544933,6.099146554946899,1.8473596572875977
1755158859.546765,2025-08-14 10:07:39.546765,6.099166343688965,1.849191427230835
1755158859.54855,2025-08-14 10:07:39.548550,6.0991870861053465,1.8509762287139893
1755158859.5503364,2025-08-14 10:07:39.550336,7.651821579594499,1.8527626991271973
1755158859.5533524,2025-08-14 10:07:39.553352,7.652109434127808,1.855778694152832
1755158859.5562174,2025-08-14 10:07:39.556217,7.652147104263306,1.8586437702178955
1755158859.5590959,2025-08-14 10:07:39.559096,7.652175476074219,1.8615221977233887
1755158859.5619004,2025-08-14 10:07:39.561900,7.652200748443604,1.8643267154693604
1755158859.564683,2025-08-14 10:07:39.564683,7.652224828720093,1.8671092987060547
1755158859.5674384,2025-08-14 10:07:39.567438,7.652249147415161,1.8698647022247314
1755158859.5702183,2025-08-14 10:07:39.570218,7.652272989273071,1.8726446628570557
1755158859.5729434,2025-08-14 10:07:39.572943,7.652294923782349,1.8753697872161865
1755158859.575622,2025-08-14 10:07:39.575622,7.652317096710205,1.8780484199523926
1755158859.5782728,2025-08-14 10:07:39.578273,7.652340223312378,1.8806991577148438
1755158859.5808961,2025-08-14 10:07:39.580896,7.65236358833313,1.8833224773406982
1755158859.5835154,2025-08-14 10:07:39.583515,7.652385522842407,1.885941743850708
1755158859.5860925,2025-08-14 10:07:39.586092,7.652407218933106,1.8885188102722168
1755158859.5886672,2025-08-14 10:07:39.588667,7.652433683395386,1.8910934925079346
1755158859.591236,2025-08-14 10:07:39.591236,7.652455617904663,1.893662452697754
1755158859.5937605,2025-08-14 10:07:39.593760,7.652476598739624,1.8961868286132812
1755158859.5962589,2025-08-14 10:07:39.596259,7.652642538070679,1.8986852169036865
1755158859.5987692,2025-08-14 10:07:39.598769,7.652673055648804,1.9011955261230469
1755158859.601235,2025-08-14 10:07:39.601235,7.652697374343872,1.9036612510681152
1755158859.6036696,2025-08-14 10:07:39.603670,7.652719547271729,1.9060959815979004
1755158859.606065,2025-08-14 10:07:39.606065,7.652741481781006,1.9084913730621338
1755158859.6084476,2025-08-14 10:07:39.608448,7.652763177871704,1.9108738899230957
1755158859.6108224,2025-08-14 10:07:39.610822,7.652785350799561,1.9132487773895264
1755158859.6131518,2025-08-14 10:07:39.613152,7.65280680847168,1.9155781269073486
1755158859.6154656,2025-08-14 10:07:39.615466,7.652829219818115,1.9178919792175293
1755158859.6177442,2025-08-14 10:07:39.617744,7.652850439071655,1.920170545578003
1755158859.6200087,2025-08-14 10:07:39.620009,7.652872611999512,1.9224350452423096
1755158859.6222448,2025-08-14 10:07:39.622245,7.65289430809021,1.9246711730957031
1755158859.6244695,2025-08-14 10:07:39.624470,7.652915288925171,1.9268958568572998
1755158859.6266665,2025-08-14 10:07:39.626667,7.652936508178711,1.9290928840637207
1755158859.6288273,2025-08-14 10:07:39.628827,7.652957727432251,1.9312536716461182
1755158859.6309857,2025-08-14 10:07:39.630986,7.652978469848633,1.9334120750427246
1755158859.6331127,2025-08-14 10:07:39.633113,7.652999927520752,1.9355390071868896
1755158859.6352189,2025-08-14 10:07:39.635219,7.653022577285767,1.9376451969146729
1755158859.6372893,2025-08-14 10:07:39.637289,7.653044750213623,1.9397156238555908
1755158859.6393552,2025-08-14 10:07:39.639355,7.653065969467163,1.9417815208435059
1755158859.6414087,2025-08-14 10:07:39.641409,7.653086950302124,1.9438350200653076
1755158859.6434422,2025-08-14 10:07:39.643442,7.653107692718506,1.9458684921264648
1755158859.6454413,2025-08-14 10:07:39.645441,7.653128911972046,1.9478676319122314
1755158859.6474242,2025-08-14 10:07:39.647424,7.653150131225586,1.9498505592346191
1755158859.6493716,2025-08-14 10:07:39.649372,7.653170873641968,1.9517979621887207
1755158859.6513085,2025-08-14 10:07:39.651309,7.653192808151245,1.9537348747253418
1755158859.6532269,2025-08-14 10:07:39.653227,7.653214027404785,1.955653190612793
1755158859.65514,2025-08-14 10:07:39.655140,7.653234531402588,1.957566261291504
1755158859.657024,2025-08-14 10:07:39.657024,7.653254796981812,1.9594502449035645
1755158859.6588745,2025-08-14 10:07:39.658875,7.653275300979614,1.9613008499145508
1755158859.6607184,2025-08-14 10:07:39.660718,7.653296043395996,1.9631447792053223
1755158859.6625242,2025-08-14 10:07:39.662524,7.653316785812378,1.9649505615234375
1755158859.664295,2025-08-14 10:07:39.664295,7.653336812973023,1.9667212963104248
1755158859.6660602,2025-08-14 10:07:39.666060,7.750382583056654,1.9684865474700928
1755158859.667657,2025-08-14 10:07:39.667657,7.751382583056654,1.970083236694336
1755158859.6703558,2025-08-14 10:07:39.670356,7.751114440917969,1.9727821350097656
1755158859.6732109,2025-08-14 10:07:39.673211,7.7511599788665775,1.9756371974945068
1755158859.6760337,2025-08-14 10:07:39.676034,7.751187397003174,1.9784600734710693
1755158859.678829,2025-08-14 10:07:39.678829,7.751212907791138,1.981255292892456
1755158859.6815786,2025-08-14 10:07:39.681579,7.751238418579102,1.9840049743652344
1755158859.6843157,2025-08-14 10:07:39.684316,7.75126273727417,1.9867420196533203
1755158859.6870239,2025-08-14 10:07:39.687024,7.751285625457764,1.989450216293335
1755158859.6896966,2025-08-14 10:07:39.689697,7.751309467315674,1.9921228885650635
1755158859.6923654,2025-08-14 10:07:39.692365,7.7513314018249515,1.9947917461395264
1755158859.6950197,2025-08-14 10:07:39.695020,7.751355958938599,1.997446060180664
1755158859.6976237,2025-08-14 10:07:39.697624,7.751378608703614,2.0000500679016113
1755158859.7003717,2025-08-14 10:07:39.700372,7.751399827957154,2.002798080444336
1755158859.7029748,2025-08-14 10:07:39.702975,7.751421524047852,2.005401134490967
1755158859.705518,2025-08-14 10:07:39.705518,7.751442743301392,2.007944345474243
1755158859.7080264,2025-08-14 10:07:39.708026,7.75146443939209,2.0104527473449707
1755158859.7105086,2025-08-14 10:07:39.710509,7.751485420227051,2.012934923171997
1755158859.7129924,2025-08-14 10:07:39.712992,7.751505924224854,2.015418767929077
1755158859.7154496,2025-08-14 10:07:39.715450,7.751526666641236,2.017875909805298
1755158859.7178657,2025-08-14 10:07:39.717866,7.7515474090576175,2.020292043685913
1755158859.7202756,2025-08-14 10:07:39.720276,7.751568151473999,2.0227019786834717
1755158859.7226644,2025-08-14 10:07:39.722664,7.751588893890381,2.0250906944274902
1755158859.7250268,2025-08-14 10:07:39.725027,7.751609636306763,2.0274531841278076
1755158859.727377,2025-08-14 10:07:39.727377,7.751629901885987,2.0298032760620117
1755158859.7296937,2025-08-14 10:07:39.729694,7.751650405883789,2.0321199893951416
1755158859.731995,2025-08-14 10:07:39.731995,7.751670433044434,2.034421443939209
1755158859.7342734,2025-08-14 10:07:39.734273,7.751691652297974,2.0366997718811035
1755158859.7365246,2025-08-14 10:07:39.736525,7.751712394714356,2.0389509201049805
1755158859.73878,2025-08-14 10:07:39.738780,7.751733137130738,2.0412063598632812
1755158859.7409794,2025-08-14 10:07:39.740979,7.751753402709961,2.043405771255493
1755158859.7431848,2025-08-14 10:07:39.743185,7.751773906707764,2.0456111431121826
1755158859.7453454,2025-08-14 10:07:39.745345,7.751794649124146,2.047771692276001
1755158859.7475083,2025-08-14 10:07:39.747508,7.751815153121949,2.0499346256256104
1755158859.7496371,2025-08-14 10:07:39.749637,7.75183589553833,2.052063465118408
1755158859.7517352,2025-08-14 10:07:39.751735,7.751856637954712,2.054161548614502
1755158859.753811,2025-08-14 10:07:39.753811,7.751877141952515,2.05623722076416
1755158859.7558718,2025-08-14 10:07:39.755872,7.751897884368897,2.058298110961914
1755158859.7579026,2025-08-14 10:07:39.757903,7.751917911529541,2.060328960418701
1755158859.75992,2025-08-14 10:07:39.759920,7.751938177108765,2.0623462200164795
1755158859.7619097,2025-08-14 10:07:39.761910,7.7519582042694095,2.064336061477661
1755158859.7638683,2025-08-14 10:07:39.763868,7.7519791851043705,2.0662946701049805
1755158859.7658,2025-08-14 10:07:39.765800,7.751999927520752,2.0682263374328613
1755158859.7677197,2025-08-14 10:07:39.767720,7.752019954681397,2.070146083831787
1755158859.7696037,2025-08-14 10:07:39.769604,7.752039981842041,2.0720300674438477
1755158859.7714803,2025-08-14 10:07:39.771480,7.752060009002686,2.073906660079956
1755158859.7733283,2025-08-14 10:07:39.773328,7.752079797744751,2.0757546424865723
1755158859.7751727,2025-08-14 10:07:39.775173,7.752099348068238,2.077599048614502
1755158859.7769756,2025-08-14 10:07:39.776976,7.752119375228882,2.079401969909668
1755158859.778758,2025-08-14 10:07:39.778758,7.752139640808106,2.0811843872070312
1755158859.7805066,2025-08-14 10:07:39.780507,7.752159429550171,2.082932949066162
1755158859.7822628,2025-08-14 10:07:39.782263,7.7791396076255035,2.084689140319824
1755158859.7838428,2025-08-14 10:07:39.783843,7.780139607625504,2.0862691402435303
1755158859.7866917,2025-08-14 10:07:39.786692,7.7801132488250735,2.089118003845215
1755158859.7895043,2025-08-14 10:07:39.789504,7.780152587890625,2.091930627822876
1755158859.7922716,2025-08-14 10:07:39.792272,7.780180959701538,2.094697952270508
1755158859.7950509,2025-08-14 10:07:39.795051,7.780205755233765,2.0974771976470947
1755158859.797783,2025-08-14 10:07:39.797783,7.780229358673096,2.1002092361450195
1755158859.800491,2025-08-14 10:07:39.800491,7.780254392623902,2.102917432785034
1755158859.803178,2025-08-14 10:07:39.803178,7.780277757644654,2.105604410171509
1755158859.8058114,2025-08-14 10:07:39.805811,7.7804441738128665,2.1082377433776855
1755158859.8084342,2025-08-14 10:07:39.808434,7.780471353530884,2.110860586166382
1755158859.8110375,2025-08-14 10:07:39.811038,7.780495433807373,2.113463878631592
1755158859.8136344,2025-08-14 10:07:39.813634,7.780518798828125,2.116060733795166
1755158859.8162107,2025-08-14 10:07:39.816211,7.7805404949188235,2.1186370849609375
1755158859.818756,2025-08-14 10:07:39.818756,7.78056266784668,2.121182441711426
1755158859.8212628,2025-08-14 10:07:39.821263,7.780584363937378,2.1236891746520996
1755158859.8237464,2025-08-14 10:07:39.823746,7.780605344772339,2.1261727809906006
1755158859.8262112,2025-08-14 10:07:39.826211,7.780626087188721,2.1286375522613525
1755158859.8286457,2025-08-14 10:07:39.828646,7.780648021697998,2.1310720443725586
1755158859.8310769,2025-08-14 10:07:39.831077,7.780668525695801,2.1335031986236572
1755158859.8334706,2025-08-14 10:07:39.833471,7.780688791275025,2.135896921157837
1755158859.8358467,2025-08-14 10:07:39.835847,7.780709295272827,2.138273000717163
1755158859.8381984,2025-08-14 10:07:39.838198,7.78072979927063,2.140624761581421
1755158859.840545,2025-08-14 10:07:39.840545,7.780750303268433,2.1429712772369385
1755158859.8428595,2025-08-14 10:07:39.842860,7.780770807266236,2.1452858448028564
1755158859.8451335,2025-08-14 10:07:39.845134,7.780790596008301,2.147559881210327
1755158859.8474085,2025-08-14 10:07:39.847409,7.780811338424683,2.1498348712921143
1755158859.8496408,2025-08-14 10:07:39.849641,7.780832080841065,2.152067184448242
1755158859.8518562,2025-08-14 10:07:39.851856,7.780852108001709,2.154282569885254
1755158859.8540444,2025-08-14 10:07:39.854044,7.780872135162354,2.156470775604248
1755158859.856224,2025-08-14 10:07:39.856224,7.7808926391601565,2.1586503982543945
1755158859.8583648,2025-08-14 10:07:39.858365,7.78091290473938,2.1607911586761475
1755158859.8604994,2025-08-14 10:07:39.860499,7.780939130783081,2.1629257202148438
1755158859.8625963,2025-08-14 10:07:39.862596,7.780960111618042,2.165022611618042
1755158859.8646789,2025-08-14 10:07:39.864679,7.780980377197266,2.167105197906494
1755158859.866743,2025-08-14 10:07:39.866743,7.7810006427764895,2.1691694259643555
1755158859.8687696,2025-08-14 10:07:39.868770,7.781020908355713,2.1711959838867188
1755158859.8707943,2025-08-14 10:07:39.870794,7.781040935516358,2.173220634460449
1755158859.8728015,2025-08-14 10:07:39.872802,7.78106143951416,2.1752278804779053
1755158859.8747928,2025-08-14 10:07:39.874793,7.781081466674805,2.1772191524505615
1755158859.8767495,2025-08-14 10:07:39.876750,7.781101732254029,2.179175853729248
1755158859.8786857,2025-08-14 10:07:39.878686,7.781121759414673,2.181112051010132
1755158859.880591,2025-08-14 10:07:39.880591,7.7811415481567385,2.1830172538757324
1755158859.8824656,2025-08-14 10:07:39.882466,7.781161575317383,2.184891939163208
1755158859.884326,2025-08-14 10:07:39.884326,7.781181840896607,2.1867523193359375
1755158859.8861609,2025-08-14 10:07:39.886161,7.781203060150147,2.188587188720703
1755158859.8879886,2025-08-14 10:07:39.887989,7.7812235641479495,2.1904149055480957
1755158859.8897822,2025-08-14 10:07:39.889782,7.781243591308594,2.1922085285186768
1755158859.891561,2025-08-14 10:07:39.891561,7.781263380050659,2.1939873695373535
1755158859.8933032,2025-08-14 10:07:39.893303,7.781282691955567,2.1957294940948486
1755158859.8950396,2025-08-14 10:07:39.895040,7.781302242279053,2.1974658966064453
1755158859.8967612,2025-08-14 10:07:39.896761,9.585597190365398,2.1991875171661377
1755158859.8995342,2025-08-14 10:07:39.899534,9.586102281570435,2.201960563659668
1755158859.902309,2025-08-14 10:07:39.902309,9.586139951705933,2.204735279083252
1755158859.9050617,2025-08-14 10:07:39.905062,9.586167846679688,2.2074880599975586
1755158859.9078,2025-08-14 10:07:39.907800,9.586192403793335,2.21022629737854
1755158859.910507,2025-08-14 10:07:39.910507,9.586216245651245,2.212933301925659
1755158859.9131982,2025-08-14 10:07:39.913198,9.586242471694947,2.2156245708465576
1755158859.9158711,2025-08-14 10:07:39.915871,9.58626559829712,2.2182974815368652
1755158859.918502,2025-08-14 10:07:39.918502,9.586287532806397,2.220928430557251
1755158859.9211216,2025-08-14 10:07:39.921122,9.586309228897095,2.22354793548584
1755158859.923713,2025-08-14 10:07:39.923713,9.586332117080689,2.2261393070220947
1755158859.9262707,2025-08-14 10:07:39.926271,9.586354051589966,2.2286970615386963
1755158859.9288132,2025-08-14 10:07:39.928813,9.586375986099243,2.2312395572662354
1755158859.9313488,2025-08-14 10:07:39.931349,9.586397443771363,2.2337751388549805
1755158859.9338536,2025-08-14 10:07:39.933854,9.586418901443482,2.2362799644470215
1755158859.9363406,2025-08-14 10:07:39.936341,9.5864403591156,2.23876690864563
1755158859.9388018,2025-08-14 10:07:39.938802,9.586461578369141,2.2412281036376953
1755158859.9412298,2025-08-14 10:07:39.941230,9.586481843948365,2.2436561584472656
1755158859.9436464,2025-08-14 10:07:39.943646,9.586502109527588,2.246072769165039
1755158859.9460275,2025-08-14 10:07:39.946028,9.58652285194397,2.2484538555145264
1755158859.948386,2025-08-14 10:07:39.948386,9.586543594360352,2.250812292098999
1755158859.950727,2025-08-14 10:07:39.950727,9.586564575195313,2.2531533241271973
1755158859.9530408,2025-08-14 10:07:39.953041,9.586584840774536,2.255467176437378
1755158859.9553409,2025-08-14 10:07:39.955341,9.586605583190918,2.2577672004699707
1755158859.9576144,2025-08-14 10:07:39.957614,9.586626087188721,2.260040760040283
1755158859.9598649,2025-08-14 10:07:39.959865,9.586646591186524,2.262291193008423
1755158859.9620771,2025-08-14 10:07:39.962077,9.586667572021485,2.2645034790039062
1755158859.9642885,2025-08-14 10:07:39.964288,9.586688791275025,2.2667148113250732
1755158859.9664607,2025-08-14 10:07:39.966461,9.586710248947144,2.2688870429992676
1755158859.968626,2025-08-14 10:07:39.968626,9.586731229782105,2.271052360534668
1755158859.9707654,2025-08-14 10:07:39.970765,9.586752210617066,2.2731916904449463
1755158859.972889,2025-08-14 10:07:39.972889,9.586772953033448,2.275315284729004
1755158859.9749951,2025-08-14 10:07:39.974995,9.586794887542725,2.277421474456787
1755158859.9770594,2025-08-14 10:07:39.977059,9.586816106796265,2.2794857025146484
1755158859.9791234,2025-08-14 10:07:39.979123,9.586837564468384,2.2815496921539307
1755158859.981156,2025-08-14 10:07:39.981156,9.58685973739624,2.2835824489593506
1755158859.983179,2025-08-14 10:07:39.983179,9.586883102416992,2.2856054306030273
1755158859.985174,2025-08-14 10:07:39.985174,9.586904560089112,2.28760027885437
1755158859.9871771,2025-08-14 10:07:39.987177,9.586925302505493,2.2896034717559814
1755158859.9891229,2025-08-14 10:07:39.989123,9.586946044921875,2.2915492057800293
1755158859.9910636,2025-08-14 10:07:39.991064,9.586967264175415,2.293489933013916
1755158859.99297,2025-08-14 10:07:39.992970,9.586988483428955,2.295396327972412
1755158859.994853,2025-08-14 10:07:39.994853,9.587010179519654,2.2972793579101562
1755158859.9967039,2025-08-14 10:07:39.996704,9.587031398773194,2.2991302013397217
1755158859.9985418,2025-08-14 10:07:39.998542,9.587052618026734,2.3009681701660156
1755158860.0003605,2025-08-14 10:07:40.000360,9.587074314117432,2.3027868270874023
1755158860.0021648,2025-08-14 10:07:40.002165,9.587095533370972,2.304591178894043
1755158860.0039487,2025-08-14 10:07:40.003949,9.587116752624512,2.306375026702881
1755158860.0056992,2025-08-14 10:07:40.005699,9.587137256622315,2.3081254959106445
1755158860.0074568,2025-08-14 10:07:40.007457,9.587157999038697,2.3098831176757812
1755158860.0091765,2025-08-14 10:07:40.009176,10.152582434998886,2.311602830886841
1755158860.0121236,2025-08-14 10:07:40.012124,10.153256299972535,2.3145499229431152
1755158860.0149338,2025-08-14 10:07:40.014934,10.153299215316773,2.3173601627349854
1755158860.0177157,2025-08-14 10:07:40.017716,10.153328302383423,2.3201420307159424
1755158860.0204375,2025-08-14 10:07:40.020437,10.153353336334229,2.322863817214966
1755158860.0231647,2025-08-14 10:07:40.023165,10.153378370285035,2.3255910873413086
1755158860.0258508,2025-08-14 10:07:40.025851,10.153401496887208,2.328277111053467
1755158860.0284839,2025-08-14 10:07:40.028484,10.153425338745118,2.3309102058410645
1755158860.031094,2025-08-14 10:07:40.031094,10.153448226928711,2.3335204124450684
1755158860.0336688,2025-08-14 10:07:40.033669,10.153470161437989,2.336095094680786
1755158860.0362272,2025-08-14 10:07:40.036227,10.153493049621583,2.338653564453125
1755158860.0387669,2025-08-14 10:07:40.038767,10.153515460968018,2.341193199157715
1755158860.0412788,2025-08-14 10:07:40.041279,10.153537633895874,2.343705177307129
1755158860.04379,2025-08-14 10:07:40.043790,10.15356004524231,2.3462164402008057
1755158860.0462658,2025-08-14 10:07:40.046266,10.153582456588746,2.3486921787261963
1755158860.0487313,2025-08-14 10:07:40.048731,10.1536103515625,2.3511576652526855
1755158860.0511818,2025-08-14 10:07:40.051182,10.153632286071778,2.3536081314086914
1755158860.0535953,2025-08-14 10:07:40.053595,10.153653266906739,2.3560216426849365
1755158860.0559928,2025-08-14 10:07:40.055993,10.1536742477417,2.358419179916382
1755158860.0583606,2025-08-14 10:07:40.058361,10.153695705413819,2.3607869148254395
1755158860.0607128,2025-08-14 10:07:40.060713,10.153718593597413,2.3631391525268555
1755158860.0630515,2025-08-14 10:07:40.063051,10.153739574432374,2.3654778003692627
1755158860.0653424,2025-08-14 10:07:40.065342,10.153760316848755,2.3677687644958496
1755158860.0676255,2025-08-14 10:07:40.067626,10.153780582427979,2.370051860809326
1755158860.0698726,2025-08-14 10:07:40.069873,10.15380156326294,2.3722989559173584
1755158860.0721066,2025-08-14 10:07:40.072107,10.153824213027955,2.37453293800354
1755158860.074319,2025-08-14 10:07:40.074319,10.153847101211548,2.3767452239990234
1755158860.0765178,2025-08-14 10:07:40.076518,10.153870227813721,2.378944158554077
1755158860.0786784,2025-08-14 10:07:40.078678,10.153892400741578,2.3811047077178955
1755158860.0808349,2025-08-14 10:07:40.080835,10.153914812088013,2.383261203765869
1755158860.082973,2025-08-14 10:07:40.082973,10.15393674659729,2.385399341583252
1755158860.085063,2025-08-14 10:07:40.085063,10.153958681106568,2.3874893188476562
1755158860.0871458,2025-08-14 10:07:40.087146,10.153980615615845,2.3895721435546875
1755158860.0891972,2025-08-14 10:07:40.089197,10.154001596450806,2.3916234970092773
1755158860.091235,2025-08-14 10:07:40.091235,10.154022100448609,2.3936612606048584
1755158860.093241,2025-08-14 10:07:40.093241,10.154042366027833,2.395667314529419
1755158860.0952294,2025-08-14 10:07:40.095229,10.154076221466065,2.397655725479126
1755158860.0972044,2025-08-14 10:07:40.097204,10.154097440719605,2.3996307849884033
1755158860.09917,2025-08-14 10:07:40.099170,10.154118421554566,2.4015963077545166
1755158860.1010983,2025-08-14 10:07:40.101098,10.154139640808106,2.40352463722229
1755158860.1029983,2025-08-14 10:07:40.102998,10.154160860061646,2.4054245948791504
1755158860.1048791,2025-08-14 10:07:40.104879,10.154182079315186,2.4073054790496826
1755158860.1067383,2025-08-14 10:07:40.106738,10.154203775405884,2.4091646671295166
1755158860.1085625,2025-08-14 10:07:40.108562,10.154224994659424,2.4109888076782227
1755158860.1103675,2025-08-14 10:07:40.110368,10.154246690750123,2.4127938747406006
1755158860.1121569,2025-08-14 10:07:40.112157,10.154267671585083,2.414583206176758
1755158860.1139193,2025-08-14 10:07:40.113919,10.154288652420044,2.4163455963134766
1755158860.115666,2025-08-14 10:07:40.115666,10.154308917999268,2.4180922508239746
1755158860.117365,2025-08-14 10:07:40.117365,10.15432966041565,2.4197912216186523
1755158860.1190612,2025-08-14 10:07:40.119061,10.154349925994874,2.42148756980896
1755158860.120745,2025-08-14 10:07:40.120745,11.589244550352646,2.423171281814575
1755158860.122254,2025-08-14 10:07:40.122254,11.590244550352645,2.424680233001709
1755158860.1249244,2025-08-14 10:07:40.124924,11.590112771987915,2.4273507595062256
1755158860.1277118,2025-08-14 10:07:40.127712,11.59015115737915,2.430138111114502
1755158860.1304445,2025-08-14 10:07:40.130445,11.590179767608642,2.432870864868164
1755158860.133152,2025-08-14 10:07:40.133152,11.590205755233765,2.4355783462524414
1755158860.1358325,2025-08-14 10:07:40.135833,11.590229597091675,2.4382588863372803
1755158860.1384623,2025-08-14 10:07:40.138462,11.590255584716797,2.4408886432647705
1755158860.141084,2025-08-14 10:07:40.141084,11.590280380249023,2.4435102939605713
1755158860.1437016,2025-08-14 10:07:40.143702,11.590304460525513,2.4461278915405273
1755158860.1462626,2025-08-14 10:07:40.146263,11.590327348709106,2.4486889839172363
1755158860.1488159,2025-08-14 10:07:40.148816,11.590349760055542,2.451242208480835
1755158860.1514904,2025-08-14 10:07:40.151490,11.590372409820556,2.4539167881011963
1755158860.1540039,2025-08-14 10:07:40.154004,11.59039553642273,2.456430196762085
1755158860.1565146,2025-08-14 10:07:40.156515,11.590417470932007,2.4589409828186035
1755158860.158986,2025-08-14 10:07:40.158986,11.590439405441284,2.4614124298095703
1755158860.161434,2025-08-14 10:07:40.161434,11.590462055206299,2.463860273361206
1755158860.16385,2025-08-14 10:07:40.163850,11.59048303604126,2.4662764072418213
1755158860.1662388,2025-08-14 10:07:40.166239,11.59050401687622,2.46866512298584
1755158860.1686091,2025-08-14 10:07:40.168609,11.590525712966919,2.4710354804992676
1755158860.170952,2025-08-14 10:07:40.170952,11.590546932220459,2.4733784198760986
1755158860.1732674,2025-08-14 10:07:40.173267,11.590568628311157,2.475693702697754
1755158860.1755736,2025-08-14 10:07:40.175574,11.590590801239014,2.4779999256134033
1755158860.1778479,2025-08-14 10:07:40.177848,11.590612497329712,2.480274200439453
1755158860.1801062,2025-08-14 10:07:40.180106,11.590633478164673,2.482532501220703
1755158860.1823354,2025-08-14 10:07:40.182335,11.590654220581055,2.4847617149353027
1755158860.1845427,2025-08-14 10:07:40.184543,11.590675439834595,2.486968994140625
1755158860.1867268,2025-08-14 10:07:40.186727,11.590696659088135,2.4891531467437744
1755158860.1888828,2025-08-14 10:07:40.188883,11.590717878341675,2.49130916595459
1755158860.1910253,2025-08-14 10:07:40.191025,11.590738620758056,2.4934515953063965
1755158860.1931338,2025-08-14 10:07:40.193134,11.590759601593017,2.4955601692199707
1755158860.1952295,2025-08-14 10:07:40.195230,11.59078010559082,2.4976558685302734
1755158860.1972866,2025-08-14 10:07:40.197287,11.590800848007202,2.4997129440307617
1755158860.1993363,2025-08-14 10:07:40.199336,11.590820875167847,2.501762628555298
1755158860.2013476,2025-08-14 10:07:40.201348,11.590840902328491,2.5037739276885986
1755158860.2033598,2025-08-14 10:07:40.203360,11.59086259841919,2.505786180496216
1755158860.2053466,2025-08-14 10:07:40.205347,11.590883102416992,2.507772922515869
1755158860.2073107,2025-08-14 10:07:40.207311,11.590904083251953,2.509737014770508
1755158860.2092571,2025-08-14 10:07:40.209257,11.590924587249756,2.511683464050293
1755158860.2111988,2025-08-14 10:07:40.211199,11.59094485282898,2.513625144958496
1755158860.2130973,2025-08-14 10:07:40.213097,11.590965356826782,2.515523672103882
1755158860.215005,2025-08-14 10:07:40.215005,11.590986099243164,2.5174312591552734
1755158860.2168553,2025-08-14 10:07:40.216855,11.591006364822388,2.5192816257476807
1755158860.2186882,2025-08-14 10:07:40.218688,11.591026153564453,2.5211145877838135
1755158860.2204888,2025-08-14 10:07:40.220489,11.591046657562256,2.5229151248931885
1755158860.2222664,2025-08-14 10:07:40.222266,11.591067638397217,2.5246927738189697
1755158860.224025,2025-08-14 10:07:40.224025,11.59108790397644,2.526451349258423
1755158860.2257583,2025-08-14 10:07:40.225758,11.591108646392822,2.528184652328491
1755158860.2274766,2025-08-14 10:07:40.227477,11.591129865646362,2.529902935028076
1755158860.2291663,2025-08-14 10:07:40.229166,11.591150608062744,2.531592607498169
1755158860.2308311,2025-08-14 10:07:40.230831,11.591171588897705,2.533257484436035
1755158860.2325056,2025-08-14 10:07:40.232506,11.591352824552814,2.5349318981170654
1755158860.2339883,2025-08-14 10:07:40.233988,11.592352824552814,2.536414623260498
1755158860.2366145,2025-08-14 10:07:40.236614,11.592108480453492,2.5390408039093018
1755158860.2393515,2025-08-14 10:07:40.239352,11.592147819519043,2.5417778491973877
1755158860.2420514,2025-08-14 10:07:40.242051,11.59217523765564,2.544477701187134
1755158860.2447376,2025-08-14 10:07:40.244738,11.592200748443604,2.547163963317871
1755158860.2473896,2025-08-14 10:07:40.247390,11.592224113464356,2.5498158931732178
1755158860.249989,2025-08-14 10:07:40.249989,11.592257968902588,2.552415370941162
1755158860.2525945,2025-08-14 10:07:40.252594,11.59228133392334,2.555020809173584
1755158860.255155,2025-08-14 10:07:40.255155,11.592303268432618,2.5575814247131348
1755158860.2576869,2025-08-14 10:07:40.257687,11.592325679779053,2.5601131916046143
1755158860.2602177,2025-08-14 10:07:40.260218,11.59234761428833,2.5626440048217773
1755158860.26274,2025-08-14 10:07:40.262740,11.59236907196045,2.5651662349700928
1755158860.2652082,2025-08-14 10:07:40.265208,11.592392198562623,2.5676345825195312
1755158860.2676742,2025-08-14 10:07:40.267674,11.592416040420533,2.5701005458831787
1755158860.2700975,2025-08-14 10:07:40.270097,11.592438928604127,2.572523832321167
1755158860.2725112,2025-08-14 10:07:40.272511,11.592462293624878,2.574937582015991
1755158860.274909,2025-08-14 10:07:40.274909,11.592484466552735,2.5773353576660156
1755158860.2772646,2025-08-14 10:07:40.277265,11.592506401062012,2.579690933227539
1755158860.2796032,2025-08-14 10:07:40.279603,11.592527620315552,2.5820295810699463
1755158860.281918,2025-08-14 10:07:40.281918,11.592549077987671,2.5843443870544434
1755158860.2842143,2025-08-14 10:07:40.284214,11.59257053565979,2.5866405963897705
1755158860.2864811,2025-08-14 10:07:40.286481,11.592591516494752,2.588907480239868
1755158860.288735,2025-08-14 10:07:40.288735,11.59261297416687,2.5911612510681152
1755158860.2909603,2025-08-14 10:07:40.290960,11.592633955001832,2.593386650085449
1755158860.2931702,2025-08-14 10:07:40.293170,11.592654935836793,2.5955965518951416
1755158860.295357,2025-08-14 10:07:40.295357,11.59267663192749,2.597783327102661
1755158860.2975144,2025-08-14 10:07:40.297514,11.59269808959961,2.599940776824951
1755158860.2996528,2025-08-14 10:07:40.299653,11.592719547271729,2.602079153060913
1755158860.3017647,2025-08-14 10:07:40.301765,11.592741243362427,2.6041910648345947
1755158860.3038602,2025-08-14 10:07:40.303860,11.592762224197388,2.6062865257263184
1755158860.3059282,2025-08-14 10:07:40.305928,11.59278296661377,2.6083545684814453
1755158860.3079767,2025-08-14 10:07:40.307977,11.592803709030152,2.610403060913086
1755158860.3100004,2025-08-14 10:07:40.310000,11.592824451446534,2.6124267578125
1755158860.3120227,2025-08-14 10:07:40.312023,11.592844955444336,2.6144490242004395
1755158860.3140092,2025-08-14 10:07:40.314009,11.59286545944214,2.6164355278015137
1755158860.3159785,2025-08-14 10:07:40.315979,11.592885486602784,2.6184048652648926
1755158860.3179162,2025-08-14 10:07:40.317916,11.592906229019166,2.620342493057251
1755158860.3198502,2025-08-14 10:07:40.319850,11.592926971435547,2.622276544570923
1755158860.3217566,2025-08-14 10:07:40.321757,11.592947237014771,2.624182939529419
1755158860.3236322,2025-08-14 10:07:40.323632,11.592967979431153,2.626058578491211
1755158860.3254793,2025-08-14 10:07:40.325479,11.592988960266114,2.6279056072235107
1755158860.3273175,2025-08-14 10:07:40.327317,11.593010656356812,2.629743814468384
1755158860.3291118,2025-08-14 10:07:40.329112,11.593032114028931,2.631538152694702
1755158860.3308988,2025-08-14 10:07:40.330899,11.59305357170105,2.6333250999450684
1755158860.3326445,2025-08-14 10:07:40.332644,11.593074314117432,2.63507080078125
1755158860.3343744,2025-08-14 10:07:40.334374,11.593095294952393,2.636800765991211
1755158860.3360913,2025-08-14 10:07:40.336091,11.593116275787354,2.6385176181793213
1755158860.3378022,2025-08-14 10:07:40.337802,11.59313844871521,2.640228509902954
1755158860.3394787,2025-08-14 10:07:40.339479,11.59315990638733,2.6419050693511963
1755158860.3411193,2025-08-14 10:07:40.341119,11.593180648803711,2.643545627593994
1755158860.3427675,2025-08-14 10:07:40.342767,12.18083788020298,2.6451938152313232
1755158860.3455904,2025-08-14 10:07:40.345590,12.181104904174804,2.6480166912078857
1755158860.3483434,2025-08-14 10:07:40.348343,12.181144004821777,2.6507697105407715
1755158860.3510354,2025-08-14 10:07:40.351035,12.181173091888427,2.6534616947174072
1755158860.353702,2025-08-14 10:07:40.353702,12.181199794769286,2.656128406524658
1755158860.3563435,2025-08-14 10:07:40.356344,12.181226497650146,2.6587698459625244
1755158860.3589425,2025-08-14 10:07:40.358943,12.181251293182372,2.6613688468933105
1755158860.3615317,2025-08-14 10:07:40.361532,12.181274658203124,2.6639580726623535
1755158860.364097,2025-08-14 10:07:40.364097,12.181297784805297,2.6665234565734863
1755158860.3666353,2025-08-14 10:07:40.366635,12.181319957733153,2.6690616607666016
1755158860.3691518,2025-08-14 10:07:40.369152,12.181342369079589,2.6715781688690186
1755158860.3716667,2025-08-14 10:07:40.371667,12.181364780426025,2.674093008041382
1755158860.3741362,2025-08-14 10:07:40.374136,12.181386953353881,2.676562547683716
1755158860.3765962,2025-08-14 10:07:40.376596,12.181408411026,2.6790225505828857
1755158860.3790524,2025-08-14 10:07:40.379052,12.181431776046752,2.68147873878479
1755158860.3814678,2025-08-14 10:07:40.381468,12.181453233718871,2.683894157409668
1755158860.3838477,2025-08-14 10:07:40.383848,12.181474452972411,2.6862740516662598
1755158860.3861997,2025-08-14 10:07:40.386200,12.181495672225951,2.6886260509490967
1755158860.3885458,2025-08-14 10:07:40.388546,12.181517606735229,2.690972089767456
1755158860.3908696,2025-08-14 10:07:40.390870,12.18153858757019,2.693295955657959
1755158860.3931525,2025-08-14 10:07:40.393152,12.181559329986571,2.6955788135528564
1755158860.39544,2025-08-14 10:07:40.395440,12.181580310821532,2.697866439819336
1755158860.3976793,2025-08-14 10:07:40.397679,12.181600814819335,2.700105667114258
1755158860.3998985,2025-08-14 10:07:40.399899,12.181622034072875,2.702324867248535
1755158860.402091,2025-08-14 10:07:40.402091,12.181643253326415,2.704517364501953
1755158860.4042752,2025-08-14 10:07:40.404275,12.181664234161376,2.7067015171051025
1755158860.4064364,2025-08-14 10:07:40.406436,12.181685930252074,2.708862781524658
1755158860.4085667,2025-08-14 10:07:40.408567,12.181709056854247,2.7109930515289307
1755158860.410663,2025-08-14 10:07:40.410663,12.181731468200683,2.7130892276763916
1755158860.4127488,2025-08-14 10:07:40.412749,12.181753164291381,2.715175151824951
1755158860.4148133,2025-08-14 10:07:40.414813,12.181774383544921,2.7172396183013916
1755158860.416844,2025-08-14 10:07:40.416844,12.18179584121704,2.7192702293395996
1755158860.4188683,2025-08-14 10:07:40.418868,12.181816822052001,2.721294641494751
1755158860.4208524,2025-08-14 10:07:40.420852,12.181837326049804,2.723278760910034
1755158860.4228406,2025-08-14 10:07:40.422841,12.181858068466186,2.725266933441162
1755158860.424788,2025-08-14 10:07:40.424788,12.181878572463988,2.7272143363952637
1755158860.4267304,2025-08-14 10:07:40.426730,12.182022100448608,2.729156732559204
1755158860.4286346,2025-08-14 10:07:40.428635,12.182048803329467,2.7310609817504883
1755158860.430517,2025-08-14 10:07:40.430517,12.182072645187377,2.732943296432495
1755158860.4323833,2025-08-14 10:07:40.432383,12.182094818115234,2.734809637069702
1755158860.4342098,2025-08-14 10:07:40.434210,12.182116514205932,2.736636161804199
1755158860.436036,2025-08-14 10:07:40.436036,12.182137733459472,2.738462448120117
1755158860.4378183,2025-08-14 10:07:40.437818,12.18215942955017,2.7402446269989014
1755158860.4395924,2025-08-14 10:07:40.439592,12.18218064880371,2.742018699645996
1755158860.441331,2025-08-14 10:07:40.441331,12.182202344894408,2.7437572479248047
1755158860.4430723,2025-08-14 10:07:40.443072,12.18222308731079,2.7454986572265625
1755158860.4447606,2025-08-14 10:07:40.444761,12.182243829727172,2.7471868991851807
1755158860.446416,2025-08-14 10:07:40.446416,12.182264333724975,2.748842239379883
1755158860.4480765,2025-08-14 10:07:40.448076,12.182284837722777,2.750502824783325
1755158860.4496949,2025-08-14 10:07:40.449695,12.182305818557738,2.7521212100982666
1755158860.4513333,2025-08-14 10:07:40.451333,13.459318852845557,2.7537596225738525
1755158860.4527845,2025-08-14 10:07:40.452785,13.460318852845557,2.7552108764648438
1755158860.4553444,2025-08-14 10:07:40.455344,13.460113725662232,2.7577707767486572
1755158860.4580517,2025-08-14 10:07:40.458052,13.460153779983521,2.7604780197143555
1755158860.4607372,2025-08-14 10:07:40.460737,13.460181913375855,2.7631635665893555
1755158860.4633846,2025-08-14 10:07:40.463385,13.460207662582398,2.765810966491699
1755158860.4659967,2025-08-14 10:07:40.465997,13.460232219696046,2.768423080444336
1755158860.4685843,2025-08-14 10:07:40.468584,13.460256061553956,2.771010637283325
1755158860.4711432,2025-08-14 10:07:40.471143,13.460279426574708,2.7735695838928223
1755158860.4736605,2025-08-14 10:07:40.473660,13.460303506851197,2.7760868072509766
1755158860.4761999,2025-08-14 10:07:40.476200,13.460326395034791,2.7786262035369873
1755158860.4787047,2025-08-14 10:07:40.478705,13.460349044799806,2.7811310291290283
1755158860.4811678,2025-08-14 10:07:40.481168,13.460372171401978,2.7835941314697266
1755158860.4836185,2025-08-14 10:07:40.483618,13.460393867492677,2.7860448360443115
1755158860.486039,2025-08-14 10:07:40.486039,13.460415086746217,2.7884652614593506
1755158860.4884465,2025-08-14 10:07:40.488446,13.460438690185548,2.790872812271118
1755158860.4908304,2025-08-14 10:07:40.490830,13.460460624694825,2.7932567596435547
1755158860.4931772,2025-08-14 10:07:40.493177,13.460482559204102,2.7956035137176514
1755158860.4955266,2025-08-14 10:07:40.495527,13.460504016876222,2.797952890396118
1755158860.4978435,2025-08-14 10:07:40.497844,13.46052547454834,2.800269842147827
1755158860.500159,2025-08-14 10:07:40.500159,13.460546216964723,2.8025853633880615
1755158860.502424,2025-08-14 10:07:40.502424,13.460566959381104,2.8048503398895264
1755158860.5046706,2025-08-14 10:07:40.504671,13.460587224960328,2.8070969581604004
1755158860.5068831,2025-08-14 10:07:40.506883,13.460607252120973,2.809309482574463
1755158860.5090723,2025-08-14 10:07:40.509072,13.460627756118775,2.8114986419677734
1755158860.5112593,2025-08-14 10:07:40.511259,13.460648498535157,2.813685655593872
1755158860.5134027,2025-08-14 10:07:40.513403,13.460669240951539,2.815829038619995
1755158860.5155327,2025-08-14 10:07:40.515533,13.4606902217865,2.8179590702056885
1755158860.517636,2025-08-14 10:07:40.517636,13.460712633132935,2.8200623989105225
1755158860.519728,2025-08-14 10:07:40.519728,13.460733137130738,2.8221542835235596
1755158860.5217829,2025-08-14 10:07:40.521783,13.46075387954712,2.824209213256836
1755158860.5238235,2025-08-14 10:07:40.523823,13.460774145126344,2.826249837875366
1755158860.5258312,2025-08-14 10:07:40.525831,13.460794649124146,2.8282575607299805
1755158860.5278218,2025-08-14 10:07:40.527822,13.460815391540528,2.8302481174468994
1755158860.529778,2025-08-14 10:07:40.529778,13.460835657119752,2.8322043418884277
1755158860.5317385,2025-08-14 10:07:40.531739,13.460856637954713,2.83416485786438
1755158860.5336432,2025-08-14 10:07:40.533643,13.460876903533936,2.8360695838928223
1755158860.5355604,2025-08-14 10:07:40.535560,13.46089716911316,2.837986707687378
1755158860.5374417,2025-08-14 10:07:40.537442,13.460917196273805,2.8398680686950684
1755158860.5393178,2025-08-14 10:07:40.539318,13.460937461853028,2.8417441844940186
1755158860.5411508,2025-08-14 10:07:40.541151,13.460957727432252,2.8435771465301514
1755158860.5429578,2025-08-14 10:07:40.542958,13.460978231430055,2.845384120941162
1755158860.544743,2025-08-14 10:07:40.544743,13.460998497009278,2.8471693992614746
1755158860.546519,2025-08-14 10:07:40.546519,13.461018524169923,2.848945379257202
1755158860.5482666,2025-08-14 10:07:40.548267,13.461038551330567,2.8506929874420166
1755158860.549998,2025-08-14 10:07:40.549998,13.461058101654054,2.852424383163452
1755158860.551705,2025-08-14 10:07:40.551705,13.461077890396119,2.8541312217712402
1755158860.5533824,2025-08-14 10:07:40.553382,13.461097917556764,2.855808734893799
1755158860.5550442,2025-08-14 10:07:40.555044,13.461118183135987,2.8574705123901367
1755158860.5566955,2025-08-14 10:07:40.556695,13.461137733459474,2.859121799468994
1755158860.5583081,2025-08-14 10:07:40.558308,13.461158714294434,2.860734462738037
1755158860.5599282,2025-08-14 10:07:40.559928,13.719077402789338,2.8623545169830322
1755158860.5613544,2025-08-14 10:07:40.561354,13.720077402789338,2.8637807369232178
1755158860.5645401,2025-08-14 10:07:40.564540,13.720112295150757,2.866966485977173
1755158860.567238,2025-08-14 10:07:40.567238,13.720152587890626,2.869664430618286
1755158860.5698817,2025-08-14 10:07:40.569882,13.72018072128296,2.8723080158233643
1755158860.5725374,2025-08-14 10:07:40.572537,13.720205755233765,2.8749637603759766
1755158860.5751288,2025-08-14 10:07:40.575129,13.720229358673096,2.8775551319122314
1755158860.5776968,2025-08-14 10:07:40.577697,13.720253915786744,2.8801231384277344
1755158860.5802476,2025-08-14 10:07:40.580248,13.720277042388917,2.882673978805542
1755158860.5827622,2025-08-14 10:07:40.582762,13.720299692153931,2.885188579559326
1755158860.5852504,2025-08-14 10:07:40.585250,13.720322580337525,2.88767671585083
1755158860.5877192,2025-08-14 10:07:40.587719,13.720344753265381,2.8901455402374268
1755158860.5901606,2025-08-14 10:07:40.590161,13.720367164611817,2.8925869464874268
1755158860.5925994,2025-08-14 10:07:40.592599,13.720388860702515,2.8950257301330566
1755158860.5950084,2025-08-14 10:07:40.595008,13.720410079956055,2.897434711456299
1755158860.5973916,2025-08-14 10:07:40.597392,13.720431776046754,2.899817943572998
1755158860.5997634,2025-08-14 10:07:40.599763,13.720452995300294,2.9021897315979004
1755158860.6020968,2025-08-14 10:07:40.602097,13.720474214553834,2.9045231342315674
1755158860.604408,2025-08-14 10:07:40.604408,13.720495672225953,2.906834363937378
1755158860.606687,2025-08-14 10:07:40.606687,13.720516653060914,2.9091134071350098
1755158860.6089375,2025-08-14 10:07:40.608938,13.720537395477296,2.9113638401031494
1755158860.611186,2025-08-14 10:07:40.611186,13.720558137893677,2.9136123657226562
1755158860.613401,2025-08-14 10:07:40.613401,13.72057888031006,2.9158272743225098
1755158860.6156077,2025-08-14 10:07:40.615608,13.72059986114502,2.918034076690674
1755158860.6177802,2025-08-14 10:07:40.617780,13.720620841979981,2.9202065467834473
1755158860.6199422,2025-08-14 10:07:40.619942,13.72064253807068,2.9223685264587402
1755158860.622075,2025-08-14 10:07:40.622075,13.720663995742798,2.924501419067383
1755158860.6241813,2025-08-14 10:07:40.624181,13.720686645507813,2.926607608795166
1755158860.6262617,2025-08-14 10:07:40.626262,13.721275539398194,2.9286880493164062
1755158860.6283348,2025-08-14 10:07:40.628335,13.721323461532593,2.9307610988616943
1755158860.630386,2025-08-14 10:07:40.630386,13.721348495483399,2.932812452316284
1755158860.6324086,2025-08-14 10:07:40.632409,13.721371145248414,2.9348349571228027
1755158860.634401,2025-08-14 10:07:40.634401,13.72139331817627,2.9368274211883545
1755158860.6363802,2025-08-14 10:07:40.636380,13.721416206359864,2.9388065338134766
1755158860.6383157,2025-08-14 10:07:40.638316,13.721437425613404,2.940742015838623
1755158860.6402512,2025-08-14 10:07:40.640251,13.721458406448365,2.9426774978637695
1755158860.642151,2025-08-14 10:07:40.642151,13.721479864120484,2.94457745552063
1755158860.6440418,2025-08-14 10:07:40.644042,13.721500844955445,2.9464681148529053
1755158860.6459208,2025-08-14 10:07:40.645921,13.721521825790406,2.9483470916748047
1755158860.6477585,2025-08-14 10:07:40.647758,13.721542806625367,2.9501848220825195
1755158860.6495733,2025-08-14 10:07:40.649573,13.72156331062317,2.9519996643066406
1755158860.651374,2025-08-14 10:07:40.651374,13.721584053039551,2.9538004398345947
1755158860.6531377,2025-08-14 10:07:40.653138,13.721604318618775,2.955564022064209
1755158860.65488,2025-08-14 10:07:40.654880,13.721625061035157,2.957306385040283
1755158860.6565895,2025-08-14 10:07:40.656590,13.721646280288697,2.9590158462524414
1755158860.6582854,2025-08-14 10:07:40.658285,13.721667261123658,2.960711717605591
1755158860.6599698,2025-08-14 10:07:40.659970,13.72168800354004,2.9623961448669434
1755158860.6616356,2025-08-14 10:07:40.661636,13.721709938049317,2.964061975479126
1755158860.6632748,2025-08-14 10:07:40.663275,13.721733303070069,2.965701103210449
1755158860.6648748,2025-08-14 10:07:40.664875,13.721755237579346,2.9673011302948
1755158860.6664574,2025-08-14 10:07:40.666457,13.721777648925782,2.968883752822876
1755158860.6680355,2025-08-14 10:07:40.668036,16.624433385520128,2.970461845397949
1755158860.669428,2025-08-14 10:07:40.669428,16.62543338552013,2.9718544483184814
1755158860.6719644,2025-08-14 10:07:40.671964,16.625109672546387,2.974390745162964
1755158860.6746163,2025-08-14 10:07:40.674616,16.625149250030518,2.9770426750183105
1755158860.6772196,2025-08-14 10:07:40.677220,16.625175952911377,2.9796459674835205
1755158860.6798139,2025-08-14 10:07:40.679814,16.625200033187866,2.9822402000427246
1755158860.6823723,2025-08-14 10:07:40.682372,16.625224351882935,2.9847986698150635
1755158860.6848986,2025-08-14 10:07:40.684899,16.62524914741516,2.9873249530792236
1755158860.6873991,2025-08-14 10:07:40.687399,16.62527298927307,2.989825487136841
1755158860.68986,2025-08-14 10:07:40.689860,16.625296115875244,2.992286443710327
1755158860.6923168,2025-08-14 10:07:40.692317,16.625319004058838,2.9947431087493896
1755158860.6947405,2025-08-14 10:07:40.694741,16.625341653823853,2.997166872024536
1755158860.6971498,2025-08-14 10:07:40.697150,16.62536334991455,2.9995760917663574
1755158860.6996684,2025-08-14 10:07:40.699668,16.62538456916809,3.0020947456359863
1755158860.7020469,2025-08-14 10:07:40.702047,16.625405311584473,3.0044732093811035
1755158860.7044005,2025-08-14 10:07:40.704401,16.625426769256592,3.006826877593994
1755158860.7067218,2025-08-14 10:07:40.706722,16.62544870376587,3.009148120880127
1755158860.709012,2025-08-14 10:07:40.709012,16.62547016143799,3.0114383697509766
1755158860.7113001,2025-08-14 10:07:40.711300,16.62549114227295,3.0137264728546143
1755158860.7135456,2025-08-14 10:07:40.713546,16.62551236152649,3.0159718990325928
1755158860.7157798,2025-08-14 10:07:40.715780,16.62553334236145,3.0182061195373535
1755158860.7179804,2025-08-14 10:07:40.717980,16.625554084777832,3.020406723022461
1755158860.7201657,2025-08-14 10:07:40.720166,16.62557625770569,3.022592067718506
1755158860.7223294,2025-08-14 10:07:40.722329,16.62559747695923,3.0247557163238525
1755158860.724467,2025-08-14 10:07:40.724467,16.625619649887085,3.026893377304077
1755158860.72657,2025-08-14 10:07:40.726570,16.625640869140625,3.028996229171753
1755158860.7286747,2025-08-14 10:07:40.728675,16.625662803649902,3.0311009883880615
1755158860.7307713,2025-08-14 10:07:40.730771,16.6256844997406,3.0331976413726807
1755158860.7328272,2025-08-14 10:07:40.732827,16.62570595741272,3.0352535247802734
1755158860.7348526,2025-08-14 10:07:40.734853,16.62572717666626,3.037278890609741
1755158860.7368546,2025-08-14 10:07:40.736855,16.62575101852417,3.039280891418457
1755158860.7388394,2025-08-14 10:07:40.738839,16.625773429870605,3.0412657260894775
1755158860.7407916,2025-08-14 10:07:40.740792,16.625795125961304,3.043217897415161
1755158860.7427344,2025-08-14 10:07:40.742734,16.625826120376587,3.0451607704162598
1755158860.744646,2025-08-14 10:07:40.744646,16.625847816467285,3.047072410583496
1755158860.7465384,2025-08-14 10:07:40.746538,16.625868558883667,3.048964738845825
1755158860.7484293,2025-08-14 10:07:40.748429,16.62588930130005,3.0508556365966797
1755158860.7502735,2025-08-14 10:07:40.750273,16.62590980529785,3.0526998043060303
1755158860.7521183,2025-08-14 10:07:40.752118,16.625930309295654,3.054544687271118
1755158860.753932,2025-08-14 10:07:40.753932,16.625952005386353,3.0563583374023438
1755158860.755717,2025-08-14 10:07:40.755717,16.625975608825684,3.058143377304077
1755158860.7574854,2025-08-14 10:07:40.757485,16.6259982585907,3.0599117279052734
1755158860.7592375,2025-08-14 10:07:40.759238,16.62601900100708,3.061663866043091
1755158860.7609556,2025-08-14 10:07:40.760956,16.62603998184204,3.0633819103240967
1755158860.7626698,2025-08-14 10:07:40.762670,16.626060962677002,3.065096139907837
1755158860.7643495,2025-08-14 10:07:40.764349,16.626081943511963,3.0667757987976074
1755158860.766009,2025-08-14 10:07:40.766009,16.626102924346924,3.0684354305267334
1755158860.767642,2025-08-14 10:07:40.767642,16.626123428344727,3.070068359375
1755158860.7692585,2025-08-14 10:07:40.769258,16.626144647598267,3.0716848373413086
1755158860.7708561,2025-08-14 10:07:40.770856,16.62616539001465,3.073282480239868
1755158860.7724385,2025-08-14 10:07:40.772439,16.626186847686768,3.0748648643493652
1755158860.77399,2025-08-14 10:07:40.773990,18.94139591643647,3.076416254043579
1755158860.775376,2025-08-14 10:07:40.775376,18.94239591643647,3.0778024196624756
1755158860.7780123,2025-08-14 10:07:40.778012,18.942107049942017,3.0804386138916016
1755158860.7806623,2025-08-14 10:07:40.780662,18.94214615058899,3.0830886363983154
1755158860.7832696,2025-08-14 10:07:40.783270,18.942173568725586,3.08569598197937
1755158860.78584,2025-08-14 10:07:40.785840,18.94219860267639,3.088266372680664
1755158860.7884333,2025-08-14 10:07:40.788433,18.94222315979004,3.0908596515655518
1755158860.79096,2025-08-14 10:07:40.790960,18.94224700164795,3.09338641166687
1755158860.7934496,2025-08-14 10:07:40.793450,18.942269889831543,3.0958759784698486
1755158860.7959108,2025-08-14 10:07:40.795911,18.942292539596558,3.098337173461914
1755158860.7983482,2025-08-14 10:07:40.798348,18.94231566619873,3.1007745265960693
1755158860.8007789,2025-08-14 10:07:40.800779,18.9423399848938,3.1032052040100098
1755158860.803191,2025-08-14 10:07:40.803191,18.942363111495972,3.1056172847747803
1755158860.8055687,2025-08-14 10:07:40.805569,18.94238528442383,3.10799503326416
1755158860.8079355,2025-08-14 10:07:40.807935,18.942406742095947,3.1103618144989014
1755158860.810257,2025-08-14 10:07:40.810257,18.942427961349487,3.1126832962036133
1755158860.8125663,2025-08-14 10:07:40.812566,18.942449419021607,3.114992618560791
1755158860.8148491,2025-08-14 10:07:40.814849,18.942470638275147,3.1172754764556885
1755158860.8171108,2025-08-14 10:07:40.817111,18.942491857528687,3.119537115097046
1755158860.819345,2025-08-14 10:07:40.819345,18.94264206123352,3.1217713356018066
1755158860.8215473,2025-08-14 10:07:40.821547,18.9426685256958,3.1239736080169678
1755158860.8237438,2025-08-14 10:07:40.823744,18.942691652297974,3.1261701583862305
1755158860.825909,2025-08-14 10:07:40.825909,18.942713109970093,3.1283352375030518
1755158860.828049,2025-08-14 10:07:40.828049,18.942734090805054,3.1304752826690674
1755158860.8301778,2025-08-14 10:07:40.830178,18.942754833221436,3.1326041221618652
1755158860.8323016,2025-08-14 10:07:40.832302,18.942775814056397,3.134727954864502
1755158860.8343694,2025-08-14 10:07:40.834369,18.942796794891358,3.13679575920105
1755158860.8364272,2025-08-14 10:07:40.836427,18.94281777572632,3.1388535499572754
1755158860.8384566,2025-08-14 10:07:40.838457,18.94283899497986,3.140882968902588
1755158860.8404834,2025-08-14 10:07:40.840483,18.942859260559082,3.1429097652435303
1755158860.84248,2025-08-14 10:07:40.842480,18.942879764556885,3.1449062824249268
1755158860.84446,2025-08-14 10:07:40.844460,18.942900506973267,3.1468863487243652
1755158860.8464012,2025-08-14 10:07:40.846401,18.942921964645386,3.14882755279541
1755158860.8483305,2025-08-14 10:07:40.848330,18.942943422317505,3.1507568359375
1755158860.8502336,2025-08-14 10:07:40.850234,18.94296344947815,3.1526598930358887
1755158860.8521209,2025-08-14 10:07:40.852121,18.94298419189453,3.1545472145080566
1755158860.8539762,2025-08-14 10:07:40.853976,18.943004695892334,3.156402587890625
1755158860.8558192,2025-08-14 10:07:40.855819,18.943025199890137,3.15824556350708
1755158860.8576338,2025-08-14 10:07:40.857634,18.94304546546936,3.160060167312622
1755158860.8594456,2025-08-14 10:07:40.859446,18.943065969467163,3.161871910095215
1755158860.8612206,2025-08-14 10:07:40.861221,18.943086711883545,3.163646936416626
1755158860.8629794,2025-08-14 10:07:40.862979,18.943107215881348,3.165405750274658
1755158860.864698,2025-08-14 10:07:40.864698,18.94312771987915,3.1671242713928223
1755158860.8663945,2025-08-14 10:07:40.866395,18.943148223876953,3.168820858001709
1755158860.8680866,2025-08-14 10:07:40.868087,18.943168966293335,3.1705129146575928
1755158860.8697343,2025-08-14 10:07:40.869734,18.94318923187256,3.1721606254577637
1755158860.871386,2025-08-14 10:07:40.871386,18.94320973587036,3.1738123893737793
1755158860.8729951,2025-08-14 10:07:40.872995,18.943230001449585,3.1754214763641357
1755158860.8745787,2025-08-14 10:07:40.874579,18.94325002861023,3.1770050525665283
1755158860.8761551,2025-08-14 10:07:40.876155,18.943270294189453,3.178581476211548
1755158860.8776937,2025-08-14 10:07:40.877694,18.943290321350098,3.1801199913024902
1755158860.8792346,2025-08-14 10:07:40.879235,18.97246353889954,3.1816608905792236
1755158860.880592,2025-08-14 10:07:40.880592,18.97346353889954,3.183018445968628
1755158860.8830893,2025-08-14 10:07:40.883089,18.973110626220702,3.1855156421661377
1755158860.8857114,2025-08-14 10:07:40.885711,18.973147581100463,3.1881377696990967
1755158860.8883054,2025-08-14 10:07:40.888305,18.97317523765564,3.1907317638397217
1755158860.8908648,2025-08-14 10:07:40.890865,18.973202655792235,3.193291187286377
1755158860.893397,2025-08-14 10:07:40.893397,18.973227212905883,3.1958234310150146
1755158860.8958812,2025-08-14 10:07:40.895881,18.973250577926635,3.198307514190674
1755158860.8983433,2025-08-14 10:07:40.898343,18.97327346611023,3.2007696628570557
1755158860.900784,2025-08-14 10:07:40.900784,18.973295877456664,3.2032103538513184
1755158860.9032156,2025-08-14 10:07:40.903216,18.973318765640258,3.205641984939575
1755158860.9056015,2025-08-14 10:07:40.905602,18.973340461730956,3.2080278396606445
1755158860.9080043,2025-08-14 10:07:40.908004,18.97336334991455,3.21043062210083
1755158860.9103665,2025-08-14 10:07:40.910367,18.973385046005248,3.2127928733825684
1755158860.9127269,2025-08-14 10:07:40.912727,18.973407218933104,3.215153217315674
1755158860.9150503,2025-08-14 10:07:40.915050,18.97342963027954,3.2174766063690186
1755158860.917352,2025-08-14 10:07:40.917352,18.97345132637024,3.219778299331665
1755158860.9196382,2025-08-14 10:07:40.919638,18.973475406646727,3.22206449508667
1755158860.921894,2025-08-14 10:07:40.921894,18.973496625900268,3.224320411682129
1755158860.9241283,2025-08-14 10:07:40.924128,18.973517845153808,3.2265546321868896
1755158860.926331,2025-08-14 10:07:40.926331,18.973541687011718,3.228757381439209
1755158860.9285223,2025-08-14 10:07:40.928522,18.973564098358153,3.2309486865997314
1755158860.9306958,2025-08-14 10:07:40.930696,18.97358603286743,3.2331221103668213
1755158860.9328203,2025-08-14 10:07:40.932820,18.97360772895813,3.2352466583251953
1755158860.9349315,2025-08-14 10:07:40.934932,18.973629663467406,3.2373578548431396
1755158860.9370153,2025-08-14 10:07:40.937015,18.97365207481384,3.2394416332244873
1755158860.939094,2025-08-14 10:07:40.939094,18.97367353248596,3.241520404815674
1755158860.9411392,2025-08-14 10:07:40.941139,18.973695943832396,3.243565559387207
1755158860.9431736,2025-08-14 10:07:40.943174,18.9737164478302,3.2455999851226807
1755158860.945168,2025-08-14 10:07:40.945168,18.97373719024658,3.2475943565368652
1755158860.9471507,2025-08-14 10:07:40.947151,18.973758171081542,3.249577045440674
1755158860.9491,2025-08-14 10:07:40.949100,18.973779390335082,3.251526355743408
1755158860.951031,2025-08-14 10:07:40.951031,18.973800132751464,3.2534573078155518
1755158860.9529312,2025-08-14 10:07:40.952931,18.973821113586425,3.255357503890991
1755158860.9548368,2025-08-14 10:07:40.954837,18.97384137916565,3.25726318359375
1755158860.9566984,2025-08-14 10:07:40.956698,18.97386212158203,3.259124755859375
1755158860.9585414,2025-08-14 10:07:40.958541,18.97388310241699,3.26096773147583
1755158860.9603822,2025-08-14 10:07:40.960382,18.973903606414794,3.2628085613250732
1755158860.962176,2025-08-14 10:07:40.962176,18.973924587249755,3.2646024227142334
1755158860.9639597,2025-08-14 10:07:40.963960,18.973945568084716,3.266386032104492
1755158860.9657097,2025-08-14 10:07:40.965710,18.973966310501098,3.2681360244750977
1755158860.9674532,2025-08-14 10:07:40.967453,18.97398657608032,3.2698795795440674
1755158860.969163,2025-08-14 10:07:40.969163,18.974007080078124,3.2715892791748047
1755158860.97085,2025-08-14 10:07:40.970850,18.974027822494506,3.2732763290405273
1755158860.9725165,2025-08-14 10:07:40.972517,18.974049041748046,3.2749428749084473
1755158860.9741528,2025-08-14 10:07:40.974153,18.97406954574585,3.2765791416168213
1755158860.97577,2025-08-14 10:07:40.975770,18.97409076499939,3.278196334838867
1755158860.9773493,2025-08-14 10:07:40.977349,18.974112222671508,3.279775619506836
1755158860.978939,2025-08-14 10:07:40.978939,18.97413320350647,3.281365394592285
1755158860.980484,2025-08-14 10:07:40.980484,18.97415394592285,3.2829103469848633
1755158860.9820123,2025-08-14 10:07:40.982012,18.974174211502074,3.2844386100769043
1755158860.9835353,2025-08-14 10:07:40.983535,18.998238744800936,3.285961627960205
1755158860.9848824,2025-08-14 10:07:40.984882,18.999238744800937,3.287308692932129
1755158860.9874928,2025-08-14 10:07:40.987493,18.999113248825072,3.289919137954712
1755158860.9900644,2025-08-14 10:07:40.990064,18.99915115737915,3.2924907207489014
1755158860.9926274,2025-08-14 10:07:40.992627,18.999179290771483,3.295053720474243
1755158860.9951673,2025-08-14 10:07:40.995167,18.999204801559447,3.297593593597412
1755158860.9976747,2025-08-14 10:07:40.997675,18.999229597091674,3.3001010417938232
1755158861.000155,2025-08-14 10:07:41.000155,18.999253200531005,3.302581310272217
1755158861.0026026,2025-08-14 10:07:41.002603,18.99927537345886,3.3050289154052734
1755158861.0050302,2025-08-14 10:07:41.005030,18.999297546386718,3.3074564933776855
1755158861.0074425,2025-08-14 10:07:41.007442,18.99944536590576,3.309868812561035
1755158861.0098214,2025-08-14 10:07:41.009821,18.999473737716674,3.3122477531433105
1755158861.012185,2025-08-14 10:07:41.012185,18.999497579574584,3.3146114349365234
1755158861.014518,2025-08-14 10:07:41.014518,18.999520467758177,3.3169443607330322
1755158861.016824,2025-08-14 10:07:41.016824,18.99954359436035,3.3192503452301025
1755158861.0191164,2025-08-14 10:07:41.019116,18.999566244125365,3.321542739868164
1755158861.0213804,2025-08-14 10:07:41.021380,18.999589609146117,3.3238067626953125
1755158861.023668,2025-08-14 10:07:41.023668,18.999613451004027,3.326094388961792
1755158861.0259116,2025-08-14 10:07:41.025912,18.999637292861937,3.3283379077911377
1755158861.0281484,2025-08-14 10:07:41.028148,18.999658750534056,3.3305747509002686
1755158861.0303493,2025-08-14 10:07:41.030349,18.99967925453186,3.332775592803955
1755158861.0325356,2025-08-14 10:07:41.032536,18.99969999694824,3.3349618911743164
1755158861.0346906,2025-08-14 10:07:41.034691,18.99972121620178,3.3371169567108154
1755158861.0368307,2025-08-14 10:07:41.036831,18.9997426738739,3.339257001876831
1755158861.0389504,2025-08-14 10:07:41.038950,18.99976365470886,3.341376781463623
1755158861.0410345,2025-08-14 10:07:41.041034,18.999783920288085,3.34346079826355
1755158861.0431147,2025-08-14 10:07:41.043115,18.999805139541625,3.345541000366211
1755158861.045169,2025-08-14 10:07:41.045169,18.999826835632323,3.347595453262329
1755158861.0472188,2025-08-14 10:07:41.047219,18.9998487701416,3.3496451377868652
1755158861.04922,2025-08-14 10:07:41.049220,18.9998704662323,3.3516464233398438
1755158861.0512147,2025-08-14 10:07:41.051215,18.999890731811522,3.3536410331726074
1755158861.0531657,2025-08-14 10:07:41.053166,18.999911712646483,3.3555920124053955
1755158861.0551062,2025-08-14 10:07:41.055106,18.999933170318602,3.357532501220703
1755158861.057008,2025-08-14 10:07:41.057008,18.999953912734984,3.3594343662261963
1755158861.0589104,2025-08-14 10:07:41.058910,18.999974893569945,3.3613367080688477
1755158861.0607686,2025-08-14 10:07:41.060769,18.999995397567748,3.3631949424743652
1755158861.0626063,2025-08-14 10:07:41.062606,19.00001590156555,3.36503267288208
1755158861.0644178,2025-08-14 10:07:41.064418,19.00003688240051,3.3668441772460938
1755158861.0662122,2025-08-14 10:07:41.066212,19.000056671142577,3.368638515472412
1755158861.0679822,2025-08-14 10:07:41.067982,19.00007741355896,3.370408535003662
1755158861.0697117,2025-08-14 10:07:41.069712,19.000097679138182,3.372138023376465
1755158861.0714488,2025-08-14 10:07:41.071449,19.000118183135985,3.373875141143799
1755158861.0731416,2025-08-14 10:07:41.073142,19.000138687133788,3.37556791305542
1755158861.074818,2025-08-14 10:07:41.074818,19.00015966796875,3.377244234085083
1755158861.0764635,2025-08-14 10:07:41.076463,19.00018017196655,3.378889799118042
1755158861.078084,2025-08-14 10:07:41.078084,19.000200914382933,3.3805103302001953
1755158861.0796926,2025-08-14 10:07:41.079693,19.000221418380736,3.3821189403533936
1755158861.0812743,2025-08-14 10:07:41.081274,19.00024168395996,3.3837006092071533
1755158861.0828223,2025-08-14 10:07:41.082822,19.000262187957762,3.3852486610412598
1755158861.0843525,2025-08-14 10:07:41.084352,19.00028173828125,3.3867788314819336
1755158861.0858428,2025-08-14 10:07:41.085843,19.000301527023314,3.3882691860198975
1755158861.0873666,2025-08-14 10:07:41.087367,19.777842851272734,3.3897929191589355
1755158861.0899096,2025-08-14 10:07:41.089910,19.778108957290648,3.392335891723633
1755158861.092495,2025-08-14 10:07:41.092495,19.77814805793762,3.39492130279541
1755158861.0950327,2025-08-14 10:07:41.095033,19.778176429748534,3.397459030151367
1755158861.097538,2025-08-14 10:07:41.097538,19.77820122528076,3.3999643325805664
1755158861.1000254,2025-08-14 10:07:41.100025,19.778227212905882,3.402451753616333
1755158861.102466,2025-08-14 10:07:41.102466,19.778252246856688,3.4048924446105957
1755158861.1048863,2025-08-14 10:07:41.104886,19.77827585029602,3.4073126316070557
1755158861.1072843,2025-08-14 10:07:41.107284,19.77829993057251,3.409710645675659
1755158861.10966,2025-08-14 10:07:41.109660,19.77832329559326,3.412086248397827
1755158861.112031,2025-08-14 10:07:41.112031,19.77834689903259,3.414457321166992
1755158861.114372,2025-08-14 10:07:41.114372,19.77837097930908,3.4167983531951904
1755158861.116694,2025-08-14 10:07:41.116694,19.77839482116699,3.4191203117370605
1755158861.1189852,2025-08-14 10:07:41.118985,19.778417947769164,3.4214115142822266
1755158861.1212451,2025-08-14 10:07:41.121245,19.77844059753418,3.4236714839935303
1755158861.1234953,2025-08-14 10:07:41.123495,19.778462055206298,3.425921678543091
1755158861.125714,2025-08-14 10:07:41.125714,19.778483274459838,3.42814040184021
1755158861.1279044,2025-08-14 10:07:41.127904,19.7785042552948,3.430330753326416
1755158861.1300588,2025-08-14 10:07:41.130059,19.778525951385497,3.4324851036071777
1755158861.1322107,2025-08-14 10:07:41.132211,19.778546932220458,3.4346370697021484
1755158861.1343274,2025-08-14 10:07:41.134327,19.77856791305542,3.436753749847412
1755158861.1364217,2025-08-14 10:07:41.136422,19.77858841705322,3.4388480186462402
1755158861.138494,2025-08-14 10:07:41.138494,19.778609397888182,3.440920352935791
1755158861.1405632,2025-08-14 10:07:41.140563,19.778630140304564,3.4429895877838135
1755158861.1425743,2025-08-14 10:07:41.142574,19.778650644302367,3.445000648498535
1755158861.144583,2025-08-14 10:07:41.144583,19.778671625137328,3.447009325027466
1755158861.146574,2025-08-14 10:07:41.146574,19.778692844390868,3.449000358581543
1755158861.1485462,2025-08-14 10:07:41.148546,19.77871358680725,3.450972557067871
1755158861.150501,2025-08-14 10:07:41.150501,19.77873432922363,3.452927350997925
1755158861.1524377,2025-08-14 10:07:41.152438,19.77875554847717,3.454864025115967
1755158861.154337,2025-08-14 10:07:41.154337,19.77877676773071,3.45676326751709
1755158861.156218,2025-08-14 10:07:41.156218,19.778797510147093,3.458644390106201
1755158861.1580675,2025-08-14 10:07:41.158067,19.778820159912108,3.460493803024292
1755158861.159918,2025-08-14 10:07:41.159918,19.77884090232849,3.4623444080352783
1755158861.1617382,2025-08-14 10:07:41.161738,19.77886164474487,3.4641644954681396
1755158861.1635313,2025-08-14 10:07:41.163531,19.778882625579833,3.4659576416015625
1755158861.1653059,2025-08-14 10:07:41.165306,19.778903129577635,3.4677321910858154
1755158861.1670616,2025-08-14 10:07:41.167062,19.778923633575438,3.4694879055023193
1755158861.168789,2025-08-14 10:07:41.168789,19.77894413757324,3.47121524810791
1755158861.1704917,2025-08-14 10:07:41.170492,19.778964879989623,3.4729180335998535
1755158861.172189,2025-08-14 10:07:41.172189,19.778985383987425,3.4746153354644775
1755158861.1738427,2025-08-14 10:07:41.173843,19.77900564956665,3.476269006729126
1755158861.1754875,2025-08-14 10:07:41.175488,19.77902663040161,3.4779138565063477
1755158861.1771076,2025-08-14 10:07:41.177108,19.779047134399413,3.4795339107513428
1755158861.1787155,2025-08-14 10:07:41.178715,19.779067161560057,3.4811418056488037
1755158861.1802888,2025-08-14 10:07:41.180289,19.779087188720702,3.482715129852295
1755158861.1818628,2025-08-14 10:07:41.181863,19.779106977462767,3.4842891693115234
1755158861.1833963,2025-08-14 10:07:41.183396,19.77912724304199,3.4858226776123047
1755158861.1849048,2025-08-14 10:07:41.184905,19.779147270202635,3.4873311519622803
1755158861.186379,2025-08-14 10:07:41.186379,19.7791670589447,3.4888052940368652
1755158861.1878674,2025-08-14 10:07:41.187867,22.577172552140482,3.4902937412261963
1755158861.1891716,2025-08-14 10:07:41.189172,22.578172552140483,3.491597890853882
1755158861.1917431,2025-08-14 10:07:41.191743,22.57822554397583,3.4941694736480713
1755158861.1943073,2025-08-14 10:07:41.194307,22.578267267227172,3.4967336654663086
1755158861.1968546,2025-08-14 10:07:41.196855,22.578296354293823,3.4992809295654297
1755158861.1993544,2025-08-14 10:07:41.199354,22.578322103500366,3.5017807483673096
1755158861.2018247,2025-08-14 10:07:41.201825,22.578345945358276,3.504251003265381
1755158861.2042716,2025-08-14 10:07:41.204272,22.578370740890502,3.5066978931427
1755158861.2067122,2025-08-14 10:07:41.206712,22.57839482116699,3.509138584136963
1755158861.2091,2025-08-14 10:07:41.209100,22.578418424606323,3.511526346206665
1755158861.2114868,2025-08-14 10:07:41.211487,22.578440835952758,3.513913154602051
1755158861.2138371,2025-08-14 10:07:41.213837,22.578463485717773,3.516263484954834
1755158861.2161796,2025-08-14 10:07:41.216180,22.57848589706421,3.518605947494507
1755158861.2184894,2025-08-14 10:07:41.218489,22.578508069992065,3.5209157466888428
1755158861.2207906,2025-08-14 10:07:41.220791,22.578529289245605,3.523216962814331
1755158861.2230742,2025-08-14 10:07:41.223074,22.578550508499145,3.525500535964966
1755158861.2253191,2025-08-14 10:07:41.225319,22.578571727752685,3.527745485305786
1755158861.2275496,2025-08-14 10:07:41.227550,22.578593423843383,3.5299758911132812
1755158861.229744,2025-08-14 10:07:41.229744,22.578614404678344,3.532170295715332
1755158861.2319262,2025-08-14 10:07:41.231926,22.578635862350463,3.5343525409698486
1755158861.2340808,2025-08-14 10:07:41.234081,22.57865779685974,3.5365071296691895
1755158861.236217,2025-08-14 10:07:41.236217,22.5786787776947,3.5386433601379395
1755158861.238358,2025-08-14 10:07:41.238358,22.578699520111083,3.5407843589782715
1755158861.2404487,2025-08-14 10:07:41.240449,22.578720977783203,3.542875051498413
1755158861.2425113,2025-08-14 10:07:41.242511,22.578741720199584,3.5449376106262207
1755158861.2445512,2025-08-14 10:07:41.244551,22.5787643699646,3.5469775199890137
1755158861.2465594,2025-08-14 10:07:41.246559,22.57878535079956,3.548985719680786
1755158861.2485588,2025-08-14 10:07:41.248559,22.578807762145995,3.550985097885132
1755158861.2505367,2025-08-14 10:07:41.250537,22.578829458236694,3.5529630184173584
1755158861.252499,2025-08-14 10:07:41.252499,22.578850439071655,3.5549254417419434
1755158861.2544372,2025-08-14 10:07:41.254437,22.578870943069457,3.55686354637146
1755158861.2563472,2025-08-14 10:07:41.256347,22.57889192390442,3.5587735176086426
1755158861.258228,2025-08-14 10:07:41.258228,22.5789126663208,3.560654401779175
1755158861.2600894,2025-08-14 10:07:41.260089,22.57893364715576,3.5625157356262207
1755158861.2619288,2025-08-14 10:07:41.261929,22.578954389572143,3.5643551349639893
1755158861.2637486,2025-08-14 10:07:41.263749,22.578974893569946,3.5661749839782715
1755158861.2655325,2025-08-14 10:07:41.265532,22.57899492073059,3.5679588317871094
1755158861.267318,2025-08-14 10:07:41.267318,22.579015424728393,3.569744348526001
1755158861.2690716,2025-08-14 10:07:41.269072,22.579036167144775,3.571497917175293
1755158861.2708058,2025-08-14 10:07:41.270806,22.579056909561157,3.5732321739196777
1755158861.2725177,2025-08-14 10:07:41.272518,22.57908814239502,3.574944019317627
1755158861.274188,2025-08-14 10:07:41.274188,22.579110315322875,3.5766143798828125
1755158861.2758574,2025-08-14 10:07:41.275857,22.579131772994995,3.5782837867736816
1755158861.2774906,2025-08-14 10:07:41.277491,22.579153230667114,3.5799169540405273
1755158861.279116,2025-08-14 10:07:41.279116,22.579174926757812,3.5815422534942627
1755158861.280704,2025-08-14 10:07:41.280704,22.579196146011352,3.583130359649658
1755158861.282283,2025-08-14 10:07:41.282283,22.579217365264892,3.584709405899048
1755158861.2838306,2025-08-14 10:07:41.283831,22.579238346099853,3.586256980895996
1755158861.2853642,2025-08-14 10:07:41.285364,22.57926028060913,3.5877904891967773
1755158861.2868683,2025-08-14 10:07:41.286868,22.57928173828125,3.589294672012329
1755158861.288343,2025-08-14 10:07:41.288343,22.57930319595337,3.5907692909240723
1755158861.2897925,2025-08-14 10:07:41.289793,23.057152560682795,3.5922188758850098
1755158861.2911024,2025-08-14 10:07:41.291102,23.058152560682796,3.5935287475585938
1755158861.293515,2025-08-14 10:07:41.293515,23.058108003616333,3.5959413051605225
1755158861.296053,2025-08-14 10:07:41.296053,23.05814567375183,3.5984792709350586
1755158861.2985387,2025-08-14 10:07:41.298539,23.05817261505127,3.6009650230407715
1755158861.3010185,2025-08-14 10:07:41.301018,23.058198125839233,3.603444814682007
1755158861.30347,2025-08-14 10:07:41.303470,23.05822315979004,3.605896234512329
1755158861.3058548,2025-08-14 10:07:41.305855,23.05825177001953,3.608281135559082
1755158861.3082442,2025-08-14 10:07:41.308244,23.05827561187744,3.610670566558838
1755158861.3105917,2025-08-14 10:07:41.310592,23.058298023223877,3.613018035888672
1755158861.3129354,2025-08-14 10:07:41.312935,23.058319480895996,3.6153616905212402
1755158861.315259,2025-08-14 10:07:41.315259,23.058341415405273,3.617685317993164
1755158861.3175397,2025-08-14 10:07:41.317540,23.05836382675171,3.6199660301208496
1755158861.3199322,2025-08-14 10:07:41.319932,23.058388383865356,3.622358560562134
1755158861.322189,2025-08-14 10:07:41.322189,23.058410079956055,3.624615430831909
1755158861.3244298,2025-08-14 10:07:41.324430,23.05843225288391,3.6268560886383057
1755158861.3266423,2025-08-14 10:07:41.326642,23.05845371055603,3.629068613052368
1755158861.3288136,2025-08-14 10:07:41.328814,23.05847516822815,3.631239891052246
1755158861.3309748,2025-08-14 10:07:41.330975,23.05849591064453,3.6334011554718018
1755158861.333097,2025-08-14 10:07:41.333097,23.05851712989807,3.6355233192443848
1755158861.335203,2025-08-14 10:07:41.335203,23.058537633895874,3.637629270553589
1755158861.3372757,2025-08-14 10:07:41.337276,23.058560760498047,3.639702081680298
1755158861.3393378,2025-08-14 10:07:41.339338,23.058581741333008,3.6417641639709473
1755158861.3413756,2025-08-14 10:07:41.341376,23.05860200691223,3.6438019275665283
1755158861.3433983,2025-08-14 10:07:41.343398,23.058622749328613,3.645824670791626
1755158861.3454015,2025-08-14 10:07:41.345402,23.058643253326416,3.6478278636932373
1755158861.347389,2025-08-14 10:07:41.347389,23.05866351890564,3.649815320968628
1755158861.3493414,2025-08-14 10:07:41.349341,23.05868426132202,3.6517677307128906
1755158861.351279,2025-08-14 10:07:41.351279,23.058705242156982,3.653705358505249
1755158861.3532023,2025-08-14 10:07:41.353202,23.05872932243347,3.6556286811828613
1755158861.3551,2025-08-14 10:07:41.355100,23.058750303268432,3.6575262546539307
1755158861.3569653,2025-08-14 10:07:41.356965,23.058771284103393,3.6593916416168213
1755158861.3588057,2025-08-14 10:07:41.358806,23.058792026519775,3.6612319946289062
1755158861.360623,2025-08-14 10:07:41.360623,23.058812530517578,3.6630492210388184
1755158861.3624215,2025-08-14 10:07:41.362422,23.05883351135254,3.6648478507995605
1755158861.3642082,2025-08-14 10:07:41.364208,23.058855207443237,3.6666345596313477
1755158861.3659763,2025-08-14 10:07:41.365976,23.058879526138305,3.668402671813965
1755158861.3677258,2025-08-14 10:07:41.367726,23.05890003013611,3.670152187347412
1755158861.3694408,2025-08-14 10:07:41.369441,23.05892053413391,3.6718671321868896
1755158861.3711553,2025-08-14 10:07:41.371155,23.058941038131714,3.673581600189209
1755158861.3728356,2025-08-14 10:07:41.372836,23.05896106529236,3.675261974334717
1755158861.374482,2025-08-14 10:07:41.374482,23.058980615615845,3.676908254623413
1755158861.376119,2025-08-14 10:07:41.376119,23.05900064277649,3.6785452365875244
1755158861.3777173,2025-08-14 10:07:41.377717,23.059020669937134,3.6801435947418213
1755158861.3793085,2025-08-14 10:07:41.379308,23.05904308128357,3.681734800338745
1755158861.3808594,2025-08-14 10:07:41.380859,23.059063346862793,3.683285713195801
1755158861.3823922,2025-08-14 10:07:41.382392,23.059083850860596,3.6848185062408447
1755158861.383927,2025-08-14 10:07:41.383927,23.05910411643982,3.6863534450531006
1755158861.385413,2025-08-14 10:07:41.385413,23.059124620437622,3.6878392696380615
1755158861.386885,2025-08-14 10:07:41.386885,23.059144409179687,3.6893112659454346
1755158861.3883274,2025-08-14 10:07:41.388327,23.05916801261902,3.690753698348999
1755158861.3897648,2025-08-14 10:07:41.389765,23.301263648878496,3.6921911239624023
1755158861.3910413,2025-08-14 10:07:41.391041,23.302263648878498,3.693467617034912
1755158861.3934398,2025-08-14 10:07:41.393440,23.302107049942016,3.695866107940674
1755158861.3959725,2025-08-14 10:07:41.395972,23.302144958496093,3.6983988285064697
1755158861.3984354,2025-08-14 10:07:41.398435,23.30217261505127,3.700861692428589
1755158861.4008944,2025-08-14 10:07:41.400894,23.302198364257812,3.7033207416534424
1755158861.4033248,2025-08-14 10:07:41.403325,23.302222206115722,3.7057511806488037
1755158861.4057014,2025-08-14 10:07:41.405701,23.302247478485107,3.708127737045288
1755158861.4080617,2025-08-14 10:07:41.408062,23.302271081924438,3.7104880809783936
1755158861.4103959,2025-08-14 10:07:41.410396,23.30229420852661,3.712822198867798
1755158861.4127216,2025-08-14 10:07:41.412722,23.302317096710205,3.7151479721069336
1755158861.4150257,2025-08-14 10:07:41.415026,23.302340223312378,3.717452049255371
1755158861.417301,2025-08-14 10:07:41.417301,23.30236311149597,3.7197272777557373
1755158861.4195616,2025-08-14 10:07:41.419562,23.302385522842407,3.7219879627227783
1755158861.4217954,2025-08-14 10:07:41.421795,23.30241365623474,3.724221706390381
1755158861.4240158,2025-08-14 10:07:41.424016,23.302436782836914,3.7264420986175537
1755158861.4262202,2025-08-14 10:07:41.426220,23.30246133995056,3.7286465167999268
1755158861.4284,2025-08-14 10:07:41.428400,23.302483512878418,3.7308263778686523
1755158861.4305248,2025-08-14 10:07:41.430525,23.302504970550537,3.7329511642456055
1755158861.4326339,2025-08-14 10:07:41.432634,23.302526666641235,3.735060214996338
1755158861.4347332,2025-08-14 10:07:41.434733,23.302547885894775,3.737159490585327
1755158861.4367895,2025-08-14 10:07:41.436790,23.302569105148315,3.739215850830078
1755158861.4388387,2025-08-14 10:07:41.438839,23.302590324401855,3.741265058517456
1755158861.4408581,2025-08-14 10:07:41.440858,23.302611543655395,3.7432844638824463
1755158861.4428751,2025-08-14 10:07:41.442875,23.302632762908935,3.7453014850616455
1755158861.4448552,2025-08-14 10:07:41.444855,23.302653505325317,3.747281551361084
1755158861.446822,2025-08-14 10:07:41.446822,23.30267377090454,3.7492482662200928
1755158861.4487545,2025-08-14 10:07:41.448755,23.30269737434387,3.75118088722229
1755158861.4506714,2025-08-14 10:07:41.450671,23.302720739364624,3.7530977725982666
1755158861.4525623,2025-08-14 10:07:41.452562,23.302741243362426,3.754988670349121
1755158861.4544208,2025-08-14 10:07:41.454421,23.302760793685913,3.7568471431732178
1755158861.456294,2025-08-14 10:07:41.456294,23.302786542892456,3.7587203979492188
1755158861.4581106,2025-08-14 10:07:41.458111,23.30280704689026,3.7605369091033936
1755158861.4599254,2025-08-14 10:07:41.459925,23.30282778930664,3.7623517513275146
1755158861.4617271,2025-08-14 10:07:41.461727,23.302848054885864,3.764153480529785
1755158861.4635136,2025-08-14 10:07:41.463514,23.302868797302246,3.765939950942993
1755158861.4652514,2025-08-14 10:07:41.465251,23.30288882446289,3.7676777839660645
1755158861.4669893,2025-08-14 10:07:41.466989,23.302909090042114,3.7694156169891357
1755158861.468694,2025-08-14 10:07:41.468694,23.302929594039917,3.771120309829712
1755158861.470378,2025-08-14 10:07:41.470378,23.30294962120056,3.7728042602539062
1755158861.472033,2025-08-14 10:07:41.472033,23.302969409942627,3.7744593620300293
1755158861.4736538,2025-08-14 10:07:41.473654,23.302995874404907,3.7760801315307617
1755158861.4752665,2025-08-14 10:07:41.475266,23.30302114677429,3.7776927947998047
1755158861.476846,2025-08-14 10:07:41.476846,23.3030449886322,3.7792723178863525
1755158861.478399,2025-08-14 10:07:41.478399,23.303067161560058,3.78082537651062
1755158861.479949,2025-08-14 10:07:41.479949,23.30308814239502,3.7823753356933594
1755158861.4814584,2025-08-14 10:07:41.481458,23.30310936164856,3.7838847637176514
1755158861.482967,2025-08-14 10:07:41.482967,23.303129865646362,3.785393238067627
1755158861.4844365,2025-08-14 10:07:41.484437,23.303151084899902,3.786862850189209
1755158861.4858727,2025-08-14 10:07:41.485873,23.303171588897705,3.788299083709717
1755158861.4873009,2025-08-14 10:07:41.487301,23.30319185447693,3.789727210998535
1755158861.4887204,2025-08-14 10:07:41.488720,23.84964676738936,3.791146755218506
1755158861.4913867,2025-08-14 10:07:41.491387,23.850107526779176,3.7938129901885986
1755158861.4938939,2025-08-14 10:07:41.493894,23.850153303146364,3.7963201999664307
1755158861.4963732,2025-08-14 10:07:41.496373,23.850182390213014,3.798799514770508
1755158861.4988315,2025-08-14 10:07:41.498832,23.850208139419557,3.801257848739624
1755158861.501249,2025-08-14 10:07:41.501249,23.850236034393312,3.803675413131714
1755158861.5036168,2025-08-14 10:07:41.503617,23.850259637832643,3.8060431480407715
1755158861.5059602,2025-08-14 10:07:41.505960,23.85028395652771,3.8083865642547607
1755158861.5082831,2025-08-14 10:07:41.508283,23.85030589103699,3.8107094764709473
1755158861.5105777,2025-08-14 10:07:41.510578,23.850328540802003,3.8130040168762207
1755158861.512871,2025-08-14 10:07:41.512871,23.850351428985597,3.8152973651885986
1755158861.5151286,2025-08-14 10:07:41.515129,23.850373125076295,3.8175549507141113
1755158861.5173647,2025-08-14 10:07:41.517365,23.850395298004152,3.819791078567505
1755158861.5195897,2025-08-14 10:07:41.519590,23.850416517257692,3.8220160007476807
1755158861.5217822,2025-08-14 10:07:41.521782,23.85043845176697,3.8242084980010986
1755158861.5239525,2025-08-14 10:07:41.523952,23.850460147857667,3.82637882232666
1755158861.5260966,2025-08-14 10:07:41.526097,23.850482320785524,3.8285229206085205
1755158861.5282304,2025-08-14 10:07:41.528230,23.850503540039064,3.8306567668914795
1755158861.5303283,2025-08-14 10:07:41.530328,23.850527381896974,3.832754611968994
1755158861.5324106,2025-08-14 10:07:41.532411,23.850551462173463,3.834836959838867
1755158861.5344691,2025-08-14 10:07:41.534469,23.85057339668274,3.83689546585083
1755158861.5365076,2025-08-14 10:07:41.536508,23.850595331192018,3.8389339447021484
1755158861.5385096,2025-08-14 10:07:41.538510,23.85061631202698,3.8409359455108643
1755158861.5405066,2025-08-14 10:07:41.540507,23.85063729286194,3.842932939529419
1755158861.5424688,2025-08-14 10:07:41.542469,23.8506582736969,3.844895124435425
1755158861.544422,2025-08-14 10:07:41.544422,23.8506799697876,3.846848249435425
1755158861.5463398,2025-08-14 10:07:41.546340,23.85070118904114,3.8487660884857178
1755158861.5482569,2025-08-14 10:07:41.548257,23.85072193145752,3.8506832122802734
1755158861.550131,2025-08-14 10:07:41.550131,23.85074362754822,3.852557420730591
1755158861.5520089,2025-08-14 10:07:41.552009,23.8507643699646,3.8544352054595947
1755158861.5538378,2025-08-14 10:07:41.553838,23.85078630447388,3.856264114379883
1755158861.5556543,2025-08-14 10:07:41.555654,23.85080704689026,3.8580806255340576
1755158861.5574372,2025-08-14 10:07:41.557437,23.850827550888063,3.859863519668579
1755158861.5592153,2025-08-14 10:07:41.559215,23.850849008560182,3.8616416454315186
1755158861.5609565,2025-08-14 10:07:41.560956,23.85087642669678,3.8633828163146973
1755158861.5627007,2025-08-14 10:07:41.562701,23.850898599624635,3.8651270866394043
1755158861.56443,2025-08-14 10:07:41.564430,23.851055240631105,3.866856336593628
1755158861.5661314,2025-08-14 10:07:41.566131,23.851081705093385,3.8685576915740967
1755158861.567808,2025-08-14 10:07:41.567808,23.851105308532716,3.870234251022339
1755158861.5694501,2025-08-14 10:07:41.569450,23.85112795829773,3.8718764781951904
1755158861.571077,2025-08-14 10:07:41.571077,23.85114965438843,3.8735034465789795
1755158861.5726824,2025-08-14 10:07:41.572682,23.85117111206055,3.8751087188720703
1755158861.5742464,2025-08-14 10:07:41.574246,23.851192808151247,3.8766727447509766
1755158861.5758204,2025-08-14 10:07:41.575820,23.85121355056763,3.878246784210205
1755158861.5773432,2025-08-14 10:07:41.577343,23.85123453140259,3.8797695636749268
1755158861.5788548,2025-08-14 10:07:41.578855,23.85125527381897,3.8812811374664307
1755158861.5803256,2025-08-14 10:07:41.580326,23.851276254653932,3.882751941680908
1755158861.5817845,2025-08-14 10:07:41.581784,23.85129771232605,3.8842108249664307
1755158861.5832133,2025-08-14 10:07:41.583213,23.851322746276857,3.8856396675109863
1755158861.5846105,2025-08-14 10:07:41.584610,23.851343727111818,3.8870368003845215
1755158861.5860019,2025-08-14 10:07:41.586002,23.879117584703806,3.888428211212158
1755158861.5872397,2025-08-14 10:07:41.587240,23.880117584703807,3.8896660804748535
1755158861.5895965,2025-08-14 10:07:41.589597,23.880105381011962,3.8920228481292725
1755158861.5920815,2025-08-14 10:07:41.592082,23.880143766403197,3.894507884979248
1755158861.594528,2025-08-14 10:07:41.594528,23.880170469284057,3.896954298019409
1755158861.5969286,2025-08-14 10:07:41.596929,23.880194311141967,3.899354934692383
1755158861.599311,2025-08-14 10:07:41.599311,23.88021696090698,3.9017374515533447
1755158861.601642,2025-08-14 10:07:41.601642,23.880241756439208,3.9040682315826416
1755158861.6039639,2025-08-14 10:07:41.603964,23.8802646446228,3.9063901901245117
1755158861.6062565,2025-08-14 10:07:41.606256,23.880287532806395,3.9086828231811523
1755158861.6085417,2025-08-14 10:07:41.608542,23.880309467315673,3.910968065261841
1755158861.6108117,2025-08-14 10:07:41.610812,23.880332117080687,3.913238048553467
1755158861.6130495,2025-08-14 10:07:41.613050,23.880354051589965,3.915475845336914
1755158861.6152732,2025-08-14 10:07:41.615273,23.880380516052245,3.9176995754241943
1755158861.6174526,2025-08-14 10:07:41.617453,23.880401973724364,3.9198789596557617
1755158861.6196296,2025-08-14 10:07:41.619630,23.880426292419433,3.922055959701538
1755158861.6217923,2025-08-14 10:07:41.621792,23.88044846534729,3.9242186546325684
1755158861.6239371,2025-08-14 10:07:41.623937,23.88046968460083,3.926363468170166
1755158861.6260293,2025-08-14 10:07:41.626029,23.88049090385437,3.9284555912017822
1755158861.6281297,2025-08-14 10:07:41.628130,23.880512599945067,3.930556058883667
1755158861.6301942,2025-08-14 10:07:41.630194,23.880534296035766,3.9326205253601074
1755158861.632263,2025-08-14 10:07:41.632263,23.880555276870727,3.9346892833709717
1755158861.634291,2025-08-14 10:07:41.634291,23.880576257705687,3.9367172718048096
1755158861.6362891,2025-08-14 10:07:41.636289,23.880597476959228,3.9387154579162598
1755158861.6382542,2025-08-14 10:07:41.638254,23.880618696212768,3.940680503845215
1755158861.640211,2025-08-14 10:07:41.640211,23.88063920021057,3.9426374435424805
1755158861.6421323,2025-08-14 10:07:41.642132,23.880659704208373,3.944558620452881
1755158861.6440325,2025-08-14 10:07:41.644032,23.880693321228026,3.9464588165283203
1755158861.6458929,2025-08-14 10:07:41.645893,23.880723361968993,3.94831919670105
1755158861.647747,2025-08-14 10:07:41.647747,23.88074529647827,3.9501733779907227
1755158861.6495752,2025-08-14 10:07:41.649575,23.880766038894652,3.9520015716552734
1755158861.651396,2025-08-14 10:07:41.651396,23.8807905960083,3.953822374343872
1755158861.6531825,2025-08-14 10:07:41.653183,23.88081205368042,3.95560884475708
1755158861.6549373,2025-08-14 10:07:41.654937,23.88083327293396,3.9573636054992676
1755158861.6566682,2025-08-14 10:07:41.656668,23.88085425376892,3.959094524383545
1755158861.658379,2025-08-14 10:07:41.658379,23.88087571144104,3.9608054161071777
1755158861.6600757,2025-08-14 10:07:41.660076,23.880896692276,3.9625020027160645
1755158861.661759,2025-08-14 10:07:41.661759,23.88091791152954,3.9641852378845215
1755158861.6634214,2025-08-14 10:07:41.663421,23.8809388923645,3.9658477306365967
1755158861.6650515,2025-08-14 10:07:41.665051,23.880959157943725,3.967477798461914
1755158861.6666641,2025-08-14 10:07:41.666664,23.880979661941527,3.969090461730957
1755158861.6682508,2025-08-14 10:07:41.668251,23.88100588798523,3.970677137374878
1755158861.6698132,2025-08-14 10:07:41.669813,23.881027345657348,3.9722394943237305
1755158861.6713634,2025-08-14 10:07:41.671363,23.881048564910888,3.973789691925049
1755158861.6728857,2025-08-14 10:07:41.672886,23.88106930732727,3.9753119945526123
1755158861.674391,2025-08-14 10:07:41.674391,23.881091480255126,3.9768173694610596
1755158861.6758766,2025-08-14 10:07:41.675877,23.88111174583435,3.9783029556274414
1755158861.6773448,2025-08-14 10:07:41.677345,23.881134634017943,3.979771137237549
1755158861.678825,2025-08-14 10:07:41.678825,23.881155138015746,3.9812512397766113
1755158861.68024,2025-08-14 10:07:41.680240,23.88117540359497,3.982666254043579
1755158861.6816237,2025-08-14 10:07:41.681624,23.881195430755614,3.9840500354766846
1755158861.6830177,2025-08-14 10:07:41.683018,24.129750102175503,3.9854440689086914
1755158861.6856272,2025-08-14 10:07:41.685627,24.130107049942016,3.988053560256958
1755158861.6881,2025-08-14 10:07:41.688100,24.130146865844726,3.9905264377593994
1755158861.6905477,2025-08-14 10:07:41.690548,24.130176668167113,3.992974042892456
1755158861.6929767,2025-08-14 10:07:41.692977,24.130207662582396,3.9954030513763428
1755158861.6953583,2025-08-14 10:07:41.695358,24.13023102760315,3.9977846145629883
1755158861.697705,2025-08-14 10:07:41.697705,24.130255584716796,4.000131368637085
1755158861.7001872,2025-08-14 10:07:41.700187,24.130279188156127,4.002613544464111
1755158861.702517,2025-08-14 10:07:41.702517,24.13030183792114,4.004943370819092
1755158861.7048051,2025-08-14 10:07:41.704805,24.13032377243042,4.0072314739227295
1755158861.70707,2025-08-14 10:07:41.707070,24.130348329544066,4.009496450424194
1755158861.7092946,2025-08-14 10:07:41.709295,24.130371932983397,4.011720895767212
1755158861.7115378,2025-08-14 10:07:41.711538,24.130394344329833,4.0139641761779785
1755158861.7137241,2025-08-14 10:07:41.713724,24.13041627883911,4.01615047454834
1755158861.7159097,2025-08-14 10:07:41.715910,24.13043773651123,4.018336057662964
1755158861.718061,2025-08-14 10:07:41.718061,24.13045895576477,4.020487308502197
1755158861.7201962,2025-08-14 10:07:41.720196,24.130481367111205,4.022622585296631
1755158861.7222872,2025-08-14 10:07:41.722287,24.130502824783324,4.024713516235352
1755158861.7243743,2025-08-14 10:07:41.724374,24.130528573989867,4.026800632476807
1755158861.7264159,2025-08-14 10:07:41.726416,24.130552892684936,4.028842210769653
1755158861.728451,2025-08-14 10:07:41.728451,24.130574827194213,4.030877351760864
1755158861.730449,2025-08-14 10:07:41.730449,24.130595808029174,4.032875299453735
1755158861.7324393,2025-08-14 10:07:41.732439,24.130617027282714,4.034865617752075
1755158861.7343793,2025-08-14 10:07:41.734379,24.130637769699096,4.036805629730225
1755158861.7363126,2025-08-14 10:07:41.736313,24.130658512115478,4.038738965988159
1755158861.7382221,2025-08-14 10:07:41.738222,24.1306787776947,4.040648460388184
1755158861.7401125,2025-08-14 10:07:41.740113,24.13070548057556,4.04253888130188
1755158861.741962,2025-08-14 10:07:41.741962,24.130869035720824,4.044388294219971
1755158861.7437959,2025-08-14 10:07:41.743796,24.130896215438842,4.04622220993042
1755158861.7456045,2025-08-14 10:07:41.745605,24.13092029571533,4.048030853271484
1755158861.7474005,2025-08-14 10:07:41.747401,24.130942707061767,4.0498268604278564
1755158861.7491636,2025-08-14 10:07:41.749164,24.130964164733886,4.0515899658203125
1755158861.750911,2025-08-14 10:07:41.750911,24.130988006591796,4.053337335586548
1755158861.7526255,2025-08-14 10:07:41.752625,24.131009464263915,4.055051803588867
1755158861.7543178,2025-08-14 10:07:41.754318,24.131030683517455,4.05674409866333
1755158861.7559998,2025-08-14 10:07:41.756000,24.131051664352416,4.058426141738892
1755158861.7576594,2025-08-14 10:07:41.757659,24.131073122024535,4.060085773468018
1755158861.7593198,2025-08-14 10:07:41.759320,24.131093626022338,4.061746120452881
1755158861.7609265,2025-08-14 10:07:41.760926,24.1311146068573,4.063352823257446
1755158861.7625773,2025-08-14 10:07:41.762577,24.13113534927368,4.0650036334991455
1755158861.7642007,2025-08-14 10:07:41.764201,24.131157999038695,4.066627025604248
1755158861.7657566,2025-08-14 10:07:41.765757,24.131178741455077,4.068182945251465
1755158861.7673042,2025-08-14 10:07:41.767304,24.131202344894408,4.069730520248413
1755158861.768813,2025-08-14 10:07:41.768813,24.131222610473632,4.071239233016968
1755158861.7702925,2025-08-14 10:07:41.770293,24.131242876052855,4.072718858718872
1755158861.7717676,2025-08-14 10:07:41.771768,24.131263380050658,4.074193954467773
1755158861.7732134,2025-08-14 10:07:41.773213,24.131286029815673,4.075639724731445
1755158861.7746286,2025-08-14 10:07:41.774629,24.131306056976317,4.077054977416992
1755158861.7760165,2025-08-14 10:07:41.776016,24.13132632255554,4.078442811965942
1755158861.7773714,2025-08-14 10:07:41.777371,24.131346826553344,4.079797744750977
1755158861.7787542,2025-08-14 10:07:41.778754,24.70580353996563,4.081180572509766
1755158861.7812347,2025-08-14 10:07:41.781235,24.70611110305786,4.083661079406738
1755158861.7837265,2025-08-14 10:07:41.783726,24.70615068054199,4.086152791976929
1755158861.7861354,2025-08-14 10:07:41.786135,24.706178813934326,4.088561773300171
1755158861.7885313,2025-08-14 10:07:41.788531,24.706203132629394,4.0909576416015625
1755158861.7908895,2025-08-14 10:07:41.790890,24.706227212905883,4.093315839767456
1755158861.7931974,2025-08-14 10:07:41.793197,24.706265836715698,4.095623731613159
1755158861.795491,2025-08-14 10:07:41.795491,24.706290155410766,4.097917318344116
1755158861.7977407,2025-08-14 10:07:41.797741,24.706313520431518,4.1001670360565186
1755158861.7999868,2025-08-14 10:07:41.799987,24.706336170196533,4.102413177490234
1755158861.8021991,2025-08-14 10:07:41.802199,24.706361919403076,4.104625463485718
1755158861.8044229,2025-08-14 10:07:41.804423,24.706385761260986,4.106849193572998
1755158861.8066337,2025-08-14 10:07:41.806634,24.706409126281738,4.109060049057007
1755158861.8088024,2025-08-14 10:07:41.808802,24.706431776046752,4.111228704452515
1755158861.8109455,2025-08-14 10:07:41.810946,24.70645394897461,4.113371849060059
1755158861.8130572,2025-08-14 10:07:41.813057,24.706476121902465,4.115483522415161
1755158861.8151517,2025-08-14 10:07:41.815152,24.706498056411743,4.117578029632568
1755158861.8172033,2025-08-14 10:07:41.817203,24.7065202293396,4.119629621505737
1755158861.8192482,2025-08-14 10:07:41.819248,24.70654168701172,4.121674537658691
1755158861.8212667,2025-08-14 10:07:41.821267,24.7065624294281,4.123692989349365
1755158861.8232586,2025-08-14 10:07:41.823259,24.70658364868164,4.125684976577759
1755158861.8252294,2025-08-14 10:07:41.825229,24.70660510635376,4.127655744552612
1755158861.8271718,2025-08-14 10:07:41.827172,24.706633478164672,4.129598140716553
1755158861.829105,2025-08-14 10:07:41.829105,24.70665493583679,4.131531238555908
1755158861.8310137,2025-08-14 10:07:41.831014,24.70667687034607,4.133440017700195
1755158861.8328862,2025-08-14 10:07:41.832886,24.706699281692504,4.135312557220459
1755158861.8347638,2025-08-14 10:07:41.834764,24.706727891921997,4.137190103530884
1755158861.836597,2025-08-14 10:07:41.836597,24.706749826431274,4.139023303985596
1755158861.8384051,2025-08-14 10:07:41.838405,24.706771045684814,4.140831470489502
1755158861.840204,2025-08-14 10:07:41.840204,24.706792026519775,4.142630338668823
1755158861.8419824,2025-08-14 10:07:41.841982,24.706813245773315,4.144408702850342
1755158861.8437335,2025-08-14 10:07:41.843734,24.70683327293396,4.146159887313843
1755158861.8454654,2025-08-14 10:07:41.845465,24.70685401535034,4.1478917598724365
1755158861.8471718,2025-08-14 10:07:41.847172,24.706874757766723,4.149598121643066
1755158861.848863,2025-08-14 10:07:41.848863,24.706898122787475,4.151289224624634
1755158861.8505275,2025-08-14 10:07:41.850528,24.706918626785278,4.152953863143921
1755158861.8521862,2025-08-14 10:07:41.852186,24.706938653945922,4.1546125411987305
1755158861.853797,2025-08-14 10:07:41.853797,24.706958681106567,4.156223297119141
1755158861.85541,2025-08-14 10:07:41.855410,24.70698180770874,4.157836437225342
1755158861.8569772,2025-08-14 10:07:41.856977,24.70700588798523,4.159403562545776
1755158861.8585272,2025-08-14 10:07:41.858527,24.707030683517456,4.160953521728516
1755158861.8600574,2025-08-14 10:07:41.860057,24.707051902770996,4.1624836921691895
1755158861.861563,2025-08-14 10:07:41.861563,24.707073598861694,4.163989305496216
1755158861.8630428,2025-08-14 10:07:41.863043,24.707094579696655,4.165469169616699
1755158861.8645048,2025-08-14 10:07:41.864505,24.707115322113037,4.16693115234375
1755158861.8659294,2025-08-14 10:07:41.865929,24.70713606452942,4.168355703353882
1755158861.8673484,2025-08-14 10:07:41.867348,24.70715728378296,4.169774770736694
1755158861.868737,2025-08-14 10:07:41.868737,24.707178741455078,4.171163320541382
1755158861.8701046,2025-08-14 10:07:41.870105,24.707199960708618,4.172530889511108
1755158861.871452,2025-08-14 10:07:41.871452,24.70722094154358,4.17387843132019
1755158861.8727963,2025-08-14 10:07:41.872796,25.390610083310282,4.175222635269165
1755158861.8754296,2025-08-14 10:07:41.875430,25.391115394592283,4.177855968475342
1755158861.8778582,2025-08-14 10:07:41.877858,25.39115568733215,4.18028450012207
1755158861.8802693,2025-08-14 10:07:41.880269,25.39118572807312,4.182695627212524
1755158861.882654,2025-08-14 10:07:41.882654,25.391212430953978,4.185080289840698
1755158861.8849876,2025-08-14 10:07:41.884988,25.39123603439331,4.187413930892944
1755158861.8873043,2025-08-14 10:07:41.887304,25.391260353088377,4.189730644226074
1755158861.8895798,2025-08-14 10:07:41.889580,25.391284194946287,4.1920061111450195
1755158861.8918443,2025-08-14 10:07:41.891844,25.39130732154846,4.194270610809326
1755158861.8942728,2025-08-14 10:07:41.894273,25.391330209732054,4.196699142456055
1755158861.8979805,2025-08-14 10:07:41.897980,25.391354290008543,4.200406789779663
1755158861.9022138,2025-08-14 10:07:41.902214,25.391377416610716,4.20464015007019
1755158861.9101112,2025-08-14 10:07:41.910111,25.391399589538572,4.212537527084351
1755158861.912936,2025-08-14 10:07:41.912936,25.39142152404785,4.215362310409546
1755158861.9151204,2025-08-14 10:07:41.915120,25.391443935394285,4.217546701431274
1755158861.9172719,2025-08-14 10:07:41.917272,25.391465154647825,4.219698190689087
1755158861.919383,2025-08-14 10:07:41.919383,25.391486612319945,4.221809387207031
1755158861.9214857,2025-08-14 10:07:41.921486,25.391510692596434,4.223912000656128
1755158861.9235547,2025-08-14 10:07:41.923555,25.391688552856444,4.225980997085571
1755158861.9255788,2025-08-14 10:07:41.925579,25.391719308853148,4.2280051708221436
1755158861.927611,2025-08-14 10:07:41.927611,25.391743627548216,4.230037450790405
1755158861.9295986,2025-08-14 10:07:41.929599,25.39176627731323,4.232024908065796
1755158861.9315739,2025-08-14 10:07:41.931574,25.391788211822508,4.234000205993652
1755158861.9335356,2025-08-14 10:07:41.933536,25.391809669494627,4.2359619140625
1755158861.935457,2025-08-14 10:07:41.935457,25.39183255767822,4.2378833293914795
1755158861.9373558,2025-08-14 10:07:41.937356,25.39185425376892,4.239782094955444
1755158861.9392624,2025-08-14 10:07:41.939262,25.391879049301146,4.2416887283325195
1755158861.9411132,2025-08-14 10:07:41.941113,25.39190146064758,4.243539571762085
1755158861.9429522,2025-08-14 10:07:41.942952,25.39192267990112,4.245378494262695
1755158861.9447496,2025-08-14 10:07:41.944750,25.39194389915466,4.247175931930542
1755158861.9465451,2025-08-14 10:07:41.946545,25.391964879989622,4.248971462249756
1755158861.9483266,2025-08-14 10:07:41.948327,25.39198896026611,4.250752925872803
1755158861.95005,2025-08-14 10:07:41.950050,25.39201017951965,4.252476453781128
1755158861.951774,2025-08-14 10:07:41.951774,25.3920347366333,4.254200220108032
1755158861.9534528,2025-08-14 10:07:41.953453,25.392056194305418,4.255879163742065
1755158861.9551249,2025-08-14 10:07:41.955125,25.392077413558958,4.257551193237305
1755158861.9567616,2025-08-14 10:07:41.956762,25.39209839439392,4.259187936782837
1755158861.9583998,2025-08-14 10:07:41.958400,25.3921191368103,4.260826110839844
1755158861.9599984,2025-08-14 10:07:41.959998,25.392139879226683,4.26242470741272
1755158861.961577,2025-08-14 10:07:41.961577,25.39216157531738,4.264003276824951
1755158861.9631379,2025-08-14 10:07:41.963138,25.392184463500975,4.265564203262329
1755158861.9646635,2025-08-14 10:07:41.964664,25.392205205917357,4.26708984375
1755158861.966159,2025-08-14 10:07:41.966159,25.392226425170897,4.268585443496704
1755158861.9676383,2025-08-14 10:07:41.967638,25.392247406005858,4.27006459236145
1755158861.969076,2025-08-14 10:07:41.969076,25.39226814842224,4.271502256393433
1755158861.9705193,2025-08-14 10:07:41.970519,25.39229199028015,4.2729456424713135
1755158861.9719322,2025-08-14 10:07:41.971932,25.39231320953369,4.274358510971069
1755158861.9733205,2025-08-14 10:07:41.973320,25.39233395195007,4.275746822357178
1755158861.974688,2025-08-14 10:07:41.974688,25.392354217529295,4.277114391326904
1755158861.9760194,2025-08-14 10:07:41.976019,25.392377820968626,4.278445720672607
1755158861.9773426,2025-08-14 10:07:41.977343,25.65598867162542,4.279768943786621
1755158861.9797814,2025-08-14 10:07:41.979781,25.65610871887207,4.282207727432251
1755158861.9822304,2025-08-14 10:07:41.982230,25.656152349472045,4.284656763076782
1755158861.984624,2025-08-14 10:07:41.984624,25.656180959701537,4.287050247192383
1755158861.9869812,2025-08-14 10:07:41.986981,25.656205039978026,4.28940749168396
1755158861.9892929,2025-08-14 10:07:41.989293,25.656229835510253,4.291719198226929
1755158861.991597,2025-08-14 10:07:41.991597,25.656253677368163,4.294023275375366
1755158861.9938796,2025-08-14 10:07:41.993880,25.656277042388915,4.296305894851685
1755158861.9961367,2025-08-14 10:07:41.996137,25.65629945373535,4.298563003540039
1755158861.998355,2025-08-14 10:07:41.998355,25.656327110290526,4.30078125
1755158862.0005808,2025-08-14 10:07:42.000581,25.656350952148436,4.303007125854492
1755158862.0027862,2025-08-14 10:07:42.002786,25.65637431716919,4.305212497711182
1755158862.0049462,2025-08-14 10:07:42.004946,25.656395774841307,4.307372570037842
1755158862.0071273,2025-08-14 10:07:42.007127,25.656417709350585,4.309553623199463
1755158862.0092335,2025-08-14 10:07:42.009233,25.65643988227844,4.311659812927246
1755158862.0113223,2025-08-14 10:07:42.011322,25.65646110153198,4.313748598098755
1755158862.0133862,2025-08-14 10:07:42.013386,25.6564825592041,4.315812587738037
1755158862.0154152,2025-08-14 10:07:42.015415,25.656510215759276,4.317841529846191
1755158862.0174344,2025-08-14 10:07:42.017434,25.656531673431395,4.3198606967926025
1755158862.0194237,2025-08-14 10:07:42.019424,25.65655408477783,4.321850061416626
1755158862.0213833,2025-08-14 10:07:42.021383,25.656576972961425,4.323809623718262
1755158862.0233276,2025-08-14 10:07:42.023328,25.65659938430786,4.325753927230835
1755158862.0252318,2025-08-14 10:07:42.025232,25.656621318817137,4.327658176422119
1755158862.0271242,2025-08-14 10:07:42.027124,25.656646114349364,4.329550504684448
1755158862.0289793,2025-08-14 10:07:42.028979,25.6566685256958,4.3314056396484375
1755158862.0308547,2025-08-14 10:07:42.030855,25.65669260597229,4.33328104019165
1755158862.0326874,2025-08-14 10:07:42.032687,25.656715255737303,4.335113763809204
1755158862.0344815,2025-08-14 10:07:42.034482,25.65673719024658,4.336907863616943
1755158862.036281,2025-08-14 10:07:42.036281,25.65675888633728,4.338707447052002
1755158862.0380437,2025-08-14 10:07:42.038044,25.656780344009398,4.3404700756073
1755158862.0397873,2025-08-14 10:07:42.039787,25.656802278518676,4.3422136306762695
1755158862.0415154,2025-08-14 10:07:42.041515,25.65682278251648,4.343941688537598
1755158862.0432272,2025-08-14 10:07:42.043227,25.65684376335144,4.345653533935547
1755158862.0448895,2025-08-14 10:07:42.044889,25.65686498260498,4.347315788269043
1755158862.0465224,2025-08-14 10:07:42.046522,25.65688620185852,4.34894871711731
1755158862.0481603,2025-08-14 10:07:42.048160,25.6569069442749,4.350586652755737
1755158862.0497785,2025-08-14 10:07:42.049778,25.656950336456298,4.3522047996521
1755158862.0513806,2025-08-14 10:07:42.051381,25.656972986221312,4.353806972503662
1755158862.0529604,2025-08-14 10:07:42.052960,25.656998497009276,4.355386734008789
1755158862.054493,2025-08-14 10:07:42.054493,25.657024484634398,4.356919288635254
1755158862.0560143,2025-08-14 10:07:42.056014,25.657046180725096,4.358440637588501
1755158862.0574937,2025-08-14 10:07:42.057494,25.657067399978637,4.359920024871826
1755158862.0589702,2025-08-14 10:07:42.058970,25.657088619232177,4.361396551132202
1755158862.060429,2025-08-14 10:07:42.060429,25.65710912322998,4.362855434417725
1755158862.0618474,2025-08-14 10:07:42.061847,25.657132249832152,4.3642737865448
1755158862.0632577,2025-08-14 10:07:42.063258,25.657152515411376,4.3656840324401855
1755158862.0646358,2025-08-14 10:07:42.064636,25.6571727809906,4.367062091827393
1755158862.0659955,2025-08-14 10:07:42.065995,25.657193284988402,4.368421792984009
1755158862.0673265,2025-08-14 10:07:42.067327,25.657213788986205,4.369752883911133
1755158862.0686333,2025-08-14 10:07:42.068633,25.65723405456543,4.3710596561431885
1755158862.069922,2025-08-14 10:07:42.069922,25.918479448098495,4.372348308563232
1755158862.0710502,2025-08-14 10:07:42.071050,25.919479448098496,4.373476505279541
1755158862.0734859,2025-08-14 10:07:42.073486,25.919111103057862,4.375912189483643
1755158862.0758672,2025-08-14 10:07:42.075867,25.919157833099366,4.378293514251709
1755158862.0781991,2025-08-14 10:07:42.078199,25.919185251235962,4.380625486373901
1755158862.0805287,2025-08-14 10:07:42.080529,25.919209093093873,4.382955074310303
1755158862.0828211,2025-08-14 10:07:42.082821,25.91923365020752,4.385247468948364
1755158862.0850632,2025-08-14 10:07:42.085063,25.919258207321167,4.387489557266235
1755158862.087286,2025-08-14 10:07:42.087286,25.91928133392334,4.389712333679199
1755158862.0894656,2025-08-14 10:07:42.089466,25.919309705734253,4.391891956329346
1755158862.0916328,2025-08-14 10:07:42.091633,25.919468969345093,4.394059181213379
1755158862.0937815,2025-08-14 10:07:42.093781,25.919496864318848,4.396207809448242
1755158862.0959308,2025-08-14 10:07:42.095931,25.919522375106812,4.398357152938843
1755158862.098038,2025-08-14 10:07:42.098038,25.919545740127564,4.400464296340942
1755158862.1001372,2025-08-14 10:07:42.100137,25.919568151474,4.402563571929932
1755158862.1021993,2025-08-14 10:07:42.102199,25.919591039657593,4.404625654220581
1755158862.1042697,2025-08-14 10:07:42.104270,25.91961345100403,4.406696081161499
1755158862.1062858,2025-08-14 10:07:42.106286,25.91963920021057,4.408712148666382
1755158862.10829,2025-08-14 10:07:42.108290,25.919661849975586,4.41071629524231
1755158862.1102638,2025-08-14 10:07:42.110264,25.919684261322022,4.412690162658691
1755158862.1122248,2025-08-14 10:07:42.112225,25.91970571899414,4.414651155471802
1755158862.1141324,2025-08-14 10:07:42.114132,25.91972693824768,4.416558742523193
1755158862.1160653,2025-08-14 10:07:42.116065,25.91974815750122,4.41849160194397
1755158862.117942,2025-08-14 10:07:42.117942,25.919770330429078,4.420368432998657
1755158862.1198044,2025-08-14 10:07:42.119804,25.919792026519776,4.4222307205200195
1755158862.1216383,2025-08-14 10:07:42.121638,25.919818967819214,4.424064636230469
1755158862.123456,2025-08-14 10:07:42.123456,25.91984137916565,4.425882339477539
1755158862.1252446,2025-08-14 10:07:42.125245,25.91986259841919,4.427670955657959
1755158862.1270103,2025-08-14 10:07:42.127010,25.91988381767273,4.429436683654785
1755158862.1287549,2025-08-14 10:07:42.128755,25.91990479850769,4.431181192398071
1755158862.1304765,2025-08-14 10:07:42.130476,25.91992649459839,4.432902812957764
1755158862.1321876,2025-08-14 10:07:42.132188,25.919952005386353,4.434613943099976
1755158862.1338603,2025-08-14 10:07:42.133860,25.91997393989563,4.436286687850952
1755158862.1355307,2025-08-14 10:07:42.135531,25.91999539756775,4.437957048416138
1755158862.137168,2025-08-14 10:07:42.137168,25.92001613998413,4.439594268798828
1755158862.1387985,2025-08-14 10:07:42.138798,25.92003735923767,4.441224813461304
1755158862.140404,2025-08-14 10:07:42.140404,25.920057386398316,4.442830324172974
1755158862.1419718,2025-08-14 10:07:42.141972,25.92007741355896,4.4443981647491455
1755158862.1435366,2025-08-14 10:07:42.143537,25.920097679138184,4.445962905883789
1755158862.1450574,2025-08-14 10:07:42.145057,25.920118183135987,4.447483777999878
1755158862.146554,2025-08-14 10:07:42.146554,25.92013868713379,4.448980331420898
1755158862.1480467,2025-08-14 10:07:42.148047,25.920161336898804,4.450473070144653
1755158862.1495123,2025-08-14 10:07:42.149512,25.920182079315186,4.451938629150391
1755158862.150958,2025-08-14 10:07:42.150958,25.92020234489441,4.4533843994140625
1755158862.1523738,2025-08-14 10:07:42.152374,25.920222610473633,4.454800128936768
1755158862.153766,2025-08-14 10:07:42.153766,25.920246690750123,4.456192255020142
1755158862.1551487,2025-08-14 10:07:42.155149,25.920270055770875,4.457575082778931
1755158862.1565025,2025-08-14 10:07:42.156502,25.920291036605835,4.458928823471069
1755158862.1578383,2025-08-14 10:07:42.157838,25.920312255859375,4.460264682769775
1755158862.1591468,2025-08-14 10:07:42.159147,25.920332998275757,4.461573123931885
1755158862.1604285,2025-08-14 10:07:42.160429,25.92035326385498,4.462854862213135
1755158862.1617072,2025-08-14 10:07:42.161707,26.16537925461143,4.4641335010528564
1755158862.1628141,2025-08-14 10:07:42.162814,26.16637925461143,4.465240478515625
1755158862.165065,2025-08-14 10:07:42.165065,26.166110387802124,4.467491388320923
1755158862.1674342,2025-08-14 10:07:42.167434,26.166149250030518,4.469860553741455
1755158862.1697583,2025-08-14 10:07:42.169758,26.16617809867859,4.472184658050537
1755158862.1720603,2025-08-14 10:07:42.172060,26.16620694732666,4.474486589431763
1755158862.1743286,2025-08-14 10:07:42.174329,26.166232219696045,4.476754903793335
1755158862.1765664,2025-08-14 10:07:42.176566,26.16625749206543,4.478992700576782
1755158862.1787827,2025-08-14 10:07:42.178783,26.16628133392334,4.48120903968811
1755158862.1809583,2025-08-14 10:07:42.180958,26.166307083129883,4.483384609222412
1755158862.1831486,2025-08-14 10:07:42.183149,26.16632949447632,4.485574960708618
1755158862.1852956,2025-08-14 10:07:42.185296,26.166351428985596,4.487721920013428
1755158862.1874206,2025-08-14 10:07:42.187421,26.166373363494873,4.48984694480896
1755158862.1895225,2025-08-14 10:07:42.189523,26.16639529800415,4.491948843002319
1755158862.1916163,2025-08-14 10:07:42.191616,26.16641699409485,4.494042634963989
1755158862.1936722,2025-08-14 10:07:42.193672,26.166438690185547,4.496098518371582
1755158862.1957204,2025-08-14 10:07:42.195720,26.16645943260193,4.4981467723846436
1755158862.197728,2025-08-14 10:07:42.197728,26.166481367111206,4.500154256820679
1755158862.1997116,2025-08-14 10:07:42.199712,26.16650210952759,4.502137899398804
1755158862.2016773,2025-08-14 10:07:42.201677,26.16652523612976,4.504103660583496
1755158862.2036297,2025-08-14 10:07:42.203630,26.16654669380188,4.506056070327759
1755158862.2055297,2025-08-14 10:07:42.205530,26.16657077407837,4.507956027984619
1755158862.2074358,2025-08-14 10:07:42.207436,26.16659199333191,4.509862184524536
1755158862.209311,2025-08-14 10:07:42.209311,26.16661583518982,4.51173734664917
1755158862.2111645,2025-08-14 10:07:42.211164,26.16663729286194,4.5135908126831055
1755158862.2129886,2025-08-14 10:07:42.212989,26.1666582736969,4.5154149532318115
1755158862.2147958,2025-08-14 10:07:42.214796,26.16667925453186,4.517222166061401
1755158862.2165933,2025-08-14 10:07:42.216593,26.16670095062256,4.519019603729248
1755158862.2183483,2025-08-14 10:07:42.218348,26.16672193145752,4.520774602890015
1755158862.2200832,2025-08-14 10:07:42.220083,26.166742435455323,4.522509574890137
1755158862.2218056,2025-08-14 10:07:42.221806,26.166763177871704,4.524231910705566
1755158862.2235074,2025-08-14 10:07:42.223507,26.166783920288086,4.525933742523193
1755158862.225172,2025-08-14 10:07:42.225172,26.166804662704468,4.5275983810424805
1755158862.2268205,2025-08-14 10:07:42.226820,26.16682540512085,4.529246807098389
1755158862.2284489,2025-08-14 10:07:42.228449,26.166845670700074,4.530875205993652
1755158862.2300406,2025-08-14 10:07:42.230041,26.166866651535035,4.532466888427734
1755158862.231631,2025-08-14 10:07:42.231631,26.166887870788575,4.534057378768921
1755158862.233196,2025-08-14 10:07:42.233196,26.166912189483643,4.5356223583221436
1755158862.2347524,2025-08-14 10:07:42.234752,26.166938177108765,4.5371787548065186
1755158862.236268,2025-08-14 10:07:42.236268,26.166961542129517,4.538694381713867
1755158862.2377496,2025-08-14 10:07:42.237750,26.166983476638794,4.540175914764404
1755158862.239222,2025-08-14 10:07:42.239222,26.167004934310913,4.5416483879089355
1755158862.2406557,2025-08-14 10:07:42.240656,26.167026153564453,4.543081998825073
1755158862.2420666,2025-08-14 10:07:42.242067,26.16704856491089,4.544492959976196
1755158862.2434673,2025-08-14 10:07:42.243467,26.167070022583008,4.545893669128418
1755158862.2448316,2025-08-14 10:07:42.244832,26.167091241836548,4.547257900238037
1755158862.2461865,2025-08-14 10:07:42.246186,26.16711222267151,4.548612833023071
1755158862.2475133,2025-08-14 10:07:42.247513,26.16713296508789,4.5499396324157715
1755158862.248811,2025-08-14 10:07:42.248811,26.167153469085694,4.551237344741821
1755158862.250071,2025-08-14 10:07:42.250071,26.167174449920655,4.552497386932373
1755158862.2513275,2025-08-14 10:07:42.251328,26.167194953918457,4.553753852844238
1755158862.2525902,2025-08-14 10:07:42.252590,26.780831340810348,4.55501651763916
1755158862.2550807,2025-08-14 10:07:42.255081,26.781240325927733,4.557507038116455
1755158862.2574441,2025-08-14 10:07:42.257444,26.781281810760497,4.559870481491089
1755158862.2597702,2025-08-14 10:07:42.259770,26.78130970573425,4.562196493148804
1755158862.2620537,2025-08-14 10:07:42.262054,26.781334739685057,4.5644800662994385
1755158862.2643125,2025-08-14 10:07:42.264313,26.781359535217284,4.566738843917847
1755158862.2665195,2025-08-14 10:07:42.266520,26.781382900238036,4.56894588470459
1755158862.268735,2025-08-14 10:07:42.268735,26.78140578842163,4.571161270141602
1755158862.2709131,2025-08-14 10:07:42.270913,26.781428199768065,4.573339462280273
1755158862.2730517,2025-08-14 10:07:42.273052,26.781449657440184,4.5754780769348145
1755158862.2751846,2025-08-14 10:07:42.275185,26.781473976135253,4.577610969543457
1755158862.2772713,2025-08-14 10:07:42.277271,26.781496864318846,4.579697608947754
1755158862.2793472,2025-08-14 10:07:42.279347,26.781519275665282,4.581773519515991
1755158862.2813985,2025-08-14 10:07:42.281399,26.781541687011718,4.583824872970581
1755158862.2834325,2025-08-14 10:07:42.283432,26.781563383102416,4.5858588218688965
1755158862.2854548,2025-08-14 10:07:42.285455,26.781589609146117,4.587881088256836
1755158862.2874494,2025-08-14 10:07:42.287449,26.78161273574829,4.5898756980896
1755158862.2894056,2025-08-14 10:07:42.289406,26.781637292861937,4.591831922531128
1755158862.291351,2025-08-14 10:07:42.291351,26.781659465789794,4.593777418136597
1755158862.2932677,2025-08-14 10:07:42.293268,26.781680923461913,4.595694065093994
1755158862.2951727,2025-08-14 10:07:42.295173,26.781702142715453,4.597599029541016
1755158862.297032,2025-08-14 10:07:42.297032,26.781725269317626,4.599458456039429
1755158862.298883,2025-08-14 10:07:42.298883,26.781746726989745,4.601309299468994
1755158862.3007054,2025-08-14 10:07:42.300705,26.781767707824706,4.6031317710876465
1755158862.3025095,2025-08-14 10:07:42.302510,26.781788927078246,4.604935884475708
1755158862.304286,2025-08-14 10:07:42.304286,26.781810146331786,4.606712341308594
1755158862.3060453,2025-08-14 10:07:42.306045,26.781833988189696,4.608471632003784
1755158862.3077714,2025-08-14 10:07:42.307771,26.781855207443236,4.6101977825164795
1755158862.3094702,2025-08-14 10:07:42.309470,26.78187571144104,4.611896514892578
1755158862.311178,2025-08-14 10:07:42.311178,26.78189955329895,4.613604307174683
1755158862.312855,2025-08-14 10:07:42.312855,26.781921249389647,4.615281343460083
1755158862.3145025,2025-08-14 10:07:42.314502,26.781942230224608,4.616928815841675
1755158862.3161342,2025-08-14 10:07:42.316134,26.78196297264099,4.618560552597046
1755158862.3177402,2025-08-14 10:07:42.317740,26.781983715057372,4.620166540145874
1755158862.3193157,2025-08-14 10:07:42.319316,26.782007080078124,4.621742010116577
1755158862.3208728,2025-08-14 10:07:42.320873,26.782027822494506,4.6232991218566895
1755158862.3224034,2025-08-14 10:07:42.322403,26.78204784965515,4.6248297691345215
1755158862.3239324,2025-08-14 10:07:42.323932,26.782068592071532,4.6263587474823
1755158862.3254254,2025-08-14 10:07:42.325425,26.782088857650756,4.627851724624634
1755158862.326909,2025-08-14 10:07:42.326909,26.78210936164856,4.629335403442383
1755158862.328349,2025-08-14 10:07:42.328349,26.78213248825073,4.630775451660156
1755158862.329807,2025-08-14 10:07:42.329807,26.78215370750427,4.632233381271362
1755158862.331225,2025-08-14 10:07:42.331225,26.782174211502074,4.633651256561279
1755158862.3326066,2025-08-14 10:07:42.332607,26.782197576522826,4.635032892227173
1755158862.333956,2025-08-14 10:07:42.333956,26.78221784210205,4.636382341384888
1755158862.3353045,2025-08-14 10:07:42.335304,26.782237869262694,4.637730836868286
1755158862.3366103,2025-08-14 10:07:42.336610,26.78226504898071,4.639036655426025
1755158862.3378963,2025-08-14 10:07:42.337896,26.782288652420043,4.640322685241699
1755158862.3391755,2025-08-14 10:07:42.339175,26.782309156417845,4.641601800918579
1755158862.340405,2025-08-14 10:07:42.340405,26.782329660415648,4.642831325531006
1755158862.3416407,2025-08-14 10:07:42.341641,27.123014111967894,4.644067049026489
1755158862.3427124,2025-08-14 10:07:42.342712,27.124014111967895,4.645138740539551
1755158862.3449528,2025-08-14 10:07:42.344953,27.12410323524475,4.647379159927368
1755158862.3472822,2025-08-14 10:07:42.347282,27.124141382217406,4.64970850944519
1755158862.3495858,2025-08-14 10:07:42.349586,27.12416975402832,4.65201210975647
1755158862.351861,2025-08-14 10:07:42.351861,27.12419574165344,4.654287338256836
1755158862.3541012,2025-08-14 10:07:42.354101,27.12421958351135,4.656527519226074
1755158862.3563106,2025-08-14 10:07:42.356311,27.124244379043578,4.658736944198608
1755158862.358482,2025-08-14 10:07:42.358482,27.124273704528807,4.660908222198486
1755158862.3606443,2025-08-14 10:07:42.360644,27.1242965927124,4.6630706787109375
1755158862.3627968,2025-08-14 10:07:42.362797,27.124318765640258,4.665223121643066
1755158862.3648984,2025-08-14 10:07:42.364898,27.12434165382385,4.667324781417847
1755158862.3669896,2025-08-14 10:07:42.366990,27.124367879867552,4.6694159507751465
1755158862.3691647,2025-08-14 10:07:42.369165,27.124390529632567,4.67159104347229
1755158862.371228,2025-08-14 10:07:42.371228,27.124412702560424,4.673654317855835
1755158862.373257,2025-08-14 10:07:42.373257,27.124434398651122,4.675683259963989
1755158862.3752737,2025-08-14 10:07:42.375274,27.124455617904662,4.677700042724609
1755158862.377255,2025-08-14 10:07:42.377255,27.124476121902465,4.679681301116943
1755158862.3792078,2025-08-14 10:07:42.379208,27.124496625900267,4.681634187698364
1755158862.3811257,2025-08-14 10:07:42.381126,27.12451760673523,4.683552026748657
1755158862.3830392,2025-08-14 10:07:42.383039,27.124541687011718,4.685465574264526
1755158862.384921,2025-08-14 10:07:42.384921,27.1245624294281,4.687347412109375
1755158862.386782,2025-08-14 10:07:42.386782,27.124584840774535,4.689208269119263
1755158862.3886178,2025-08-14 10:07:42.388618,27.124607967376708,4.691044092178345
1755158862.3904302,2025-08-14 10:07:42.390430,27.124629663467406,4.692856550216675
1755158862.392243,2025-08-14 10:07:42.392243,27.124650882720946,4.694669246673584
1755158862.3940017,2025-08-14 10:07:42.394002,27.12467090988159,4.696428060531616
1755158862.3957777,2025-08-14 10:07:42.395778,27.12469737434387,4.698204040527344
1755158862.3975012,2025-08-14 10:07:42.397501,27.124731229782103,4.699927568435669
1755158862.3992128,2025-08-14 10:07:42.399213,27.124754833221434,4.701639175415039
1755158862.40089,2025-08-14 10:07:42.400890,27.124776529312133,4.7033164501190186
1755158862.4025433,2025-08-14 10:07:42.402543,27.124797271728514,4.704969644546509
1755158862.4041917,2025-08-14 10:07:42.404192,27.124818014144896,4.706618070602417
1755158862.4058008,2025-08-14 10:07:42.405801,27.12484066390991,4.708227157592773
1755158862.4074032,2025-08-14 10:07:42.407403,27.124861644744872,4.709829568862915
1755158862.4089699,2025-08-14 10:07:42.408970,27.124890731811522,4.711396217346191
1755158862.4105258,2025-08-14 10:07:42.410526,27.124913143157958,4.712952136993408
1755158862.4120548,2025-08-14 10:07:42.412055,27.124935316085814,4.7144811153411865
1755158862.413572,2025-08-14 10:07:42.413572,27.12495748901367,4.715998411178589
1755158862.4150681,2025-08-14 10:07:42.415068,27.12497870826721,4.717494487762451
1755158862.416534,2025-08-14 10:07:42.416534,27.12499992752075,4.718960285186768
1755158862.4179604,2025-08-14 10:07:42.417960,27.125024484634398,4.720386743545532
1755158862.4193907,2025-08-14 10:07:42.419391,27.125045942306517,4.7218170166015625
1755158862.4207792,2025-08-14 10:07:42.420779,27.125067638397216,4.72320556640625
1755158862.4221365,2025-08-14 10:07:42.422137,27.125091480255126,4.724562883377075
1755158862.4234898,2025-08-14 10:07:42.423490,27.125113176345824,4.725916147232056
1755158862.4248135,2025-08-14 10:07:42.424814,27.125134634017943,4.7272398471832275
1755158862.4261076,2025-08-14 10:07:42.426108,27.125155138015746,4.728533983230591
1755158862.4273913,2025-08-14 10:07:42.427391,27.125176118850707,4.729817628860474
1755158862.4286408,2025-08-14 10:07:42.428641,27.12519686126709,4.731067180633545
1755158862.429856,2025-08-14 10:07:42.429856,27.125220703125,4.732282400131226
1755158862.4310956,2025-08-14 10:07:42.431096,27.14473808323507,4.733521938323975
1755158862.4333873,2025-08-14 10:07:42.433387,27.145104188919067,4.735813617706299
1755158862.435692,2025-08-14 10:07:42.435692,27.14514090538025,4.738118410110474
1755158862.4379518,2025-08-14 10:07:42.437952,27.14516927719116,4.740378141403198
1755158862.4401896,2025-08-14 10:07:42.440190,27.14519407272339,4.7426159381866455
1755158862.4423883,2025-08-14 10:07:42.442388,27.14521743774414,4.74481463432312
1755158862.4445417,2025-08-14 10:07:42.444542,27.145245332717895,4.746968030929565
1755158862.4466882,2025-08-14 10:07:42.446688,27.145269174575805,4.749114513397217
1755158862.4487982,2025-08-14 10:07:42.448798,27.14529182434082,4.751224517822266
1755158862.4508994,2025-08-14 10:07:42.450899,27.145314235687255,4.753325700759888
1755158862.4529748,2025-08-14 10:07:42.452975,27.14533688545227,4.755401134490967
1755158862.4550428,2025-08-14 10:07:42.455043,27.145359535217285,4.757469177246094
1755158862.4570522,2025-08-14 10:07:42.457052,27.145381469726562,4.759478569030762
1755158862.459056,2025-08-14 10:07:42.459056,27.14540316581726,4.761482238769531
1755158862.4610322,2025-08-14 10:07:42.461032,27.145425338745117,4.763458490371704
1755158862.4630084,2025-08-14 10:07:42.463008,27.14544822692871,4.765434741973877
1755158862.4649546,2025-08-14 10:07:42.464955,27.14546968460083,4.767380952835083
1755158862.4668844,2025-08-14 10:07:42.466884,27.14549090385437,4.769310712814331
1755158862.4687674,2025-08-14 10:07:42.468767,27.14551236152649,4.771193742752075
1755158862.4706447,2025-08-14 10:07:42.470645,27.14553334236145,4.773071050643921
1755158862.4724953,2025-08-14 10:07:42.472495,27.14555432319641,4.774921655654907
1755158862.474314,2025-08-14 10:07:42.474314,27.14557554244995,4.776740312576294
1755158862.4761236,2025-08-14 10:07:42.476124,27.14559652328491,4.778549909591675
1755158862.4779034,2025-08-14 10:07:42.477903,27.145619888305664,4.780329704284668
1755158862.4796703,2025-08-14 10:07:42.479670,27.145641107559204,4.78209662437439
1755158862.4814188,2025-08-14 10:07:42.481419,27.145662565231323,4.7838451862335205
1755158862.4831457,2025-08-14 10:07:42.483146,27.14568759918213,4.785572052001953
1755158862.484841,2025-08-14 10:07:42.484841,27.14570881843567,4.787267446517944
1755158862.4865053,2025-08-14 10:07:42.486505,27.145730514526367,4.788931608200073
1755158862.4881666,2025-08-14 10:07:42.488167,27.14575125694275,4.790592908859253
1755158862.4897866,2025-08-14 10:07:42.489787,27.14577223777771,4.792212963104248
1755158862.491407,2025-08-14 10:07:42.491407,27.14579369544983,4.793833255767822
1755158862.492988,2025-08-14 10:07:42.492988,27.14581467628479,4.795414447784424
1755158862.4945488,2025-08-14 10:07:42.494549,27.145835180282592,4.796975135803223
1755158862.4960897,2025-08-14 10:07:42.496090,27.145858783721923,4.798516035079956
1755158862.497592,2025-08-14 10:07:42.497592,27.145879764556884,4.800018310546875
1755158862.4990861,2025-08-14 10:07:42.499086,27.145900983810424,4.8015124797821045
1755158862.5005713,2025-08-14 10:07:42.500571,27.145921487808227,4.802997589111328
1755158862.502023,2025-08-14 10:07:42.502023,27.14594223022461,4.8044493198394775
1755158862.5034714,2025-08-14 10:07:42.503471,27.14596559524536,4.8058977127075195
1755158862.5048718,2025-08-14 10:07:42.504872,27.145989198684692,4.807298183441162
1755158862.5062528,2025-08-14 10:07:42.506253,27.146010417938232,4.808679103851318
1755158862.5076144,2025-08-14 10:07:42.507614,27.14603783607483,4.810040712356567
1755158862.508957,2025-08-14 10:07:42.508957,27.14605905532837,4.811383247375488
1755158862.5102623,2025-08-14 10:07:42.510262,27.14608027458191,4.812688589096069
1755158862.5115764,2025-08-14 10:07:42.511576,27.146102209091186,4.814002752304077
1755158862.5128567,2025-08-14 10:07:42.512857,27.14612533569336,4.8152830600738525
1755158862.5140934,2025-08-14 10:07:42.514093,27.1461465549469,4.816519737243652
1755158862.5153384,2025-08-14 10:07:42.515338,27.14616753578186,4.817764759063721
1755158862.5165396,2025-08-14 10:07:42.516540,27.146188039779663,4.818965911865234
1755158862.5177417,2025-08-14 10:07:42.517742,28.962295325843595,4.8201680183410645
1755158862.5187712,2025-08-14 10:07:42.518771,28.963295325843596,4.821197509765625
1755158862.5211248,2025-08-14 10:07:42.521125,28.96310681152344,4.823551177978516
1755158862.5234284,2025-08-14 10:07:42.523428,28.963150680541993,4.825854778289795
1755158862.5256596,2025-08-14 10:07:42.525660,28.96317809867859,4.828085899353027
1755158862.5278673,2025-08-14 10:07:42.527867,28.963203371047975,4.830293655395508
1755158862.5300374,2025-08-14 10:07:42.530037,28.963227689743043,4.83246374130249
1755158862.5321882,2025-08-14 10:07:42.532188,28.96325224685669,4.834614515304565
1755158862.5342987,2025-08-14 10:07:42.534299,28.96327585029602,4.8367249965667725
1755158862.5364072,2025-08-14 10:07:42.536407,28.963298261642457,4.838833570480347
1755158862.5384874,2025-08-14 10:07:42.538487,28.963319957733155,4.840913772583008
1755158862.5405633,2025-08-14 10:07:42.540563,28.963343322753907,4.842989683151245
1755158862.5426044,2025-08-14 10:07:42.542604,28.96336692619324,4.845030784606934
1755158862.5446389,2025-08-14 10:07:42.544639,28.963388860702516,4.847065210342407
1755158862.5466359,2025-08-14 10:07:42.546636,28.963410318374635,4.849062204360962
1755158862.5486252,2025-08-14 10:07:42.548625,28.963431776046754,4.851051568984985
1755158862.5505729,2025-08-14 10:07:42.550573,28.963452756881715,4.852999210357666
1755158862.552508,2025-08-14 10:07:42.552508,28.963473737716676,4.854934453964233
1755158862.5543969,2025-08-14 10:07:42.554397,28.963494480133058,4.856823205947876
1755158862.5562742,2025-08-14 10:07:42.556274,28.963516414642335,4.858700513839722
1755158862.558115,2025-08-14 10:07:42.558115,28.963537157058717,4.860541343688965
1755158862.5599468,2025-08-14 10:07:42.559947,28.963558614730836,4.862373113632202
1755158862.5617518,2025-08-14 10:07:42.561752,28.963579833984376,4.86417818069458
1755158862.563552,2025-08-14 10:07:42.563552,28.963600814819337,4.865978240966797
1755158862.5653121,2025-08-14 10:07:42.565312,28.963622510910035,4.867738485336304
1755158862.5670555,2025-08-14 10:07:42.567055,28.96364492225647,4.869481801986694
1755158862.5687714,2025-08-14 10:07:42.568771,28.963667810440064,4.871197700500488
1755158862.570457,2025-08-14 10:07:42.570457,28.96369546699524,4.872883319854736
1755158862.5721407,2025-08-14 10:07:42.572141,28.963717878341676,4.874567031860352
1755158862.573787,2025-08-14 10:07:42.573787,28.963742435455323,4.876213312149048
1755158862.5754378,2025-08-14 10:07:42.575438,28.963765800476075,4.877864122390747
1755158862.5770333,2025-08-14 10:07:42.577033,28.96378821182251,4.879459619522095
1755158862.5786192,2025-08-14 10:07:42.578619,28.963810146331788,4.881045579910278
1755158862.5801723,2025-08-14 10:07:42.580172,28.963832557678224,4.882598638534546
1755158862.5817146,2025-08-14 10:07:42.581715,28.963854015350343,4.884140968322754
1755158862.583239,2025-08-14 10:07:42.583239,28.96388620185852,4.885665416717529
1755158862.5847232,2025-08-14 10:07:42.584723,28.963909328460694,4.8871495723724365
1755158862.5861924,2025-08-14 10:07:42.586192,28.96406954574585,4.88861870765686
1755158862.5877113,2025-08-14 10:07:42.587711,28.964104831695558,4.890137672424316
1755158862.5891798,2025-08-14 10:07:42.589180,28.964128911972047,4.891606092453003
1755158862.5905907,2025-08-14 10:07:42.590591,28.964150846481324,4.893017053604126
1755158862.5919807,2025-08-14 10:07:42.591981,28.964177072525025,4.894407033920288
1755158862.5933483,2025-08-14 10:07:42.593348,28.964199245452882,4.895774602890015
1755158862.59469,2025-08-14 10:07:42.594690,28.96422141838074,4.897116422653198
1755158862.5960038,2025-08-14 10:07:42.596004,28.9642423992157,4.898430109024048
1755158862.5972908,2025-08-14 10:07:42.597291,28.96426338005066,4.899717092514038
1755158862.5985565,2025-08-14 10:07:42.598557,28.9642845993042,4.900982856750488
1755158862.599832,2025-08-14 10:07:42.599832,28.964305103302003,4.902258396148682
1755158862.6010566,2025-08-14 10:07:42.601057,28.964325845718385,4.903482913970947
1755158862.602262,2025-08-14 10:07:42.602262,28.964349925994874,4.904688358306885
1755158862.6034598,2025-08-14 10:07:42.603460,28.96437209892273,4.905886173248291
1755158862.604631,2025-08-14 10:07:42.604631,29.77524981548758,4.907057285308838
1755158862.6056325,2025-08-14 10:07:42.605633,29.77624981548758,4.9080588817596436
1755158862.6077638,2025-08-14 10:07:42.607764,29.776102519989013,4.910190105438232
1755158862.6100247,2025-08-14 10:07:42.610025,29.77614066696167,4.9124510288238525
1755158862.61227,2025-08-14 10:07:42.612270,29.77617261505127,4.914696455001831
1755158862.614467,2025-08-14 10:07:42.614467,29.776198125839233,4.916893243789673
1755158862.616637,2025-08-14 10:07:42.616637,29.776221729278564,4.919063329696655
1755158862.6187806,2025-08-14 10:07:42.618781,29.776245571136474,4.921206951141357
1755158862.6208863,2025-08-14 10:07:42.620886,29.776269651412964,4.923312664031982
1755158862.6229756,2025-08-14 10:07:42.622976,29.7762920627594,4.925401926040649
1755158862.6250336,2025-08-14 10:07:42.625034,29.776313758850097,4.927459955215454
1755158862.627072,2025-08-14 10:07:42.627072,29.776335454940796,4.9294984340667725
1755158862.6290767,2025-08-14 10:07:42.629077,29.776357151031494,4.931503057479858
1755158862.63107,2025-08-14 10:07:42.631070,29.77638242340088,4.9334962368011475
1755158862.6330276,2025-08-14 10:07:42.633028,29.77640626525879,4.93545389175415
1755158862.6349838,2025-08-14 10:07:42.634984,29.77642748451233,4.937410116195679
1755158862.6369085,2025-08-14 10:07:42.636909,29.776449180603027,4.939334869384766
1755158862.6388206,2025-08-14 10:07:42.638821,29.776470161437988,4.94124698638916
1755158862.6406846,2025-08-14 10:07:42.640685,29.77649090385437,4.943110942840576
1755158862.6425366,2025-08-14 10:07:42.642537,29.77651164627075,4.944962978363037
1755158862.644362,2025-08-14 10:07:42.644362,29.776532627105713,4.946788311004639
1755158862.6461558,2025-08-14 10:07:42.646156,29.776552892684936,4.948582172393799
1755158862.6479445,2025-08-14 10:07:42.647944,29.776573635101318,4.950370788574219
1755158862.6497056,2025-08-14 10:07:42.649706,29.776593900680542,4.952131986618042
1755158862.6514509,2025-08-14 10:07:42.651451,29.776614404678345,4.953877210617065
1755158862.6531522,2025-08-14 10:07:42.653152,29.77663443183899,4.955578565597534
1755158862.6548524,2025-08-14 10:07:42.654852,29.776666856765747,4.957278728485107
1755158862.6565223,2025-08-14 10:07:42.656522,29.77669212913513,4.958948612213135
1755158862.6581616,2025-08-14 10:07:42.658162,29.77671406364441,4.960587978363037
1755158862.659808,2025-08-14 10:07:42.659808,29.776735998153686,4.962234258651733
1755158862.6614094,2025-08-14 10:07:42.661409,29.776760316848755,4.963835716247559
1755158862.6629972,2025-08-14 10:07:42.662997,29.776781297683716,4.965423583984375
1755158862.6645558,2025-08-14 10:07:42.664556,29.776802278518677,4.966982126235962
1755158862.6660912,2025-08-14 10:07:42.666091,29.77682302093506,4.968517541885376
1755158862.6676176,2025-08-14 10:07:42.667618,29.77684400177002,4.970043897628784
1755158862.6691175,2025-08-14 10:07:42.669117,29.776868320465088,4.971543788909912
1755158862.6705883,2025-08-14 10:07:42.670588,29.776889539718628,4.97301459312439
1755158862.6720824,2025-08-14 10:07:42.672082,29.77691028213501,4.974508762359619
1755158862.6735218,2025-08-14 10:07:42.673522,29.77693126296997,4.975948095321655
1755158862.6749535,2025-08-14 10:07:42.674953,29.776952005386352,4.97737979888916
1755158862.6763413,2025-08-14 10:07:42.676341,29.776972032546997,4.97876763343811
1755158862.6777167,2025-08-14 10:07:42.677717,29.77699205970764,4.980143070220947
1755158862.6790652,2025-08-14 10:07:42.679065,29.777015186309814,4.981491565704346
1755158862.6803849,2025-08-14 10:07:42.680385,29.777036882400512,4.982811212539673
1755158862.681685,2025-08-14 10:07:42.681685,29.777057386398315,4.984111309051514
1755158862.6829655,2025-08-14 10:07:42.682966,29.777078128814697,4.985391855239868
1755158862.6842334,2025-08-14 10:07:42.684233,29.777101732254028,4.98665976524353
1755158862.6854656,2025-08-14 10:07:42.685466,29.77712247467041,4.987891912460327
1755158862.6866882,2025-08-14 10:07:42.686688,29.777143217086792,4.98911452293396
1755158862.6878724,2025-08-14 10:07:42.687872,29.777163959503174,4.990298748016357
1755158862.6890335,2025-08-14 10:07:42.689034,29.777184701919555,4.991459846496582
1755158862.6901994,2025-08-14 10:07:42.690199,30.803294689124126,4.992625713348389
1755158862.6911964,2025-08-14 10:07:42.691196,30.804294689124127,4.993622779846191
1755158862.6939056,2025-08-14 10:07:42.693906,30.80410871887207,4.9963319301605225
1755158862.6961808,2025-08-14 10:07:42.696181,30.804148773193358,4.998607158660889
1755158862.6984088,2025-08-14 10:07:42.698409,30.80417738342285,5.000835180282593
1755158862.7007163,2025-08-14 10:07:42.700716,30.804202417373656,5.003142595291138
1755158862.7029104,2025-08-14 10:07:42.702910,30.804229835510252,5.005336761474609
1755158862.7050364,2025-08-14 10:07:42.705036,30.80425391578674,5.007462739944458
1755158862.7071266,2025-08-14 10:07:42.707127,30.804277042388915,5.009552955627441
1755158862.7091935,2025-08-14 10:07:42.709193,30.80429945373535,5.011619806289673
1755158862.711264,2025-08-14 10:07:42.711264,30.80432353401184,5.013690233230591
1755158862.7132804,2025-08-14 10:07:42.713280,30.804346183776854,5.015706777572632
1755158862.715292,2025-08-14 10:07:42.715292,30.804367879867552,5.017718315124512
1755158862.7172625,2025-08-14 10:07:42.717263,30.804389099121092,5.019688844680786
1755158862.7192209,2025-08-14 10:07:42.719221,30.804409364700316,5.021647214889526
1755158862.7211545,2025-08-14 10:07:42.721154,30.804430345535277,5.02358078956604
1755158862.72307,2025-08-14 10:07:42.723070,30.80445084953308,5.025496244430542
1755158862.724942,2025-08-14 10:07:42.724942,30.804471115112303,5.0273683071136475
1755158862.7268043,2025-08-14 10:07:42.726804,30.804491142272948,5.02923059463501
1755158862.7286327,2025-08-14 10:07:42.728633,30.80451188468933,5.03105902671814
1755158862.7304416,2025-08-14 10:07:42.730442,30.80453548812866,5.032867908477783
1755158862.7322466,2025-08-14 10:07:42.732247,30.80455646896362,5.034672975540161
1755158862.7340136,2025-08-14 10:07:42.734014,30.804577211380003,5.036439895629883
1755158862.7357597,2025-08-14 10:07:42.735760,30.804598192214964,5.038186073303223
1755158862.7374883,2025-08-14 10:07:42.737488,30.804618696212767,5.039914608001709
1755158862.739196,2025-08-14 10:07:42.739196,30.80463920021057,5.0416224002838135
1755158862.7408695,2025-08-14 10:07:42.740870,30.804671625137328,5.043295860290527
1755158862.7425194,2025-08-14 10:07:42.742519,30.804693798065184,5.04494571685791
1755158862.744152,2025-08-14 10:07:42.744152,30.805234531402586,5.046578407287598
1755158862.7457519,2025-08-14 10:07:42.745752,30.805276731491087,5.048178195953369
1755158862.7473485,2025-08-14 10:07:42.747349,30.805301527023314,5.049774885177612
1755158862.748908,2025-08-14 10:07:42.748908,30.80532369995117,5.051334381103516
1755158862.7504442,2025-08-14 10:07:42.750444,30.80534491920471,5.052870512008667
1755158862.7519755,2025-08-14 10:07:42.751976,30.805366853713988,5.054401874542236
1755158862.7534847,2025-08-14 10:07:42.753485,30.80539284133911,5.055911064147949
1755158862.7549617,2025-08-14 10:07:42.754962,30.805417398452757,5.057388067245483
1755158862.7564325,2025-08-14 10:07:42.756433,30.805439332962035,5.058858871459961
1755158862.7578583,2025-08-14 10:07:42.757858,30.805460552215575,5.060284614562988
1755158862.7592883,2025-08-14 10:07:42.759288,30.805481294631957,5.0617146492004395
1755158862.7606816,2025-08-14 10:07:42.760682,30.8055013217926,5.063107967376709
1755158862.7620566,2025-08-14 10:07:42.762057,30.805521825790404,5.064482927322388
1755158862.763431,2025-08-14 10:07:42.763431,30.805542091369627,5.065857410430908
1755158862.7647662,2025-08-14 10:07:42.764766,30.8055652179718,5.067192554473877
1755158862.7660646,2025-08-14 10:07:42.766065,30.805587629318236,5.068490982055664
1755158862.767354,2025-08-14 10:07:42.767354,30.80560789489746,5.069780349731445
1755158862.768603,2025-08-14 10:07:42.768603,30.805628398895262,5.071029424667358
1755158862.769835,2025-08-14 10:07:42.769835,30.805649618148802,5.072261333465576
1755158862.7710588,2025-08-14 10:07:42.771059,30.805670837402342,5.0734851360321045
1755158862.7722578,2025-08-14 10:07:42.772258,30.805694440841673,5.074684143066406
1755158862.7734275,2025-08-14 10:07:42.773427,30.805718521118163,5.0758538246154785
1755158862.7745664,2025-08-14 10:07:42.774566,30.80574069404602,5.076992750167847
1755158862.7757182,2025-08-14 10:07:42.775718,31.008974456269765,5.078144550323486
1755158862.777938,2025-08-14 10:07:42.777938,31.009100135803223,5.080364227294922
1755158862.780196,2025-08-14 10:07:42.780196,31.009144004821778,5.082622289657593
1755158862.7823875,2025-08-14 10:07:42.782387,31.009171422958374,5.084813833236694
1755158862.7845447,2025-08-14 10:07:42.784545,31.009195741653443,5.086971044540405
1755158862.7866898,2025-08-14 10:07:42.786690,31.009224590301514,5.089116096496582
1755158862.7887857,2025-08-14 10:07:42.788786,31.009248432159424,5.091212034225464
1755158862.7908719,2025-08-14 10:07:42.790872,31.009271558761597,5.0932981967926025
1755158862.7929327,2025-08-14 10:07:42.792933,31.00929420852661,5.0953590869903564
1755158862.794978,2025-08-14 10:07:42.794978,31.00931876564026,5.09740424156189
1755158862.7969797,2025-08-14 10:07:42.796980,31.00934260749817,5.099406003952026
1755158862.7989895,2025-08-14 10:07:42.798990,31.00936883354187,5.1014158725738525
1755158862.800946,2025-08-14 10:07:42.800946,31.009391244888306,5.10337233543396
1755158862.8028958,2025-08-14 10:07:42.802896,31.00941437149048,5.1053221225738525
1755158862.8048048,2025-08-14 10:07:42.804805,31.009436305999756,5.107231140136719
1755158862.8067005,2025-08-14 10:07:42.806700,31.009458478927613,5.109126806259155
1755158862.8085546,2025-08-14 10:07:42.808555,31.009479936599732,5.110980987548828
1755158862.8103902,2025-08-14 10:07:42.810390,31.00950139427185,5.112816572189331
1755158862.8122268,2025-08-14 10:07:42.812227,31.00952261352539,5.11465311050415
1755158862.8140118,2025-08-14 10:07:42.814012,31.009543594360352,5.116438150405884
1755158862.8157814,2025-08-14 10:07:42.815781,31.009564813613892,5.118207693099976
1755158862.81752,2025-08-14 10:07:42.817520,31.009586032867432,5.119946241378784
1755158862.8192496,2025-08-14 10:07:42.819250,31.009606775283814,5.121675968170166
1755158862.820946,2025-08-14 10:07:42.820946,31.009627517700196,5.123372316360474
1755158862.822629,2025-08-14 10:07:42.822629,31.009648498535157,5.125055313110352
1755158862.8242779,2025-08-14 10:07:42.824278,31.009672101974488,5.126704216003418
1755158862.825906,2025-08-14 10:07:42.825906,31.00969761276245,5.1283323764801025
1755158862.8275235,2025-08-14 10:07:42.827523,31.00972193145752,5.1299498081207275
1755158862.829108,2025-08-14 10:07:42.829108,31.009745058059693,5.1315343379974365
1755158862.8306859,2025-08-14 10:07:42.830686,31.009766515731812,5.133112192153931
1755158862.832224,2025-08-14 10:07:42.832224,31.009787734985352,5.134650230407715
1755158862.8337417,2025-08-14 10:07:42.833742,31.009808954238892,5.136168003082275
1755158862.8352404,2025-08-14 10:07:42.835240,31.00983041191101,5.137666702270508
1755158862.8367188,2025-08-14 10:07:42.836719,31.009850915908814,5.139145135879517
1755158862.8381655,2025-08-14 10:07:42.838166,31.009874996185303,5.140591859817505
1755158862.8396072,2025-08-14 10:07:42.839607,31.009896453857422,5.142033576965332
1755158862.8410134,2025-08-14 10:07:42.841013,31.009917673110962,5.143439769744873
1755158862.8424108,2025-08-14 10:07:42.842411,31.009937938690186,5.144837141036987
1755158862.8437886,2025-08-14 10:07:42.843789,31.009958681106568,5.146214962005615
1755158862.845133,2025-08-14 10:07:42.845133,31.00997942352295,5.147559404373169
1755158862.8464549,2025-08-14 10:07:42.846455,31.010006841659546,5.148881196975708
1755158862.8477588,2025-08-14 10:07:42.847759,31.01002972984314,5.1501851081848145
1755158862.8490381,2025-08-14 10:07:42.849038,31.010051902770996,5.151464462280273
1755158862.8502893,2025-08-14 10:07:42.850289,31.01007264518738,5.152715682983398
1755158862.8515334,2025-08-14 10:07:42.851533,31.010094341278077,5.15395975112915
1755158862.8527417,2025-08-14 10:07:42.852742,31.01011484527588,5.155168056488037
1755158862.8539236,2025-08-14 10:07:42.853924,31.01013582611084,5.1563498973846436
1755158862.8551023,2025-08-14 10:07:42.855102,31.01015728378296,5.157528638839722
1755158862.856247,2025-08-14 10:07:42.856247,31.010177787780762,5.158673286437988
1755158862.857373,2025-08-14 10:07:42.857373,31.010198530197144,5.159799337387085
1755158862.8584876,2025-08-14 10:07:42.858488,35.907631821929186,5.160913944244385
1755158862.8608346,2025-08-14 10:07:42.860835,35.908097036361696,5.1632609367370605
1755158862.8630683,2025-08-14 10:07:42.863068,35.90813566017151,5.165494680404663
1755158862.8652675,2025-08-14 10:07:42.865268,35.90816927719116,5.167693853378296
1755158862.8674338,2025-08-14 10:07:42.867434,35.90819454956055,5.169860124588013
1755158862.8695788,2025-08-14 10:07:42.869579,35.9082179145813,5.1720051765441895
1755158862.8716757,2025-08-14 10:07:42.871676,35.90824247169495,5.174102067947388
1755158862.8737304,2025-08-14 10:07:42.873730,35.90826774406433,5.176156759262085
1755158862.8757722,2025-08-14 10:07:42.875772,35.90829158592224,5.178198575973511
1755158862.8777595,2025-08-14 10:07:42.877759,35.908314474105836,5.180185794830322
1755158862.8797452,2025-08-14 10:07:42.879745,35.90833736228943,5.182171583175659
1755158862.8817062,2025-08-14 10:07:42.881706,35.908360250473024,5.1841325759887695
1755158862.8836446,2025-08-14 10:07:42.883645,35.90838290023804,5.186070919036865
1755158862.8855572,2025-08-14 10:07:42.885557,35.90840435791016,5.187983512878418
1755158862.887469,2025-08-14 10:07:42.887469,35.908426054000856,5.189895391464233
1755158862.8893323,2025-08-14 10:07:42.889332,35.90844798851013,5.191758632659912
1755158862.8911867,2025-08-14 10:07:42.891187,35.90846920776367,5.193613052368164
1755158862.893022,2025-08-14 10:07:42.893022,35.908489950180055,5.195448398590088
1755158862.8948345,2025-08-14 10:07:42.894835,35.90863633918762,5.197260856628418
1755158862.8966076,2025-08-14 10:07:42.896608,35.90866614151001,5.199033975601196
1755158862.8983765,2025-08-14 10:07:42.898376,35.90869117546082,5.200802803039551
1755158862.9001198,2025-08-14 10:07:42.900120,35.90871430206299,5.202546119689941
1755158862.901817,2025-08-14 10:07:42.901817,35.90873623657227,5.204243421554565
1755158862.9035068,2025-08-14 10:07:42.903507,35.90875721740723,5.205933094024658
1755158862.9051569,2025-08-14 10:07:42.905157,35.908779151916505,5.20758318901062
1755158862.9068072,2025-08-14 10:07:42.906807,35.908800132751466,5.209233522415161
1755158862.9084275,2025-08-14 10:07:42.908427,35.908824451446534,5.210853815078735
1755158862.9100134,2025-08-14 10:07:42.910013,35.908845909118654,5.212439775466919
1755158862.9116716,2025-08-14 10:07:42.911672,35.908866413116456,5.21409797668457
1755158862.9132483,2025-08-14 10:07:42.913248,35.90888691711426,5.215674638748169
1755158862.9147978,2025-08-14 10:07:42.914798,35.9089081363678,5.21722412109375
1755158862.9163015,2025-08-14 10:07:42.916301,35.90892887878418,5.2187278270721436
1755158862.9177938,2025-08-14 10:07:42.917794,35.90895772743225,5.22022008895874
1755158862.9192731,2025-08-14 10:07:42.919273,35.90898156929016,5.221699476242065
1755158862.9207165,2025-08-14 10:07:42.920717,35.90900636482239,5.223142862319946
1755158862.922152,2025-08-14 10:07:42.922152,35.909028776168824,5.224578380584717
1755158862.9235728,2025-08-14 10:07:42.923573,35.909049518585206,5.225999116897583
1755158862.924952,2025-08-14 10:07:42.924952,35.90906978416443,5.2273783683776855
1755158862.9263163,2025-08-14 10:07:42.926316,35.90909028816223,5.228742599487305
1755158862.9276617,2025-08-14 10:07:42.927662,35.909110553741456,5.230087995529175
1755158862.9289725,2025-08-14 10:07:42.928972,35.90913368034363,5.231398820877075
1755158862.9302607,2025-08-14 10:07:42.930261,35.90915466117859,5.232686996459961
1755158862.9315326,2025-08-14 10:07:42.931533,35.90917611885071,5.233958959579468
1755158862.932771,2025-08-14 10:07:42.932771,35.90919686126709,5.235197305679321
1755158862.9339812,2025-08-14 10:07:42.933981,35.90921760368347,5.236407518386841
1755158862.9351823,2025-08-14 10:07:42.935182,35.909238107681276,5.2376086711883545
1755158862.9363527,2025-08-14 10:07:42.936353,35.90926147270203,5.238779067993164
1755158862.937499,2025-08-14 10:07:42.937499,35.90928197669983,5.239925384521484
1755158862.9386413,2025-08-14 10:07:42.938641,35.909304864883424,5.24106764793396
1755158862.9397392,2025-08-14 10:07:42.939739,35.90932536888123,5.242165565490723
1755158862.9408236,2025-08-14 10:07:42.940824,37.87336281404495,5.243249893188477
1755158862.9417484,2025-08-14 10:07:42.941748,37.87436281404495,5.2441747188568115
1755158862.943829,2025-08-14 10:07:42.943829,37.87410395050049,5.246255397796631
1755158862.945996,2025-08-14 10:07:42.945996,37.87414305114746,5.248422384262085
1755158862.9481516,2025-08-14 10:07:42.948152,37.87417023086548,5.250577926635742
1755158862.9502578,2025-08-14 10:07:42.950258,37.87419526481629,5.252684116363525
1755158862.9523463,2025-08-14 10:07:42.952346,37.874221967697146,5.254772663116455
1755158862.9543767,2025-08-14 10:07:42.954377,37.87424461746216,5.256803035736084
1755158862.9564087,2025-08-14 10:07:42.956409,37.87426798248291,5.258835077285767
1755158862.9584007,2025-08-14 10:07:42.958401,37.874290870666506,5.26082706451416
1755158862.9603856,2025-08-14 10:07:42.960386,37.87431328201294,5.262811899185181
1755158862.962339,2025-08-14 10:07:42.962339,37.8743411769867,5.26476526260376
1755158862.964284,2025-08-14 10:07:42.964284,37.87436334991455,5.26671028137207
1755158862.966193,2025-08-14 10:07:42.966193,37.87438838386536,5.2686192989349365
1755158862.968093,2025-08-14 10:07:42.968093,37.87440984153748,5.270519256591797
1755158862.9699662,2025-08-14 10:07:42.969966,37.87443082237244,5.272392511367798
1755158862.9718435,2025-08-14 10:07:42.971843,37.87445228004456,5.2742698192596436
1755158862.9736633,2025-08-14 10:07:42.973663,37.87447278404236,5.276089668273926
1755158862.9754772,2025-08-14 10:07:42.975477,37.87449376487732,5.2779035568237305
1755158862.9772592,2025-08-14 10:07:42.977259,37.87451498413086,5.2796854972839355
1755158862.9790204,2025-08-14 10:07:42.979020,37.8745362033844,5.281446695327759
1755158862.9807427,2025-08-14 10:07:42.980743,37.87456862831116,5.2831690311431885
1755158862.9824488,2025-08-14 10:07:42.982449,37.87458960914612,5.284875154495239
1755158862.9841418,2025-08-14 10:07:42.984142,37.87461058998108,5.2865681648254395
1755158862.9857998,2025-08-14 10:07:42.985800,37.87463180923462,5.288226127624512
1755158862.9874597,2025-08-14 10:07:42.987460,37.87465350532532,5.289885997772217
1755158862.9890683,2025-08-14 10:07:42.989068,37.87467758560181,5.291494607925415
1755158862.9906828,2025-08-14 10:07:42.990683,37.87470428848267,5.293109178543091
1755158862.9922688,2025-08-14 10:07:42.992269,37.874726461410525,5.294695138931274
1755158862.9938178,2025-08-14 10:07:42.993818,37.87475125694275,5.296244144439697
1755158862.9953613,2025-08-14 10:07:42.995361,37.87477247619629,5.297787666320801
1755158862.9968684,2025-08-14 10:07:42.996868,37.87479321861267,5.299294710159302
1755158862.9983566,2025-08-14 10:07:42.998357,37.87481443786621,5.300782918930054
1755158862.9998312,2025-08-14 10:07:42.999831,37.874835418701174,5.302257537841797
1755158863.0012782,2025-08-14 10:07:43.001278,37.87485687637329,5.303704500198364
1755158863.002707,2025-08-14 10:07:43.002707,37.87487809562683,5.30513334274292
1755158863.0041041,2025-08-14 10:07:43.004104,37.87489931488037,5.306530475616455
1755158863.0054855,2025-08-14 10:07:43.005486,37.874920057296755,5.3079118728637695
1755158863.006853,2025-08-14 10:07:43.006853,37.87494056129456,5.309279441833496
1755158863.008194,2025-08-14 10:07:43.008194,37.87496130371094,5.310620307922363
1755158863.0095038,2025-08-14 10:07:43.009504,37.87498204612732,5.311930179595947
1755158863.0108032,2025-08-14 10:07:43.010803,37.875005411148074,5.313229560852051
1755158863.0120928,2025-08-14 10:07:43.012093,37.87502686882019,5.314519166946411
1755158863.0133445,2025-08-14 10:07:43.013345,37.87504808807373,5.315770864486694
1755158863.0145576,2025-08-14 10:07:43.014558,37.875068592071536,5.316983938217163
1755158863.0157619,2025-08-14 10:07:43.015762,37.875106262207034,5.318188190460205
1755158863.016949,2025-08-14 10:07:43.016949,37.87512843513489,5.319375276565552
1755158863.0180953,2025-08-14 10:07:43.018095,37.87514965438843,5.320521593093872
1755158863.019234,2025-08-14 10:07:43.019234,37.87517087364197,5.321660280227661
1755158863.020345,2025-08-14 10:07:43.020345,37.87519161605835,5.322771310806274
1755158863.0214288,2025-08-14 10:07:43.021429,37.875212358474734,5.32385516166687
1755158863.0225067,2025-08-14 10:07:43.022507,38.002208015243035,5.324933052062988
1755158863.0234191,2025-08-14 10:07:43.023419,38.00320801524303,5.32584547996521
1755158863.0255876,2025-08-14 10:07:43.025588,38.003102281570435,5.328013896942139
1755158863.0277746,2025-08-14 10:07:43.027775,38.00314543533325,5.330200910568237
1755158863.029922,2025-08-14 10:07:43.029922,38.00317213821411,5.332348346710205
1755158863.0320473,2025-08-14 10:07:43.032047,38.003197649002075,5.334473609924316
1755158863.0341265,2025-08-14 10:07:43.034127,38.00322268295288,5.336552858352661
1755158863.0361848,2025-08-14 10:07:43.036185,38.00324676322937,5.338611125946045
1755158863.038207,2025-08-14 10:07:43.038207,38.00327632713318,5.340633392333984
1755158863.0402114,2025-08-14 10:07:43.040211,38.00329897689819,5.342637777328491
1755158863.0421863,2025-08-14 10:07:43.042186,38.00332091140747,5.3446125984191895
1755158863.044148,2025-08-14 10:07:43.044148,38.003460624694824,5.346574306488037
1755158863.0460746,2025-08-14 10:07:43.046075,38.00348828125,5.348500967025757
1755158863.04799,2025-08-14 10:07:43.047990,38.003510692596436,5.350416421890259
1755158863.0498796,2025-08-14 10:07:43.049880,38.003532388687134,5.352305889129639
1755158863.0517445,2025-08-14 10:07:43.051744,38.00355384635925,5.354170799255371
1755158863.0535905,2025-08-14 10:07:43.053591,38.003574827194214,5.3560168743133545
1755158863.0554194,2025-08-14 10:07:43.055419,38.00359628486633,5.357845783233643
1755158863.0572076,2025-08-14 10:07:43.057208,38.00361845779419,5.359633922576904
1755158863.0589879,2025-08-14 10:07:43.058988,38.00364158439636,5.361414194107056
1755158863.0607498,2025-08-14 10:07:43.060750,38.00366304206848,5.363176107406616
1755158863.0624785,2025-08-14 10:07:43.062479,38.00368688392639,5.364904880523682
1755158863.064197,2025-08-14 10:07:43.064197,38.00370810317993,5.366623401641846
1755158863.0658782,2025-08-14 10:07:43.065878,38.00373194503784,5.368304491043091
1755158863.0675428,2025-08-14 10:07:43.067543,38.00375340270996,5.369969129562378
1755158863.0691833,2025-08-14 10:07:43.069183,38.0037746219635,5.371609687805176
1755158863.0708103,2025-08-14 10:07:43.070810,38.00379607963562,5.373236656188965
1755158863.0724115,2025-08-14 10:07:43.072412,38.00381729888916,5.374837875366211
1755158863.0739803,2025-08-14 10:07:43.073980,38.00384161758423,5.376406669616699
1755158863.0755372,2025-08-14 10:07:43.075537,38.003863790512085,5.377963542938232
1755158863.0770733,2025-08-14 10:07:43.077073,38.003884771347046,5.379499673843384
1755158863.0785723,2025-08-14 10:07:43.078572,38.00390718269348,5.380998611450195
1755158863.0800622,2025-08-14 10:07:43.080062,38.00392911720276,5.382488489151001
1755158863.0815096,2025-08-14 10:07:43.081510,38.00395057487488,5.383935928344727
1755158863.0829623,2025-08-14 10:07:43.082962,38.00397155570984,5.385388612747192
1755158863.0843778,2025-08-14 10:07:43.084378,38.00399205970764,5.386804103851318
1755158863.085765,2025-08-14 10:07:43.085765,38.004012563705444,5.388191223144531
1755158863.0871398,2025-08-14 10:07:43.087140,38.00403306770325,5.38956618309021
1755158863.0884986,2025-08-14 10:07:43.088499,38.00405357170105,5.39092493057251
1755158863.0898235,2025-08-14 10:07:43.089823,38.00407383728027,5.392249822616577
1755158863.0911338,2025-08-14 10:07:43.091134,38.004096963882446,5.393560171127319
1755158863.0924292,2025-08-14 10:07:43.092429,38.00411746788025,5.394855499267578
1755158863.093686,2025-08-14 10:07:43.093686,38.00413773345947,5.396112442016602
1755158863.0949411,2025-08-14 10:07:43.094941,38.004158475875855,5.397367477416992
1755158863.0961382,2025-08-14 10:07:43.096138,38.0041785030365,5.398564577102661
1755158863.0973163,2025-08-14 10:07:43.097316,38.0041990070343,5.399742603302002
1755158863.0984724,2025-08-14 10:07:43.098472,38.00422308731079,5.400898694992065
1755158863.099643,2025-08-14 10:07:43.099643,38.00424287605286,5.402069330215454
1755158863.100767,2025-08-14 10:07:43.100767,38.00426314163208,5.403193235397339
1755158863.1018617,2025-08-14 10:07:43.101862,38.004282930374146,5.404288053512573
1755158863.1029384,2025-08-14 10:07:43.102938,38.00430295753479,5.405364751815796
1755158863.1040006,2025-08-14 10:07:43.104001,38.406716359236185,5.406426906585693
1755158863.1061203,2025-08-14 10:07:43.106120,38.40710347366333,5.408546686172485
1755158863.1082568,2025-08-14 10:07:43.108257,38.40714209747314,5.4106831550598145
1755158863.1103606,2025-08-14 10:07:43.110361,38.407170230865475,5.412786960601807
1755158863.1124601,2025-08-14 10:07:43.112460,38.40719598007202,5.414886474609375
1755158863.114507,2025-08-14 10:07:43.114507,38.40722172927856,5.416933298110962
1755158863.1165214,2025-08-14 10:07:43.116521,38.40724509429931,5.418947696685791
1755158863.1185474,2025-08-14 10:07:43.118547,38.407268697738644,5.420973777770996
1755158863.1205153,2025-08-14 10:07:43.120515,38.40729110908508,5.4229416847229
1755158863.122456,2025-08-14 10:07:43.122456,38.407321149826046,5.424882411956787
1755158863.124373,2025-08-14 10:07:43.124373,38.40734689903259,5.426799297332764
1755158863.1262953,2025-08-14 10:07:43.126295,38.407371694564816,5.42872166633606
1755158863.1281898,2025-08-14 10:07:43.128190,38.40739482116699,5.430616140365601
1755158863.1300454,2025-08-14 10:07:43.130045,38.40741794776916,5.432471752166748
1755158863.1318974,2025-08-14 10:07:43.131897,38.4074403591156,5.434323787689209
1755158863.133719,2025-08-14 10:07:43.133719,38.40746253204345,5.436145305633545
1755158863.1355135,2025-08-14 10:07:43.135514,38.40748398971557,5.437939882278442
1755158863.1372836,2025-08-14 10:07:43.137284,38.40750520896911,5.439709901809692
1755158863.1390357,2025-08-14 10:07:43.139036,38.407526189804074,5.44146203994751
1755158863.1407588,2025-08-14 10:07:43.140759,38.40754788589477,5.443185091018677
1755158863.1424515,2025-08-14 10:07:43.142452,38.40756886672973,5.444877862930298
1755158863.1441162,2025-08-14 10:07:43.144116,38.407589370727536,5.446542501449585
1755158863.1457574,2025-08-14 10:07:43.145757,38.407610828399655,5.44818377494812
1755158863.1473777,2025-08-14 10:07:43.147378,38.40763562393188,5.449804067611694
1755158863.1489909,2025-08-14 10:07:43.148991,38.40765660476684,5.4514172077178955
1755158863.150566,2025-08-14 10:07:43.150566,38.407677108764645,5.4529924392700195
1755158863.1521282,2025-08-14 10:07:43.152128,38.407700950622555,5.454554557800293
1755158863.153653,2025-08-14 10:07:43.153653,38.40772312355041,5.4560792446136475
1755158863.155164,2025-08-14 10:07:43.155164,38.40774434280395,5.457590341567993
1755158863.1566453,2025-08-14 10:07:43.156645,38.40776580047607,5.459071636199951
1755158863.1581113,2025-08-14 10:07:43.158111,38.40778678131103,5.460537672042847
1755158863.159558,2025-08-14 10:07:43.159558,38.40780800056457,5.461984395980835
1755158863.1609795,2025-08-14 10:07:43.160980,38.40782874298095,5.4634058475494385
1755158863.162371,2025-08-14 10:07:43.162371,38.407849485397335,5.464797258377075
1755158863.1637638,2025-08-14 10:07:43.163764,38.40786975097656,5.4661900997161865
1755158863.1651177,2025-08-14 10:07:43.165118,38.40789120864868,5.467544078826904
1755158863.1664596,2025-08-14 10:07:43.166460,38.40791218948364,5.468885898590088
1755158863.1678023,2025-08-14 10:07:43.167802,38.40793626976013,5.470228672027588
1755158863.1690974,2025-08-14 10:07:43.169097,38.40795725059509,5.471523761749268
1755158863.1703672,2025-08-14 10:07:43.170367,38.40797775459289,5.4727935791015625
1755158863.171635,2025-08-14 10:07:43.171635,38.408000642776486,5.4740612506866455
1755158863.1728628,2025-08-14 10:07:43.172863,38.40802090835571,5.4752891063690186
1755158863.1740646,2025-08-14 10:07:43.174065,38.40804188919067,5.4764909744262695
1755158863.1752596,2025-08-14 10:07:43.175260,38.40806239318847,5.477685928344727
1755158863.1764252,2025-08-14 10:07:43.176425,38.408083135604855,5.478851556777954
1755158863.1775548,2025-08-14 10:07:43.177555,38.40810363960266,5.479981184005737
1755158863.1786814,2025-08-14 10:07:43.178681,38.40812414360046,5.481107711791992
1755158863.1797683,2025-08-14 10:07:43.179768,38.40814488601684,5.482194662094116
1755158863.1808326,2025-08-14 10:07:43.180833,38.408165628433224,5.483258962631226
1755158863.1818805,2025-08-14 10:07:43.181880,38.40818613243103,5.484306812286377
1755158863.1829317,2025-08-14 10:07:43.182932,39.68499759328452,5.485357999801636
1755158863.1851797,2025-08-14 10:07:43.185180,39.68510204315186,5.487606048583984
1755158863.1873124,2025-08-14 10:07:43.187312,39.68514400482178,5.489738702774048
1755158863.1893823,2025-08-14 10:07:43.189382,39.68529158592224,5.491808652877808
1755158863.1914413,2025-08-14 10:07:43.191441,39.685322818756106,5.493867635726929
1755158863.1934621,2025-08-14 10:07:43.193462,39.685349521636965,5.4958884716033936
1755158863.1954703,2025-08-14 10:07:43.195470,39.68537384033203,5.497896671295166
1755158863.1974294,2025-08-14 10:07:43.197429,39.685397443771365,5.4998557567596436
1755158863.1993763,2025-08-14 10:07:43.199376,39.6854198551178,5.501802682876587
1755158863.2012885,2025-08-14 10:07:43.201288,39.68544202804566,5.5037147998809814
1755158863.2031891,2025-08-14 10:07:43.203189,39.68546467781067,5.505615472793579
1755158863.2050617,2025-08-14 10:07:43.205062,39.685487327575686,5.507488012313843
1755158863.206933,2025-08-14 10:07:43.206933,39.68550926208496,5.509359359741211
1755158863.2087653,2025-08-14 10:07:43.208765,39.68553095817566,5.5111916065216064
1755158863.210559,2025-08-14 10:07:43.210559,39.6855533695221,5.5129852294921875
1755158863.2123644,2025-08-14 10:07:43.212364,39.68558102607727,5.514790773391724
1755158863.2141242,2025-08-14 10:07:43.214124,39.68560343742371,5.516550540924072
1755158863.2158692,2025-08-14 10:07:43.215869,39.685625610351565,5.518295526504517
1755158863.2175767,2025-08-14 10:07:43.217577,39.68564730644226,5.520003080368042
1755158863.2192676,2025-08-14 10:07:43.219268,39.6856685256958,5.52169394493103
1755158863.2209346,2025-08-14 10:07:43.220935,39.685689506530764,5.523360967636108
1755158863.2225716,2025-08-14 10:07:43.222572,39.68571096420288,5.52499794960022
1755158863.2241998,2025-08-14 10:07:43.224200,39.68573218345642,5.526626110076904
1755158863.225792,2025-08-14 10:07:43.225792,39.6857541179657,5.5282182693481445
1755158863.227379,2025-08-14 10:07:43.227379,39.68577509880066,5.529805421829224
1755158863.2289267,2025-08-14 10:07:43.228927,39.685795602798464,5.531352996826172
1755158863.2304556,2025-08-14 10:07:43.230456,39.68582015991211,5.53288197517395
1755158863.231971,2025-08-14 10:07:43.231971,39.685840425491335,5.53439736366272
1755158863.23346,2025-08-14 10:07:43.233460,39.68586092948914,5.535886287689209
1755158863.2349348,2025-08-14 10:07:43.234935,39.68588739395142,5.537361145019531
1755158863.2363784,2025-08-14 10:07:43.236378,39.68590909004212,5.538804769515991
1755158863.2377958,2025-08-14 10:07:43.237796,39.68593293190003,5.54022216796875
1755158863.2392018,2025-08-14 10:07:43.239202,39.685962257385256,5.541628122329712
1755158863.2405748,2025-08-14 10:07:43.240575,39.685983953475954,5.543001174926758
1755158863.241936,2025-08-14 10:07:43.241936,39.686005172729494,5.544362306594849
1755158863.2432706,2025-08-14 10:07:43.243271,39.686026153564455,5.545696973800659
1755158863.2445867,2025-08-14 10:07:43.244587,39.686047372817995,5.5470130443573
1755158863.2458777,2025-08-14 10:07:43.245878,39.68606763839722,5.548304080963135
1755158863.247155,2025-08-14 10:07:43.247155,39.68608790397644,5.549581289291382
1755158863.248408,2025-08-14 10:07:43.248408,39.686108407974245,5.55083441734314
1755158863.2496247,2025-08-14 10:07:43.249625,39.68613105773926,5.552051067352295
1755158863.250842,2025-08-14 10:07:43.250842,39.68615180015564,5.5532684326171875
1755158863.252022,2025-08-14 10:07:43.252022,39.686172542572024,5.554448366165161
1755158863.253174,2025-08-14 10:07:43.253174,39.686193523406985,5.55560040473938
1755158863.254311,2025-08-14 10:07:43.254311,39.686217365264895,5.556737422943115
1755158863.2554424,2025-08-14 10:07:43.255442,39.686238346099856,5.557868719100952
1755158863.2565417,2025-08-14 10:07:43.256542,39.68625908851624,5.5589680671691895
1755158863.2576098,2025-08-14 10:07:43.257610,39.68628245353699,5.5600361824035645
1755158863.2586732,2025-08-14 10:07:43.258673,39.68630319595337,5.561099529266357
1755158863.2597082,2025-08-14 10:07:43.259708,39.68632393836975,5.562134504318237
1755158863.2607298,2025-08-14 10:07:43.260730,40.92698996736901,5.5631561279296875
1755158863.2628226,2025-08-14 10:07:43.262823,40.92709989738464,5.565248966217041
1755158863.2649226,2025-08-14 10:07:43.264923,40.927136613845825,5.567348957061768
1755158863.267013,2025-08-14 10:07:43.267013,40.927170707702636,5.56943941116333
1755158863.2690425,2025-08-14 10:07:43.269042,40.927195264816284,5.571468830108643
1755158863.271062,2025-08-14 10:07:43.271062,40.92721982192993,5.573488235473633
1755158863.2730327,2025-08-14 10:07:43.273033,40.92724366378784,5.575459003448486
1755158863.274997,2025-08-14 10:07:43.274997,40.92726702880859,5.577423334121704
1755158863.2769299,2025-08-14 10:07:43.276930,40.92729516220093,5.5793561935424805
1755158863.2788427,2025-08-14 10:07:43.278843,40.92732091140747,5.581269025802612
1755158863.2807212,2025-08-14 10:07:43.280721,40.92735071372986,5.5831475257873535
1755158863.2825868,2025-08-14 10:07:43.282587,40.92737407875061,5.585013151168823
1755158863.2844393,2025-08-14 10:07:43.284439,40.92739887428284,5.586865663528442
1755158863.286254,2025-08-14 10:07:43.286254,40.927420570373535,5.588680267333984
1755158863.2880487,2025-08-14 10:07:43.288049,40.92744298171997,5.590475082397461
1755158863.2898276,2025-08-14 10:07:43.289828,40.927465393066406,5.592253923416138
1755158863.2915885,2025-08-14 10:07:43.291589,40.927486850738525,5.594014883041382
1755158863.293306,2025-08-14 10:07:43.293306,40.927508069992065,5.5957324504852295
1755158863.2950275,2025-08-14 10:07:43.295027,40.92752976608276,5.597453832626343
1755158863.2967215,2025-08-14 10:07:43.296721,40.927550746917724,5.599147796630859
1755158863.2983923,2025-08-14 10:07:43.298392,40.92757220458984,5.600818634033203
1755158863.300044,2025-08-14 10:07:43.300044,40.927593185424804,5.602470397949219
1755158863.3016875,2025-08-14 10:07:43.301687,40.92761726570129,5.604113817214966
1755158863.3033001,2025-08-14 10:07:43.303300,40.92763920021057,5.605726480484009
1755158863.3048866,2025-08-14 10:07:43.304887,40.92766089630127,5.607312917709351
1755158863.306469,2025-08-14 10:07:43.306469,40.92768187713623,5.608895301818848
1755158863.3080304,2025-08-14 10:07:43.308030,40.927704526901245,5.610456705093384
1755158863.309557,2025-08-14 10:07:43.309557,40.92772908401489,5.611983299255371
1755158863.3110716,2025-08-14 10:07:43.311072,40.92775078010559,5.613497972488403
1755158863.3125775,2025-08-14 10:07:43.312577,40.92777223777771,5.615003824234009
1755158863.3140368,2025-08-14 10:07:43.314037,40.927794410705566,5.6164631843566895
1755158863.3154838,2025-08-14 10:07:43.315484,40.927815629959106,5.617910146713257
1755158863.3168933,2025-08-14 10:07:43.316893,40.927836849212646,5.619319677352905
1755158863.3184063,2025-08-14 10:07:43.318406,40.927858306884765,5.620832681655884
1755158863.3197975,2025-08-14 10:07:43.319798,40.92787881088257,5.622223854064941
1755158863.3211298,2025-08-14 10:07:43.321130,40.92789979171753,5.623556137084961
1755158863.3224452,2025-08-14 10:07:43.322445,40.92792315673828,5.624871492385864
1755158863.3237464,2025-08-14 10:07:43.323746,40.927943660736084,5.626172780990601
1755158863.325016,2025-08-14 10:07:43.325016,40.927964164733886,5.627442359924316
1755158863.3262663,2025-08-14 10:07:43.326266,40.92798443031311,5.628692626953125
1755158863.3275037,2025-08-14 10:07:43.327504,40.92800493431091,5.629930019378662
1755158863.3286955,2025-08-14 10:07:43.328696,40.928025199890136,5.631121873855591
1755158863.329877,2025-08-14 10:07:43.329877,40.92804856491089,5.632303237915039
1755158863.331032,2025-08-14 10:07:43.331032,40.92807026100159,5.633458375930786
1755158863.332153,2025-08-14 10:07:43.332153,40.92809148025513,5.634579420089722
1755158863.333249,2025-08-14 10:07:43.333249,40.92811222267151,5.635675430297852
1755158863.3343241,2025-08-14 10:07:43.334324,40.92813248825073,5.6367504596710205
1755158863.3353837,2025-08-14 10:07:43.335384,40.92815251541138,5.637809991836548
1755158863.3364182,2025-08-14 10:07:43.336418,40.92817254257202,5.6388444900512695
1755158863.33742,2025-08-14 10:07:43.337420,40.92819233131409,5.639846324920654
1755158863.3384295,2025-08-14 10:07:43.338429,43.682770136938274,5.64085578918457
1755158863.3405218,2025-08-14 10:07:43.340522,43.683107765197754,5.642948150634766
1755158863.3425891,2025-08-14 10:07:43.342589,43.68314615058899,5.645015478134155
1755158863.344633,2025-08-14 10:07:43.344633,43.683173807144165,5.647059440612793
1755158863.346644,2025-08-14 10:07:43.346644,43.68319860267639,5.6490702629089355
1755158863.3486297,2025-08-14 10:07:43.348630,43.68322292137146,5.6510560512542725
1755158863.3505726,2025-08-14 10:07:43.350573,43.683248432159424,5.652998924255371
1755158863.3525114,2025-08-14 10:07:43.352511,43.68327251243591,5.654937744140625
1755158863.3544161,2025-08-14 10:07:43.354416,43.68329540061951,5.656842470169067
1755158863.356306,2025-08-14 10:07:43.356306,43.68331757354736,5.6587324142456055
1755158863.3581567,2025-08-14 10:07:43.358157,43.68334022331238,5.660583019256592
1755158863.3600059,2025-08-14 10:07:43.360006,43.68336406517029,5.6624321937561035
1755158863.3618252,2025-08-14 10:07:43.361825,43.68338814544678,5.6642515659332275
1755158863.3636377,2025-08-14 10:07:43.363638,43.68341079521179,5.666064023971558
1755158863.365407,2025-08-14 10:07:43.365407,43.68344512748718,5.66783332824707
1755158863.3671744,2025-08-14 10:07:43.367174,43.683468015670776,5.66960072517395
1755158863.3689017,2025-08-14 10:07:43.368902,43.683489711761474,5.671328067779541
1755158863.3706186,2025-08-14 10:07:43.370619,43.683511169433594,5.673044919967651
1755158863.3723128,2025-08-14 10:07:43.372313,43.68353286552429,5.674739122390747
1755158863.3739717,2025-08-14 10:07:43.373972,43.68355503845215,5.676398038864136
1755158863.3756244,2025-08-14 10:07:43.375624,43.68357673454285,5.678050756454468
1755158863.3772383,2025-08-14 10:07:43.377238,43.68359771537781,5.679664611816406
1755158863.3788657,2025-08-14 10:07:43.378866,43.68361893463135,5.6812920570373535
1755158863.3804452,2025-08-14 10:07:43.380445,43.68363967704773,5.682871580123901
1755158863.3820124,2025-08-14 10:07:43.382012,43.68366113471985,5.684438705444336
1755158863.3835523,2025-08-14 10:07:43.383552,43.68368187713623,5.685978651046753
1755158863.385071,2025-08-14 10:07:43.385071,43.68370786476135,5.68749737739563
1755158863.3865664,2025-08-14 10:07:43.386566,43.68372932243347,5.688992738723755
1755158863.3880706,2025-08-14 10:07:43.388071,43.68375340270996,5.690496921539307
1755158863.3895183,2025-08-14 10:07:43.389518,43.68377557563782,5.691944599151611
1755158863.3909783,2025-08-14 10:07:43.390978,43.68379679489136,5.693404674530029
1755158863.3924026,2025-08-14 10:07:43.392403,43.68381753730774,5.694828987121582
1755158863.3937974,2025-08-14 10:07:43.393797,43.68383923339844,5.696223735809326
1755158863.395178,2025-08-14 10:07:43.395178,43.6838602142334,5.697604417800903
1755158863.3965337,2025-08-14 10:07:43.396534,43.68388167190552,5.698960065841675
1755158863.3978562,2025-08-14 10:07:43.397856,43.68390289115906,5.700282573699951
1755158863.3991644,2025-08-14 10:07:43.399164,43.68392339515686,5.7015907764434814
1755158863.4004543,2025-08-14 10:07:43.400454,43.683943660736084,5.702880620956421
1755158863.4017067,2025-08-14 10:07:43.401707,43.68396678733826,5.704133033752441
1755158863.4029543,2025-08-14 10:07:43.402954,43.68398729133606,5.70538067817688
1755158863.4041605,2025-08-14 10:07:43.404160,43.68401065635681,5.706586837768555
1755158863.4053478,2025-08-14 10:07:43.405348,43.68403139877319,5.7077741622924805
1755158863.4065027,2025-08-14 10:07:43.406503,43.68405261802673,5.708929061889648
1755158863.4076467,2025-08-14 10:07:43.407647,43.68407955932617,5.710072994232178
1755158863.4087636,2025-08-14 10:07:43.408764,43.68410149383545,5.7111899852752686
1755158863.4098501,2025-08-14 10:07:43.409850,43.68412247467041,5.712276458740234
1755158863.4109285,2025-08-14 10:07:43.410928,43.68414345550537,5.713354825973511
1755158863.4120011,2025-08-14 10:07:43.412001,43.684163959503174,5.714427471160889
1755158863.4130118,2025-08-14 10:07:43.413012,43.684184940338135,5.7154381275177
1755158863.4139845,2025-08-14 10:07:43.413985,43.68420544433594,5.716410875320435
1755158863.4149835,2025-08-14 10:07:43.414984,44.23113668542556,5.71740984916687
1755158863.415784,2025-08-14 10:07:43.415784,44.23213668542556,5.718210220336914
1755158863.4178605,2025-08-14 10:07:43.417861,44.23210919570923,5.720286846160889
1755158863.4199321,2025-08-14 10:07:43.419932,44.23214805793762,5.722358465194702
1755158863.4219644,2025-08-14 10:07:43.421964,44.232175952911376,5.724390745162964
1755158863.4239662,2025-08-14 10:07:43.423966,44.2322019405365,5.726392507553101
1755158863.4259295,2025-08-14 10:07:43.425930,44.23222602081299,5.728355884552002
1755158863.42786,2025-08-14 10:07:43.427860,44.23225463104248,5.730286359786987
1755158863.4297705,2025-08-14 10:07:43.429770,44.23227823448181,5.732196807861328
1755158863.4316573,2025-08-14 10:07:43.431657,44.23230159950256,5.734083652496338
1755158863.4335089,2025-08-14 10:07:43.433509,44.23232448768616,5.735935211181641
1755158863.4353416,2025-08-14 10:07:43.435342,44.23234713745117,5.737767934799194
1755158863.4371417,2025-08-14 10:07:43.437142,44.23236954879761,5.739567995071411
1755158863.4389377,2025-08-14 10:07:43.438938,44.232391244888305,5.741364002227783
1755158863.4406984,2025-08-14 10:07:43.440698,44.232412702560424,5.743124723434448
1755158863.4424438,2025-08-14 10:07:43.442444,44.232433921813964,5.744870185852051
1755158863.4441838,2025-08-14 10:07:43.444184,44.232455141067504,5.746610164642334
1755158863.445883,2025-08-14 10:07:43.445883,44.23247564506531,5.748309373855591
1755158863.4475608,2025-08-14 10:07:43.447561,44.23249948692322,5.7499871253967285
1755158863.4492078,2025-08-14 10:07:43.449208,44.232520944595336,5.751634120941162
1755158863.4508514,2025-08-14 10:07:43.450851,44.232542879104614,5.753277778625488
1755158863.4524577,2025-08-14 10:07:43.452458,44.232563859939575,5.7548840045928955
1755158863.4540532,2025-08-14 10:07:43.454053,44.232587463378906,5.756479501724243
1755158863.4556227,2025-08-14 10:07:43.455623,44.232608921051025,5.758049011230469
1755158863.4571662,2025-08-14 10:07:43.457166,44.23262966346741,5.759592533111572
1755158863.458693,2025-08-14 10:07:43.458693,44.23265040588379,5.761119365692139
1755158863.4601977,2025-08-14 10:07:43.460198,44.23267067146301,5.762624025344849
1755158863.461675,2025-08-14 10:07:43.461675,44.23269165229797,5.764101266860962
1755158863.4631383,2025-08-14 10:07:43.463138,44.232712394714355,5.765564680099487
1755158863.464572,2025-08-14 10:07:43.464572,44.23273432922363,5.766998291015625
1755158863.4659739,2025-08-14 10:07:43.465974,44.232754594802856,5.768400192260742
1755158863.467365,2025-08-14 10:07:43.467365,44.23277438354492,5.7697913646698
1755158863.4687393,2025-08-14 10:07:43.468739,44.232794410705566,5.771165609359741
1755158863.4700816,2025-08-14 10:07:43.470082,44.23281443786621,5.772507905960083
1755158863.47145,2025-08-14 10:07:43.471450,44.232836849212646,5.773876428604126
1755158863.4727693,2025-08-14 10:07:43.472769,44.23285759162903,5.775195598602295
1755158863.474044,2025-08-14 10:07:43.474044,44.23288119506836,5.776470422744751
1755158863.4753315,2025-08-14 10:07:43.475332,44.232903129577636,5.777757883071899
1755158863.4765666,2025-08-14 10:07:43.476567,44.2329241104126,5.7789928913116455
1755158863.47779,2025-08-14 10:07:43.477790,44.2329446144104,5.780216455459595
1755158863.4789944,2025-08-14 10:07:43.478994,44.232964641571044,5.781420707702637
1755158863.48017,2025-08-14 10:07:43.480170,44.23298490715027,5.7825963497161865
1755158863.4813244,2025-08-14 10:07:43.481324,44.23312438201904,5.783750772476196
1755158863.4824448,2025-08-14 10:07:43.482445,44.23315180015564,5.7848711013793945
1755158863.4835887,2025-08-14 10:07:43.483589,44.23317516517639,5.786015033721924
1755158863.4846735,2025-08-14 10:07:43.484674,44.233200914382934,5.787099838256836
1755158863.48573,2025-08-14 10:07:43.485730,44.23322380256653,5.788156270980835
1755158863.4867797,2025-08-14 10:07:43.486780,44.233245498657226,5.789206027984619
1755158863.4877975,2025-08-14 10:07:43.487797,44.2332674331665,5.790223836898804
1755158863.488799,2025-08-14 10:07:43.488799,44.233288414001464,5.791225433349609
1755158863.489768,2025-08-14 10:07:43.489768,44.2333153553009,5.792194366455078
1755158863.490751,2025-08-14 10:07:43.490751,46.003303509839434,5.793177366256714
1755158863.4915466,2025-08-14 10:07:43.491547,46.00430350983943,5.793972969055176
1755158863.4934702,2025-08-14 10:07:43.493470,46.00410466575622,5.795896530151367
1755158863.495509,2025-08-14 10:07:43.495509,46.004143766403196,5.797935247421265
1755158863.4975173,2025-08-14 10:07:43.497517,46.00417166137695,5.799943685531616
1755158863.4995084,2025-08-14 10:07:43.499508,46.00419645690918,5.801934719085693
1755158863.50147,2025-08-14 10:07:43.501470,46.004221014022825,5.803896427154541
1755158863.5033808,2025-08-14 10:07:43.503381,46.004244855880735,5.805807113647461
1755158863.5052795,2025-08-14 10:07:43.505280,46.00426798248291,5.807705879211426
1755158863.507144,2025-08-14 10:07:43.507144,46.004290155410764,5.8095703125
1755158863.5090094,2025-08-14 10:07:43.509009,46.00431232833862,5.811435699462891
1755158863.5108452,2025-08-14 10:07:43.510845,46.004340700149534,5.813271522521973
1755158863.5126698,2025-08-14 10:07:43.512670,46.00436263465881,5.815096139907837
1755158863.5144565,2025-08-14 10:07:43.514457,46.00438433074951,5.816882848739624
1755158863.5162575,2025-08-14 10:07:43.516258,46.004412940979,5.818683862686157
1755158863.517999,2025-08-14 10:07:43.517999,46.004436067581175,5.820425271987915
1755158863.5197349,2025-08-14 10:07:43.519735,46.004457525253294,5.8221611976623535
1755158863.5214148,2025-08-14 10:07:43.521415,46.004478744506834,5.823841094970703
1755158863.5230985,2025-08-14 10:07:43.523098,46.004499963760374,5.825524806976318
1755158863.5247426,2025-08-14 10:07:43.524743,46.004521183013914,5.827168941497803
1755158863.5263705,2025-08-14 10:07:43.526371,46.00454168701172,5.828796863555908
1755158863.5279684,2025-08-14 10:07:43.527968,46.0045624294281,5.830394744873047
1755158863.5295355,2025-08-14 10:07:43.529536,46.00458364868164,5.8319618701934814
1755158863.5310898,2025-08-14 10:07:43.531090,46.004608205795286,5.8335161209106445
1755158863.532615,2025-08-14 10:07:43.532615,46.004629425048826,5.835041284561157
1755158863.5341198,2025-08-14 10:07:43.534120,46.004650644302366,5.836546182632446
1755158863.5356224,2025-08-14 10:07:43.535622,46.004671863555906,5.838048696517944
1755158863.537079,2025-08-14 10:07:43.537079,46.00469379806518,5.839505434036255
1755158863.5385268,2025-08-14 10:07:43.538527,46.00471907043457,5.84095311164856
1755158863.5399466,2025-08-14 10:07:43.539947,46.00474219703674,5.842372894287109
1755158863.541347,2025-08-14 10:07:43.541347,46.00476675415039,5.843773365020752
1755158863.542738,2025-08-14 10:07:43.542738,46.004788927078245,5.8451642990112305
1755158863.5440965,2025-08-14 10:07:43.544096,46.004810146331785,5.846522808074951
1755158863.545419,2025-08-14 10:07:43.545419,46.004831604003904,5.8478453159332275
1755158863.5467443,2025-08-14 10:07:43.546744,46.00485306167602,5.849170684814453
1755158863.5480297,2025-08-14 10:07:43.548030,46.004874042510984,5.85045599937439
1755158863.5492916,2025-08-14 10:07:43.549292,46.004895261764524,5.851717948913574
1755158863.5505283,2025-08-14 10:07:43.550528,46.004916481018064,5.852954626083374
1755158863.5517569,2025-08-14 10:07:43.551757,46.00493793869018,5.854183197021484
1755158863.5529664,2025-08-14 10:07:43.552966,46.004958919525144,5.855392694473267
1755158863.5541382,2025-08-14 10:07:43.554138,46.00497894668579,5.856564521789551
1755158863.5553012,2025-08-14 10:07:43.555301,46.00499921226501,5.857727527618408
1755158863.5564241,2025-08-14 10:07:43.556424,46.0050232925415,5.858850479125977
1755158863.5575306,2025-08-14 10:07:43.557531,46.00504570388794,5.859956979751587
1755158863.558624,2025-08-14 10:07:43.558624,46.00506644630432,5.861050367355347
1755158863.559683,2025-08-14 10:07:43.559683,46.005086235046385,5.862109422683716
1755158863.56072,2025-08-14 10:07:43.560720,46.00510864639282,5.8631463050842285
1755158863.5617397,2025-08-14 10:07:43.561740,46.0051293888092,5.864166021347046
1755158863.5627372,2025-08-14 10:07:43.562737,46.005149892807005,5.865163564682007
1755158863.5637045,2025-08-14 10:07:43.563704,46.00517039680481,5.866130828857422
1755158863.5646482,2025-08-14 10:07:43.564648,46.00519066238403,5.867074489593506
1755158863.5655813,2025-08-14 10:07:43.565581,47.112892522156265,5.868007659912109
1755158863.5677674,2025-08-14 10:07:43.567767,47.11310323524475,5.870193719863892
1755158863.5697834,2025-08-14 10:07:43.569783,47.113142097473144,5.872209787368774
1755158863.5717866,2025-08-14 10:07:43.571787,47.11316951560974,5.874212980270386
1755158863.5737445,2025-08-14 10:07:43.573745,47.11319407272339,5.876170873641968
1755158863.5756812,2025-08-14 10:07:43.575681,47.113224351882934,5.87810754776001
1755158863.5775726,2025-08-14 10:07:43.577573,47.11324914741516,5.8799989223480225
1755158863.5794442,2025-08-14 10:07:43.579444,47.11327275085449,5.88187050819397
1755158863.5812783,2025-08-14 10:07:43.581278,47.113296115875244,5.883704662322998
1755158863.5831056,2025-08-14 10:07:43.583106,47.11331924247742,5.885531902313232
1755158863.5848892,2025-08-14 10:07:43.584889,47.11334189224243,5.887315511703491
1755158863.5866718,2025-08-14 10:07:43.586672,47.11336525726318,5.889098167419434
1755158863.5884306,2025-08-14 10:07:43.588431,47.11338743019104,5.890856981277466
1755158863.590153,2025-08-14 10:07:43.590153,47.11340936470032,5.8925793170928955
1755158863.5918765,2025-08-14 10:07:43.591877,47.113431299209594,5.894302845001221
1755158863.593559,2025-08-14 10:07:43.593559,47.11345418739319,5.89598536491394
1755158863.595238,2025-08-14 10:07:43.595238,47.113476360321044,5.897664308547974
1755158863.596871,2025-08-14 10:07:43.596871,47.113497341156005,5.89929723739624
1755158863.5984876,2025-08-14 10:07:43.598488,47.11351808357239,5.900913953781128
1755158863.6000903,2025-08-14 10:07:43.600090,47.113539541244506,5.902516603469849
1755158863.6016586,2025-08-14 10:07:43.601659,47.1135669593811,5.904084920883179
1755158863.6032197,2025-08-14 10:07:43.603220,47.11358889389038,5.905646085739136
1755158863.6047533,2025-08-14 10:07:43.604753,47.11361011314392,5.907179594039917
1755158863.6062686,2025-08-14 10:07:43.606269,47.11363109397888,5.9086949825286865
1755158863.6077704,2025-08-14 10:07:43.607770,47.11365207481384,5.910196781158447
1755158863.60924,2025-08-14 10:07:43.609240,47.113672817230224,5.911666393280029
1755158863.6107004,2025-08-14 10:07:43.610700,47.1136959438324,5.913126707077026
1755158863.6121442,2025-08-14 10:07:43.612144,47.11372741508484,5.914570569992065
1755158863.6135435,2025-08-14 10:07:43.613544,47.113749349594116,5.9159698486328125
1755158863.6149232,2025-08-14 10:07:43.614923,47.113770568847656,5.917349576950073
1755158863.6162746,2025-08-14 10:07:43.616275,47.11379131126404,5.918700933456421
1755158863.6176016,2025-08-14 10:07:43.617602,47.113813007354736,5.9200279712677
1755158863.618918,2025-08-14 10:07:43.618918,47.11383374977112,5.92134428024292
1755158863.620199,2025-08-14 10:07:43.620199,47.1138544921875,5.922625303268433
1755158863.621464,2025-08-14 10:07:43.621464,47.1140244846344,5.9238903522491455
1755158863.622711,2025-08-14 10:07:43.622711,47.114052141189575,5.925137281417847
1755158863.6239433,2025-08-14 10:07:43.623943,47.114075744628906,5.926369667053223
1755158863.6251452,2025-08-14 10:07:43.625145,47.11409767913818,5.927571535110474
1755158863.6263156,2025-08-14 10:07:43.626316,47.11411937522888,5.928741931915283
1755158863.6274774,2025-08-14 10:07:43.627477,47.114140832901,5.929903745651245
1755158863.6285944,2025-08-14 10:07:43.628594,47.11416753578186,5.931020736694336
1755158863.6296875,2025-08-14 10:07:43.629688,47.11418899345398,5.932113885879517
1755158863.6307771,2025-08-14 10:07:43.630777,47.11421021270752,5.933203458786011
1755158863.631836,2025-08-14 10:07:43.631836,47.11423167037964,5.934262275695801
1755158863.6328635,2025-08-14 10:07:43.632864,47.11425193595886,5.9352898597717285
1755158863.6338727,2025-08-14 10:07:43.633873,47.1142731552124,5.936299085617065
1755158863.6348646,2025-08-14 10:07:43.634865,47.114293182373046,5.937290906906128
1755158863.6358232,2025-08-14 10:07:43.635823,47.11432083892822,5.938249588012695
1755158863.6367695,2025-08-14 10:07:43.636770,47.11434515762329,5.939195871353149
1755158863.6376817,2025-08-14 10:07:43.637682,47.11436637687683,5.940108060836792
1755158863.638593,2025-08-14 10:07:43.638593,47.47439124028461,5.941019296646118
1755158863.6393442,2025-08-14 10:07:43.639344,47.47539124028461,5.941770553588867
1755158863.6412134,2025-08-14 10:07:43.641213,47.47510061264038,5.943639755249023
1755158863.6432495,2025-08-14 10:07:43.643250,47.47514042854309,5.945675849914551
1755158863.6452186,2025-08-14 10:07:43.645219,47.475168561935426,5.947644948959351
1755158863.6471612,2025-08-14 10:07:43.647161,47.47520670890808,5.94958758354187
1755158863.6490705,2025-08-14 10:07:43.649071,47.47523174285889,5.951496839523315
1755158863.650938,2025-08-14 10:07:43.650938,47.47525701522827,5.953364372253418
1755158863.6527796,2025-08-14 10:07:43.652780,47.475280380249025,5.955205917358398
1755158863.6545918,2025-08-14 10:07:43.654592,47.47530517578125,5.957018136978149
1755158863.6563878,2025-08-14 10:07:43.656388,47.475327825546266,5.9588141441345215
1755158863.6581566,2025-08-14 10:07:43.658157,47.47534999847412,5.960582971572876
1755158863.6599164,2025-08-14 10:07:43.659916,47.47537264823914,5.962342739105225
1755158863.6616569,2025-08-14 10:07:43.661657,47.47539792060852,5.964083194732666
1755158863.6633756,2025-08-14 10:07:43.663376,47.47542009353638,5.965801954269409
1755158863.6650527,2025-08-14 10:07:43.665053,47.475442028045656,5.96747899055481
1755158863.6667256,2025-08-14 10:07:43.666726,47.475463485717775,5.969151973724365
1755158863.6683588,2025-08-14 10:07:43.668359,47.475484943389894,5.970785140991211
1755158863.6699638,2025-08-14 10:07:43.669964,47.475505924224855,5.972390174865723
1755158863.6715615,2025-08-14 10:07:43.671561,47.475526905059816,5.973987817764282
1755158863.6731274,2025-08-14 10:07:43.673127,47.4755476474762,5.975553750991821
1755158863.6746953,2025-08-14 10:07:43.674695,47.47557101249695,5.977121591567993
1755158863.6762474,2025-08-14 10:07:43.676247,47.47559223175049,5.978673696517944
1755158863.677781,2025-08-14 10:07:43.677781,47.47561297416687,5.980207443237305
1755158863.6792777,2025-08-14 10:07:43.679278,47.47563419342041,5.981703996658325
1755158863.6807377,2025-08-14 10:07:43.680738,47.475654697418214,5.983164072036743
1755158863.682183,2025-08-14 10:07:43.682183,47.475675439834596,5.984609365463257
1755158863.6836157,2025-08-14 10:07:43.683616,47.47570071220398,5.986042022705078
1755158863.6850097,2025-08-14 10:07:43.685010,47.4757221698761,5.987436056137085
1755158863.6863816,2025-08-14 10:07:43.686382,47.4757426738739,5.988807916641235
1755158863.6877475,2025-08-14 10:07:43.687747,47.475762939453126,5.990173816680908
1755158863.6890762,2025-08-14 10:07:43.689076,47.47578320503235,5.991502523422241
1755158863.6903853,2025-08-14 10:07:43.690385,47.47580370903015,5.992811679840088
1755158863.691681,2025-08-14 10:07:43.691681,47.475823974609376,5.994107246398926
1755158863.692935,2025-08-14 10:07:43.692935,47.47584376335144,5.995361328125
1755158863.694176,2025-08-14 10:07:43.694176,47.475863790512086,5.996602296829224
1755158863.6953971,2025-08-14 10:07:43.695397,47.47588381767273,5.997823476791382
1755158863.696602,2025-08-14 10:07:43.696602,47.47590622901917,5.999028444290161
1755158863.6977732,2025-08-14 10:07:43.697773,47.47592649459839,6.000199556350708
1755158863.698934,2025-08-14 10:07:43.698934,47.475946521759035,6.0013604164123535
1755158863.7000933,2025-08-14 10:07:43.700093,47.4759663105011,6.002519607543945
1755158863.7013302,2025-08-14 10:07:43.701330,47.475994205474855,6.003756523132324
1755158863.7024372,2025-08-14 10:07:43.702437,47.47601494789124,6.004863500595093
1755158863.7035148,2025-08-14 10:07:43.703515,47.47603497505188,6.005941152572632
1755158863.7045505,2025-08-14 10:07:43.704551,47.476055240631105,6.006976842880249
1755158863.7055695,2025-08-14 10:07:43.705570,47.47607526779175,6.007995843887329
1755158863.706559,2025-08-14 10:07:43.706559,47.47609553337097,6.008985280990601
1755158863.7075331,2025-08-14 10:07:43.707533,47.47611556053162,6.00995945930481
1755158863.7084994,2025-08-14 10:07:43.708499,47.47613558769226,6.010925769805908
1755158863.7094142,2025-08-14 10:07:43.709414,47.476155853271486,6.011840581893921
1755158863.7103124,2025-08-14 10:07:43.710312,47.47617611885071,6.0127387046813965
1755158863.711269,2025-08-14 10:07:43.711269,48.36010574141968,6.013695240020752
1755158863.712012,2025-08-14 10:07:43.712012,48.36110574141968,6.0144383907318115
1755158863.71405,2025-08-14 10:07:43.714050,48.36111658668518,6.016476392745972
1755158863.7160602,2025-08-14 10:07:43.716060,48.361154256820676,6.018486499786377
1755158863.7180293,2025-08-14 10:07:43.718029,48.36118143653869,6.020455598831177
1755158863.7199557,2025-08-14 10:07:43.719956,48.36120694732666,6.022382020950317
1755158863.7218673,2025-08-14 10:07:43.721867,48.361234127044675,6.024293661117554
1755158863.7237442,2025-08-14 10:07:43.723744,48.36125844573974,6.026170492172241
1755158863.725596,2025-08-14 10:07:43.725596,48.361281810760495,6.028022289276123
1755158863.7274287,2025-08-14 10:07:43.727429,48.36130398368835,6.029855012893677
1755158863.7292314,2025-08-14 10:07:43.729231,48.36132591819763,6.031657695770264
1755158863.7310133,2025-08-14 10:07:43.731013,48.361348329544064,6.033439636230469
1755158863.7327695,2025-08-14 10:07:43.732769,48.36137145614624,6.035195827484131
1755158863.7345052,2025-08-14 10:07:43.734505,48.36139267539978,6.03693151473999
1755158863.7362242,2025-08-14 10:07:43.736224,48.3614141330719,6.0386505126953125
1755158863.7379034,2025-08-14 10:07:43.737903,48.361436067581174,6.040329694747925
1755158863.7395968,2025-08-14 10:07:43.739597,48.36145752525329,6.042023181915283
1755158863.7412486,2025-08-14 10:07:43.741249,48.36148232078552,6.043674945831299
1755158863.74288,2025-08-14 10:07:43.742880,48.3615042552948,6.045306444168091
1755158863.7444804,2025-08-14 10:07:43.744480,48.36152547454834,6.0469067096710205
1755158863.746061,2025-08-14 10:07:43.746061,48.361547409057614,6.048487424850464
1755158863.7476225,2025-08-14 10:07:43.747622,48.361568628311154,6.050048828125
1755158863.7491336,2025-08-14 10:07:43.749134,48.361589370727536,6.051559925079346
1755158863.7506347,2025-08-14 10:07:43.750635,48.36161011314392,6.053061008453369
1755158863.7521086,2025-08-14 10:07:43.752109,48.36163133239746,6.054534912109375
1755158863.753558,2025-08-14 10:07:43.753558,48.361653028488156,6.055984258651733
1755158863.754994,2025-08-14 10:07:43.754994,48.36167400932312,6.057420253753662
1755158863.7564049,2025-08-14 10:07:43.756405,48.36169808959961,6.058831214904785
1755158863.7577827,2025-08-14 10:07:43.757783,48.361854969024655,6.060209035873413
1755158863.7591522,2025-08-14 10:07:43.759152,48.36188238716125,6.0615785121917725
1755158863.7604988,2025-08-14 10:07:43.760499,48.36190622901916,6.062925100326538
1755158863.7618227,2025-08-14 10:07:43.761823,48.36192792510986,6.064249038696289
1755158863.7631354,2025-08-14 10:07:43.763135,48.36194985961914,6.065561771392822
1755158863.7644024,2025-08-14 10:07:43.764402,48.36197846984863,6.066828727722168
1755158863.7656546,2025-08-14 10:07:43.765655,48.362000642776486,6.068080902099609
1755158863.7668943,2025-08-14 10:07:43.766894,48.362022100448605,6.0693206787109375
1755158863.7681003,2025-08-14 10:07:43.768100,48.36204427337646,6.070526599884033
1755158863.769287,2025-08-14 10:07:43.769287,48.36206549263,6.071713447570801
1755158863.7704582,2025-08-14 10:07:43.770458,48.3620871887207,6.072884559631348
1755158863.7716136,2025-08-14 10:07:43.771614,48.362110076904294,6.074039936065674
1755158863.7727342,2025-08-14 10:07:43.772734,48.36213201141357,6.075160503387451
1755158863.773832,2025-08-14 10:07:43.773832,48.3621556148529,6.076258420944214
1755158863.7749255,2025-08-14 10:07:43.774925,48.36217683410644,6.077351808547974
1755158863.7759738,2025-08-14 10:07:43.775974,48.36219829177856,6.078400135040283
1755158863.7770011,2025-08-14 10:07:43.777001,48.3622195110321,6.079427480697632
1755158863.7780128,2025-08-14 10:07:43.778013,48.362240015029904,6.08043909072876
1755158863.7789993,2025-08-14 10:07:43.778999,48.36226028060913,6.081425666809082
1755158863.7799578,2025-08-14 10:07:43.779958,48.36228078460693,6.08238410949707
1755158863.7809079,2025-08-14 10:07:43.780908,48.36230462646484,6.08333420753479
1755158863.7818224,2025-08-14 10:07:43.781822,48.36232822990417,6.084248781204224
1755158863.782712,2025-08-14 10:07:43.782712,48.362348495483396,6.085138320922852
1755158863.7836084,2025-08-14 10:07:43.783608,50.50124398646085,6.086034774780273
1755158863.784307,2025-08-14 10:07:43.784307,50.50224398646085,6.086733341217041
1755158863.7861242,2025-08-14 10:07:43.786124,50.50209894371033,6.088550567626953
1755158863.788086,2025-08-14 10:07:43.788086,50.50213613700867,6.090512275695801
1755158863.790007,2025-08-14 10:07:43.790007,50.502163793563845,6.092433452606201
1755158863.7919023,2025-08-14 10:07:43.791902,50.50218906593323,6.0943286418914795
1755158863.7937677,2025-08-14 10:07:43.793768,50.5022133846283,6.09619402885437
1755158863.7956114,2025-08-14 10:07:43.795611,50.50223722648621,6.0980377197265625
1755158863.79741,2025-08-14 10:07:43.797410,50.50226035308838,6.099836349487305
1755158863.7992003,2025-08-14 10:07:43.799200,50.50228228759766,6.101626634597778
1755158863.8009534,2025-08-14 10:07:43.800953,50.5023035068512,6.103379726409912
1755158863.8027048,2025-08-14 10:07:43.802705,50.50232663345337,6.105131149291992
1755158863.8044267,2025-08-14 10:07:43.804427,50.50235452842713,6.106853008270264
1755158863.8061204,2025-08-14 10:07:43.806120,50.5023776550293,6.108546733856201
1755158863.8078144,2025-08-14 10:07:43.807814,50.502400066375735,6.110240697860718
1755158863.8094664,2025-08-14 10:07:43.809466,50.50242343139649,6.1118927001953125
1755158863.811108,2025-08-14 10:07:43.811108,50.502445365905764,6.113534450531006
1755158863.8127356,2025-08-14 10:07:43.812736,50.50246682357788,6.115161895751953
1755158863.8143265,2025-08-14 10:07:43.814327,50.50248851966858,6.116752862930298
1755158863.815906,2025-08-14 10:07:43.815906,50.50251021575928,6.118332386016846
1755158863.8174489,2025-08-14 10:07:43.817449,50.50253143501282,6.119875192642212
1755158863.8189607,2025-08-14 10:07:43.818961,50.50255289268494,6.121387004852295
1755158863.8204484,2025-08-14 10:07:43.820448,50.50257339668274,6.122874736785889
1755158863.8219001,2025-08-14 10:07:43.821900,50.502593900680544,6.124326467514038
1755158863.8233538,2025-08-14 10:07:43.823354,50.502614881515505,6.12578010559082
1755158863.82476,2025-08-14 10:07:43.824760,50.502636100769045,6.127186298370361
1755158863.826153,2025-08-14 10:07:43.826153,50.50265970420838,6.128579378128052
1755158863.8275242,2025-08-14 10:07:43.827524,50.50268354606629,6.129950523376465
1755158863.8288774,2025-08-14 10:07:43.828877,50.502705003738406,6.131303787231445
1755158863.8301992,2025-08-14 10:07:43.830199,50.50272574615479,6.132625579833984
1755158863.8315136,2025-08-14 10:07:43.831514,50.50274672698975,6.133939981460571
1755158863.8327897,2025-08-14 10:07:43.832790,50.50276723098755,6.135215997695923
1755158863.8340387,2025-08-14 10:07:43.834039,50.50278821182251,6.136465072631836
1755158863.835284,2025-08-14 10:07:43.835284,50.502808954238894,6.137710332870483
1755158863.8364913,2025-08-14 10:07:43.836491,50.5028294582367,6.138917684555054
1755158863.8376877,2025-08-14 10:07:43.837688,50.5028499622345,6.140114068984985
1755158863.83887,2025-08-14 10:07:43.838870,50.5028704662323,6.14129638671875
1755158863.8400173,2025-08-14 10:07:43.840017,50.502891208648684,6.142443656921387
1755158863.8411558,2025-08-14 10:07:43.841156,50.50291123580933,6.143582105636597
1755158863.8422716,2025-08-14 10:07:43.842272,50.50293197822571,6.144697904586792
1755158863.8433704,2025-08-14 10:07:43.843370,50.502957012176516,6.145796775817871
1755158863.8444293,2025-08-14 10:07:43.844429,50.50298037719727,6.146855592727661
1755158863.8454669,2025-08-14 10:07:43.845467,50.50300088119507,6.147893190383911
1755158863.8464906,2025-08-14 10:07:43.846491,50.50302186203003,6.148916959762573
1755158863.8474984,2025-08-14 10:07:43.847498,50.503042127609255,6.1499247550964355
1755158863.848467,2025-08-14 10:07:43.848467,50.50306549263001,6.150893449783325
1755158863.8494253,2025-08-14 10:07:43.849425,50.50308599662781,6.151851654052734
1755158863.850357,2025-08-14 10:07:43.850357,50.50310650062561,6.152783393859863
1755158863.8512676,2025-08-14 10:07:43.851268,50.50312628936768,6.153693914413452
1755158863.8521461,2025-08-14 10:07:43.852146,50.5031465549469,6.154572486877441
1755158863.853009,2025-08-14 10:07:43.853009,50.503166820526125,6.15543532371521
1755158863.8538601,2025-08-14 10:07:43.853860,52.37332942326077,6.1562864780426025
1755158863.8545403,2025-08-14 10:07:43.854540,52.37432942326077,6.156966686248779
1755158863.856502,2025-08-14 10:07:43.856502,52.37410180473328,6.158928394317627
1755158863.8584437,2025-08-14 10:07:43.858444,52.374139713287356,6.16087007522583
1755158863.8603423,2025-08-14 10:07:43.860342,52.37417023086548,6.162768602371216
1755158863.8622065,2025-08-14 10:07:43.862206,52.37419454956055,6.164632797241211
1755158863.8640468,2025-08-14 10:07:43.864047,52.37421862983704,6.166473150253296
1755158863.8658369,2025-08-14 10:07:43.865837,52.37424485588074,6.16826319694519
1755158863.867612,2025-08-14 10:07:43.867612,52.37427179718018,6.170038223266602
1755158863.869351,2025-08-14 10:07:43.869351,52.37429492378235,6.171777248382568
1755158863.871092,2025-08-14 10:07:43.871092,52.374317573547366,6.173518419265747
1755158863.8728008,2025-08-14 10:07:43.872801,52.3743457069397,6.175227165222168
1755158863.8744876,2025-08-14 10:07:43.874488,52.374368356704714,6.1769139766693115
1755158863.8761587,2025-08-14 10:07:43.876159,52.374389575958254,6.178585052490234
1755158863.8777995,2025-08-14 10:07:43.877800,52.37441007995606,6.180225849151611
1755158863.8794234,2025-08-14 10:07:43.879423,52.37443082237244,6.181849718093872
1755158863.881012,2025-08-14 10:07:43.881012,52.3744518032074,6.183438301086426
1755158863.8825846,2025-08-14 10:07:43.882585,52.37447302246094,6.18501091003418
1755158863.8841357,2025-08-14 10:07:43.884136,52.37449734115601,6.1865620613098145
1755158863.8856611,2025-08-14 10:07:43.885661,52.37451879882813,6.188087463378906
1755158863.8871603,2025-08-14 10:07:43.887160,52.37453906440735,6.189586639404297
1755158863.8886309,2025-08-14 10:07:43.888631,52.374679016113284,6.191057205200195
1755158863.8900805,2025-08-14 10:07:43.890080,52.37470571899414,6.192506790161133
1755158863.8915262,2025-08-14 10:07:43.891526,52.374729084014895,6.193952560424805
1755158863.8929367,2025-08-14 10:07:43.892937,52.37475435638428,6.1953630447387695
1755158863.8943267,2025-08-14 10:07:43.894327,52.37477629089356,6.196753025054932
1755158863.8956976,2025-08-14 10:07:43.895698,52.37479703330994,6.198123931884766
1755158863.8970413,2025-08-14 10:07:43.897041,52.374818967819216,6.199467658996582
1755158863.898369,2025-08-14 10:07:43.898369,52.374840425491335,6.200795412063599
1755158863.89968,2025-08-14 10:07:43.899680,52.374861406326296,6.202106237411499
1755158863.9009666,2025-08-14 10:07:43.900967,52.37488238716126,6.20339298248291
1755158863.902228,2025-08-14 10:07:43.902228,52.3749024143219,6.2046544551849365
1755158863.9034827,2025-08-14 10:07:43.903483,52.374925302505495,6.205909013748169
1755158863.9046998,2025-08-14 10:07:43.904700,52.374946998596194,6.207126140594482
1755158863.9059005,2025-08-14 10:07:43.905900,52.374968217849734,6.208326816558838
1755158863.9071043,2025-08-14 10:07:43.907104,52.374988960266116,6.209530591964722
1755158863.9082708,2025-08-14 10:07:43.908271,52.37500874900818,6.210697174072266
1755158863.9094296,2025-08-14 10:07:43.909430,52.37502949142456,6.211855888366699
1755158863.9105465,2025-08-14 10:07:43.910547,52.375049995422366,6.21297287940979
1755158863.9117577,2025-08-14 10:07:43.911758,52.37507049942017,6.214184045791626
1755158863.9128504,2025-08-14 10:07:43.912850,52.3750941028595,6.215276718139648
1755158863.9138954,2025-08-14 10:07:43.913895,52.37511556053162,6.216321706771851
1755158863.914925,2025-08-14 10:07:43.914925,52.37513677978516,6.21735143661499
1755158863.9159267,2025-08-14 10:07:43.915927,52.3751579990387,6.218353033065796
1755158863.9169037,2025-08-14 10:07:43.916904,52.37517897987366,6.219330072402954
1755158863.9178653,2025-08-14 10:07:43.917865,52.375201629638674,6.220291614532471
1755158863.9188085,2025-08-14 10:07:43.918808,52.37522380256653,6.2212347984313965
1755158863.9197168,2025-08-14 10:07:43.919717,52.37524835968018,6.222143173217773
1755158863.9206083,2025-08-14 10:07:43.920608,52.375270294189455,6.223034620285034
1755158863.9215531,2025-08-14 10:07:43.921553,52.37529079818726,6.223979473114014
1755158863.9223957,2025-08-14 10:07:43.922396,52.37531154060364,6.224822044372559
1755158863.9232411,2025-08-14 10:07:43.923241,53.07710047902476,6.225667476654053
1755158863.9239016,2025-08-14 10:07:43.923902,53.078100479024755,6.226327896118164
1755158863.9257212,2025-08-14 10:07:43.925721,53.07810752677918,6.228147506713867
1755158863.927644,2025-08-14 10:07:43.927644,53.078147819519046,6.230070352554321
1755158863.9295208,2025-08-14 10:07:43.929521,53.07818167495728,6.231947183609009
1755158863.9313726,2025-08-14 10:07:43.931373,53.078209331512454,6.233798980712891
1755158863.9331868,2025-08-14 10:07:43.933187,53.078235319137576,6.235613107681274
1755158863.934983,2025-08-14 10:07:43.934983,53.078259637832645,6.237409353256226
1755158863.9367425,2025-08-14 10:07:43.936743,53.0782830028534,6.239168882369995
1755158863.9384747,2025-08-14 10:07:43.938475,53.078304937362674,6.240900993347168
1755158863.9402022,2025-08-14 10:07:43.940202,53.07833020973206,6.242628574371338
1755158863.941894,2025-08-14 10:07:43.941894,53.078355243682864,6.244320392608643
1755158863.9435768,2025-08-14 10:07:43.943577,53.07837813186646,6.246003150939941
1755158863.945221,2025-08-14 10:07:43.945221,53.078400304794314,6.247647285461426
1755158863.9468572,2025-08-14 10:07:43.946857,53.07842271614075,6.2492835521698
1755158863.9484563,2025-08-14 10:07:43.948456,53.07844417381287,6.250882625579834
1755158863.9500306,2025-08-14 10:07:43.950031,53.07846515464783,6.252456903457642
1755158863.9515984,2025-08-14 10:07:43.951598,53.07848589706421,6.2540247440338135
1755158863.95313,2025-08-14 10:07:43.953130,53.078506639480594,6.255556344985962
1755158863.9546542,2025-08-14 10:07:43.954654,53.078527620315555,6.257080554962158
1755158863.9561417,2025-08-14 10:07:43.956142,53.07855193901062,6.258568048477173
1755158863.9576087,2025-08-14 10:07:43.957609,53.078572919845584,6.260035037994385
1755158863.9590595,2025-08-14 10:07:43.959059,53.078593662261966,6.261485815048218
1755158863.9604845,2025-08-14 10:07:43.960485,53.07861440467835,6.262910842895508
1755158863.961881,2025-08-14 10:07:43.961881,53.07863538551331,6.264307260513306
1755158863.963299,2025-08-14 10:07:43.963299,53.078662803649905,6.265725374221802
1755158863.9646564,2025-08-14 10:07:43.964656,53.078683784484866,6.267082691192627
1755158863.965986,2025-08-14 10:07:43.965986,53.07870428848267,6.268412351608276
1755158863.9673104,2025-08-14 10:07:43.967310,53.07872526931763,6.2697367668151855
1755158863.9685974,2025-08-14 10:07:43.968597,53.07874625015259,6.271023750305176
1755158863.96987,2025-08-14 10:07:43.969870,53.078766754150394,6.27229642868042
1755158863.9711206,2025-08-14 10:07:43.971121,53.07878678131104,6.273546934127808
1755158863.972345,2025-08-14 10:07:43.972345,53.07880680847168,6.274771451950073
1755158863.9735398,2025-08-14 10:07:43.973540,53.078827074050906,6.275966167449951
1755158863.9747212,2025-08-14 10:07:43.974721,53.07884710121155,6.277147531509399
1755158863.9758837,2025-08-14 10:07:43.975884,53.078867366790774,6.278310060501099
1755158863.9770179,2025-08-14 10:07:43.977018,53.078890970230105,6.279444217681885
1755158863.978138,2025-08-14 10:07:43.978138,53.078912189483646,6.280564308166504
1755158863.9792614,2025-08-14 10:07:43.979261,53.078933408737186,6.2816877365112305
1755158863.9803426,2025-08-14 10:07:43.980343,53.07895915794373,6.282768964767456
1755158863.9814005,2025-08-14 10:07:43.981400,53.07898204612732,6.28382682800293
1755158863.9824429,2025-08-14 10:07:43.982443,53.0790039806366,6.284869194030762
1755158863.983459,2025-08-14 10:07:43.983459,53.079026630401614,6.285885334014893
1755158863.98445,2025-08-14 10:07:43.984450,53.07904928016663,6.286876440048218
1755158863.985415,2025-08-14 10:07:43.985415,53.079071691513064,6.287841320037842
1755158863.98635,2025-08-14 10:07:43.986350,53.079093149185184,6.288776397705078
1755158863.9872806,2025-08-14 10:07:43.987281,53.079114368438724,6.2897069454193115
1755158863.9881728,2025-08-14 10:07:43.988173,53.079135110855105,6.29059910774231
1755158863.9890447,2025-08-14 10:07:43.989045,53.079156091690066,6.291471004486084
1755158863.9898844,2025-08-14 10:07:43.989884,53.07917635726929,6.29231071472168
1755158863.9907181,2025-08-14 10:07:43.990718,53.079196622848514,6.293144464492798
1755158863.9915473,2025-08-14 10:07:43.991547,53.966268037400575,6.293973684310913
1755158863.992191,2025-08-14 10:07:43.992191,53.96726803740057,6.294617414474487
1755158863.9941323,2025-08-14 10:07:43.994132,53.9671003742218,6.296558618545532
1755158863.9960325,2025-08-14 10:07:43.996032,53.9671437664032,6.298458814620972
1755158863.997909,2025-08-14 10:07:43.997909,53.967170946121215,6.30033540725708
1755158863.9997563,2025-08-14 10:07:43.999756,53.96719574165344,6.302182674407959
1755158864.0015657,2025-08-14 10:07:44.001566,53.96721982192993,6.303992033004761
1755158864.0033412,2025-08-14 10:07:44.003341,53.967244140625,6.30576753616333
1755158864.0050912,2025-08-14 10:07:44.005091,53.96726726722717,6.3075175285339355
1755158864.0068183,2025-08-14 10:07:44.006818,53.96728967857361,6.309244632720947
1755158864.0085344,2025-08-14 10:07:44.008534,53.967311374664305,6.31096076965332
1755158864.0102057,2025-08-14 10:07:44.010206,53.9673342628479,6.312632083892822
1755158864.011905,2025-08-14 10:07:44.011905,53.96735619735718,6.314331293106079
1755158864.0135381,2025-08-14 10:07:44.013538,53.96737741661072,6.315964460372925
1755158864.0151637,2025-08-14 10:07:44.015164,53.9675190372467,6.317589998245239
1755158864.0167494,2025-08-14 10:07:44.016749,53.967547885894774,6.319175720214844
1755158864.018325,2025-08-14 10:07:44.018325,53.967572681427,6.320751428604126
1755158864.0198774,2025-08-14 10:07:44.019877,53.9675989074707,6.322303771972656
1755158864.0214105,2025-08-14 10:07:44.021410,53.96762155723572,6.323836803436279
1755158864.0229182,2025-08-14 10:07:44.022918,53.96764396858215,6.325344562530518
1755158864.0244038,2025-08-14 10:07:44.024404,53.96766590309143,6.326830148696899
1755158864.0258517,2025-08-14 10:07:44.025852,53.96768974494934,6.328278064727783
1755158864.0272963,2025-08-14 10:07:44.027296,53.967719785690306,6.32972264289856
1755158864.028704,2025-08-14 10:07:44.028704,53.967743865966796,6.331130266189575
1755158864.0301027,2025-08-14 10:07:44.030103,53.96776627731323,6.332529067993164
1755158864.0314803,2025-08-14 10:07:44.031480,53.96778821182251,6.333906650543213
1755158864.0328338,2025-08-14 10:07:44.032834,53.967810384750365,6.3352601528167725
1755158864.0341523,2025-08-14 10:07:44.034152,53.96783518028259,6.336578607559204
1755158864.0354645,2025-08-14 10:07:44.035465,53.96785711479187,6.337890863418579
1755158864.0367393,2025-08-14 10:07:44.036739,53.96787809562683,6.339165687561035
1755158864.0379953,2025-08-14 10:07:44.037995,53.96789955329895,6.340421676635742
1755158864.0392451,2025-08-14 10:07:44.039245,53.967924348831176,6.341671466827393
1755158864.0404572,2025-08-14 10:07:44.040457,53.96794795227051,6.342883586883545
1755158864.0416913,2025-08-14 10:07:44.041691,53.96797107887268,6.344117641448975
1755158864.0428789,2025-08-14 10:07:44.042879,53.96799301338196,6.3453052043914795
1755158864.0440269,2025-08-14 10:07:44.044027,53.968014947891234,6.3464531898498535
1755158864.0451536,2025-08-14 10:07:44.045154,53.96803640556335,6.3475799560546875
1755158864.0462554,2025-08-14 10:07:44.046255,53.96805810165405,6.348681688308716
1755158864.0473542,2025-08-14 10:07:44.047354,53.96807932090759,6.349780559539795
1755158864.0484202,2025-08-14 10:07:44.048420,53.96810030174255,6.350846529006958
1755158864.0494576,2025-08-14 10:07:44.049458,53.96812128257751,6.351883888244629
1755158864.0504699,2025-08-14 10:07:44.050470,53.968144886016844,6.352896213531494
1755158864.051462,2025-08-14 10:07:44.051462,53.968165866851805,6.353888273239136
1755158864.0524232,2025-08-14 10:07:44.052423,53.968187324523925,6.354849576950073
1755158864.0533662,2025-08-14 10:07:44.053366,53.968208066940306,6.35579252243042
1755158864.0542796,2025-08-14 10:07:44.054280,53.96823190879822,6.356705904006958
1755158864.0552015,2025-08-14 10:07:44.055202,53.968253366470336,6.357627868652344
1755158864.0560765,2025-08-14 10:07:44.056077,53.9682743473053,6.3585028648376465
1755158864.0569277,2025-08-14 10:07:44.056928,53.96829532814026,6.359354019165039
1755158864.0577476,2025-08-14 10:07:44.057748,53.9683165473938,6.360173940658569
1755158864.0585418,2025-08-14 10:07:44.058542,53.96833752822876,6.360968112945557
1755158864.0593534,2025-08-14 10:07:44.059353,54.00140396800649,6.361779689788818
1755158864.0599813,2025-08-14 10:07:44.059981,54.00240396800649,6.362407684326172
1755158864.0617123,2025-08-14 10:07:44.061712,54.00210228157044,6.364138603210449
1755158864.06359,2025-08-14 10:07:44.063590,54.002139713287356,6.366016387939453
1755158864.0654328,2025-08-14 10:07:44.065433,54.002166416168215,6.367859125137329
1755158864.0672457,2025-08-14 10:07:44.067246,54.00219145011902,6.369672060012817
1755158864.069045,2025-08-14 10:07:44.069045,54.00221529197693,6.371471405029297
1755158864.0707953,2025-08-14 10:07:44.070795,54.002240802764895,6.3732216358184814
1755158864.0725348,2025-08-14 10:07:44.072535,54.00226392936707,6.3749611377716064
1755158864.074236,2025-08-14 10:07:44.074236,54.00228991699219,6.376662254333496
1755158864.075916,2025-08-14 10:07:44.075916,54.002312328338625,6.378342390060425
1755158864.0775712,2025-08-14 10:07:44.077571,54.00233760070801,6.379997491836548
1755158864.0792081,2025-08-14 10:07:44.079208,54.002360012054446,6.381634473800659
1755158864.0808241,2025-08-14 10:07:44.080824,54.002381231307986,6.38325047492981
1755158864.0824103,2025-08-14 10:07:44.082410,54.00240221214295,6.384836673736572
1755158864.0839915,2025-08-14 10:07:44.083992,54.002424146652224,6.386417865753174
1755158864.0855381,2025-08-14 10:07:44.085538,54.0024460811615,6.387964487075806
1755158864.087069,2025-08-14 10:07:44.087069,54.00246730041504,6.389495372772217
1755158864.0885618,2025-08-14 10:07:44.088562,54.00248851966858,6.390988111495972
1755158864.0900373,2025-08-14 10:07:44.090037,54.00250950050354,6.392463684082031
1755158864.0914962,2025-08-14 10:07:44.091496,54.002530004501345,6.393922567367554
1755158864.0929313,2025-08-14 10:07:44.092931,54.00255050849915,6.395357608795166
1755158864.0943303,2025-08-14 10:07:44.094330,54.00257077407837,6.396756649017334
1755158864.0957184,2025-08-14 10:07:44.095718,54.00259223175049,6.398144721984863
1755158864.0970676,2025-08-14 10:07:44.097068,54.00261368942261,6.399493932723999
1755158864.0984154,2025-08-14 10:07:44.098415,54.00263562393189,6.40084171295166
1755158864.0997472,2025-08-14 10:07:44.099747,54.00265684318543,6.4021735191345215
1755158864.101042,2025-08-14 10:07:44.101042,54.002684261322024,6.403468370437622
1755158864.102313,2025-08-14 10:07:44.102313,54.00270595741272,6.4047393798828125
1755158864.103565,2025-08-14 10:07:44.103565,54.002726699829104,6.405991315841675
1755158864.1047966,2025-08-14 10:07:44.104797,54.002747680664065,6.4072229862213135
1755158864.105995,2025-08-14 10:07:44.105995,54.00276818466187,6.408421277999878
1755158864.107181,2025-08-14 10:07:44.107181,54.00278845024109,6.409607410430908
1755158864.10834,2025-08-14 10:07:44.108340,54.002808715820315,6.410766363143921
1755158864.109478,2025-08-14 10:07:44.109478,54.00282850456238,6.411904335021973
1755158864.1106207,2025-08-14 10:07:44.110621,54.00284924697876,6.4130470752716064
1755158864.111764,2025-08-14 10:07:44.111764,54.0028704662323,6.414190292358398
1755158864.112842,2025-08-14 10:07:44.112842,54.002890731811526,6.415268421173096
1755158864.113892,2025-08-14 10:07:44.113892,54.00291099739075,6.416318416595459
1755158864.1149325,2025-08-14 10:07:44.114933,54.00293173980713,6.417358875274658
1755158864.1159687,2025-08-14 10:07:44.115969,54.002951766967776,6.418395042419434
1755158864.1169543,2025-08-14 10:07:44.116954,54.00297417831421,6.4193806648254395
1755158864.11791,2025-08-14 10:07:44.117910,54.002994443893435,6.4203362464904785
1755158864.1188574,2025-08-14 10:07:44.118857,54.00301733207703,6.421283721923828
1755158864.119797,2025-08-14 10:07:44.119797,54.00303783607483,6.422223329544067
1755158864.1206987,2025-08-14 10:07:44.120699,54.003057863235476,6.4231250286102295
1755158864.1215827,2025-08-14 10:07:44.121583,54.00307860565186,6.424009084701538
1755158864.1224263,2025-08-14 10:07:44.122426,54.00309934806824,6.424852609634399
1755158864.1232853,2025-08-14 10:07:44.123285,54.00311985206604,6.425711631774902
1755158864.1240857,2025-08-14 10:07:44.124086,54.003140117645266,6.426512002944946
1755158864.1248643,2025-08-14 10:07:44.124864,54.00316276741028,6.427290678024292
1755158864.125637,2025-08-14 10:07:44.125637,54.27945255655232,6.42806339263916
1755158864.1262367,2025-08-14 10:07:44.126237,54.28045255655232,6.428663015365601
1755158864.1281736,2025-08-14 10:07:44.128174,54.28011992454529,6.430599927902222
1755158864.1300297,2025-08-14 10:07:44.130030,54.28016140937805,6.432456016540527
1755158864.1318655,2025-08-14 10:07:44.131866,54.28018954277039,6.434291839599609
1755158864.1336584,2025-08-14 10:07:44.133658,54.28021505355835,6.436084747314453
1755158864.135419,2025-08-14 10:07:44.135419,54.28023984909058,6.437845230102539
1755158864.137137,2025-08-14 10:07:44.137137,54.28039219856262,6.439563274383545
1755158864.1388335,2025-08-14 10:07:44.138834,54.28042152404785,6.441259860992432
1755158864.1405008,2025-08-14 10:07:44.140501,54.28044584274292,6.442927122116089
1755158864.1421385,2025-08-14 10:07:44.142138,54.280468730926515,6.4445648193359375
1755158864.143766,2025-08-14 10:07:44.143766,54.28049138069153,6.446192264556885
1755158864.1453612,2025-08-14 10:07:44.145361,54.2805145072937,6.447787523269653
1755158864.146946,2025-08-14 10:07:44.146946,54.28053691864014,6.449372291564941
1755158864.1484995,2025-08-14 10:07:44.148499,54.280559091567994,6.450925827026367
1755158864.1500287,2025-08-14 10:07:44.150029,54.28058078765869,6.452455043792725
1755158864.151558,2025-08-14 10:07:44.151558,54.2806058216095,6.453984260559082
1755158864.1530457,2025-08-14 10:07:44.153046,54.280627994537355,6.455471992492676
1755158864.1545234,2025-08-14 10:07:44.154523,54.280649213790895,6.456949710845947
1755158864.156012,2025-08-14 10:07:44.156012,54.28067687034607,6.458438396453857
1755158864.1574523,2025-08-14 10:07:44.157452,54.28069808959961,6.45987868309021
1755158864.158871,2025-08-14 10:07:44.158871,54.28071954727173,6.461297273635864
1755158864.1602502,2025-08-14 10:07:44.160250,54.28074052810669,6.462676525115967
1755158864.1616082,2025-08-14 10:07:44.161608,54.28077223777771,6.464034557342529
1755158864.162954,2025-08-14 10:07:44.162954,54.280794887542726,6.465380430221558
1755158864.164272,2025-08-14 10:07:44.164272,54.280816106796266,6.466698408126831
1755158864.1655576,2025-08-14 10:07:44.165558,54.280837326049806,6.467983961105347
1755158864.1668422,2025-08-14 10:07:44.166842,54.2808659362793,6.469268560409546
1755158864.16809,2025-08-14 10:07:44.168090,54.280888109207154,6.4705164432525635
1755158864.1693196,2025-08-14 10:07:44.169320,54.280909090042115,6.47174596786499
1755158864.1705248,2025-08-14 10:07:44.170525,54.28093221664429,6.472951173782349
1755158864.171719,2025-08-14 10:07:44.171719,54.28095248222351,6.474145412445068
1755158864.1728868,2025-08-14 10:07:44.172887,54.280972509384156,6.475313186645508
1755158864.1740189,2025-08-14 10:07:44.174019,54.28099277496338,6.476445198059082
1755158864.175141,2025-08-14 10:07:44.175141,54.281012325286866,6.477567434310913
1755158864.1762486,2025-08-14 10:07:44.176249,54.28103282928467,6.47867488861084
1755158864.1773214,2025-08-14 10:07:44.177321,54.28105357170105,6.479747772216797
1755158864.1783774,2025-08-14 10:07:44.178377,54.281073598861695,6.480803728103638
1755158864.1794162,2025-08-14 10:07:44.179416,54.28109338760376,6.481842517852783
1755158864.180419,2025-08-14 10:07:44.180419,54.281121520996095,6.482845306396484
1755158864.181403,2025-08-14 10:07:44.181403,54.28114345550537,6.4838292598724365
1755158864.1823626,2025-08-14 10:07:44.182363,54.28116729736328,6.48478889465332
1755158864.1833096,2025-08-14 10:07:44.183310,54.28118827819824,6.485735893249512
1755158864.1842296,2025-08-14 10:07:44.184230,54.281209259033204,6.486655950546265
1755158864.1851208,2025-08-14 10:07:44.185121,54.281238584518434,6.487547159194946
1755158864.1859937,2025-08-14 10:07:44.185994,54.28126147270203,6.488420009613037
1755158864.1868572,2025-08-14 10:07:44.186857,54.281283168792726,6.489283561706543
1755158864.1876893,2025-08-14 10:07:44.187689,54.281304626464845,6.490115642547607
1755158864.1884937,2025-08-14 10:07:44.188494,54.28132632255554,6.490920066833496
1755158864.1892688,2025-08-14 10:07:44.189269,54.28134658813477,6.491695165634155
1755158864.1900249,2025-08-14 10:07:44.190025,54.28136637687683,6.492451190948486
1755158864.1907914,2025-08-14 10:07:44.190791,55.87599520916326,6.493217706680298
1755158864.1925926,2025-08-14 10:07:44.192593,55.876096321105955,6.49501895904541
1755158864.1944234,2025-08-14 10:07:44.194423,55.87614972686767,6.496849775314331
1755158864.1962276,2025-08-14 10:07:44.196228,55.876178813934324,6.498653888702393
1755158864.19798,2025-08-14 10:07:44.197980,55.87620337104797,6.500406265258789
1755158864.1997132,2025-08-14 10:07:44.199713,55.876228881835935,6.502139568328857
1755158864.2013962,2025-08-14 10:07:44.201396,55.876252962112424,6.503822565078735
1755158864.2030742,2025-08-14 10:07:44.203074,55.876276565551755,6.505500555038452
1755158864.2047224,2025-08-14 10:07:44.204722,55.876300407409666,6.507148742675781
1755158864.2063558,2025-08-14 10:07:44.206356,55.8763228187561,6.508782148361206
1755158864.207978,2025-08-14 10:07:44.207978,55.876345945358274,6.510404348373413
1755158864.2095683,2025-08-14 10:07:44.209568,55.87637026405334,6.5119946002960205
1755158864.211142,2025-08-14 10:07:44.211142,55.87639219856262,6.51356840133667
1755158864.2127275,2025-08-14 10:07:44.212728,55.87641389465332,6.515153884887695
1755158864.214237,2025-08-14 10:07:44.214237,55.87643535232544,6.516663312911987
1755158864.2157414,2025-08-14 10:07:44.215741,55.87645609474182,6.518167734146118
1755158864.2172055,2025-08-14 10:07:44.217206,55.8764768371582,6.519631862640381
1755158864.2186615,2025-08-14 10:07:44.218662,55.87649757957458,6.521087884902954
1755158864.2200809,2025-08-14 10:07:44.220081,55.87652213668823,6.522507190704346
1755158864.2214816,2025-08-14 10:07:44.221482,55.87654335594177,6.523907899856567
1755158864.2228625,2025-08-14 10:07:44.222862,55.87656457519531,6.525288820266724
1755158864.2242181,2025-08-14 10:07:44.224218,55.87658555603027,6.526644468307495
1755158864.2255473,2025-08-14 10:07:44.225547,55.876606060028074,6.527973651885986
1755158864.2268631,2025-08-14 10:07:44.226863,55.87662656402588,6.529289484024048
1755158864.228152,2025-08-14 10:07:44.228152,55.876648498535154,6.530578374862671
1755158864.2294085,2025-08-14 10:07:44.229409,55.87667043304443,6.531834840774536
1755158864.230661,2025-08-14 10:07:44.230661,55.87669499015808,6.533087253570557
1755158864.2318845,2025-08-14 10:07:44.231884,55.8767164478302,6.534310817718506
1755158864.2330818,2025-08-14 10:07:44.233082,55.87673742866516,6.535508155822754
1755158864.2342644,2025-08-14 10:07:44.234264,55.87675793266296,6.536690711975098
1755158864.2354324,2025-08-14 10:07:44.235432,55.87677867507934,6.537858724594116
1755158864.2365718,2025-08-14 10:07:44.236572,55.87679894065857,6.538998126983643
1755158864.2376823,2025-08-14 10:07:44.237682,55.87681872940063,6.540108680725098
1755158864.2387857,2025-08-14 10:07:44.238786,55.876839233398435,6.54121208190918
1755158864.239859,2025-08-14 10:07:44.239859,55.87686212158203,6.542285442352295
1755158864.2409036,2025-08-14 10:07:44.240904,55.87688620185852,6.543329954147339
1755158864.2419224,2025-08-14 10:07:44.241922,55.8769069442749,6.54434871673584
1755158864.242937,2025-08-14 10:07:44.242937,55.876926494598386,6.545363426208496
1755158864.243919,2025-08-14 10:07:44.243919,55.87694699859619,6.546345233917236
1755158864.2448802,2025-08-14 10:07:44.244880,55.876966787338255,6.547306537628174
1755158864.2458217,2025-08-14 10:07:44.245822,55.87698943710327,6.548248052597046
1755158864.2467375,2025-08-14 10:07:44.246737,55.877009464263914,6.549163818359375
1755158864.2476294,2025-08-14 10:07:44.247629,55.877030445098875,6.550055742263794
1755158864.2484977,2025-08-14 10:07:44.248498,55.87705094909668,6.550924062728882
1755158864.2493415,2025-08-14 10:07:44.249341,55.87707502937317,6.551767826080322
1755158864.2501726,2025-08-14 10:07:44.250173,55.87709577178955,6.55259895324707
1755158864.2509816,2025-08-14 10:07:44.250982,55.877115560531614,6.553407907485962
1755158864.251773,2025-08-14 10:07:44.251773,55.8771351108551,6.554199457168579
1755158864.2525256,2025-08-14 10:07:44.252526,55.877154899597166,6.554951906204224
1755158864.2532687,2025-08-14 10:07:44.253269,55.87717754936218,6.555695056915283
1755158864.2539952,2025-08-14 10:07:44.253995,56.41096667716351,6.556421518325806
1755158864.255907,2025-08-14 10:07:44.255907,56.41120384788513,6.558333396911621
1755158864.2577212,2025-08-14 10:07:44.257721,56.41124199485779,6.560147523880005
1755158864.259506,2025-08-14 10:07:44.259506,56.41127012825012,6.561932325363159
1755158864.2612474,2025-08-14 10:07:44.261247,56.41129492378235,6.563673734664917
1755158864.262975,2025-08-14 10:07:44.262975,56.41133164024353,6.565401315689087
1755158864.264666,2025-08-14 10:07:44.264666,56.41135572052002,6.567092418670654
1755158864.2663376,2025-08-14 10:07:44.266338,56.41138003921509,6.568763971328735
1755158864.2679844,2025-08-14 10:07:44.267984,56.41140316581726,6.57041072845459
1755158864.2696054,2025-08-14 10:07:44.269605,56.41142510032654,6.572031736373901
1755158864.2712002,2025-08-14 10:07:44.271200,56.41144798851013,6.573626518249512
1755158864.272773,2025-08-14 10:07:44.272773,56.41147039985657,6.575199365615845
1755158864.2743077,2025-08-14 10:07:44.274308,56.411492572784425,6.5767340660095215
1755158864.2758603,2025-08-14 10:07:44.275860,56.41152332878113,6.578286647796631
1755158864.277362,2025-08-14 10:07:44.277362,56.411545978546144,6.579788446426392
1755158864.278856,2025-08-14 10:07:44.278856,56.411568151474,6.581282377243042
1755158864.2803166,2025-08-14 10:07:44.280317,56.41159032440186,6.582742929458618
1755158864.2817507,2025-08-14 10:07:44.281751,56.411612020492555,6.584177017211914
1755158864.283169,2025-08-14 10:07:44.283169,56.41163371658325,6.585595369338989
1755158864.2845616,2025-08-14 10:07:44.284562,56.411654458999635,6.5869879722595215
1755158864.2859263,2025-08-14 10:07:44.285926,56.411675678253175,6.588352680206299
1755158864.2872856,2025-08-14 10:07:44.287286,56.411696659088136,6.589711904525757
1755158864.2886052,2025-08-14 10:07:44.288605,56.41171716308594,6.591031551361084
1755158864.2898939,2025-08-14 10:07:44.289894,56.4117381439209,6.592320203781128
1755158864.2911744,2025-08-14 10:07:44.291174,56.41175888633728,6.593600749969482
1755158864.2924223,2025-08-14 10:07:44.292422,56.41178010559082,6.5948486328125
1755158864.2936573,2025-08-14 10:07:44.293657,56.4118020401001,6.596083641052246
1755158864.2948773,2025-08-14 10:07:44.294877,56.411823974609376,6.597303628921509
1755158864.2960598,2025-08-14 10:07:44.296060,56.41184757804871,6.5984861850738525
1755158864.2972267,2025-08-14 10:07:44.297227,56.41187141990662,6.599653005599976
1755158864.2983649,2025-08-14 10:07:44.298365,56.41189240074158,6.6007912158966064
1755158864.2994955,2025-08-14 10:07:44.299495,56.41191314315796,6.601921796798706
1755158864.3005896,2025-08-14 10:07:44.300590,56.41193388557434,6.603015899658203
1755158864.3016665,2025-08-14 10:07:44.301666,56.4119548664093,6.604092836380005
1755158864.302735,2025-08-14 10:07:44.302735,56.411975608825685,6.605161428451538
1755158864.303767,2025-08-14 10:07:44.303767,56.411996589660646,6.60619330406189
1755158864.3047721,2025-08-14 10:07:44.304772,56.41201685523987,6.607198476791382
1755158864.305761,2025-08-14 10:07:44.305761,56.41203759765625,6.608187437057495
1755158864.3067346,2025-08-14 10:07:44.306735,56.41205834007263,6.609160900115967
1755158864.307678,2025-08-14 10:07:44.307678,56.41207860565186,6.610104322433472
1755158864.3086004,2025-08-14 10:07:44.308600,56.41209910964966,6.611026763916016
1755158864.3094995,2025-08-14 10:07:44.309500,56.41211961364746,6.611925840377808
1755158864.310366,2025-08-14 10:07:44.310366,56.41214345550537,6.612792253494263
1755158864.3112526,2025-08-14 10:07:44.311253,56.412164197921754,6.613678932189941
1755158864.3120906,2025-08-14 10:07:44.312091,56.412184940338136,6.614516973495483
1755158864.3128989,2025-08-14 10:07:44.312899,56.41220854377747,6.615325212478638
1755158864.313674,2025-08-14 10:07:44.313674,56.41222952461243,6.616100311279297
1755158864.3144336,2025-08-14 10:07:44.314434,56.41225002861023,6.6168599128723145
1755158864.31518,2025-08-14 10:07:44.315180,56.412270055770875,6.6176064014434814
1755158864.31589,2025-08-14 10:07:44.315890,56.4122903213501,6.618316411972046
1755158864.316598,2025-08-14 10:07:44.316598,56.600926211076214,6.619024276733398
1755158864.3183753,2025-08-14 10:07:44.318375,56.601093936920165,6.620801687240601
1755158864.3202236,2025-08-14 10:07:44.320224,56.60113160705566,6.622649908065796
1755158864.321994,2025-08-14 10:07:44.321994,56.6011585483551,6.624420404434204
1755158864.3237762,2025-08-14 10:07:44.323776,56.60118334388733,6.626202583312988
1755158864.3254924,2025-08-14 10:07:44.325492,56.60120861625671,6.627918720245361
1755158864.3271873,2025-08-14 10:07:44.327187,56.60124175643921,6.629613637924194
1755158864.3288233,2025-08-14 10:07:44.328823,56.60126535987854,6.631249666213989
1755158864.3304513,2025-08-14 10:07:44.330451,56.60128824806213,6.632877588272095
1755158864.33206,2025-08-14 10:07:44.332060,56.60132043457031,6.634486436843872
1755158864.3336558,2025-08-14 10:07:44.333656,56.60134379959106,6.636082172393799
1755158864.33523,2025-08-14 10:07:44.335230,56.6013662109375,6.6376564502716064
1755158864.3367813,2025-08-14 10:07:44.336781,56.601388860702514,6.639207601547241
1755158864.338305,2025-08-14 10:07:44.338305,56.60141079521179,6.640731334686279
1755158864.339822,2025-08-14 10:07:44.339822,56.60143296813965,6.6422483921051025
1755158864.3418374,2025-08-14 10:07:44.341837,56.60145418739319,6.644263744354248
1755158864.3433385,2025-08-14 10:07:44.343338,56.60147564506531,6.6457648277282715
1755158864.344776,2025-08-14 10:07:44.344776,56.60149686431885,6.647202253341675
1755158864.3461893,2025-08-14 10:07:44.346189,56.601518560409545,6.648615598678589
1755158864.3475943,2025-08-14 10:07:44.347594,56.601539541244506,6.650020599365234
1755158864.3489614,2025-08-14 10:07:44.348961,56.601563859939574,6.651387691497803
1755158864.3503067,2025-08-14 10:07:44.350307,56.601584840774535,6.652733087539673
1755158864.3516357,2025-08-14 10:07:44.351636,56.60160653686523,6.654062032699585
1755158864.352921,2025-08-14 10:07:44.352921,56.601627279281615,6.6553473472595215
1755158864.3541949,2025-08-14 10:07:44.354195,56.601648260116576,6.656621217727661
1755158864.3554463,2025-08-14 10:07:44.355446,56.60167162513733,6.657872676849365
1755158864.3566718,2025-08-14 10:07:44.356672,56.60169308280945,6.659098148345947
1755158864.3578758,2025-08-14 10:07:44.357876,56.60171573257446,6.66030216217041
1755158864.3590658,2025-08-14 10:07:44.359066,56.60173742866516,6.661492109298706
1755158864.3602304,2025-08-14 10:07:44.360230,56.60175840950012,6.662656784057617
1755158864.361367,2025-08-14 10:07:44.361367,56.6017791519165,6.663793325424194
1755158864.362484,2025-08-14 10:07:44.362484,56.601799894332885,6.664910316467285
1755158864.3635821,2025-08-14 10:07:44.363582,56.60182039833069,6.666008472442627
1755158864.364649,2025-08-14 10:07:44.364649,56.60184114074707,6.6670753955841064
1755158864.3657,2025-08-14 10:07:44.365700,56.6018647441864,6.668126344680786
1755158864.3667333,2025-08-14 10:07:44.366733,56.60188667869568,6.669159650802612
1755158864.367732,2025-08-14 10:07:44.367732,56.601908613204955,6.670158386230469
1755158864.3687248,2025-08-14 10:07:44.368725,56.601929594039916,6.671151161193848
1755158864.3696713,2025-08-14 10:07:44.369671,56.60195057487488,6.672097682952881
1755158864.3705966,2025-08-14 10:07:44.370597,56.60197131729126,6.673022985458374
1755158864.371526,2025-08-14 10:07:44.371526,56.60199158287048,6.673952341079712
1755158864.3724074,2025-08-14 10:07:44.372407,56.602014471054076,6.67483377456665
1755158864.3732667,2025-08-14 10:07:44.373267,56.602035928726195,6.675693035125732
1755158864.3741057,2025-08-14 10:07:44.374106,56.602057147979735,6.676532030105591
1755158864.374925,2025-08-14 10:07:44.374925,56.602078367233275,6.677351236343384
1755158864.3757193,2025-08-14 10:07:44.375719,56.6020986328125,6.67814564704895
1755158864.3764837,2025-08-14 10:07:44.376484,56.60211937522888,6.67891001701355
1755158864.3772306,2025-08-14 10:07:44.377231,56.60214154815674,6.679656982421875
1755158864.3779395,2025-08-14 10:07:44.377939,56.60216395950317,6.680365800857544
1755158864.3786325,2025-08-14 10:07:44.378633,56.602190185546874,6.681058883666992
1755158864.3793192,2025-08-14 10:07:44.379319,57.3967680447279,6.681745529174805
1755158864.3810713,2025-08-14 10:07:44.381071,57.397093936920164,6.683497667312622
1755158864.3828573,2025-08-14 10:07:44.382857,57.397131130218504,6.685283660888672
1755158864.384593,2025-08-14 10:07:44.384593,57.39715878677368,6.687019348144531
1755158864.3862956,2025-08-14 10:07:44.386296,57.39718858909607,6.6887218952178955
1755158864.3879843,2025-08-14 10:07:44.387984,57.39721409988403,6.690410614013672
1755158864.389612,2025-08-14 10:07:44.389612,57.39723770332336,6.692038297653198
1755158864.3912222,2025-08-14 10:07:44.391222,57.39726059150696,6.69364857673645
1755158864.3928087,2025-08-14 10:07:44.392809,57.39728371810913,6.695235013961792
1755158864.3943715,2025-08-14 10:07:44.394372,57.397306129455565,6.696797847747803
1755158864.3959217,2025-08-14 10:07:44.395922,57.39732949447632,6.698348045349121
1755158864.3974457,2025-08-14 10:07:44.397446,57.39735262107849,6.699872016906738
1755158864.3989644,2025-08-14 10:07:44.398964,57.39737837028503,6.701390743255615
1755158864.400447,2025-08-14 10:07:44.400447,57.397401735305785,6.702873229980469
1755158864.4019227,2025-08-14 10:07:44.401923,57.39742366981506,6.704349040985107
1755158864.403389,2025-08-14 10:07:44.403389,57.3974460811615,6.705815315246582
1755158864.4048233,2025-08-14 10:07:44.404823,57.397467777252196,6.707249641418457
1755158864.4062219,2025-08-14 10:07:44.406222,57.397489473342894,6.708648204803467
1755158864.4076068,2025-08-14 10:07:44.407607,57.39751212310791,6.710033178329468
1755158864.4089541,2025-08-14 10:07:44.408954,57.39753358078003,6.711380481719971
1755158864.4102867,2025-08-14 10:07:44.410287,57.39755480003357,6.712713003158569
1755158864.411625,2025-08-14 10:07:44.411625,57.39757578086853,6.714051246643066
1755158864.4129293,2025-08-14 10:07:44.412929,57.39760415267944,6.715355634689331
1755158864.4141922,2025-08-14 10:07:44.414192,57.39762680244446,6.716618537902832
1755158864.415435,2025-08-14 10:07:44.415435,57.397648260116576,6.7178614139556885
1755158864.416654,2025-08-14 10:07:44.416654,57.39766924095154,6.719080448150635
1755158864.4178448,2025-08-14 10:07:44.417845,57.39769499015808,6.720271110534668
1755158864.4190335,2025-08-14 10:07:44.419034,57.39771954727173,6.721459865570068
1755158864.4201841,2025-08-14 10:07:44.420184,57.39774052810669,6.7226104736328125
1755158864.421319,2025-08-14 10:07:44.421319,57.39776150894165,6.723745346069336
1755158864.4224446,2025-08-14 10:07:44.422445,57.39778177452087,6.724870920181274
1755158864.4235382,2025-08-14 10:07:44.423538,57.39780180168152,6.725964546203613
1755158864.4245973,2025-08-14 10:07:44.424597,57.39782206726074,6.727023601531982
1755158864.425626,2025-08-14 10:07:44.425626,57.397842094421385,6.728052377700806
1755158864.4266407,2025-08-14 10:07:44.426641,57.397863075256346,6.729067087173462
1755158864.427638,2025-08-14 10:07:44.427638,57.39788310241699,6.730064392089844
1755158864.428598,2025-08-14 10:07:44.428598,57.397903367996214,6.731024265289307
1755158864.4295373,2025-08-14 10:07:44.429537,57.397924110412596,6.731963634490967
1755158864.430461,2025-08-14 10:07:44.430461,57.39794485282898,6.732887268066406
1755158864.431366,2025-08-14 10:07:44.431366,57.3979651184082,6.733792304992676
1755158864.4322538,2025-08-14 10:07:44.432254,57.398003980636595,6.73468017578125
1755158864.4331133,2025-08-14 10:07:44.433113,57.39802996826172,6.735539674758911
1755158864.4339628,2025-08-14 10:07:44.433963,57.398052141189574,6.73638916015625
1755158864.4347835,2025-08-14 10:07:44.434783,57.39807383728027,6.737209796905518
1755158864.4355779,2025-08-14 10:07:44.435578,57.398094341278075,6.738004207611084
1755158864.4363391,2025-08-14 10:07:44.436339,57.39811413002014,6.738765478134155
1755158864.437073,2025-08-14 10:07:44.437073,57.398134157180785,6.73949933052063
1755158864.4377837,2025-08-14 10:07:44.437784,57.39815442276001,6.740210056304932
1755158864.43847,2025-08-14 10:07:44.438470,57.39817492675781,6.740896224975586
1755158864.4391427,2025-08-14 10:07:44.439143,57.398194953918455,6.7415690422058105
1755158864.4398112,2025-08-14 10:07:44.439811,58.61092844033866,6.742237567901611
1755158864.4416478,2025-08-14 10:07:44.441648,58.611093460083005,6.744074106216431
1755158864.4433868,2025-08-14 10:07:44.443387,58.611130414962766,6.7458131313323975
1755158864.4450772,2025-08-14 10:07:44.445077,58.61115664100647,6.7475035190582275
1755158864.4467573,2025-08-14 10:07:44.446757,58.61118286705017,6.749183654785156
1755158864.448406,2025-08-14 10:07:44.448406,58.611212669372556,6.7508323192596436
1755158864.449998,2025-08-14 10:07:44.449998,58.61123794174194,6.752424240112305
1755158864.4515831,2025-08-14 10:07:44.451583,58.61126154518127,6.754009485244751
1755158864.4531262,2025-08-14 10:07:44.453126,58.61128347969055,6.755552530288696
1755158864.4546583,2025-08-14 10:07:44.454658,58.61130517578125,6.757084608078003
1755158864.4561658,2025-08-14 10:07:44.456166,58.611326633453366,6.758592128753662
1755158864.4576564,2025-08-14 10:07:44.457656,58.6113490447998,6.760082721710205
1755158864.4591331,2025-08-14 10:07:44.459133,58.61137097930908,6.76155948638916
1755158864.4605923,2025-08-14 10:07:44.460592,58.61139196014404,6.763018608093262
1755158864.462016,2025-08-14 10:07:44.462016,58.61141270256042,6.764442443847656
1755158864.4634304,2025-08-14 10:07:44.463430,58.611432968139646,6.765856742858887
1755158864.4648068,2025-08-14 10:07:44.464807,58.61145323371887,6.76723313331604
1755158864.4661582,2025-08-14 10:07:44.466158,58.611473022460935,6.768584489822388
1755158864.467504,2025-08-14 10:07:44.467504,58.61149352645874,6.769930362701416
1755158864.4688067,2025-08-14 10:07:44.468807,58.61151760673523,6.771233081817627
1755158864.4701166,2025-08-14 10:07:44.470117,58.61153811073303,6.772542953491211
1755158864.4713979,2025-08-14 10:07:44.471398,58.61156195259094,6.773824214935303
1755158864.4726512,2025-08-14 10:07:44.472651,58.61158269500732,6.77507758140564
1755158864.4738717,2025-08-14 10:07:44.473872,58.611603199005124,6.7762980461120605
1755158864.475092,2025-08-14 10:07:44.475092,58.61162298774719,6.777518272399902
1755158864.4762802,2025-08-14 10:07:44.476280,58.61164373016357,6.7787065505981445
1755158864.477435,2025-08-14 10:07:44.477435,58.611666856765744,6.7798614501953125
1755158864.478572,2025-08-14 10:07:44.478572,58.61168831443786,6.780998229980469
1755158864.4796958,2025-08-14 10:07:44.479696,58.61170977210998,6.7821221351623535
1755158864.480782,2025-08-14 10:07:44.480782,58.611730514526364,6.78320837020874
1755158864.4818544,2025-08-14 10:07:44.481854,58.611751733779904,6.784280776977539
1755158864.4829102,2025-08-14 10:07:44.482910,58.611772714614865,6.785336494445801
1755158864.4839272,2025-08-14 10:07:44.483927,58.61179584121704,6.786353588104248
1755158864.4849324,2025-08-14 10:07:44.484932,58.61182159042358,6.78735876083374
1755158864.4859126,2025-08-14 10:07:44.485913,58.61184519386291,6.788338899612427
1755158864.4868784,2025-08-14 10:07:44.486878,58.61186784362793,6.789304733276367
1755158864.4878247,2025-08-14 10:07:44.487825,58.61188906288147,6.790251016616821
1755158864.488739,2025-08-14 10:07:44.488739,58.61190956687927,6.791165351867676
1755158864.4896274,2025-08-14 10:07:44.489627,58.612038312911984,6.792053699493408
1755158864.4904983,2025-08-14 10:07:44.490498,58.61206549263,6.792924642562866
1755158864.4913538,2025-08-14 10:07:44.491354,58.6120929107666,6.793780088424683
1755158864.4921725,2025-08-14 10:07:44.492172,58.61211556053161,6.794598817825317
1755158864.4929745,2025-08-14 10:07:44.492975,58.61213797187805,6.795400857925415
1755158864.493755,2025-08-14 10:07:44.493755,58.612159906387326,6.7961814403533936
1755158864.4945037,2025-08-14 10:07:44.494504,58.612181364059445,6.7969300746917725
1755158864.4952476,2025-08-14 10:07:44.495248,58.612202344894406,6.797673940658569
1755158864.4959555,2025-08-14 10:07:44.495955,58.61222332572937,6.798381805419922
1755158864.4966528,2025-08-14 10:07:44.496653,58.61224740600586,6.799079179763794
1755158864.4973176,2025-08-14 10:07:44.497318,58.61227220153808,6.799743890762329
1755158864.4979577,2025-08-14 10:07:44.497958,58.6122936592102,6.800384044647217
1755158864.4985921,2025-08-14 10:07:44.498592,59.73327772713677,6.801018476486206
1755158864.499079,2025-08-14 10:07:44.499079,59.73427772713677,6.8015053272247314
1755158864.5006783,2025-08-14 10:07:44.500678,59.73409894371033,6.803104639053345
1755158864.502396,2025-08-14 10:07:44.502396,59.73413518333435,6.8048224449157715
1755158864.504097,2025-08-14 10:07:44.504097,59.73416212463379,6.806523323059082
1755158864.505756,2025-08-14 10:07:44.505756,59.73418692016602,6.808182239532471
1755158864.5073876,2025-08-14 10:07:44.507388,59.73421028518677,6.809813976287842
1755158864.5089839,2025-08-14 10:07:44.508984,59.734235557556154,6.811410188674927
1755158864.51055,2025-08-14 10:07:44.510550,59.73425963783264,6.812976360321045
1755158864.5121322,2025-08-14 10:07:44.512132,59.734283002853395,6.814558506011963
1755158864.5136526,2025-08-14 10:07:44.513653,59.73430493736267,6.8160789012908936
1755158864.5151584,2025-08-14 10:07:44.515158,59.73432925605774,6.817584753036499
1755158864.5166419,2025-08-14 10:07:44.516642,59.73435667419434,6.819068193435669
1755158864.5181022,2025-08-14 10:07:44.518102,59.73438242340088,6.820528507232666
1755158864.5195508,2025-08-14 10:07:44.519551,59.73440578842163,6.821977138519287
1755158864.520967,2025-08-14 10:07:44.520967,59.734428676605226,6.82339334487915
1755158864.5223508,2025-08-14 10:07:44.522351,59.73445108795166,6.824777126312256
1755158864.523726,2025-08-14 10:07:44.523726,59.7344723072052,6.826152324676514
1755158864.525069,2025-08-14 10:07:44.525069,59.7344940032959,6.827495336532593
1755158864.5263906,2025-08-14 10:07:44.526391,59.7345156993866,6.828816890716553
1755158864.5277033,2025-08-14 10:07:44.527703,59.73453668022156,6.830129623413086
1755158864.5289738,2025-08-14 10:07:44.528974,59.7345578994751,6.831400156021118
1755158864.530232,2025-08-14 10:07:44.530232,59.73457888031006,6.832658290863037
1755158864.5314808,2025-08-14 10:07:44.531481,59.73459986114502,6.833907127380371
1755158864.5327036,2025-08-14 10:07:44.532704,59.73462084197998,6.835129976272583
1755158864.5338964,2025-08-14 10:07:44.533896,59.73464182281494,6.836322784423828
1755158864.535081,2025-08-14 10:07:44.535081,59.73466328048706,6.837507247924805
1755158864.5362377,2025-08-14 10:07:44.536238,59.73468593025208,6.8386640548706055
1755158864.537376,2025-08-14 10:07:44.537376,59.73470810317993,6.839802265167236
1755158864.5385005,2025-08-14 10:07:44.538501,59.73474052810669,6.840926885604858
1755158864.539607,2025-08-14 10:07:44.539607,59.734763177871706,6.842033386230469
1755158864.540676,2025-08-14 10:07:44.540676,59.734784873962404,6.84310245513916
1755158864.5417304,2025-08-14 10:07:44.541730,59.73480633163452,6.844156742095947
1755158864.5427618,2025-08-14 10:07:44.542762,59.73482755088806,6.845188140869141
1755158864.5437708,2025-08-14 10:07:44.543771,59.73484900856018,6.846197128295898
1755158864.5447612,2025-08-14 10:07:44.544761,59.734869512557985,6.847187519073486
1755158864.5457227,2025-08-14 10:07:44.545723,59.73488977813721,6.848149061203003
1755158864.5466707,2025-08-14 10:07:44.546671,59.73491028213501,6.849097013473511
1755158864.5476,2025-08-14 10:07:44.547600,59.73493126296997,6.850026369094849
1755158864.5485008,2025-08-14 10:07:44.548501,59.734951766967775,6.850927114486694
1755158864.5493767,2025-08-14 10:07:44.549377,59.73497227096558,6.8518030643463135
1755158864.5502312,2025-08-14 10:07:44.550231,59.73499301338196,6.8526575565338135
1755158864.551078,2025-08-14 10:07:44.551078,59.73501351737976,6.853504419326782
1755158864.5518963,2025-08-14 10:07:44.551896,59.73503449821472,6.854322671890259
1755158864.552677,2025-08-14 10:07:44.552677,59.735055240631105,6.855103254318237
1755158864.5534334,2025-08-14 10:07:44.553433,59.735078844070436,6.855859756469727
1755158864.5541682,2025-08-14 10:07:44.554168,59.735100301742555,6.856594562530518
1755158864.55488,2025-08-14 10:07:44.554880,59.735121282577516,6.857306241989136
1755158864.555559,2025-08-14 10:07:44.555559,59.7351420249939,6.857985258102417
1755158864.5562208,2025-08-14 10:07:44.556221,59.73516300582886,6.858647108078003
1755158864.556851,2025-08-14 10:07:44.556851,59.73518327140808,6.859277248382568
1755158864.5574782,2025-08-14 10:07:44.557478,60.0,6.859904527664185
