real_timestamp,real_datetime,simulation_time_s,relative_real_time_s
1755181091.611755,2025-08-14 16:18:11.611755,0.0,0.998835563659668
1755181091.618046,2025-08-14 16:18:11.618046,0.1442910641095092,1.005126714706421
1755181091.6235065,2025-08-14 16:18:11.623507,0.1452910641095092,1.010587215423584
1755181091.6299043,2025-08-14 16:18:11.629904,0.14520766258239745,1.0169849395751953
1755181091.6330369,2025-08-14 16:18:11.633037,0.14531828880310058,1.0201175212860107
1755181091.6360877,2025-08-14 16:18:11.636088,0.1454143714904785,1.0231683254241943
1755181091.639196,2025-08-14 16:18:11.639196,0.14550783157348632,1.0262765884399414
1755181091.6421943,2025-08-14 16:18:11.642194,0.14560153007507323,1.0292749404907227
1755181091.6452293,2025-08-14 16:18:11.645229,0.14569522857666015,1.0323100090026855
1755181091.648213,2025-08-14 16:18:11.648213,0.14578749656677245,1.0352935791015625
1755181091.6511211,2025-08-14 16:18:11.651121,0.14587952613830565,1.0382018089294434
1755181091.6543467,2025-08-14 16:18:11.654347,0.14597107887268065,1.0414273738861084
1755181091.6573243,2025-08-14 16:18:11.657324,0.14606263160705565,1.0444049835205078
1755181091.6602092,2025-08-14 16:18:11.660209,0.14615370750427245,1.0472898483276367
1755181091.6630297,2025-08-14 16:18:11.663030,0.14624597549438476,1.0501103401184082
1755181091.6659853,2025-08-14 16:18:11.665985,0.14633728981018065,1.0530660152435303
1755181091.668856,2025-08-14 16:18:11.668856,0.14642860412597655,1.055936574935913
1755181091.6716447,2025-08-14 16:18:11.671645,0.14652158737182616,1.058725357055664
1755181091.6743774,2025-08-14 16:18:11.674377,0.14661361694335937,1.0614581108093262
1755181091.6771512,2025-08-14 16:18:11.677151,0.14670564651489257,1.0642318725585938
1755181091.6798365,2025-08-14 16:18:11.679837,0.14679910659790038,1.0669171810150146
1755181091.6825001,2025-08-14 16:18:11.682500,0.14689065933227538,1.0695807933807373
1755181091.6853652,2025-08-14 16:18:11.685365,0.14698197364807128,1.0724458694458008
1755181091.6880374,2025-08-14 16:18:11.688037,0.14707304954528808,1.075118064880371
1755181091.6906583,2025-08-14 16:18:11.690658,0.14716436386108397,1.0777390003204346
1755181091.6932552,2025-08-14 16:18:11.693255,0.14725639343261718,1.0803358554840088
1755181091.6958194,2025-08-14 16:18:11.695819,0.14735390663146972,1.082900047302246
1755181091.698352,2025-08-14 16:18:11.698352,0.14744545936584472,1.085432767868042
1755181091.7009156,2025-08-14 16:18:11.700916,0.1475351047515869,1.087996244430542
1755181091.7034037,2025-08-14 16:18:11.703404,0.1476259422302246,1.090484380722046
1755181091.7059197,2025-08-14 16:18:11.705920,0.14772941589355468,1.0930004119873047
1755181091.7083955,2025-08-14 16:18:11.708395,0.14782120704650878,1.0954761505126953
1755181091.710807,2025-08-14 16:18:11.710807,0.14791299819946288,1.0978877544403076
1755181091.7131994,2025-08-14 16:18:11.713199,0.14801146507263183,1.1002800464630127
1755181091.715573,2025-08-14 16:18:11.715573,0.14811088562011718,1.1026537418365479
1755181091.7182364,2025-08-14 16:18:11.718236,0.1482045841217041,1.1053171157836914
1755181091.7206254,2025-08-14 16:18:11.720625,0.1482966136932373,1.107706069946289
1755181091.7230413,2025-08-14 16:18:11.723041,0.1483888816833496,1.1101219654083252
1755181091.7253213,2025-08-14 16:18:11.725321,0.1484809112548828,1.1124019622802734
1755181091.727668,2025-08-14 16:18:11.727668,0.148570556640625,1.1147487163543701
1755181091.7299762,2025-08-14 16:18:11.729976,0.148662109375,1.1170568466186523
1755181091.7325504,2025-08-14 16:18:11.732550,0.14875270843505858,1.119631052017212
1755181091.7348297,2025-08-14 16:18:11.734830,0.14884402275085448,1.1219103336334229
1755181091.7370937,2025-08-14 16:18:11.737094,0.14893462181091308,1.1241743564605713
1755181091.7392838,2025-08-14 16:18:11.739284,0.14902665138244628,1.1263644695281982
1755181091.741461,2025-08-14 16:18:11.741461,0.14911725044250487,1.1285417079925537
1755181091.7436006,2025-08-14 16:18:11.743601,0.14920713424682616,1.1306812763214111
1755181091.7456796,2025-08-14 16:18:11.745680,0.14929916381835937,1.1327602863311768
1755181091.7478008,2025-08-14 16:18:11.747801,0.14938880920410155,1.1348814964294434
1755181091.7498572,2025-08-14 16:18:11.749857,0.14947869300842284,1.1369378566741943
1755181091.751939,2025-08-14 16:18:11.751939,0.14956905364990233,1.1390197277069092
1755181091.7538984,2025-08-14 16:18:11.753898,0.14965822219848632,1.1409790515899658
1755181091.7558804,2025-08-14 16:18:11.755880,2.0244473295301346,1.142961025238037
1755181091.7576816,2025-08-14 16:18:11.757682,2.0254473295301345,1.1447622776031494
1755181091.7642229,2025-08-14 16:18:11.764223,2.025185489654541,1.1513035297393799
1755181091.7676234,2025-08-14 16:18:11.767623,2.0252946853637694,1.1547040939331055
1755181091.7708158,2025-08-14 16:18:11.770816,2.025391721725464,1.1578965187072754
1755181091.7738597,2025-08-14 16:18:11.773860,2.0254873275756835,1.160940408706665
1755181091.7771149,2025-08-14 16:18:11.777115,2.0255958080291747,1.1641955375671387
1755181091.7802308,2025-08-14 16:18:11.780231,2.0256911754608153,1.167311429977417
1755181091.7832823,2025-08-14 16:18:11.783282,2.0257853507995605,1.170362949371338
1755181091.7867284,2025-08-14 16:18:11.786728,2.025877857208252,1.1738090515136719
1755181091.789667,2025-08-14 16:18:11.789667,2.0259710788726806,1.1767475605010986
1755181091.7928946,2025-08-14 16:18:11.792895,2.026063585281372,1.1799752712249756
1755181091.7959783,2025-08-14 16:18:11.795978,2.0261560916900634,1.1830589771270752
1755181091.799235,2025-08-14 16:18:11.799235,2.026272439956665,1.1863157749176025
1755181091.802083,2025-08-14 16:18:11.802083,2.026378059387207,1.1891636848449707
1755181091.8048697,2025-08-14 16:18:11.804870,2.0264736652374267,1.1919503211975098
1755181091.8076305,2025-08-14 16:18:11.807631,2.0265692710876464,1.1947112083435059
1755181091.810339,2025-08-14 16:18:11.810339,2.026664638519287,1.1974196434020996
1755181091.8130324,2025-08-14 16:18:11.813032,2.026758575439453,1.20011305809021
1755181091.8157122,2025-08-14 16:18:11.815712,2.0268513202667235,1.2027928829193115
1755181091.8184261,2025-08-14 16:18:11.818426,2.026943588256836,1.2055068016052246
1755181091.8210974,2025-08-14 16:18:11.821097,2.0270368099212646,1.2081780433654785
1755181091.8237758,2025-08-14 16:18:11.823776,2.027134084701538,1.2108564376831055
1755181091.82645,2025-08-14 16:18:11.826450,2.027227783203125,1.2135307788848877
1755181091.8290176,2025-08-14 16:18:11.829018,2.027319812774658,1.2160983085632324
1755181091.8315997,2025-08-14 16:18:11.831600,2.0274118423461913,1.2186803817749023
1755181091.834095,2025-08-14 16:18:11.834095,2.027503156661987,1.2211756706237793
1755181091.8366013,2025-08-14 16:18:11.836601,2.027603530883789,1.223681926727295
1755181091.8390672,2025-08-14 16:18:11.839067,2.027695560455322,1.2261478900909424
1755181091.8414865,2025-08-14 16:18:11.841486,2.027787113189697,1.228567123413086
1755181091.843882,2025-08-14 16:18:11.843882,2.0278796195983886,1.2309627532958984
1755181091.8462882,2025-08-14 16:18:11.846288,2.027972364425659,1.2333688735961914
1755181091.8487337,2025-08-14 16:18:11.848734,2.028063917160034,1.2358143329620361
1755181091.8510873,2025-08-14 16:18:11.851087,2.0281540393829345,1.2381680011749268
1755181091.8534307,2025-08-14 16:18:11.853431,2.028244400024414,1.240511417388916
1755181091.8557205,2025-08-14 16:18:11.855721,2.028335952758789,1.2428011894226074
1755181091.8580196,2025-08-14 16:18:11.858020,2.0284267902374267,1.2451002597808838
1755181091.8602836,2025-08-14 16:18:11.860284,2.0285176277160644,1.2473642826080322
1755181091.8624966,2025-08-14 16:18:11.862497,2.0286089420318603,1.249577283859253
1755181091.8647578,2025-08-14 16:18:11.864758,2.028697872161865,1.2518384456634521
1755181091.8669665,2025-08-14 16:18:11.866966,2.028788709640503,1.254047155380249
1755181091.8691988,2025-08-14 16:18:11.869199,2.0288797855377196,1.256279468536377
1755181091.8714032,2025-08-14 16:18:11.871403,2.0289703845977782,1.25848388671875
1755181091.8735306,2025-08-14 16:18:11.873531,2.0290619373321532,1.2606112957000732
1755181091.875614,2025-08-14 16:18:11.875614,2.029152536392212,1.2626945972442627
1755181091.8777218,2025-08-14 16:18:11.877722,2.029241943359375,1.2648024559020996
1755181091.8797817,2025-08-14 16:18:11.879782,2.0293635368347167,1.266862392425537
1755181091.8817925,2025-08-14 16:18:11.881793,2.029467725753784,1.2688732147216797
1755181091.8838303,2025-08-14 16:18:11.883830,2.0295723915100097,1.2709109783172607
1755181091.8858638,2025-08-14 16:18:11.885864,2.0296629905700683,1.272944450378418
1755181091.8878613,2025-08-14 16:18:11.887861,2.0297552585601806,1.2749419212341309
1755181091.8897996,2025-08-14 16:18:11.889800,3.4674162548767975,1.2768802642822266
1755181091.8915858,2025-08-14 16:18:11.891586,3.4684162548767974,1.2786664962768555
1755181091.8982666,2025-08-14 16:18:11.898267,3.4681914501190185,1.2853472232818604
1755181091.9013462,2025-08-14 16:18:11.901346,3.4682999305725097,1.2884268760681152
1755181091.9044557,2025-08-14 16:18:11.904456,3.468396728515625,1.2915363311767578
1755181091.9075675,2025-08-14 16:18:11.907568,3.468511646270752,1.2946481704711914
1755181091.9105978,2025-08-14 16:18:11.910598,3.468606060028076,1.2976784706115723
1755181091.9135327,2025-08-14 16:18:11.913533,3.468699758529663,1.3006134033203125
1755181091.9164848,2025-08-14 16:18:11.916485,3.4688089542388916,1.303565502166748
1755181091.9194996,2025-08-14 16:18:11.919500,3.4689074211120605,1.3065803050994873
1755181091.9224787,2025-08-14 16:18:11.922479,3.469000165939331,1.3095593452453613
1755181091.9254298,2025-08-14 16:18:11.925430,3.469091241836548,1.3125104904174805
1755181091.928415,2025-08-14 16:18:11.928415,3.469182794570923,1.3154957294464111
1755181091.9314294,2025-08-14 16:18:11.931429,3.4692741088867187,1.3185100555419922
1755181091.9342167,2025-08-14 16:18:11.934217,3.4693654232025146,1.3212974071502686
1755181091.9369676,2025-08-14 16:18:11.936968,3.469457452774048,1.3240482807159424
1755181091.93968,2025-08-14 16:18:11.939680,3.469577138900757,1.3267607688903809
1755181091.9423478,2025-08-14 16:18:11.942348,3.4696767978668213,1.3294284343719482
1755181091.9450212,2025-08-14 16:18:11.945021,3.46976739692688,1.332101821899414
1755181091.9477713,2025-08-14 16:18:11.947771,3.4698577575683593,1.3348519802093506
1755181091.9503868,2025-08-14 16:18:11.950387,3.4699490718841552,1.3374674320220947
1755181091.9530618,2025-08-14 16:18:11.953062,3.470065420150757,1.3401424884796143
1755181091.9556758,2025-08-14 16:18:11.955676,3.470157926559448,1.3427565097808838
1755181091.9582784,2025-08-14 16:18:11.958278,3.4702480487823486,1.3453590869903564
1755181091.9608986,2025-08-14 16:18:11.960899,3.470338409423828,1.3479793071746826
1755181091.9634845,2025-08-14 16:18:11.963485,3.4704287700653076,1.3505651950836182
1755181091.9659543,2025-08-14 16:18:11.965954,3.470518892288208,1.3530349731445312
1755181091.968443,2025-08-14 16:18:11.968443,3.4706216506958008,1.3555235862731934
1755181091.9708831,2025-08-14 16:18:11.970883,3.4707127265930175,1.3579638004302979
1755181091.973317,2025-08-14 16:18:11.973317,3.470803087234497,1.3603975772857666
1755181091.9757478,2025-08-14 16:18:11.975748,3.4708936862945556,1.3628284931182861
1755181091.9782665,2025-08-14 16:18:11.978266,3.470983808517456,1.365347146987915
1755181091.9807467,2025-08-14 16:18:11.980747,3.4710739307403564,1.3678274154663086
1755181091.9830937,2025-08-14 16:18:11.983094,3.4711638145446777,1.3701744079589844
1755181091.9853842,2025-08-14 16:18:11.985384,3.4712646656036377,1.372464895248413
1755181091.9877238,2025-08-14 16:18:11.987724,3.471371477127075,1.3748044967651367
1755181091.9899964,2025-08-14 16:18:11.989996,3.471462553024292,1.3770771026611328
1755181091.9922314,2025-08-14 16:18:11.992231,3.471553867340088,1.3793120384216309
1755181091.9944649,2025-08-14 16:18:11.994465,3.4716461353302,1.3815455436706543
1755181091.996696,2025-08-14 16:18:11.996696,3.4717360191345215,1.3837766647338867
1755181091.9988983,2025-08-14 16:18:11.998898,3.471826141357422,1.3859789371490479
1755181092.0010266,2025-08-14 16:18:12.001027,3.471916025161743,1.3881072998046875
1755181092.0032115,2025-08-14 16:18:12.003211,3.472006862640381,1.3902921676635742
1755181092.0053005,2025-08-14 16:18:12.005301,3.472096746444702,1.392381191253662
1755181092.0073872,2025-08-14 16:18:12.007387,3.4721863918304443,1.394467830657959
1755181092.0094917,2025-08-14 16:18:12.009492,3.472300832748413,1.3965723514556885
1755181092.0115254,2025-08-14 16:18:12.011525,3.4723916702270508,1.3986060619354248
1755181092.0135248,2025-08-14 16:18:12.013525,3.4724822692871093,1.4006054401397705
1755181092.0154903,2025-08-14 16:18:12.015490,3.472608631134033,1.4025709629058838
1755181092.0174482,2025-08-14 16:18:12.017448,3.4727547817230224,1.4045288562774658
1755181092.0193853,2025-08-14 16:18:12.019385,3.472915475845337,1.406466007232666
1755181092.021419,2025-08-14 16:18:12.021419,3.7618799717710605,1.4084997177124023
1755181092.0280983,2025-08-14 16:18:12.028098,3.7621864433288574,1.4151790142059326
1755181092.031226,2025-08-14 16:18:12.031226,3.7622942085266113,1.418306589126587
1755181092.034236,2025-08-14 16:18:12.034236,3.7624000663757324,1.4213166236877441
1755181092.0372376,2025-08-14 16:18:12.037238,3.762495195388794,1.4243183135986328
1755181092.0401983,2025-08-14 16:18:12.040198,3.7625905628204346,1.427278995513916
1755181092.0430899,2025-08-14 16:18:12.043090,3.7626864070892334,1.4301705360412598
1755181092.0459363,2025-08-14 16:18:12.045936,3.7627801055908203,1.4330170154571533
1755181092.048772,2025-08-14 16:18:12.048772,3.762884532928467,1.4358527660369873
1755181092.0515792,2025-08-14 16:18:12.051579,3.7629772777557373,1.438659906387329
1755181092.0544257,2025-08-14 16:18:12.054426,3.7630709762573242,1.4415063858032227
1755181092.0572646,2025-08-14 16:18:12.057265,3.76316229057312,1.444345235824585
1755181092.0600195,2025-08-14 16:18:12.060019,3.7632540817260742,1.4471001625061035
1755181092.0628479,2025-08-14 16:18:12.062848,3.7633463497161865,1.4499285221099854
1755181092.0657158,2025-08-14 16:18:12.065716,3.7634371871948242,1.452796459197998
1755181092.0684607,2025-08-14 16:18:12.068461,3.7635292167663574,1.4555413722991943
1755181092.0711257,2025-08-14 16:18:12.071126,3.7636207695007324,1.4582064151763916
1755181092.0737514,2025-08-14 16:18:12.073751,3.7637118453979492,1.460832118988037
1755181092.0763748,2025-08-14 16:18:12.076375,3.763803159713745,1.4634554386138916
1755181092.0789597,2025-08-14 16:18:12.078960,3.763894474029541,1.4660403728485107
1755181092.081505,2025-08-14 16:18:12.081505,3.7639965171813965,1.468585729598999
1755181092.0840344,2025-08-14 16:18:12.084034,3.7641185874938965,1.4711151123046875
1755181092.0865326,2025-08-14 16:18:12.086533,3.764211809158325,1.4736132621765137
1755181092.0890195,2025-08-14 16:18:12.089020,3.7643040771484375,1.476100206375122
1755181092.091491,2025-08-14 16:18:12.091491,3.764394437789917,1.4785716533660889
1755181092.093933,2025-08-14 16:18:12.093933,3.7644850368499756,1.4810137748718262
1755181092.0963633,2025-08-14 16:18:12.096363,3.764575397491455,1.4834439754486084
1755181092.098785,2025-08-14 16:18:12.098785,3.764666711807251,1.485865592956543
1755181092.1011755,2025-08-14 16:18:12.101176,3.764758741378784,1.4882562160491943
1755181092.1035264,2025-08-14 16:18:12.103526,3.764849578857422,1.4906070232391357
1755181092.105875,2025-08-14 16:18:12.105875,3.7649406547546387,1.4929556846618652
1755181092.1081996,2025-08-14 16:18:12.108200,3.7650314922332764,1.4952802658081055
1755181092.1104784,2025-08-14 16:18:12.110478,3.7651216144561768,1.4975590705871582
1755181092.1127288,2025-08-14 16:18:12.112729,3.7652126903533936,1.4998095035552979
1755181092.1149623,2025-08-14 16:18:12.114962,3.765303289413452,1.5020430088043213
1755181092.1176445,2025-08-14 16:18:12.117645,3.7655319328308106,1.5047252178192139
1755181092.119939,2025-08-14 16:18:12.119939,3.7656303997039795,1.5070197582244873
1755181092.1221085,2025-08-14 16:18:12.122108,3.765722906112671,1.5091891288757324
1755181092.1242757,2025-08-14 16:18:12.124276,3.765815174102783,1.5113563537597656
1755181092.126428,2025-08-14 16:18:12.126428,3.7659069652557373,1.5135085582733154
1755181092.1285486,2025-08-14 16:18:12.128549,3.765997325897217,1.5156292915344238
1755181092.130636,2025-08-14 16:18:12.130636,3.766088878631592,1.517716646194458
1755181092.1326923,2025-08-14 16:18:12.132692,3.7661868686676025,1.519773006439209
1755181092.13474,2025-08-14 16:18:12.134740,3.766284143447876,1.5218207836151123
1755181092.136775,2025-08-14 16:18:12.136775,3.76637593460083,1.5238556861877441
1755181092.1388328,2025-08-14 16:18:12.138833,3.7664870376586914,1.5259134769439697
1755181092.1408212,2025-08-14 16:18:12.140821,3.7665816898345947,1.5279018878936768
1755181092.142771,2025-08-14 16:18:12.142771,3.7666732425689697,1.5298516750335693
1755181092.1446872,2025-08-14 16:18:12.144687,3.7667647953033447,1.5317678451538086
1755181092.1465929,2025-08-14 16:18:12.146593,3.766866123199463,1.5336735248565674
1755181092.148501,2025-08-14 16:18:12.148501,4.445938751430661,1.5355815887451172
1755181092.1549737,2025-08-14 16:18:12.154974,4.446185251235962,1.5420544147491455
1755181092.1580179,2025-08-14 16:18:12.158018,4.446296354293823,1.5450985431671143
1755181092.1611493,2025-08-14 16:18:12.161149,4.446394344329834,1.5482299327850342
1755181092.1641915,2025-08-14 16:18:12.164191,4.446490427017212,1.5512721538543701
1755181092.1671708,2025-08-14 16:18:12.167171,4.446584602355957,1.5542514324188232
1755181092.1700842,2025-08-14 16:18:12.170084,4.446679731369018,1.5571649074554443
1755181092.1729922,2025-08-14 16:18:12.172992,4.446773191452026,1.560072898864746
1755181092.175858,2025-08-14 16:18:12.175858,4.446865459442138,1.5629386901855469
1755181092.1787226,2025-08-14 16:18:12.178723,4.446958204269409,1.5658032894134521
1755181092.1815362,2025-08-14 16:18:12.181536,4.4470511875152585,1.5686168670654297
1755181092.184353,2025-08-14 16:18:12.184353,4.447144170761108,1.5714337825775146
1755181092.1871755,2025-08-14 16:18:12.187176,4.447236915588379,1.574256181716919
1755181092.1899612,2025-08-14 16:18:12.189961,4.447338720321655,1.5770418643951416
1755181092.1934037,2025-08-14 16:18:12.193404,4.4474314651489255,1.580484390258789
1755181092.1978862,2025-08-14 16:18:12.197886,4.447521825790405,1.5849668979644775
1755181092.2025115,2025-08-14 16:18:12.202512,4.447612663269043,1.5895922183990479
1755181092.2072074,2025-08-14 16:18:12.207207,4.447703977584839,1.5942881107330322
1755181092.2119374,2025-08-14 16:18:12.211937,4.447806735992431,1.5990180969238281
1755181092.2157753,2025-08-14 16:18:12.215775,4.447898765563965,1.602855920791626
1755181092.2205207,2025-08-14 16:18:12.220521,4.447988410949707,1.6076014041900635
1755181092.2249048,2025-08-14 16:18:12.224905,4.448078533172607,1.611985445022583
1755181092.2287874,2025-08-14 16:18:12.228787,4.448169370651245,1.615868091583252
1755181092.2330098,2025-08-14 16:18:12.233010,4.448259969711303,1.6200904846191406
1755181092.2369525,2025-08-14 16:18:12.236953,4.44835104560852,1.6240332126617432
1755181092.2411673,2025-08-14 16:18:12.241167,4.448440452575683,1.6282479763031006
1755181092.2452118,2025-08-14 16:18:12.245212,4.4485315284729,1.6322925090789795
1755181092.249489,2025-08-14 16:18:12.249489,4.448632856369018,1.6365697383880615
1755181092.253483,2025-08-14 16:18:12.253483,4.448732515335083,1.640563726425171
1755181092.2573705,2025-08-14 16:18:12.257370,4.448825498580932,1.6444511413574219
1755181092.2612982,2025-08-14 16:18:12.261298,4.448916574478149,1.648378849029541
1755181092.2652688,2025-08-14 16:18:12.265269,4.44900645828247,1.6523494720458984
1755181092.268961,2025-08-14 16:18:12.268961,4.4490982494354245,1.6560416221618652
1755181092.272827,2025-08-14 16:18:12.272827,4.449189086914062,1.659907579421997
1755181092.275963,2025-08-14 16:18:12.275963,4.4492799243927,1.663043737411499
1755181092.2782469,2025-08-14 16:18:12.278247,4.44937266921997,1.665327548980713
1755181092.2805982,2025-08-14 16:18:12.280598,4.449463268280029,1.6676788330078125
1755181092.282893,2025-08-14 16:18:12.282893,4.449554582595825,1.669973611831665
1755181092.2850904,2025-08-14 16:18:12.285090,4.4496461353302,1.6721711158752441
1755181092.2872682,2025-08-14 16:18:12.287268,4.4497415027618406,1.6743488311767578
1755181092.2902865,2025-08-14 16:18:12.290287,4.449834247589111,1.6773672103881836
1755181092.2924852,2025-08-14 16:18:12.292485,4.449925561904907,1.6795659065246582
1755181092.2945673,2025-08-14 16:18:12.294567,4.450017353057861,1.6816480159759521
1755181092.2966504,2025-08-14 16:18:12.296650,4.450108667373657,1.6837310791015625
1755181092.2991629,2025-08-14 16:18:12.299163,4.4502014122009275,1.6862435340881348
1755181092.3012323,2025-08-14 16:18:12.301232,4.45029630279541,1.6883130073547363
1755181092.3032231,2025-08-14 16:18:12.303223,4.450387378692627,1.6903038024902344
1755181092.3052032,2025-08-14 16:18:12.305203,4.4504784545898435,1.6922838687896729
1755181092.3071535,2025-08-14 16:18:12.307153,4.450568576812744,1.6942341327667236
1755181092.309065,2025-08-14 16:18:12.309065,4.450659652709961,1.69614577293396
1755181092.3109844,2025-08-14 16:18:12.310984,5.042850843298658,1.6980650424957275
1755181092.3176212,2025-08-14 16:18:12.317621,5.043187635421753,1.7047019004821777
1755181092.3206415,2025-08-14 16:18:12.320642,5.04329730796814,1.7077221870422363
1755181092.323595,2025-08-14 16:18:12.323595,5.04339553642273,1.7106757164001465
1755181092.3271248,2025-08-14 16:18:12.327125,5.043488758087158,1.7142055034637451
1755181092.3300173,2025-08-14 16:18:12.330017,5.0435829334259035,1.7170979976654053
1755181092.3329067,2025-08-14 16:18:12.332907,5.043678062438965,1.719987392425537
1755181092.3357394,2025-08-14 16:18:12.335739,5.043770568847656,1.7228200435638428
1755181092.3385224,2025-08-14 16:18:12.338522,5.043869750976563,1.7256031036376953
1755181092.341293,2025-08-14 16:18:12.341293,5.043979900360108,1.7283737659454346
1755181092.3440537,2025-08-14 16:18:12.344054,5.044075029373169,1.7311344146728516
1755181092.3468564,2025-08-14 16:18:12.346856,5.044169443130493,1.7339370250701904
1755181092.3495874,2025-08-14 16:18:12.349587,5.044262426376343,1.7366681098937988
1755181092.352277,2025-08-14 16:18:12.352277,5.044356363296509,1.7393577098846436
1755181092.3549495,2025-08-14 16:18:12.354949,5.044447677612305,1.742030143737793
1755181092.3575861,2025-08-14 16:18:12.357586,5.0445406608581544,1.7446668148040771
1755181092.360211,2025-08-14 16:18:12.360211,5.044636743545532,1.7472915649414062
1755181092.3628004,2025-08-14 16:18:12.362800,5.044730680465698,1.7498810291290283
1755181092.3653595,2025-08-14 16:18:12.365360,5.044823663711548,1.7524402141571045
1755181092.367904,2025-08-14 16:18:12.367904,5.044914978027344,1.7549846172332764
1755181092.370411,2025-08-14 16:18:12.370411,5.045007484436035,1.7574915885925293
1755181092.3729174,2025-08-14 16:18:12.372917,5.04509903717041,1.759998083114624
1755181092.3753903,2025-08-14 16:18:12.375390,5.045190113067627,1.7624709606170654
1755181092.3778856,2025-08-14 16:18:12.377886,5.045283096313477,1.7649662494659424
1755181092.380353,2025-08-14 16:18:12.380353,5.0453741722106935,1.7674336433410645
1755181092.3827782,2025-08-14 16:18:12.382778,5.045466917037964,1.7698588371276855
1755181092.3851645,2025-08-14 16:18:12.385164,5.045708196640015,1.772245168685913
1755181092.3875792,2025-08-14 16:18:12.387579,5.045805233001709,1.7746598720550537
1755181092.3900032,2025-08-14 16:18:12.390003,5.045898454666138,1.7770838737487793
1755181092.3924403,2025-08-14 16:18:12.392440,5.04599072265625,1.7795209884643555
1755181092.3948553,2025-08-14 16:18:12.394855,5.0460837059021,1.7819359302520752
1755181092.397218,2025-08-14 16:18:12.397218,5.046175258636475,1.7842986583709717
1755181092.3995488,2025-08-14 16:18:12.399549,5.046292322158814,1.7866294384002686
1755181092.4018512,2025-08-14 16:18:12.401851,5.046384828567505,1.7889318466186523
1755181092.4041178,2025-08-14 16:18:12.404118,5.046476619720459,1.791198492050171
1755181092.4063742,2025-08-14 16:18:12.406374,5.046567934036255,1.793454885482788
1755181092.4086294,2025-08-14 16:18:12.408629,5.04665948677063,1.7957100868225098
1755181092.4108722,2025-08-14 16:18:12.410872,5.046749370574951,1.7979528903961182
1755181092.4130628,2025-08-14 16:18:12.413063,5.046846645355225,1.8001434803009033
1755181092.4152248,2025-08-14 16:18:12.415225,5.046938913345337,1.8023054599761963
1755181092.4173658,2025-08-14 16:18:12.417366,5.047029512405396,1.8044464588165283
1755181092.419488,2025-08-14 16:18:12.419488,5.0471205883026125,1.8065686225891113
1755181092.4216392,2025-08-14 16:18:12.421639,5.047210710525513,1.8087198734283447
1755181092.4237645,2025-08-14 16:18:12.423764,5.047302501678467,1.810845136642456
1755181092.4258087,2025-08-14 16:18:12.425809,5.047392385482788,1.8128893375396729
1755181092.427905,2025-08-14 16:18:12.427905,5.047483222961426,1.814985752105713
1755181092.4299285,2025-08-14 16:18:12.429929,5.047574537277222,1.8170092105865479
1755181092.4319122,2025-08-14 16:18:12.431912,5.047664421081543,1.8189928531646729
1755181092.433852,2025-08-14 16:18:12.433852,5.047755020141602,1.8209326267242432
1755181092.435817,2025-08-14 16:18:12.435817,5.047845380783081,1.8228976726531982
1755181092.4377472,2025-08-14 16:18:12.437747,6.097234707364539,1.8248279094696045
1755181092.439519,2025-08-14 16:18:12.439519,6.098234707364539,1.8265995979309082
1755181092.4460144,2025-08-14 16:18:12.446014,6.098191211700439,1.8330950736999512
1755181092.4490652,2025-08-14 16:18:12.449065,6.098301599502563,1.8361458778381348
1755181092.4520473,2025-08-14 16:18:12.452047,6.098399827957153,1.839128017425537
1755181092.455038,2025-08-14 16:18:12.455038,6.098494956970215,1.842118740081787
1755181092.4579535,2025-08-14 16:18:12.457953,6.098588893890381,1.845034122467041
1755181092.460877,2025-08-14 16:18:12.460877,6.0987004737854,1.8479576110839844
1755181092.4637215,2025-08-14 16:18:12.463722,6.098802516937256,1.8508021831512451
1755181092.4665465,2025-08-14 16:18:12.466547,6.098907182693481,1.8536272048950195
1755181092.469432,2025-08-14 16:18:12.469432,6.099002073287964,1.8565127849578857
1755181092.4723494,2025-08-14 16:18:12.472349,6.099095771789551,1.8594300746917725
1755181092.4751332,2025-08-14 16:18:12.475133,6.099190185546875,1.8622138500213623
1755181092.4779143,2025-08-14 16:18:12.477914,6.099284837722778,1.864995002746582
1755181092.4806497,2025-08-14 16:18:12.480650,6.099377582550049,1.8677303791046143
1755181092.4833317,2025-08-14 16:18:12.483332,6.09947008895874,1.8704123497009277
1755181092.486002,2025-08-14 16:18:12.486002,6.099560926437378,1.8730826377868652
1755181092.4886823,2025-08-14 16:18:12.488682,6.09965319442749,1.875762939453125
1755181092.491289,2025-08-14 16:18:12.491289,6.099780748367309,1.8783695697784424
1755181092.4938335,2025-08-14 16:18:12.493834,6.099874208450317,1.8809142112731934
1755181092.4963837,2025-08-14 16:18:12.496384,6.099967191696167,1.8834643363952637
1755181092.4990273,2025-08-14 16:18:12.499027,6.100058982849121,1.8861079216003418
1755181092.5015988,2025-08-14 16:18:12.501599,6.100151012420654,1.8886795043945312
1755181092.5041761,2025-08-14 16:18:12.504176,6.100242565155029,1.8912568092346191
1755181092.506707,2025-08-14 16:18:12.506707,6.100335071563721,1.8937876224517822
1755181092.509127,2025-08-14 16:18:12.509127,6.100425909042358,1.896207571029663
1755181092.5115216,2025-08-14 16:18:12.511522,6.1005179386138915,1.8986022472381592
1755181092.5138826,2025-08-14 16:18:12.513883,6.100609252929687,1.900963306427002
1755181092.5162337,2025-08-14 16:18:12.516234,6.1007294158935546,1.9033143520355225
1755181092.5185874,2025-08-14 16:18:12.518587,6.1008235912323,1.905668020248413
1755181092.5209045,2025-08-14 16:18:12.520905,6.100915143966675,1.9079852104187012
1755181092.5232596,2025-08-14 16:18:12.523260,6.1010086040496825,1.9103403091430664
1755181092.5255396,2025-08-14 16:18:12.525540,6.101100633621216,1.9126203060150146
1755181092.5278,2025-08-14 16:18:12.527800,6.101193378448486,1.9148807525634766
1755181092.5300071,2025-08-14 16:18:12.530007,6.101288984298706,1.9170877933502197
1755181092.532228,2025-08-14 16:18:12.532228,6.101380060195923,1.9193086624145508
1755181092.535005,2025-08-14 16:18:12.535005,6.1014711360931395,1.9220857620239258
1755181092.5372317,2025-08-14 16:18:12.537232,6.101562211990356,1.9243123531341553
1755181092.5394175,2025-08-14 16:18:12.539418,6.101653287887573,1.9264981746673584
1755181092.541521,2025-08-14 16:18:12.541521,6.101772020339966,1.9286017417907715
1755181092.5436418,2025-08-14 16:18:12.543642,6.10186643409729,1.9307224750518799
1755181092.5457106,2025-08-14 16:18:12.545711,6.1019618015289305,1.9327912330627441
1755181092.5477793,2025-08-14 16:18:12.547779,6.102054069519043,1.9348599910736084
1755181092.5497878,2025-08-14 16:18:12.549788,6.102147529602051,1.93686842918396
1755181092.5517728,2025-08-14 16:18:12.551773,6.1022388439178465,1.9388535022735596
1755181092.55373,2025-08-14 16:18:12.553730,6.102329681396484,1.9408106803894043
1755181092.5556912,2025-08-14 16:18:12.555691,6.1024219493865965,1.9427719116210938
1755181092.5576158,2025-08-14 16:18:12.557616,6.1025135021209715,1.9446964263916016
1755181092.5595164,2025-08-14 16:18:12.559516,6.102605531692505,1.9465970993041992
1755181092.5614495,2025-08-14 16:18:12.561450,6.102721403121948,1.9485301971435547
1755181092.5633564,2025-08-14 16:18:12.563356,6.10281653213501,1.950437068939209
1755181092.5652182,2025-08-14 16:18:12.565218,7.651821579594499,1.952298879623413
1755181092.5721638,2025-08-14 16:18:12.572164,7.6521933574676515,1.9592444896697998
1755181092.5751622,2025-08-14 16:18:12.575162,7.652301837921143,1.962242841720581
1755181092.5781174,2025-08-14 16:18:12.578117,7.652400543212891,1.965198040008545
1755181092.581198,2025-08-14 16:18:12.581198,7.652495910644531,1.9682786464691162
1755181092.5841112,2025-08-14 16:18:12.584111,7.652589847564697,1.9711918830871582
1755181092.5869493,2025-08-14 16:18:12.586949,7.652705718994141,1.9740300178527832
1755181092.5897284,2025-08-14 16:18:12.589728,7.652799894332886,1.976809024810791
1755181092.5924826,2025-08-14 16:18:12.592483,7.6528928775787355,1.9795632362365723
1755181092.5952141,2025-08-14 16:18:12.595214,7.653019954681397,1.9822947978973389
1755181092.5979443,2025-08-14 16:18:12.597944,7.65317564201355,1.9850249290466309
1755181092.6006558,2025-08-14 16:18:12.600656,7.653338243484497,1.987736463546753
1755181092.603369,2025-08-14 16:18:12.603369,7.653534223556519,1.9904496669769287
1755181092.6060836,2025-08-14 16:18:12.606084,7.653649618148804,1.993164300918579
1755181092.6087484,2025-08-14 16:18:12.608748,7.653744508743286,1.9958291053771973
1755181092.6113744,2025-08-14 16:18:12.611374,7.6538365383148195,1.9984550476074219
1755181092.614137,2025-08-14 16:18:12.614137,7.653928329467774,2.0012176036834717
1755181092.6167586,2025-08-14 16:18:12.616759,7.654179145812988,2.0038392543792725
1755181092.6193686,2025-08-14 16:18:12.619369,7.654280712127686,2.0064492225646973
1755181092.6219115,2025-08-14 16:18:12.621912,7.654377271652222,2.0089921951293945
1755181092.624477,2025-08-14 16:18:12.624477,7.654469301223755,2.0115575790405273
1755181092.626982,2025-08-14 16:18:12.626982,7.654561569213867,2.0140626430511475
1755181092.6294212,2025-08-14 16:18:12.629421,7.6546535987854005,2.0165019035339355
1755181092.631839,2025-08-14 16:18:12.631839,7.654772092819214,2.0189197063446045
1755181092.6342134,2025-08-14 16:18:12.634213,7.654865076065064,2.021294116973877
1755181092.6366723,2025-08-14 16:18:12.636672,7.654955913543701,2.0237529277801514
1755181092.6390345,2025-08-14 16:18:12.639035,7.65505438041687,2.0261151790618896
1755181092.6413596,2025-08-14 16:18:12.641360,7.6551535625457765,2.028440237045288
1755181092.6436548,2025-08-14 16:18:12.643655,7.655250122070313,2.030735492706299
1755181092.6459458,2025-08-14 16:18:12.645946,7.655342628479004,2.0330264568328857
1755181092.6482215,2025-08-14 16:18:12.648221,7.655433704376221,2.03530216217041
1755181092.6504395,2025-08-14 16:18:12.650440,7.655525972366333,2.037520170211792
1755181092.652693,2025-08-14 16:18:12.652693,7.655617525100708,2.03977370262146
1755181092.6549127,2025-08-14 16:18:12.654913,7.655707885742188,2.0419933795928955
1755181092.6570847,2025-08-14 16:18:12.657085,7.6558001537323,2.0441653728485107
1755181092.6592286,2025-08-14 16:18:12.659229,7.655891468048096,2.046309232711792
1755181092.6613421,2025-08-14 16:18:12.661342,7.655983736038208,2.0484228134155273
1755181092.663518,2025-08-14 16:18:12.663518,7.656074573516846,2.050598621368408
1755181092.6658719,2025-08-14 16:18:12.665872,7.656164934158325,2.052952527999878
1755181092.6682358,2025-08-14 16:18:12.668236,7.656255294799805,2.05531644821167
1755181092.6704545,2025-08-14 16:18:12.670455,7.656345893859863,2.057535171508789
1755181092.6726024,2025-08-14 16:18:12.672602,7.656437446594238,2.059683084487915
1755181092.674626,2025-08-14 16:18:12.674626,7.6565292377471925,2.061706781387329
1755181092.6767614,2025-08-14 16:18:12.676761,7.656625797271729,2.0638420581817627
1755181092.678726,2025-08-14 16:18:12.678726,7.6567168731689454,2.0658066272735596
1755181092.6806626,2025-08-14 16:18:12.680663,7.656807472229004,2.0677433013916016
1755181092.6825767,2025-08-14 16:18:12.682577,7.6568987865448,2.069657325744629
1755181092.6844876,2025-08-14 16:18:12.684488,7.6569889087677,2.071568250656128
1755181092.6863863,2025-08-14 16:18:12.686386,7.657093812942505,2.0734670162200928
1755181092.6882114,2025-08-14 16:18:12.688211,7.657185842514038,2.0752921104431152
1755181092.6900134,2025-08-14 16:18:12.690013,7.750382583056654,2.077094078063965
1755181092.6916578,2025-08-14 16:18:12.691658,7.751382583056654,2.0787384510040283
1755181092.697877,2025-08-14 16:18:12.697877,7.7511904964447025,2.0849575996398926
1755181092.700817,2025-08-14 16:18:12.700817,7.75130255317688,2.087897777557373
1755181092.7038238,2025-08-14 16:18:12.703824,7.751401496887207,2.090904474258423
1755181092.7067726,2025-08-14 16:18:12.706773,7.751497579574585,2.093853235244751
1755181092.709654,2025-08-14 16:18:12.709654,7.751592470169068,2.0967347621917725
1755181092.7124755,2025-08-14 16:18:12.712476,7.751686645507813,2.0995562076568604
1755181092.7152424,2025-08-14 16:18:12.715242,7.751780105590821,2.102323055267334
1755181092.7180128,2025-08-14 16:18:12.718013,7.751872135162354,2.105093479156494
1755181092.720734,2025-08-14 16:18:12.720734,7.751964164733887,2.1078145503997803
1755181092.723425,2025-08-14 16:18:12.723425,7.75205881690979,2.1105055809020996
1755181092.7260923,2025-08-14 16:18:12.726092,7.752149654388428,2.113173007965088
1755181092.7287455,2025-08-14 16:18:12.728745,7.752242399215699,2.11582612991333
1755181092.7313764,2025-08-14 16:18:12.731376,7.752335382461548,2.118457078933716
1755181092.7339625,2025-08-14 16:18:12.733963,7.752426935195923,2.1210432052612305
1755181092.7365394,2025-08-14 16:18:12.736539,7.7525285015106205,2.12362003326416
1755181092.7393656,2025-08-14 16:18:12.739366,7.7526248226165775,2.12644624710083
1755181092.7424483,2025-08-14 16:18:12.742448,7.752718521118164,2.1295289993286133
1755181092.7450275,2025-08-14 16:18:12.745028,7.75280983543396,2.132108211517334
1755181092.7475562,2025-08-14 16:18:12.747556,7.752901149749756,2.134636878967285
1755181092.7500272,2025-08-14 16:18:12.750027,7.752993656158448,2.1371078491210938
1755181092.7524924,2025-08-14 16:18:12.752492,7.753084493637085,2.139573097229004
1755181092.7549121,2025-08-14 16:18:12.754912,7.753175569534302,2.1419928073883057
1755181092.7573009,2025-08-14 16:18:12.757301,7.753267599105835,2.144381523132324
1755181092.759676,2025-08-14 16:18:12.759676,7.753358198165894,2.146756649017334
1755181092.7620213,2025-08-14 16:18:12.762021,7.75344951248169,2.149101972579956
1755181092.7644014,2025-08-14 16:18:12.764401,7.753539873123169,2.151482105255127
1755181092.766746,2025-08-14 16:18:12.766746,7.753643823623658,2.1538267135620117
1755181092.7690547,2025-08-14 16:18:12.769055,7.753736568450928,2.156135320663452
1755181092.7713435,2025-08-14 16:18:12.771343,7.753827167510987,2.158424139022827
1755181092.7735834,2025-08-14 16:18:12.773583,7.753917766571045,2.1606640815734863
1755181092.77582,2025-08-14 16:18:12.775820,7.754008604049683,2.162900686264038
1755181092.7780404,2025-08-14 16:18:12.778040,7.754098964691162,2.165121078491211
1755181092.7802427,2025-08-14 16:18:12.780243,7.754194808959961,2.167323350906372
1755181092.7823849,2025-08-14 16:18:12.782385,7.754284692764283,2.1694655418395996
1755181092.7845898,2025-08-14 16:18:12.784590,7.75437553024292,2.171670436859131
1755181092.7867749,2025-08-14 16:18:12.786775,7.754465175628662,2.1738555431365967
1755181092.788888,2025-08-14 16:18:12.788888,7.754555059432984,2.175968647003174
1755181092.7909575,2025-08-14 16:18:12.790957,7.754647089004517,2.1780381202697754
1755181092.792997,2025-08-14 16:18:12.792997,7.754736734390259,2.18007755279541
1755181092.7950275,2025-08-14 16:18:12.795027,7.754826379776001,2.182108163833618
1755181092.7970774,2025-08-14 16:18:12.797077,7.754917694091797,2.1841580867767334
1755181092.7990835,2025-08-14 16:18:12.799083,7.755008531570435,2.186164140701294
1755181092.8010452,2025-08-14 16:18:12.801045,7.755098892211914,2.1881258487701416
1755181092.802974,2025-08-14 16:18:12.802974,7.755191160202027,2.1900546550750732
1755181092.804917,2025-08-14 16:18:12.804917,7.755282951354981,2.191997766494751
1755181092.8069367,2025-08-14 16:18:12.806937,7.755372835159302,2.1940174102783203
1755181092.8088274,2025-08-14 16:18:12.808827,7.7554629573822025,2.1959080696105957
1755181092.8106909,2025-08-14 16:18:12.810691,7.755553318023682,2.1977715492248535
1755181092.8125033,2025-08-14 16:18:12.812503,7.755644393920899,2.1995840072631836
1755181092.8143232,2025-08-14 16:18:12.814323,7.7791396076255035,2.201403856277466
1755181092.8159647,2025-08-14 16:18:12.815965,7.780139607625504,2.20304536819458
1755181092.822341,2025-08-14 16:18:12.822341,7.780192880630493,2.2094216346740723
1755181092.825325,2025-08-14 16:18:12.825325,7.780301361083985,2.2124056816101074
1755181092.8282814,2025-08-14 16:18:12.828281,7.7803995895385745,2.215362071990967
1755181092.8311882,2025-08-14 16:18:12.831188,7.780495672225952,2.218268871307373
1755181092.8340423,2025-08-14 16:18:12.834042,7.780589370727539,2.221122980117798
1755181092.8369272,2025-08-14 16:18:12.836927,7.780682353973389,2.2240078449249268
1755181092.8397362,2025-08-14 16:18:12.839736,7.780775814056397,2.2268168926239014
1755181092.842535,2025-08-14 16:18:12.842535,7.781000165939331,2.2296156883239746
1755181092.8453062,2025-08-14 16:18:12.845306,7.781097679138184,2.232386827468872
1755181092.8480508,2025-08-14 16:18:12.848051,7.781192331314087,2.2351315021514893
1755181092.850758,2025-08-14 16:18:12.850758,7.781286268234253,2.2378387451171875
1755181092.8534167,2025-08-14 16:18:12.853417,7.781378059387207,2.240497350692749
1755181092.856065,2025-08-14 16:18:12.856065,7.781469850540161,2.243145704269409
1755181092.8588011,2025-08-14 16:18:12.858801,7.781561403274536,2.2458817958831787
1755181092.861415,2025-08-14 16:18:12.861415,7.781652956008911,2.248495578765869
1755181092.864012,2025-08-14 16:18:12.864012,7.781744270324707,2.2510926723480225
1755181092.8665912,2025-08-14 16:18:12.866591,7.7818434524536135,2.253671884536743
1755181092.8691366,2025-08-14 16:18:12.869137,7.7819350051879885,2.2562172412872314
1755181092.8716516,2025-08-14 16:18:12.871652,7.782026081085205,2.258732318878174
1755181092.8741634,2025-08-14 16:18:12.874163,7.782116441726685,2.261244058609009
1755181092.8766541,2025-08-14 16:18:12.876654,7.782206325531006,2.263734817504883
1755181092.8791013,2025-08-14 16:18:12.879101,7.782329826354981,2.2661819458007812
1755181092.881523,2025-08-14 16:18:12.881523,7.782421855926514,2.268603563308716
1755181092.883914,2025-08-14 16:18:12.883914,7.782513408660889,2.2709946632385254
1755181092.8862798,2025-08-14 16:18:12.886280,7.7826040077209475,2.27336049079895
1755181092.8886425,2025-08-14 16:18:12.888643,7.782694368362427,2.2757232189178467
1755181092.8909698,2025-08-14 16:18:12.890970,7.782784967422486,2.278050422668457
1755181092.8932374,2025-08-14 16:18:12.893237,7.782875804901123,2.280318021774292
1755181092.8955061,2025-08-14 16:18:12.895506,7.782966642379761,2.2825868129730225
1755181092.8977616,2025-08-14 16:18:12.897762,7.7830570030212405,2.2848422527313232
1755181092.899998,2025-08-14 16:18:12.899998,7.783146648406983,2.287078619003296
1755181092.9022324,2025-08-14 16:18:12.902232,7.783236532211304,2.2893130779266357
1755181092.9044619,2025-08-14 16:18:12.904462,7.783326416015625,2.2915425300598145
1755181092.9066334,2025-08-14 16:18:12.906633,7.783417491912842,2.2937140464782715
1755181092.9087672,2025-08-14 16:18:12.908767,7.783506898880005,2.2958478927612305
1755181092.9108794,2025-08-14 16:18:12.910879,7.783596305847168,2.297960042953491
1755181092.912975,2025-08-14 16:18:12.912975,7.783686666488648,2.300055742263794
1755181092.9150572,2025-08-14 16:18:12.915057,7.783776788711548,2.302137851715088
1755181092.9171088,2025-08-14 16:18:12.917109,7.783866672515869,2.304189443588257
1755181092.9191258,2025-08-14 16:18:12.919126,7.783956556320191,2.306206464767456
1755181092.9211702,2025-08-14 16:18:12.921170,7.784046678543091,2.308250904083252
1755181092.9232848,2025-08-14 16:18:12.923285,7.784137754440308,2.3103654384613037
1755181092.9253333,2025-08-14 16:18:12.925333,7.784226922988892,2.3124139308929443
1755181092.9273164,2025-08-14 16:18:12.927316,7.78431752204895,2.314397096633911
1755181092.9292107,2025-08-14 16:18:12.929211,7.7844069290161135,2.316291332244873
1755181092.9310887,2025-08-14 16:18:12.931089,7.7844960975646975,2.318169355392456
1755181092.9329402,2025-08-14 16:18:12.932940,7.784586219787598,2.320020914077759
1755181092.9347959,2025-08-14 16:18:12.934796,7.784676103591919,2.3218765258789062
1755181092.936614,2025-08-14 16:18:12.936614,7.784764795303345,2.3236947059631348
1755181092.9383996,2025-08-14 16:18:12.938400,9.585597190365398,2.3254802227020264
1755181092.9448254,2025-08-14 16:18:12.944825,9.586189304351807,2.3319060802459717
1755181092.9477854,2025-08-14 16:18:12.947785,9.586298738479615,2.3348660469055176
1755181092.9512553,2025-08-14 16:18:12.951255,9.586396013259888,2.3383359909057617
1755181092.9541202,2025-08-14 16:18:12.954120,9.586490427017212,2.341200828552246
1755181092.9570198,2025-08-14 16:18:12.957020,9.586585079193116,2.3441004753112793
1755181092.959795,2025-08-14 16:18:12.959795,9.586680685043335,2.3468756675720215
1755181092.9625204,2025-08-14 16:18:12.962520,9.586774145126343,2.3496010303497314
1755181092.9652562,2025-08-14 16:18:12.965256,9.586867366790772,2.352336883544922
1755181092.967964,2025-08-14 16:18:12.967964,9.586959873199463,2.3550446033477783
1755181092.9706185,2025-08-14 16:18:12.970618,9.587052618026734,2.357699155807495
1755181092.973234,2025-08-14 16:18:12.973234,9.587145839691162,2.3603146076202393
1755181092.9759016,2025-08-14 16:18:12.975902,9.587238584518433,2.3629822731018066
1755181092.978504,2025-08-14 16:18:12.978504,9.587331806182862,2.3655846118927
1755181092.9810739,2025-08-14 16:18:12.981074,9.587429557800293,2.368154525756836
1755181092.983628,2025-08-14 16:18:12.983628,9.58752349472046,2.370708703994751
1755181092.9861724,2025-08-14 16:18:12.986172,9.587617193222046,2.373253107070923
1755181092.9887047,2025-08-14 16:18:12.988705,9.58770922279358,2.3757853507995605
1755181092.9912012,2025-08-14 16:18:12.991201,9.587802206039429,2.378281831741333
1755181092.9936426,2025-08-14 16:18:12.993643,9.587893281936646,2.380723237991333
1755181092.99611,2025-08-14 16:18:12.996110,9.587984357833863,2.383190631866455
1755181092.9985354,2025-08-14 16:18:12.998535,9.588076387405396,2.3856160640716553
1755181093.0009243,2025-08-14 16:18:13.000924,9.58816794013977,2.388005018234253
1755181093.003359,2025-08-14 16:18:13.003359,9.58825853919983,2.390439748764038
1755181093.0057445,2025-08-14 16:18:13.005744,9.588349376678467,2.392825126647949
1755181093.008168,2025-08-14 16:18:13.008168,9.588439498901367,2.3952486515045166
1755181093.010525,2025-08-14 16:18:13.010525,9.5885315284729,2.3976056575775146
1755181093.0128405,2025-08-14 16:18:13.012841,9.588621650695801,2.399921178817749
1755181093.0153558,2025-08-14 16:18:13.015356,9.588712488174439,2.4024364948272705
1755181093.0176177,2025-08-14 16:18:13.017618,9.58880237197876,2.404698371887207
1755181093.0198355,2025-08-14 16:18:13.019835,9.588907514572144,2.4069161415100098
1755181093.0220094,2025-08-14 16:18:13.022009,9.589000020980835,2.409090042114258
1755181093.0241795,2025-08-14 16:18:13.024179,9.589092288970948,2.4112601280212402
1755181093.026371,2025-08-14 16:18:13.026371,9.58918455696106,2.413451671600342
1755181093.0285292,2025-08-14 16:18:13.028529,9.589275632858277,2.415609836578369
1755181093.030641,2025-08-14 16:18:13.030641,9.589366470336914,2.417721748352051
1755181093.032712,2025-08-14 16:18:13.032712,9.589458261489868,2.419792652130127
1755181093.0347645,2025-08-14 16:18:13.034765,9.589549098968506,2.4218451976776123
1755181093.036847,2025-08-14 16:18:13.036847,9.589639221191407,2.4239277839660645
1755181093.0388489,2025-08-14 16:18:13.038849,9.589730058670044,2.425929546356201
1755181093.0408492,2025-08-14 16:18:13.040849,9.589842115402222,2.4279298782348633
1755181093.0428357,2025-08-14 16:18:13.042836,9.58994105911255,2.4299163818359375
1755181093.0447674,2025-08-14 16:18:13.044767,9.590035949707032,2.4318480491638184
1755181093.0467272,2025-08-14 16:18:13.046727,9.590128456115723,2.433807849884033
1755181093.0486217,2025-08-14 16:18:13.048622,9.59022191619873,2.435702323913574
1755181093.0504982,2025-08-14 16:18:13.050498,9.590316091537476,2.4375789165496826
1755181093.0523386,2025-08-14 16:18:13.052339,9.590413843154908,2.4394192695617676
1755181093.054129,2025-08-14 16:18:13.054129,9.59050611114502,2.441209554672241
1755181093.0559542,2025-08-14 16:18:13.055954,9.590597425460816,2.4430348873138428
1755181093.0577552,2025-08-14 16:18:13.057755,9.590690170288086,2.444835901260376
1755181093.0595129,2025-08-14 16:18:13.059513,10.152582434998886,2.4465935230255127
1755181093.0660946,2025-08-14 16:18:13.066095,10.153325679779053,2.4531753063201904
1755181093.0690045,2025-08-14 16:18:13.069005,10.15344059753418,2.456085205078125
1755181093.0719423,2025-08-14 16:18:13.071942,10.153539064407349,2.4590229988098145
1755181093.0747762,2025-08-14 16:18:13.074776,10.153633239746094,2.4618568420410156
1755181093.0776272,2025-08-14 16:18:13.077627,10.153727891921998,2.464707851409912
1755181093.0803845,2025-08-14 16:18:13.080384,10.153820636749268,2.4674651622772217
1755181093.083084,2025-08-14 16:18:13.083084,10.153912666320801,2.4701647758483887
1755181093.0857768,2025-08-14 16:18:13.085777,10.15400302696228,2.4728574752807617
1755181093.0884864,2025-08-14 16:18:13.088486,10.154094818115235,2.475567102432251
1755181093.091166,2025-08-14 16:18:13.091166,10.154188516616822,2.4782466888427734
1755181093.0938148,2025-08-14 16:18:13.093815,10.154281023025513,2.480895519256592
1755181093.0965228,2025-08-14 16:18:13.096523,10.154374006271363,2.4836034774780273
1755181093.09913,2025-08-14 16:18:13.099130,10.154464366912842,2.486210584640503
1755181093.1016734,2025-08-14 16:18:13.101673,10.154556396484375,2.4887540340423584
1755181093.1044009,2025-08-14 16:18:13.104401,10.154648902893067,2.4914815425872803
1755181093.106966,2025-08-14 16:18:13.106966,10.154739978790284,2.494046688079834
1755181093.109473,2025-08-14 16:18:13.109473,10.1548310546875,2.496553659439087
1755181093.1119502,2025-08-14 16:18:13.111950,10.154920938491822,2.499030828475952
1755181093.114387,2025-08-14 16:18:13.114387,10.155021312713624,2.501467704772949
1755181093.1168327,2025-08-14 16:18:13.116833,10.155113819122315,2.503913402557373
1755181093.1192322,2025-08-14 16:18:13.119232,10.155205848693848,2.506312847137451
1755181093.1216326,2025-08-14 16:18:13.121633,10.155295970916749,2.5087132453918457
1755181093.1239843,2025-08-14 16:18:13.123984,10.15538823890686,2.5110650062561035
1755181093.126455,2025-08-14 16:18:13.126455,10.155479553222657,2.513535737991333
1755181093.1287575,2025-08-14 16:18:13.128757,10.155570390701294,2.515838146209717
1755181093.1310217,2025-08-14 16:18:13.131022,10.155660274505616,2.5181024074554443
1755181093.1332524,2025-08-14 16:18:13.133252,10.155761602401734,2.5203330516815186
1755181093.1354642,2025-08-14 16:18:13.135464,10.15588224220276,2.5225448608398438
1755181093.137644,2025-08-14 16:18:13.137644,10.15599096107483,2.5247247219085693
1755181093.1398072,2025-08-14 16:18:13.139807,10.15608394432068,2.526887893676758
1755181093.1419718,2025-08-14 16:18:13.141972,10.156175735473633,2.529052495956421
1755181093.144099,2025-08-14 16:18:13.144099,10.156291845321656,2.531179666519165
1755181093.1461945,2025-08-14 16:18:13.146194,10.15639698791504,2.5332751274108887
1755181093.1483884,2025-08-14 16:18:13.148388,10.156490447998047,2.5354690551757812
1755181093.1504507,2025-08-14 16:18:13.150451,10.156582954406739,2.5375313758850098
1755181093.1524851,2025-08-14 16:18:13.152485,10.156674745559693,2.5395658016204834
1755181093.1544914,2025-08-14 16:18:13.154491,10.156766536712647,2.541572093963623
1755181093.1566527,2025-08-14 16:18:13.156653,10.15685856628418,2.5437333583831787
1755181093.1587224,2025-08-14 16:18:13.158722,10.156950834274292,2.5458030700683594
1755181093.1607158,2025-08-14 16:18:13.160716,10.157044055938721,2.5477964878082275
1755181093.1626582,2025-08-14 16:18:13.162658,10.157136800765992,2.549738883972168
1755181093.1645775,2025-08-14 16:18:13.164577,10.157245519638062,2.5516581535339355
1755181093.1664786,2025-08-14 16:18:13.166479,10.157338026046753,2.5535593032836914
1755181093.168373,2025-08-14 16:18:13.168373,10.15742910194397,2.5554537773132324
1755181093.170232,2025-08-14 16:18:13.170232,10.157520177841187,2.5573127269744873
1755181093.1720622,2025-08-14 16:18:13.172062,10.157611730575562,2.559142827987671
1755181093.1738653,2025-08-14 16:18:13.173865,10.1577025680542,2.560945987701416
1755181093.1756544,2025-08-14 16:18:13.175654,10.157793405532837,2.562735080718994
1755181093.1774108,2025-08-14 16:18:13.177411,10.157884243011475,2.5644915103912354
1755181093.1791887,2025-08-14 16:18:13.179189,11.589244550352646,2.5662693977355957
1755181093.1807725,2025-08-14 16:18:13.180773,11.590244550352645,2.5678532123565674
1755181093.186943,2025-08-14 16:18:13.186943,11.590184059143066,2.574023723602295
1755181093.1899455,2025-08-14 16:18:13.189945,11.590293970108032,2.577026128768921
1755181093.1927996,2025-08-14 16:18:13.192800,11.590393152236938,2.5798802375793457
1755181093.1956184,2025-08-14 16:18:13.195618,11.590489711761474,2.5826990604400635
1755181093.1984198,2025-08-14 16:18:13.198420,11.59058364868164,2.585500478744507
1755181093.2011497,2025-08-14 16:18:13.201150,11.590679016113281,2.5882303714752197
1755181093.2040071,2025-08-14 16:18:13.204007,11.59077199935913,2.591087818145752
1755181093.2067738,2025-08-14 16:18:13.206774,11.590863790512085,2.5938544273376465
1755181093.209437,2025-08-14 16:18:13.209437,11.590956535339355,2.596517562866211
1755181093.2121277,2025-08-14 16:18:13.212128,11.591049041748047,2.599208354949951
1755181093.21489,2025-08-14 16:18:13.214890,11.591142263412475,2.601970672607422
1755181093.2174997,2025-08-14 16:18:13.217500,11.59123405456543,2.6045804023742676
1755181093.220093,2025-08-14 16:18:13.220093,11.591325130462646,2.6071736812591553
1755181093.222691,2025-08-14 16:18:13.222691,11.59141716003418,2.609771728515625
1755181093.2252066,2025-08-14 16:18:13.225207,11.591522302627563,2.6122872829437256
1755181093.232685,2025-08-14 16:18:13.232685,11.591625061035156,2.6197657585144043
1755181093.2364745,2025-08-14 16:18:13.236475,11.591717805862427,2.6235551834106445
1755181093.2402363,2025-08-14 16:18:13.240236,11.59180983543396,2.627316951751709
1755181093.243959,2025-08-14 16:18:13.243959,11.591901149749756,2.631039619445801
1755181093.2476726,2025-08-14 16:18:13.247673,11.591991271972656,2.6347532272338867
1755181093.2514417,2025-08-14 16:18:13.251442,11.592086400985718,2.6385223865509033
1755181093.2550757,2025-08-14 16:18:13.255076,11.592177953720093,2.6421563625335693
1755181093.258697,2025-08-14 16:18:13.258697,11.592275943756103,2.645777702331543
1755181093.2622674,2025-08-14 16:18:13.262267,11.592366781234741,2.649348020553589
1755181093.2658226,2025-08-14 16:18:13.265823,11.592460241317749,2.6529033184051514
1755181093.2696033,2025-08-14 16:18:13.269603,11.592552270889282,2.656683921813965
1755181093.2732027,2025-08-14 16:18:13.273203,11.592644300460815,2.660283327102661
1755181093.2767687,2025-08-14 16:18:13.276769,11.592735614776611,2.663849353790283
1755181093.2802541,2025-08-14 16:18:13.280254,11.592826452255249,2.667334794998169
1755181093.2836769,2025-08-14 16:18:13.283677,11.592917766571045,2.670757532119751
1755181093.2872043,2025-08-14 16:18:13.287204,11.593007650375366,2.6742849349975586
1755181093.290583,2025-08-14 16:18:13.290583,11.593098249435425,2.677663564682007
1755181093.2939415,2025-08-14 16:18:13.293941,11.593188848495483,2.6810221672058105
1755181093.2973764,2025-08-14 16:18:13.297376,11.593279447555542,2.6844570636749268
1755181093.300693,2025-08-14 16:18:13.300693,11.59337028503418,2.6877737045288086
1755181093.3039737,2025-08-14 16:18:13.303974,11.5934601688385,2.691054344177246
1755181093.3072348,2025-08-14 16:18:13.307235,11.593550291061401,2.6943154335021973
1755181093.310482,2025-08-14 16:18:13.310482,11.593639221191406,2.6975626945495605
1755181093.3137546,2025-08-14 16:18:13.313755,11.593658439636231,2.7008352279663086
1755181093.316941,2025-08-14 16:18:13.316941,11.593729104995727,2.704021692276001
1755181093.3201864,2025-08-14 16:18:13.320186,11.593763820648194,2.7072670459747314
1755181093.3233058,2025-08-14 16:18:13.323306,11.593819465637207,2.7103865146636963
1755181093.3264697,2025-08-14 16:18:13.326470,11.593859188079835,2.713550329208374
1755181093.3295646,2025-08-14 16:18:13.329565,11.593908157348633,2.7166452407836914
1755181093.3327084,2025-08-14 16:18:13.332708,11.593952648162842,2.7197890281677246
1755181093.3357322,2025-08-14 16:18:13.335732,11.593999948501587,2.7228128910064697
1755181093.338784,2025-08-14 16:18:13.338784,11.594045154571534,2.7258646488189697
1755181093.3417366,2025-08-14 16:18:13.341737,11.594088640213013,2.7288172245025635
1755181093.3448458,2025-08-14 16:18:13.344846,11.594166748046876,2.731926441192627
1755181093.3478286,2025-08-14 16:18:13.347829,11.594178524017334,2.7349092960357666
1755181093.3508136,2025-08-14 16:18:13.350814,11.594260684967042,2.737894296646118
1755181093.3536901,2025-08-14 16:18:13.353690,11.594268646240234,2.7407708168029785
1755181093.3566093,2025-08-14 16:18:13.356609,11.594354383468628,2.743690013885498
1755181093.3594515,2025-08-14 16:18:13.359452,11.59435757637024,2.7465322017669678
1755181093.362292,2025-08-14 16:18:13.362292,11.59444927406311,2.749372720718384
1755181093.3650796,2025-08-14 16:18:13.365080,11.594449844360351,2.7521603107452393
1755181093.36794,2025-08-14 16:18:13.367940,11.594554416656495,2.7550206184387207
1755181093.3707502,2025-08-14 16:18:13.370750,11.59455641746521,2.757830858230591
1755181093.373511,2025-08-14 16:18:13.373511,11.594647876739502,2.760591745376587
1755181093.3762844,2025-08-14 16:18:13.376284,11.594647970199585,2.7633650302886963
1755181093.3790047,2025-08-14 16:18:13.379005,11.594740383148194,2.766085386276245
1755181093.3816354,2025-08-14 16:18:13.381635,11.59483169746399,2.7687160968780518
1755181093.3843277,2025-08-14 16:18:13.384328,11.594923488616944,2.7714083194732666
1755181093.3869796,2025-08-14 16:18:13.386980,11.59501456451416,2.7740602493286133
1755181093.3896308,2025-08-14 16:18:13.389631,11.595105640411377,2.7767114639282227
1755181093.3922112,2025-08-14 16:18:13.392211,11.595196716308594,2.779291868209839
1755181093.3947382,2025-08-14 16:18:13.394738,11.595286123275757,2.7818188667297363
1755181093.3973017,2025-08-14 16:18:13.397302,11.595377437591553,2.7843823432922363
1755181093.399793,2025-08-14 16:18:13.399793,11.595467559814454,2.7868735790252686
1755181093.402234,2025-08-14 16:18:13.402234,11.595559112548829,2.7893147468566895
1755181093.4046535,2025-08-14 16:18:13.404654,11.595661155700684,2.791734218597412
1755181093.4071715,2025-08-14 16:18:13.407171,11.595751993179322,2.7942521572113037
1755181093.4096549,2025-08-14 16:18:13.409655,11.595884077072144,2.7967355251312256
1755181093.412023,2025-08-14 16:18:13.412023,11.595997325897217,2.7991037368774414
1755181093.4144564,2025-08-14 16:18:13.414456,11.59609722328186,2.801537036895752
1755181093.416908,2025-08-14 16:18:13.416908,11.596189252853394,2.8039886951446533
1755181093.4192102,2025-08-14 16:18:13.419210,11.596280090332032,2.806290864944458
1755181093.4214637,2025-08-14 16:18:13.421464,11.596371404647828,2.808544397354126
1755181093.423708,2025-08-14 16:18:13.423708,11.596467010498047,2.810788631439209
1755181093.4259076,2025-08-14 16:18:13.425908,11.596565715789795,2.81298828125
1755181093.4280975,2025-08-14 16:18:13.428097,11.596656076431275,2.815178155899048
1755181093.4302626,2025-08-14 16:18:13.430263,11.59674739074707,2.817343235015869
1755181093.4324195,2025-08-14 16:18:13.432420,11.596839658737183,2.819500207901001
1755181093.4345288,2025-08-14 16:18:13.434529,11.596931211471558,2.8216094970703125
1755181093.4366689,2025-08-14 16:18:13.436669,11.59702347946167,2.823749542236328
1755181093.4387474,2025-08-14 16:18:13.438747,11.5971167011261,2.8258280754089355
1755181093.4408033,2025-08-14 16:18:13.440803,11.597207538604737,2.8278839588165283
1755181093.4428182,2025-08-14 16:18:13.442818,11.597299329757691,2.8298988342285156
1755181093.444823,2025-08-14 16:18:13.444823,11.59738969039917,2.8319036960601807
1755181093.4469616,2025-08-14 16:18:13.446962,11.597479335784913,2.8340423107147217
1755181093.4490092,2025-08-14 16:18:13.449009,11.59757041168213,2.836089849472046
1755181093.4509816,2025-08-14 16:18:13.450982,11.597661249160767,2.838062286376953
1755181093.4529176,2025-08-14 16:18:13.452918,11.597752563476563,2.839998245239258
1755181093.454829,2025-08-14 16:18:13.454829,11.5978434009552,2.841909646987915
1755181093.456754,2025-08-14 16:18:13.456754,11.597933046340943,2.843834638595581
1755181093.4586055,2025-08-14 16:18:13.458606,11.598024360656739,2.845686197280884
1755181093.460491,2025-08-14 16:18:13.460491,11.598115198135377,2.847571611404419
1755181093.4623373,2025-08-14 16:18:13.462337,11.59820722770691,2.8494179248809814
1755181093.4642122,2025-08-14 16:18:13.464212,12.18083788020298,2.851292848587036
1755181093.4713538,2025-08-14 16:18:13.471354,12.181183820724486,2.8584344387054443
1755181093.474204,2025-08-14 16:18:13.474204,12.181291109085082,2.8612847328186035
1755181093.4770236,2025-08-14 16:18:13.477024,12.181389099121093,2.8641042709350586
1755181093.4797733,2025-08-14 16:18:13.479773,12.181485897064208,2.866853952407837
1755181093.4825196,2025-08-14 16:18:13.482520,12.181582218170165,2.869600296020508
1755181093.4853914,2025-08-14 16:18:13.485391,12.181680923461913,2.872472047805786
1755181093.4881117,2025-08-14 16:18:13.488112,12.181774383544921,2.875192403793335
1755181093.4907613,2025-08-14 16:18:13.490761,12.18186760520935,2.8778419494628906
1755181093.4933972,2025-08-14 16:18:13.493397,12.181961542129516,2.8804779052734375
1755181093.4960263,2025-08-14 16:18:13.496026,12.182056909561156,2.8831069469451904
1755181093.4986205,2025-08-14 16:18:13.498621,12.182150846481322,2.8857011795043945
1755181093.5011916,2025-08-14 16:18:13.501192,12.182244783401488,2.888272285461426
1755181093.5037572,2025-08-14 16:18:13.503757,12.1823370513916,2.8908379077911377
1755181093.506253,2025-08-14 16:18:13.506253,12.18243027305603,2.893333673477173
1755181093.508791,2025-08-14 16:18:13.508791,12.182522541046142,2.895871639251709
1755181093.5112455,2025-08-14 16:18:13.511245,12.182615524291991,2.8983261585235596
1755181093.513832,2025-08-14 16:18:13.513832,12.182725435256957,2.9009127616882324
1755181093.5163512,2025-08-14 16:18:13.516351,12.182818656921386,2.9034318923950195
1755181093.5187466,2025-08-14 16:18:13.518747,12.182910686492919,2.905827283859253
1755181093.5210795,2025-08-14 16:18:13.521080,12.183012968063354,2.9081602096557617
1755181093.5234075,2025-08-14 16:18:13.523407,12.183106189727782,2.9104881286621094
1755181093.5257077,2025-08-14 16:18:13.525708,12.183197504043578,2.9127883911132812
1755181093.5280309,2025-08-14 16:18:13.528031,12.183289295196532,2.915111541748047
1755181093.5303004,2025-08-14 16:18:13.530300,12.183380847930907,2.9173810482025146
1755181093.5326455,2025-08-14 16:18:13.532645,12.183472400665282,2.9197261333465576
1755181093.5348825,2025-08-14 16:18:13.534883,12.183565622329711,2.9219632148742676
1755181093.5370986,2025-08-14 16:18:13.537099,12.183662420272826,2.9241793155670166
1755181093.5392814,2025-08-14 16:18:13.539281,12.183755641937255,2.9263620376586914
1755181093.541411,2025-08-14 16:18:13.541411,12.183846956253051,2.9284915924072266
1755181093.543528,2025-08-14 16:18:13.543528,12.183938985824584,2.9306087493896484
1755181093.545611,2025-08-14 16:18:13.545611,12.18403030014038,2.9326915740966797
1755181093.5476844,2025-08-14 16:18:13.547684,12.184122806549071,2.934765100479126
1755181093.5497262,2025-08-14 16:18:13.549726,12.184214359283446,2.9368069171905518
1755181093.5517554,2025-08-14 16:18:13.551755,12.184337860107421,2.938836097717285
1755181093.553749,2025-08-14 16:18:13.553749,12.184432273864745,2.9408297538757324
1755181093.555729,2025-08-14 16:18:13.555729,12.185205226898193,2.942809581756592
1755181093.5576847,2025-08-14 16:18:13.557685,12.185328966140746,2.944765329360962
1755181093.5596404,2025-08-14 16:18:13.559640,12.185427433013915,2.946721076965332
1755181093.561605,2025-08-14 16:18:13.561605,12.185520416259765,2.948685646057129
1755181093.5635254,2025-08-14 16:18:13.563525,12.185613399505614,2.950606107711792
1755181093.5656486,2025-08-14 16:18:13.565649,12.185705667495727,2.9527292251586914
1755181093.5675488,2025-08-14 16:18:13.567549,12.18579745864868,2.954629421234131
1755181093.5694034,2025-08-14 16:18:13.569403,12.185890918731689,2.956484079360962
1755181093.5712183,2025-08-14 16:18:13.571218,12.185982233047485,2.958298921585083
1755181093.5730646,2025-08-14 16:18:13.573065,12.186074739456176,2.9601452350616455
1755181093.574858,2025-08-14 16:18:13.574858,12.186167245864867,2.9619386196136475
1755181093.5766966,2025-08-14 16:18:13.576697,12.186257844924926,2.9637773036956787
1755181093.5784774,2025-08-14 16:18:13.578477,12.186348682403564,2.9655580520629883
1755181093.5802245,2025-08-14 16:18:13.580225,12.186440473556518,2.9673051834106445
1755181093.5819106,2025-08-14 16:18:13.581911,13.459318852845557,2.968991279602051
1755181093.583455,2025-08-14 16:18:13.583455,13.460318852845557,2.9705357551574707
1755181093.5896876,2025-08-14 16:18:13.589688,13.460187873840333,2.9767682552337646
1755181093.5925438,2025-08-14 16:18:13.592544,13.460353813171388,2.9796245098114014
1755181093.5953386,2025-08-14 16:18:13.595339,13.460473976135255,2.98241925239563
1755181093.5980682,2025-08-14 16:18:13.598068,13.460571727752686,2.9851489067077637
1755181093.6008072,2025-08-14 16:18:13.600807,13.460668287277223,2.9878878593444824
1755181093.6035132,2025-08-14 16:18:13.603513,13.460764846801759,2.990593910217285
1755181093.606191,2025-08-14 16:18:13.606191,13.460859498977662,2.993271589279175
1755181093.6088498,2025-08-14 16:18:13.608850,13.460951290130616,2.9959304332733154
1755181093.6116118,2025-08-14 16:18:13.611612,13.461044273376466,2.998692512512207
1755181093.614394,2025-08-14 16:18:13.614394,13.46113844871521,3.001474618911743
1755181093.6170878,2025-08-14 16:18:13.617088,13.461230001449586,3.0041685104370117
1755181093.6196551,2025-08-14 16:18:13.619655,13.461322746276856,3.0067358016967773
1755181093.6221864,2025-08-14 16:18:13.622186,13.461421689987183,3.0092670917510986
1755181093.624719,2025-08-14 16:18:13.624719,13.461512527465821,3.0117995738983154
1755181093.6279178,2025-08-14 16:18:13.627918,13.461605033874513,3.014998435974121
1755181093.6307893,2025-08-14 16:18:13.630789,13.461696586608888,3.0178699493408203
1755181093.6332157,2025-08-14 16:18:13.633216,13.461788377761842,3.020296335220337
1755181093.6356072,2025-08-14 16:18:13.635607,13.461879692077638,3.0226879119873047
1755181093.637988,2025-08-14 16:18:13.637988,13.461970291137696,3.025068759918213
1755181093.6403265,2025-08-14 16:18:13.640326,13.462061843872071,3.027407169342041
1755181093.6426344,2025-08-14 16:18:13.642634,13.46215244293213,3.029715061187744
1755181093.644929,2025-08-14 16:18:13.644929,13.462243757247926,3.0320096015930176
1755181093.6474967,2025-08-14 16:18:13.647497,13.462334833145142,3.0345773696899414
1755181093.6500993,2025-08-14 16:18:13.650099,13.46246000289917,3.037179946899414
1755181093.6523497,2025-08-14 16:18:13.652350,13.462555131912232,3.0394303798675537
1755181093.6545537,2025-08-14 16:18:13.654554,13.462645730972291,3.0416343212127686
1755181093.6567795,2025-08-14 16:18:13.656780,13.462738475799561,3.0438601970672607
1755181093.6589453,2025-08-14 16:18:13.658945,13.46284242630005,3.0460259914398193
1755181093.6610851,2025-08-14 16:18:13.661085,13.462933263778687,3.048165798187256
1755181093.663217,2025-08-14 16:18:13.663217,13.463024816513062,3.050297737121582
1755181093.6652985,2025-08-14 16:18:13.665298,13.46311589241028,3.0523791313171387
1755181093.6673858,2025-08-14 16:18:13.667386,13.463207445144654,3.054466485977173
1755181093.669417,2025-08-14 16:18:13.669417,13.463298044204713,3.056497573852539
1755181093.6714282,2025-08-14 16:18:13.671428,13.463388404846192,3.05850887298584
1755181093.6734185,2025-08-14 16:18:13.673419,13.463479480743409,3.0604991912841797
1755181093.6754003,2025-08-14 16:18:13.675400,13.46356960296631,3.062480926513672
1755181093.677424,2025-08-14 16:18:13.677424,13.463661870956422,3.064504623413086
1755181093.6793995,2025-08-14 16:18:13.679399,13.463755569458009,3.0664801597595215
1755181093.6813104,2025-08-14 16:18:13.681310,13.463847837448121,3.0683910846710205
1755181093.6831858,2025-08-14 16:18:13.683186,13.463940105438233,3.0702664852142334
1755181093.685126,2025-08-14 16:18:13.685126,13.464031896591187,3.072206735610962
1755181093.6870174,2025-08-14 16:18:13.687017,13.464123449325562,3.0740981101989746
1755181093.6888142,2025-08-14 16:18:13.688814,13.46421452522278,3.075894832611084
1755181093.6905837,2025-08-14 16:18:13.690584,13.46430464744568,3.077664375305176
1755181093.6923819,2025-08-14 16:18:13.692382,13.464401445388795,3.0794625282287598
1755181093.6941178,2025-08-14 16:18:13.694118,13.46449275970459,3.0811984539031982
1755181093.6958349,2025-08-14 16:18:13.695835,13.46458335876465,3.0829155445098877
1755181093.697499,2025-08-14 16:18:13.697499,13.464673719406129,3.0845797061920166
1755181093.6991656,2025-08-14 16:18:13.699166,13.464765510559083,3.0862462520599365
1755181093.7008097,2025-08-14 16:18:13.700810,13.719077402789338,3.087890386581421
1755181093.7022882,2025-08-14 16:18:13.702288,13.720077402789338,3.0893688201904297
1755181093.808633,2025-08-14 16:18:13.808633,13.7201859664917,3.195713758468628
1755181093.8115385,2025-08-14 16:18:13.811538,13.720297069549561,3.1986191272735596
1755181093.8144033,2025-08-14 16:18:13.814403,13.720394105911256,3.201483964920044
1755181093.8172405,2025-08-14 16:18:13.817240,13.720489711761475,3.2043211460113525
1755181093.820024,2025-08-14 16:18:13.820024,13.720583410263062,3.2071046829223633
1755181093.8227825,2025-08-14 16:18:13.822783,13.72067949295044,3.2098631858825684
1755181093.8254697,2025-08-14 16:18:13.825470,13.720773668289185,3.212550401687622
1755181093.8281202,2025-08-14 16:18:13.828120,13.720866889953614,3.215200901031494
1755181093.8307366,2025-08-14 16:18:13.830737,13.720959873199464,3.2178173065185547
1755181093.8332982,2025-08-14 16:18:13.833298,13.721052856445313,3.220378875732422
1755181093.8358886,2025-08-14 16:18:13.835889,13.721144886016846,3.2229692935943604
1755181093.8384123,2025-08-14 16:18:13.838412,13.721237630844117,3.2254929542541504
1755181093.8409367,2025-08-14 16:18:13.840937,13.721330137252808,3.2280173301696777
1755181093.8434172,2025-08-14 16:18:13.843417,13.721431465148926,3.2304978370666504
1755181093.845894,2025-08-14 16:18:13.845894,13.72152325630188,3.2329747676849365
1755181093.8483481,2025-08-14 16:18:13.848348,13.721619815826417,3.235428810119629
1755181093.8507645,2025-08-14 16:18:13.850765,13.721712560653687,3.2378451824188232
1755181093.8531823,2025-08-14 16:18:13.853182,13.721803159713746,3.240262985229492
1755181093.8555894,2025-08-14 16:18:13.855589,13.721895427703858,3.2426700592041016
1755181093.8580003,2025-08-14 16:18:13.858000,13.721985788345338,3.2450809478759766
1755181093.8603935,2025-08-14 16:18:13.860394,13.722076864242554,3.247474193572998
1755181093.8628716,2025-08-14 16:18:13.862872,13.722168655395508,3.2499523162841797
1755181093.865187,2025-08-14 16:18:13.865187,13.722259969711304,3.252267599105835
1755181093.8675015,2025-08-14 16:18:13.867501,13.722351999282838,3.254582166671753
1755181093.8697243,2025-08-14 16:18:13.869724,13.722442598342896,3.256804943084717
1755181093.871928,2025-08-14 16:18:13.871928,13.722532958984376,3.2590086460113525
1755181093.87409,2025-08-14 16:18:13.874090,13.822468252182007,3.2611706256866455
1755181093.876313,2025-08-14 16:18:13.876313,13.822678060531617,3.2633936405181885
1755181093.8784542,2025-08-14 16:18:13.878454,13.822783679962159,3.2655348777770996
1755181093.8805683,2025-08-14 16:18:13.880568,13.822883338928223,3.267648935317993
1755181093.8826497,2025-08-14 16:18:13.882650,13.82300374031067,3.26973032951355
1755181093.884734,2025-08-14 16:18:13.884734,13.823108167648316,3.2718145847320557
1755181093.8868046,2025-08-14 16:18:13.886805,13.823203058242798,3.2738852500915527
1755181093.8888981,2025-08-14 16:18:13.888898,13.823296995162965,3.2759788036346436
1755181093.890939,2025-08-14 16:18:13.890939,13.823392601013184,3.278019666671753
1755181093.8929188,2025-08-14 16:18:13.892919,13.823486061096192,3.2799994945526123
1755181093.894899,2025-08-14 16:18:13.894899,13.82359025001526,3.281979560852051
1755181093.8968954,2025-08-14 16:18:13.896895,13.823691816329957,3.2839760780334473
1755181093.8988183,2025-08-14 16:18:13.898818,13.823785514831544,3.2858989238739014
1755181093.9006948,2025-08-14 16:18:13.900695,13.823913307189942,3.2877755165100098
1755181093.9025424,2025-08-14 16:18:13.902542,13.824100227355958,3.2896230220794678
1755181093.9043832,2025-08-14 16:18:13.904383,13.824196071624756,3.291463851928711
1755181093.9061575,2025-08-14 16:18:13.906157,13.824288816452027,3.2932381629943848
1755181093.9079375,2025-08-14 16:18:13.907938,13.824381799697877,3.295018196105957
1755181093.909687,2025-08-14 16:18:13.909687,13.824474544525147,3.2967677116394043
1755181093.9114273,2025-08-14 16:18:13.911427,13.824567289352418,3.2985079288482666
1755181093.9131577,2025-08-14 16:18:13.913158,13.824660034179688,3.3002383708953857
1755181093.9148514,2025-08-14 16:18:13.914851,13.824753017425538,3.3019320964813232
1755181093.916591,2025-08-14 16:18:13.916591,13.82484552383423,3.3036715984344482
1755181093.9182703,2025-08-14 16:18:13.918270,16.624433385520128,3.3053510189056396
1755181093.9197679,2025-08-14 16:18:13.919768,16.62543338552013,3.3068485260009766
1755181093.9259338,2025-08-14 16:18:13.925934,16.625190496444702,3.313014507293701
1755181093.928784,2025-08-14 16:18:13.928784,16.625300645828247,3.3158645629882812
1755181093.9315357,2025-08-14 16:18:13.931536,16.625417232513428,3.3186163902282715
1755181093.934225,2025-08-14 16:18:13.934225,16.6255145072937,3.321305751800537
1755181093.9369035,2025-08-14 16:18:13.936903,16.625609636306763,3.323984146118164
1755181093.9395773,2025-08-14 16:18:13.939577,16.62570548057556,3.326658010482788
1755181093.9421937,2025-08-14 16:18:13.942194,16.625800132751465,3.3292744159698486
1755181093.9447727,2025-08-14 16:18:13.944773,16.62589383125305,3.3318533897399902
1755181093.94737,2025-08-14 16:18:13.947370,16.625986337661743,3.3344507217407227
1755181093.9499145,2025-08-14 16:18:13.949914,16.62608504295349,3.3369951248168945
1755181093.952415,2025-08-14 16:18:13.952415,16.6261785030365,3.3394956588745117
1755181093.954893,2025-08-14 16:18:13.954893,16.62627148628235,3.3419737815856934
1755181093.9573724,2025-08-14 16:18:13.957372,16.6263644695282,3.3444530963897705
1755181093.9598503,2025-08-14 16:18:13.959850,16.62645697593689,3.346930980682373
1755181093.9622777,2025-08-14 16:18:13.962278,16.626548767089844,3.349358320236206
1755181093.964674,2025-08-14 16:18:13.964674,16.62664008140564,3.351754665374756
1755181093.9672103,2025-08-14 16:18:13.967210,16.626731634140015,3.3542909622192383
1755181093.969641,2025-08-14 16:18:13.969641,16.626824378967285,3.3567216396331787
1755181093.9720047,2025-08-14 16:18:13.972005,16.626916885375977,3.3590853214263916
1755181093.9742942,2025-08-14 16:18:13.974294,16.62700867652893,3.361374855041504
1755181093.9765909,2025-08-14 16:18:13.976591,16.627100467681885,3.3636715412139893
1755181093.978904,2025-08-14 16:18:13.978904,16.62719178199768,3.3659846782684326
1755181093.9811792,2025-08-14 16:18:13.981179,16.627282857894897,3.368259906768799
1755181093.9834554,2025-08-14 16:18:13.983455,16.62737488746643,3.3705360889434814
1755181093.9857378,2025-08-14 16:18:13.985738,16.627479076385498,3.3728184700012207
1755181093.9880168,2025-08-14 16:18:13.988017,16.627572059631348,3.3750975131988525
1755181093.9901562,2025-08-14 16:18:13.990156,16.627662897109985,3.377236843109131
1755181093.992302,2025-08-14 16:18:13.992302,16.62775444984436,3.379382610321045
1755181093.9943912,2025-08-14 16:18:13.994391,16.62784719467163,3.381471872329712
1755181093.9965043,2025-08-14 16:18:13.996504,16.627938747406006,3.383584976196289
1755181093.9986277,2025-08-14 16:18:13.998628,16.6280300617218,3.3857083320617676
1755181094.000692,2025-08-14 16:18:14.000692,16.628119945526123,3.387772560119629
1755181094.0027084,2025-08-14 16:18:14.002708,16.628210067749023,3.38978910446167
1755181094.00467,2025-08-14 16:18:14.004670,16.628302574157715,3.3917505741119385
1755181094.0066469,2025-08-14 16:18:14.006647,16.628393411636353,3.3937275409698486
1755181094.0086284,2025-08-14 16:18:14.008628,16.62848448753357,3.3957090377807617
1755181094.0105608,2025-08-14 16:18:14.010561,16.628575563430786,3.39764142036438
1755181094.012509,2025-08-14 16:18:14.012509,16.628671407699585,3.399589776992798
1755181094.0143583,2025-08-14 16:18:14.014358,16.628787517547607,3.4014389514923096
1755181094.016195,2025-08-14 16:18:14.016195,16.628880977630615,3.403275728225708
1755181094.0180964,2025-08-14 16:18:14.018096,16.628973722457886,3.405177116394043
1755181094.019954,2025-08-14 16:18:14.019954,16.62907314300537,3.4070346355438232
1755181094.0217369,2025-08-14 16:18:14.021737,16.629164457321167,3.4088175296783447
1755181094.0234911,2025-08-14 16:18:14.023491,16.6292564868927,3.410571813583374
1755181094.0252664,2025-08-14 16:18:14.025266,16.629348039627075,3.4123470783233643
1755181094.0270395,2025-08-14 16:18:14.027040,16.62943983078003,3.4141201972961426
1755181094.0287657,2025-08-14 16:18:14.028766,16.629531860351562,3.415846347808838
1755181094.0304227,2025-08-14 16:18:14.030423,16.629621982574463,3.4175033569335938
1755181094.032053,2025-08-14 16:18:14.032053,16.629714488983154,3.4191336631774902
1755181094.0336807,2025-08-14 16:18:14.033681,18.94139591643647,3.4207613468170166
1755181094.0351312,2025-08-14 16:18:14.035131,18.94239591643647,3.4222118854522705
1755181094.041354,2025-08-14 16:18:14.041354,18.942182390213013,3.4284346103668213
1755181094.0440845,2025-08-14 16:18:14.044085,18.9422920627594,3.4311652183532715
1755181094.0468214,2025-08-14 16:18:14.046821,18.94239029121399,3.4339020252227783
1755181094.0495603,2025-08-14 16:18:14.049560,18.94248613548279,3.436640977859497
1755181094.0522192,2025-08-14 16:18:14.052219,18.942711917877197,3.4392998218536377
1755181094.0548403,2025-08-14 16:18:14.054840,18.94283065032959,3.4419209957122803
1755181094.0574887,2025-08-14 16:18:14.057489,18.94292625617981,3.4445693492889404
1755181094.060109,2025-08-14 16:18:14.060109,18.943019716262818,3.4471895694732666
1755181094.062661,2025-08-14 16:18:14.062661,18.943112461090088,3.4497416019439697
1755181094.0652251,2025-08-14 16:18:14.065225,18.943206636428833,3.452305793762207
1755181094.0677948,2025-08-14 16:18:14.067795,18.943299381256104,3.4548754692077637
1755181094.0703318,2025-08-14 16:18:14.070332,18.94339284133911,3.4574124813079834
1755181094.0728304,2025-08-14 16:18:14.072830,18.943484394073486,3.4599111080169678
1755181094.075268,2025-08-14 16:18:14.075268,18.94357642364502,3.462348699569702
1755181094.0778427,2025-08-14 16:18:14.077843,18.943668691635132,3.46492338180542
1755181094.0803294,2025-08-14 16:18:14.080329,18.943761198043823,3.467410087585449
1755181094.0826883,2025-08-14 16:18:14.082688,18.943853942871094,3.46976900100708
1755181094.0851321,2025-08-14 16:18:14.085132,18.943945972442627,3.472212791442871
1755181094.0876238,2025-08-14 16:18:14.087624,18.94403824043274,3.4747045040130615
1755181094.0899742,2025-08-14 16:18:14.089974,18.94413050842285,3.4770548343658447
1755181094.092843,2025-08-14 16:18:14.092843,18.944221822738648,3.479923725128174
1755181094.095156,2025-08-14 16:18:14.095156,18.944312421798706,3.482236623764038
1755181094.097416,2025-08-14 16:18:14.097416,18.944403736114502,3.484496593475342
1755181094.0996544,2025-08-14 16:18:14.099654,18.94449409675598,3.4867351055145264
1755181094.1018693,2025-08-14 16:18:14.101869,18.944586126327515,3.48895001411438
1755181094.1041095,2025-08-14 16:18:14.104110,18.944712726593018,3.491190195083618
1755181094.1062608,2025-08-14 16:18:14.106261,18.944807140350342,3.4933414459228516
1755181094.1084013,2025-08-14 16:18:14.108401,18.944899885177612,3.4954819679260254
1755181094.1105375,2025-08-14 16:18:14.110538,18.944991437911987,3.4976181983947754
1755181094.1126256,2025-08-14 16:18:14.112626,18.945084421157837,3.499706268310547
1755181094.1146913,2025-08-14 16:18:14.114691,18.945188610076904,3.501771926879883
1755181094.116783,2025-08-14 16:18:14.116783,18.9452799243927,3.503863573074341
1755181094.118812,2025-08-14 16:18:14.118812,18.94537266921997,3.505892753601074
1755181094.1208634,2025-08-14 16:18:14.120863,18.945464460372925,3.507944107055664
1755181094.1228302,2025-08-14 16:18:14.122830,18.945556489944458,3.509910821914673
1755181094.1248481,2025-08-14 16:18:14.124848,18.945648281097412,3.5119287967681885
1755181094.1267965,2025-08-14 16:18:14.126796,18.945738164901734,3.5138771533966064
1755181094.1288095,2025-08-14 16:18:14.128809,18.945829956054688,3.515890121459961
1755181094.1307428,2025-08-14 16:18:14.130743,18.945920555114746,3.5178234577178955
1755181094.1326017,2025-08-14 16:18:14.132602,18.94601282310486,3.5196824073791504
1755181094.1344151,2025-08-14 16:18:14.134415,18.946104375839234,3.521495819091797
1755181094.1361969,2025-08-14 16:18:14.136197,18.94619592857361,3.523277521133423
1755181094.1380126,2025-08-14 16:18:14.138013,18.94628819656372,3.5250933170318604
1755181094.139811,2025-08-14 16:18:14.139811,18.94637879562378,3.5268917083740234
1755181094.141519,2025-08-14 16:18:14.141519,18.94646915626526,3.528599739074707
1755181094.1432137,2025-08-14 16:18:14.143214,18.946560708999634,3.530294418334961
1755181094.1448863,2025-08-14 16:18:14.144886,18.946650831222534,3.5319669246673584
1755181094.1465583,2025-08-14 16:18:14.146558,18.946741668701172,3.5336389541625977
1755181094.1482103,2025-08-14 16:18:14.148210,18.94683274459839,3.5352909564971924
1755181094.1498895,2025-08-14 16:18:14.149889,18.97246353889954,3.5369701385498047
1755181094.151371,2025-08-14 16:18:14.151371,18.97346353889954,3.538451671600342
1755181094.1574147,2025-08-14 16:18:14.157415,18.973187158584594,3.5444953441619873
1755181094.1601863,2025-08-14 16:18:14.160186,18.973298261642455,3.547266960144043
1755181094.1630309,2025-08-14 16:18:14.163031,18.97339553642273,3.5501115322113037
1755181094.165811,2025-08-14 16:18:14.165811,18.973491380691527,3.552891731262207
1755181094.1685748,2025-08-14 16:18:14.168575,18.973585317611693,3.5556554794311523
1755181094.171229,2025-08-14 16:18:14.171229,18.973680446624755,3.558309555053711
1755181094.1737785,2025-08-14 16:18:14.173779,18.973773906707763,3.560859203338623
1755181094.1763391,2025-08-14 16:18:14.176339,18.973866413116454,3.563419818878174
1755181094.1788695,2025-08-14 16:18:14.178869,18.973958919525145,3.5659501552581787
1755181094.1814332,2025-08-14 16:18:14.181433,18.97405285644531,3.568513870239258
1755181094.1839337,2025-08-14 16:18:14.183934,18.974145124435424,3.571014404296875
1755181094.1864057,2025-08-14 16:18:14.186406,18.974239776611327,3.573486328125
1755181094.1888392,2025-08-14 16:18:14.188839,18.974331329345702,3.5759198665618896
1755181094.1913435,2025-08-14 16:18:14.191344,18.974423120498656,3.5784242153167725
1755181094.1937351,2025-08-14 16:18:14.193735,18.974513719558715,3.5808157920837402
1755181094.1960979,2025-08-14 16:18:14.196098,18.974605987548827,3.5831785202026367
1755181094.198478,2025-08-14 16:18:14.198478,18.97469777870178,3.5855586528778076
1755181094.2008328,2025-08-14 16:18:14.200833,18.974789569854735,3.5879135131835938
1755181094.2031436,2025-08-14 16:18:14.203144,18.97488159942627,3.590224266052246
1755181094.205422,2025-08-14 16:18:14.205422,18.97497410583496,3.5925025939941406
1755181094.2077425,2025-08-14 16:18:14.207742,18.975065658569335,3.594823122024536
1755181094.2099974,2025-08-14 16:18:14.209997,18.97515744972229,3.5970780849456787
1755181094.212295,2025-08-14 16:18:14.212295,18.9752497177124,3.5993757247924805
1755181094.2144732,2025-08-14 16:18:14.214473,18.975343654632567,3.6015539169311523
1755181094.2166898,2025-08-14 16:18:14.216690,18.975433776855468,3.6037704944610596
1755181094.2188962,2025-08-14 16:18:14.218896,18.97553176689148,3.6059768199920654
1755181094.2210343,2025-08-14 16:18:14.221034,18.97562403488159,3.6081149578094482
1755181094.2232018,2025-08-14 16:18:14.223202,18.975715110778808,3.6102824211120605
1755181094.22526,2025-08-14 16:18:14.225260,18.97580690193176,3.6123406887054443
1755181094.2273297,2025-08-14 16:18:14.227330,18.975909421920775,3.614410400390625
1755181094.229345,2025-08-14 16:18:14.229345,18.976000497817992,3.6164257526397705
1755181094.2313776,2025-08-14 16:18:14.231378,18.976092527389525,3.6184582710266113
1755181094.2331755,2025-08-14 16:18:14.233176,18.976182649612426,3.620256185531616
1755181094.2347481,2025-08-14 16:18:14.234748,18.97627396392822,3.62182879447937
1755181094.2362928,2025-08-14 16:18:14.236293,18.97636503982544,3.623373508453369
1755181094.238005,2025-08-14 16:18:14.238005,18.97645706939697,3.6250855922698975
1755181094.2395334,2025-08-14 16:18:14.239533,18.976548383712768,3.6266140937805176
1755181094.2410672,2025-08-14 16:18:14.241067,18.976638744354247,3.628147840499878
1755181094.242538,2025-08-14 16:18:14.242538,18.976729581832885,3.6296186447143555
1755181094.244006,2025-08-14 16:18:14.244006,18.9768206577301,3.631086587905884
1755181094.2454348,2025-08-14 16:18:14.245435,18.976909349441527,3.6325154304504395
1755181094.2468865,2025-08-14 16:18:14.246886,18.97700114059448,3.633967161178589
1755181094.2482793,2025-08-14 16:18:14.248279,18.977092454910277,3.6353600025177
1755181094.2496548,2025-08-14 16:18:14.249655,18.97718186187744,3.636735439300537
1755181094.251047,2025-08-14 16:18:14.251047,18.97727222251892,3.638127565383911
1755181094.2523925,2025-08-14 16:18:14.252393,18.97736282157898,3.6394731998443604
1755181094.2537234,2025-08-14 16:18:14.253723,18.977454374313353,3.6408040523529053
1755181094.2550313,2025-08-14 16:18:14.255031,18.977563331604003,3.6421120166778564
1755181094.2563365,2025-08-14 16:18:14.256336,18.977661083221435,3.6434171199798584
1755181094.2576241,2025-08-14 16:18:14.257624,18.998238744800936,3.644704818725586
1755181094.258796,2025-08-14 16:18:14.258796,18.999238744800937,3.64587664604187
1755181094.2636693,2025-08-14 16:18:14.263669,18.999154495239257,3.650749921798706
1755181094.2658474,2025-08-14 16:18:14.265847,18.999242710113524,3.652928113937378
1755181094.2680204,2025-08-14 16:18:14.268020,18.999322580337523,3.6551010608673096
1755181094.2702074,2025-08-14 16:18:14.270207,18.999399112701415,3.657288074493408
1755181094.272341,2025-08-14 16:18:14.272341,18.99947707557678,3.659421682357788
1755181094.2744172,2025-08-14 16:18:14.274417,18.999553607940673,3.6614978313446045
1755181094.2765186,2025-08-14 16:18:14.276519,18.99962823295593,3.6635992527008057
1755181094.2785828,2025-08-14 16:18:14.278583,18.99970261955261,3.665663480758667
1755181094.2806482,2025-08-14 16:18:14.280648,18.999776529312133,3.667728900909424
1755181094.2826657,2025-08-14 16:18:14.282666,18.999868320465087,3.6697463989257812
1755181094.2846599,2025-08-14 16:18:14.284660,18.999943899154662,3.6717405319213867
1755181094.286697,2025-08-14 16:18:14.286697,19.000025438308715,3.6737775802612305
1755181094.2886307,2025-08-14 16:18:14.288631,19.0001146068573,3.6757113933563232
1755181094.2905982,2025-08-14 16:18:14.290598,19.0001887550354,3.6776788234710693
1755181094.2925994,2025-08-14 16:18:14.292599,19.000261711120604,3.679680109024048
1755181094.2944798,2025-08-14 16:18:14.294480,19.000336336135863,3.681560516357422
1755181094.296434,2025-08-14 16:18:14.296434,19.000412153244017,3.6835145950317383
1755181094.298301,2025-08-14 16:18:14.298301,19.000492261886595,3.6853816509246826
1755181094.300141,2025-08-14 16:18:14.300141,19.00056545639038,3.6872217655181885
1755181094.3020322,2025-08-14 16:18:14.302032,19.000638650894164,3.689112901687622
1755181094.303835,2025-08-14 16:18:14.303835,19.000712322235106,3.690915584564209
1755181094.3055851,2025-08-14 16:18:14.305585,19.00078575515747,3.6926658153533936
1755181094.3073769,2025-08-14 16:18:14.307377,19.000858711242675,3.694457530975342
1755181094.3091056,2025-08-14 16:18:14.309106,19.00093166732788,3.6961863040924072
1755181094.3109007,2025-08-14 16:18:14.310901,19.001004146575927,3.697981357574463
1755181094.3126066,2025-08-14 16:18:14.312607,19.001078294754027,3.6996872425079346
1755181094.3142695,2025-08-14 16:18:14.314270,19.001155780792235,3.701350212097168
1755181094.3159528,2025-08-14 16:18:14.315953,19.0012292137146,3.703033447265625
1755181094.3175993,2025-08-14 16:18:14.317599,19.001302408218383,3.7046799659729004
1755181094.3192158,2025-08-14 16:18:14.319216,19.001375364303588,3.706296443939209
1755181094.3209088,2025-08-14 16:18:14.320909,19.001448320388793,3.707989454269409
1755181094.3225064,2025-08-14 16:18:14.322506,19.00152079963684,3.7095870971679688
1755181094.324074,2025-08-14 16:18:14.324074,19.001594232559203,3.7111546993255615
1755181094.3256361,2025-08-14 16:18:14.325636,19.001667665481566,3.712716817855835
1755181094.3272655,2025-08-14 16:18:14.327266,19.00174062156677,3.714346170425415
1755181094.3288689,2025-08-14 16:18:14.328869,19.001814292907714,3.715949535369873
1755181094.330381,2025-08-14 16:18:14.330381,19.001887487411498,3.717461585998535
1755181094.3318968,2025-08-14 16:18:14.331897,19.001960681915282,3.718977451324463
1755181094.3333395,2025-08-14 16:18:14.333339,19.002033399581908,3.7204201221466064
1755181094.3347707,2025-08-14 16:18:14.334771,19.002106117248534,3.721851348876953
1755181094.336211,2025-08-14 16:18:14.336211,19.002179311752318,3.7232916355133057
1755181094.3376584,2025-08-14 16:18:14.337658,19.00225274467468,3.7247390747070312
1755181094.339045,2025-08-14 16:18:14.339045,19.002325462341307,3.726125717163086
1755181094.3403976,2025-08-14 16:18:14.340398,19.002398418426512,3.727478265762329
1755181094.3417308,2025-08-14 16:18:14.341731,19.00247113609314,3.728811502456665
1755181094.343064,2025-08-14 16:18:14.343064,19.00255577468872,3.730144739151001
1755181094.344372,2025-08-14 16:18:14.344372,19.00262968444824,3.731452703475952
1755181094.3456478,2025-08-14 16:18:14.345648,19.00270383262634,3.7327284812927246
1755181094.3469415,2025-08-14 16:18:14.346941,19.002777980804442,3.7340221405029297
1755181094.3482544,2025-08-14 16:18:14.348254,19.777842851272734,3.735335111618042
1755181094.3534405,2025-08-14 16:18:14.353441,19.77816117095947,3.740521192550659
1755181094.3556242,2025-08-14 16:18:14.355624,19.778249862670897,3.7427048683166504
1755181094.3578076,2025-08-14 16:18:14.357808,19.778328063964842,3.7448883056640625
1755181094.3599749,2025-08-14 16:18:14.359975,19.778423192977904,3.7470555305480957
1755181094.3620944,2025-08-14 16:18:14.362094,19.778505447387694,3.7491750717163086
1755181094.364165,2025-08-14 16:18:14.364165,19.778582218170165,3.7512457370758057
1755181094.3661685,2025-08-14 16:18:14.366168,19.77865732002258,3.753249168395996
1755181094.368239,2025-08-14 16:18:14.368239,19.778731468200682,3.755319595336914
1755181094.3702118,2025-08-14 16:18:14.370212,19.77880633163452,3.7572925090789795
1755181094.3721938,2025-08-14 16:18:14.372194,19.778881433486937,3.759274482727051
1755181094.374202,2025-08-14 16:18:14.374202,19.778955581665038,3.7612826824188232
1755181094.3761516,2025-08-14 16:18:14.376152,19.779030683517455,3.7632322311401367
1755181094.378073,2025-08-14 16:18:14.378073,19.779105546951293,3.765153646469116
1755181094.380017,2025-08-14 16:18:14.380017,19.779178979873656,3.7670977115631104
1755181094.3818889,2025-08-14 16:18:14.381889,19.77925193595886,3.7689695358276367
1755181094.3838813,2025-08-14 16:18:14.383881,19.779324653625487,3.7709619998931885
1755181094.3857725,2025-08-14 16:18:14.385772,19.77939808654785,3.772853136062622
1755181094.387621,2025-08-14 16:18:14.387621,19.779471519470214,3.7747015953063965
1755181094.3894026,2025-08-14 16:18:14.389403,19.779544713973998,3.7764832973480225
1755181094.3911684,2025-08-14 16:18:14.391168,19.77961862373352,3.7782490253448486
1755181094.392916,2025-08-14 16:18:14.392916,19.779691818237303,3.779996633529663
1755181094.3946648,2025-08-14 16:18:14.394665,19.779765012741088,3.781745433807373
1755181094.396395,2025-08-14 16:18:14.396395,19.77983820724487,3.783475637435913
1755181094.3980753,2025-08-14 16:18:14.398075,19.779911401748656,3.785156011581421
1755181094.399752,2025-08-14 16:18:14.399752,19.779985311508177,3.786832571029663
1755181094.4014041,2025-08-14 16:18:14.401404,19.780070426940917,3.788484811782837
1755181094.4030468,2025-08-14 16:18:14.403047,19.780144336700438,3.7901275157928467
1755181094.4046571,2025-08-14 16:18:14.404657,19.780217054367064,3.7917377948760986
1755181094.4062672,2025-08-14 16:18:14.406267,19.780290964126586,3.7933478355407715
1755181094.4078555,2025-08-14 16:18:14.407856,19.78036392021179,3.794936180114746
1755181094.4094207,2025-08-14 16:18:14.409421,19.78045976448059,3.796501398086548
1755181094.4109652,2025-08-14 16:18:14.410965,19.780546548843382,3.7980458736419678
1755181094.412497,2025-08-14 16:18:14.412497,19.780624988555907,3.7995777130126953
1755181094.413991,2025-08-14 16:18:14.413991,19.780699136734007,3.8010716438293457
1755181094.4154851,2025-08-14 16:18:14.415485,19.780796173095702,3.802565813064575
1755181094.416954,2025-08-14 16:18:14.416954,19.78087055969238,3.80403470993042
1755181094.418418,2025-08-14 16:18:14.418418,19.780945899963378,3.8054986000061035
1755181094.4198644,2025-08-14 16:18:14.419864,19.78101933288574,3.8069450855255127
1755181094.4212983,2025-08-14 16:18:14.421298,19.781093004226683,3.8083789348602295
1755181094.4227033,2025-08-14 16:18:14.422703,19.781289461135863,3.809783935546875
1755181094.424098,2025-08-14 16:18:14.424098,19.78136718559265,3.811178684234619
1755181094.425465,2025-08-14 16:18:14.425465,19.781442764282225,3.8125457763671875
1755181094.4268303,2025-08-14 16:18:14.426830,19.78151619720459,3.813910961151123
1755181094.4281597,2025-08-14 16:18:14.428160,19.781589630126952,3.8152403831481934
1755181094.4294727,2025-08-14 16:18:14.429473,19.78166401672363,3.8165533542633057
1755181094.4307747,2025-08-14 16:18:14.430775,19.781736734390257,3.8178553581237793
1755181094.432089,2025-08-14 16:18:14.432089,19.78181016731262,3.819169759750366
1755181094.4333553,2025-08-14 16:18:14.433355,19.781906488418578,3.8204360008239746
1755181094.4345965,2025-08-14 16:18:14.434597,19.78198063659668,3.8216772079467773
1755181094.4358456,2025-08-14 16:18:14.435846,22.577172552140482,3.8229262828826904
1755181094.4369469,2025-08-14 16:18:14.436947,22.578172552140483,3.8240275382995605
1755181094.4416835,2025-08-14 16:18:14.441684,22.57815091896057,3.8287642002105713
1755181094.4438229,2025-08-14 16:18:14.443823,22.578239372253417,3.8309035301208496
1755181094.4459255,2025-08-14 16:18:14.445925,22.578316858291625,3.8330061435699463
1755181094.4480162,2025-08-14 16:18:14.448016,22.578394105911254,3.835096836090088
1755181094.450066,2025-08-14 16:18:14.450066,22.57846992301941,3.837146759033203
1755181094.452095,2025-08-14 16:18:14.452095,22.578545978546142,3.8391757011413574
1755181094.4540873,2025-08-14 16:18:14.454087,22.578619649887084,3.84116792678833
1755181094.456065,2025-08-14 16:18:14.456065,22.578693798065185,3.8431456089019775
1755181094.4580245,2025-08-14 16:18:14.458025,22.578767469406127,3.8451051712036133
1755181094.4599795,2025-08-14 16:18:14.459980,22.578840187072753,3.847060203552246
1755181094.4619312,2025-08-14 16:18:14.461931,22.578914335250854,3.8490118980407715
1755181094.4638653,2025-08-14 16:18:14.463865,22.578993967056274,3.8509459495544434
1755181094.46577,2025-08-14 16:18:14.465770,22.579067161560058,3.8528506755828857
1755181094.4676828,2025-08-14 16:18:14.467683,22.57914130973816,3.8547635078430176
1755181094.4695385,2025-08-14 16:18:14.469538,22.579214742660522,3.856619119644165
1755181094.4713867,2025-08-14 16:18:14.471387,22.579288652420043,3.8584673404693604
1755181094.473233,2025-08-14 16:18:14.473233,22.579360416412353,3.860313653945923
1755181094.47506,2025-08-14 16:18:14.475060,22.579442193984985,3.862140655517578
1755181094.4768593,2025-08-14 16:18:14.476859,22.57951515007019,3.8639400005340576
1755181094.4786484,2025-08-14 16:18:14.478648,22.579587629318237,3.8657290935516357
1755181094.4804044,2025-08-14 16:18:14.480404,22.57966130065918,3.8674850463867188
1755181094.4821463,2025-08-14 16:18:14.482146,22.579734733581542,3.8692269325256348
1755181094.4838638,2025-08-14 16:18:14.483864,22.57980721282959,3.8709444999694824
1755181094.4856706,2025-08-14 16:18:14.485671,22.579881837844848,3.872751235961914
1755181094.487396,2025-08-14 16:18:14.487396,22.579956224441528,3.874476671218872
1755181094.4890625,2025-08-14 16:18:14.489063,22.580030611038207,3.876143217086792
1755181094.4907289,2025-08-14 16:18:14.490729,22.58010380554199,3.877809524536133
1755181094.492352,2025-08-14 16:18:14.492352,22.58017628479004,3.8794326782226562
1755181094.4939523,2025-08-14 16:18:14.493952,22.5802497177124,3.881032943725586
1755181094.4955735,2025-08-14 16:18:14.495574,22.580322912216186,3.8826541900634766
1755181094.497178,2025-08-14 16:18:14.497178,22.58039586830139,3.88425874710083
1755181094.4987385,2025-08-14 16:18:14.498739,22.580468824386596,3.88581919670105
1755181094.50027,2025-08-14 16:18:14.500270,22.580541303634643,3.887350559234619
1755181094.5017655,2025-08-14 16:18:14.501765,22.58061402130127,3.8888461589813232
1755181094.503267,2025-08-14 16:18:14.503267,22.58068578529358,3.890347719192505
1755181094.504732,2025-08-14 16:18:14.504732,22.580758502960204,3.891812562942505
1755181094.5061824,2025-08-14 16:18:14.506182,22.58083122062683,3.893263101577759
1755181094.507635,2025-08-14 16:18:14.507635,22.580903938293456,3.8947157859802246
1755181094.5090725,2025-08-14 16:18:14.509073,22.580976417541503,3.896153211593628
1755181094.5104756,2025-08-14 16:18:14.510476,22.581047943115234,3.8975563049316406
1755181094.5118685,2025-08-14 16:18:14.511868,22.58112089920044,3.898949146270752
1755181094.513221,2025-08-14 16:18:14.513221,22.581193855285644,3.900301694869995
1755181094.5145576,2025-08-14 16:18:14.514558,22.58126633453369,3.9016382694244385
1755181094.515878,2025-08-14 16:18:14.515878,22.58133786010742,3.902958631515503
1755181094.5171924,2025-08-14 16:18:14.517192,22.581410339355468,3.90427303314209
1755181094.5184858,2025-08-14 16:18:14.518486,22.581483533859252,3.905566453933716
1755181094.5197928,2025-08-14 16:18:14.519793,22.58155577468872,3.9068734645843506
1755181094.5210512,2025-08-14 16:18:14.521051,22.58162753868103,3.9081318378448486
1755181094.5222797,2025-08-14 16:18:14.522280,22.581700733184814,3.909360408782959
1755181094.5235288,2025-08-14 16:18:14.523529,23.057152560682795,3.910609483718872
1755181094.5246072,2025-08-14 16:18:14.524607,23.058152560682796,3.9116878509521484
1755181094.5295284,2025-08-14 16:18:14.529528,23.058149250030517,3.916609048843384
1755181094.5316734,2025-08-14 16:18:14.531673,23.058238180160522,3.9187541007995605
1755181094.5337603,2025-08-14 16:18:14.533760,23.058316381454468,3.9208409786224365
1755181094.5358365,2025-08-14 16:18:14.535836,23.0583924369812,3.922917127609253
1755181094.5378823,2025-08-14 16:18:14.537882,23.058468969345093,3.9249629974365234
1755181094.5398932,2025-08-14 16:18:14.539893,23.058544548034668,3.926973819732666
1755181094.5418782,2025-08-14 16:18:14.541878,23.05861869621277,3.9289588928222656
1755181094.5438454,2025-08-14 16:18:14.543845,23.058693321228027,3.9309260845184326
1755181094.5457983,2025-08-14 16:18:14.545798,23.058767707824707,3.9328789710998535
1755181094.547746,2025-08-14 16:18:14.547746,23.058842571258545,3.934826612472534
1755181094.549761,2025-08-14 16:18:14.549761,23.058916481018066,3.9368417263031006
1755181094.5517251,2025-08-14 16:18:14.551725,23.058991821289062,3.9388058185577393
1755181094.5536146,2025-08-14 16:18:14.553615,23.059067638397217,3.940695285797119
1755181094.555513,2025-08-14 16:18:14.555513,23.05914369392395,3.942593574523926
1755181094.5574136,2025-08-14 16:18:14.557414,23.059219749450683,3.9444942474365234
1755181094.5593085,2025-08-14 16:18:14.559309,23.059295566558838,3.9463891983032227
1755181094.5611496,2025-08-14 16:18:14.561150,23.059391649246216,3.948230266571045
1755181094.562953,2025-08-14 16:18:14.562953,23.059471281051636,3.950033664703369
1755181094.5647461,2025-08-14 16:18:14.564746,23.05954709815979,3.951826810836792
1755181094.56652,2025-08-14 16:18:14.566520,23.059623153686523,3.9536006450653076
1755181094.5683064,2025-08-14 16:18:14.568306,23.059697540283203,3.9553871154785156
1755181094.5700262,2025-08-14 16:18:14.570026,23.059781463623047,3.957106828689575
1755181094.57173,2025-08-14 16:18:14.571730,23.059856088638305,3.958810567855835
1755181094.5733898,2025-08-14 16:18:14.573390,23.059929998397827,3.96047043800354
1755181094.5750687,2025-08-14 16:18:14.575069,23.06000319290161,3.9621493816375732
1755181094.576799,2025-08-14 16:18:14.576799,23.060076864242554,3.9638795852661133
1755181094.578417,2025-08-14 16:18:14.578417,23.060150297164917,3.9654977321624756
1755181094.5800276,2025-08-14 16:18:14.580028,23.060224683761597,3.9671082496643066
1755181094.5816092,2025-08-14 16:18:14.581609,23.06029787826538,3.9686899185180664
1755181094.5831833,2025-08-14 16:18:14.583183,23.06036988067627,3.970263957977295
1755181094.584724,2025-08-14 16:18:14.584724,23.060552032470703,3.971804618835449
1755181094.5862489,2025-08-14 16:18:14.586249,23.060630472183227,3.973329544067383
1755181094.5877671,2025-08-14 16:18:14.587767,23.06070652770996,3.9748477935791016
1755181094.589263,2025-08-14 16:18:14.589263,23.060780199050903,3.9763436317443848
1755181094.5907328,2025-08-14 16:18:14.590733,23.060854585647583,3.977813482284546
1755181094.5921807,2025-08-14 16:18:14.592181,23.060928018569946,3.9792613983154297
1755181094.5936222,2025-08-14 16:18:14.593622,23.06100121307373,3.9807028770446777
1755181094.5950382,2025-08-14 16:18:14.595038,23.061074407577514,3.982118844985962
1755181094.5964444,2025-08-14 16:18:14.596444,23.06114688682556,3.983525037765503
1755181094.5978253,2025-08-14 16:18:14.597825,23.061219842910766,3.984905958175659
1755181094.5992103,2025-08-14 16:18:14.599210,23.06129303741455,3.98629093170166
1755181094.6005585,2025-08-14 16:18:14.600559,23.06136766242981,3.9876391887664795
1755181094.6018798,2025-08-14 16:18:14.601880,23.061441333770752,3.9889605045318604
1755181094.6031828,2025-08-14 16:18:14.603183,23.061514766693115,3.9902634620666504
1755181094.6044633,2025-08-14 16:18:14.604463,23.06158819961548,3.991544008255005
1755181094.6057224,2025-08-14 16:18:14.605722,23.06166187095642,3.9928030967712402
1755181094.6069822,2025-08-14 16:18:14.606982,23.06173411178589,3.994062900543213
1755181094.6082273,2025-08-14 16:18:14.608227,23.061807067871094,3.9953079223632812
1755181094.6094239,2025-08-14 16:18:14.609424,23.0618800239563,3.996504545211792
1755181094.6106443,2025-08-14 16:18:14.610644,23.301263648878496,3.997725009918213
1755181094.6116955,2025-08-14 16:18:14.611696,23.302263648878498,3.9987761974334717
1755181094.616562,2025-08-14 16:18:14.616562,23.302153064727783,4.003642559051514
1755181094.618691,2025-08-14 16:18:14.618691,23.30224676322937,4.005771636962891
1755181094.6207724,2025-08-14 16:18:14.620772,23.30232615661621,4.007853031158447
1755181094.622835,2025-08-14 16:18:14.622835,23.302403881072998,4.009915590286255
1755181094.624869,2025-08-14 16:18:14.624869,23.302481605529785,4.011949777603149
1755181094.6268873,2025-08-14 16:18:14.626887,23.302558614730835,4.013967990875244
1755181094.62888,2025-08-14 16:18:14.628880,23.302634670257568,4.015960693359375
1755181094.63085,2025-08-14 16:18:14.630850,23.302709533691406,4.017930746078491
1755181094.6327794,2025-08-14 16:18:14.632779,23.302784397125244,4.019860029220581
1755181094.6347015,2025-08-14 16:18:14.634701,23.302859022140503,4.021782159805298
1755181094.636619,2025-08-14 16:18:14.636619,23.3029343624115,4.023699760437012
1755181094.6385095,2025-08-14 16:18:14.638510,23.303010179519653,4.025590181350708
1755181094.640394,2025-08-14 16:18:14.640394,23.303084327697754,4.027474641799927
1755181094.6422284,2025-08-14 16:18:14.642228,23.30315966796875,4.029309034347534
1755181094.6440525,2025-08-14 16:18:14.644053,23.303240730285644,4.03113317489624
1755181094.6458538,2025-08-14 16:18:14.645854,23.303315116882324,4.0329344272613525
1755181094.6476486,2025-08-14 16:18:14.647649,23.303389503479004,4.034729242324829
1755181094.6494348,2025-08-14 16:18:14.649435,23.303462936401367,4.036515474319458
1755181094.6512196,2025-08-14 16:18:14.651220,23.303535892486572,4.038300275802612
1755181094.6530325,2025-08-14 16:18:14.653033,23.303609802246093,4.040113210678101
1755181094.6547947,2025-08-14 16:18:14.654795,23.30368228149414,4.04187536239624
1755181094.6565127,2025-08-14 16:18:14.656513,23.303754999160766,4.043593406677246
1755181094.6581976,2025-08-14 16:18:14.658198,23.303827716827392,4.045278310775757
1755181094.6598628,2025-08-14 16:18:14.659863,23.30389995765686,4.046943426132202
1755181094.6615136,2025-08-14 16:18:14.661514,23.30397386741638,4.048594236373901
1755181094.663144,2025-08-14 16:18:14.663144,23.304046585083007,4.050224781036377
1755181094.6647444,2025-08-14 16:18:14.664744,23.30412049484253,4.051825046539307
1755181094.6663373,2025-08-14 16:18:14.666337,23.304193212509155,4.053417921066284
1755181094.6679106,2025-08-14 16:18:14.667911,23.304265214920044,4.054991245269775
1755181094.669452,2025-08-14 16:18:14.669452,23.30433793258667,4.056532621383667
1755181094.6709814,2025-08-14 16:18:14.670981,23.304410411834716,4.0580620765686035
1755181094.6724951,2025-08-14 16:18:14.672495,23.304482175827026,4.059575796127319
1755181094.6739798,2025-08-14 16:18:14.673980,23.30455560874939,4.061060428619385
1755181094.6754518,2025-08-14 16:18:14.675452,23.304636909484863,4.062532424926758
1755181094.6769023,2025-08-14 16:18:14.676902,23.304711296081543,4.063982963562012
1755181094.6783323,2025-08-14 16:18:14.678332,23.30478377532959,4.065412998199463
1755181094.679757,2025-08-14 16:18:14.679757,23.304856969833374,4.066837787628174
1755181094.681144,2025-08-14 16:18:14.681144,23.304931118011474,4.068224668502808
1755181094.6825182,2025-08-14 16:18:14.682518,23.3050038356781,4.069598913192749
1755181094.6838791,2025-08-14 16:18:14.683879,23.305076076507568,4.070959806442261
1755181094.6852262,2025-08-14 16:18:14.685226,23.305148794174194,4.072306871414185
1755181094.6865494,2025-08-14 16:18:14.686549,23.305222227096557,4.073630094528198
1755181094.687863,2025-08-14 16:18:14.687863,23.30529566001892,4.074943780899048
1755181094.6891441,2025-08-14 16:18:14.689144,23.30536766242981,4.0762248039245605
1755181094.690415,2025-08-14 16:18:14.690415,23.305440856933593,4.077495574951172
1755181094.6916814,2025-08-14 16:18:14.691681,23.305514051437378,4.078762054443359
1755181094.6929069,2025-08-14 16:18:14.692907,23.305586769104004,4.079987525939941
1755181094.694129,2025-08-14 16:18:14.694129,23.305660440444946,4.081209659576416
1755181094.6953273,2025-08-14 16:18:14.695327,23.305732442855835,4.0824079513549805
1755181094.6965358,2025-08-14 16:18:14.696536,23.84964676738936,4.083616495132446
1755181094.7014735,2025-08-14 16:18:14.701473,23.850150918960573,4.08855414390564
1755181094.7035587,2025-08-14 16:18:14.703559,23.850238656997682,4.090639352798462
1755181094.7056038,2025-08-14 16:18:14.705604,23.85031614303589,4.092684507369995
1755181094.7076383,2025-08-14 16:18:14.707638,23.85039315223694,4.094718933105469
1755181094.709659,2025-08-14 16:18:14.709659,23.850468254089357,4.096739768981934
1755181094.711633,2025-08-14 16:18:14.711633,23.85054478645325,4.098713636398315
1755181094.7135677,2025-08-14 16:18:14.713568,23.85061845779419,4.100648403167725
1755181094.71549,2025-08-14 16:18:14.715490,23.85069332122803,4.1025707721710205
1755181094.7174067,2025-08-14 16:18:14.717407,23.85076723098755,4.104487419128418
1755181094.7192962,2025-08-14 16:18:14.719296,23.850840425491334,4.106376886367798
1755181094.7211745,2025-08-14 16:18:14.721174,23.850914335250856,4.10825514793396
1755181094.7230403,2025-08-14 16:18:14.723040,23.850989198684694,4.110121011734009
1755181094.7248874,2025-08-14 16:18:14.724887,23.851063585281373,4.111968040466309
1755181094.7267177,2025-08-14 16:18:14.726718,23.851137018203737,4.113798379898071
1755181094.7285035,2025-08-14 16:18:14.728503,23.851209974288942,4.115584135055542
1755181094.7302742,2025-08-14 16:18:14.730274,23.851283407211305,4.117354869842529
1755181094.7320392,2025-08-14 16:18:14.732039,23.851355648040773,4.119119882583618
1755181094.733783,2025-08-14 16:18:14.733783,23.8514283657074,4.120863676071167
1755181094.735512,2025-08-14 16:18:14.735512,23.85150203704834,4.1225926876068115
1755181094.737219,2025-08-14 16:18:14.737219,23.851574754714967,4.124299764633179
1755181094.7389135,2025-08-14 16:18:14.738914,23.851648902893068,4.1259942054748535
1755181094.740583,2025-08-14 16:18:14.740583,23.851851797103883,4.127663612365723
1755181094.74223,2025-08-14 16:18:14.742230,23.85192999839783,4.129310607910156
1755181094.7438753,2025-08-14 16:18:14.743875,23.85200653076172,4.130955934524536
1755181094.7455108,2025-08-14 16:18:14.745511,23.852079963684083,4.132591485977173
1755181094.7471488,2025-08-14 16:18:14.747149,23.852153158187868,4.134229421615601
1755181094.7487311,2025-08-14 16:18:14.748731,23.852226114273073,4.135811805725098
1755181094.750294,2025-08-14 16:18:14.750294,23.852299308776857,4.137374639511108
1755181094.751847,2025-08-14 16:18:14.751847,23.852371788024904,4.138927698135376
1755181094.753391,2025-08-14 16:18:14.753391,23.852450227737428,4.140471696853638
1755181094.754908,2025-08-14 16:18:14.754908,23.852522230148317,4.141988754272461
1755181094.7564082,2025-08-14 16:18:14.756408,23.85259590148926,4.143488883972168
1755181094.7578957,2025-08-14 16:18:14.757896,23.852667903900148,4.144976377487183
1755181094.759364,2025-08-14 16:18:14.759364,23.85274133682251,4.14644455909729
1755181094.7607975,2025-08-14 16:18:14.760798,23.85281357765198,4.147878170013428
1755181094.7622228,2025-08-14 16:18:14.762223,23.852885580062868,4.149303436279297
1755181094.7636409,2025-08-14 16:18:14.763641,23.852958774566652,4.150721549987793
1755181094.7650313,2025-08-14 16:18:14.765031,23.853031492233278,4.152112007141113
1755181094.766415,2025-08-14 16:18:14.766415,23.853104209899904,4.153495788574219
1755181094.7677684,2025-08-14 16:18:14.767768,23.853176212310792,4.154849052429199
1755181094.7691154,2025-08-14 16:18:14.769115,23.853249406814577,4.156196117401123
1755181094.7704356,2025-08-14 16:18:14.770436,23.853324747085573,4.157516241073608
1755181094.771748,2025-08-14 16:18:14.771748,23.853398656845094,4.1588287353515625
1755181094.7730272,2025-08-14 16:18:14.773027,23.85347185134888,4.160107851028442
1755181094.7742884,2025-08-14 16:18:14.774288,23.85354528427124,4.16136908531189
1755181094.7755365,2025-08-14 16:18:14.775537,23.85361776351929,4.162617206573486
1755181094.7767594,2025-08-14 16:18:14.776759,23.853690958023073,4.163840055465698
1755181094.7779572,2025-08-14 16:18:14.777957,23.853764152526857,4.1650378704071045
1755181094.7791371,2025-08-14 16:18:14.779137,23.853836870193483,4.166217803955078
1755181094.7803147,2025-08-14 16:18:14.780315,23.879117584703806,4.167395353317261
1755181094.7813523,2025-08-14 16:18:14.781352,23.880117584703807,4.168432950973511
1755181094.7860253,2025-08-14 16:18:14.786025,23.88015377998352,4.173105955123901
1755181094.7881148,2025-08-14 16:18:14.788115,23.880240325927733,4.1751954555511475
1755181094.7901554,2025-08-14 16:18:14.790155,23.880319957733153,4.177236080169678
1755181094.7921815,2025-08-14 16:18:14.792181,23.880396728515624,4.179262161254883
1755181094.794185,2025-08-14 16:18:14.794185,23.880471591949462,4.181265592575073
1755181094.7961524,2025-08-14 16:18:14.796152,23.880548362731933,4.183233022689819
1755181094.7980886,2025-08-14 16:18:14.798089,23.880622749328612,4.185169219970703
1755181094.800018,2025-08-14 16:18:14.800018,23.88069808959961,4.187098741531372
1755181094.8019247,2025-08-14 16:18:14.801925,23.880772476196288,4.189005374908447
1755181094.8038142,2025-08-14 16:18:14.803814,23.880847101211547,4.190894842147827
1755181094.8056843,2025-08-14 16:18:14.805684,23.880922203063964,4.1927649974823
1755181094.807557,2025-08-14 16:18:14.807557,23.881006126403808,4.194637775421143
1755181094.809383,2025-08-14 16:18:14.809383,23.881079320907592,4.196463584899902
1755181094.81121,2025-08-14 16:18:14.811210,23.88115180015564,4.198290586471558
1755181094.8130033,2025-08-14 16:18:14.813003,23.881224517822265,4.20008397102356
1755181094.8147879,2025-08-14 16:18:14.814788,23.88129771232605,4.201868534088135
1755181094.8165615,2025-08-14 16:18:14.816561,23.881369953155517,4.203642129898071
1755181094.8183146,2025-08-14 16:18:14.818315,23.8814431476593,4.205395221710205
1755181094.8200426,2025-08-14 16:18:14.820043,23.88151467323303,4.207123279571533
1755181094.821746,2025-08-14 16:18:14.821746,23.881591444015502,4.208826780319214
1755181094.8234274,2025-08-14 16:18:14.823427,23.88166344642639,4.210508108139038
1755181094.8250806,2025-08-14 16:18:14.825081,23.88173568725586,4.212161302566528
1755181094.826732,2025-08-14 16:18:14.826732,23.8818093585968,4.213812589645386
1755181094.8283527,2025-08-14 16:18:14.828353,23.88188159942627,4.215433359146118
1755181094.8299556,2025-08-14 16:18:14.829956,23.881953601837157,4.217036247253418
1755181094.8315501,2025-08-14 16:18:14.831550,23.882027750015258,4.218630790710449
1755181094.8331156,2025-08-14 16:18:14.833116,23.882102613449096,4.22019624710083
1755181094.834665,2025-08-14 16:18:14.834665,23.882176523208617,4.221745729446411
1755181094.836196,2025-08-14 16:18:14.836196,23.88225043296814,4.223276615142822
1755181094.837708,2025-08-14 16:18:14.837708,23.882323627471923,4.224788665771484
1755181094.839204,2025-08-14 16:18:14.839204,23.882397060394286,4.226284742355347
1755181094.8407078,2025-08-14 16:18:14.840708,23.882469539642333,4.22778844833374
1755181094.8421717,2025-08-14 16:18:14.842172,23.8825417804718,4.229252338409424
1755181094.8436255,2025-08-14 16:18:14.843626,23.882615451812743,4.230706214904785
1755181094.8450422,2025-08-14 16:18:14.845042,23.882687454223632,4.232122898101807
1755181094.8464484,2025-08-14 16:18:14.846448,23.882760171890258,4.233529090881348
1755181094.8478413,2025-08-14 16:18:14.847841,23.882832174301146,4.234921932220459
1755181094.8492134,2025-08-14 16:18:14.849213,23.882903699874877,4.2362940311431885
1755181094.8505473,2025-08-14 16:18:14.850547,23.8829776096344,4.237627983093262
1755181094.8518813,2025-08-14 16:18:14.851881,23.883049850463866,4.238961935043335
1755181094.8532038,2025-08-14 16:18:14.853204,23.883123760223388,4.240284442901611
1755181094.8544996,2025-08-14 16:18:14.854500,23.88319766998291,4.241580247879028
1755181094.8557887,2025-08-14 16:18:14.855789,23.883269910812377,4.2428693771362305
1755181094.8570502,2025-08-14 16:18:14.857050,23.88334310531616,4.244130849838257
1755181094.858299,2025-08-14 16:18:14.858299,23.88341510772705,4.245379686355591
1755181094.8595335,2025-08-14 16:18:14.859534,23.883488063812255,4.246614217758179
1755181094.8607333,2025-08-14 16:18:14.860733,23.88356078147888,4.247813940048218
1755181094.8619146,2025-08-14 16:18:14.861915,23.88363302230835,4.248995304107666
1755181094.8631182,2025-08-14 16:18:14.863118,23.883705739974975,4.250198841094971
1755181094.8642867,2025-08-14 16:18:14.864287,24.129750102175503,4.2513673305511475
1755181094.8691838,2025-08-14 16:18:14.869184,24.13015139579773,4.2562644481658936
1755181094.8712177,2025-08-14 16:18:14.871218,24.130239133834838,4.258298397064209
1755181094.873214,2025-08-14 16:18:14.873214,24.130317096710204,4.260294675827026
1755181094.875187,2025-08-14 16:18:14.875187,24.1303924369812,4.262267589569092
1755181094.87717,2025-08-14 16:18:14.877170,24.130468015670775,4.264250755310059
1755181094.8791091,2025-08-14 16:18:14.879109,24.13054359436035,4.266189813613892
1755181094.8810244,2025-08-14 16:18:14.881024,24.130621318817138,4.2681050300598145
1755181094.8829212,2025-08-14 16:18:14.882921,24.13070071220398,4.2700018882751465
1755181094.8847878,2025-08-14 16:18:14.884788,24.130776290893554,4.271868467330933
1755181094.886662,2025-08-14 16:18:14.886662,24.130850677490233,4.27374267578125
1755181094.8885102,2025-08-14 16:18:14.888510,24.13092577934265,4.275590896606445
1755181094.89033,2025-08-14 16:18:14.890330,24.13099992752075,4.2774107456207275
1755181094.8921545,2025-08-14 16:18:14.892154,24.131185178756713,4.279235124588013
1755181094.893947,2025-08-14 16:18:14.893947,24.13126314163208,4.281027555465698
1755181094.8957276,2025-08-14 16:18:14.895728,24.131339197158812,4.282808303833008
1755181094.8974915,2025-08-14 16:18:14.897491,24.131412630081176,4.284572124481201
1755181094.8992217,2025-08-14 16:18:14.899222,24.131486301422118,4.286302328109741
1755181094.9009442,2025-08-14 16:18:14.900944,24.13155997276306,4.28802490234375
1755181094.9026518,2025-08-14 16:18:14.902652,24.131632928848266,4.289732456207275
1755181094.9043305,2025-08-14 16:18:14.904330,24.131709222793578,4.2914111614227295
1755181094.9059713,2025-08-14 16:18:14.905971,24.131784324645995,4.2930519580841064
1755181094.9076402,2025-08-14 16:18:14.907640,24.13185704231262,4.294720888137817
1755181094.9092603,2025-08-14 16:18:14.909260,24.131930952072143,4.2963409423828125
1755181094.9108624,2025-08-14 16:18:14.910862,24.13200319290161,4.297943115234375
1755181094.91245,2025-08-14 16:18:14.912450,24.13208592414856,4.299530744552612
1755181094.9140096,2025-08-14 16:18:14.914010,24.132158880233764,4.301090240478516
1755181094.915559,2025-08-14 16:18:14.915559,24.13223183631897,4.302639722824097
1755181094.9170883,2025-08-14 16:18:14.917088,24.132304077148437,4.304168939590454
1755181094.918589,2025-08-14 16:18:14.918589,24.13237774848938,4.305669784545898
1755181094.920086,2025-08-14 16:18:14.920086,24.1324516582489,4.307166576385498
1755181094.9215548,2025-08-14 16:18:14.921555,24.132524375915526,4.308635473251343
1755181094.9230175,2025-08-14 16:18:14.923018,24.132597093582152,4.310098171234131
1755181094.9244537,2025-08-14 16:18:14.924454,24.132675771713256,4.311534404754639
1755181094.9258823,2025-08-14 16:18:14.925882,24.132749681472777,4.312963008880615
1755181094.9273007,2025-08-14 16:18:14.927301,24.132823829650878,4.31438136100769
1755181094.9286873,2025-08-14 16:18:14.928687,24.132898216247558,4.315768003463745
1755181094.9300625,2025-08-14 16:18:14.930063,24.132970695495604,4.317143201828003
1755181094.9314213,2025-08-14 16:18:14.931421,24.13304341316223,4.318501949310303
1755181094.9327536,2025-08-14 16:18:14.932754,24.133116130828856,4.319834232330322
1755181094.9340608,2025-08-14 16:18:14.934061,24.133187656402587,4.321141481399536
1755181094.9353533,2025-08-14 16:18:14.935353,24.133259658813476,4.322433948516846
1755181094.9366515,2025-08-14 16:18:14.936651,24.133331184387206,4.323732137680054
1755181094.937904,2025-08-14 16:18:14.937904,24.133403663635253,4.324984550476074
1755181094.939149,2025-08-14 16:18:14.939149,24.13347638130188,4.326229572296143
1755181094.9403634,2025-08-14 16:18:14.940363,24.133549098968505,4.327444076538086
1755181094.941559,2025-08-14 16:18:14.941559,24.13362205505371,4.32863974571228
1755181094.9427505,2025-08-14 16:18:14.942750,24.133694295883178,4.329831123352051
1755181094.9439137,2025-08-14 16:18:14.943914,24.133767013549804,4.330994367599487
1755181094.9450457,2025-08-14 16:18:14.945046,24.133839015960692,4.3321263790130615
1755181094.9461937,2025-08-14 16:18:14.946194,24.70580353996563,4.3332743644714355
1755181094.9509647,2025-08-14 16:18:14.950965,24.70615664100647,4.338045358657837
1755181094.9530122,2025-08-14 16:18:14.953012,24.706246047973632,4.340092897415161
1755181094.955027,2025-08-14 16:18:14.955027,24.706324010849,4.342107772827148
1755181094.9570172,2025-08-14 16:18:14.957017,24.70640054321289,4.344097852706909
1755181094.9589913,2025-08-14 16:18:14.958991,24.706476360321044,4.34607195854187
1755181094.9609416,2025-08-14 16:18:14.960942,24.706552654266357,4.348022222518921
1755181094.9628613,2025-08-14 16:18:14.962861,24.706629425048828,4.349941968917847
1755181094.964756,2025-08-14 16:18:14.964756,24.70670357322693,4.351836681365967
1755181094.9666438,2025-08-14 16:18:14.966644,24.70677748298645,4.353724479675293
1755181094.9684901,2025-08-14 16:18:14.968490,24.70685210800171,4.3555707931518555
1755181094.9703279,2025-08-14 16:18:14.970328,24.706925064086914,4.35740852355957
1755181094.972156,2025-08-14 16:18:14.972156,24.70700016593933,4.359236717224121
1755181094.9739635,2025-08-14 16:18:14.973963,24.70707431411743,4.36104416847229
1755181094.9757626,2025-08-14 16:18:14.975763,24.70714870071411,4.36284327507019
1755181094.9775288,2025-08-14 16:18:14.977529,24.70722308731079,4.364609479904175
1755181094.9792893,2025-08-14 16:18:14.979289,24.70729723548889,4.366369962692261
1755181094.9810116,2025-08-14 16:18:14.981012,24.70737162208557,4.36809229850769
1755181094.9827204,2025-08-14 16:18:14.982720,24.707445531845092,4.369801044464111
1755181094.9844124,2025-08-14 16:18:14.984412,24.70752039527893,4.371493101119995
1755181094.9860904,2025-08-14 16:18:14.986090,24.707593589782714,4.373171091079712
1755181094.9877508,2025-08-14 16:18:14.987751,24.707667022705078,4.374831438064575
1755181094.989362,2025-08-14 16:18:14.989362,24.707746654510498,4.3764426708221436
1755181094.9909728,2025-08-14 16:18:14.990973,24.70782056427002,4.378053426742554
1755181094.992549,2025-08-14 16:18:14.992549,24.707893997192382,4.379629611968994
1755181094.9941137,2025-08-14 16:18:14.994114,24.70796647644043,4.381194353103638
1755181094.9956627,2025-08-14 16:18:14.995663,24.708049446105957,4.3827433586120605
1755181094.9972053,2025-08-14 16:18:14.997205,24.7081231174469,4.384285926818848
1755181094.998722,2025-08-14 16:18:14.998722,24.708195835113525,4.385802745819092
1755181095.0002208,2025-08-14 16:18:15.000221,24.708269268035888,4.387301445007324
1755181095.001687,2025-08-14 16:18:15.001687,24.708341508865356,4.388767719268799
1755181095.0031502,2025-08-14 16:18:15.003150,24.708413988113403,4.390230894088745
1755181095.0045872,2025-08-14 16:18:15.004587,24.70848646736145,4.39166784286499
1755181095.006008,2025-08-14 16:18:15.006008,24.708558946609497,4.3930885791778564
1755181095.0074306,2025-08-14 16:18:15.007431,24.70863237953186,4.3945112228393555
1755181095.008829,2025-08-14 16:18:15.008829,24.708705335617065,4.395909786224365
1755181095.0101979,2025-08-14 16:18:15.010198,24.70877805328369,4.397278547286987
1755181095.0115645,2025-08-14 16:18:15.011564,24.708851486206054,4.3986451625823975
1755181095.0129018,2025-08-14 16:18:15.012902,24.70892420387268,4.399982452392578
1755181095.0142095,2025-08-14 16:18:15.014210,24.708996683120727,4.40129017829895
1755181095.0155158,2025-08-14 16:18:15.015516,24.709069400787353,4.402596473693848
1755181095.0168061,2025-08-14 16:18:15.016806,24.7091418800354,4.403886795043945
1755181095.0180638,2025-08-14 16:18:15.018064,24.7092160282135,4.405144453048706
1755181095.0193095,2025-08-14 16:18:15.019310,24.709289222717285,4.406390190124512
1755181095.0205295,2025-08-14 16:18:15.020530,24.709362894058227,4.407610177993774
1755181095.0217419,2025-08-14 16:18:15.021742,24.709434896469116,4.408822536468506
1755181095.0229301,2025-08-14 16:18:15.022930,24.709507137298584,4.410010814666748
1755181095.0240984,2025-08-14 16:18:15.024098,24.709580570220947,4.411179065704346
1755181095.0252385,2025-08-14 16:18:15.025239,24.709653526306152,4.412319183349609
1755181095.0263727,2025-08-14 16:18:15.026373,24.709727674484252,4.4134533405303955
1755181095.027504,2025-08-14 16:18:15.027504,25.390610083310282,4.414584636688232
1755181095.0323734,2025-08-14 16:18:15.032373,25.391151395797728,4.419454097747803
1755181095.0343795,2025-08-14 16:18:15.034379,25.391238895416258,4.421460151672363
1755181095.036374,2025-08-14 16:18:15.036374,25.39131781196594,4.423454761505127
1755181095.0383182,2025-08-14 16:18:15.038318,25.39151999092102,4.425398826599121
1755181095.0402374,2025-08-14 16:18:15.040237,25.391600576400755,4.427318096160889
1755181095.0421221,2025-08-14 16:18:15.042122,25.3916787776947,4.4292027950286865
1755181095.0439956,2025-08-14 16:18:15.043996,25.39175364112854,4.431076288223267
1755181095.045881,2025-08-14 16:18:15.045881,25.391828027725218,4.432961702346802
1755181095.0477312,2025-08-14 16:18:15.047731,25.39190169906616,4.43481183052063
1755181095.0495434,2025-08-14 16:18:15.049543,25.391977039337156,4.436624050140381
1755181095.0513546,2025-08-14 16:18:15.051355,25.392051902770994,4.438435316085815
1755181095.053137,2025-08-14 16:18:15.053137,25.392125335693358,4.440217733383179
1755181095.0549102,2025-08-14 16:18:15.054910,25.392199722290037,4.441990852355957
1755181095.0566733,2025-08-14 16:18:15.056673,25.392272678375242,4.443753957748413
1755181095.0583992,2025-08-14 16:18:15.058399,25.392345634460447,4.445479869842529
1755181095.0601254,2025-08-14 16:18:15.060125,25.392425266265867,4.447206020355225
1755181095.061803,2025-08-14 16:18:15.061803,25.39249869918823,4.448883771896362
1755181095.0634723,2025-08-14 16:18:15.063472,25.392571893692015,4.450552940368652
1755181095.0651183,2025-08-14 16:18:15.065118,25.39264484977722,4.4521989822387695
1755181095.0668247,2025-08-14 16:18:15.066825,25.392718521118162,4.453905344009399
1755181095.06845,2025-08-14 16:18:15.068450,25.392792192459105,4.455530643463135
1755181095.070063,2025-08-14 16:18:15.070063,25.39286514854431,4.457143783569336
1755181095.0716588,2025-08-14 16:18:15.071659,25.392938819885252,4.458739519119263
1755181095.07322,2025-08-14 16:18:15.073220,25.39301082229614,4.46030068397522
1755181095.0747712,2025-08-14 16:18:15.074771,25.393083301544188,4.4618518352508545
1755181095.0763059,2025-08-14 16:18:15.076306,25.393156019210814,4.463386535644531
1755181095.0778074,2025-08-14 16:18:15.077807,25.393228021621702,4.464888095855713
1755181095.0792978,2025-08-14 16:18:15.079298,25.393301216125487,4.466378450393677
1755181095.0807855,2025-08-14 16:18:15.080786,25.393373218536375,4.4678661823272705
1755181095.082243,2025-08-14 16:18:15.082243,25.393445936203,4.469323635101318
1755181095.0836911,2025-08-14 16:18:15.083691,25.393518653869627,4.470771789550781
1755181095.0851026,2025-08-14 16:18:15.085103,25.393590894699095,4.4721832275390625
1755181095.086515,2025-08-14 16:18:15.086515,25.39366408920288,4.47359561920166
1755181095.0879064,2025-08-14 16:18:15.087906,25.393736091613768,4.474987030029297
1755181095.0892763,2025-08-14 16:18:15.089276,25.393808332443236,4.4763569831848145
1755181095.0906315,2025-08-14 16:18:15.090631,25.393891540527342,4.477712154388428
1755181095.0919664,2025-08-14 16:18:15.091966,25.393965450286863,4.479047060012817
1755181095.0933006,2025-08-14 16:18:15.093301,25.394039121627806,4.48038125038147
1755181095.0945961,2025-08-14 16:18:15.094596,25.394113269805906,4.481676816940308
1755181095.0958946,2025-08-14 16:18:15.095895,25.39418670272827,4.482975244522095
1755181095.097164,2025-08-14 16:18:15.097164,25.39426061248779,4.4842445850372314
1755181095.0984206,2025-08-14 16:18:15.098421,25.394334283828734,4.485501289367676
1755181095.0996506,2025-08-14 16:18:15.099651,25.39440723991394,4.486731290817261
1755181095.1008563,2025-08-14 16:18:15.100856,25.39448114967346,4.487936973571777
1755181095.102041,2025-08-14 16:18:15.102041,25.394553628921507,4.489121675491333
1755181095.103219,2025-08-14 16:18:15.103219,25.39462706184387,4.490299701690674
1755181095.1043797,2025-08-14 16:18:15.104380,25.394700733184813,4.49146032333374
1755181095.1055183,2025-08-14 16:18:15.105518,25.3947727355957,4.492599010467529
1755181095.1066375,2025-08-14 16:18:15.106637,25.39484521484375,4.493718147277832
1755181095.1077433,2025-08-14 16:18:15.107743,25.65598867162542,4.494823932647705
1755181095.1125002,2025-08-14 16:18:15.112500,25.65615377998352,4.4995808601379395
1755181095.1145263,2025-08-14 16:18:15.114526,25.656241756439208,4.5016069412231445
1755181095.1165314,2025-08-14 16:18:15.116531,25.65632067298889,4.503612041473389
1755181095.1185093,2025-08-14 16:18:15.118509,25.656396490097045,4.505589962005615
1755181095.120461,2025-08-14 16:18:15.120461,25.656472545623778,4.507541656494141
1755181095.1223593,2025-08-14 16:18:15.122359,25.656548124313353,4.509439945220947
1755181095.1242476,2025-08-14 16:18:15.124248,25.65662346458435,4.511328220367432
1755181095.126107,2025-08-14 16:18:15.126107,25.65669785118103,4.513187646865845
1755181095.1279523,2025-08-14 16:18:15.127952,25.656771284103392,4.515033006668091
1755181095.1297944,2025-08-14 16:18:15.129794,25.656845670700072,4.5168750286102295
1755181095.1316102,2025-08-14 16:18:15.131610,25.656919580459594,4.518690824508667
1755181095.1333938,2025-08-14 16:18:15.133394,25.656994205474852,4.520474433898926
1755181095.1351733,2025-08-14 16:18:15.135173,25.657067399978637,4.52225399017334
1755181095.1369317,2025-08-14 16:18:15.136932,25.65714059448242,4.524012327194214
1755181095.1386988,2025-08-14 16:18:15.138699,25.657214265823363,4.525779485702515
1755181095.1404333,2025-08-14 16:18:15.140433,25.657287221908568,4.5275139808654785
1755181095.142132,2025-08-14 16:18:15.142132,25.65736137008667,4.529212713241577
1755181095.1438174,2025-08-14 16:18:15.143817,25.65743527984619,4.530898094177246
1755181095.1454747,2025-08-14 16:18:15.145475,25.657508951187133,4.532555341720581
1755181095.147135,2025-08-14 16:18:15.147135,25.657581907272338,4.534215688705444
1755181095.1487439,2025-08-14 16:18:15.148744,25.657654624938964,4.535824537277222
1755181095.1503494,2025-08-14 16:18:15.150349,25.65772734260559,4.537430047988892
1755181095.1519418,2025-08-14 16:18:15.151942,25.657800537109374,4.539022445678711
1755181095.1535242,2025-08-14 16:18:15.153524,25.657872062683104,4.540604829788208
1755181095.155102,2025-08-14 16:18:15.155102,25.65794525718689,4.542182683944702
1755181095.156647,2025-08-14 16:18:15.156647,25.658017736434935,4.54372763633728
1755181095.1581726,2025-08-14 16:18:15.158173,25.65809093093872,4.545253276824951
1755181095.1596887,2025-08-14 16:18:15.159689,25.658182483673095,4.546769380569458
1755181095.1611652,2025-08-14 16:18:15.161165,25.65825830078125,4.548245906829834
1755181095.1627886,2025-08-14 16:18:15.162789,25.658331495285033,4.5498692989349365
1755181095.164252,2025-08-14 16:18:15.164252,25.658404451370238,4.551332712173462
1755181095.1656907,2025-08-14 16:18:15.165691,25.658476692199706,4.552771329879761
1755181095.1671042,2025-08-14 16:18:15.167104,25.65854988670349,4.554184913635254
1755181095.1684833,2025-08-14 16:18:15.168483,25.658633333206176,4.555563926696777
1755181095.1698272,2025-08-14 16:18:15.169827,25.658707481384276,4.556907892227173
1755181095.171178,2025-08-14 16:18:15.171178,25.65878115272522,4.558258771896362
1755181095.1725078,2025-08-14 16:18:15.172508,25.65885530090332,4.559588432312012
1755181095.173828,2025-08-14 16:18:15.173828,25.658928495407103,4.560908555984497
1755181095.1751268,2025-08-14 16:18:15.175127,25.659001689910887,4.562207460403442
1755181095.1764054,2025-08-14 16:18:15.176405,25.659076553344725,4.563486099243164
1755181095.177664,2025-08-14 16:18:15.177664,25.65914998626709,4.564744710922241
1755181095.1788945,2025-08-14 16:18:15.178895,25.659222942352294,4.565975189208984
1755181095.1801052,2025-08-14 16:18:15.180105,25.659296375274657,4.567185878753662
1755181095.181302,2025-08-14 16:18:15.181302,25.65936956977844,4.568382740020752
1755181095.1824741,2025-08-14 16:18:15.182474,25.659442049026488,4.569554805755615
1755181095.1836405,2025-08-14 16:18:15.183640,25.659514766693114,4.57072114944458
1755181095.1847637,2025-08-14 16:18:15.184764,25.659587007522582,4.5718443393707275
1755181095.1858702,2025-08-14 16:18:15.185870,25.659660202026366,4.572950839996338
1755181095.1869879,2025-08-14 16:18:15.186988,25.659732919692992,4.574068546295166
1755181095.188086,2025-08-14 16:18:15.188086,25.918479448098495,4.575166702270508
1755181095.1890428,2025-08-14 16:18:15.189043,25.919479448098496,4.576123476028442
1755181095.1936762,2025-08-14 16:18:15.193676,25.919158071517945,4.580756902694702
1755181095.1956532,2025-08-14 16:18:15.195653,25.919246286392212,4.582733869552612
1755181095.1976042,2025-08-14 16:18:15.197604,25.919325679779053,4.5846848487854
1755181095.1995325,2025-08-14 16:18:15.199533,25.919402212142945,4.586613178253174
1755181095.2014415,2025-08-14 16:18:15.201442,25.91947779083252,4.58852219581604
1755181095.2033162,2025-08-14 16:18:15.203316,25.919554084777833,4.590396881103516
1755181095.205154,2025-08-14 16:18:15.205154,25.919630140304566,4.5922346115112305
1755181095.20699,2025-08-14 16:18:15.206990,25.919705003738404,4.594070672988892
1755181095.2087934,2025-08-14 16:18:15.208793,25.91978010559082,4.595874071121216
1755181095.2105834,2025-08-14 16:18:15.210583,25.9198544921875,4.59766411781311
1755181095.2123592,2025-08-14 16:18:15.212359,25.91992935562134,4.599439859390259
1755181095.2141192,2025-08-14 16:18:15.214119,25.92000350379944,4.6011998653411865
1755181095.2158616,2025-08-14 16:18:15.215862,25.920076459884644,4.602942228317261
1755181095.2175863,2025-08-14 16:18:15.217586,25.920150131225586,4.6046669483184814
1755181095.2192934,2025-08-14 16:18:15.219293,25.920222848892212,4.606374025344849
1755181095.2209609,2025-08-14 16:18:15.220961,25.92030605697632,4.608041524887085
1755181095.222616,2025-08-14 16:18:15.222616,25.920381158828736,4.609696626663208
1755181095.2242725,2025-08-14 16:18:15.224272,25.92045697593689,4.611353158950806
1755181095.2259278,2025-08-14 16:18:15.225928,25.920531839370728,4.613008499145508
1755181095.2275674,2025-08-14 16:18:15.227567,25.920606225967408,4.614648103713989
1755181095.2291696,2025-08-14 16:18:15.229170,25.92067989730835,4.616250276565552
1755181095.230754,2025-08-14 16:18:15.230754,25.920752853393555,4.617834568023682
1755181095.2323232,2025-08-14 16:18:15.232323,25.92082628631592,4.619403839111328
1755181095.2338557,2025-08-14 16:18:15.233856,25.920899480819703,4.620936393737793
1755181095.2353857,2025-08-14 16:18:15.235386,25.920972675323487,4.622466325759888
1755181095.2369037,2025-08-14 16:18:15.236904,25.921047538757325,4.623984336853027
1755181095.2383966,2025-08-14 16:18:15.238397,25.921121448516846,4.625477313995361
1755181095.2398698,2025-08-14 16:18:15.239870,25.92119464302063,4.62695050239563
1755181095.241316,2025-08-14 16:18:15.241316,25.921267837524415,4.62839674949646
1755181095.2427523,2025-08-14 16:18:15.242752,25.921340078353882,4.629832983016968
1755181095.2441595,2025-08-14 16:18:15.244159,25.921413034439087,4.631240129470825
1755181095.2455473,2025-08-14 16:18:15.245547,25.92148646736145,4.632627964019775
1755181095.2469401,2025-08-14 16:18:15.246940,25.921559185028077,4.634020805358887
1755181095.2482905,2025-08-14 16:18:15.248291,25.921633094787598,4.635371208190918
1755181095.2496557,2025-08-14 16:18:15.249656,25.92170676612854,4.6367363929748535
1755181095.2509904,2025-08-14 16:18:15.250990,25.921779483795166,4.638071060180664
1755181095.2523022,2025-08-14 16:18:15.252302,25.92185267829895,4.639382839202881
1755181095.253581,2025-08-14 16:18:15.253581,25.92192944908142,4.640661716461182
1755181095.254861,2025-08-14 16:18:15.254861,25.922002405166626,4.641941785812378
1755181095.2561095,2025-08-14 16:18:15.256109,25.92207583808899,4.643190145492554
1755181095.2573495,2025-08-14 16:18:15.257349,25.922148317337037,4.644430160522461
1755181095.2585561,2025-08-14 16:18:15.258556,25.922222703933716,4.645636796951294
1755181095.2597558,2025-08-14 16:18:15.259756,25.92229613685608,4.646836519241333
1755181095.2609332,2025-08-14 16:18:15.260933,25.92236790084839,4.6480138301849365
1755181095.2620966,2025-08-14 16:18:15.262097,25.922440856933594,4.649177312850952
1755181095.263245,2025-08-14 16:18:15.263245,25.922512859344483,4.650325775146484
1755181095.2643588,2025-08-14 16:18:15.264359,25.92258533859253,4.651439428329468
1755181095.2654526,2025-08-14 16:18:15.265453,25.922657817840577,4.652533292770386
1755181095.2665272,2025-08-14 16:18:15.266527,25.922729581832886,4.6536078453063965
1755181095.2676146,2025-08-14 16:18:15.267615,26.16537925461143,4.654695272445679
1755181095.2685363,2025-08-14 16:18:15.268536,26.16637925461143,4.655616998672485
1755181095.2732604,2025-08-14 16:18:15.273260,26.16615091896057,4.660341024398804
1755181095.2752438,2025-08-14 16:18:15.275244,26.166238418579102,4.66232442855835
1755181095.2771888,2025-08-14 16:18:15.277189,26.166316381454468,4.66426944732666
1755181095.2791295,2025-08-14 16:18:15.279130,26.166392198562622,4.666210174560547
1755181095.2810426,2025-08-14 16:18:15.281043,26.16646968460083,4.668123245239258
1755181095.2828987,2025-08-14 16:18:15.282899,26.166545740127564,4.6699793338775635
1755181095.2847457,2025-08-14 16:18:15.284746,26.166619888305664,4.671826362609863
1755181095.2865796,2025-08-14 16:18:15.286580,26.16669522857666,4.6736602783203125
1755181095.2883933,2025-08-14 16:18:15.288393,26.16676937675476,4.675473928451538
1755181095.2901669,2025-08-14 16:18:15.290167,26.166845193862915,4.677247524261475
1755181095.2919383,2025-08-14 16:18:15.291938,26.16692053413391,4.679018974304199
1755181095.2936726,2025-08-14 16:18:15.293673,26.166994682312012,4.680753231048584
1755181095.295406,2025-08-14 16:18:15.295406,26.16706906890869,4.6824867725372314
1755181095.297133,2025-08-14 16:18:15.297133,26.167142501831055,4.684213638305664
1755181095.2988455,2025-08-14 16:18:15.298846,26.16721569633484,4.685926198959351
1755181095.3005211,2025-08-14 16:18:15.300521,26.167288175582886,4.687601804733276
1755181095.3021653,2025-08-14 16:18:15.302165,26.167360893249512,4.689245939254761
1755181095.3038151,2025-08-14 16:18:15.303815,26.16744147872925,4.6908957958221436
1755181095.305426,2025-08-14 16:18:15.305426,26.167514434814453,4.692506551742554
1755181095.3070462,2025-08-14 16:18:15.307046,26.167588106155396,4.694126844406128
1755181095.3086283,2025-08-14 16:18:15.308628,26.1676610622406,4.695708990097046
1755181095.3101954,2025-08-14 16:18:15.310195,26.167733779907227,4.6972761154174805
1755181095.3117447,2025-08-14 16:18:15.311745,26.167816272735596,4.698825359344482
1755181095.313262,2025-08-14 16:18:15.313262,26.16788946723938,4.700342655181885
1755181095.3147607,2025-08-14 16:18:15.314761,26.16796123123169,4.701841354370117
1755181095.3162572,2025-08-14 16:18:15.316257,26.168034187316895,4.703337907791138
1755181095.3177197,2025-08-14 16:18:15.317720,26.168105236053467,4.704800367355347
1755181095.3191726,2025-08-14 16:18:15.319173,26.168177000045777,4.706253290176392
1755181095.3206127,2025-08-14 16:18:15.320613,26.168249240875245,4.707693338394165
1755181095.3220377,2025-08-14 16:18:15.322038,26.168321004867554,4.709118366241455
1755181095.3234348,2025-08-14 16:18:15.323435,26.168393007278443,4.71051549911499
1755181095.3248155,2025-08-14 16:18:15.324816,26.16846572494507,4.711896181106567
1755181095.3261666,2025-08-14 16:18:15.326167,26.168538442611695,4.713247299194336
1755181095.3275208,2025-08-14 16:18:15.327521,26.168612590789795,4.714601516723633
1755181095.328843,2025-08-14 16:18:15.328843,26.168684593200684,4.71592378616333
1755181095.3301578,2025-08-14 16:18:15.330158,26.168758264541626,4.717238426208496
1755181095.3314755,2025-08-14 16:18:15.331475,26.168830505371094,4.71855616569519
1755181095.332762,2025-08-14 16:18:15.332762,26.1689034614563,4.7198426723480225
1755181095.3340232,2025-08-14 16:18:15.334023,26.169085374832154,4.72110390663147
1755181095.335267,2025-08-14 16:18:15.335267,26.16916309928894,4.722347736358643
1755181095.3364809,2025-08-14 16:18:15.336481,26.169238439559937,4.723561525344849
1755181095.3376706,2025-08-14 16:18:15.337671,26.16931234931946,4.724751234054565
1755181095.3388488,2025-08-14 16:18:15.338849,26.16938387489319,4.725929498672485
1755181095.3400085,2025-08-14 16:18:15.340008,26.16945754623413,4.727089166641235
1755181095.3411381,2025-08-14 16:18:15.341138,26.169530025482178,4.7282187938690186
1755181095.342256,2025-08-14 16:18:15.342256,26.16960417366028,4.729336738586426
1755181095.343357,2025-08-14 16:18:15.343357,26.169677606582642,4.730437755584717
1755181095.3444319,2025-08-14 16:18:15.344432,26.169762245178223,4.731512546539307
1755181095.3455079,2025-08-14 16:18:15.345508,26.16983710861206,4.732588529586792
1755181095.3465683,2025-08-14 16:18:15.346568,26.780831340810348,4.733649015426636
1755181095.3512614,2025-08-14 16:18:15.351261,26.78115115737915,4.738342046737671
1755181095.3532145,2025-08-14 16:18:15.353215,26.781240325927733,4.740295171737671
1755181095.355156,2025-08-14 16:18:15.355156,26.781317573547362,4.742236614227295
1755181095.3570626,2025-08-14 16:18:15.357063,26.781394105911254,4.74414324760437
1755181095.3589542,2025-08-14 16:18:15.358954,26.781470876693724,4.746034860610962
1755181095.360814,2025-08-14 16:18:15.360814,26.78154621696472,4.747894763946533
1755181095.3626485,2025-08-14 16:18:15.362648,26.78162108039856,4.749729156494141
1755181095.3644571,2025-08-14 16:18:15.364457,26.781695466995238,4.751537799835205
1755181095.3662336,2025-08-14 16:18:15.366234,26.781769853591918,4.753314256668091
1755181095.368007,2025-08-14 16:18:15.368007,26.781844955444335,4.755087614059448
1755181095.3697615,2025-08-14 16:18:15.369761,26.781919103622435,4.756842136383057
1755181095.3715072,2025-08-14 16:18:15.371507,26.781993251800536,4.758587837219238
1755181095.373217,2025-08-14 16:18:15.373217,26.782067638397216,4.760297775268555
1755181095.3749194,2025-08-14 16:18:15.374919,26.782142263412474,4.76200008392334
1755181095.376621,2025-08-14 16:18:15.376621,26.782215934753417,4.763701677322388
1755181095.3782852,2025-08-14 16:18:15.378285,26.78228960609436,4.765365839004517
1755181095.3799393,2025-08-14 16:18:15.379939,26.782367568969725,4.767019987106323
1755181095.3815804,2025-08-14 16:18:15.381580,26.782442193984984,4.768661022186279
1755181095.3832085,2025-08-14 16:18:15.383209,26.78251538848877,4.770289182662964
1755181095.384816,2025-08-14 16:18:15.384816,26.78258953666687,4.771896600723267
1755181095.3863964,2025-08-14 16:18:15.386396,26.782662015914916,4.773477077484131
1755181095.3879714,2025-08-14 16:18:15.387971,26.78273473358154,4.775052070617676
1755181095.3895047,2025-08-14 16:18:15.389505,26.782808643341063,4.776585340499878
1755181095.3910236,2025-08-14 16:18:15.391024,26.782881837844847,4.778104305267334
1755181095.3925052,2025-08-14 16:18:15.392505,26.78295550918579,4.779585838317871
1755181095.3940003,2025-08-14 16:18:15.394000,26.783028465270995,4.781080961227417
1755181095.3954654,2025-08-14 16:18:15.395465,26.783100706100463,4.782546043395996
1755181095.3969164,2025-08-14 16:18:15.396916,26.783173662185668,4.783997058868408
1755181095.3983276,2025-08-14 16:18:15.398328,26.783245187759398,4.78540825843811
1755181095.3997326,2025-08-14 16:18:15.399733,26.783318382263182,4.786813259124756
1755181095.4011068,2025-08-14 16:18:15.401107,26.783390146255492,4.788187503814697
1755181095.4024692,2025-08-14 16:18:15.402469,26.783461433410643,4.789549827575684
1755181095.4038181,2025-08-14 16:18:15.403818,26.78353438949585,4.79089879989624
1755181095.4051452,2025-08-14 16:18:15.405145,26.783607107162474,4.7922258377075195
1755181095.4064653,2025-08-14 16:18:15.406465,26.78368030166626,4.793545961380005
1755181095.4077666,2025-08-14 16:18:15.407767,26.783752304077147,4.794847249984741
1755181095.409044,2025-08-14 16:18:15.409044,26.783825021743773,4.796124696731567
1755181095.4102898,2025-08-14 16:18:15.410290,26.783898454666137,4.797370433807373
1755181095.4115534,2025-08-14 16:18:15.411553,26.783970695495604,4.798634052276611
1755181095.41277,2025-08-14 16:18:15.412770,26.78404317474365,4.799850702285767
1755181095.4139616,2025-08-14 16:18:15.413962,26.784116607666014,4.801042318344116
1755181095.4151537,2025-08-14 16:18:15.415154,26.7841898021698,4.802234411239624
1755181095.4163225,2025-08-14 16:18:15.416322,26.784264665603637,4.80340313911438
1755181095.4174862,2025-08-14 16:18:15.417486,26.784339529037474,4.804566860198975
1755181095.4186025,2025-08-14 16:18:15.418602,26.784413438796996,4.805683135986328
1755181095.4197242,2025-08-14 16:18:15.419724,26.784487586975096,4.806804895401001
1755181095.420814,2025-08-14 16:18:15.420814,26.78456101989746,4.807894706726074
1755181095.4218721,2025-08-14 16:18:15.421872,26.78463492965698,4.808952808380127
1755181095.4229167,2025-08-14 16:18:15.422917,26.784708362579345,4.809997320175171
1755181095.4239519,2025-08-14 16:18:15.423952,27.123014111967894,4.81103253364563
1755181095.4248378,2025-08-14 16:18:15.424838,27.124014111967895,4.811918497085571
1755181095.4295588,2025-08-14 16:18:15.429559,27.124149250030516,4.816639423370361
1755181095.4315255,2025-08-14 16:18:15.431525,27.124240087509154,4.81860613822937
1755181095.4334457,2025-08-14 16:18:15.433446,27.12431805038452,4.820526361465454
1755181095.4353461,2025-08-14 16:18:15.435346,27.12439505958557,4.822426795959473
1755181095.4372125,2025-08-14 16:18:15.437212,27.124471115112303,4.82429313659668
1755181095.4390419,2025-08-14 16:18:15.439042,27.12454621696472,4.826122522354126
1755181095.440852,2025-08-14 16:18:15.440852,27.12462108039856,4.827932596206665
1755181095.4426355,2025-08-14 16:18:15.442636,27.12469522857666,4.829716205596924
1755181095.4444044,2025-08-14 16:18:15.444404,27.124768423080443,4.831485033035278
1755181095.4461534,2025-08-14 16:18:15.446153,27.124843048095702,4.833234071731567
1755181095.4478967,2025-08-14 16:18:15.447897,27.124917196273802,4.834977388381958
1755181095.4496074,2025-08-14 16:18:15.449607,27.12499205970764,4.836688041687012
1755181095.4513521,2025-08-14 16:18:15.451352,27.125065969467162,4.838432788848877
1755181095.4530518,2025-08-14 16:18:15.453052,27.12514870071411,4.840132474899292
1755181095.4547305,2025-08-14 16:18:15.454731,27.125224756240844,4.841811180114746
1755181095.4563901,2025-08-14 16:18:15.456390,27.125298904418944,4.843470811843872
1755181095.4580088,2025-08-14 16:18:15.458009,27.125372337341307,4.845089435577393
1755181095.4596183,2025-08-14 16:18:15.459618,27.125445055007933,4.846698999404907
1755181095.4611943,2025-08-14 16:18:15.461194,27.125526832580565,4.8482749462127686
1755181095.4627666,2025-08-14 16:18:15.462767,27.125599311828612,4.849847316741943
1755181095.464306,2025-08-14 16:18:15.464306,27.125672029495238,4.851386785507202
1755181095.4658563,2025-08-14 16:18:15.465856,27.12574570083618,4.8529369831085205
1755181095.4673939,2025-08-14 16:18:15.467394,27.125817941665648,4.8544745445251465
1755181095.4688904,2025-08-14 16:18:15.468890,27.125891136169432,4.855971097946167
1755181095.4703562,2025-08-14 16:18:15.470356,27.125964092254637,4.857436895370483
1755181095.4718196,2025-08-14 16:18:15.471820,27.126037048339843,4.858900308609009
1755181095.4732456,2025-08-14 16:18:15.473246,27.126110242843627,4.860326290130615
1755181095.4746675,2025-08-14 16:18:15.474668,27.126182722091674,4.861748218536377
1755181095.4760578,2025-08-14 16:18:15.476058,27.12625520133972,4.863138437271118
1755181095.477456,2025-08-14 16:18:15.477456,27.12644379043579,4.864536762237549
1755181095.4788275,2025-08-14 16:18:15.478827,27.126523899078368,4.865908145904541
1755181095.4801815,2025-08-14 16:18:15.480181,27.12660257720947,4.867262125015259
1755181095.4815145,2025-08-14 16:18:15.481514,27.126677917480468,4.868595123291016
1755181095.482833,2025-08-14 16:18:15.482833,27.126753019332885,4.869913578033447
1755181095.4841254,2025-08-14 16:18:15.484125,27.12682859802246,4.871206045150757
1755181095.4853852,2025-08-14 16:18:15.485385,27.12690274620056,4.8724658489227295
1755181095.486652,2025-08-14 16:18:15.486652,27.12697689437866,4.873732566833496
1755181095.4878821,2025-08-14 16:18:15.487882,27.127050804138182,4.87496280670166
1755181095.4891,2025-08-14 16:18:15.489100,27.12712352180481,4.876180648803711
1755181095.4903054,2025-08-14 16:18:15.490305,27.12719719314575,4.877386093139648
1755181095.491499,2025-08-14 16:18:15.491499,27.127269672393798,4.878579616546631
1755181095.4926565,2025-08-14 16:18:15.492656,27.127343820571898,4.879737138748169
1755181095.4937897,2025-08-14 16:18:15.493790,27.127416061401366,4.880870342254639
1755181095.494915,2025-08-14 16:18:15.494915,27.127488779067992,4.881995677947998
1755181095.496019,2025-08-14 16:18:15.496019,27.127561973571776,4.883099555969238
1755181095.4971082,2025-08-14 16:18:15.497108,27.1276461353302,4.884188890457153
1755181095.498164,2025-08-14 16:18:15.498164,27.1277202835083,4.885244607925415
1755181095.499217,2025-08-14 16:18:15.499217,27.127793954849242,4.886297702789307
1755181095.5002367,2025-08-14 16:18:15.500237,27.127867149353026,4.887317419052124
1755181095.5012774,2025-08-14 16:18:15.501277,27.14473808323507,4.888358116149902
1755181095.505943,2025-08-14 16:18:15.505943,27.14515616416931,4.893023729324341
1755181095.507879,2025-08-14 16:18:15.507879,27.145245094299316,4.8949596881866455
1755181095.5097635,2025-08-14 16:18:15.509763,27.145323057174682,4.896844148635864
1755181095.5116405,2025-08-14 16:18:15.511641,27.145398635864257,4.898721218109131
1755181095.51349,2025-08-14 16:18:15.513490,27.145473976135253,4.900570631027222
1755181095.5152998,2025-08-14 16:18:15.515300,27.145550031661987,4.902380466461182
1755181095.5170932,2025-08-14 16:18:15.517093,27.145625371932983,4.904173851013184
1755181095.5188656,2025-08-14 16:18:15.518866,27.14569999694824,4.905946254730225
1755181095.520606,2025-08-14 16:18:15.520606,27.145773906707763,4.907686710357666
1755181095.5223267,2025-08-14 16:18:15.522327,27.145848293304443,4.909407377243042
1755181095.5240324,2025-08-14 16:18:15.524032,27.145922441482544,4.911113023757935
1755181095.5257328,2025-08-14 16:18:15.525733,27.145995874404907,4.912813425064087
1755181095.5274322,2025-08-14 16:18:15.527432,27.146081228256225,4.914512872695923
1755181095.5290904,2025-08-14 16:18:15.529090,27.14615466117859,4.916171073913574
1755181095.5307293,2025-08-14 16:18:15.530729,27.146227855682373,4.917809963226318
1755181095.53235,2025-08-14 16:18:15.532350,27.146301288604736,4.919430732727051
1755181095.5339413,2025-08-14 16:18:15.533941,27.1463747215271,4.921021938323975
1755181095.5355275,2025-08-14 16:18:15.535527,27.146446962356567,4.922608137130737
1755181095.5371053,2025-08-14 16:18:15.537105,27.14652063369751,4.9241859912872314
1755181095.5386565,2025-08-14 16:18:15.538656,27.14659502029419,4.925737142562866
1755181095.5401955,2025-08-14 16:18:15.540195,27.146670122146606,4.927276134490967
1755181095.5417132,2025-08-14 16:18:15.541713,27.146752614974975,4.928793907165527
1755181095.5432165,2025-08-14 16:18:15.543216,27.146826286315918,4.930297136306763
1755181095.5446763,2025-08-14 16:18:15.544676,27.146901149749755,4.931756973266602
1755181095.54612,2025-08-14 16:18:15.546120,27.146975774765014,4.9332005977630615
1755181095.5475879,2025-08-14 16:18:15.547588,27.147049922943115,4.93466854095459
1755181095.5490177,2025-08-14 16:18:15.549018,27.147123594284057,4.936098337173462
1755181095.5504417,2025-08-14 16:18:15.550442,27.14719678878784,4.9375224113464355
1755181095.5518353,2025-08-14 16:18:15.551835,27.147270221710205,4.938915967941284
1755181095.5532005,2025-08-14 16:18:15.553200,27.14734341621399,4.94028115272522
1755181095.554528,2025-08-14 16:18:15.554528,27.14741708755493,4.941608667373657
1755181095.5558617,2025-08-14 16:18:15.555862,27.14749147415161,4.942942380905151
1755181095.5571766,2025-08-14 16:18:15.557177,27.147564668655395,4.9442572593688965
1755181095.5584602,2025-08-14 16:18:15.558460,27.147638339996337,4.945540904998779
1755181095.5597281,2025-08-14 16:18:15.559728,27.147716302871704,4.946808815002441
1755181095.560985,2025-08-14 16:18:15.560985,27.147790212631225,4.948065757751465
1755181095.5622313,2025-08-14 16:18:15.562231,27.147864122390747,4.949311971664429
1755181095.5634742,2025-08-14 16:18:15.563474,27.147936840057373,4.950554847717285
1755181095.5646682,2025-08-14 16:18:15.564668,27.148010272979736,4.951748847961426
1755181095.5658429,2025-08-14 16:18:15.565843,27.148082752227783,4.952923536300659
1755181095.5670137,2025-08-14 16:18:15.567014,27.14815546989441,4.954094409942627
1755181095.5681548,2025-08-14 16:18:15.568155,27.148228664398193,4.955235481262207
1755181095.5692651,2025-08-14 16:18:15.569265,27.148301620483398,4.956345796585083
1755181095.5703676,2025-08-14 16:18:15.570368,27.148374576568603,4.957448244094849
1755181095.5714579,2025-08-14 16:18:15.571458,27.148447532653808,4.95853853225708
1755181095.5725155,2025-08-14 16:18:15.572515,27.14852144241333,4.959596157073975
1755181095.5735815,2025-08-14 16:18:15.573581,27.148594398498535,4.960662126541138
1755181095.5746193,2025-08-14 16:18:15.574619,27.148666400909423,4.961699962615967
1755181095.5756361,2025-08-14 16:18:15.575636,27.14873911857605,4.962716817855835
1755181095.576653,2025-08-14 16:18:15.576653,28.962295325843595,4.963733673095703
1755181095.5775063,2025-08-14 16:18:15.577506,28.963295325843596,4.964586973190308
1755181095.5821443,2025-08-14 16:18:15.582144,28.96315139579773,4.96922492980957
1755181095.5840588,2025-08-14 16:18:15.584059,28.96324199485779,4.971139430999756
1755181095.5859618,2025-08-14 16:18:15.585962,28.963319480895997,4.9730424880981445
1755181095.5878606,2025-08-14 16:18:15.587861,28.963394344329835,4.974941253662109
1755181095.5897152,2025-08-14 16:18:15.589715,28.96346968460083,4.97679591178894
1755181095.591528,2025-08-14 16:18:15.591528,28.963545978546144,4.97860860824585
1755181095.593329,2025-08-14 16:18:15.593329,28.96362084197998,4.980409622192383
1755181095.5951197,2025-08-14 16:18:15.595120,28.96369546699524,4.982200384140015
1755181095.5968938,2025-08-14 16:18:15.596894,28.96376937675476,4.983974456787109
1755181095.5986445,2025-08-14 16:18:15.598644,28.963855445861817,4.985725164413452
1755181095.600374,2025-08-14 16:18:15.600374,28.963930547714234,4.987454652786255
1755181095.602071,2025-08-14 16:18:15.602071,28.964006603240968,4.9891517162323
1755181095.6037526,2025-08-14 16:18:15.603753,28.96408027458191,4.990833282470703
1755181095.605396,2025-08-14 16:18:15.605396,28.964153469085694,4.99247670173645
1755181095.607037,2025-08-14 16:18:15.607037,28.964227617263795,4.994117736816406
1755181095.6086576,2025-08-14 16:18:15.608658,28.964301050186158,4.99573826789856
1755181095.6102598,2025-08-14 16:18:15.610260,28.964374006271363,4.997340440750122
1755181095.6118548,2025-08-14 16:18:15.611855,28.96445196914673,4.9989354610443115
1755181095.6134157,2025-08-14 16:18:15.613416,28.964524925231935,5.0004963874816895
1755181095.6149595,2025-08-14 16:18:15.614959,28.96459764289856,5.002040147781372
1755181095.616611,2025-08-14 16:18:15.616611,28.964788377761842,5.003691673278809
1755181095.6181302,2025-08-14 16:18:15.618130,28.964866340637208,5.005210876464844
1755181095.6196504,2025-08-14 16:18:15.619650,28.964941442489625,5.006731033325195
1755181095.621129,2025-08-14 16:18:15.621129,28.96501487541199,5.008209705352783
1755181095.6225863,2025-08-14 16:18:15.622586,28.965089500427247,5.009666919708252
1755181095.6240385,2025-08-14 16:18:15.624038,28.9651653175354,5.01111912727356
1755181095.6254456,2025-08-14 16:18:15.625446,28.965238273620606,5.012526273727417
1755181095.6268525,2025-08-14 16:18:15.626853,28.96531194496155,5.013933181762695
1755181095.628224,2025-08-14 16:18:15.628224,28.965384901046754,5.0153045654296875
1755181095.6295705,2025-08-14 16:18:15.629570,28.965458095550538,5.016651153564453
1755181095.6309128,2025-08-14 16:18:15.630913,28.965529859542848,5.017993450164795
1755181095.632245,2025-08-14 16:18:15.632245,28.965601146698,5.0193257331848145
1755181095.6335478,2025-08-14 16:18:15.633548,28.965673625946046,5.020628452301025
1755181095.6348329,2025-08-14 16:18:15.634833,28.965745866775514,5.021913528442383
1755181095.6361003,2025-08-14 16:18:15.636100,28.96581834602356,5.023180961608887
1755181095.6373494,2025-08-14 16:18:15.637349,28.96589034843445,5.0244300365448
1755181095.6385667,2025-08-14 16:18:15.638567,28.96596211242676,5.025647401809692
1755181095.6397886,2025-08-14 16:18:15.639789,28.966034591674806,5.026869297027588
1755181095.6409676,2025-08-14 16:18:15.640968,28.966106594085694,5.028048276901245
1755181095.6421242,2025-08-14 16:18:15.642124,28.96617907333374,5.029204845428467
1755181095.643287,2025-08-14 16:18:15.643287,28.966252029418946,5.030367612838745
1755181095.6444097,2025-08-14 16:18:15.644410,28.96632522392273,5.031490325927734
1755181095.6455154,2025-08-14 16:18:15.645515,28.966398180007936,5.032596111297607
1755181095.646605,2025-08-14 16:18:15.646605,28.966470659255982,5.033685684204102
1755181095.6476915,2025-08-14 16:18:15.647691,28.96654337692261,5.034772157669067
1755181095.6487465,2025-08-14 16:18:15.648746,28.966615140914918,5.035827159881592
1755181095.6497798,2025-08-14 16:18:15.649780,28.966687381744386,5.036860466003418
1755181095.6508017,2025-08-14 16:18:15.650802,28.966759622573854,5.037882328033447
1755181095.6517918,2025-08-14 16:18:15.651792,28.966831386566163,5.038872480392456
1755181095.6527789,2025-08-14 16:18:15.652779,29.77524981548758,5.0398595333099365
1755181095.6536176,2025-08-14 16:18:15.653618,29.77624981548758,5.040698289871216
1755181095.6581616,2025-08-14 16:18:15.658162,29.77615091896057,5.0452423095703125
1755181095.6600614,2025-08-14 16:18:15.660061,29.776240564346313,5.047142028808594
1755181095.6619303,2025-08-14 16:18:15.661930,29.776319004058838,5.049010992050171
1755181095.6637805,2025-08-14 16:18:15.663780,29.77640078163147,5.050861120223999
1755181095.6656013,2025-08-14 16:18:15.665601,29.776476121902466,5.052681922912598
1755181095.6673927,2025-08-14 16:18:15.667393,29.776550508499145,5.054473400115967
1755181095.6691391,2025-08-14 16:18:15.669139,29.776624656677246,5.056219816207886
1755181095.6708758,2025-08-14 16:18:15.670876,29.77669761276245,5.0579564571380615
1755181095.6725929,2025-08-14 16:18:15.672593,29.776782012939453,5.059673547744751
1755181095.6742752,2025-08-14 16:18:15.674275,29.776855684280395,5.061355829238892
1755181095.6759546,2025-08-14 16:18:15.675955,29.776930786132812,5.063035249710083
1755181095.6776118,2025-08-14 16:18:15.677612,29.777004457473755,5.064692497253418
1755181095.6792505,2025-08-14 16:18:15.679250,29.777076698303222,5.066331148147583
1755181095.6808686,2025-08-14 16:18:15.680869,29.777155376434326,5.067949295043945
1755181095.6824756,2025-08-14 16:18:15.682476,29.77722904777527,5.06955623626709
1755181095.6840653,2025-08-14 16:18:15.684065,29.77730248069763,5.071146011352539
1755181095.6856327,2025-08-14 16:18:15.685633,29.777376390457153,5.072713375091553
1755181095.6871884,2025-08-14 16:18:15.687188,29.777449584960937,5.07426905632019
1755181095.688722,2025-08-14 16:18:15.688722,29.77752325630188,5.075802564620972
1755181095.6902382,2025-08-14 16:18:15.690238,29.77759740447998,5.077318906784058
1755181095.6917486,2025-08-14 16:18:15.691749,29.777670360565185,5.078829288482666
1755181095.6932395,2025-08-14 16:18:15.693239,29.77774379348755,5.080320119857788
1755181095.6947176,2025-08-14 16:18:15.694718,29.777816034317016,5.081798315048218
1755181095.696164,2025-08-14 16:18:15.696164,29.77788946723938,5.083244562149048
1755181095.6976037,2025-08-14 16:18:15.697604,29.777962423324585,5.084684371948242
1755181095.699015,2025-08-14 16:18:15.699015,29.77803537940979,5.086095571517944
1755181095.7004192,2025-08-14 16:18:15.700419,29.778108573913574,5.0874998569488525
1755181095.7017872,2025-08-14 16:18:15.701787,29.77818152999878,5.088867902755737
1755181095.7031467,2025-08-14 16:18:15.703147,29.778253532409668,5.090227365493774
1755181095.7044652,2025-08-14 16:18:15.704465,29.77832720375061,5.091545820236206
1755181095.7057867,2025-08-14 16:18:15.705787,29.7784037361145,5.092867374420166
1755181095.7070997,2025-08-14 16:18:15.707100,29.778479791641235,5.094180345535278
1755181095.7083838,2025-08-14 16:18:15.708384,29.77855274772644,5.095464468002319
1755181095.7096422,2025-08-14 16:18:15.709642,29.778639770507812,5.096722841262817
1755181095.710884,2025-08-14 16:18:15.710884,29.778713918685913,5.097964763641357
1755181095.7120996,2025-08-14 16:18:15.712100,29.778787113189697,5.099180221557617
1755181095.7133095,2025-08-14 16:18:15.713310,29.77886030769348,5.100390195846558
1755181095.7145002,2025-08-14 16:18:15.714500,29.778933502197265,5.101580858230591
1755181095.7156894,2025-08-14 16:18:15.715689,29.77900693511963,5.102770090103149
1755181095.716856,2025-08-14 16:18:15.716856,29.779082036972046,5.103936672210693
1755181095.7179942,2025-08-14 16:18:15.717994,29.779157138824463,5.105074882507324
1755181095.7191198,2025-08-14 16:18:15.719120,29.77923247909546,5.106200456619263
1755181095.7202165,2025-08-14 16:18:15.720217,29.77930638885498,5.10729718208313
1755181095.7212856,2025-08-14 16:18:15.721286,29.779382205963135,5.108366250991821
1755181095.7223294,2025-08-14 16:18:15.722329,29.77945492362976,5.109410047531128
1755181095.7233658,2025-08-14 16:18:15.723366,29.779528118133545,5.110446453094482
1755181095.7243803,2025-08-14 16:18:15.724380,29.77960059738159,5.11146092414856
1755181095.7253737,2025-08-14 16:18:15.725374,29.77967283821106,5.112454414367676
1755181095.7263465,2025-08-14 16:18:15.726346,29.77974436378479,5.11342716217041
1755181095.7273319,2025-08-14 16:18:15.727332,30.803294689124126,5.114412546157837
1755181095.7281508,2025-08-14 16:18:15.728151,30.804294689124127,5.115231513977051
1755181095.7332165,2025-08-14 16:18:15.733217,30.804149488449095,5.120297193527222
1755181095.7350857,2025-08-14 16:18:15.735086,30.80424604797363,5.122166395187378
1755181095.7369375,2025-08-14 16:18:15.736938,30.804324487686156,5.12401819229126
1755181095.7387755,2025-08-14 16:18:15.738775,30.804399589538573,5.125856161117554
1755181095.7405648,2025-08-14 16:18:15.740565,30.80447492980957,5.127645492553711
1755181095.7423327,2025-08-14 16:18:15.742333,30.804550746917723,5.129413366317749
1755181095.7440994,2025-08-14 16:18:15.744099,30.804624418258665,5.131180047988892
1755181095.7458172,2025-08-14 16:18:15.745817,30.804698566436766,5.132897853851318
1755181095.7475278,2025-08-14 16:18:15.747528,30.80477199935913,5.134608507156372
1755181095.7492077,2025-08-14 16:18:15.749208,30.80484614753723,5.136288404464722
1755181095.750883,2025-08-14 16:18:15.750883,30.804919342041014,5.137963771820068
1755181095.7525318,2025-08-14 16:18:15.752532,30.805532554626463,5.139612436294556
1755181095.754163,2025-08-14 16:18:15.754163,30.80562887573242,5.1412436962127686
1755181095.7557962,2025-08-14 16:18:15.755796,30.805703977584837,5.142876863479614
1755181095.7574148,2025-08-14 16:18:15.757415,30.805778364181517,5.144495487213135
1755181095.7589965,2025-08-14 16:18:15.758996,30.805858234405516,5.1460771560668945
1755181095.7605574,2025-08-14 16:18:15.760557,30.805932382583617,5.1476380825042725
1755181095.7620919,2025-08-14 16:18:15.762092,30.806006530761717,5.14917254447937
1755181095.7636201,2025-08-14 16:18:15.763620,30.80608020210266,5.150700807571411
1755181095.7651277,2025-08-14 16:18:15.765128,30.806152919769286,5.15220832824707
1755181095.7666285,2025-08-14 16:18:15.766629,30.806238273620604,5.153709173202515
1755181095.76809,2025-08-14 16:18:15.768090,30.806311468124388,5.155170679092407
1755181095.769543,2025-08-14 16:18:15.769543,30.806384185791014,5.156623601913452
1755181095.7709832,2025-08-14 16:18:15.770983,30.80645714187622,5.158063888549805
1755181095.772428,2025-08-14 16:18:15.772428,30.806529621124266,5.15950870513916
1755181095.773831,2025-08-14 16:18:15.773831,30.806602338790892,5.160911560058594
1755181095.775223,2025-08-14 16:18:15.775223,30.8066741027832,5.162303686141968
1755181095.7765868,2025-08-14 16:18:15.776587,30.806747058868407,5.163667440414429
1755181095.77795,2025-08-14 16:18:15.777950,30.806829790115355,5.1650307178497314
1755181095.7793133,2025-08-14 16:18:15.779313,30.806903461456297,5.166393995285034
1755181095.7806556,2025-08-14 16:18:15.780656,30.806977848052977,5.167736291885376
1755181095.781965,2025-08-14 16:18:15.781965,30.80705128097534,5.169045686721802
1755181095.7832537,2025-08-14 16:18:15.783254,30.807124475479124,5.170334339141846
1755181095.7845032,2025-08-14 16:18:15.784503,30.807198146820067,5.171583890914917
1755181095.7857256,2025-08-14 16:18:15.785726,30.807271102905272,5.172806262969971
1755181095.7869728,2025-08-14 16:18:15.786973,30.807344058990477,5.174053430557251
1755181095.788183,2025-08-14 16:18:15.788183,30.80741749191284,5.1752636432647705
1755181095.7893639,2025-08-14 16:18:15.789364,30.807491163253783,5.1764445304870605
1755181095.7905524,2025-08-14 16:18:15.790552,30.807564834594725,5.177633047103882
1755181095.79171,2025-08-14 16:18:15.791710,30.807635883331297,5.17879056930542
1755181095.792823,2025-08-14 16:18:15.792823,30.80770955467224,5.179903745651245
1755181095.7939267,2025-08-14 16:18:15.793927,30.80778155708313,5.181007385253906
1755181095.7950141,2025-08-14 16:18:15.795014,30.807854036331175,5.1820948123931885
1755181095.7960832,2025-08-14 16:18:15.796083,30.807926277160643,5.18316388130188
1755181095.7971764,2025-08-14 16:18:15.797176,30.80799851799011,5.1842570304870605
1755181095.7981977,2025-08-14 16:18:15.798198,30.80807075881958,5.185278415679932
1755181095.7992048,2025-08-14 16:18:15.799205,30.808142761230467,5.186285495758057
1755181095.8001862,2025-08-14 16:18:15.800186,30.808214763641356,5.187266826629639
1755181095.801195,2025-08-14 16:18:15.801195,30.80828819656372,5.188275575637817
1755181095.802215,2025-08-14 16:18:15.802215,31.008974456269765,5.189295768737793
1755181095.8068702,2025-08-14 16:18:15.806870,31.009165700912476,5.193950891494751
1755181095.8087437,2025-08-14 16:18:15.808744,31.00925510787964,5.195824384689331
1755181095.81057,2025-08-14 16:18:15.810570,31.009333309173584,5.197650671005249
1755181095.812426,2025-08-14 16:18:15.812426,31.009410079956055,5.199506759643555
1755181095.8142164,2025-08-14 16:18:15.814216,31.00949662590027,5.201297044754028
1755181095.8159535,2025-08-14 16:18:15.815953,31.00958627128601,5.203034162521362
1755181095.817695,2025-08-14 16:18:15.817695,31.00966065788269,5.20477557182312
1755181095.8194005,2025-08-14 16:18:15.819401,31.009736951828003,5.206481218338013
1755181095.8211102,2025-08-14 16:18:15.821110,31.00981181526184,5.20819091796875
1755181095.822793,2025-08-14 16:18:15.822793,31.009887632369995,5.209873676300049
1755181095.8244338,2025-08-14 16:18:15.824434,31.009961542129517,5.211514472961426
1755181095.8260405,2025-08-14 16:18:15.826041,31.010037120819092,5.213121175765991
1755181095.8276656,2025-08-14 16:18:15.827666,31.010111030578614,5.2147462368011475
1755181095.829238,2025-08-14 16:18:15.829238,31.010184701919556,5.216318607330322
1755181095.8308685,2025-08-14 16:18:15.830868,31.01025789642334,5.217949151992798
1755181095.8324368,2025-08-14 16:18:15.832437,31.010330614089966,5.219517469406128
1755181095.8339531,2025-08-14 16:18:15.833953,31.010403093338013,5.221033811569214
1755181095.8354647,2025-08-14 16:18:15.835465,31.010477003097535,5.222545385360718
1755181095.8369734,2025-08-14 16:18:15.836973,31.01055019760132,5.2240540981292725
1755181095.8384464,2025-08-14 16:18:15.838446,31.01062410736084,5.225527048110962
1755181095.839916,2025-08-14 16:18:15.839916,31.010697778701783,5.226996660232544
1755181095.84138,2025-08-14 16:18:15.841380,31.010771688461304,5.2284605503082275
1755181095.8428187,2025-08-14 16:18:15.842819,31.010846075057984,5.2298994064331055
1755181095.8442237,2025-08-14 16:18:15.844224,31.010920223236084,5.231304407119751
1755181095.8455977,2025-08-14 16:18:15.845598,31.01099341773987,5.232678413391113
1755181095.84698,2025-08-14 16:18:15.846980,31.011066612243653,5.234060764312744
1755181095.848328,2025-08-14 16:18:15.848328,31.01113932991028,5.235408782958984
1755181095.8496456,2025-08-14 16:18:15.849646,31.0112132396698,5.2367262840271
1755181095.850987,2025-08-14 16:18:15.850987,31.011286195755005,5.238067626953125
1755181095.852292,2025-08-14 16:18:15.852292,31.01135939025879,5.239372730255127
1755181095.8535647,2025-08-14 16:18:15.853565,31.011432107925415,5.240645408630371
1755181095.854855,2025-08-14 16:18:15.854855,31.011503871917725,5.241935729980469
1755181095.8560917,2025-08-14 16:18:15.856092,31.01157682800293,5.2431724071502686
1755181095.8573973,2025-08-14 16:18:15.857397,31.011649545669556,5.244477987289429
1755181095.8586009,2025-08-14 16:18:15.858601,31.01172798538208,5.245681524276733
1755181095.8598015,2025-08-14 16:18:15.859802,31.011800226211548,5.246882200241089
1755181095.8609853,2025-08-14 16:18:15.860985,31.011873182296753,5.248065948486328
1755181095.8621783,2025-08-14 16:18:15.862178,31.011946615219117,5.249258995056152
1755181095.8633308,2025-08-14 16:18:15.863331,31.012018617630005,5.250411510467529
1755181095.8644402,2025-08-14 16:18:15.864440,31.01209133529663,5.251520872116089
1755181095.8655517,2025-08-14 16:18:15.865552,31.0121635761261,5.25263237953186
1755181095.8666618,2025-08-14 16:18:15.866662,31.0122377243042,5.253742456436157
1755181095.8677254,2025-08-14 16:18:15.867725,31.012310441970826,5.254806041717529
1755181095.868762,2025-08-14 16:18:15.868762,31.01238315963745,5.255842685699463
1755181095.8697896,2025-08-14 16:18:15.869790,31.012456354141236,5.256870269775391
1755181095.8707943,2025-08-14 16:18:15.870794,31.012530025482178,5.257874965667725
1755181095.8718264,2025-08-14 16:18:15.871826,31.012602504730225,5.258907079696655
1755181095.8727896,2025-08-14 16:18:15.872790,31.01267546081543,5.259870290756226
1755181095.873728,2025-08-14 16:18:15.873728,31.01274937057495,5.260808706283569
1755181095.874672,2025-08-14 16:18:15.874672,35.907631821929186,5.261752605438232
1755181095.8794036,2025-08-14 16:18:15.879404,35.908150442123414,5.266484260559082
1755181095.8812685,2025-08-14 16:18:15.881269,35.90823889541626,5.2683491706848145
1755181095.8830926,2025-08-14 16:18:15.883093,35.90843320655823,5.2701733112335205
1755181095.8848703,2025-08-14 16:18:15.884870,35.908516414642335,5.271950960159302
1755181095.8866487,2025-08-14 16:18:15.886649,35.9085955696106,5.27372932434082
1755181095.8883626,2025-08-14 16:18:15.888363,35.9086742477417,5.2754433155059814
1755181095.890066,2025-08-14 16:18:15.890066,35.90875054168701,5.277146577835083
1755181095.8917863,2025-08-14 16:18:15.891786,35.90882492828369,5.27886700630188
1755181095.8934636,2025-08-14 16:18:15.893464,35.90890026855469,5.280544281005859
1755181095.895125,2025-08-14 16:18:15.895125,35.90897465515137,5.282205581665039
1755181095.8967915,2025-08-14 16:18:15.896791,35.909050233840944,5.283872127532959
1755181095.898401,2025-08-14 16:18:15.898401,35.90912366676331,5.285481691360474
1755181095.9000363,2025-08-14 16:18:15.900036,35.90919757652283,5.287117004394531
1755181095.901643,2025-08-14 16:18:15.901643,35.90927196311951,5.288723707199097
1755181095.9032133,2025-08-14 16:18:15.903213,35.909362800598146,5.29029393196106
1755181095.9048233,2025-08-14 16:18:15.904823,35.9094386177063,5.291903972625732
1755181095.9063616,2025-08-14 16:18:15.906362,35.90951228904724,5.293442249298096
1755181095.9078672,2025-08-14 16:18:15.907867,35.90958548355103,5.294947862625122
1755181095.9093246,2025-08-14 16:18:15.909325,35.90965915489197,5.29640531539917
1755181095.9107795,2025-08-14 16:18:15.910779,35.90973354148865,5.297860145568848
1755181095.9122791,2025-08-14 16:18:15.912279,35.909806497573854,5.2993597984313965
1755181095.9137363,2025-08-14 16:18:15.913736,35.909880407333375,5.300817012786865
1755181095.9151874,2025-08-14 16:18:15.915187,35.90995360183716,5.302268028259277
1755181095.9165916,2025-08-14 16:18:15.916592,35.91002703475952,5.3036723136901855
1755181095.917955,2025-08-14 16:18:15.917955,35.91009951400757,5.305035591125488
1755181095.919315,2025-08-14 16:18:15.919315,35.91017390060425,5.306395769119263
1755181095.920632,2025-08-14 16:18:15.920632,35.91024614143372,5.307712554931641
1755181095.9219627,2025-08-14 16:18:15.921963,35.910323865890504,5.3090434074401855
1755181095.9232793,2025-08-14 16:18:15.923279,35.91039753723145,5.310359954833984
1755181095.924545,2025-08-14 16:18:15.924545,35.91047025489807,5.311625719070435
1755181095.925852,2025-08-14 16:18:15.925852,35.910544164657594,5.312932729721069
1755181095.9271293,2025-08-14 16:18:15.927129,35.91061664390564,5.314209938049316
1755181095.9283571,2025-08-14 16:18:15.928357,35.910689838409425,5.3154377937316895
1755181095.9295504,2025-08-14 16:18:15.929550,35.91076470184326,5.316631078720093
1755181095.9307368,2025-08-14 16:18:15.930737,35.91083741950989,5.317817449569702
1755181095.9319952,2025-08-14 16:18:15.931995,35.91091204452515,5.3190758228302
1755181095.933182,2025-08-14 16:18:15.933182,35.91098523902893,5.320262670516968
1755181095.9343202,2025-08-14 16:18:15.934320,35.91105938720703,5.321400880813599
1755181095.9354517,2025-08-14 16:18:15.935452,35.91113377380371,5.322532415390015
1755181095.9365685,2025-08-14 16:18:15.936568,35.911207206726075,5.323649168014526
1755181095.937655,2025-08-14 16:18:15.937655,35.9112799243927,5.324735641479492
1755181095.938721,2025-08-14 16:18:15.938721,35.911353595733644,5.325801610946655
1755181095.9397602,2025-08-14 16:18:15.939760,35.911427267074586,5.326840877532959
1755181095.9408119,2025-08-14 16:18:15.940812,35.91150093841553,5.327892541885376
1755181095.9418707,2025-08-14 16:18:15.941871,35.91157294082642,5.328951358795166
1755181095.942897,2025-08-14 16:18:15.942897,35.9116473274231,5.329977750778198
1755181095.9438796,2025-08-14 16:18:15.943880,35.91173101234436,5.330960273742676
1755181095.9448278,2025-08-14 16:18:15.944828,35.91180563735962,5.331908464431763
1755181095.945751,2025-08-14 16:18:15.945751,35.91187930870056,5.332831621170044
1755181095.9467187,2025-08-14 16:18:15.946719,37.87336281404495,5.333799362182617
1755181095.9474947,2025-08-14 16:18:15.947495,37.87436281404495,5.334575414657593
1755181095.9519513,2025-08-14 16:18:15.951951,37.87414710426331,5.339031934738159
1755181095.953779,2025-08-14 16:18:15.953779,37.874235557556155,5.340859651565552
1755181095.9555871,2025-08-14 16:18:15.955587,37.87431447410584,5.342667818069458
1755181095.9574718,2025-08-14 16:18:15.957472,37.874389337539675,5.344552516937256
1755181095.9592793,2025-08-14 16:18:15.959279,37.87446491622925,5.346359968185425
1755181095.9609938,2025-08-14 16:18:15.960994,37.874540971755984,5.348074436187744
1755181095.9626944,2025-08-14 16:18:15.962694,37.87461631202698,5.349775075912476
1755181095.9643855,2025-08-14 16:18:15.964386,37.87468974494934,5.351466178894043
1755181095.9660408,2025-08-14 16:18:15.966041,37.874766277313235,5.353121519088745
1755181095.9677095,2025-08-14 16:18:15.967710,37.874840425491335,5.354790210723877
1755181095.9693503,2025-08-14 16:18:15.969350,37.87491361999512,5.356431007385254
1755181095.97095,2025-08-14 16:18:15.970950,37.87498705291748,5.358030557632446
1755181095.972595,2025-08-14 16:18:15.972595,37.87506191635132,5.359675645828247
1755181095.9741893,2025-08-14 16:18:15.974189,37.87513439559937,5.361269950866699
1755181095.9757452,2025-08-14 16:18:15.975745,37.87520830535889,5.362825870513916
1755181095.9772928,2025-08-14 16:18:15.977293,37.87528149986267,5.364373445510864
1755181095.9788017,2025-08-14 16:18:15.978802,37.87535374069214,5.365882396697998
1755181095.9802828,2025-08-14 16:18:15.980283,37.87542788887024,5.367363452911377
1755181095.981734,2025-08-14 16:18:15.981734,37.875506567001345,5.368814706802368
1755181095.9831898,2025-08-14 16:18:15.983190,37.87557952308655,5.370270490646362
1755181095.9846172,2025-08-14 16:18:15.984617,37.875652240753176,5.371697902679443
1755181095.9860184,2025-08-14 16:18:15.986018,37.875724481582644,5.373099088668823
1755181095.9874918,2025-08-14 16:18:15.987492,37.87579791450501,5.374572515487671
1755181095.9890995,2025-08-14 16:18:15.989100,37.875870393753054,5.376180171966553
1755181095.9904597,2025-08-14 16:18:15.990460,37.8759428730011,5.377540349960327
1755181095.9918177,2025-08-14 16:18:15.991818,37.87601654434204,5.37889838218689
1755181095.9931362,2025-08-14 16:18:15.993136,37.87608973884583,5.380216836929321
1755181095.994432,2025-08-14 16:18:15.994432,37.87616388702393,5.381512641906738
1755181095.99572,2025-08-14 16:18:15.995720,37.87623708152771,5.382800579071045
1755181095.9970055,2025-08-14 16:18:15.997005,37.87630956077576,5.3840861320495605
1755181095.9982963,2025-08-14 16:18:15.998296,37.87638299369812,5.385376930236816
1755181095.9995308,2025-08-14 16:18:15.999531,37.87645499610901,5.386611461639404
1755181096.0007467,2025-08-14 16:18:16.000747,37.876528190612795,5.387827396392822
1755181096.001931,2025-08-14 16:18:16.001931,37.876601146698,5.38901162147522
1755181096.0031095,2025-08-14 16:18:16.003109,37.876674102783205,5.390190124511719
1755181096.0044687,2025-08-14 16:18:16.004469,37.876748250961306,5.391549348831177
1755181096.005641,2025-08-14 16:18:16.005641,37.87682096862793,5.392721652984619
1755181096.0068088,2025-08-14 16:18:16.006809,37.8769046535492,5.393889427185059
1755181096.0079117,2025-08-14 16:18:16.007912,37.8769776096344,5.394992351531982
1755181096.0089805,2025-08-14 16:18:16.008981,37.87705223464966,5.396061182022095
1755181096.0100632,2025-08-14 16:18:16.010063,37.877125667572024,5.397143840789795
1755181096.0111055,2025-08-14 16:18:16.011106,37.87719814682007,5.398186206817627
1755181096.012118,2025-08-14 16:18:16.012118,37.87727062606812,5.399198770523071
1755181096.0131133,2025-08-14 16:18:16.013113,37.877342628479006,5.400193929672241
1755181096.0140827,2025-08-14 16:18:16.014083,37.87741558456421,5.401163339614868
1755181096.015049,2025-08-14 16:18:16.015049,37.87748806381226,5.402129650115967
1755181096.0159965,2025-08-14 16:18:16.015996,37.87755982780457,5.403077125549316
1755181096.0169191,2025-08-14 16:18:16.016919,37.877631830215456,5.4039998054504395
1755181096.017817,2025-08-14 16:18:16.017817,37.87770526313782,5.404897689819336
1755181096.0187335,2025-08-14 16:18:16.018734,38.002208015243035,5.405814170837402
1755181096.0195262,2025-08-14 16:18:16.019526,38.00320801524303,5.406606912612915
1755181096.0240095,2025-08-14 16:18:16.024009,38.00315187263489,5.411090135574341
1755181096.0258064,2025-08-14 16:18:16.025806,38.003240087509155,5.412887096405029
1755181096.0276027,2025-08-14 16:18:16.027603,38.003317335128784,5.4146833419799805
1755181096.0293279,2025-08-14 16:18:16.029328,38.00339267539978,5.416408538818359
1755181096.03106,2025-08-14 16:18:16.031060,38.00346944618225,5.418140649795532
1755181096.0327342,2025-08-14 16:18:16.032734,38.00354478645325,5.419814825057983
1755181096.0344129,2025-08-14 16:18:16.034413,38.00361893463135,5.4214935302734375
1755181096.036105,2025-08-14 16:18:16.036105,38.00369284439087,5.423185586929321
1755181096.037744,2025-08-14 16:18:16.037744,38.00376699256897,5.4248247146606445
1755181096.0393612,2025-08-14 16:18:16.039361,38.003842332839966,5.42644190788269
1755181096.0409462,2025-08-14 16:18:16.040946,38.00391624259949,5.428026914596558
1755181096.0425234,2025-08-14 16:18:16.042523,38.00398991394043,5.4296040534973145
1755181096.0440855,2025-08-14 16:18:16.044086,38.00406382369995,5.431166172027588
1755181096.045615,2025-08-14 16:18:16.045615,38.004137018203735,5.432695627212524
1755181096.0471256,2025-08-14 16:18:16.047126,38.004211166381836,5.434206247329712
1755181096.0486221,2025-08-14 16:18:16.048622,38.00428507614136,5.435702800750732
1755181096.0500898,2025-08-14 16:18:16.050090,38.00435850906372,5.437170505523682
1755181096.0515738,2025-08-14 16:18:16.051574,38.00443766403198,5.43865442276001
1755181096.0530148,2025-08-14 16:18:16.053015,38.00451085853577,5.4400954246521
1755181096.054439,2025-08-14 16:18:16.054439,38.00459406661987,5.441519737243652
1755181096.0558515,2025-08-14 16:18:16.055851,38.004667976379395,5.44293212890625
1755181096.0572484,2025-08-14 16:18:16.057248,38.004741886138916,5.444329023361206
1755181096.0586183,2025-08-14 16:18:16.058618,38.00485227394104,5.445698976516724
1755181096.059962,2025-08-14 16:18:16.059962,38.00492928314209,5.44704270362854
1755181096.0612936,2025-08-14 16:18:16.061294,38.00500390815735,5.448374271392822
1755181096.0626009,2025-08-14 16:18:16.062601,38.00507877159119,5.449681520462036
1755181096.0639114,2025-08-14 16:18:16.063911,38.00515268135071,5.450992107391357
1755181096.065183,2025-08-14 16:18:16.065183,38.00522682952881,5.452263593673706
1755181096.0665262,2025-08-14 16:18:16.066526,38.005299785614014,5.453606843948364
1755181096.0678065,2025-08-14 16:18:16.067806,38.005373933792114,5.45488715171814
1755181096.0690804,2025-08-14 16:18:16.069080,38.005448320388794,5.456161022186279
1755181096.0703268,2025-08-14 16:18:16.070327,38.00552079963684,5.457407474517822
1755181096.071526,2025-08-14 16:18:16.071526,38.00559494781494,5.458606719970703
1755181096.072698,2025-08-14 16:18:16.072698,38.005668142318726,5.459778785705566
1755181096.0738683,2025-08-14 16:18:16.073868,38.00574085998535,5.460948944091797
1755181096.0750077,2025-08-14 16:18:16.075008,38.00581357765198,5.462088346481323
1755181096.0761242,2025-08-14 16:18:16.076124,38.00589726257324,5.463204860687256
1755181096.0772452,2025-08-14 16:18:16.077245,38.005970933914185,5.464325904846191
1755181096.0783222,2025-08-14 16:18:16.078322,38.00604365158081,5.465402841567993
1755181096.0793934,2025-08-14 16:18:16.079393,38.00611613082886,5.4664740562438965
1755181096.0804286,2025-08-14 16:18:16.080429,38.0061898021698,5.4675092697143555
1755181096.081484,2025-08-14 16:18:16.081484,38.00626371192932,5.468564748764038
1755181096.0825033,2025-08-14 16:18:16.082503,38.00633762168884,5.469583988189697
1755181096.0835066,2025-08-14 16:18:16.083507,38.00641057777405,5.470587253570557
1755181096.084479,2025-08-14 16:18:16.084479,38.006483057022095,5.471559762954712
1755181096.085422,2025-08-14 16:18:16.085422,38.0065560131073,5.472502708435059
1755181096.0863624,2025-08-14 16:18:16.086362,38.00662849235535,5.473443031311035
1755181096.0872967,2025-08-14 16:18:16.087297,38.00670121002197,5.474377393722534
1755181096.0881858,2025-08-14 16:18:16.088186,38.00677368927002,5.475266456604004
1755181096.0890634,2025-08-14 16:18:16.089063,38.406716359236185,5.476144075393677
1755181096.0936794,2025-08-14 16:18:16.093679,38.40714591217041,5.480760097503662
1755181096.095461,2025-08-14 16:18:16.095461,38.40723436546325,5.482541561126709
1755181096.0972044,2025-08-14 16:18:16.097204,38.407313282012936,5.484285116195679
1755181096.0989246,2025-08-14 16:18:16.098925,38.40738981437683,5.4860053062438965
1755181096.1006248,2025-08-14 16:18:16.100625,38.40746563148498,5.48770546913147
1755181096.102298,2025-08-14 16:18:16.102298,38.4075407333374,5.4893786907196045
1755181096.103956,2025-08-14 16:18:16.103956,38.40761535835266,5.491036653518677
1755181096.105599,2025-08-14 16:18:16.105599,38.40768879127502,5.492679595947266
1755181096.1072285,2025-08-14 16:18:16.107229,38.40776293945312,5.494309186935425
1755181096.10883,2025-08-14 16:18:16.108830,38.40783804130554,5.49591064453125
1755181096.1104238,2025-08-14 16:18:16.110424,38.40791767311096,5.497504472732544
1755181096.1120088,2025-08-14 16:18:16.112009,38.407992536544796,5.499089479446411
1755181096.113551,2025-08-14 16:18:16.113551,38.40806573104858,5.50063157081604
1755181096.1150866,2025-08-14 16:18:16.115087,38.408139163970944,5.502167224884033
1755181096.1166089,2025-08-14 16:18:16.116609,38.408213073730465,5.503689527511597
1755181096.1181052,2025-08-14 16:18:16.118105,38.40829604339599,5.505185842514038
1755181096.1195815,2025-08-14 16:18:16.119581,38.40837019157409,5.506662130355835
1755181096.1210363,2025-08-14 16:18:16.121036,38.40844457817077,5.508116960525513
1755181096.1224766,2025-08-14 16:18:16.122477,38.40851753425598,5.509557247161865
1755181096.1239028,2025-08-14 16:18:16.123903,38.40859049034118,5.510983467102051
1755181096.1252947,2025-08-14 16:18:16.125295,38.408661777496334,5.512375354766846
1755181096.1266854,2025-08-14 16:18:16.126685,38.40873425674438,5.513766050338745
1755181096.1280496,2025-08-14 16:18:16.128050,38.40880554389953,5.515130281448364
1755181096.1294153,2025-08-14 16:18:16.129415,38.40887873840332,5.516495943069458
1755181096.1307561,2025-08-14 16:18:16.130756,38.408951217651364,5.517836809158325
1755181096.1320653,2025-08-14 16:18:16.132065,38.40902298164367,5.519145965576172
1755181096.1333559,2025-08-14 16:18:16.133356,38.40909593772888,5.520436525344849
1755181096.134627,2025-08-14 16:18:16.134627,38.409168416976925,5.521707773208618
1755181096.1358817,2025-08-14 16:18:16.135882,38.40924113464355,5.522962331771851
1755181096.1371303,2025-08-14 16:18:16.137130,38.40931289863586,5.5242109298706055
1755181096.1383471,2025-08-14 16:18:16.138347,38.40938490104675,5.52542781829834
1755181096.1395466,2025-08-14 16:18:16.139547,38.409457380294796,5.5266273021698
1755181096.1407228,2025-08-14 16:18:16.140723,38.40952985954284,5.527803421020508
1755181096.141879,2025-08-14 16:18:16.141879,38.40960233879089,5.52895975112915
1755181096.143021,2025-08-14 16:18:16.143021,38.40967624855041,5.530101776123047
1755181096.1441891,2025-08-14 16:18:16.144189,38.40974848937988,5.531269788742065
1755181096.1454434,2025-08-14 16:18:16.145443,38.4098223991394,5.532524108886719
1755181096.1465578,2025-08-14 16:18:16.146558,38.40999978256225,5.5336384773254395
1755181096.147649,2025-08-14 16:18:16.147649,38.41007750701904,5.534729719161987
1755181096.148691,2025-08-14 16:18:16.148691,38.41015237045288,5.535771608352661
1755181096.1497104,2025-08-14 16:18:16.149710,38.41023581695556,5.536791086196899
1755181096.1507223,2025-08-14 16:18:16.150722,38.41031139564514,5.5378029346466064
1755181096.1517112,2025-08-14 16:18:16.151711,38.41038339805603,5.53879189491272
1755181096.1526916,2025-08-14 16:18:16.152692,38.41045492362976,5.539772272109985
1755181096.1536577,2025-08-14 16:18:16.153658,38.410527402877804,5.540738344192505
1755181096.1545994,2025-08-14 16:18:16.154599,38.410598928451535,5.541680097579956
1755181096.155526,2025-08-14 16:18:16.155526,38.410670692443844,5.542606592178345
1755181096.1564322,2025-08-14 16:18:16.156432,38.410742456436154,5.54351282119751
1755181096.1572943,2025-08-14 16:18:16.157294,38.410813743591305,5.544374942779541
1755181096.1581604,2025-08-14 16:18:16.158160,39.68499759328452,5.545241117477417
1755181096.1626465,2025-08-14 16:18:16.162647,39.6851494884491,5.549727201461792
1755181096.1644146,2025-08-14 16:18:16.164415,39.68524819374085,5.551495313644409
1755181096.1661544,2025-08-14 16:18:16.166154,39.68532663345337,5.553235054016113
1755181096.1678991,2025-08-14 16:18:16.167899,39.68540340423584,5.5549798011779785
1755181096.1695938,2025-08-14 16:18:16.169594,39.68547898292542,5.556674480438232
1755181096.1712596,2025-08-14 16:18:16.171260,39.68555551528931,5.558340311050415
1755181096.1728992,2025-08-14 16:18:16.172899,39.68562990188599,5.5599799156188965
1755181096.17452,2025-08-14 16:18:16.174520,39.685702857971194,5.561600685119629
1755181096.1761138,2025-08-14 16:18:16.176114,39.685776529312136,5.563194513320923
1755181096.177705,2025-08-14 16:18:16.177705,39.68585496902466,5.564785718917847
1755181096.1792698,2025-08-14 16:18:16.179270,39.68592911720276,5.56635046005249
1755181096.18081,2025-08-14 16:18:16.180810,39.68601113319397,5.567890644073486
1755181096.1823244,2025-08-14 16:18:16.182324,39.68608528137207,5.5694050788879395
1755181096.1838338,2025-08-14 16:18:16.183834,39.686159191131594,5.5709145069122314
1755181096.185309,2025-08-14 16:18:16.185309,39.686233100891116,5.572389602661133
1755181096.1867917,2025-08-14 16:18:16.186792,39.68630653381348,5.573872327804565
1755181096.1882396,2025-08-14 16:18:16.188240,39.686379489898684,5.575320243835449
1755181096.1896775,2025-08-14 16:18:16.189677,39.68645268440247,5.576758146286011
1755181096.1910985,2025-08-14 16:18:16.191098,39.68652564048767,5.578179121017456
1755181096.1925008,2025-08-14 16:18:16.192501,39.68659788131714,5.5795814990997314
1755181096.1938648,2025-08-14 16:18:16.193865,39.68667059898377,5.5809454917907715
1755181096.195234,2025-08-14 16:18:16.195234,39.68674331665039,5.582314729690552
1755181096.1965895,2025-08-14 16:18:16.196589,39.68681531906128,5.583670139312744
1755181096.197903,2025-08-14 16:18:16.197903,39.6868892288208,5.584983587265015
1755181096.199218,2025-08-14 16:18:16.199218,39.68696123123169,5.586298704147339
1755181096.2005,2025-08-14 16:18:16.200500,39.68703394889832,5.587580680847168
1755181096.201781,2025-08-14 16:18:16.201781,39.687106428146365,5.588861703872681
1755181096.2030373,2025-08-14 16:18:16.203037,39.68717914581299,5.590117931365967
1755181096.2042685,2025-08-14 16:18:16.204268,39.687252578735354,5.591349124908447
1755181096.2054744,2025-08-14 16:18:16.205474,39.68732553482056,5.592555046081543
1755181096.2066808,2025-08-14 16:18:16.206681,39.68739777565003,5.593761444091797
1755181096.2078626,2025-08-14 16:18:16.207863,39.687470254898074,5.594943284988403
1755181096.2090194,2025-08-14 16:18:16.209019,39.6875429725647,5.596100091934204
1755181096.2101576,2025-08-14 16:18:16.210158,39.687616167068484,5.597238302230835
1755181096.2112894,2025-08-14 16:18:16.211289,39.687687692642214,5.59837007522583
1755181096.212384,2025-08-14 16:18:16.212384,39.68776064872742,5.599464654922485
1755181096.213495,2025-08-14 16:18:16.213495,39.687833127975466,5.600575685501099
1755181096.2145672,2025-08-14 16:18:16.214567,39.687905368804934,5.601647853851318
1755181096.215625,2025-08-14 16:18:16.215625,39.6879788017273,5.602705717086792
1755181096.2166686,2025-08-14 16:18:16.216669,39.688050804138186,5.6037492752075195
1755181096.2176814,2025-08-14 16:18:16.217681,39.68812376022339,5.604762077331543
1755181096.218678,2025-08-14 16:18:16.218678,39.688196954727175,5.6057586669921875
1755181096.2196562,2025-08-14 16:18:16.219656,39.688268957138064,5.606736898422241
1755181096.2206051,2025-08-14 16:18:16.220605,39.68834215164185,5.607685804367065
1755181096.2215405,2025-08-14 16:18:16.221540,39.688414392471316,5.608621120452881
1755181096.2224598,2025-08-14 16:18:16.222460,39.688486156463625,5.6095404624938965
1755181096.2233632,2025-08-14 16:18:16.223363,39.68855958938599,5.610443830490112
1755181096.2242393,2025-08-14 16:18:16.224239,39.68863349914551,5.6113200187683105
1755181096.2251058,2025-08-14 16:18:16.225106,39.688706455230715,5.612186431884766
1755181096.2259746,2025-08-14 16:18:16.225975,40.92698996736901,5.613055229187012
1755181096.2305505,2025-08-14 16:18:16.230551,40.92715377998352,5.617631196975708
1755181096.2322958,2025-08-14 16:18:16.232296,40.92724199485779,5.6193764209747314
1755181096.2339933,2025-08-14 16:18:16.233993,40.92732091140747,5.621073961257935
1755181096.2356865,2025-08-14 16:18:16.235687,40.92740578842163,5.622767210006714
1755181096.2373624,2025-08-14 16:18:16.237362,40.92748089027405,5.624443054199219
1755181096.238996,2025-08-14 16:18:16.238996,40.92755623054504,5.626076698303223
1755181096.240602,2025-08-14 16:18:16.240602,40.927630140304565,5.627682685852051
1755181096.2421777,2025-08-14 16:18:16.242178,40.927704288482666,5.629258394241333
1755181096.2437491,2025-08-14 16:18:16.243749,40.92777700614929,5.630829811096191
1755181096.245294,2025-08-14 16:18:16.245294,40.9278499622345,5.6323747634887695
1755181096.24684,2025-08-14 16:18:16.246840,40.927924587249755,5.633920669555664
1755181096.2483559,2025-08-14 16:18:16.248356,40.92799778175354,5.635436534881592
1755181096.2498636,2025-08-14 16:18:16.249864,40.928070976257324,5.63694429397583
1755181096.2513523,2025-08-14 16:18:16.251352,40.92814345550537,5.63843297958374
1755181096.2528138,2025-08-14 16:18:16.252814,40.928216650009155,5.639894485473633
1755181096.2542489,2025-08-14 16:18:16.254249,40.92828865242004,5.641329526901245
1755181096.2556841,2025-08-14 16:18:16.255684,40.92836089324951,5.6427648067474365
1755181096.257107,2025-08-14 16:18:16.257107,40.92843361091614,5.644187688827515
1755181096.2584946,2025-08-14 16:18:16.258495,40.928506090164184,5.645575284957886
1755181096.259879,2025-08-14 16:18:16.259879,40.92857880783081,5.6469597816467285
1755181096.2612453,2025-08-14 16:18:16.261245,40.928651525497436,5.6483259201049805
1755181096.2625792,2025-08-14 16:18:16.262579,40.92872424316406,5.649659872055054
1755181096.2639084,2025-08-14 16:18:16.263908,40.928797914505004,5.650989055633545
1755181096.2652166,2025-08-14 16:18:16.265217,40.92887039375305,5.652297258377075
1755181096.2665203,2025-08-14 16:18:16.266520,40.92894239616394,5.6536009311676025
1755181096.267805,2025-08-14 16:18:16.267805,40.92902012062073,5.654885768890381
1755181096.2690663,2025-08-14 16:18:16.269066,40.92909188461304,5.656147003173828
1755181096.2703035,2025-08-14 16:18:16.270303,40.929164363861084,5.657384157180786
1755181096.2715244,2025-08-14 16:18:16.271524,40.92935843658447,5.658605098724365
1755181096.2727122,2025-08-14 16:18:16.272712,40.92943592262268,5.659792900085449
1755181096.273887,2025-08-14 16:18:16.273887,40.929511501312255,5.660967588424683
1755181096.27505,2025-08-14 16:18:16.275050,40.92958636474609,5.66213059425354
1755181096.2761831,2025-08-14 16:18:16.276183,40.929660274505615,5.66326379776001
1755181096.277315,2025-08-14 16:18:16.277315,40.92973513793945,5.664395570755005
1755181096.2784169,2025-08-14 16:18:16.278417,40.92980809402466,5.665497541427612
1755181096.279518,2025-08-14 16:18:16.279518,40.92988224220276,5.666598558425903
1755181096.2805934,2025-08-14 16:18:16.280593,40.929954959869384,5.6676740646362305
1755181096.2816517,2025-08-14 16:18:16.281652,40.93002791595459,5.668732404708862
1755181096.282699,2025-08-14 16:18:16.282699,40.930100872039795,5.6697797775268555
1755181096.2837129,2025-08-14 16:18:16.283713,40.93017358970642,5.670793533325195
1755181096.284712,2025-08-14 16:18:16.284712,40.930247022628784,5.67179274559021
1755181096.2856972,2025-08-14 16:18:16.285697,40.93031974029541,5.672777891159058
1755181096.286668,2025-08-14 16:18:16.286668,40.930392696380615,5.673748731613159
1755181096.2876039,2025-08-14 16:18:16.287604,40.93046517562866,5.674684524536133
1755181096.2885263,2025-08-14 16:18:16.288526,40.93053789329529,5.675606966018677
1755181096.2894256,2025-08-14 16:18:16.289426,40.930612756729126,5.676506280899048
1755181096.2903068,2025-08-14 16:18:16.290307,40.93068618965149,5.677387475967407
1755181096.2911859,2025-08-14 16:18:16.291186,40.930758668899536,5.678266525268555
1755181096.292035,2025-08-14 16:18:16.292035,40.930830671310424,5.6791157722473145
1755181096.2928865,2025-08-14 16:18:16.292886,43.682770136938274,5.679967164993286
1755181096.297357,2025-08-14 16:18:16.297357,43.68314853477478,5.6844377517700195
1755181096.2990918,2025-08-14 16:18:16.299092,43.68323674964905,5.6861724853515625
1755181096.3007998,2025-08-14 16:18:16.300800,43.68331590461731,5.687880516052246
1755181096.302473,2025-08-14 16:18:16.302473,43.6833936290741,5.689553737640381
1755181096.3041463,2025-08-14 16:18:16.304146,43.68346920776367,5.691226959228516
1755181096.3057804,2025-08-14 16:18:16.305780,43.683545501708984,5.692861080169678
1755181096.3074114,2025-08-14 16:18:16.307411,43.68362131881714,5.6944921016693115
1755181096.3089933,2025-08-14 16:18:16.308993,43.6836959438324,5.69607400894165
1755181096.310557,2025-08-14 16:18:16.310557,43.68376985359192,5.697637557983398
1755181096.3121018,2025-08-14 16:18:16.312102,43.68384471702576,5.699182510375977
1755181096.3136272,2025-08-14 16:18:16.313627,43.68391862678528,5.700707912445068
1755181096.3151484,2025-08-14 16:18:16.315148,43.68399277496338,5.702229022979736
1755181096.316655,2025-08-14 16:18:16.316655,43.6840724067688,5.703735589981079
1755181096.3181345,2025-08-14 16:18:16.318135,43.68414631652832,5.705215215682983
1755181096.3195975,2025-08-14 16:18:16.319597,43.68421879577637,5.706678152084351
1755181096.3210242,2025-08-14 16:18:16.321024,43.68429175186157,5.708104848861694
1755181096.32244,2025-08-14 16:18:16.322440,43.68436470794678,5.709520578384399
1755181096.323841,2025-08-14 16:18:16.323841,43.6844374256134,5.710921764373779
1755181096.3252168,2025-08-14 16:18:16.325217,43.684518964767456,5.712297439575195
1755181096.3265903,2025-08-14 16:18:16.326590,43.684595973968506,5.713670969009399
1755181096.3279474,2025-08-14 16:18:16.327947,43.68466916847229,5.7150280475616455
1755181096.3292701,2025-08-14 16:18:16.329270,43.684741886138916,5.716350793838501
1755181096.3305728,2025-08-14 16:18:16.330573,43.684813888549805,5.717653512954712
1755181096.331901,2025-08-14 16:18:16.331901,43.684885652542114,5.718981742858887
1755181096.333163,2025-08-14 16:18:16.333163,43.68495860862732,5.720243692398071
1755181096.3344138,2025-08-14 16:18:16.334414,43.68503227996826,5.721494436264038
1755181096.3356497,2025-08-14 16:18:16.335650,43.68510523605347,5.722730398178101
1755181096.3368652,2025-08-14 16:18:16.336865,43.68517819213867,5.72394585609436
1755181096.3380508,2025-08-14 16:18:16.338051,43.68525114822388,5.725131511688232
1755181096.339234,2025-08-14 16:18:16.339234,43.68532458114624,5.7263147830963135
1755181096.3403854,2025-08-14 16:18:16.340385,43.685397775650024,5.727466106414795
1755181096.341546,2025-08-14 16:18:16.341546,43.68547383117676,5.728626728057861
1755181096.3426802,2025-08-14 16:18:16.342680,43.68554702568054,5.7297608852386475
1755181096.343786,2025-08-14 16:18:16.343786,43.685620220184326,5.7308666706085205
1755181096.3448682,2025-08-14 16:18:16.344868,43.68569317626953,5.7319488525390625
1755181096.3459382,2025-08-14 16:18:16.345938,43.68576565551758,5.73301887512207
1755181096.3470066,2025-08-14 16:18:16.347007,43.68583932685852,5.734087228775024
1755181096.348038,2025-08-14 16:18:16.348038,43.685912044525146,5.735118627548218
1755181096.3490617,2025-08-14 16:18:16.349062,43.68598523902893,5.73614239692688
1755181096.3500574,2025-08-14 16:18:16.350057,43.68605891036987,5.737138032913208
1755181096.3510423,2025-08-14 16:18:16.351042,43.686135442733764,5.738122940063477
1755181096.3520117,2025-08-14 16:18:16.352012,43.68621102142334,5.7390923500061035
1755181096.3529544,2025-08-14 16:18:16.352954,43.68628612327576,5.740035057067871
1755181096.3538766,2025-08-14 16:18:16.353877,43.68635907936096,5.740957260131836
1755181096.354795,2025-08-14 16:18:16.354795,43.68643179702759,5.741875648498535
1755181096.3556798,2025-08-14 16:18:16.355680,43.686504037857055,5.742760419845581
1755181096.356551,2025-08-14 16:18:16.356551,43.6865765171051,5.743631601333618
1755181096.3573997,2025-08-14 16:18:16.357400,43.68664923477173,5.74448037147522
1755181096.358216,2025-08-14 16:18:16.358216,43.68672099876404,5.7452967166900635
1755181096.359046,2025-08-14 16:18:16.359046,44.23113668542556,5.746126651763916
1755181096.3597238,2025-08-14 16:18:16.359724,44.23213668542556,5.746804475784302
1755181096.3641891,2025-08-14 16:18:16.364189,44.23214901161194,5.751269817352295
1755181096.365917,2025-08-14 16:18:16.365917,44.23224366378784,5.752997636795044
1755181096.3676322,2025-08-14 16:18:16.367632,44.23232377243042,5.754712820053101
1755181096.3693027,2025-08-14 16:18:16.369303,44.23240078163147,5.756383419036865
1755181096.3709617,2025-08-14 16:18:16.370962,44.23247731399536,5.758042335510254
1755181096.3725693,2025-08-14 16:18:16.372569,44.232553131103515,5.759649991989136
1755181096.3741455,2025-08-14 16:18:16.374146,44.23262680244446,5.761226177215576
1755181096.3757153,2025-08-14 16:18:16.375715,44.2327004737854,5.762795925140381
1755181096.377275,2025-08-14 16:18:16.377275,44.23277486038208,5.764355659484863
1755181096.3788326,2025-08-14 16:18:16.378833,44.23284924697876,5.765913248062134
1755181096.3803566,2025-08-14 16:18:16.380357,44.2329241104126,5.767437219619751
1755181096.3818545,2025-08-14 16:18:16.381855,44.23299802017212,5.768935203552246
1755181096.3833358,2025-08-14 16:18:16.383336,44.233070261001586,5.770416498184204
1755181096.3847969,2025-08-14 16:18:16.384797,44.23314274024963,5.7718775272369385
1755181096.38624,2025-08-14 16:18:16.386240,44.23321450424194,5.77332067489624
1755181096.3876827,2025-08-14 16:18:16.387683,44.23328889083862,5.774763345718384
1755181096.3890908,2025-08-14 16:18:16.389091,44.233362800598144,5.776171445846558
1755181096.3904858,2025-08-14 16:18:16.390486,44.233436471939086,5.777566432952881
1755181096.3918705,2025-08-14 16:18:16.391870,44.23351014328003,5.778951168060303
1755181096.3932223,2025-08-14 16:18:16.393222,44.23369730186462,5.780303001403809
1755181096.394551,2025-08-14 16:18:16.394551,44.23377597999573,5.781631708145142
1755181096.395883,2025-08-14 16:18:16.395883,44.23385132026672,5.782963752746582
1755181096.3971918,2025-08-14 16:18:16.397192,44.23392427635193,5.7842724323272705
1755181096.398463,2025-08-14 16:18:16.398463,44.23399794769287,5.78554368019104
1755181096.3997295,2025-08-14 16:18:16.399729,44.234071380615234,5.7868101596832275
1755181096.4009652,2025-08-14 16:18:16.400965,44.23414576721191,5.788045883178711
1755181096.4021924,2025-08-14 16:18:16.402192,44.234219676971435,5.789273023605347
1755181096.4034023,2025-08-14 16:18:16.403402,44.23429287147522,5.790482997894287
1755181096.4045906,2025-08-14 16:18:16.404591,44.23436630439758,5.791671276092529
1755181096.4057453,2025-08-14 16:18:16.405745,44.23443926048279,5.792825937271118
1755181096.4068968,2025-08-14 16:18:16.406897,44.23451293182373,5.793977499008179
1755181096.4080262,2025-08-14 16:18:16.408026,44.23458684158325,5.795106887817383
1755181096.4091263,2025-08-14 16:18:16.409126,44.23466981124878,5.796206951141357
1755181096.410208,2025-08-14 16:18:16.410208,44.23474419784546,5.797288656234741
1755181096.4112895,2025-08-14 16:18:16.411289,44.234816915512084,5.798370122909546
1755181096.4123378,2025-08-14 16:18:16.412338,44.23489034843445,5.7994184494018555
1755181096.4133928,2025-08-14 16:18:16.413393,44.23496401977539,5.80047345161438
1755181096.414407,2025-08-14 16:18:16.414407,44.235036975860595,5.801487684249878
1755181096.4154153,2025-08-14 16:18:16.415415,44.2351099319458,5.802495956420898
1755181096.4164124,2025-08-14 16:18:16.416412,44.23518241119385,5.803493022918701
1755181096.4173737,2025-08-14 16:18:16.417374,44.23525870513916,5.804454326629639
1755181096.4183104,2025-08-14 16:18:16.418310,44.2353323764801,5.805391073226929
1755181096.41924,2025-08-14 16:18:16.419240,44.23540509414673,5.806320667266846
1755181096.4201374,2025-08-14 16:18:16.420137,44.235477573394775,5.807218074798584
1755181096.4210217,2025-08-14 16:18:16.421022,44.23555052947998,5.808102369308472
1755181096.421895,2025-08-14 16:18:16.421895,44.23562253189087,5.808975696563721
1755181096.4227633,2025-08-14 16:18:16.422763,44.23569548797607,5.809844017028809
1755181096.4235988,2025-08-14 16:18:16.423599,44.2357682056427,5.8106794357299805
1755181096.424403,2025-08-14 16:18:16.424403,44.235841400146484,5.81148362159729
1755181096.425225,2025-08-14 16:18:16.425225,46.003303509839434,5.812305688858032
1755181096.4258866,2025-08-14 16:18:16.425887,46.00430350983943,5.812967300415039
1755181096.4301956,2025-08-14 16:18:16.430196,46.00415068054199,5.817276239395142
1755181096.4318707,2025-08-14 16:18:16.431871,46.00424104118347,5.818951368331909
1755181096.4335203,2025-08-14 16:18:16.433520,46.00432067298889,5.820600986480713
1755181096.435157,2025-08-14 16:18:16.435157,46.004395774841306,5.822237730026245
1755181096.436779,2025-08-14 16:18:16.436779,46.00447993659973,5.823859691619873
1755181096.43836,2025-08-14 16:18:16.438360,46.00455742263794,5.8254406452178955
1755181096.439931,2025-08-14 16:18:16.439931,46.004634670257566,5.827011585235596
1755181096.4414725,2025-08-14 16:18:16.441473,46.00470977210998,5.828553199768066
1755181096.4430034,2025-08-14 16:18:16.443003,46.004783443450926,5.8300840854644775
1755181096.4445164,2025-08-14 16:18:16.444516,46.004858068466184,5.831597089767456
1755181096.4459999,2025-08-14 16:18:16.446000,46.00493269348144,5.833080530166626
1755181096.4474852,2025-08-14 16:18:16.447485,46.00500708007812,5.834565877914429
1755181096.4489427,2025-08-14 16:18:16.448943,46.00508170509338,5.836023330688477
1755181096.4503853,2025-08-14 16:18:16.450385,46.005155376434324,5.83746600151062
1755181096.451807,2025-08-14 16:18:16.451807,46.005229286193845,5.838887691497803
1755181096.4532037,2025-08-14 16:18:16.453204,46.00530271911621,5.84028434753418
1755181096.4545708,2025-08-14 16:18:16.454571,46.00537710571289,5.841651439666748
1755181096.4559438,2025-08-14 16:18:16.455944,46.00545149230957,5.843024492263794
1755181096.4572842,2025-08-14 16:18:16.457284,46.00552444839477,5.844364881515503
1755181096.4585986,2025-08-14 16:18:16.458599,46.005598119735716,5.84567928314209
1755181096.4599087,2025-08-14 16:18:16.459909,46.00567155265808,5.846989393234253
1755181096.461189,2025-08-14 16:18:16.461189,46.00574474716186,5.848269701004028
1755181096.4624548,2025-08-14 16:18:16.462455,46.00581770324707,5.8495354652404785
1755181096.4637036,2025-08-14 16:18:16.463704,46.00588946723938,5.8507843017578125
1755181096.464929,2025-08-14 16:18:16.464929,46.00596242332458,5.8520097732543945
1755181096.4661455,2025-08-14 16:18:16.466146,46.006036094665525,5.853226184844971
1755181096.4673603,2025-08-14 16:18:16.467360,46.00611381912231,5.854440927505493
1755181096.4685323,2025-08-14 16:18:16.468532,46.00618796730041,5.8556129932403564
1755181096.4696882,2025-08-14 16:18:16.469688,46.00626068496704,5.856768846511841
1755181096.4708369,2025-08-14 16:18:16.470837,46.006333402633665,5.857917547225952
1755181096.471956,2025-08-14 16:18:16.471956,46.00640635871887,5.859036684036255
1755181096.4730694,2025-08-14 16:18:16.473069,46.00647740745544,5.860150098800659
1755181096.4741602,2025-08-14 16:18:16.474160,46.00654988670349,5.861240863800049
1755181096.4752336,2025-08-14 16:18:16.475234,46.006622842788694,5.862314224243164
1755181096.476285,2025-08-14 16:18:16.476285,46.00669508361816,5.863365650177002
1755181096.477319,2025-08-14 16:18:16.477319,46.006768278121946,5.864399671554565
1755181096.4783282,2025-08-14 16:18:16.478328,46.00683932685852,5.865408897399902
1755181096.47934,2025-08-14 16:18:16.479340,46.00691061401367,5.866420745849609
1755181096.4803195,2025-08-14 16:18:16.480319,46.006983808517454,5.867400169372559
1755181096.4812803,2025-08-14 16:18:16.481280,46.00705604934692,5.868360996246338
1755181096.4822226,2025-08-14 16:18:16.482223,46.00712900543213,5.869303226470947
1755181096.483152,2025-08-14 16:18:16.483152,46.007201484680174,5.870232582092285
1755181096.4840484,2025-08-14 16:18:16.484048,46.00727372550964,5.871129035949707
1755181096.484933,2025-08-14 16:18:16.484933,46.007347158432005,5.872013568878174
1755181096.485809,2025-08-14 16:18:16.485809,46.00741963768005,5.872889757156372
1755181096.4866793,2025-08-14 16:18:16.486679,46.00749259376526,5.873759984970093
1755181096.4875083,2025-08-14 16:18:16.487508,46.007564357757566,5.874588966369629
1755181096.4883215,2025-08-14 16:18:16.488322,46.00763755226135,5.875402212142944
1755181096.4891112,2025-08-14 16:18:16.489111,46.00770955467224,5.876191854476929
1755181096.489891,2025-08-14 16:18:16.489891,47.112892522156265,5.87697172164917
1755181096.4943864,2025-08-14 16:18:16.494386,47.113144481658935,5.88146710395813
1755181096.4960868,2025-08-14 16:18:16.496087,47.1132326965332,5.883167505264282
1755181096.4977605,2025-08-14 16:18:16.497761,47.11331113624573,5.884841203689575
1755181096.4994159,2025-08-14 16:18:16.499416,47.11338695335388,5.886496543884277
1755181096.5010464,2025-08-14 16:18:16.501046,47.113463247299194,5.888127088546753
1755181096.5026348,2025-08-14 16:18:16.502635,47.11354836273193,5.8897154331207275
1755181096.5041971,2025-08-14 16:18:16.504197,47.11362346458435,5.89127779006958
1755181096.505737,2025-08-14 16:18:16.505737,47.11369856643677,5.892817735671997
1755181096.5072803,2025-08-14 16:18:16.507280,47.11377128410339,5.8943610191345215
1755181096.508806,2025-08-14 16:18:16.508806,47.11384710121155,5.895886659622192
1755181096.510314,2025-08-14 16:18:16.510314,47.11402615356445,5.89739465713501
1755181096.5118065,2025-08-14 16:18:16.511806,47.11411103057861,5.8988871574401855
1755181096.5132694,2025-08-14 16:18:16.513269,47.11418517875671,5.900350093841553
1755181096.514724,2025-08-14 16:18:16.514724,47.114259088516235,5.901804685592651
1755181096.5161765,2025-08-14 16:18:16.516176,47.114333713531494,5.903257131576538
1755181096.5176,2025-08-14 16:18:16.517600,47.114407384872436,5.9046807289123535
1755181096.5189927,2025-08-14 16:18:16.518993,47.114482248306274,5.906073331832886
1755181096.5203478,2025-08-14 16:18:16.520348,47.11455544281006,5.907428503036499
1755181096.5216966,2025-08-14 16:18:16.521697,47.11462935256958,5.908777236938477
1755181096.523029,2025-08-14 16:18:16.523029,47.11470302391052,5.910109758377075
1755181096.5243382,2025-08-14 16:18:16.524338,47.114776218414306,5.911418914794922
1755181096.5256226,2025-08-14 16:18:16.525623,47.11484869766235,5.912703275680542
1755181096.526905,2025-08-14 16:18:16.526905,47.1149211769104,5.913985729217529
1755181096.5281572,2025-08-14 16:18:16.528157,47.114993894577026,5.915237903594971
1755181096.529381,2025-08-14 16:18:16.529381,47.11506756591797,5.916461706161499
1755181096.5305882,2025-08-14 16:18:16.530588,47.11513932991028,5.91766881942749
1755181096.5317855,2025-08-14 16:18:16.531785,47.11521300125122,5.918866157531738
1755181096.5329657,2025-08-14 16:18:16.532966,47.11528428840637,5.920046329498291
1755181096.5341194,2025-08-14 16:18:16.534119,47.11535652923584,5.9212000370025635
1755181096.535251,2025-08-14 16:18:16.535251,47.11543020057678,5.9223315715789795
1755181096.5363724,2025-08-14 16:18:16.536372,47.11550172615051,5.923453092575073
1755181096.5374644,2025-08-14 16:18:16.537464,47.11557444381714,5.924545049667358
1755181096.53853,2025-08-14 16:18:16.538530,47.11564620780945,5.925610780715942
1755181096.539591,2025-08-14 16:18:16.539591,47.11571821022034,5.926671743392944
1755181096.5406215,2025-08-14 16:18:16.540622,47.11579068946838,5.927702188491821
1755181096.5416296,2025-08-14 16:18:16.541630,47.115861976623535,5.928710222244263
1755181096.542642,2025-08-14 16:18:16.542642,47.11593469429016,5.929722785949707
1755181096.5436382,2025-08-14 16:18:16.543638,47.116007650375366,5.930718898773193
1755181096.5446076,2025-08-14 16:18:16.544608,47.11607989120483,5.93168830871582
1755181096.5455618,2025-08-14 16:18:16.545562,47.11615308570862,5.932642459869385
1755181096.5465057,2025-08-14 16:18:16.546506,47.116225326538085,5.933586359024048
1755181096.5474327,2025-08-14 16:18:16.547433,47.11629804420471,5.934513330459595
1755181096.548328,2025-08-14 16:18:16.548328,47.11637028503418,5.935408592224121
1755181096.5491924,2025-08-14 16:18:16.549192,47.11644228744507,5.936273097991943
1755181096.5500352,2025-08-14 16:18:16.550035,47.11651333618164,5.937115907669067
1755181096.5508757,2025-08-14 16:18:16.550876,47.11658510017395,5.9379563331604
1755181096.5516953,2025-08-14 16:18:16.551695,47.11665710258484,5.938776016235352
1755181096.552487,2025-08-14 16:18:16.552487,47.11672838973999,5.939567565917969
1755181096.5532508,2025-08-14 16:18:16.553251,47.1168001537323,5.94033145904541
1755181096.5540113,2025-08-14 16:18:16.554011,47.47439124028461,5.941092014312744
1755181096.5546522,2025-08-14 16:18:16.554652,47.47539124028461,5.941732883453369
1755181096.5589669,2025-08-14 16:18:16.558967,47.475147819519044,5.94604754447937
1755181096.560625,2025-08-14 16:18:16.560625,47.475235319137575,5.9477057456970215
1755181096.5622458,2025-08-14 16:18:16.562246,47.47531423568726,5.949326515197754
1755181096.5638685,2025-08-14 16:18:16.563869,47.47539219856262,5.950949192047119
1755181096.5654418,2025-08-14 16:18:16.565442,47.47546706199646,5.95252251625061
1755181096.5670009,2025-08-14 16:18:16.567001,47.47554430961609,5.9540815353393555
1755181096.5685194,2025-08-14 16:18:16.568519,47.47561917304993,5.955600023269653
1755181096.570034,2025-08-14 16:18:16.570034,47.47569308280945,5.9571146965026855
1755181096.5715432,2025-08-14 16:18:16.571543,47.47576794624329,5.958623886108398
1755181096.5730205,2025-08-14 16:18:16.573020,47.475843286514284,5.960101127624512
1755181096.5744655,2025-08-14 16:18:16.574466,47.47591814994812,5.961546182632446
1755181096.575905,2025-08-14 16:18:16.575905,47.47599205970764,5.9629857540130615
1755181096.5773199,2025-08-14 16:18:16.577320,47.476066207885744,5.96440052986145
1755181096.5787263,2025-08-14 16:18:16.578726,47.47614059448242,5.96580696105957
1755181096.580096,2025-08-14 16:18:16.580096,47.476214265823366,5.967176675796509
1755181096.5814567,2025-08-14 16:18:16.581457,47.47628936767578,5.968537330627441
1755181096.582797,2025-08-14 16:18:16.582797,47.47636613845825,5.96987771987915
1755181096.584102,2025-08-14 16:18:16.584102,47.47644195556641,5.971182584762573
1755181096.5853963,2025-08-14 16:18:16.585396,47.4765184879303,5.972476959228516
1755181096.586681,2025-08-14 16:18:16.586681,47.476593589782716,5.973761558532715
1755181096.5879452,2025-08-14 16:18:16.587945,47.47667536735535,5.97502589225769
1755181096.5891833,2025-08-14 16:18:16.589183,47.476750230789186,5.976263999938965
1755181096.590402,2025-08-14 16:18:16.590402,47.47682414054871,5.977482557296753
1755181096.5916154,2025-08-14 16:18:16.591615,47.47690091133118,5.97869610786438
1755181096.5928078,2025-08-14 16:18:16.592808,47.47697553634644,5.979888439178467
1755181096.5939863,2025-08-14 16:18:16.593986,47.477050161361696,5.981066942214966
1755181096.5951502,2025-08-14 16:18:16.595150,47.477124786376955,5.98223090171814
1755181096.5962903,2025-08-14 16:18:16.596290,47.47719798088074,5.983371019363403
1755181096.597413,2025-08-14 16:18:16.597413,47.47727212905884,5.984493732452393
1755181096.5985081,2025-08-14 16:18:16.598508,47.477350568771364,5.985588788986206
1755181096.5996022,2025-08-14 16:18:16.599602,47.477424478530885,5.986682891845703
1755181096.6006668,2025-08-14 16:18:16.600667,47.47749695777893,5.987747430801392
1755181096.6017077,2025-08-14 16:18:16.601708,47.47756943702698,5.988788366317749
1755181096.6027474,2025-08-14 16:18:16.602747,47.4776433467865,5.989828109741211
1755181096.603748,2025-08-14 16:18:16.603748,47.47771534919739,5.9908287525177
1755181096.6047418,2025-08-14 16:18:16.604742,47.47778759002686,5.9918224811553955
1755181096.6057212,2025-08-14 16:18:16.605721,47.47786054611206,5.992801904678345
1755181096.606695,2025-08-14 16:18:16.606695,47.47793350219727,5.9937756061553955
1755181096.6076334,2025-08-14 16:18:16.607633,47.47800621986389,5.994714021682739
1755181096.6085548,2025-08-14 16:18:16.608555,47.47807822227478,5.995635509490967
1755181096.6094546,2025-08-14 16:18:16.609455,47.47815022468567,5.996535301208496
1755181096.610332,2025-08-14 16:18:16.610332,47.478223657608034,5.99741268157959
1755181096.6112108,2025-08-14 16:18:16.611211,47.47829542160034,5.998291492462158
1755181096.6120644,2025-08-14 16:18:16.612064,47.47836837768555,5.999145030975342
1755181096.612888,2025-08-14 16:18:16.612888,47.47844038009644,5.999968767166138
1755181096.6136968,2025-08-14 16:18:16.613697,47.478512620925905,6.00077748298645
1755181096.6144915,2025-08-14 16:18:16.614491,47.47858605384827,6.001572132110596
1755181096.6152668,2025-08-14 16:18:16.615267,47.478658294677736,6.002347469329834
1755181096.6160097,2025-08-14 16:18:16.616010,47.47874150276184,6.0030903816223145
1755181096.6168857,2025-08-14 16:18:16.616886,48.36010574141968,6.003966331481934
1755181096.6175056,2025-08-14 16:18:16.617506,48.36110574141968,6.004586219787598
1755181096.621878,2025-08-14 16:18:16.621878,48.3611471042633,6.008958578109741
1755181096.6235406,2025-08-14 16:18:16.623541,48.36134499168396,6.0106213092803955
1755181096.625164,2025-08-14 16:18:16.625164,48.36142867660522,6.012244701385498
1755181096.6267698,2025-08-14 16:18:16.626770,48.361504732131955,6.013850450515747
1755181096.6283436,2025-08-14 16:18:16.628344,48.36157959556579,6.0154242515563965
1755181096.6298847,2025-08-14 16:18:16.629885,48.36165445899963,6.016965389251709
1755181096.6314178,2025-08-14 16:18:16.631418,48.36172884559631,6.018498420715332
1755181096.6329083,2025-08-14 16:18:16.632908,48.36180347061157,6.019989013671875
1755181096.6343853,2025-08-14 16:18:16.634385,48.36189836120605,6.021466016769409
1755181096.6358461,2025-08-14 16:18:16.635846,48.361974655151364,6.0229268074035645
1755181096.6372943,2025-08-14 16:18:16.637294,48.36204784965515,6.024374961853027
1755181096.638725,2025-08-14 16:18:16.638725,48.36212080574035,6.025805711746216
1755181096.6401327,2025-08-14 16:18:16.640133,48.36219423866272,6.0272133350372314
1755181096.6415255,2025-08-14 16:18:16.641526,48.36226719474792,6.028606176376343
1755181096.6429045,2025-08-14 16:18:16.642905,48.36234205818176,6.029985189437866
1755181096.6442645,2025-08-14 16:18:16.644264,48.36241644477844,6.0313451290130615
1755181096.6456058,2025-08-14 16:18:16.645606,48.36249011611938,6.032686471939087
1755181096.6469376,2025-08-14 16:18:16.646938,48.36256474113464,6.034018278121948
1755181096.6482396,2025-08-14 16:18:16.648240,48.362638174057004,6.035320281982422
1755181096.6495147,2025-08-14 16:18:16.649515,48.362712322235105,6.036595344543457
1755181096.6507738,2025-08-14 16:18:16.650774,48.36278456306457,6.037854433059692
1755181096.652011,2025-08-14 16:18:16.652011,48.36285632705688,6.03909158706665
1755181096.6532352,2025-08-14 16:18:16.653235,48.362929521560666,6.040315866470337
1755181096.654435,2025-08-14 16:18:16.654435,48.36300223922729,6.041515588760376
1755181096.6556308,2025-08-14 16:18:16.655631,48.36307495689392,6.042711496353149
1755181096.6567862,2025-08-14 16:18:16.656786,48.36314862823486,6.043866872787476
1755181096.6579285,2025-08-14 16:18:16.657928,48.36322110748291,6.045009136199951
1755181096.6590536,2025-08-14 16:18:16.659054,48.36329454040527,6.0461342334747314
1755181096.6601586,2025-08-14 16:18:16.660159,48.36336678123474,6.047239303588867
1755181096.6612518,2025-08-14 16:18:16.661252,48.363439498901364,6.048332452774048
1755181096.6623125,2025-08-14 16:18:16.662313,48.36351245498657,6.049393177032471
1755181096.6633778,2025-08-14 16:18:16.663378,48.3635839805603,6.0504584312438965
1755181096.664408,2025-08-14 16:18:16.664408,48.363656698226926,6.051488637924194
1755181096.6654334,2025-08-14 16:18:16.665433,48.363728223800656,6.05251407623291
1755181096.66644,2025-08-14 16:18:16.666440,48.363800226211545,6.053520679473877
1755181096.6674492,2025-08-14 16:18:16.667449,48.363872228622434,6.054529905319214
1755181096.6684148,2025-08-14 16:18:16.668415,48.363943754196164,6.055495500564575
1755181096.6693645,2025-08-14 16:18:16.669364,48.36401623344421,6.056445121765137
1755181096.6702838,2025-08-14 16:18:16.670284,48.36408799743652,6.057364463806152
1755181096.6711993,2025-08-14 16:18:16.671199,48.364158807754514,6.058279991149902
1755181096.67209,2025-08-14 16:18:16.672090,48.36423152542114,6.059170722961426
1755181096.672973,2025-08-14 16:18:16.672973,48.36430352783203,6.060053586959839
1755181096.6738174,2025-08-14 16:18:16.673817,48.364375768661496,6.060898065567017
1755181096.6746569,2025-08-14 16:18:16.674657,48.36444681739807,6.061737537384033
1755181096.675472,2025-08-14 16:18:16.675472,48.36452263450622,6.0625526905059814
1755181096.6762602,2025-08-14 16:18:16.676260,48.36459416007995,6.063340902328491
1755181096.6770687,2025-08-14 16:18:16.677069,48.36466711616516,6.064149379730225
1755181096.6778216,2025-08-14 16:18:16.677822,48.364739833831784,6.064902305603027
1755181096.6785574,2025-08-14 16:18:16.678557,48.36481255149841,6.065638065338135
1755181096.6793046,2025-08-14 16:18:16.679305,50.50124398646085,6.066385269165039
1755181096.679889,2025-08-14 16:18:16.679889,50.50224398646085,6.066969633102417
1755181096.6841302,2025-08-14 16:18:16.684130,50.502142335891726,6.071210861206055
1755181096.685743,2025-08-14 16:18:16.685743,50.50222864341736,6.072823762893677
1755181096.6873379,2025-08-14 16:18:16.687338,50.502306844711306,6.074418544769287
1755181096.6888926,2025-08-14 16:18:16.688893,50.5023833770752,6.075973272323608
1755181096.6904163,2025-08-14 16:18:16.690416,50.50245943260193,6.0774970054626465
1755181096.6919243,2025-08-14 16:18:16.691924,50.50253596496582,6.079005002975464
1755181096.6934185,2025-08-14 16:18:16.693419,50.5026115436554,6.080499172210693
1755181096.694889,2025-08-14 16:18:16.694889,50.502686407089236,6.081969738006592
1755181096.6963363,2025-08-14 16:18:16.696336,50.5027598400116,6.083416938781738
1755181096.697764,2025-08-14 16:18:16.697764,50.50283470344544,6.084844589233398
1755181096.6991823,2025-08-14 16:18:16.699182,50.50290837478638,6.086262941360474
1755181096.70059,2025-08-14 16:18:16.700590,50.50298252296448,6.087670564651489
1755181096.7019668,2025-08-14 16:18:16.701967,50.503055717468264,6.089047431945801
1755181096.70334,2025-08-14 16:18:16.703340,50.50313701820374,6.090420722961426
1755181096.7046776,2025-08-14 16:18:16.704678,50.50321140480042,6.0917582511901855
1755181096.7059987,2025-08-14 16:18:16.705999,50.50328483772278,6.093079328536987
1755181096.707315,2025-08-14 16:18:16.707315,50.5033587474823,6.094395637512207
1755181096.7087033,2025-08-14 16:18:16.708703,50.50343313407898,6.095783948898315
1755181096.709979,2025-08-14 16:18:16.709979,50.503506567001345,6.097059726715088
1755181096.7112384,2025-08-14 16:18:16.711238,50.503581192016604,6.098319053649902
1755181096.7124631,2025-08-14 16:18:16.712463,50.50365414810181,6.099543809890747
1755181096.7136743,2025-08-14 16:18:16.713674,50.50372638893128,6.100754976272583
1755181096.7148805,2025-08-14 16:18:16.714880,50.5037991065979,6.101961135864258
1755181096.716051,2025-08-14 16:18:16.716051,50.50387158584595,6.1031317710876465
1755181096.7172122,2025-08-14 16:18:16.717212,50.50394573402405,6.104292869567871
1755181096.7183454,2025-08-14 16:18:16.718345,50.504018451690676,6.105426073074341
1755181096.7194693,2025-08-14 16:18:16.719469,50.504090215682986,6.106549978256226
1755181096.7205644,2025-08-14 16:18:16.720564,50.50416388702393,6.107645034790039
1755181096.7216396,2025-08-14 16:18:16.721640,50.504236127853396,6.108720302581787
1755181096.7227094,2025-08-14 16:18:16.722709,50.50430979919434,6.109790086746216
1755181096.7237601,2025-08-14 16:18:16.723760,50.504382516860964,6.110840797424316
1755181096.7247946,2025-08-14 16:18:16.724795,50.504454280853274,6.111875295639038
1755181096.725802,2025-08-14 16:18:16.725802,50.504536535263064,6.112882614135742
1755181096.7268124,2025-08-14 16:18:16.726812,50.50460972976685,6.113893032073975
1755181096.7277827,2025-08-14 16:18:16.727783,50.50468292427063,6.114863395690918
1755181096.7287357,2025-08-14 16:18:16.728736,50.50475564193726,6.115816354751587
1755181096.7296762,2025-08-14 16:18:16.729676,50.50482859802246,6.116756916046143
1755181096.730593,2025-08-14 16:18:16.730593,50.504902269363406,6.117673635482788
1755181096.731506,2025-08-14 16:18:16.731506,50.50497451019287,6.118586778640747
1755181096.7323933,2025-08-14 16:18:16.732393,50.505048181533816,6.119473934173584
1755181096.7332597,2025-08-14 16:18:16.733260,50.505120183944705,6.120340347290039
1755181096.734108,2025-08-14 16:18:16.734108,50.50519361686707,6.121188640594482
1755181096.7349496,2025-08-14 16:18:16.734950,50.505266334533694,6.122030258178711
1755181096.7357717,2025-08-14 16:18:16.735772,50.50533881378174,6.122852325439453
1755181096.736584,2025-08-14 16:18:16.736584,50.505411769866946,6.123664617538452
1755181096.7373648,2025-08-14 16:18:16.737365,50.50548448753357,6.12444543838501
1755181096.738122,2025-08-14 16:18:16.738122,50.50555744361878,6.125202655792236
1755181096.7388835,2025-08-14 16:18:16.738883,50.50563087654114,6.125964164733887
1755181096.739602,2025-08-14 16:18:16.739602,50.50570335578919,6.126682758331299
1755181096.740316,2025-08-14 16:18:16.740316,52.37332942326077,6.127396583557129
1755181096.7408829,2025-08-14 16:18:16.740883,52.37432942326077,6.127963542938232
1755181096.7451136,2025-08-14 16:18:16.745114,52.37414591217041,6.13219428062439
1755181096.746737,2025-08-14 16:18:16.746737,52.37423221969605,6.133817672729492
1755181096.7483165,2025-08-14 16:18:16.748317,52.3743092288971,6.13539719581604
1755181096.7498724,2025-08-14 16:18:16.749872,52.37438599967957,6.136953115463257
1755181096.7514162,2025-08-14 16:18:16.751416,52.374460863113406,6.1384968757629395
1755181096.7529163,2025-08-14 16:18:16.752916,52.374538110733035,6.1399970054626465
1755181096.7543867,2025-08-14 16:18:16.754387,52.374612020492556,6.141467332839966
1755181096.75585,2025-08-14 16:18:16.755850,52.37468616867066,6.142930746078491
1755181096.7573004,2025-08-14 16:18:16.757300,52.37476031684876,6.144381046295166
1755181096.758729,2025-08-14 16:18:16.758729,52.37483470344544,6.145809650421143
1755181096.7601337,2025-08-14 16:18:16.760134,52.37490861320496,6.147214412689209
1755181096.7615275,2025-08-14 16:18:16.761528,52.37498204612732,6.148608207702637
1755181096.7629068,2025-08-14 16:18:16.762907,52.375055717468264,6.149987459182739
1755181096.76425,2025-08-14 16:18:16.764250,52.3751305809021,6.1513307094573975
1755181096.7655704,2025-08-14 16:18:16.765570,52.37520329856873,6.152651071548462
1755181096.7668898,2025-08-14 16:18:16.766890,52.37527649307251,6.15397047996521
1755181096.7681718,2025-08-14 16:18:16.768172,52.37534944915772,6.155252456665039
1755181096.769445,2025-08-14 16:18:16.769445,52.37542288208008,6.156525611877441
1755181096.770699,2025-08-14 16:18:16.770699,52.37550585174561,6.157779693603516
1755181096.7719376,2025-08-14 16:18:16.771938,52.37557904624939,6.159018278121948
1755181096.773154,2025-08-14 16:18:16.773154,52.375652479171755,6.160234689712524
1755181096.7743526,2025-08-14 16:18:16.774353,52.375726627349856,6.161433219909668
1755181096.7755406,2025-08-14 16:18:16.775541,52.3757991065979,6.162621259689331
1755181096.7767065,2025-08-14 16:18:16.776706,52.375872777938845,6.163787126541138
1755181096.7778533,2025-08-14 16:18:16.777853,52.37594525718689,6.164933919906616
1755181096.7789848,2025-08-14 16:18:16.778985,52.37601916694641,6.166065454483032
1755181096.7800887,2025-08-14 16:18:16.780089,52.37609212303162,6.1671693325042725
1755181096.7811773,2025-08-14 16:18:16.781177,52.3761653175354,6.16825795173645
1755181096.7822433,2025-08-14 16:18:16.782243,52.37623851203919,6.169323921203613
1755181096.7833107,2025-08-14 16:18:16.783311,52.376310752868655,6.170391321182251
1755181096.7843463,2025-08-14 16:18:16.784346,52.376382278442385,6.171427011489868
1755181096.7853937,2025-08-14 16:18:16.785394,52.37645571136475,6.172474384307861
1755181096.7864263,2025-08-14 16:18:16.786426,52.37652866744995,6.17350697517395
1755181096.7874298,2025-08-14 16:18:16.787430,52.376602815628054,6.174510478973389
1755181096.7883923,2025-08-14 16:18:16.788392,52.37667767906189,6.175472974777222
1755181096.7893438,2025-08-14 16:18:16.789344,52.37675182723999,6.176424503326416
1755181096.7902775,2025-08-14 16:18:16.790277,52.37682621383667,6.177358150482178
1755181096.7912025,2025-08-14 16:18:16.791203,52.376899646759036,6.178283214569092
1755181096.7920902,2025-08-14 16:18:16.792090,52.376973794937136,6.179170846939087
1755181096.792966,2025-08-14 16:18:16.792966,52.37704675102234,6.180046558380127
1755181096.7938135,2025-08-14 16:18:16.793813,52.377125667572024,6.180894136428833
1755181096.794657,2025-08-14 16:18:16.794657,52.37720100784302,6.181737661361694
1755181096.795482,2025-08-14 16:18:16.795482,52.377274202346804,6.182562589645386
1755181096.7962937,2025-08-14 16:18:16.796294,52.37734715843201,6.183374404907227
1755181096.7971144,2025-08-14 16:18:16.797114,52.377419637680056,6.184195041656494
1755181096.7978864,2025-08-14 16:18:16.797886,52.377491640090945,6.184967041015625
1755181096.7986546,2025-08-14 16:18:16.798655,52.37756435775757,6.18573522567749
1755181096.7993848,2025-08-14 16:18:16.799385,52.3776370754242,6.186465501785278
1755181096.8000872,2025-08-14 16:18:16.800087,52.37770955467224,6.1871678829193115
1755181096.8008573,2025-08-14 16:18:16.800857,53.07710047902476,6.18793797492981
1755181096.801419,2025-08-14 16:18:16.801419,53.078100479024755,6.188499689102173
1755181096.8057547,2025-08-14 16:18:16.805755,53.078145196914676,6.192835330963135
1755181096.807351,2025-08-14 16:18:16.807351,53.078230550765994,6.194431781768799
1755181096.8089266,2025-08-14 16:18:16.808927,53.07831042098999,6.196007251739502
1755181096.8104653,2025-08-14 16:18:16.810465,53.07838647651673,6.197546005249023
1755181096.81198,2025-08-14 16:18:16.811980,53.07846253204346,6.199060678482056
1755181096.8134582,2025-08-14 16:18:16.813458,53.0785373954773,6.200538873672485
1755181096.8149185,2025-08-14 16:18:16.814919,53.07861297416687,6.201999187469482
1755181096.8163607,2025-08-14 16:18:16.816361,53.07868855285645,6.203441381454468
1755181096.817781,2025-08-14 16:18:16.817781,53.07876317787171,6.204861640930176
1755181096.8191917,2025-08-14 16:18:16.819192,53.07883923339844,6.20627236366272
1755181096.8205838,2025-08-14 16:18:16.820584,53.07891290473938,6.207664489746094
1755181096.8219652,2025-08-14 16:18:16.821965,53.07899849700928,6.209045886993408
1755181096.823329,2025-08-14 16:18:16.823329,53.0790735988617,6.210409641265869
1755181096.8246553,2025-08-14 16:18:16.824655,53.07914750862122,6.211735963821411
1755181096.825964,2025-08-14 16:18:16.825964,53.07922141838074,6.2130446434021
1755181096.827271,2025-08-14 16:18:16.827271,53.07929628181458,6.214351654052734
1755181096.8285475,2025-08-14 16:18:16.828547,53.079371145248416,6.215628147125244
1755181096.8298042,2025-08-14 16:18:16.829804,53.07944696235657,6.2168848514556885
1755181096.8310559,2025-08-14 16:18:16.831056,53.07952111053467,6.218136548995972
1755181096.8322823,2025-08-14 16:18:16.832282,53.07959549713135,6.21936297416687
1755181096.8335214,2025-08-14 16:18:16.833521,53.079668453216556,6.220602035522461
1755181096.8347254,2025-08-14 16:18:16.834725,53.07974140930176,6.221806049346924
1755181096.8359237,2025-08-14 16:18:16.835924,53.079814603805545,6.223004341125488
1755181096.8371081,2025-08-14 16:18:16.837108,53.07988827514649,6.224188804626465
1755181096.8382485,2025-08-14 16:18:16.838248,53.07996170806885,6.225329160690308
1755181096.8393698,2025-08-14 16:18:16.839370,53.08003537940979,6.226450443267822
1755181096.8404682,2025-08-14 16:18:16.840468,53.08010857391358,6.227548837661743
1755181096.8415427,2025-08-14 16:18:16.841543,53.0801824836731,6.228623390197754
1755181096.8425934,2025-08-14 16:18:16.842593,53.080254962921146,6.2296741008758545
1755181096.8436468,2025-08-14 16:18:16.843647,53.08032791900635,6.230727434158325
1755181096.8446648,2025-08-14 16:18:16.844665,53.08040063667298,6.231745481491089
1755181096.8456743,2025-08-14 16:18:16.845674,53.080472877502444,6.232754945755005
1755181096.8467321,2025-08-14 16:18:16.846732,53.08054654884339,6.2338128089904785
1755181096.8477113,2025-08-14 16:18:16.847711,53.080624273300174,6.234791994094849
1755181096.8486493,2025-08-14 16:18:16.848649,53.0806969909668,6.235729932785034
1755181096.849577,2025-08-14 16:18:16.849577,53.08077042388916,6.236657619476318
1755181096.8504853,2025-08-14 16:18:16.850485,53.080942085266116,6.237565994262695
1755181096.851393,2025-08-14 16:18:16.851393,53.081022193908694,6.238473653793335
1755181096.8522694,2025-08-14 16:18:16.852269,53.08109801101685,6.239350080490112
1755181096.8531282,2025-08-14 16:18:16.853128,53.08117215919495,6.240208864212036
1755181096.8539627,2025-08-14 16:18:16.853963,53.08124559211731,6.241043329238892
1755181096.8547971,2025-08-14 16:18:16.854797,53.081319025039676,6.241877794265747
1755181096.8556056,2025-08-14 16:18:16.855606,53.08139269638062,6.2426862716674805
1755181096.8564734,2025-08-14 16:18:16.856473,53.08146660614014,6.24355411529541
1755181096.857261,2025-08-14 16:18:16.857261,53.081539800643924,6.244341611862183
1755181096.8580148,2025-08-14 16:18:16.858015,53.08161323356629,6.245095491409302
1755181096.8587759,2025-08-14 16:18:16.858776,53.08168618965149,6.245856523513794
1755181096.8594947,2025-08-14 16:18:16.859495,53.08175890731812,6.246575355529785
1755181096.860177,2025-08-14 16:18:16.860177,53.0818321018219,6.247257709503174
1755181096.860859,2025-08-14 16:18:16.860859,53.966268037400575,6.247939586639404
1755181096.8613973,2025-08-14 16:18:16.861397,53.96726803740057,6.248477935791016
1755181096.8656483,2025-08-14 16:18:16.865648,53.967141859054564,6.2527289390563965
1755181096.8673136,2025-08-14 16:18:16.867314,53.96723031234741,6.254394292831421
1755181096.8688765,2025-08-14 16:18:16.868876,53.967308513641356,6.255957126617432
1755181096.8703957,2025-08-14 16:18:16.870396,53.96738504600525,6.257476329803467
1755181096.871908,2025-08-14 16:18:16.871908,53.967460386276244,6.258988618850708
1755181096.8733783,2025-08-14 16:18:16.873378,53.96753596496582,6.260458946228027
1755181096.874879,2025-08-14 16:18:16.874879,53.96761058998108,6.261959552764893
1755181096.876418,2025-08-14 16:18:16.876418,53.96768402290344,6.263498783111572
1755181096.8778446,2025-08-14 16:18:16.877845,53.96775840950012,6.264925241470337
1755181096.8792517,2025-08-14 16:18:16.879252,53.967831842422484,6.266332387924194
1755181096.8806822,2025-08-14 16:18:16.880682,53.96790551376343,6.267762899398804
1755181096.882175,2025-08-14 16:18:16.882175,53.967990629196166,6.269255638122559
1755181096.8835642,2025-08-14 16:18:16.883564,53.968064777374266,6.270644903182983
1755181096.8848758,2025-08-14 16:18:16.884876,53.968139640808104,6.271956443786621
1755181096.8861794,2025-08-14 16:18:16.886179,53.968211404800414,6.273260116577148
1755181096.8875308,2025-08-14 16:18:16.887531,53.96828483772278,6.274611473083496
1755181096.8887951,2025-08-14 16:18:16.888795,53.96835922431946,6.275875806808472
1755181096.8900685,2025-08-14 16:18:16.890069,53.96843218040466,6.277149200439453
1755181096.8913546,2025-08-14 16:18:16.891355,53.96850609016418,6.278435230255127
1755181096.892559,2025-08-14 16:18:16.892559,53.96858071517944,6.279639720916748
1755181096.8938298,2025-08-14 16:18:16.893830,53.968654386520384,6.280910491943359
1755181096.8950267,2025-08-14 16:18:16.895027,53.96872805786133,6.282107353210449
1755181096.8961763,2025-08-14 16:18:16.896176,53.96880101394653,6.283257007598877
1755181096.8974948,2025-08-14 16:18:16.897495,53.968873254776,6.284575462341309
1755181096.8986766,2025-08-14 16:18:16.898677,53.96894573402405,6.285757303237915
1755181096.899813,2025-08-14 16:18:16.899813,53.96901821327209,6.286893606185913
1755181096.9009283,2025-08-14 16:18:16.900928,53.96909140777588,6.28800892829895
1755181096.901986,2025-08-14 16:18:16.901986,53.96916436386108,6.289066553115845
1755181096.903049,2025-08-14 16:18:16.903049,53.96923708152771,6.290129661560059
1755181096.90449,2025-08-14 16:18:16.904490,53.96931051445007,6.291570663452148
1755181096.9055326,2025-08-14 16:18:16.905533,53.96938299369812,6.29261326789856
1755181096.9065857,2025-08-14 16:18:16.906586,53.9694561882019,6.293666362762451
1755181096.907593,2025-08-14 16:18:16.907593,53.96952866744995,6.294673681259155
1755181096.908567,2025-08-14 16:18:16.908567,53.96960734558105,6.295647621154785
1755181096.9095154,2025-08-14 16:18:16.909515,53.96968054008484,6.296596050262451
1755181096.9104285,2025-08-14 16:18:16.910429,53.969752542495726,6.29750919342041
1755181096.9113424,2025-08-14 16:18:16.911342,53.96982526016235,6.2984230518341064
1755181096.9122422,2025-08-14 16:18:16.912242,53.96989797782898,6.299322843551636
1755181096.9131384,2025-08-14 16:18:16.913138,53.96996998023987,6.3002190589904785
1755181096.9139829,2025-08-14 16:18:16.913983,53.970042459487914,6.301063537597656
1755181096.914818,2025-08-14 16:18:16.914818,53.97011493873596,6.301898717880249
1755181096.9156306,2025-08-14 16:18:16.915631,53.970188133239745,6.302711248397827
1755181096.9164555,2025-08-14 16:18:16.916456,53.97026132774353,6.3035361766815186
1755181096.917272,2025-08-14 16:18:16.917272,53.970333806991576,6.304352760314941
1755181096.918025,2025-08-14 16:18:16.918025,53.970406047821044,6.305105686187744
1755181096.9187849,2025-08-14 16:18:16.918785,53.97047828865051,6.305865526199341
1755181096.9195027,2025-08-14 16:18:16.919503,53.97059487533569,6.306583404541016
1755181096.920192,2025-08-14 16:18:16.920192,53.97067498397827,6.307272672653198
1755181096.9208963,2025-08-14 16:18:16.920896,53.97074865531921,6.307976961135864
1755181096.9215753,2025-08-14 16:18:16.921575,54.00140396800649,6.3086559772491455
1755181096.9221418,2025-08-14 16:18:16.922142,54.00240396800649,6.309222459793091
1755181096.9265974,2025-08-14 16:18:16.926597,54.002150442123416,6.313678026199341
1755181096.928192,2025-08-14 16:18:16.928192,54.00226035308838,6.315272569656372
1755181096.9297445,2025-08-14 16:18:16.929744,54.00234022331238,6.3168251514434814
1755181096.9314957,2025-08-14 16:18:16.931496,54.002416040420535,6.318576335906982
1755181096.9330103,2025-08-14 16:18:16.933010,54.00249090385437,6.320091009140015
1755181096.9344687,2025-08-14 16:18:16.934469,54.00256886672974,6.321549415588379
1755181096.9358995,2025-08-14 16:18:16.935899,54.00264301490784,6.322980165481567
1755181096.937353,2025-08-14 16:18:16.937353,54.00271740150452,6.3244335651397705
1755181096.9387524,2025-08-14 16:18:16.938752,54.00279107284546,6.325833082199097
1755181096.9401248,2025-08-14 16:18:16.940125,54.00289192390442,6.327205419540405
1755181096.9415424,2025-08-14 16:18:16.941542,54.002968217849734,6.328623056411743
1755181096.9429276,2025-08-14 16:18:16.942928,54.00304284286499,6.330008268356323
1755181096.9442756,2025-08-14 16:18:16.944276,54.003116514205935,6.3313562870025635
1755181096.9455783,2025-08-14 16:18:16.945578,54.00318970870972,6.332659006118774
1755181096.946913,2025-08-14 16:18:16.946913,54.003262426376345,6.333993673324585
1755181096.9482014,2025-08-14 16:18:16.948201,54.00333585929871,6.33528208732605
1755181096.9494467,2025-08-14 16:18:16.949447,54.00340905380249,6.336527347564697
1755181096.950674,2025-08-14 16:18:16.950674,54.003482486724856,6.337754726409912
1755181096.9519055,2025-08-14 16:18:16.951905,54.00355568122864,6.338986158370972
1755181096.9530928,2025-08-14 16:18:16.953093,54.003629114151,6.3401734828948975
1755181096.9542625,2025-08-14 16:18:16.954262,54.00370254707337,6.34134316444397
1755181096.9554393,2025-08-14 16:18:16.955439,54.003774787902834,6.342519998550415
1755181096.9566138,2025-08-14 16:18:16.956614,54.00385298919678,6.343694448471069
1755181096.9577415,2025-08-14 16:18:16.957741,54.00392666053772,6.34482216835022
1755181096.9588468,2025-08-14 16:18:16.958847,54.00399913978577,6.345927476882935
1755181096.9599879,2025-08-14 16:18:16.959988,54.00407257270813,6.347068548202515
1755181096.9610991,2025-08-14 16:18:16.961099,54.0041448135376,6.348179817199707
1755181096.962171,2025-08-14 16:18:16.962171,54.004217769622805,6.349251747131348
1755181096.9632149,2025-08-14 16:18:16.963215,54.0043844242096,6.350295543670654
1755181096.964231,2025-08-14 16:18:16.964231,54.004462148666384,6.351311683654785
1755181096.9652176,2025-08-14 16:18:16.965218,54.004552509307864,6.352298259735107
1755181096.9661868,2025-08-14 16:18:16.966187,54.00464930725098,6.353267431259155
1755181096.9672005,2025-08-14 16:18:16.967201,54.00472393226624,6.354281187057495
1755181096.9681365,2025-08-14 16:18:16.968137,54.004820253372195,6.355217218399048
1755181096.9690506,2025-08-14 16:18:16.969051,54.00489559364319,6.356131315231323
1755181096.9699605,2025-08-14 16:18:16.969960,54.00496998023987,6.357041120529175
1755181096.9708586,2025-08-14 16:18:16.970859,54.00504436683655,6.35793924331665
1755181096.9717255,2025-08-14 16:18:16.971725,54.005117084503176,6.358806133270264
1755181096.9725738,2025-08-14 16:18:16.972574,54.00519004058838,6.359654426574707
1755181096.9733932,2025-08-14 16:18:16.973393,54.0052639503479,6.360473871231079
1755181096.9742014,2025-08-14 16:18:16.974201,54.00533666801453,6.361282110214233
1755181096.9749959,2025-08-14 16:18:16.974996,54.00541033935547,6.3620765209198
1755181096.975767,2025-08-14 16:18:16.975767,54.005483533859255,6.362847566604614
1755181096.9765158,2025-08-14 16:18:16.976516,54.005557682037356,6.363596439361572
1755181096.977242,2025-08-14 16:18:16.977242,54.0056301612854,6.364322662353516
1755181096.977949,2025-08-14 16:18:16.977949,54.00570240211487,6.365029573440552
1755181096.9786696,2025-08-14 16:18:16.978670,54.005775835037234,6.365750312805176
1755181096.9793456,2025-08-14 16:18:16.979346,54.0058492679596,6.366426229476929
1755181096.98,2025-08-14 16:18:16.980000,54.00593652915955,6.3670806884765625
1755181096.98065,2025-08-14 16:18:16.980650,54.27945255655232,6.367730617523193
1755181096.9811575,2025-08-14 16:18:16.981158,54.28045255655232,6.368238210678101
1755181096.985347,2025-08-14 16:18:16.985347,54.280139951705934,6.372427701950073
1755181096.986917,2025-08-14 16:18:16.986917,54.280227212905885,6.373997688293457
1755181096.9884644,2025-08-14 16:18:16.988464,54.28030779838562,6.375545024871826
1755181096.9899588,2025-08-14 16:18:16.989959,54.2803833770752,6.377039432525635
1755181096.9914553,2025-08-14 16:18:16.991455,54.28045895576477,6.378535985946655
1755181096.9928901,2025-08-14 16:18:16.992890,54.280535249710084,6.3799707889556885
1755181096.9943068,2025-08-14 16:18:16.994307,54.28061058998108,6.38138747215271
1755181096.9957345,2025-08-14 16:18:16.995734,54.280686168670655,6.38281512260437
1755181096.997118,2025-08-14 16:18:16.997118,54.2807598400116,6.3841986656188965
1755181096.9984806,2025-08-14 16:18:16.998481,54.28083565711975,6.385561227798462
1755181096.9998345,2025-08-14 16:18:16.999835,54.280909566879274,6.38691520690918
1755181097.0011568,2025-08-14 16:18:17.001157,54.280983476638795,6.388237476348877
1755181097.0024693,2025-08-14 16:18:17.002469,54.281057863235475,6.389549970626831
1755181097.003835,2025-08-14 16:18:17.003835,54.281132249832154,6.390915632247925
1755181097.0051105,2025-08-14 16:18:17.005111,54.281216650009156,6.392191171646118
1755181097.0063918,2025-08-14 16:18:17.006392,54.281291036605836,6.39347243309021
1755181097.0076385,2025-08-14 16:18:17.007638,54.28136423110962,6.394719123840332
1755181097.008856,2025-08-14 16:18:17.008856,54.2814386177063,6.395936727523804
1755181097.0100408,2025-08-14 16:18:17.010041,54.2815127658844,6.397121429443359
1755181097.0112367,2025-08-14 16:18:17.011237,54.28158715248108,6.398317337036133
1755181097.012424,2025-08-14 16:18:17.012424,54.28166201591492,6.399504661560059
1755181097.0135624,2025-08-14 16:18:17.013562,54.28173544883728,6.4006431102752686
1755181097.0147128,2025-08-14 16:18:17.014713,54.281809120178224,6.401793479919434
1755181097.0158193,2025-08-14 16:18:17.015819,54.281883029937745,6.402899980545044
1755181097.0169306,2025-08-14 16:18:17.016931,54.28195622444153,6.404011249542236
1755181097.0180044,2025-08-14 16:18:17.018004,54.282028703689576,6.40508508682251
1755181097.019057,2025-08-14 16:18:17.019057,54.282100944519044,6.406137704849243
1755181097.0200868,2025-08-14 16:18:17.020087,54.28217461585999,6.407167434692383
1755181097.0211072,2025-08-14 16:18:17.021107,54.28224709510803,6.4081878662109375
1755181097.0220993,2025-08-14 16:18:17.022099,54.2823205280304,6.409179925918579
1755181097.0230777,2025-08-14 16:18:17.023078,54.282392530441285,6.410158395767212
1755181097.0240395,2025-08-14 16:18:17.024040,54.28246596336365,6.411120176315308
1755181097.0249782,2025-08-14 16:18:17.024978,54.282541303634645,6.4120588302612305
1755181097.0258913,2025-08-14 16:18:17.025891,54.28261497497559,6.4129719734191895
1755181097.0268378,2025-08-14 16:18:17.026838,54.28268912315369,6.413918495178223
1755181097.0277338,2025-08-14 16:18:17.027734,54.28276231765747,6.414814472198486
1755181097.0285969,2025-08-14 16:18:17.028597,54.28284028053284,6.415677547454834
1755181097.0294452,2025-08-14 16:18:17.029445,54.2829149055481,6.416525840759277
1755181097.0302734,2025-08-14 16:18:17.030273,54.28298857688904,6.417354106903076
1755181097.0310907,2025-08-14 16:18:17.031091,54.2830620098114,6.418171405792236
1755181097.0318747,2025-08-14 16:18:17.031875,54.283135919570924,6.418955326080322
1755181097.032644,2025-08-14 16:18:17.032644,54.28320911407471,6.419724702835083
1755181097.0333955,2025-08-14 16:18:17.033396,54.28328207015991,6.420476198196411
1755181097.03412,2025-08-14 16:18:17.034120,54.28335478782654,6.421200752258301
1755181097.0348399,2025-08-14 16:18:17.034840,54.283427505493165,6.421920537948608
1755181097.035541,2025-08-14 16:18:17.035541,54.283502130508424,6.422621726989746
1755181097.036214,2025-08-14 16:18:17.036214,54.28357508659363,6.42329478263855
1755181097.0368693,2025-08-14 16:18:17.036869,54.28364875793457,6.423949956893921
1755181097.037493,2025-08-14 16:18:17.037493,54.28372171401978,6.424573659896851
1755181097.0381181,2025-08-14 16:18:17.038118,55.87599520916326,6.425198793411255
1755181097.04252,2025-08-14 16:18:17.042520,55.876151872634885,6.429600715637207
1755181097.0440552,2025-08-14 16:18:17.044055,55.87624104118347,6.431135892868042
1755181097.0455616,2025-08-14 16:18:17.045562,55.87633068656921,6.432642221450806
1755181097.0470686,2025-08-14 16:18:17.047069,55.876406742095945,6.434149265289307
1755181097.0485325,2025-08-14 16:18:17.048532,55.87648279762268,6.43561315536499
1755181097.04994,2025-08-14 16:18:17.049940,55.87655885314941,6.437020778656006
1755181097.0513515,2025-08-14 16:18:17.051352,55.876634670257566,6.438432216644287
1755181097.0527208,2025-08-14 16:18:17.052721,55.876709056854246,6.439801454544067
1755181097.0540726,2025-08-14 16:18:17.054073,55.87678415870666,6.441153287887573
1755181097.0554178,2025-08-14 16:18:17.055418,55.8768590221405,6.442498445510864
1755181097.0567443,2025-08-14 16:18:17.056744,55.87693340873718,6.443825006484985
1755181097.058038,2025-08-14 16:18:17.058038,55.877006841659544,6.44511866569519
1755181097.059345,2025-08-14 16:18:17.059345,55.877080513000486,6.446425676345825
1755181097.0606844,2025-08-14 16:18:17.060684,55.8771556148529,6.447765111923218
1755181097.0619323,2025-08-14 16:18:17.061932,55.87722833251953,6.449012994766235
1755181097.063187,2025-08-14 16:18:17.063187,55.877300811767576,6.450267553329468
1755181097.0643985,2025-08-14 16:18:17.064399,55.87737400627136,6.451479196548462
1755181097.065618,2025-08-14 16:18:17.065618,55.8774476776123,6.452698707580566
1755181097.0668287,2025-08-14 16:18:17.066829,55.877521348953245,6.453909397125244
1755181097.0679963,2025-08-14 16:18:17.067996,55.87759502029419,6.4550769329071045
1755181097.0691297,2025-08-14 16:18:17.069130,55.877669645309446,6.456210374832153
1755181097.0702405,2025-08-14 16:18:17.070240,55.87785465812683,6.4573211669921875
1755181097.0713933,2025-08-14 16:18:17.071393,55.877932621002195,6.4584739208221436
1755181097.0724826,2025-08-14 16:18:17.072483,55.87800915336609,6.459563255310059
1755181097.0735314,2025-08-14 16:18:17.073531,55.8780842552185,6.460612058639526
1755181097.074579,2025-08-14 16:18:17.074579,55.878158164978025,6.461659669876099
1755181097.0756114,2025-08-14 16:18:17.075611,55.87823207473755,6.462692022323608
1755181097.0766623,2025-08-14 16:18:17.076662,55.87830503082275,6.463742971420288
1755181097.077653,2025-08-14 16:18:17.077653,55.878378702163694,6.464733600616455
1755181097.0786278,2025-08-14 16:18:17.078628,55.87845141983032,6.465708494186401
1755181097.0795722,2025-08-14 16:18:17.079572,55.87852389907837,6.466652870178223
1755181097.08051,2025-08-14 16:18:17.080510,55.87859661674499,6.467590570449829
1755181097.0814683,2025-08-14 16:18:17.081468,55.87866933441162,6.468549013137817
1755181097.0823655,2025-08-14 16:18:17.082366,55.87874300575256,6.469446182250977
1755181097.083258,2025-08-14 16:18:17.083258,55.878816438674924,6.470338582992554
1755181097.0841136,2025-08-14 16:18:17.084114,55.878895832061765,6.471194267272949
1755181097.084973,2025-08-14 16:18:17.084973,55.87897093391418,6.47205376625061
1755181097.0857964,2025-08-14 16:18:17.085796,55.87904365158081,6.472877025604248
1755181097.0866644,2025-08-14 16:18:17.086664,55.87911684608459,6.473745107650757
1755181097.0874565,2025-08-14 16:18:17.087456,55.879190279006956,6.474537134170532
1755181097.0882163,2025-08-14 16:18:17.088216,55.879262281417844,6.475296974182129
1755181097.088957,2025-08-14 16:18:17.088957,55.87933595275879,6.4760377407073975
1755181097.0896842,2025-08-14 16:18:17.089684,55.87940914726257,6.476764917373657
1755181097.0903919,2025-08-14 16:18:17.090392,55.879487825393674,6.477472543716431
1755181097.0911086,2025-08-14 16:18:17.091109,55.87956078147888,6.47818922996521
1755181097.091806,2025-08-14 16:18:17.091806,55.87963421440124,6.478886604309082
1755181097.0924656,2025-08-14 16:18:17.092466,55.87970860099792,6.479546308517456
1755181097.0930984,2025-08-14 16:18:17.093098,55.87978108024597,6.480179071426392
1755181097.093709,2025-08-14 16:18:17.093709,55.87985332107544,6.480789661407471
1755181097.0943224,2025-08-14 16:18:17.094322,56.41096667716351,6.481403112411499
1755181097.0986993,2025-08-14 16:18:17.098699,56.4111494884491,6.4857800006866455
1755181097.10022,2025-08-14 16:18:17.100220,56.411237703323366,6.487300634384155
1755181097.1017468,2025-08-14 16:18:17.101747,56.411317335128786,6.488827466964722
1755181097.103235,2025-08-14 16:18:17.103235,56.41139482116699,6.490315675735474
1755181097.1046996,2025-08-14 16:18:17.104700,56.41146992301941,6.4917802810668945
1755181097.106134,2025-08-14 16:18:17.106134,56.41154693222046,6.4932146072387695
1755181097.107597,2025-08-14 16:18:17.107597,56.411622272491456,6.494677782058716
1755181097.1090133,2025-08-14 16:18:17.109013,56.41170309638977,6.496093988418579
1755181097.1105626,2025-08-14 16:18:17.110563,56.41177772140503,6.497643232345581
1755181097.1124654,2025-08-14 16:18:17.112465,56.41185258483887,6.499546051025391
1755181097.1138813,2025-08-14 16:18:17.113881,56.41192840194702,6.500962018966675
1755181097.11532,2025-08-14 16:18:17.115320,56.41200374221802,6.502400636672974
1755181097.1167858,2025-08-14 16:18:17.116786,56.412079320907594,6.50386643409729
1755181097.1181824,2025-08-14 16:18:17.118182,56.41215442276001,6.505263090133667
1755181097.1194687,2025-08-14 16:18:17.119469,56.41222809410095,6.50654935836792
1755181097.1207252,2025-08-14 16:18:17.120725,56.41230319595337,6.507805824279785
1755181097.1220431,2025-08-14 16:18:17.122043,56.41237758255005,6.509123802185059
1755181097.123355,2025-08-14 16:18:17.123355,56.41245244598389,6.510435581207275
1755181097.1246192,2025-08-14 16:18:17.124619,56.41252587890625,6.511699914932251
1755181097.125959,2025-08-14 16:18:17.125959,56.41260598754883,6.513039588928223
1755181097.1271768,2025-08-14 16:18:17.127177,56.41271232223511,6.514257431030273
1755181097.1283338,2025-08-14 16:18:17.128334,56.41280721282959,6.515414476394653
1755181097.129565,2025-08-14 16:18:17.129565,56.41290329551697,6.516645669937134
1755181097.1307461,2025-08-14 16:18:17.130746,56.412991748809816,6.517826795578003
1755181097.1318498,2025-08-14 16:18:17.131850,56.413066612243654,6.518930435180664
1755181097.132965,2025-08-14 16:18:17.132965,56.4131436214447,6.520045757293701
1755181097.13417,2025-08-14 16:18:17.134170,56.413217292785646,6.5212507247924805
1755181097.1352484,2025-08-14 16:18:17.135248,56.41329239463806,6.522329092025757
1755181097.1363711,2025-08-14 16:18:17.136371,56.413366304397584,6.523451805114746
1755181097.1379752,2025-08-14 16:18:17.137975,56.413440690994264,6.525055885314941
1755181097.1396816,2025-08-14 16:18:17.139682,56.413514362335206,6.526762247085571
1755181097.1409228,2025-08-14 16:18:17.140923,56.41358755683899,6.528003454208374
1755181097.1419792,2025-08-14 16:18:17.141979,56.41366146659851,6.529059886932373
1755181097.1429796,2025-08-14 16:18:17.142980,56.413735376358034,6.530060291290283
1755181097.1438587,2025-08-14 16:18:17.143859,56.413809286117555,6.530939340591431
1755181097.1447215,2025-08-14 16:18:17.144722,56.4138829574585,6.531802177429199
1755181097.145623,2025-08-14 16:18:17.145623,56.413955436706544,6.532703638076782
1755181097.1465998,2025-08-14 16:18:17.146600,56.41402839279175,6.533680438995361
1755181097.147458,2025-08-14 16:18:17.147458,56.414101348876954,6.534538745880127
1755181097.1482544,2025-08-14 16:18:17.148254,56.41417430496216,6.535335063934326
1755181097.149018,2025-08-14 16:18:17.149018,56.414247261047365,6.5360987186431885
1755181097.1498864,2025-08-14 16:18:17.149886,56.41432045555115,6.536967039108276
1755181097.1506956,2025-08-14 16:18:17.150696,56.41439388847351,6.537776231765747
1755181097.1514118,2025-08-14 16:18:17.151412,56.414467082977296,6.538492441177368
1755181097.152102,2025-08-14 16:18:17.152102,56.4145400390625,6.539182662963867
1755181097.1528137,2025-08-14 16:18:17.152814,56.414613233566286,6.539894342422485
1755181097.1535308,2025-08-14 16:18:17.153531,56.4146895275116,6.540611505508423
1755181097.1541913,2025-08-14 16:18:17.154191,56.414762245178224,6.541271924972534
1755181097.1549034,2025-08-14 16:18:17.154903,56.41483543968201,6.5419840812683105
1755181097.1555278,2025-08-14 16:18:17.155528,56.600926211076214,6.5426084995269775
1755181097.1606352,2025-08-14 16:18:17.160635,56.60114662742615,6.547715902328491
1755181097.1621995,2025-08-14 16:18:17.162199,56.6012338886261,6.549280166625977
1755181097.1637955,2025-08-14 16:18:17.163795,56.60131113624573,6.550876140594482
1755181097.1652591,2025-08-14 16:18:17.165259,56.60138743019104,6.552339792251587
1755181097.1667886,2025-08-14 16:18:17.166789,56.60146992301941,6.553869247436523
1755181097.1682596,2025-08-14 16:18:17.168260,56.60155718421936,6.55534029006958
1755181097.1696515,2025-08-14 16:18:17.169652,56.601635623931884,6.556732177734375
1755181097.1711318,2025-08-14 16:18:17.171132,56.60171096420288,6.558212518692017
1755181097.172524,2025-08-14 16:18:17.172524,56.6017848739624,6.559604644775391
1755181097.1738906,2025-08-14 16:18:17.173891,56.60186045265198,6.560971260070801
1755181097.1752694,2025-08-14 16:18:17.175269,56.601935316085815,6.562350034713745
1755181097.1766338,2025-08-14 16:18:17.176634,56.60200994110107,6.563714504241943
1755181097.1779983,2025-08-14 16:18:17.177998,56.60208313560486,6.565078973770142
1755181097.1793451,2025-08-14 16:18:17.179345,56.60215609169006,6.566425800323486
1755181097.1806943,2025-08-14 16:18:17.180694,56.602916885375976,6.567775011062622
1755181097.1819863,2025-08-14 16:18:17.181986,56.60302441215515,6.569067001342773
1755181097.1833062,2025-08-14 16:18:17.183306,56.603102851867675,6.57038688659668
1755181097.1845896,2025-08-14 16:18:17.184590,56.60317890739441,6.571670293807983
1755181097.185768,2025-08-14 16:18:17.185768,56.60325329399109,6.572848558425903
1755181097.1870248,2025-08-14 16:18:17.187025,56.603328395843505,6.574105501174927
1755181097.1882467,2025-08-14 16:18:17.188247,56.603402782440185,6.575327396392822
1755181097.1894171,2025-08-14 16:18:17.189417,56.60347645378113,6.576497793197632
1755181097.1905346,2025-08-14 16:18:17.190535,56.603551078796386,6.577615261077881
1755181097.1916747,2025-08-14 16:18:17.191675,56.60362403488159,6.5787553787231445
1755181097.1928318,2025-08-14 16:18:17.192832,56.60369794464111,6.579912424087524
1755181097.1939025,2025-08-14 16:18:17.193902,56.60377090072632,6.5809831619262695
1755181097.1950629,2025-08-14 16:18:17.195063,56.60385744667053,6.582143545150757
1755181097.1961713,2025-08-14 16:18:17.196171,56.60393278694153,6.583251953125
1755181097.1972647,2025-08-14 16:18:17.197265,56.60400669670105,6.58434534072876
1755181097.1982856,2025-08-14 16:18:17.198286,56.60408084487915,6.585366249084473
1755181097.1992972,2025-08-14 16:18:17.199297,56.60415427780151,6.586377859115601
1755181097.2002678,2025-08-14 16:18:17.200268,56.60422675704956,6.587348461151123
1755181097.201216,2025-08-14 16:18:17.201216,56.604299713134765,6.58829665184021
1755181097.2021565,2025-08-14 16:18:17.202157,56.60437314605713,6.589237213134766
1755181097.2030995,2025-08-14 16:18:17.203099,56.604445863723754,6.590180158615112
1755181097.2040668,2025-08-14 16:18:17.204067,56.60452382659912,6.591147422790527
1755181097.2049794,2025-08-14 16:18:17.204979,56.604596782684325,6.592060089111328
1755181097.205815,2025-08-14 16:18:17.205815,56.60466950035095,6.592895746231079
1755181097.2066724,2025-08-14 16:18:17.206672,56.604741979599,6.593753099441528
1755181097.207541,2025-08-14 16:18:17.207541,56.604814697265624,6.594621658325195
1755181097.2084022,2025-08-14 16:18:17.208402,56.604896474838256,6.59548282623291
1755181097.2091537,2025-08-14 16:18:17.209154,56.60496966934204,6.596234321594238
1755181097.2098966,2025-08-14 16:18:17.209897,56.6050431022644,6.596977233886719
1755181097.2106328,2025-08-14 16:18:17.210633,56.60511605834961,6.597713470458984
1755181097.2114155,2025-08-14 16:18:17.211416,56.6051880607605,6.598496198654175
1755181097.212168,2025-08-14 16:18:17.212168,56.60526077842712,6.599248647689819
1755181097.2128246,2025-08-14 16:18:17.212825,56.60533826446533,6.599905252456665
1755181097.2135203,2025-08-14 16:18:17.213520,56.605467248916625,6.600600957870483
1755181097.2141817,2025-08-14 16:18:17.214182,56.60554497337341,6.601262331008911
1755181097.2147963,2025-08-14 16:18:17.214796,57.3967680447279,6.601876974105835
1755181097.2190688,2025-08-14 16:18:17.219069,57.3971437664032,6.606149435043335
1755181097.2205637,2025-08-14 16:18:17.220564,57.39723078918457,6.607644319534302
1755181097.222007,2025-08-14 16:18:17.222007,57.39730970573425,6.609087705612183
1755181097.223444,2025-08-14 16:18:17.223444,57.3973867149353,6.610524654388428
1755181097.224839,2025-08-14 16:18:17.224839,57.39746324729919,6.611919641494751
1755181097.2261994,2025-08-14 16:18:17.226199,57.39753906440735,6.6132800579071045
1755181097.2275522,2025-08-14 16:18:17.227552,57.39763419342041,6.614632844924927
1755181097.2288723,2025-08-14 16:18:17.228872,57.397725507736205,6.615952968597412
1755181097.230174,2025-08-14 16:18:17.230174,57.39780156326294,6.617254734039307
1755181097.2314708,2025-08-14 16:18:17.231471,57.397876665115355,6.61855149269104
1755181097.2327383,2025-08-14 16:18:17.232738,57.397950813293455,6.619818925857544
1755181097.233981,2025-08-14 16:18:17.233981,57.39802567672729,6.621061563491821
1755181097.235224,2025-08-14 16:18:17.235224,57.39809887123108,6.622304677963257
1755181097.2364414,2025-08-14 16:18:17.236441,57.39817254257202,6.623522043228149
1755181097.2376354,2025-08-14 16:18:17.237635,57.39826504898071,6.62471604347229
1755181097.2388153,2025-08-14 16:18:17.238815,57.39834181976318,6.625895977020264
1755181097.2399662,2025-08-14 16:18:17.239966,57.39841716003418,6.627046823501587
1755181097.2411008,2025-08-14 16:18:17.241101,57.3984910697937,6.628181457519531
1755181097.242214,2025-08-14 16:18:17.242214,57.39856569480896,6.6292946338653564
1755181097.243318,2025-08-14 16:18:17.243318,57.39863888931274,6.630398750305176
1755181097.2443995,2025-08-14 16:18:17.244400,57.39871160697937,6.6314802169799805
1755181097.2454946,2025-08-14 16:18:17.245495,57.39878503990173,6.632575273513794
1755181097.2465765,2025-08-14 16:18:17.246577,57.398858472824095,6.633657217025757
1755181097.2476377,2025-08-14 16:18:17.247638,57.3989314289093,6.634718418121338
1755181097.2486873,2025-08-14 16:18:17.248687,57.399004146575926,6.635767936706543
1755181097.2497017,2025-08-14 16:18:17.249702,57.39907710266113,6.63678240776062
1755181097.25068,2025-08-14 16:18:17.250680,57.39914982032776,6.637760639190674
1755181097.2516565,2025-08-14 16:18:17.251657,57.39922301483154,6.638737201690674
1755181097.2525964,2025-08-14 16:18:17.252596,57.399296686172484,6.639677047729492
1755181097.2535174,2025-08-14 16:18:17.253517,57.39936988067627,6.6405980587005615
1755181097.254416,2025-08-14 16:18:17.254416,57.399442598342894,6.641496658325195
1755181097.2553108,2025-08-14 16:18:17.255311,57.399516508102415,6.6423914432525635
1755181097.2561815,2025-08-14 16:18:17.256181,57.39958994102478,6.643262147903442
1755181097.257036,2025-08-14 16:18:17.257036,57.399665281295775,6.644116640090942
1755181097.2578585,2025-08-14 16:18:17.257859,57.39974014472961,6.644939184188843
1755181097.2586823,2025-08-14 16:18:17.258682,57.399814054489134,6.645762920379639
1755181097.259477,2025-08-14 16:18:17.259477,57.3998874874115,6.646557569503784
1755181097.2602491,2025-08-14 16:18:17.260249,57.399959966659544,6.647329807281494
1755181097.2610016,2025-08-14 16:18:17.261002,57.40003339958191,6.648082256317139
1755181097.2617402,2025-08-14 16:18:17.261740,57.400105878829955,6.648820877075195
1755181097.2624557,2025-08-14 16:18:17.262456,57.40017907333374,6.649536371231079
1755181097.263182,2025-08-14 16:18:17.263182,57.40025274467468,6.6502625942230225
1755181097.2638614,2025-08-14 16:18:17.263861,57.40032522392273,6.650942087173462
1755181097.2645261,2025-08-14 16:18:17.264526,57.40039889526367,6.651606798171997
1755181097.2651682,2025-08-14 16:18:17.265168,57.40047137451172,6.652248859405518
1755181097.265801,2025-08-14 16:18:17.265801,57.40054409217834,6.652881622314453
1755181097.266413,2025-08-14 16:18:17.266413,57.40062944602966,6.653493642807007
1755181097.2670126,2025-08-14 16:18:17.267013,57.40070216369629,6.654093265533447
1755181097.267575,2025-08-14 16:18:17.267575,57.40077511978149,6.654655694961548
1755181097.2681305,2025-08-14 16:18:17.268131,58.61092844033866,6.6552112102508545
1755181097.272414,2025-08-14 16:18:17.272414,58.611141143798825,6.659494638442993
1755181097.2738817,2025-08-14 16:18:17.273882,58.611225782394406,6.660962343215942
1755181097.275331,2025-08-14 16:18:17.275331,58.61130446052551,6.662411689758301
1755181097.276746,2025-08-14 16:18:17.276746,58.61138075447082,6.6638267040252686
1755181097.2781188,2025-08-14 16:18:17.278119,58.6114563331604,6.665199518203735
1755181097.279481,2025-08-14 16:18:17.279481,58.611533580780026,6.666561603546143
1755181097.280814,2025-08-14 16:18:17.280814,58.611610589981076,6.667894601821899
1755181097.2821105,2025-08-14 16:18:17.282110,58.61178964233398,6.669191122055054
1755181097.2833989,2025-08-14 16:18:17.283399,58.61186784362793,6.6704795360565186
1755181097.2846565,2025-08-14 16:18:17.284657,58.61194437599182,6.671737194061279
1755181097.2859035,2025-08-14 16:18:17.285903,58.612019716262814,6.6729841232299805
1755181097.2871532,2025-08-14 16:18:17.287153,58.612093626022336,6.674233913421631
1755181097.2883742,2025-08-14 16:18:17.288374,58.61216777420044,6.67545485496521
1755181097.2895637,2025-08-14 16:18:17.289564,58.61224096870422,6.676644325256348
1755181097.2907407,2025-08-14 16:18:17.290741,58.612314163208005,6.677821397781372
1755181097.2918952,2025-08-14 16:18:17.291895,58.61238783454895,6.678975820541382
1755181097.2930384,2025-08-14 16:18:17.293038,58.612460313796994,6.680119037628174
1755181097.29415,2025-08-14 16:18:17.294150,58.612534461975095,6.681230783462524
1755181097.2952619,2025-08-14 16:18:17.295262,58.612608848571774,6.682342529296875
1755181097.296343,2025-08-14 16:18:17.296343,58.61268204307556,6.683423757553101
1755181097.2974093,2025-08-14 16:18:17.297409,58.61275619125366,6.684489965438843
1755181097.298452,2025-08-14 16:18:17.298452,58.612829147338864,6.685532569885254
1755181097.2994986,2025-08-14 16:18:17.299499,58.6129097328186,6.68657922744751
1755181097.3005042,2025-08-14 16:18:17.300504,58.6129838809967,6.68758487701416
1755181097.301484,2025-08-14 16:18:17.301484,58.61305636024475,6.688564777374268
1755181097.3024497,2025-08-14 16:18:17.302450,58.613129077911374,6.689530372619629
1755181097.3034117,2025-08-14 16:18:17.303412,58.61320203399658,6.690492391586304
1755181097.304394,2025-08-14 16:18:17.304394,58.61328595733642,6.691474676132202
1755181097.3053176,2025-08-14 16:18:17.305318,58.61335915184021,6.692398309707642
1755181097.3066373,2025-08-14 16:18:17.306637,58.61343210792541,6.693717956542969
1755181097.3075633,2025-08-14 16:18:17.307563,58.61350506401062,6.694643974304199
1755181097.308432,2025-08-14 16:18:17.308432,58.61357802009582,6.695512771606445
1755181097.309286,2025-08-14 16:18:17.309286,58.61365049934387,6.696366786956787
1755181097.3101146,2025-08-14 16:18:17.310115,58.61372417068481,6.697195291519165
1755181097.3109417,2025-08-14 16:18:17.310942,58.613797365188596,6.698022365570068
1755181097.3117318,2025-08-14 16:18:17.311732,58.61387055969238,6.698812484741211
1755181097.312503,2025-08-14 16:18:17.312503,58.613943515777585,6.6995837688446045
1755181097.3132565,2025-08-14 16:18:17.313257,58.61401671028137,6.700337171554565
1755181097.3139832,2025-08-14 16:18:17.313983,58.614089427947995,6.701063871383667
1755181097.3147035,2025-08-14 16:18:17.314703,58.614161430358884,6.701784133911133
1755181097.315407,2025-08-14 16:18:17.315407,58.614235101699826,6.7024877071380615
1755181097.3161218,2025-08-14 16:18:17.316122,58.61430781936645,6.703202486038208
1755181097.3168082,2025-08-14 16:18:17.316808,58.6143802986145,6.703888893127441
1755181097.3174462,2025-08-14 16:18:17.317446,58.614452777862546,6.704526901245117
1755181097.3180616,2025-08-14 16:18:17.318062,58.614524780273435,6.705142259597778
1755181097.3186803,2025-08-14 16:18:17.318680,58.6145970211029,6.705760955810547
1755181097.3192637,2025-08-14 16:18:17.319264,58.61466926193237,6.706344366073608
1755181097.3198178,2025-08-14 16:18:17.319818,58.61474102592468,6.70689845085144
1755181097.3203487,2025-08-14 16:18:17.320349,58.61481350517273,6.7074294090271
1755181097.3208823,2025-08-14 16:18:17.320882,59.73327772713677,6.707962989807129
1755181097.3212807,2025-08-14 16:18:17.321281,59.73427772713677,6.708361387252808
1755181097.3253367,2025-08-14 16:18:17.325337,59.73413589859009,6.712417364120483
1755181097.3267975,2025-08-14 16:18:17.326797,59.73422268295288,6.713878154754639
1755181097.3282301,2025-08-14 16:18:17.328230,59.73430016899109,6.71531081199646
1755181097.3296306,2025-08-14 16:18:17.329631,59.734376224517824,6.7167112827301025
1755181097.3310258,2025-08-14 16:18:17.331026,59.734452995300295,6.718106508255005
1755181097.332379,2025-08-14 16:18:17.332379,59.73452928924561,6.719459772109985
1755181097.3336928,2025-08-14 16:18:17.333693,59.734606536865236,6.720773458480835
1755181097.3350186,2025-08-14 16:18:17.335019,59.734681400299074,6.722099304199219
1755181097.3363318,2025-08-14 16:18:17.336332,59.73475697898865,6.72341251373291
1755181097.3376353,2025-08-14 16:18:17.337635,59.73483351135254,6.724715948104858
1755181097.338908,2025-08-14 16:18:17.338908,59.73490885162354,6.7259886264801025
1755181097.3401613,2025-08-14 16:18:17.340161,59.734983715057375,6.7272419929504395
1755181097.3413832,2025-08-14 16:18:17.341383,59.735058340072634,6.728463888168335
1755181097.342587,2025-08-14 16:18:17.342587,59.73514154815674,6.729667663574219
1755181097.3437786,2025-08-14 16:18:17.343779,59.73521569633484,6.730859279632568
1755181097.3449385,2025-08-14 16:18:17.344939,59.735288890838625,6.7320191860198975
1755181097.3460884,2025-08-14 16:18:17.346088,59.73537209892273,6.733169078826904
1755181097.3472395,2025-08-14 16:18:17.347239,59.73544720077515,6.734320163726807
1755181097.3483543,2025-08-14 16:18:17.348354,59.73552158737183,6.7354350090026855
1755181097.349459,2025-08-14 16:18:17.349459,59.73559597396851,6.736539602279663
1755181097.350527,2025-08-14 16:18:17.350527,59.73566988372803,6.737607717514038
1755181097.351584,2025-08-14 16:18:17.351584,59.735742601394655,6.738664627075195
1755181097.3526173,2025-08-14 16:18:17.352617,59.73581603431702,6.7396979331970215
1755181097.3536246,2025-08-14 16:18:17.353625,59.735888513565065,6.740705251693726
1755181097.3546302,2025-08-14 16:18:17.354630,59.73596123123169,6.741710901260376
1755181097.3556063,2025-08-14 16:18:17.355606,59.736034187316896,6.742686986923218
1755181097.3565624,2025-08-14 16:18:17.356562,59.736106189727785,6.743643045425415
1755181097.3574991,2025-08-14 16:18:17.357499,59.73617843055725,6.744579792022705
1755181097.3584175,2025-08-14 16:18:17.358418,59.73625067138672,6.745498180389404
1755181097.3593373,2025-08-14 16:18:17.359337,59.73632315063477,6.746417999267578
1755181097.3602178,2025-08-14 16:18:17.360218,59.73639610671997,6.7472984790802
1755181097.3610885,2025-08-14 16:18:17.361089,59.7364676322937,6.748169183731079
1755181097.3619301,2025-08-14 16:18:17.361930,59.73654034996033,6.749010801315308
1755181097.362756,2025-08-14 16:18:17.362756,59.736613306045534,6.749836683273315
1755181097.3635638,2025-08-14 16:18:17.363564,59.73668602371216,6.7506444454193115
1755181097.3643548,2025-08-14 16:18:17.364355,59.73676303291321,6.7514355182647705
1755181097.3651206,2025-08-14 16:18:17.365121,59.736836227416994,6.752201318740845
1755181097.3658662,2025-08-14 16:18:17.365866,59.7369091835022,6.752946853637695
1755181097.3666193,2025-08-14 16:18:17.366619,59.736982139587404,6.753700017929077
1755181097.367332,2025-08-14 16:18:17.367332,59.73705509567261,6.754412651062012
1755181097.3680236,2025-08-14 16:18:17.368024,59.73712900543213,6.755104303359985
1755181097.3686926,2025-08-14 16:18:17.368693,59.737201961517336,6.755773305892944
1755181097.369341,2025-08-14 16:18:17.369341,59.7372753944397,6.7564215660095215
1755181097.369973,2025-08-14 16:18:17.369973,59.737348112106325,6.75705361366272
1755181097.3705835,2025-08-14 16:18:17.370584,59.73742130661011,6.757664203643799
1755181097.371201,2025-08-14 16:18:17.371201,59.737494024276735,6.758281707763672
1755181097.3717782,2025-08-14 16:18:17.371778,59.73756769561768,6.758858919143677
1755181097.3723354,2025-08-14 16:18:17.372335,59.737642559051515,6.759416103363037
1755181097.372871,2025-08-14 16:18:17.372871,59.73771527671814,6.759951591491699
1755181097.3734002,2025-08-14 16:18:17.373400,60.0,6.760480880737305
